day,symbol,range_high,range_low,open_p,range_size_pct,range_total_volume,range_avg_bar_range_pct,range_close_position,prev_close,gap_pct,prev_day_range_pct,prev_day_close_position,price_vs_20d_high_pct,return_volatility_20d,adv20,trig_m,ssr,limit,filled,nofill,entry,exit,reason,entry_m,exit_m,R,cellC_new
2025-01-02,MSTZ,26.6287,25.69,26.1,3.596551724137921,378467.0,2.030896294076553,0.7989773090444255,28.09,-7.084371662513345,19.97436810252758,0.8537107007913313,-9.722318303194644,423.0016421362784,330749258.95,581,0,25.61293,1,,25.55,26.6287,stop,582.0,662.0,1.0786999999999978,1
2025-01-02,PDYN,11.95,10.8124,11.4,9.978947368421045,394085.0,3.509897926970156,0.0110759493670877,12.27,-7.090464547677255,17.440912795436027,0.6962616822429906,-23.745819397993305,21.066866750555256,12302619.5,575,1,10.7799628,0,gap_through,,,,,,,0
2025-01-02,SMST,7.8897,7.61,7.73,3.6183699870633896,856629.0,1.956781130825477,0.7865570253843394,8.34,-7.314148681055149,19.96402877697841,0.8588588588588592,-9.8542274052478,12.992837111857172,25410175.35,581,0,7.58717,1,,7.565,7.8897,stop,582.0,653.0,0.3247,1
2025-01-02,TSLL,26.0,24.6,25.67,5.453837164004669,5123520.0,1.77466750366956,0.0,27.53,-6.756265891754447,13.512531783508894,0.0806451612903228,-38.14457831325301,8.406399943903933,66388223.6,575,1,24.526200000000003,0,gap_through,,,,,,,0
2025-01-03,HOLO,5.41,4.92,5.41,9.057301293900188,1371334.0,3.769223673755103,0.2244897959183679,5.8,-6.724137931034477,18.620689655172416,0.2592592592592594,-41.51351351351351,40.419284611367225,29255394.65,601,1,4.90524,0,gap_through,,,,,,,0
2025-01-03,PDYN,11.58,10.83,11.0,6.8181818181818175,224937.0,2.25570282441892,1.0,11.76,-6.462585034013604,22.959183673469383,0.6888888888888889,-26.421404682274247,20.876969665877272,12519672.25,618,0,10.79751,1,,10.9294,10.05,eod,619.0,900.0,0.6506000000000007,0
2025-01-03,QBTS,9.58,9.04,9.11,5.92755214050495,2299168.0,2.4661209683359475,0.851851851851852,9.61,-5.202913631633716,19.562955254942768,0.9627659574468084,-20.157756354075374,18.47548402974733,95024454.45,619,0,9.01288,1,,8.97,9.58,stop,620.0,656.0,0.6099999999999994,1
2025-01-03,RGTI,19.74,18.16,18.95,8.337730870712393,9598581.0,3.900454038591476,0.6962025316455712,20.0,-5.250000000000004,23.5,1.0,-5.250000000000004,19.632206445379207,185848192.1,619,0,18.10552,1,,18.02,18.7967,eod,620.0,900.0,1.7199999999999989,1
2025-01-06,MNSO,26.45,25.95,26.01,1.9223375624759709,163226.0,1.0500029815005885,0.0799999999999983,27.56,-5.624092888243822,3.737300435413647,0.854368932038833,-6.134969325153372,3.611372142766964,1073098.6,575,0,25.87215,1,,25.885,24.39,eod,576.0,900.0,0.5649999999999977,0
2025-01-06,MSTZ,19.12,18.02,18.02,6.104328523862384,677102.0,2.433296001788016,0.7454545454545447,19.21,-6.194690265486732,36.855804268610086,0.0861581920903954,-37.67035156412136,423.3422375184157,298593856.6,593,0,17.96594,0,gap_through,,,,,,,0
2025-01-06,NVD,24.56,24.0,24.31,2.303578774167004,130659.0,0.8636090298039285,0.2321428571428559,25.72,-5.482115085536548,7.892690513219276,0.0837438423645312,0.0,0.0,0.0,580,0,23.928,1,,23.94,23.9,eod,581.0,945.0,0.6199999999999974,0
2025-01-06,SMST,5.66,5.35,5.35,5.794392523364496,1487287.0,2.311337966986832,0.7741935483870962,5.68,-5.809859154929579,37.5,0.084507042253521,-37.60932944606414,13.913308966471169,25037367.2,593,0,5.33395,0,gap_through,,,,,,,0
2025-01-07,CRNC,20.07,18.94,18.96,5.95991561181434,1210851.0,2.4783237130071347,0.8938053097345123,20.18,-6.045589692765108,41.77403369672943,0.1316725978647686,-31.05454545454545,32.57388280493232,13313431.9,603,0,18.883180000000003,1,,18.8699,20.07,stop,604.0,621.0,1.200099999999999,1
2025-01-07,DFNS,27.0102,26.0,26.49,3.8135145337863374,28458.0,2.0338061172953967,0.4999010097010478,28.15,-5.896980461811724,33.00177619893428,0.4886975242195909,-66.17722165474976,181.2004607990272,12863325.3,575,1,25.922,0,gap_through,,,,,,,0
2025-01-07,IDAI,7.49,6.9775,7.49,6.842456608811751,25657.0,1.88984247226679,0.3560975609756098,8.26,-9.32203389830508,23.728813559322045,0.6428571428571425,-16.406250000000007,301.56287457568527,7861751.0,633,1,6.9565675,0,gap_through,,,,,,,0
2025-01-07,MSTU,11.95,11.42,11.7,4.5299145299145245,2224077.0,2.2834976443202417,0.3962264150943417,12.58,-6.995230524642296,22.398251192368843,0.921922135074706,-93.1542917324908,24.89446679753099,34375305.75,576,0,11.38574,1,,11.38,11.95,stop,577.0,583.0,0.5699999999999985,1
2025-01-07,SERV,19.97,19.03,19.51,4.818042029728333,1856843.0,2.71367601304781,0.4093617021276589,22.89,-14.766273481869806,17.649628658802982,0.6386138613861386,-19.87679671457905,12.878497329237074,13435510.8,601,1,18.97291,0,gap_through,,,,,,,0
2025-01-07,STOK,10.555,9.82,9.83,7.477110885045772,121617.0,2.698577873689937,0.5850340136054423,11.02,-10.79854809437386,5.852994555353899,0.0620155038759677,-16.197783461210573,2.6757553073038607,466284.4,579,1,9.79054,1,,9.78,9.25,eod,580.0,945.0,0.7750000000000004,1
2025-01-07,ZJK,10.85,10.21,10.85,5.898617511520726,67758.0,3.738383962841506,0.6562500000000011,12.01,-9.6586178184846,48.5428809325562,0.4819897084048028,-27.81104457751164,14.309236118472665,593325.7142857143,605,1,10.17937,0,gap_through,,,,,,,0
2025-01-08,ALTS,6.6,6.325,6.4,4.296874999999992,15670.0,1.5289399051892762,0.9272727272727288,6.8,-5.882352941176463,19.558823529411768,0.7819548872180451,-9.73201692524682,5.2856269401011735,303384.0,580,0,6.306025,1,,6.4,6.61,stop,581.0,639.0,0.1999999999999993,0
2025-01-08,ARQQ,27.99,24.3,27.99,13.183279742765269,188272.0,4.794408771841694,0.0805962059620595,35.7,-21.596638655462197,12.24089635854341,0.1121281464530897,-46.9785944307634,15.736559352894728,1292786.35,575,1,24.2271,1,,25.15,27.99,stop,576.0,779.0,2.84,0
2025-01-08,ATOM,14.935,13.69,14.86,8.378196500672955,154340.0,3.448868668561742,0.1325301204819283,16.24,-8.497536945812803,10.65578817733991,0.8552441490898571,-15.327635327635331,9.70562188287676,950325.35,575,1,13.64893,1,,13.8953,11.7936,eod,576.0,900.0,1.0396999999999998,0
2025-01-08,CRNC,17.41,16.63,17.275,4.515195369030398,701781.0,2.165538146998533,0.3333333333333348,18.97,-8.935160780179233,16.552451238798106,0.1019108280254777,-37.18181818181819,32.717357856848615,14300804.1,577,1,16.580109999999998,0,gap_through,,,,,,,0
2025-01-08,JSPR,9.005,8.7,8.74,3.4897025171624887,168232.0,1.962139432079243,0.4918032786885233,17.71,-50.64935064935065,24.470355731225297,0.1788310219904474,-61.19005328596803,8.186375764780655,410628.6666666667,575,1,8.6739,0,gap_through,,,,,,,0
2025-01-08,NNE,28.6,27.71,28.05,3.1729055258467045,287460.0,1.856678439564566,0.3180898876404464,30.24,-7.242063492063484,13.359788359788356,0.2178217821782176,-16.01796407185628,7.49983334044987,3900566.35,577,0,27.62687,1,,27.59,26.63,eod,578.0,945.0,1.0100000000000016,1
2025-01-08,OKLO,28.86,27.4,27.74,5.263157894736845,734272.0,2.1850074960430854,0.9417808219178077,29.5,-5.96610169491526,12.305084745762707,0.3360881542699722,-13.068003760576628,7.850412602183679,15590143.35,587,0,27.3178,1,,27.6,26.33,eod,588.0,945.0,1.259999999999998,0
2025-01-08,OUST,13.9,13.37,13.66,3.879941434846275,143177.0,1.9778152364371036,0.8113207547169822,14.61,-6.502395619438736,10.53524982888432,0.2533783783783777,-13.925645872715812,7.382410744780427,2059452.35,580,0,13.32989,1,,13.24,12.59,eod,581.0,945.0,0.6600000000000001,1
2025-01-08,PDYN,7.89,7.48,7.87,5.209656925031757,285590.0,2.361803499014356,0.3048780487804883,8.24,-4.490291262135924,18.677184466019416,0.0838206627680309,-47.357859531772576,21.36777851613125,13074317.7,577,0,7.45756,1,,7.4427,7.219050000000001,lock,578.0,860.0,0.44729999999999936,1
2025-01-08,QBTS,6.67,6.09,6.58,8.814589665653497,8634067.0,5.126473246451665,0.0517241379310349,9.55,-31.09947643979058,16.020942408376957,0.3267973856209151,-42.331288343558285,16.89007280163526,97351514.25,575,1,6.07173,0,gap_through,,,,,,,0
2025-01-08,QUBT,12.73,11.17,11.7,13.33333333333334,4687784.0,5.510527322034327,0.2958974358974362,17.49,-33.104631217838765,9.891366495140083,0.6473988439306342,-56.9060773480663,24.649329083672196,62234910.65,576,1,11.13649,0,gap_through,,,,,,,0
2025-01-08,RCAT,12.9,12.1305,12.26,6.276508972267543,605993.0,3.0171690137602307,0.764782326185834,13.06,-6.12557427258806,16.003062787136304,0.0909090909090914,-19.731302827736567,11.242580449846743,14113036.0,591,0,12.0941085,1,,12.1979,11.9501,eod,592.0,900.0,0.7020999999999997,0
2025-01-08,RGTI,12.92,11.6,12.805,10.308473252635691,19938067.0,6.813856224973894,0.3548484848484854,18.39,-30.369766177270257,13.866231647634589,0.3294117647058822,-40.21942110177405,19.24447115538628,191633758.45,576,1,11.5652,0,gap_through,,,,,,,0
2025-01-08,SEDG,16.6,16.08,16.16,3.2178217821782376,455756.0,2.4001549486010814,0.7503846153846111,17.59,-8.129619101762362,12.45025582717454,0.4977168949771686,-14.947368421052632,6.509519876153649,5171560.15,607,0,16.03176,1,,16.015,15.04,eod,608.0,945.0,0.5850000000000009,1
2025-01-08,SKYT,13.595,13.01,13.4,4.365671641791051,109061.0,2.1203033348883378,0.1025641025641032,15.16,-11.609498680738785,10.93271767810026,0.2337395921322551,-29.47368421052631,10.805556976251312,1632185.85,576,1,12.97097,0,gap_through,,,,,,,0
2025-01-08,SMR,21.23,20.49,20.53,3.604481246955684,404416.0,1.6555169588029364,0.7972972972972949,21.72,-5.478821362799253,14.68600368324126,0.2852216439902189,-23.252336448598125,7.332999239297604,9124605.6,586,0,20.42853,1,,20.375,19.24,eod,587.0,900.0,0.8550000000000004,1
2025-01-08,SOUN,17.07,16.38,16.57,4.164152082076049,5631490.0,2.245263317162717,0.8833333333333325,17.975,-7.816411682892912,16.467315716272605,0.1604729729729734,-33.66693354683747,10.156509773403643,98274475.5,578,0,16.330859999999998,1,,16.37,15.0527,eod,579.0,900.0,0.6999999999999993,0
2025-01-08,SPCB,8.3,7.98,8.01,3.995006242197257,43115.0,1.7077755265826302,0.1496875000000007,8.99,-10.901001112347055,21.79866518353728,0.4439455018625301,-25.833333333333343,18.66293972955201,2817151.5,600,1,7.956060000000001,0,gap_through,,,,,,,0
2025-01-08,WKEY,7.8985,7.36,7.85,6.859872611464968,128052.0,1.993437958732308,0.074280408542247,8.73,-10.080183276059572,22.79381443298969,0.3115231921202075,-43.92857142857143,36.549544953662135,9163918.35,577,1,7.33792,0,gap_through,,,,,,,0
2025-01-10,ACHR,10.05,9.62,9.77,4.40122824974413,2271601.0,2.147395602320884,0.1162790697674431,10.48,-6.774809160305352,10.591603053435108,0.3783783783783785,-21.683366733466936,8.290401821079803,48168053.65,575,0,9.59114,1,,9.64,9.155,eod,576.0,900.0,0.4100000000000001,0
2025-01-10,APLS,30.375,29.1,30.0,4.249999999999996,205925.0,1.3368497053249389,0.0470588235294108,33.0,-9.090909090909092,4.606060606060594,0.0263157894736837,-15.659263424233904,2.714784551936417,2226677.1428571427,576,1,29.0127,0,gap_through,,,,,,,0
2025-01-10,DYN,20.0,18.32,20.0,8.399999999999999,165862.0,4.076013348891975,0.3154761904761912,23.05,-13.232104121475055,5.726681127982648,0.4848484848484852,-23.722349351639966,3.924721118259967,1184833.4285714286,576,1,18.26504,0,gap_through,,,,,,,0
2025-01-10,GRRR,15.6,14.24,15.27,8.906352324819904,429995.0,4.046258833782153,0.1691176470588239,16.73,-8.726838015540949,18.9181111775254,0.2274881516587674,-40.99668082179607,13.237707268672006,4225591.25,578,1,14.19728,0,gap_through,,,,,,,0
2025-01-10,NTLA,11.43,10.8004,11.31,5.566755083996462,614165.0,1.7058817040857577,0.0390724269377374,12.02,-5.906821963394336,3.494176372712146,0.4523809523809513,-15.21739130434782,3.4969555225959743,2613546.714285714,576,1,10.7679988,1,,10.74,10.33,eod,577.0,900.0,0.6899999999999995,1
2025-01-10,XXII,5.7723,5.35,5.69,7.421792618629188,24833.0,2.090506566745724,0.0473596968979408,8.1,-29.75308641975308,53.333333333333336,0.5949074074074073,-42.23350253807106,2328.864977638965,4361001.9,576,1,5.33395,1,,5.3599,4.91,eod,577.0,900.0,0.4124000000000007,0
2025-01-13,ARQQ,20.0099,18.8,20.0,6.049499999999988,74984.0,3.3566736186699737,0.7645259938837942,21.92,-8.759124087591248,19.34306569343065,0.0754716981132076,-62.11403674938435,17.289661310768945,1310516.7,603,1,18.7436,1,,18.73,16.77,eod,604.0,900.0,1.2798999999999978,1
2025-01-13,BTDR,17.59,17.08,17.33,2.9428736295441524,426367.0,1.8101106778387317,0.6568627450980389,18.5,-6.324324324324333,10.270270270270265,0.8473684210526319,-35.79103371619119,8.65417404435435,9807529.15,578,0,17.02876,1,,17.0501,17.59,stop,579.0,591.0,0.5398999999999994,0
2025-01-13,ETHT,17.5499,16.26,17.52,7.362442922374426,95517.0,1.8816162130778376,0.1240406233041322,20.22,-13.353115727002963,7.86003956478733,0.4907821053293894,-48.68189806678384,7.710389824754739,1081625.85,575,1,16.21122,1,,16.19,17.5499,stop,576.0,592.0,1.3598999999999997,1
2025-01-13,ETHU,6.25,5.7888,6.23,7.402889245585871,1679904.0,1.8892377931768336,0.1166522116218557,7.23,-13.831258644536652,7.976486860304284,0.514478931853651,-49.39073923639318,7.677893171148847,21126070.2,575,1,5.7714336,0,gap_through,,,,,,,0
2025-01-13,IONQ,31.9499,29.03,29.43,9.921508664627924,2853739.0,3.3923509778900995,0.9366759135586838,32.33,-8.969996906897615,16.918960717599752,0.6983674290206398,-46.236755571793935,15.713432769792348,41580974.375,612,0,28.94291,1,,29.1152,27.74,eod,613.0,945.0,2.834699999999998,0
2025-01-13,OKLO,23.81,23.06,23.66,3.169907016060862,698610.0,1.8487634026416533,0.4400000000000024,25.24,-6.259904912836761,10.301109350237724,0.3230769230769229,-25.85396427452209,8.171058881991257,15837720.05,575,0,22.99082,1,,22.914,22.6,eod,576.0,945.0,0.8959999999999972,1
2025-01-13,QMCO,25.01,23.0,25.0,8.040000000000006,135141.0,5.295306184291222,0.7711442786069649,27.47,-8.991627229705129,22.70804514015289,0.0545055226919315,-72.41835834068844,39.77281869064981,4198540.3,587,1,22.931,1,,22.96,20.45,eod,588.0,900.0,2.0500000000000007,0
2025-01-13,QUBT,8.55,7.8638,8.01,8.56679151061174,1940043.0,3.389981432917712,0.7538618478577666,8.98,-10.801781737193773,18.37416481069041,0.109090909090909,-70.49723756906077,26.88542908570512,65192490.75,590,1,7.8402086,1,,7.853,6.6006,eod,591.0,900.0,0.697000000000001,0
2025-01-13,RDW,14.88,14.34,14.58,3.70370370370371,115468.0,1.8704708023269072,0.6944444444444433,15.51,-5.99613152804642,8.44551901998711,0.3130009924421711,-21.35922330097087,6.071836996661019,1122850.7,611,0,14.29698,1,,14.2251,13.87,eod,612.0,945.0,0.6549000000000014,1
2025-01-13,RGTI,8.1,7.07,7.33,14.051841746248286,11893119.0,4.381935859872335,0.9862135922330107,8.93,-17.917133258678607,25.86786114221725,0.2164502164502164,-65.7796451914099,21.12586187078129,196796305.55,609,1,7.04879,1,,7.0112,6.235,eod,610.0,900.0,1.0888,1
2025-01-13,SERV,17.58,16.77,17.52,4.62328767123287,847023.0,2.3656023150965755,0.2407407407407414,18.735,-6.485188150520416,13.877768881772091,0.994230769230769,-28.049281314168383,13.736134182526074,13108262.05,575,1,16.71969,1,,16.7,15.26,eod,576.0,900.0,0.879999999999999,1
2025-01-13,SPCB,9.28,8.78,8.79,5.688282138794085,48308.0,1.8990571859036436,0.6799999999999997,9.74,-9.753593429158125,20.123203285420956,0.8418367346938773,-18.611111111111125,18.69934508220633,2872928.05,609,1,8.75366,0,gap_through,,,,,,,0
2025-01-13,UMAC,12.36,11.51,11.9,7.14285714285714,177378.0,2.846023900514787,0.9058823529411764,13.0,-8.46153846153846,10.256923076923073,0.269986500674966,-45.03464203233256,13.167334254296293,4237393.55,624,1,11.47547,1,,11.4601,10.93,eod,625.0,945.0,0.8998999999999988,1
2025-01-13,WKEY,9.4,8.81,9.37,6.296691568836713,184190.0,3.552060879216508,0.5400000000000001,10.08,-7.0436507936508015,35.416666666666664,0.8319327731092437,-33.07142857142858,38.59039542108948,9568265.65,602,1,8.783570000000001,1,,8.73,8.7153,eod,603.0,899.0,0.6699999999999999,1
2025-01-14,AEHR,13.1,12.23,12.4,7.016129032258058,594316.0,3.2112069830005967,0.1379310344827578,15.99,-22.451532207629768,6.616635397123212,0.8960302457466909,-33.90191897654585,3.8307956921517134,1542183.5555555555,575,1,12.19331,0,gap_through,,,,,,,0
2025-01-14,BDMD,10.6761,10.2,10.38,4.586705202312145,40070.0,2.2215472914803693,0.714135685780297,11.11,-6.570657065706559,36.65616561656165,0.6580724370779619,-16.976604679064177,204.5413734206321,11169550.0,594,0,10.1694,0,gap_through,,,,,,,0
2025-01-14,MSTZ,17.48,17.05,17.33,2.481246393537217,618343.0,1.4916699809283198,0.0465116279069757,18.94,-8.500527983104556,15.681098204857458,0.0134680134680143,-40.05700291932427,423.2437594405109,122594280.4,575,1,16.99885,1,,16.88,17.48,stop,576.0,597.0,0.6000000000000014,1
2025-01-14,SMST,5.17,5.045,5.15,2.4271844660194173,928362.0,1.4923653845809903,0.039200000000001,5.61,-8.19964349376114,15.775401069518727,0.0169491525423735,-39.94169096209912,14.44324604547173,24740743.8,575,1,5.029865,0,gap_through,,,,,,,0
2025-01-14,TSLQ,24.7749,24.07,24.5,2.877142857142851,300362.0,1.760660870889551,0.5390835579514822,25.9,-5.4054054054054,12.432046332046342,0.0062113730240068,-20.621549467354395,9.124462604845055,12973670.85,577,0,23.99779,1,,23.94,24.7749,stop,578.0,598.0,0.8348999999999975,1
2025-01-15,CTKB,6.93,6.19,6.87,10.771470160116438,76273.0,3.075617755628972,0.148648648648648,7.26,-5.371900826446277,3.0303030303030267,0.8181818181818178,-5.890410958904106,2.16313716770615,715247.7,577,1,6.17143,0,gap_through,,,,,,,0
2025-01-15,MSTZ,16.07,15.55,15.8,3.2911392405063267,530207.0,1.678099672377649,0.3076923076923082,17.19,-8.086096567771964,15.760907504362995,0.4539918060015505,-45.34914288086112,423.26972160682095,63783926.2,598,0,15.50335,1,,15.5085,15.32,eod,599.0,900.0,0.5615000000000006,0
2025-01-15,SHLS,5.13,4.89,5.01,4.790419161676651,796677.0,2.4068720071692247,0.104166666666668,5.68,-11.795774647887324,8.274647887323955,0.0851063829787233,-21.718750000000007,3.980748601176437,6008352.5,577,1,4.87533,0,gap_through,,,,,,,0
2025-01-15,TSLQ,25.3241,24.73,25.0,2.376400000000004,238295.0,1.1805924766161169,0.6227907759636432,26.85,-6.89013035381751,13.305772811918068,0.9440183619772716,-19.001581089137137,8.92340378194612,13036558.3,580,0,24.65581,1,,24.642,22.465,eod,581.0,945.0,0.6821000000000019,1
2025-01-15,XTIA,5.78,5.6,5.61,3.208556149732631,28106.0,1.3368135782293242,0.5611111111111091,6.04,-7.11920529801324,12.251655629139076,0.2567567567567572,-32.41859512594716,4515.017640289648,590742082.9,580,0,5.5832,1,,5.5592,5.78,stop,581.0,712.0,0.22080000000000055,1
2025-01-16,ETHT,21.09,20.72,21.09,1.7543859649122855,20333.0,0.5417466519587706,0.5135135135135156,22.26,-5.256064690026961,10.96271338724169,0.7641273613899939,-38.22495606326889,8.742938323941802,1107389.8,581,0,20.65784,1,,20.5758,21.09,stop,582.0,664.0,0.5141999999999989,1
2025-01-16,ETHU,7.51,7.38,7.4999,1.733356444752595,459077.0,0.6541258468007521,0.5376923076923121,7.93,-5.423707440100876,11.020176544766718,0.7711408627989462,-39.07473598700244,8.702885362203784,21512074.45,581,0,7.35786,1,,7.3203,7.51,stop,582.0,666.0,0.1897000000000002,1
2025-01-16,RGTI,10.58,10.1,10.35,4.637681159420295,11120010.0,2.832992928401221,0.8749999999999991,10.94,-5.393053016453381,16.727605118829985,0.6612021857923492,-51.68067226890757,24.151774845224363,213845763.85,583,0,10.0697,1,,10.135,10.58,stop,584.0,589.0,0.4450000000000003,0
2025-01-17,MSTZ,13.9,13.34,13.62,4.111600587371517,1165922.0,1.5125091144947669,0.1071428571428579,15.01,-9.260493004663562,13.724183877415062,0.1407766990291257,-52.88957759729927,14.336470665629111,17462236.95,575,1,13.29998,1,,13.225,12.6099,eod,576.0,945.0,0.6750000000000007,1
2025-01-17,RGTI,11.0,10.45,10.53,5.223171889838564,7599587.0,2.2019921139520413,0.700000000000002,11.24,-6.316725978647694,15.3914590747331,0.7109826589595376,-50.84033613445379,23.25981516845799,215219050.0,614,0,10.41865,1,,10.4199,9.915,eod,615.0,945.0,0.5800999999999998,0
2025-01-21,BDMD,9.03,7.95,8.17,13.219094247246014,62605.0,5.077600982994849,0.709259259259259,8.85,-7.683615819209037,76.94802259887005,0.5580111308536102,-34.65306938612277,172.99303439588334,9245581.692307692,584,1,7.92615,0,gap_through,,,,,,,0
2025-01-21,IREN,11.4,10.9,11.22,4.45632798573975,2144109.0,2.2382719814271548,0.1402000000000001,11.99,-6.422018348623849,6.6722268557130855,0.2374999999999996,-21.262605351616497,5.1877314828018255,12567800.9,575,0,10.8673,1,,10.9595,10.73925,lock,576.0,668.0,0.4405000000000001,0
2025-01-21,SMX,5.04,4.6301,5.02,8.165338645418336,34237.0,3.226201555120144,0.0973408148328866,5.36,-6.343283582089566,13.272388059701496,0.3955580545403436,-21.56250000000001,747.7785102784284,41856233.307692304,581,1,4.6162097,1,,4.6698,4.43,eod,582.0,900.0,0.3701999999999996,0
2025-01-22,RDW,22.03,21.11,21.2,4.339622641509442,280150.0,2.348232927721492,0.989130434782607,22.33,-5.060456784594711,29.422301836094945,0.9741248097412478,-5.777777777777781,12.569805971168316,1686375.35,579,0,21.04667,1,,20.95,21.5,eod,580.0,945.0,1.0800000000000018,1
2025-01-22,WKEY,9.47,9.1616,9.42,3.273885350318478,61335.0,1.5386929563893947,0.5784695201037597,9.97,-5.516549648946848,31.69508525576729,0.8006329113924053,-30.066815144766156,20.68468739729155,2631253.9,601,0,9.1341152,1,,9.12,8.801,eod,602.0,900.0,0.3500000000000014,1
2025-01-23,ALOY,5.5199,4.58,5.23,17.97131931166347,639135.0,5.456343084135087,0.1436323013086496,5.52,-5.253623188405783,60.14311594202899,0.855447453236543,-12.831880531342184,59.49435040365256,16102079.133333333,579,1,4.56626,1,,4.555,3.97,eod,580.0,945.0,0.9649000000000001,1
2025-01-23,RGTIW,6.21,5.69,5.69,9.138840070298762,48768.0,2.014117634319218,0.9984615384615386,6.11,-6.873977086743042,18.003273322422253,0.554545454545455,-41.87946884576097,32.37803954835901,1897365.3,603,0,5.67293,1,,5.7,5.56,eod,604.0,944.0,0.5099999999999998,0
2025-01-24,DGNX,10.26,8.99,10.0,12.699999999999994,40756.0,7.339121166749739,0.1653543307086607,12.75,-21.568627450980397,100.70588235294116,0.205607476635514,0.0,0.0,0.0,586,1,8.96303,0,gap_through,,,,,,,0
2025-01-24,LTBR,9.54,9.02,9.16,5.676855895196502,523977.0,2.884702917158698,0.6309615384615408,10.16,-9.842519685039369,38.877952755905504,0.9265822784810128,-12.344497607655496,14.12932353948804,1948742.8125,576,1,8.992939999999999,0,gap_through,,,,,,,0
2025-01-27,AAOI,29.72,28.0188,28.66,5.935799023028611,303475.0,2.5537953767010864,0.2534681401363746,30.69,-6.6145324209840375,7.624633431085032,0.0213675213675217,-28.08030112923463,5.918320399195846,2795921.705882353,576,0,27.9347436,1,,27.86,24.5,eod,577.0,945.0,1.8599999999999994,1
2025-01-27,AMDL,7.17,6.955,7.14,3.0112044817927157,1011780.0,1.52842232248176,0.580930232558141,7.8,-8.461538461538463,4.829487179487186,0.2389169100079632,-21.264184025671856,4.660057617579247,10915534.65,577,1,6.934135,1,,6.9101,7.17,stop,578.0,594.0,0.2599,1
2025-01-27,APLD,8.28,7.91,8.25,4.484848484848476,1974102.0,1.6497595589719871,0.2702702702702699,8.96,-7.924107142857152,6.919642857142848,0.1290322580645164,-19.11764705882352,6.623631163279188,21871722.76470588,576,1,7.886270000000001,1,,7.85,6.4145,eod,577.0,945.0,0.4299999999999997,1
2025-01-27,BE,24.82,22.67,24.63,8.729192042224923,1322198.0,3.2376377539087584,0.1767441860465113,29.81,-17.376719221737673,7.06138879570614,0.9928741092636576,-17.418273260687343,4.032342867876229,5943369.647058823,615,1,22.60199,1,,22.455,22.45,eod,616.0,945.0,2.365000000000002,1
2025-01-27,BTDR,19.25,18.13,19.16,5.845511482254703,697934.0,2.736204443593944,0.2187500000000007,20.66,-7.260406582768635,10.0677637947725,0.5096153846153845,-29.01074472026676,7.439090572640765,7931926.95,604,1,18.07561,1,,18.04,15.655,eod,605.0,945.0,1.2100000000000009,1
2025-01-27,CIFR,5.4387,5.1649,5.43,5.042357274401466,644243.0,1.7002072683701706,0.1910153396639878,5.9,-7.966101694915265,13.640677966101697,0.366302186878728,-15.288611544461784,5.591821537219174,8606629.8,576,1,5.149405300000001,0,gap_through,,,,,,,0
2025-01-27,CLSK,10.89,10.52,10.86,3.406998158379383,1419138.0,1.722127648665802,0.2297297297297314,11.53,-5.810928013876842,7.19861231569818,0.1566265060240951,-12.419354838709683,5.363437209164737,23203208.1,577,0,10.48844,1,,10.54,10.89,stop,578.0,588.0,0.3500000000000014,0
2025-01-27,CORZ,13.25,12.4,13.25,6.415094339622638,1984423.0,2.2513061758687507,0.3705882352941172,15.98,-17.083854818523157,3.879849812265326,0.0645161290322596,-20.3630244019714,3.148562237779116,8289007.411764706,582,1,12.3628,1,,12.3,11.18,eod,583.0,945.0,0.9499999999999993,1
2025-01-27,HIMX,10.5499,9.63,10.4,8.845192307692292,1616375.0,4.572989431355364,0.2826394173279707,12.85,-19.06614785992217,16.342412451361866,0.4952380952380949,-25.233644859813083,6.514146514110209,3774331.2,576,1,9.60111,1,,9.535,9.275,eod,577.0,945.0,1.014899999999999,1
2025-01-27,HUT,24.0,22.7701,23.81,5.165476690466194,603600.0,1.6826471728819643,0.1550532563623055,26.04,-8.563748079877113,8.44854070660522,0.1909090909090901,-18.681693989071047,5.419159475139094,5300861.95,576,1,22.7017897,1,,22.66,19.5201,eod,577.0,945.0,1.3399999999999999,1
2025-01-27,IREN,11.67,10.97,11.65,6.008583690987118,2634239.0,2.7623371105573047,0.1357142857142842,13.32,-12.537537537537538,12.274774774774771,0.8134556574923549,-14.495412844036696,5.910078077745863,14131067.5,576,1,10.93709,0,gap_through,,,,,,,0
2025-01-27,LUMN,5.55,5.21,5.5,6.181818181818179,1413232.0,1.9719567183374669,0.1470588235294113,5.92,-7.094594594594593,5.067567567567564,0.4000000000000006,-10.130718954248367,2.879836389822497,8872678.88235294,595,1,5.19437,0,gap_through,,,,,,,0
2025-01-27,MARA,18.9,18.59,18.835,1.645872046721522,2146574.0,1.1064110720272773,0.1290322580645139,19.99,-5.777888944472225,6.728364182091058,0.1189591078066913,-11.050767414403778,5.159023313022944,38686377.1,576,0,18.53423,1,,18.44,18.9,stop,577.0,588.0,0.4599999999999973,1
2025-01-27,MIR,16.8,16.6,16.8,1.1904761904761862,180037.0,0.6533738517503704,0.2499999999999866,18.11,-7.233572611816669,1.6289342904472566,0.5762711864406753,-8.943089430894302,2.401679433320605,1750463.0,575,0,16.5502,1,,16.45,14.745,eod,576.0,945.0,0.3500000000000014,1
2025-01-27,MXL,21.97,21.0,21.7,4.470046082949303,130546.0,1.8657319103517944,0.6391752577319605,23.17,-6.34441087613294,4.397928355632291,0.0186457311089321,-15.66265060240964,3.6075969753091366,1536148.294117647,577,0,20.937,1,,21.0,18.88,eod,578.0,945.0,0.9699999999999988,0
2025-01-27,NTRB,8.06,7.11,8.0,11.875000000000002,34743.0,6.172935294877143,0.4789473684210526,8.53,-6.213364595545127,26.37749120750293,0.1244444444444441,-32.08828522920204,15.294977924095814,506238.6470588236,577,1,7.0886700000000005,1,,7.21,8.06,stop,578.0,598.0,0.8500000000000005,0
2025-01-27,NVDX,12.32,11.3059,11.55,8.780086580086587,2862178.0,2.995344528871536,0.8225027117641263,15.4,-25.0,10.226623376623362,0.0920693377357291,-36.25827814569536,5.894980868356642,10437243.45,618,1,11.2719823,1,,11.24,10.145,eod,619.0,945.0,1.08,1
2025-01-27,NXE,6.79,6.52,6.79,3.976435935198829,803434.0,1.876898128130156,0.3703703703703717,7.24,-6.21546961325967,6.629834254143639,0.1041666666666664,-11.989630589760203,3.638291611922289,8089485.764705882,577,0,6.500439999999999,1,,6.56,6.0912,eod,578.0,945.0,0.2300000000000004,0
2025-01-27,RIOT,12.63,12.21,12.59,3.3359809372517866,3168163.0,1.5797705482564646,0.155952380952377,13.54,-7.016248153618903,8.714180206794682,0.4152894313077366,-13.411279229711138,5.618575145702634,32262821.88235294,576,1,12.17337,1,,12.1405,11.285,eod,577.0,945.0,0.4895000000000014,1
2025-01-27,SERV,18.22,17.58,18.0,3.555555555555559,847262.0,1.8611933773990008,0.3439062500000031,19.26,-6.5420560747663625,16.935098650051923,0.3970322224606804,-26.07802874743327,13.651945806550284,12861681.85,576,0,17.52726,1,,17.56,16.41,eod,577.0,945.0,0.6600000000000001,0
2025-01-27,SMR,23.75,22.35,23.24,6.024096385542163,2309456.0,2.578348676552065,0.0785714285714282,27.97,-16.91097604576332,6.363961387200575,0.1123595505617972,-21.64531355360756,8.692236399645962,9920346.3,575,1,22.28295,1,,22.56,20.725,eod,576.0,945.0,1.1900000000000013,0
2025-01-27,SOXL,28.08,27.06,27.66,3.6876355748373086,8858689.0,1.9314182835062357,0.6517647058823528,32.65,-15.283307810107194,8.055130168453278,0.1292775665399227,-23.485477178423235,4.867594521144126,67139157.25,617,1,26.97882,1,,26.975,24.99,eod,618.0,945.0,1.1049999999999969,1
2025-01-27,VISN,5.18,4.9,5.16,5.426356589147274,332217.0,1.8843015812413508,0.1607142857142858,5.53,-6.690777576853528,8.137432188065086,0.2,-13.277310924369749,3.266101528840561,4030353.529411765,578,1,4.8853,1,,4.86,4.83,eod,579.0,945.0,0.3199999999999994,1
2025-01-27,WULF,5.52,5.241,5.49,5.081967213114753,3100412.0,2.7723198120101906,0.4523297491039455,6.315,-13.06413301662708,11.243072050673014,0.0633802816901419,-21.34670487106017,6.808543445317934,35404413.05,613,1,5.225276999999999,1,,5.215,4.355,eod,614.0,945.0,0.3049999999999997,1
2025-01-28,JBLU,6.98,6.65,6.98,4.727793696275072,3636750.0,2.379373813758588,0.5,8.09,-13.720642768850425,3.090234857849208,0.5199999999999977,-16.004813477737663,2.4103981146863585,16810987.111111112,580,1,6.630050000000001,1,,6.645,6.095,eod,581.0,945.0,0.3350000000000008,0
2025-01-28,XIFR,12.65,11.66,11.93,8.298407376362114,1080025.0,4.052581732223695,0.5896969696969697,15.8,-24.493670886075957,11.392405063291145,0.3055555555555558,-38.12240663900416,3.0093620789574254,2093873.3333333333,577,1,11.62502,1,,11.635,11.71,eod,578.0,945.0,1.0150000000000006,0
2025-01-29,JG,10.88,10.22,10.22,6.457925636007829,22789.0,2.924446583108224,0.459999999999999,11.3,-9.557522123893806,42.46902654867256,0.2290060429256095,-51.19388729703916,33.49900267802538,2156158.210526316,576,1,10.18934,0,gap_through,,,,,,,0
2025-01-30,COUR,9.3,9.0,9.03,3.3222591362126326,132752.0,1.9781028576634585,0.2666666666666663,9.58,-5.741127348643014,3.549060542797493,0.4411764705882365,-7.574206755373596,3.117769626391759,1497199.9,576,0,8.973,1,,8.93,8.47,eod,577.0,945.0,0.370000000000001,1
2025-01-30,GDXD,11.42,11.25,11.33,1.5004413062665485,81092.0,0.7405741734480412,0.7058823529411722,12.09,-6.28618693134822,6.534325889164607,0.4050632911392404,-36.98553948832036,4.797359216601147,670007.0,577,0,11.21625,1,,11.1674,10.77,eod,578.0,945.0,0.25259999999999927,1
2025-01-30,KRKR,8.8627,7.96,7.96,11.340452261306536,70628.0,5.368851988222401,0.1550902847014508,9.42,-15.498938428874734,91.1900212314225,0.5844053037799327,-38.72209391839877,27.168644930222698,1201956.95,576,1,7.93612,1,,7.905,6.83,eod,577.0,945.0,0.9577,1
2025-01-30,MXL,20.3,19.35,19.74,4.812563323201617,139398.0,2.1069490466046377,0.23157894736842,21.79,-9.40798531436439,7.824690224873788,0.7565982404692084,-23.280217644772648,5.761004964791989,1821165.4,575,1,19.29195,0,gap_through,,,,,,,0
2025-01-31,ACON,8.44,7.56,7.81,11.267605633802816,67649.0,4.861656402947416,0.3863636363636372,8.4,-7.023809523809533,158.8095238095238,0.0674662668665667,-62.52399232245682,6799.385199616482,113048560.25,577,1,7.537319999999999,0,gap_through,,,,,,,0
2025-01-31,FOXX,5.88,5.5,5.79,6.563039723661484,37407.0,3.009025944141009,0.5313157894736849,6.39,-9.389671361502344,127.54303599374023,0.4343558282208588,-47.36363636363636,28.97823653053612,1713152.15,576,1,5.4835,0,gap_through,,,,,,,0
2025-01-31,NVNI,5.33,5.01,5.33,6.003752345215766,108240.0,2.1867738342898857,0.3125000000000014,5.63,-5.328596802841915,21.31438721136768,0.1083333333333332,-28.45637583892617,45.55153266814794,22773166.0,622,1,4.99497,0,gap_through,,,,,,,0
2025-02-03,BKKT,16.3525,15.73,16.2,3.842592592592585,106608.0,1.6556491604869097,0.1216064257028105,17.56,-7.744874715261957,12.813211845102506,0.0088888888888887,-48.976377952755904,8.609548227769217,486673.2,577,0,15.68281,1,,15.8399,15.5836,lock,578.0,609.0,0.5125999999999991,0
2025-02-03,DNA,12.52,12.2,12.37,2.5869037995149577,45940.0,1.2982457104452991,0.2862500000000043,13.36,-7.410179640718565,12.574850299401197,0.2559523809523808,-15.331964407939768,7.412972262760069,1373551.35,575,0,12.1634,1,,12.13,12.52,stop,576.0,634.0,0.3899999999999988,1
2025-02-03,GRRR,12.57,12.03,12.21,4.42260442260443,128538.0,2.0109286698107707,0.9111111111111112,13.59,-10.154525386313455,7.799852832965419,0.2264150943396227,-52.82052867283104,11.516775740223087,3157120.3,581,1,11.99391,1,,11.975,12.57,stop,582.0,629.0,0.5950000000000006,1
2025-02-03,LUNR,20.6586,19.82,20.29,4.133070478068012,949075.0,1.763799515309313,0.5880038158836138,21.68,-6.411439114391147,10.378228782287822,0.0177777777777774,-18.67735470941884,8.177940807564408,14845517.65,583,0,19.76054,1,,19.85,20.6586,stop,584.0,621.0,0.8085999999999984,0
2025-02-03,NSSC,30.0,27.39,29.3,8.907849829351534,81094.0,2.9214783496474688,0.082375478927203,36.7,-20.163487738419622,5.204359673024514,0.3874345549738237,-22.63005017163981,2.083142111697799,401858.9,575,1,27.30783,1,,27.3901,27.11,eod,576.0,945.0,2.6099,0
2025-02-03,PLTU,30.1,29.33,29.85,2.5795644891122382,50101.0,1.459175925187139,0.9090909090909092,31.89,-6.396989651928502,9.84603323925996,0.3471448135290931,-12.05041853393793,7.490550576300305,689566.5,586,0,29.24201,1,,29.17,30.15,stop,587.0,627.0,0.9299999999999997,1
2025-02-03,QBTS,5.63,5.51,5.63,2.131438721136769,384533.0,1.18397102256215,0.2500000000000018,5.94,-5.218855218855227,12.28956228956228,0.383561643835617,-46.78638941398866,15.033008833806315,101406345.9,577,0,5.493469999999999,1,,5.5482,5.507299999999999,lock,578.0,579.0,0.0818000000000003,0
2025-02-03,QUBT,9.79,9.41,9.75,3.897435897435887,1050782.0,2.044067836502549,0.7368421052631582,10.38,-6.069364161849719,14.45086705202312,0.2866666666666677,-52.11104343896736,18.568966073209147,39042426.9,607,0,9.38177,1,,9.42,9.79,stop,608.0,634.0,0.3699999999999992,0
2025-02-03,RGTI,12.59,12.01,12.44,4.662379421221866,6860544.0,2.320022340707028,0.5344827586206905,13.17,-5.5429005315110125,17.539863325740324,0.3896103896103897,-41.92343604108311,20.733144360078494,189506056.0,606,0,11.97397,1,,11.925,12.59,stop,607.0,634.0,0.6649999999999991,1
2025-02-03,SMCX,28.79,27.2112,28.73,5.495301079011478,95023.0,3.4026272483981685,0.0879148720547251,31.85,-9.79591836734694,17.20565149136579,0.0821167883211683,-52.63765248928453,10.40713874960166,1358619.4,576,1,27.1295664,1,,27.09,28.79,stop,577.0,641.0,1.6999999999999993,1
2025-02-03,SVIX,24.41,23.6,23.9,3.389121338912129,273831.0,1.069267709666304,0.6049382716049373,25.38,-5.831363278171791,6.545311268715513,0.147483746689139,-12.59828122142988,3.64629167000896,2651926.4,611,0,23.529200000000003,1,,23.5231,24.41,stop,612.0,624.0,0.8869000000000007,1
2025-02-03,TSSI,13.29,12.76,13.09,4.0488922841863975,153493.0,2.4225148725067487,0.0,14.41,-9.160305343511451,10.326162387231086,0.2674731182795697,-28.3132530120482,8.246667917988729,1376530.15,575,1,12.72172,1,,12.845,13.29,stop,576.0,577.0,0.4449999999999985,0
2025-02-04,PLTD,16.39,15.6,15.88,4.974811083123432,392583.0,2.7199062405899874,0.0445569620253159,20.48,-22.4609375,6.982421874999998,0.0699300699300709,-41.68196841718693,3.5169210841749408,352278.95,576,1,15.5532,1,,15.49,15.601,eod,577.0,945.0,0.9000000000000004,1
2025-02-05,CPRI,22.61,21.51,22.44,4.901960784313716,487643.0,2.268812284392916,0.280272727272727,24.03,-6.6167290886392,3.4956304619225964,0.6071428571428591,-14.449104079298513,2.936474466379689,2845048.7,575,1,21.44547,1,,21.415,21.22,eod,576.0,945.0,1.1950000000000003,1
2025-02-05,SDA,9.0169,8.51,8.51,5.956521739130434,20741.0,2.290375911615956,0.7101992503452348,10.3,-17.378640776699037,9.514563106796103,0.683673469387756,-19.79264844486333,3.627440629043751,605249.15,577,1,8.48447,0,gap_through,,,,,,,0
2025-02-05,UBRL,19.29,18.1982,19.16,5.698329853862209,60897.0,1.507714179718293,0.0,21.18,-9.537299338999054,6.987724268177528,0.8918918918918918,-10.21555763823805,3.132211894253908,278160.7,579,1,18.1436054,1,,18.1001,18.07,eod,580.0,945.0,1.189899999999998,1
2025-02-06,HP,30.34,29.23,29.84,3.719839142091151,217996.0,2.2521057917250573,0.4909909909909896,33.19,-10.093401626996078,3.223862609219646,0.8504672897196227,-20.0,2.3037707246823182,1326191.4,578,1,29.14231,0,gap_through,,,,,,,0
2025-02-06,KURA,8.2,7.75,8.2,5.487804878048772,237062.0,2.563453223881471,0.2111111111111109,9.05,-9.39226519337018,3.8132596685082913,0.6812518110692574,-10.480349344978174,3.510382300117944,1810216.6,575,1,7.72675,1,,7.7,8.2,stop,576.0,621.0,0.4999999999999991,1
2025-02-06,LSPD,13.1,12.09,13.1,7.709923664122136,119267.0,2.711236058476856,0.0444554455445546,14.5,-9.655172413793109,2.4137931034482736,0.742857142857143,-19.33994212179053,2.0911614467880866,463048.75,576,1,12.05373,1,,12.09,12.395,eod,577.0,945.0,1.0099999999999998,0
2025-02-06,NTGR,27.01,25.8,26.16,4.625382262996945,29956.0,1.3175363481418003,0.7438016528925603,28.15,-7.0692717584369404,3.2682060390763703,0.6521739130434773,-9.198195071155844,2.5373080763983458,334354.55,580,0,25.7226,1,,25.66,27.01,stop,581.0,731.0,1.3500000000000014,1
2025-02-06,SDA,6.3,6.14,6.22,2.572347266881031,164599.0,1.5757469922849372,0.5625000000000041,8.44,-26.303317535545023,17.972748815165872,0.6196848836442743,-41.3760603204524,5.506769771771046,630260.3,613,1,6.12158,1,,6.09,5.315,eod,614.0,945.0,0.20999999999999996,1
2025-02-06,SRTS,7.0,6.47,7.0,7.571428571428575,254782.0,3.7423397618083887,0.0173584905660374,8.99,-22.1357063403782,7.305895439377092,0.8678440925700364,-22.880310241494804,5.328753247958192,282845.6,575,1,6.45059,0,gap_through,,,,,,,0
2025-02-07,CJMB,5.6,5.01,5.1,11.56862745098039,16029.0,4.53533130318327,0.5593220338983054,6.32,-19.30379746835444,56.802215189873415,0.5989024763921001,0.0,0.0,0.0,600,1,4.99497,0,gap_through,,,,,,,0
2025-02-07,GMEX,5.63,5.38,5.42,4.612546125461255,18318.0,1.8541476012961555,0.0,6.28,-13.694267515923572,25.636942675159226,0.3664596273291925,-53.79369138959932,9.880676257803648,442828.85,575,1,5.36386,1,,5.43,2.5493,eod,576.0,945.0,0.2000000000000001,0
2025-02-07,QNTM,13.29,12.55,12.57,5.887032617342867,156009.0,2.414211909985192,0.905540540540542,14.5,-13.310344827586205,50.58620689655173,0.5228357191547376,-30.166666666666664,29.178471031787616,6629646.0,579,1,12.51235,0,gap_through,,,,,,,0
2025-02-07,SBIT,9.9,9.81,9.84,0.914634146341462,94733.0,0.451205481514113,0.8333333333333267,10.48,-6.106870229007639,6.765267175572533,0.661495063469676,-21.405750798722043,4.322657948961128,7006272.75,585,0,9.78057,1,,9.8,9.9,stop,586.0,600.0,0.0999999999999996,0
2025-02-10,TXG,13.46,12.61,13.43,6.329113924050643,531403.0,2.1421531090324497,0.3764705882352938,14.25,-5.754385964912283,9.96421052631579,0.3310092260018315,-22.144927536231886,2.947034373963013,2104912.7,576,1,12.57217,1,,12.515,12.095,eod,577.0,945.0,0.9450000000000003,1
2025-02-11,FLNC,7.75,6.965,7.7,10.194805194805197,4498150.0,4.435211429459057,0.1146496815286622,13.07,-41.08645753634277,4.9732211170619625,0.5384615384615391,-55.20651541593951,4.252314282803186,4016839.45,575,1,6.944105,1,,6.94,7.055,eod,576.0,945.0,0.8099999999999996,1
2025-02-12,SMWB,10.7,10.11,10.665,5.532114392873886,51530.0,2.765619331511191,0.5593220338983054,16.78,-36.44219308700835,4.886769964243148,0.3170731707317091,-39.54081632653062,3.088834532430324,726454.0,575,1,10.07967,0,gap_through,,,,,,,0
2025-02-13,ASPN,9.82,8.98,9.12,9.210526315789473,990536.0,4.54250748687441,0.2157142857142842,11.75,-22.38297872340426,8.01021276595745,0.3506162345941351,-31.32530120481928,3.115058089246609,1697140.0,597,1,8.95306,1,,8.9507,9.02,eod,598.0,945.0,0.8693000000000008,1
2025-02-13,KC,17.21,16.8,17.03,2.407516147974164,488843.0,0.998751373730982,0.6463414634146353,18.01,-5.4414214325374815,6.163242642976121,0.9099099099099118,-9.124866595517595,7.110425834821929,3999836.55,576,0,16.7496,1,,16.775,17.21,stop,577.0,659.0,0.4350000000000023,0
2025-02-13,MGNI,18.765,17.9,18.74,4.615795090715059,499147.0,2.471877906532417,0.4219653179190765,20.51,-8.629936616284754,5.363237445148714,0.8454545454545473,-11.977454203851575,3.783501788408132,2412972.6,577,1,17.8463,0,gap_through,,,,,,,0
2025-02-13,QMCO,21.315,20.2,21.21,5.256954266855266,130745.0,2.306363686931923,0.053811659192827,23.23,-8.695652173913041,37.45157124408093,0.7436781609195402,-48.26829268292683,10.709909465225898,1524948.7,591,1,20.1394,0,gap_through,,,,,,,0
2025-02-14,AIFF,12.82,11.25,12.745,12.3185562965869,767649.0,3.789376460083923,0.0674522292993631,15.46,-17.561448900388108,20.37516170763259,0.4476190476190478,-25.90116279069768,40.03140889541436,16829977.25,575,1,11.21625,1,,11.2,9.0399,eod,576.0,900.0,1.620000000000001,1
2025-02-14,ATOM,6.7238,6.26,6.26,7.4089456869009584,47974.0,3.2923270167453285,0.3018542475204842,6.65,-5.864661654135347,24.812030075187973,1.0,-47.39495798319328,12.908238127410083,1011048.9,581,0,6.24122,1,,6.22,6.045,eod,582.0,945.0,0.5038,1
2025-02-14,DOMH,12.4,11.5,11.995,7.503126302626098,193714.0,3.576320907923134,0.864888888888888,13.0,-7.730769230769237,45.38384615384616,0.9017101984779404,-11.670925411821893,29.38480422253304,3977537.35,578,1,11.4655,0,gap_through,,,,,,,0
2025-02-14,NNOX,7.23,6.76,6.9,6.811594202898559,629664.0,2.64892566522833,0.0212765957446803,7.55,-8.609271523178801,7.682119205298014,0.913793103448276,-24.999999999999996,3.9768903331736096,2321538.5,575,1,6.73972,1,,6.7,6.67,eod,576.0,945.0,0.5300000000000002,1
2025-02-14,SERV,15.52,14.01,14.66,10.30013642564802,3849865.0,5.070554440850931,0.4437086092715231,22.92,-36.03839441535777,16.055846422338565,0.9510869565217392,-36.53679653679654,8.104618062855902,9452777.2,576,1,13.96797,1,,13.88,13.605,eod,577.0,945.0,1.6399999999999988,1
2025-02-14,SOUN,11.9,10.77,11.14,10.143626570915623,13545454.0,4.415954970904708,0.1106194690265486,15.25,-26.950819672131143,9.47081967213115,0.8753721525998756,-36.88385269121813,6.809933246807328,47356557.0,576,1,10.73769,1,,10.7,11.9,stop,577.0,611.0,1.200000000000001,1
2025-02-18,AUR,9.505,8.85,9.435,6.942236354001071,2756154.0,2.545775441097689,0.1068702290076338,10.19,-7.409224730127567,15.799803729146216,0.6397515527950309,-12.395543175487456,11.385099266628451,13908024.75,575,1,8.82345,1,,8.945,9.505,stop,576.0,901.0,0.5600000000000005,0
2025-02-18,DOMH,10.53,9.1,10.53,13.580246913580249,121249.0,3.719204367649184,0.0,11.94,-11.809045226130657,33.333333333333336,0.8266331658291455,-22.458928268985787,29.90883062818497,4147246.2,617,1,9.0727,0,gap_through,,,,,,,0
2025-02-18,INLF,13.3,12.5,12.5,6.400000000000006,103972.0,3.238519312683424,0.7124999999999997,16.33,-23.45376607470912,95.52969993876304,0.7006410256410255,-40.47619047619048,22.06812047123581,676327.05,595,1,12.4625,0,gap_through,,,,,,,0
2025-02-18,JELD,8.375,7.8,8.32,6.911057692307694,69291.0,2.3662593625935444,0.1826086956521746,8.79,-5.346985210466427,5.688282138794085,0.3399999999999998,-17.54212091179385,2.818582797983362,586292.45,604,1,7.7766,1,,7.75,6.68,eod,605.0,945.0,0.625,1
2025-02-18,NEO,13.3,12.47,12.64,6.566455696202532,100401.0,2.818667092704774,0.1807228915662633,14.42,-12.343966712898748,5.4091539528432815,0.6025641025641025,-17.493472584856395,2.152767189367083,772572.1,576,1,12.43259,1,,12.3701,11.90515,lock,577.0,930.0,0.9299,1
2025-02-19,BMBL,6.63,6.36,6.591,4.096495220755569,868177.0,2.3897867506743617,0.5370370370370363,8.1,-18.629629629629623,6.111111111111123,0.0909090909090905,-25.272108843537417,3.218474716310636,2139250.45,578,1,6.340920000000001,0,gap_through,,,,,,,0
2025-02-19,CYN,8.285,7.8022,8.27,5.837968561064089,43289.0,2.6735242663499923,0.2439933719966857,8.88,-6.869369369369382,30.4054054054054,0.1222222222222222,-26.48888888888889,2124.6320610770363,235714642.0,575,1,7.7787934,0,gap_through,,,,,,,0
2025-02-19,HBM,8.2,7.79,8.08,5.074257425742565,676354.0,3.133515099311256,0.3780487804878061,8.96,-9.82142857142858,3.794642857142875,0.2647058823529447,-16.95786228160329,2.9861805842516147,6851140.25,578,1,7.76663,0,gap_through,,,,,,,0
2025-02-19,KOLD,21.54,21.21,21.5,1.5348837209302246,421867.0,0.5558338741879121,0.0151515151515122,23.07,-6.805374945817079,17.598612917208488,0.0886699507389161,-48.61376673040154,7.623544379169779,6032476.7,585,0,21.14637,1,,21.1891,21.01365,lock,586.0,622.0,0.3508999999999993,0
2025-02-19,WWW,17.39,16.29,17.38,6.329113924050642,82179.0,1.2583494799773476,0.0954545454545457,18.73,-7.207688200747471,2.8296849973304727,0.5471698113207556,-28.85796152271797,3.214923836416075,1143877.65,575,1,16.24113,1,,16.2,15.235,eod,576.0,945.0,1.1900000000000013,1
2025-02-20,AIFF,8.5,8.07,8.07,5.328376703841385,57011.0,2.0792366063844643,0.534883720930234,8.5,-5.058823529411762,21.882352941176475,0.7473118279569889,-53.081395348837205,41.65981488582339,17863541.15,578,0,8.04579,0,gap_through,,,,,,,0
2025-02-20,ARDX,5.77,5.4801,5.7,5.085964912280691,553543.0,3.0611467036525157,0.7067954467057601,6.36,-10.37735849056604,3.4591194968553416,0.1363636363636376,-12.977099236641216,3.4575959792349007,3609011.65,611,1,5.4636597,1,,5.4984,5.77,stop,612.0,698.0,0.2715999999999994,0
2025-02-20,BBAI,7.65,7.29,7.305,4.928131416837787,3737174.0,2.648740517653368,0.3055555555555562,7.87,-7.179161372299878,10.16518424396443,0.2375000000000002,-29.488416988416983,14.040664014593048,89923856.2,579,0,7.26813,0,gap_through,,,,,,,0
2025-02-20,LILA,6.91,6.28,6.71,9.38897168405365,108125.0,3.0712285346467025,0.0,7.21,-6.934812760055478,4.438280166435498,0.8125000000000009,-12.115258677144729,2.9045906968062134,394544.2,575,1,6.26116,0,gap_through,,,,,,,0
2025-02-20,UIS,5.59,4.88,5.51,12.885662431941924,113643.0,3.592522700247732,0.3084507042253525,5.94,-7.239057239057249,27.946127946127948,0.0361445783132533,-26.923076923076927,4.007259445413737,415655.15,601,1,4.86536,0,gap_through,,,,,,,0
2025-02-21,DBX,30.1,28.5,29.3,5.460750853242326,1024302.0,1.7923186093260914,6.249999999985428e-05,31.88,-8.092848180677535,3.309284818067742,0.3649289099526061,-12.091209120912085,1.26122123215325,3215152.7,576,1,28.4145,1,,28.42,26.975,eod,577.0,945.0,1.6799999999999995,0
2025-02-21,GCL,5.5,5.235,5.28,5.018939393939387,64502.0,1.3300922951931688,0.924528301886794,5.59,-5.545617173524144,17.88908765652952,0.1899999999999995,-66.04501607717042,39.70912391523685,3209507.0,575,0,5.219295000000001,1,,5.2312,3.8,eod,576.0,945.0,0.2687999999999997,0
2025-02-21,KOLD,20.42,20.18,20.19,1.1887072808321049,384400.0,0.6106455699264206,0.937499999999998,21.34,-5.388940955951258,4.779756326148076,0.1274509803921559,-51.74474187380497,8.185208324966748,7203794.3,577,0,20.11946,1,,20.0501,20.42,stop,578.0,586.0,0.36990000000000123,1
2025-02-21,NU,12.02,11.425,11.91,4.995801847187228,7636451.0,2.3377343753461206,0.0,13.34,-10.719640179910044,2.7736131934032926,0.1216216216216216,-15.411931818181818,2.0099214967534147,38957804.85,575,1,11.390725000000002,1,,11.365,10.825,eod,576.0,945.0,0.6549999999999994,1
2025-02-21,REBN,6.8,6.3,6.54,7.64525993883792,112898.0,3.4948038760494926,0.8600000000000012,7.32,-10.655737704918035,28.68852459016394,0.5333333333333332,-21.20481927710844,22.119267273609967,7977827.6,620,1,6.2811,0,gap_through,,,,,,,0
2025-02-21,WEAV,15.71,14.3,15.71,8.975175047740294,368238.0,3.152915757303619,0.3758865248226945,16.89,-6.98638247483718,3.197158081705167,0.4814814814814819,-10.890527509926253,1.4166049200604895,834284.4,594,1,14.2571,1,,14.22,13.96,eod,595.0,945.0,1.4900000000000002,1
2025-02-21,XOS,5.58,5.2,5.5,6.909090909090907,173933.0,2.1417012625287426,0.2499999999999994,6.25,-12.0,78.5584,0.4093769730544409,-39.89005344320704,22.3002386862298,4946169.45,577,1,5.1844,0,gap_through,,,,,,,0
2025-02-24,HSAI,19.22,18.28,18.42,5.103148751357208,494941.0,2.512891264380965,0.4787234042553195,19.63,-6.164034640855819,8.303616912888431,0.6625766871165638,-8.721506442021793,6.600940091773986,3876196.35,580,0,18.22516,1,,18.265,17.9,eod,581.0,945.0,0.9549999999999984,0
2025-02-24,LX,8.81,8.4,8.81,4.653802497162316,745099.0,2.662127363137979,0.6829268292682908,9.36,-5.876068376068365,8.547008547008556,0.6812499999999994,-8.372334893395733,3.675440037104455,3502683.45,592,1,8.3748,1,,8.37,7.905,eod,593.0,945.0,0.4400000000000013,1
2025-02-24,PONY,21.9,20.102,21.67,8.297185048454075,410661.0,3.560922898915514,0.2491657397107902,23.61,-8.216857263871232,23.16814908936891,0.9506398537477148,-9.254606365159118,8.689032511260459,1535736.3,575,1,20.041694,0,gap_through,,,,,,,0
2025-02-24,VNET,13.71,13.0,13.662,5.196896501244333,1402014.0,2.6965095849287906,0.2816901408450691,14.59,-6.36052090472926,10.48663468128855,0.0196078431372544,-15.300681959082446,6.0533622801201314,11075335.3,575,1,12.961,1,,12.88,13.368,eod,576.0,945.0,0.8300000000000001,1
2025-02-25,AIFF,6.7399,6.36,6.605,5.751703255109753,71160.0,1.804219615604821,0.0,7.04,-6.178977272727267,21.91051136363637,0.313452188006483,-61.59883720930232,42.01452343712975,18286089.2,575,0,6.340920000000001,1,,6.4673,6.331,lock,576.0,629.0,0.2725999999999997,0
2025-02-25,BTDR,11.26,10.35,10.46,8.69980879541109,1162087.0,3.958530874380474,0.6373626373626373,13.1,-20.152671755725184,9.08396946564885,0.7058823529411766,-45.66233766233766,5.243290744441454,5906751.2,594,1,10.31895,1,,10.28,9.3,eod,595.0,945.0,0.9800000000000004,1
2025-02-25,CLSK,8.66,8.37,8.45,3.431952662721905,1429600.0,1.852471926981576,0.7586206896551722,8.9,-5.056179775280911,7.078651685393248,0.4285714285714285,-32.237369687249405,4.395825597745058,22386977.95,591,0,8.34489,1,,8.35,8.195,lock,592.0,912.0,0.3100000000000005,0
2025-02-25,CONL,25.86,24.7601,25.2,4.364682539682533,575730.0,2.1611162234151973,0.4499499954541308,26.89,-6.2848642618073685,15.172926738564527,0.2132352941176472,-50.6076048608389,7.938559987191779,5442126.75,580,0,24.6858197,1,,24.67,23.46,eod,581.0,945.0,1.1899999999999977,1
2025-02-25,CSAI,8.4863,7.5829,7.78,11.61182519280205,26485.0,4.52477479747291,0.4617002435244629,8.54,-8.899297423887575,36.299765807962544,0.1903225806451609,-85.16116727064657,50.19086588281746,1503587.294117647,593,0,7.5601513,1,,7.675,8.4863,stop,594.0,625.0,0.8113000000000001,0
2025-02-25,ETHT,9.5918,9.3704,9.44,2.3453389830508384,581219.0,0.9845858911492398,0.7208672086720863,11.55,-18.26839826839828,4.832034632034628,0.304604909514424,-54.307841239109386,9.824428582176424,1411090.05,578,1,9.3422888,1,,9.3884,9.62,stop,579.0,652.0,0.2033999999999984,0
2025-02-25,GRRR,23.23,21.63,22.83,7.008322382829617,254769.0,3.195981568487686,0.9906249999999996,24.61,-7.232832182039826,22.956521739130437,0.0636505239308978,-33.652815032882984,10.752386091735367,3086843.8,605,1,21.56511,0,gap_through,,,,,,,0
2025-02-25,IREN,9.91,9.61,9.645,3.1104199066874103,550445.0,1.8360912352694152,0.5966666666666661,10.16,-5.068897637795281,9.744094488188978,0.1414141414141419,-29.18502202643172,4.478045425069247,16585497.85,580,0,9.58117,1,,9.581,8.815,eod,581.0,945.0,0.3290000000000006,1
2025-02-25,MAX,9.79,9.49,9.74,3.080082135523603,24401.0,0.7411206857916195,0.866666666666669,11.41,-14.636283961437336,4.907099035933398,0.2857653152348632,-26.435045317220546,3.5431162830974987,370631.2,601,1,9.46153,0,gap_through,,,,,,,0
2025-02-25,MSTU,5.74,5.5,5.6,4.28571428571429,2562191.0,2.321872768943,0.7495833333333325,6.3,-11.111111111111114,21.111111111111114,0.2180451127819549,-46.969696969696976,6.218388187218074,35065980.4,580,1,5.4835,0,gap_through,,,,,,,0
2025-02-25,MSTX,27.14,26.05,26.57,4.102371095220173,466083.0,2.24660887501795,0.6146788990825672,29.77,-10.749076251259655,20.19381928115553,0.2145815659464043,-46.52847655463876,6.267078333274805,7164758.75,580,1,25.97185,0,gap_through,,,,,,,0
2025-02-25,RDW,15.5933,15.32,15.49,1.7643641058747512,138493.0,1.1253516131522576,0.8415660446395948,16.42,-5.6638246041413,17.169914738124238,0.2589295215124329,-41.89797449362341,7.183473412874933,2122761.05,577,0,15.27404,1,,15.24,14.4,eod,578.0,945.0,0.35329999999999906,1
2025-02-25,RIOT,9.83,9.36,9.475,4.960422163588397,2035866.0,1.876915578720945,0.8108510638297861,9.99,-5.15515515515516,7.859859859859856,0.1910341314314829,-24.980205859065723,4.249631862760839,30667463.85,602,0,9.33192,1,,9.37,9.435,eod,603.0,945.0,0.4600000000000008,0
2025-02-25,ROBN,19.7,18.8,18.9,4.761904761904755,39876.0,2.017226078932806,0.9111111111111128,20.91,-9.612625538020094,18.627450980392155,0.409499358151476,-49.64028776978418,11.088499970543554,314367.0,589,1,18.7436,1,,18.7,18.27,lock,590.0,922.0,1.0,1
2025-02-25,TILE,20.12,19.07,19.8,5.303030303030306,31983.0,1.571156857779088,0.2761904761904752,21.31,-7.085875175973712,1.3139371187236093,0.1428571428571392,-22.01654194564789,1.884198994140075,459087.6,579,1,19.01279,0,gap_through,,,,,,,0
2025-02-25,WGMI,18.37,18.0,18.1,2.044198895027629,43346.0,1.0749845218759195,0.8108108108108105,19.2,-5.729166666666656,9.843750000000004,0.2380952380952376,-25.81967213114753,3.302570085385168,555268.6,582,0,17.946,1,,17.96,17.12,eod,583.0,945.0,0.4100000000000001,0
2025-02-26,BLMN,11.6499,10.43,11.27,10.824312333629113,160156.0,2.711783480880504,0.0,11.9,-5.29411764705883,3.823529411764706,0.6263736263736266,-13.10717039321512,2.906936411085579,1757695.55,575,1,10.39871,0,gap_through,,,,,,,0
2025-02-26,DNA,9.15,8.72,8.82,4.875283446712015,144620.0,1.758061286661668,0.4418604651162782,10.29,-14.285714285714276,11.030126336248784,0.7621145374449327,-47.65578635014837,8.417867817371043,2012864.55,575,1,8.69384,0,gap_through,,,,,,,0
2025-02-26,DOMH,9.4555,9.16,9.24,3.198051948051954,30505.0,1.3590210078082685,0.7275803722504212,9.9,-6.666666666666668,25.95858585858585,0.961087980077046,-31.958261842870712,32.18155917756058,4631746.4,582,0,9.13252,1,,9.1442,9.4555,stop,583.0,593.0,0.311300000000001,0
2025-02-26,VTEX,5.22,4.8,5.2,8.076923076923075,162101.0,4.295986565616991,0.4047619047619046,5.99,-13.18864774624374,4.841402337228715,0.2068965517241396,-24.96392496392496,2.1242598141894247,693028.45,577,1,4.7856,1,,4.8799,4.825,eod,578.0,945.0,0.3400999999999996,0
2025-02-27,ECVT,7.62,7.28,7.46,4.55764075067024,72991.0,2.0012999364649438,0.6470588235294114,8.1,-7.901234567901231,4.135802469135792,0.2835820895522362,-12.543962485345832,1.4035306305077295,621702.75,576,1,7.25816,0,gap_through,,,,,,,0
2025-02-27,HNST,5.045,4.75,5.045,5.847373637264617,1156729.0,2.92791495143534,0.322033898305084,5.68,-11.179577464788728,4.841549295774654,0.3090909090909086,-25.86333578251286,3.1778574580792287,2246687.45,576,1,4.73575,0,gap_through,,,,,,,0
2025-02-27,IONQ,28.95,27.6,28.04,4.814550641940079,2283914.0,2.1665652840964675,0.7333333333333333,29.93,-6.314734380220516,5.084196458402937,0.2497207071038964,-37.11594527921059,3.551501278466322,14567314.3,584,0,27.517200000000003,1,,27.45,26.7,lock,585.0,616.0,1.5,1
2025-02-27,PLTK,6.1099,5.635,6.05,7.849586776859502,172646.0,2.6687056943935072,0.1052853232259419,6.85,-11.67883211678832,2.77372262773722,0.1578947368421023,-20.18469656992085,1.2619112059241266,768453.95,575,1,5.618094999999999,1,,5.64,5.715,eod,580.0,945.0,0.4699,0
2025-02-27,RSI,12.562,11.6309,12.5,7.448799999999991,456291.0,2.8795188584045928,0.2890129953818067,13.3,-6.015037593984967,4.436090225563909,0.2711864406779664,-25.4892376654884,3.8312626306263553,2205379.75,590,1,11.5960073,0,gap_through,,,,,,,0
2025-02-27,SMCL,30.0911,28.65,28.87,4.991686872185667,36514.0,1.8120224444057635,0.2845048920963149,31.53,-8.43640976847447,21.29559150015857,0.1705264725593864,-47.192244375342966,17.056109542749,919773.75,575,1,28.56405,1,,28.57,21.015,eod,576.0,945.0,1.5211000000000006,0
2025-02-27,STKL,7.16,6.05,7.0,15.85714285714286,200094.0,5.0387317669895335,0.0990990990990993,7.39,-5.277401894451958,3.856562922868744,0.7719298245614022,-8.854166666666663,1.741412921805754,452932.7,607,1,6.03185,1,,6.03,6.305,eod,608.0,945.0,1.13,1
2025-02-27,TDOC,9.96,9.06,9.9,9.090909090909092,1896526.0,4.090436561639986,0.3555555555555557,10.99,-9.918107370336667,6.824385805277525,0.2533333333333327,-34.9112426035503,5.790156225229904,11308404.15,577,1,9.03282,1,,9.04,9.96,stop,578.0,813.0,0.9200000000000016,0
2025-02-27,TNDM,25.52,22.255,24.18,13.50289495450786,867043.0,6.5197718827573,0.4395099540581936,33.59,-28.014289967252164,4.882405477820781,0.1463414634146353,-36.25098866332719,2.444127787547784,1021268.65,580,1,22.188235,0,ssr_no_uptick,,,,,,,0
2025-02-27,VNET,12.49,11.89,12.02,4.991680532445921,603754.0,1.7900889359128265,0.8666666666666665,12.88,-6.677018633540381,10.869565217391306,0.2714285714285719,-25.480471171729697,6.8025897300385125,12487148.65,585,0,11.85433,1,,11.85,11.765,eod,586.0,945.0,0.6400000000000006,1
2025-02-27,VTRS,9.2797,8.81,9.26,5.072354211663063,1866487.0,2.553761480034533,0.0958058335107514,11.24,-17.61565836298933,3.069395017793584,0.1594202898550721,-19.6877710320902,1.2072319307429948,9570990.2,579,1,8.783570000000001,1,,8.815,9.2797,stop,580.0,585.0,0.4647000000000005,0
2025-02-28,API,5.735,5.57,5.73,2.879581151832461,111911.0,1.169396028799111,0.3636363636363612,6.19,-7.431340872374798,10.339256865912756,0.0468750000000004,-18.02575107296137,6.074033239020523,1457182.4,580,1,5.5532900000000005,0,gap_through,,,,,,,0
2025-02-28,AVPT,14.5,13.76,13.92,5.316091954022991,223440.0,2.429500876327099,0.3108108108108113,17.08,-18.501170960187345,5.122950819672132,0.2914285714285703,-30.050251256281403,2.413850763408729,1483503.55,579,1,13.71872,0,gap_through,,,,,,,0
2025-03-03,NABL,8.48,7.54,8.45,11.124260355029593,133239.0,3.7861884310978944,0.5319148936170202,10.03,-15.752741774675972,1.9940179461615088,0.6999999999999964,-18.81245196003075,1.4991371520903782,695723.0,577,1,7.51738,1,,7.504,7.188,eod,578.0,945.0,0.9760000000000009,1
2025-03-03,RC,5.7,5.2701,5.52,7.78804347826087,489595.0,3.6883135182203706,0.4417306350314021,6.93,-20.346320346320347,2.7417027417027477,0.8421052631578938,-21.479374110953067,1.4101806471995044,1987464.95,595,1,5.2542897,1,,5.225,5.18,eod,596.0,945.0,0.47500000000000053,1
2025-03-04,ACON,6.73,5.84,6.3,14.126984126984135,304006.0,5.739350424674859,0.0786516853932587,7.6,-17.105263157894733,46.84210526315789,0.7471910112359549,-28.16419612314709,31.58993234896392,5863484.9,581,1,5.82248,1,,5.8348,6.73,stop,582.0,718.0,0.8952,0
2025-03-04,BE,22.04,20.842,21.99,5.447930877671671,1243908.0,2.064625932806972,0.3405676126878139,23.42,-6.105892399658425,9.649871904355242,0.1637168141592926,-20.89928057553957,3.8797653406516095,5698991.25,582,1,20.779474,0,gap_through,,,,,,,0
2025-03-04,CLMT,12.605,12.14,12.6,3.690476190476189,72513.0,1.41384145369521,0.5053763440860204,13.46,-6.38930163447252,7.206537890044581,0.1340206185567017,-34.16927899686521,3.6397842430806056,1421931.55,576,1,12.10358,1,,12.11,12.605,stop,577.0,821.0,0.495000000000001,0
2025-03-04,CRNC,10.0692,9.78,9.8,2.951020408163276,113736.0,1.570118360946018,0.17289073305671,10.33,-5.130687318489829,14.811229428848026,0.0980392156862746,-41.45758661887693,6.683300180404812,2808718.25,583,0,9.75066,1,,9.82,10.0692,stop,584.0,588.0,0.2492000000000001,0
2025-03-04,EBS,5.98,5.28,5.56,12.589928057553962,337935.0,4.222433531035374,0.0,6.83,-18.59443631039532,12.531478770131772,0.0934688631849515,-49.47751022262609,4.489331149653242,1120428.2,575,1,5.26416,1,,5.25,5.98,stop,576.0,746.0,0.7300000000000004,1
2025-03-04,ETHT,6.9995,6.8,6.91,2.8871201157742465,105870.0,1.2456130552904137,0.7508771929824541,7.35,-5.986394557823123,27.34693877551019,0.1194029850746266,-50.6036929279643,6.349313814704605,1637478.75,620,0,6.779599999999999,0,gap_through,,,,,,,0
2025-03-04,GPRE,5.19,4.965,5.14,4.377431906614797,127308.0,2.483122522515956,0.6755555555555546,5.41,-4.990757855822559,12.56931608133088,0.029411764705883,-42.08450704225353,5.420780691011022,2337885.75,590,0,4.950105,1,,4.94,5.015,eod,591.0,945.0,0.25,1
2025-03-04,IONQ,21.989,21.06,21.45,4.331002331002341,1283517.0,2.1612276680300564,0.9149623250807316,23.11,-7.183037646040676,12.678494158372995,0.156996587030717,-51.89504373177844,4.597799514753571,16032286.15,617,0,20.99682,1,,21.025,21.989,stop,618.0,741.0,0.9640000000000022,0
2025-03-04,IREN,7.3177,6.96,7.15,5.002797202797208,1479291.0,2.609269044092837,0.47525859658932,7.57,-5.548216644649933,19.55085865257596,0.0608108108108106,-47.503671071953,5.800560139673635,16055905.95,618,0,6.93912,1,,6.925,7.3177,stop,619.0,741.0,0.3927000000000005,1
2025-03-04,KOLD,17.95,17.38,17.95,3.1754874651810603,1005290.0,1.2480308258037125,0.5263157894736852,20.26,-11.40177690029616,16.7324777887463,0.1120943952802367,-50.18704141552056,7.019877738674187,9147469.2,581,1,17.327859999999998,1,,17.2853,17.95,stop,582.0,623.0,0.6646999999999998,1
2025-03-04,PDYN,6.48,6.15,6.33,5.213270142180096,120654.0,1.9747171343008825,0.1203030303030298,6.81,-7.048458149779729,13.067547723935387,0.4606135520845033,-48.95161290322581,9.71314345846225,4986240.85,592,0,6.131550000000001,1,,6.13,6.48,stop,593.0,726.0,0.35000000000000053,1
2025-03-04,PLTU,28.66,27.06,27.06,5.912786400591284,100445.0,2.088751447276161,0.9,29.54,-8.395396073121193,19.394380501015583,0.118692290237559,-61.00864553314121,14.77263315522912,2673956.6,616,0,26.97882,1,,26.88,28.66,stop,617.0,648.0,1.7800000000000011,1
2025-03-04,RDW,11.7389,11.26,11.58,4.135578583765107,163488.0,2.384202923898214,0.4207558989350586,12.31,-5.930138099106421,21.689683184402924,0.1273408239700374,-56.56414103525882,7.578762761541968,2096661.9,617,0,11.22622,1,,11.31,11.7389,stop,618.0,724.0,0.4288999999999987,0
2025-03-04,RILY,5.2981,4.89,5.0,8.162000000000003,123467.0,3.0644283395672844,0.7476108796863521,5.4,-7.407407407407414,29.092592592592588,0.0515595162316998,-30.65187239944521,12.994398460999529,4350070.2,607,0,4.87533,1,,4.8533,5.2981,stop,608.0,672.0,0.44479999999999986,1
2025-03-04,RIOX,11.65,10.88,11.54,6.6724436741767725,76354.0,1.4635806026580165,0.2077922077922057,12.66,-8.846761453396532,32.622432859399694,0.2009685230024213,-55.37509667440062,8.85664071320722,322902.75,582,1,10.84736,1,,10.83,11.65,stop,583.0,838.0,0.8200000000000003,1
2025-03-04,ROBN,17.33,16.44,16.77,5.307096004770406,73975.0,2.0304539569534272,0.2022471910112363,18.23,-8.008776741634673,37.41524958859024,0.0397020877316445,-55.31574740207834,11.64363807276228,455808.65,581,1,16.39068,0,gap_through,,,,,,,0
2025-03-04,TSL,11.02,10.8,10.83,2.0313942751615777,22646.0,0.4833886961632334,1.0,11.53,-6.071118820468337,11.448395490026025,0.2651515151515148,-37.81223083548665,4.341526570999379,326866.3,590,0,10.7676,1,,10.745,11.05,stop,591.0,836.0,0.27500000000000036,1
2025-03-04,TSLG,5.78,5.58,5.6,3.5714285714285747,22641.0,1.087561419192311,1.0,6.2,-9.677419354838715,18.866129032258065,0.2647687441224248,-54.61912479740681,6.911600486536875,387120.2,590,1,5.56326,0,gap_through,,,,,,,0
2025-03-04,TSLL,11.81,11.35,11.435,4.022737210319203,4758068.0,1.978862830126703,0.8586956521739105,12.67,-9.747434885556428,19.099447513812155,0.2768709450803752,-54.59598967639467,6.919745095185917,93768099.25,590,1,11.31595,0,gap_through,,,,,,,0
2025-03-04,TSLR,18.55,17.89,18.0,3.6666666666666674,91000.0,1.5585185053646968,0.9015151515151496,19.94,-9.72918756268807,19.00702106318956,0.2849604221635889,-54.59132189707366,6.935461899456557,1995759.15,590,1,17.83633,0,gap_through,,,,,,,0
2025-03-04,TSLT,16.13,15.53,15.58,3.8510911424903695,262963.0,1.8238152322477,0.8666666666666695,17.33,-10.098095787651465,19.15753029428737,0.2831325301204812,-54.853665604172704,6.5759046482936165,3544153.15,590,1,15.48341,0,gap_through,,,,,,,0
2025-03-04,UMAC,5.9693,5.55,5.57,7.527827648114897,87812.0,2.224081367936942,1.0,6.05,-7.933884297520653,26.09586776859503,0.0950088674942991,-59.520348837209305,7.838965091942578,1342865.05,621,0,5.53335,1,,5.54,5.9693,stop,622.0,794.0,0.4292999999999995,0
2025-03-05,DAKT,11.55,10.36,11.05,10.76923076923078,68422.0,4.617775648923404,0.53781512605042,14.33,-22.889043963712485,3.62875087229588,0.3846153846153836,-35.39031848772415,1.9778945412440347,371599.4,576,1,10.32892,0,gap_through,,,,,,,0
2025-03-05,GOGL,9.36,8.92,9.36,4.700854700854696,1210430.0,1.5394403515212474,0.4545454545454534,10.06,-6.958250497017902,6.858846918489061,0.8405797101449283,-7.96460176991151,1.856115837352408,3456302.8,588,1,8.89324,1,,8.8901,8.435,eod,589.0,945.0,0.4698999999999991,1
2025-03-06,CORZ,8.45,7.99,8.325,5.525525525525515,2636178.0,2.3038660386615657,0.1413043478260861,9.595,-13.236060448150091,3.751954142782693,0.5416666666666683,-36.81214421252373,4.332277288607831,11580497.05,575,1,7.96603,1,,7.92,8.45,stop,576.0,607.0,0.5299999999999994,1
2025-03-06,GRND,17.77,17.0,17.14,4.492415402567092,104269.0,1.8187621317019127,0.9285714285714288,18.69,-8.293204922418408,4.735152487961485,0.9152542372881366,-10.72916666666666,2.506482537505649,1592480.35,577,0,16.949,1,,17.0259,15.7,eod,578.0,945.0,0.7440999999999995,0
2025-03-06,IREN,7.63,7.48,7.57,1.9815059445178265,704441.0,1.0354122381318565,0.1666666666666637,8.06,-6.079404466501243,6.885856079404451,0.8108108108108129,-44.41997063142437,5.993303920591172,15947771.6,576,0,7.45756,1,,7.475,7.63,stop,577.0,589.0,0.1550000000000002,0
2025-03-06,MSTU,6.635,6.37,6.59,4.021244309559934,2682170.0,2.3960876326577365,0.7169811320754707,7.0,-5.857142857142859,23.000000000000004,0.9006211180124223,-35.18564052126875,11.77993046751434,56469112.3,576,0,6.35089,1,,6.35,6.635,stop,577.0,582.0,0.28500000000000014,1
2025-03-06,NVDX,8.82,8.63,8.76,2.168949771689492,554149.0,1.2782574216274665,0.8947368421052652,9.39,-6.7092651757188575,6.283280085197015,0.7627118644067816,-39.50150900916455,7.22214003930177,17041552.8,576,0,8.60411,1,,8.67,8.82,stop,577.0,582.0,0.1500000000000003,0
2025-03-06,PDYN,7.69,7.09,7.47,8.032128514056232,214543.0,3.487394470914562,0.5666666666666659,7.89,-5.323193916349809,19.390367553865648,1.0,-39.75806451612904,10.584958292875292,4916351.8,583,1,7.06873,1,,7.03,7.25,eod,584.0,945.0,0.6600000000000001,1
2025-03-06,SMCL,15.74,14.955,15.66,5.012771392081738,49887.0,1.6719812285115456,0.0,17.02,-7.990599294947118,13.39541715628673,0.2807140664064214,-71.35540515822207,20.083276749029125,1185718.85,575,1,14.910135,0,gap_through,,,,,,,0
2025-03-06,TSLG,5.61,5.4188,5.61,3.408199643493766,44887.0,0.9970129450159272,0.1108786610878676,5.95,-5.714285714285712,7.899159663865542,1.0,-53.21100917431193,7.011998490989033,432143.8,575,0,5.4025436,0,gap_through,,,,,,,0
2025-03-06,TSLL,11.5,11.04,11.5,4.000000000000008,3675291.0,1.6259659204183845,0.1521739130434786,12.13,-5.193734542456725,8.153338829348728,0.9797775530839236,-53.04205798285015,7.049189765636012,102858200.05,575,0,11.00688,1,,10.98,11.5,stop,576.0,639.0,0.5199999999999996,1
2025-03-06,TSLR,18.0999,17.4,18.09,3.868988391376469,73732.0,1.3185460164141,0.142877553936278,19.07,-5.138961719979027,8.075511274252767,0.9675324675324672,-52.95188556566971,7.042163560200302,2216086.4,575,0,17.3478,1,,17.31,18.0999,stop,576.0,639.0,0.7899000000000029,1
2025-03-06,TSLT,15.7376,15.1,15.73,4.05340114431024,126577.0,1.444964722156052,0.1097867001254708,16.6,-5.240963855421692,8.012048192771084,0.9924812030075204,-53.086787951088574,6.737562964622485,3827595.45,575,0,15.0547,1,,15.0286,15.7376,stop,576.0,640.0,0.7089999999999996,1
2025-03-06,VSCO,21.43,19.5,20.86,9.25215723873442,974508.0,3.5494892604324724,0.1839378238341971,22.21,-6.078343088698791,9.18505177847816,0.4950980392156872,-40.80590238365494,3.0064785026217287,2530954.15,576,1,19.4415,1,,19.52,21.43,stop,577.0,668.0,1.91,0
2025-03-07,SERV,7.6,7.29,7.5,4.133333333333328,434812.0,2.387469734452239,0.5941935483870966,7.92,-5.303030303030303,8.2070707070707,0.4307692307692315,-67.53246753246754,12.554027489562849,11810361.8,576,0,7.26813,1,,7.2737,7.6,stop,577.0,583.0,0.3262999999999998,0
2025-03-07,SWBI,9.94,9.28,9.94,6.639839034205234,204738.0,3.2074093575987783,0.2272727272727277,11.02,-9.800362976406534,2.8130671506352134,0.8709677419354811,-11.64444444444445,1.5281747338721705,419731.55,577,1,9.25216,1,,9.209,9.94,stop,578.0,720.0,0.7309999999999999,1
2025-03-10,AVGX,19.64,19.17,19.2,2.4479166666666607,120785.0,1.0467054017557933,0.3617021276595714,20.4,-5.882352941176468,12.990196078431364,0.9622641509433956,-39.27893738140418,7.711554431161527,1044584.5,587,0,19.11249,0,gap_through,,,,,,,0
2025-03-10,AVL,21.3,20.77,20.78,2.550529355149187,35727.0,0.9423311336891174,0.3962264150943403,22.15,-6.185101580135429,13.002257336343112,0.9826388888888886,-39.18642083699152,7.486631126609216,540267.1,587,0,20.70769,0,gap_through,,,,,,,0
2025-03-10,CONL,21.78,20.5,21.51,5.950720595072064,336450.0,2.2602086629665163,0.2578124999999984,24.08,-10.672757475083044,13.870431893687709,0.6766467065868258,-55.89619304796057,8.791510420356117,6857697.1,577,1,20.4385,1,,20.55,15.6981,eod,578.0,945.0,1.2300000000000004,0
2025-03-10,HUT,12.94,12.54,12.74,3.139717425431713,163357.0,1.2536666386383195,0.2250000000000039,13.51,-5.69948186528497,8.216136195410803,0.8558558558558557,-44.245076586433264,4.298194132905389,4265535.95,593,0,12.50238,1,,12.52,11.535,eod,594.0,945.0,0.4199999999999999,0
2025-03-10,IREN,7.38,7.16,7.27,3.026134800550203,414781.0,1.0218396822512033,0.2045454545454544,7.7,-5.584415584415591,8.18181818181818,0.7936507936507938,-46.62261380323054,5.476575892789777,15911943.45,591,0,7.13852,1,,7.125,6.61,eod,592.0,945.0,0.2549999999999999,1
2025-03-10,KC,16.91,16.535,16.55,2.2658610271903323,110843.0,0.8992249750224562,0.5466666666666621,17.54,-5.644241733181291,6.556442417331805,0.765217391304348,-25.65139263252471,7.74890405383428,4621466.35,633,0,16.485395,1,,16.4,16.25,eod,634.0,945.0,0.5100000000000016,1
2025-03-10,LUNR,7.8908,7.41,7.79,6.172015404364563,1700727.0,1.8568783779010007,0.2495840266222966,8.77,-11.17445838084378,28.506271379703545,0.6879999999999996,-65.22321428571429,8.450769637167966,16648767.55,593,1,7.38777,1,,7.4,6.7015,eod,594.0,945.0,0.4907999999999992,0
2025-03-10,MSTU,5.43,5.0,5.24,8.206106870229002,5800875.0,2.988371859688077,0.0465116279069757,6.08,-13.815789473684209,21.381578947368418,0.1999999999999998,-45.473465140478666,11.926135103480757,63222100.25,577,1,4.985,1,,4.95,3.99,eod,578.0,945.0,0.47999999999999954,1
2025-03-10,MSTX,25.6,23.4,24.8,8.870967741935495,917865.0,3.258155866117401,0.1227272727272739,28.665,-13.483342054770622,21.193790336647474,0.190973136686858,-45.193370165745854,12.11108827014628,11335824.45,577,1,23.3298,1,,23.4,18.95,eod,578.0,945.0,2.200000000000003,0
2025-03-10,MSTY,20.75,19.96,20.55,3.8442822384428177,596146.0,1.2837042038489024,0.1139240506329113,21.77,-5.604042259990808,8.038585209003216,0.2914285714285703,-25.75867052023121,5.109228898512752,7210932.6,577,0,19.90012,1,,19.97,18.3,eod,578.0,945.0,0.7800000000000011,0
2025-03-10,NVDX,8.2899,8.08,8.16,2.572303921568619,344168.0,1.2090637575855634,0.4525964745116768,8.62,-5.336426914153122,10.208816705336435,0.8863636363636348,-43.645241268810814,7.50181013676296,17359947.95,601,0,8.05576,1,,8.0401,7.7,eod,602.0,945.0,0.2497999999999987,1
2025-03-10,OKLO,25.2116,24.43,24.88,3.1414790996784605,374040.0,1.3978057377555393,0.2558853633572147,26.27,-5.291206699657406,8.907499048344118,0.773504273504273,-57.93033479878255,6.752741143726521,15620947.85,592,0,24.35671,1,,24.2391,23.805,eod,593.0,945.0,0.9725000000000001,1
2025-03-10,PLTU,28.09,26.5301,27.63,5.645674990951861,213622.0,2.1811134436994664,0.0,29.84,-7.406166219839146,13.337801608579088,0.9648241206030148,-60.18731988472623,10.674570895221889,3151696.2,575,1,26.4505097,1,,26.45,22.97,eod,576.0,945.0,1.6400000000000006,1
2025-03-10,PRCH,6.275,6.15,6.23,2.0064205457463884,63133.0,0.8629691404558064,0.3231999999999999,6.595,-5.5344958301743645,10.037907505686125,0.823262839879154,-14.599040438656608,17.51109378927522,3534630.35,577,0,6.131550000000001,1,,6.12,6.28,stop,578.0,598.0,0.15500000000000025,1
2025-03-10,RKT,14.34,13.7,13.74,4.657933042212522,1926446.0,1.835482859585449,0.7489062499999998,15.77,-12.872542802790104,6.911857958148381,0.8807339449541277,-13.58490566037736,4.429858743271867,4513498.5,615,1,13.6589,1,,13.575,13.315,eod,616.0,945.0,0.7650000000000006,1
2025-03-10,ROBN,13.71,12.6657,13.71,7.617067833698042,65134.0,2.795257552688182,0.1477544766829462,16.14,-15.055762081784383,19.360594795539026,0.8143881208397342,-63.46922462030376,11.752775272452746,663467.6,594,1,12.6277029,0,gap_through,,,,,,,0
2025-03-10,SOXL,19.53,19.16,19.34,1.9131334022750828,4193759.0,1.038723091294252,0.3513513513513477,20.88,-7.37547892720306,11.206417624521077,0.9102953117654596,-40.747549019607845,7.027571304578986,89045798.35,600,0,19.10252,1,,19.215,17.79,eod,601.0,945.0,0.3150000000000013,0
2025-03-10,TSLL,9.915,9.43,9.84,4.928861788617881,6296855.0,1.4521450810762415,0.0618556701030952,10.66,-7.692307692307695,11.819887429643524,0.7539682539682535,-58.00256081946223,7.259748569154661,110677281.75,577,1,9.40171,1,,9.3899,7.26,eod,578.0,945.0,0.5250999999999983,1
2025-03-10,TSLR,15.6,14.86,15.5,4.774193548387099,166442.0,1.186216953914896,0.0282432432432446,16.83,-7.902554961378481,11.764705882352946,0.7727272727272714,-57.948996201844814,7.241414624704729,2345079.35,577,1,14.81542,0,gap_through,,,,,,,0
2025-03-10,TSLT,13.53,12.8668,13.45,4.930855018587359,318198.0,1.496436664718467,0.0651387213510262,14.59,-7.813570938999319,11.854009595613432,0.7690083839259902,-58.0604926722794,6.974220159926346,4139835.5,577,1,12.8281996,1,,12.84,9.91,eod,578.0,945.0,0.6899999999999995,0
2025-03-10,U,23.0,22.42,22.76,2.5483304042179187,642687.0,1.1783778783851298,0.2241379310344817,24.19,-5.911533691608101,8.596940884663095,0.8944027697634163,-26.29533678756476,8.097866787911535,17429518.8,579,0,22.35274,1,,22.32,21.765,eod,580.0,945.0,0.6799999999999997,1
2025-03-10,WEBL,21.31,20.6742,21.29,2.986378581493658,21772.0,0.7619066565455707,0.0638565586662493,22.67,-6.087340097044563,12.086457873842074,0.7883211678832122,-38.76905378199599,4.483232287665584,348861.8,577,0,20.6121774,1,,20.73,20.44,lock,578.0,694.0,0.5799999999999983,0
2025-03-10,WOLF,5.91,5.64,5.64,4.7872340425532,470383.0,1.7486615417719342,0.8888888888888882,5.95,-5.2100840336134535,18.15126050420168,0.8703703703703707,-26.466753585397655,7.782062188951018,22994200.55,602,0,5.62308,1,,5.625,5.39,eod,603.0,945.0,0.2850000000000001,0
2025-03-11,ARVN,10.7758,9.68,10.58,10.357277882797735,568447.0,3.756358735304434,0.0073006022996905,17.56,-39.74943052391799,7.004555808656039,0.276422764227642,-48.07667769260215,3.912973475202308,1376203.55,575,1,9.65096,1,,9.7701,8.5201,eod,576.0,945.0,1.005700000000001,0
2025-03-11,ASAN,12.78,11.8,12.13,8.07914262159933,1133571.0,3.2074417573431457,0.3316326530612242,16.68,-27.278177458033564,7.074340527577936,0.2033898305084733,-50.48979591836734,3.870646053425503,3013743.15,577,1,11.764600000000002,1,,11.79,12.78,stop,578.0,691.0,0.9900000000000002,0
2025-03-11,AVO,10.55,9.66,10.32,8.624031007751944,90915.0,3.594909232638722,0.5056179775280888,11.81,-12.616426756985607,3.6756985605419055,0.4146510020732553,-18.22827938671209,1.7263965733531794,306541.35,593,1,9.63102,1,,9.73,10.235,eod,594.0,945.0,0.8200000000000003,0
2025-03-11,KSS,10.56,10.0,10.425,5.371702637889693,1819536.0,2.270023748511798,0.0625000000000002,12.05,-13.485477178423237,4.232365145228214,0.4313725490196092,-16.130329847143997,2.579982390193786,8603592.9,585,1,9.97,1,,9.96,9.1399,eod,586.0,945.0,0.5999999999999996,1
2025-03-12,TSLZ,5.27,5.04,5.09,4.518664047151268,3404361.0,2.873150656885774,0.4130434782608693,5.96,-14.597315436241612,18.288590604026854,0.3302752293577982,-23.916292974588945,9.750561744507753,69740598.9,576,1,5.0248800000000005,1,,5.03,5.27,stop,577.0,632.0,0.2399999999999993,0
2025-03-13,MSTY,19.13,18.8315,18.89,1.5802011646373777,480661.0,0.9087872578021956,0.8994974874371943,20.22,-6.577645895153306,7.368941641938667,0.691275167785234,-30.397936624907885,6.420407103499398,7520060.45,589,0,18.7750055,1,,18.82,18.665,lock,590.0,603.0,0.3099999999999987,0
2025-03-13,VNET,10.36,9.961,9.995,3.991995997998991,2527353.0,1.2633815660855443,0.7117794486215527,11.0,-9.136363636363644,13.545454545454549,0.2281879194630871,-38.03471791692499,7.59452086531912,14855537.35,577,0,9.931117,1,,9.99,10.36,stop,578.0,619.0,0.3699999999999992,0
2025-03-14,MSTZ,18.33,17.35,18.22,5.378704720087798,732699.0,1.8367038069375663,0.010204081632651,19.73,-7.653319817536754,12.671059300557529,0.4120000000000005,-42.06677265500795,14.693377531629068,21507466.8,575,1,17.29795,0,gap_through,,,,,,,0
2025-03-14,RGC,12.0,9.92,11.85,17.552742616033758,271963.0,5.825251130797144,0.2788461538461538,14.09,-15.89779985805536,74.59190915542938,0.9276879162702188,-20.2020202020202,52.58888113648668,1178415.4,576,1,9.89024,0,gap_through,,,,,,,0
2025-03-14,SMST,5.35,5.05,5.31,5.649717514124291,970839.0,1.8538779254835,0.0666666666666682,5.77,-7.972270363951472,12.722703639514728,0.4222857921264129,-42.28260869565217,14.716022766991015,24262162.5,575,1,5.03485,0,gap_through,,,,,,,0
2025-03-14,TSLZ,5.1261,4.98,5.08,2.875984251968497,1796924.0,1.4713179768956233,0.171115674195753,5.36,-5.22388059701493,11.194029850746276,0.5000000000000008,-24.065769805680123,9.88797371877216,67166751.65,576,0,4.96506,1,,4.9601,5.1261,stop,577.0,582.0,0.16600000000000037,1
2025-03-18,ARQQ,20.6499,19.0,20.45,8.067970660146694,124821.0,3.685970250020716,0.0303048669616344,23.54,-13.126593033135087,33.389549702633815,0.955482894184404,-14.398971950489544,14.659495912561308,428728.15,575,1,18.943,0,gap_through,,,,,,,0
2025-03-18,BKKT,9.25,8.08,8.58,13.636363636363637,165091.0,6.145383137539664,0.6577777777777782,12.83,-33.12548713951676,8.729540140296175,1.0,-48.92583531260603,8.619111831630125,407276.25,589,1,8.05576,1,,8.0,9.25,stop,590.0,784.0,1.25,1
2025-03-18,MSTU,5.51,5.29,5.5,3.999999999999995,2460505.0,1.7538555577081845,0.090909090909089,5.95,-7.563025210084036,10.420168067226877,0.822580645161291,-40.86021505376344,15.56576267735232,85505106.95,575,1,5.27413,0,gap_through,,,,,,,0
2025-03-18,MSTX,26.09,25.0,26.01,4.190695886197616,460248.0,1.8338289903523384,0.0917431192660563,28.17,-7.667731629392971,10.39190628328008,0.84306893489103,-40.81911262798635,15.560306901077162,13759505.25,575,1,24.925,0,gap_through,,,,,,,0
2025-03-18,QBTS,10.2,9.76,10.08,4.36507936507936,6249559.0,2.770189814088156,0.1022727272727272,11.18,-9.83899821109123,15.384615384615374,0.5523255813953488,-15.64853556485355,13.705705691672538,78529017.0,575,1,9.73072,0,gap_through,,,,,,,0
2025-03-18,QMCO,19.5,17.6201,19.48,9.650410677618066,341527.0,4.053741931382902,0.1899037182828871,21.49,-9.353187529083286,27.501163331782223,0.983079526226734,-9.773043075497911,13.19375434639738,1481441.8,577,1,17.567239700000002,1,,17.7736,19.5,stop,578.0,595.0,1.7264000000000017,0
2025-03-18,QTRX,6.8697,6.51,6.66,5.400900900900902,56507.0,1.8142325333246827,0.3058103975535176,7.28,-8.516483516483518,4.774725274725274,0.6041426927502878,-19.56521739130434,3.620645955707178,707189.3,590,1,6.49047,1,,6.45,6.8697,stop,591.0,898.0,0.41969999999999974,1
2025-03-18,QUBT,7.7,7.31,7.5,5.200000000000007,2631506.0,2.0971165364758257,0.7435897435897426,8.02,-6.483790523690767,10.473815461346632,0.3333333333333326,-13.294797687861276,9.95668447260076,16747340.25,577,0,7.288069999999999,1,,7.3,7.7,stop,578.0,582.0,0.4000000000000003,0
2025-03-18,RGTI,10.54,10.14,10.4,3.846153846153833,3210736.0,2.226292972125377,0.0274999999999981,11.16,-6.810035842293905,6.720430107526881,0.6799999999999997,-15.721231766612636,9.782881994793932,69595461.5,575,1,10.10958,0,gap_through,,,,,,,0
2025-03-18,ROBN,12.88,12.32,12.32,4.545454545454549,50165.0,1.343483443369593,0.6023214285714263,13.19,-6.595905989385893,17.482183472327517,0.7862006158116135,-66.52173913043478,14.04348280435356,1193743.4,576,0,12.28304,1,,12.26,11.8801,eod,577.0,945.0,0.620000000000001,1
2025-03-18,TSLL,7.7835,7.6,7.66,2.395561357702356,4648829.0,1.5542641575814036,0.1089918256130812,8.34,-8.153477218225417,10.791366906474812,0.4111111111111115,-64.37209302325581,10.218646567903306,148803707.4,575,1,7.577199999999999,0,gap_through,,,,,,,0
2025-03-18,TSLR,12.28,11.97,12.09,2.5641025641025537,105629.0,1.4488901415797002,0.1774193548387095,13.14,-7.990867579908681,10.57838660578387,0.4100719424460432,-64.24029104676269,10.21213747388175,3177787.2,575,1,11.93409,0,gap_through,,,,,,,0
2025-03-18,TSLT,10.62,10.36,10.46,2.485659655831738,244560.0,1.501691222383605,0.1538461538461575,11.415,-8.366184844502833,10.860271572492328,0.4315560216181324,-64.43386603196191,10.169244667109217,5740373.6,575,1,10.32892,0,gap_through,,,,,,,0
2025-03-18,UMAC,7.63,7.4,7.51,3.0625832223701672,107063.0,1.9642266668903852,0.2173913043478257,7.95,-5.5345911949685584,15.345911949685542,0.9754098360655736,-38.44211837801949,11.212304381920536,1206101.75,576,0,7.377800000000001,0,gap_through,,,,,,,0
2025-03-19,INTW,28.78,27.08,28.09,6.051975792096842,34900.0,1.6643489887212086,0.1000000000000008,30.51,-7.931825630940681,7.210750573582429,0.513636363636365,-15.030702683081756,9.50205736646845,382291.55,600,1,26.99876,0,gap_through,,,,,,,0
2025-03-19,MSTZ,15.57,15.05,15.16,3.43007915567282,458092.0,1.7535722129502564,0.9807692307692312,16.02,-5.368289637952556,11.60237203495631,0.4081885188572652,-51.79650238473768,15.737121089923184,24194695.65,588,0,15.00485,1,,15.015,14.7375,lock,589.0,819.0,0.5549999999999997,0
2025-03-19,RGC,26.5,25.5,26.5,3.7735849056603774,30928.0,2.626643287145324,0.6600000000000001,31.6,-16.139240506329116,36.64556962025317,0.996545768566494,-16.24525916561315,54.639041558842415,1735215.1,577,1,25.4235,0,gap_through,,,,,,,0
2025-03-19,TNXP,19.5,18.45,19.43,5.404014410705099,92329.0,3.246563737338845,0.8476190476190476,20.53,-5.358012664393577,30.15099853872381,0.8109854604200326,-10.460829493087555,13.73054309468136,1688275.2,583,1,18.39465,1,,18.3099,17.71485,lock,584.0,876.0,1.190100000000001,1
2025-03-19,VNET,10.6,10.19,10.34,3.9651837524177966,904195.0,1.7864615289511938,0.9146341463414632,10.94,-5.484460694698352,7.404021937842783,0.3086419753086418,-35.895846249225045,7.8770548304932255,14769874.6,585,0,10.15943,1,,10.175,9.815,eod,586.0,945.0,0.4249999999999989,0
2025-03-19,VSTS,10.4425,9.84,10.37,5.810028929604638,169646.0,1.9945602602139871,0.3485477178423245,10.92,-5.036630036630043,1.373626373626377,0.4000000000000023,-24.63662790697675,2.091940432688719,1695511.35,578,1,9.81048,0,gap_through,,,,,,,0
2025-03-20,LSE,10.88,9.81,10.47,10.219675262655208,69080.0,3.6570942722251103,0.4243925233644846,12.5,-16.239999999999995,30.8792,0.3549314749086762,-30.152969666241937,15.98469227004421,788997.2,605,1,9.78057,0,gap_through,,,,,,,0
2025-03-21,ADTX,9.99,9.1,9.96,8.935742971887555,113006.0,3.525317672683888,0.1123595505617972,10.69,-6.8288119738072846,24.040224508886816,0.1323008677380442,-22.909620043498784,4832.609742528776,95277402.9,575,1,9.0727,1,,9.225,9.99,stop,576.0,648.0,0.7650000000000006,0
2025-03-21,MNSO,19.47,18.5,18.58,5.22066738428417,31869.0,1.1462793466049483,1.0,20.79,-10.630110630110634,4.016354016354021,0.1676646706586831,-15.31449407474933,3.635453194851023,1275530.35,582,1,18.4445,1,,18.37,18.82,eod,583.0,945.0,1.0999999999999979,1
2025-03-21,ROBN,13.23,12.8,12.98,3.3127889060092426,62981.0,1.577027487232214,0.3372093023255806,14.11,-8.008504606661935,10.170092133238844,0.7595818815331007,-54.37609841827767,14.185916433148924,1394343.25,576,0,12.7616,1,,12.8,13.24,stop,577.0,581.0,0.4299999999999997,0
2025-03-24,ADTX,9.25,8.26,9.02,10.975609756097564,50337.0,3.532909499170913,0.3030303030303037,9.63,-6.334371754932515,11.898234683281403,0.5411066503752847,-30.185218151843284,4832.674829917224,81415619.75,583,1,8.23522,1,,8.18,7.25,eod,584.0,944.0,1.0700000000000003,1
2025-03-24,MSTZ,12.9776,12.14,12.5,6.700800000000001,974014.0,2.5675409866870518,0.1423113658070669,13.67,-8.558888076079004,8.698610095098754,0.1681944327642749,-60.2543720190779,15.436876957165696,26654034.15,594,1,12.10358,1,,12.1193,11.11,eod,595.0,945.0,0.8582999999999998,0
2025-03-25,CRMD,8.9,7.71,8.69,13.693901035673193,427302.0,5.37204297119608,0.1921008403361345,10.77,-19.312906220984217,4.634168987929437,0.2185934682428364,-23.233215547703185,4.34718380014296,823356.25,576,1,7.68687,0,gap_through,,,,,,,0
2025-03-25,OKLO,30.28,28.33,28.88,6.75207756232688,1486831.0,2.284386121565841,0.9784615384615376,30.91,-6.567453898414756,9.31737301844064,0.8090277777777777,-25.33087883590634,8.39109283102392,13454164.3,619,0,28.24501,1,,28.15,28.43,eod,620.0,945.0,2.1300000000000026,1
2025-03-27,GME,26.28,25.29,25.865,3.827566209162969,2050799.0,1.9417608014971064,0.4343434343434332,28.36,-8.797602256699582,8.744710860366716,0.419354838709677,-13.204697986577187,3.855410220832858,6782605.05,578,1,25.21413,1,,25.155,21.835,eod,579.0,945.0,1.125,1
2025-03-28,ROBN,13.45,13.04,13.18,3.110773899848256,55846.0,1.4569357552076323,0.6341463414634182,14.1,-6.524822695035461,10.708510638297874,0.3310815285780517,-46.81194511702987,14.028336773008116,1813533.3,581,0,13.00088,1,,13.05,12.55,eod,582.0,945.0,0.3999999999999986,0
2025-03-31,ALP,8.75,8.01,8.6,8.6046511627907,53532.0,2.6840589095835488,0.0,9.6,-10.416666666666668,46.65208333333334,0.1961773768588399,-34.848484848484844,23.39799003744377,1630635.15,576,1,7.98597,1,,7.9999,8.75,stop,577.0,586.0,0.7500999999999998,0
2025-03-31,APLD,5.53,5.312,5.36,4.067164179104477,1098534.0,1.653551901448554,0.3756880733944958,5.72,-6.293706293706284,10.314685314685311,0.4067796610169481,-36.26634958382877,7.604391754654577,22426078.2,586,0,5.296064,1,,5.34,5.53,stop,587.0,685.0,0.1900000000000004,0
2025-03-31,ATON,8.75,8.01,8.6,8.6046511627907,53532.0,2.6840589095835488,0.0,9.6,-10.416666666666668,46.65208333333334,0.1961773768588399,-34.848484848484844,23.39799003744377,1630635.15,576,1,7.98597,1,,7.9999,8.75,stop,577.0,586.0,0.7500999999999998,0
2025-03-31,CAPR,10.88,9.93,10.48,9.064885496183216,119989.0,2.5356636999300624,0.0473684210526314,11.5,-8.869565217391301,7.046956521739142,0.5668805528134251,-35.18862090290662,6.750645640098374,1605374.25,579,1,9.90021,1,,9.87,9.485,eod,580.0,945.0,1.0100000000000016,1
2025-03-31,CONL,13.489,12.8,13.36,5.157185628742516,323412.0,1.4622612336706808,0.1306240928882436,14.14,-5.516265912305524,16.973125884016962,0.0583333333333336,-52.12327539867408,11.600305300674734,6427101.0,575,0,12.7616,1,,12.73,13.489,stop,576.0,609.0,0.7590000000000003,1
2025-03-31,DYN,10.7,10.37,10.7,3.0841121495327117,66334.0,0.7032652793962683,0.1515151515151536,11.45,-6.550218340611353,6.550218340611353,0.2733333333333334,-21.897810218978105,3.51964909314426,1832114.9,577,0,10.33889,1,,10.41,10.7,stop,579.0,869.0,0.2899999999999991,0
2025-03-31,FNGU,12.65,12.115,12.54,4.26634768740032,186223.0,0.9945370109452863,0.0,13.49,-7.042253521126768,11.04521868050408,0.1140939597315435,-37.39109595538492,6.723735565420634,1414669.1,585,1,12.078655,1,,12.035,12.65,stop,586.0,697.0,0.6150000000000002,1
2025-03-31,IONQ,22.27,21.63,21.67,2.953391785879098,935750.0,1.3388221841434738,0.0625000000000041,22.85,-5.164113785557985,7.614879649890584,0.53448275862069,-22.13438735177865,8.4327105290985,22515094.45,581,0,21.56511,1,,21.61,22.27,stop,582.0,593.0,0.6600000000000001,0
2025-03-31,KAZR,10.49,9.61,9.96,8.835341365461854,69685.0,2.7671157898225025,0.9204545454545452,11.29,-11.78033658104516,6.023029229406553,0.2794117647058817,-25.67164179104477,8.261598487712336,1292106.5,579,1,9.58117,0,gap_through,,,,,,,0
2025-03-31,MSTU,5.28,4.98,5.25,5.714285714285711,2782330.0,1.8466898230878857,0.0333333333333326,5.52,-4.89130434782608,25.0,0.014492753623188,-33.79571248423707,14.956736993850496,92346045.0,582,0,4.96506,1,,5.03,5.28,stop,583.0,601.0,0.25,0
2025-03-31,NBIS,21.8,21.06,21.115,3.5046175704475586,950994.0,2.0870109832595083,0.5148648648648638,22.31,-5.356342447333036,14.545047064096822,0.1710323574730353,-36.36226642555757,7.382079790772334,13612129.85,580,0,20.99682,1,,20.9306,21.16,eod,581.0,945.0,0.8694000000000024,1
2025-03-31,NVDX,7.3582,7.155,7.28,2.791208791208789,615500.0,1.1804637967654503,0.1225393700787387,7.93,-8.196721311475404,7.03656998738967,0.1577060931899641,-31.060606060606062,6.51273350411628,16543936.35,580,1,7.133535,1,,7.1,7.3582,stop,581.0,608.0,0.25820000000000043,1
2025-03-31,PLTU,26.07,24.89,25.05,4.7105788423153685,149312.0,1.8803599329821947,0.1499999999999997,28.97,-13.531239212978935,12.77183293061788,0.3162162162162157,-34.42408376963351,11.003216807406805,3959661.3,580,1,24.81533,1,,24.8359,26.07,stop,581.0,601.0,1.2341000000000015,0
2025-03-31,QMCO,13.5,13.01,13.07,3.749043611323644,43488.0,1.3426302171677422,0.2416326530612231,14.15,-7.632508833922262,9.151943462897526,0.0617760617760618,-46.43442622950819,13.352709016034003,2030865.1,575,0,12.97097,1,,13.0,13.5,stop,576.0,597.0,0.5,0
2025-03-31,QURE,11.4,10.1,11.36,11.443661971830991,228473.0,3.681141549374285,0.0076923076923075,12.47,-8.901363271852455,8.660785886126703,0.4351851851851857,-24.114896459585847,4.799726823700523,1086163.75,575,1,10.0697,1,,10.13,10.67,eod,576.0,945.0,1.2699999999999996,0
2025-03-31,RCAT,5.6,5.42,5.465,3.293687099725521,152288.0,1.5617334452368017,0.1388888888888911,5.89,-7.215619694397281,8.12903225806451,0.8538011695906426,-17.523128235311876,6.042544676748475,4072847.85,582,0,5.40374,1,,5.43,5.6,stop,583.0,602.0,0.1699999999999999,0
2025-03-31,RCKT,7.275,6.83,7.21,6.17198335644938,119954.0,1.7920610488704647,0.1348314606741563,7.59,-5.006587615283266,6.06060606060606,0.2391304347826074,-23.46072186836518,3.878718422157217,1578165.65,575,1,6.80951,1,,6.81,6.67,eod,576.0,945.0,0.4650000000000007,0
2025-03-31,ROBN,11.69,11.22,11.41,4.119193689745828,165549.0,1.8221279032515327,0.0638297872340413,12.72,-10.298742138364783,12.264150943396215,0.5320512820512825,-53.954802259887,13.934856529920667,1883295.95,575,1,11.18634,1,,11.19,11.69,stop,576.0,594.0,0.5,0
2025-03-31,SKBL,10.49,9.61,9.96,8.835341365461854,69685.0,2.7671157898225025,0.9204545454545452,11.29,-11.78033658104516,6.023029229406553,0.2794117647058817,-25.67164179104477,8.261598487712336,1292106.5,579,1,9.58117,0,gap_through,,,,,,,0
2025-03-31,SOXL,15.1,14.56,15.07,3.5832780358327745,6138798.0,1.009591735296009,0.0740740740740726,16.03,-5.988771054273243,11.540860885839049,0.1567567567567573,-36.493889591234726,6.9225833315096335,114932419.55,584,0,14.51632,1,,14.45,15.1,stop,585.0,601.0,0.6500000000000004,1
2025-03-31,TSLR,14.14,13.31,13.92,5.96264367816092,418424.0,1.80705082860864,0.1084337349397588,15.64,-10.99744245524297,12.148337595907918,0.1789473684210527,-38.54304635761589,12.026092340452765,4228730.15,585,1,13.27007,1,,13.37,14.17,stop,586.0,602.0,0.7700000000000014,0
2025-03-31,UMAC,6.29,5.95,6.08,5.592105263157892,24770.0,1.565387316159949,0.0294117647058817,6.68,-8.982035928143707,9.272455089820356,0.7749434937035837,-23.809523809523814,8.582341033784921,882100.6,575,1,5.93215,1,,5.945,6.29,stop,576.0,927.0,0.3449999999999997,0
2025-03-31,VERA,25.0,23.695,24.98,5.224179343474779,59732.0,1.0769491836305225,0.0,26.63,-6.196019526849413,3.0980097634247064,0.6848484848484827,-18.2457862870234,2.118842635197995,722739.2,577,1,23.623915,1,,23.805,24.125,eod,578.0,945.0,1.1950000000000005,0
2025-04-01,PHAT,5.91,5.65,5.84,4.452054794520544,56045.0,2.182639338422283,0.1538461538461541,6.27,-6.858054226475276,7.974481658692185,0.2199999999999988,-16.33237822349571,8.242796372351888,1399054.5,576,1,5.633050000000001,0,gap_through,,,,,,,0
2025-04-02,MLGO,20.5,18.75,19.46,8.992805755395683,409230.0,3.752075891682805,0.2857142857142857,22.6,-13.893805309734514,67.16238938053097,0.354358410140526,-39.93827160493827,102.6783231559097,33176967.95,628,1,18.69375,1,,18.6617,18.2488,eod,629.0,945.0,1.8383000000000003,1
2025-04-03,AAL,9.98,9.76,9.975,2.2055137844611594,4517516.0,1.0965997339892353,0.3409090909090947,10.59,-5.807365439093486,5.099150141643069,0.9074074074074062,-28.39195979899497,3.21656774858436,66240851.6,600,0,9.73072,1,,9.755,9.505,eod,601.0,945.0,0.2249999999999996,0
2025-04-03,AAOI,14.87,14.5,14.84,2.493261455525601,271986.0,1.1292984260106946,0.6756756756756771,15.96,-7.0175438596491295,11.65413533834586,0.7473118279569898,-37.38396624472573,11.385168073726206,4601153.5,576,0,14.4565,1,,14.43,14.21,lock,577.0,750.0,0.4399999999999995,1
2025-04-03,AAPU,24.319,23.61,23.88,2.969011725293131,156588.0,1.5043540459153837,0.8715091678420348,28.49,-16.18111618111618,3.4749034749034693,0.6565656565656561,-29.599056603773597,3.8800155701755767,841436.75,579,1,23.53917,1,,23.57,22.79,eod,580.0,945.0,0.7489999999999988,0
2025-04-03,ACMR,22.39,21.59,21.785,3.6722515492311256,103100.0,2.0740918982548364,0.6812500000000016,23.39,-6.861906797776829,3.847798204360832,0.5555555555555565,-28.900130548302872,3.774366758876648,1559813.15,585,0,21.52523,1,,21.51,22.39,stop,586.0,733.0,0.879999999999999,1
2025-04-03,AEHR,7.43,7.22,7.22,2.9085872576177283,19803.0,0.7385313433232523,0.8857142857142856,7.84,-7.908163265306125,6.377551020408164,0.5,-26.4765784114053,4.585931914265947,848169.75,582,0,7.19834,1,,7.21,6.9091,eod,583.0,945.0,0.2199999999999997,0
2025-04-03,AEO,11.61,11.22,11.26,3.463587921847236,366061.0,1.045832426076555,0.7820512820512837,12.65,-10.988142292490124,5.731225296442699,0.8413793103448276,-13.78254211332313,3.843175911298831,7972011.55,589,1,11.18634,0,ssr_no_uptick,,,,,,,0
2025-04-03,AESI,17.672,17.295,17.46,2.159221076746844,32700.0,0.6413113769117529,0.0132625994694934,18.4,-5.108695652173901,4.345652173913052,0.8129064532266098,-8.104779498839463,1.426464820326091,1678829.45,575,0,17.243115000000003,1,,17.25,15.83,eod,576.0,945.0,0.4220000000000006,0
2025-04-03,AIOT,5.19,5.12,5.19,1.3487475915221634,27964.0,0.6796610803718355,0.4285714285714304,5.64,-7.978723404255307,6.737588652482268,0.894736842105263,-18.65203761755485,3.533744992169089,1514764.25,583,0,5.10464,1,,5.105,4.81,eod,584.0,945.0,0.0849999999999999,0
2025-04-03,ALMS,8.72,7.88,8.72,9.633027522935787,52716.0,3.709117211903843,0.1904761904761894,9.84,-11.382113821138203,34.65447154471545,0.8299120234604106,-16.31477927063339,12.250232381391529,1423975.3,577,1,7.85636,1,,7.92,8.72,stop,578.0,620.0,0.8000000000000007,0
2025-04-03,AMZU,27.91,27.36,27.59,1.9934758970641564,88742.0,0.8787542952880576,0.3272727272727263,31.79,-13.211701793016667,10.443535703051277,0.7861445783132528,-22.91142777312098,3.784020353729437,1085558.05,581,1,27.27792,1,,27.2805,26.96575,lock,582.0,697.0,0.6295000000000002,0
2025-04-03,APA,19.78,19.28,19.76,2.530364372469636,356963.0,1.2300956380995085,0.0599999999999951,21.24,-6.967984934086615,2.683615819209041,0.8947368421052592,-8.050255932992076,1.4363985139526156,6826311.1,575,0,19.22216,1,,19.27,17.82,eod,576.0,945.0,0.5100000000000016,0
2025-04-03,ARHS,8.02,7.81,7.99,2.6282853566958693,144559.0,0.7883404470547816,0.1904761904761907,8.82,-9.410430839002268,8.390022675736944,0.5945945945945952,-19.57725213890287,3.427557609495767,2237573.15,578,1,7.786569999999999,0,gap_through,,,,,,,0
2025-04-03,AROC,25.48,25.0401,25.35,1.7353057199211104,27617.0,0.8740916166523758,1.0,27.11,-6.4920693471043815,4.573957949096269,0.943548387096774,-8.483754512635372,2.4059185504433214,1506992.85,612,0,24.9649797,1,,25.01,24.42,eod,613.0,945.0,0.4699999999999988,0
2025-04-03,AS,26.16,25.55,25.705,2.3730791674771425,61456.0,1.1237817006415851,0.1967213114754116,28.36,-9.361777150916788,6.452750352609303,0.9508196721311476,-13.625672043010765,3.010977528800711,3793410.1,606,1,25.47335,1,,25.47,24.655,eod,607.0,945.0,0.6900000000000013,1
2025-04-03,ASPN,6.06,5.85,6.03,3.482587064676616,178020.0,1.1062803857057668,0.8095238095238093,6.42,-6.074766355140183,5.373831775700931,0.8405797101449283,-25.784615384615385,3.2672374876646773,1408781.7,589,0,5.83245,1,,5.83,5.56,eod,590.0,945.0,0.22999999999999954,1
2025-04-03,BE,20.0972,19.11,19.45,5.075578406169673,228065.0,1.44870965484848,0.8002431118314405,21.12,-7.907196969696978,5.681818181818178,0.6166666666666687,-26.68676969468527,4.364437655689827,5901158.3,633,0,19.05267,1,,19.06,19.045,eod,634.0,945.0,1.037200000000002,0
2025-04-03,BTU,12.79,12.4,12.49,3.122497998398709,241944.0,1.3013648190760674,0.5569230769230789,13.29,-6.019563581640323,3.5364936042136863,0.7021276595744661,-16.454849498327754,3.669717174291757,4522763.65,583,0,12.3628,1,,12.3988,11.9,eod,584.0,945.0,0.3911999999999995,0
2025-04-03,CALY,6.37,6.22,6.26,2.396166134185309,72637.0,1.082431369913192,0.3333333333333313,6.73,-6.983655274888568,8.841010401188704,0.957983193277312,-10.122038765254846,3.7898368569375056,2833495.45,578,0,6.20134,1,,6.21,5.965,eod,579.0,945.0,0.1600000000000001,0
2025-04-03,CAPR,9.4311,9.09,9.09,3.752475247524762,32379.0,1.3163576567137136,0.8208736440926375,9.74,-6.6735112936345,7.340862422997945,0.7412587412587405,-38.3728813559322,7.377442214937046,1502488.1,592,0,9.06273,1,,9.125,9.2956,eod,593.0,945.0,0.3061000000000007,0
2025-04-03,CLF,8.049,7.9,7.98,1.867167919799488,958822.0,1.0874131209952276,0.3859060402684534,8.73,-8.59106529209622,10.080183276059564,0.9545454545454556,-24.216524216524206,4.810401717383745,23537733.6,589,0,7.8763,1,,7.8688,7.305,eod,590.0,945.0,0.18019999999999925,1
2025-04-03,CLMT,12.77,12.16,12.2,4.999999999999996,31857.0,1.2266510855317714,0.5245901639344271,13.15,-7.224334600760464,6.8441064638783295,0.6555555555555551,-10.029498525073755,4.695464997500789,1191078.3,591,0,12.12352,0,gap_through,,,,,,,0
2025-04-03,COGT,5.53,5.39,5.39,2.597402597402608,16922.0,0.7818959797656375,1.0,5.72,-5.769230769230771,7.867132867132855,0.5333333333333327,-31.51207115628971,3.818900111319564,1193399.45,634,0,5.37383,1,,5.37,5.53,stop,635.0,814.0,0.16000000000000014,1
2025-04-03,CPRI,18.2,17.38,18.19,4.5079714128642125,209715.0,1.4244401197597991,0.0243902439024384,19.63,-7.335710646968914,4.431991849210397,0.5517241379310344,-20.435657422797643,3.5526696919971097,3611888.05,575,1,17.327859999999998,0,gap_through,,,,,,,0
2025-04-03,CRGY,10.51,10.2,10.51,2.9495718363463417,91179.0,0.9931176625426784,0.2580645161290321,11.18,-5.992844364937388,3.130590339892678,0.8857142857142836,-11.45745577085088,2.0716994694440296,4284354.2,576,0,10.1694,1,,10.22,9.2501,eod,577.0,945.0,0.2899999999999991,0
2025-04-03,CRNC,7.9032,7.71,7.85,2.4611464968152874,43755.0,0.8529116652220707,0.5693581780538318,8.42,-6.769596199524944,10.985748218527323,0.9081081081081072,-27.84926470588236,5.040447198674455,1219554.6,584,0,7.68687,1,,7.67,7.635,eod,585.0,945.0,0.23320000000000007,1
2025-04-03,CWH,15.9,15.37,15.8,3.354430379746842,154581.0,0.8690704394639167,0.1415094339622658,16.78,-5.840286054827177,6.8533969010726965,0.8521739130434797,-15.95699977127538,3.4735102645882434,1752836.3,575,0,15.32389,1,,15.23,14.12,eod,576.0,945.0,0.6699999999999999,1
2025-04-03,CZR,24.82,24.01,24.4,3.319672131147536,339811.0,1.6263259268153345,0.1851851851851837,26.27,-7.118385991625432,6.92805481537876,0.9010989010989012,-19.47194719471948,3.2208526565998685,6014833.3,583,0,23.93797,1,,23.82,23.985,eod,584.0,945.0,1.0,1
2025-04-03,DBRG,8.7991,8.64,8.69,1.8308400460299044,94539.0,1.0788929389213928,0.3771213073538605,9.19,-5.44069640914037,6.583242655059853,0.876033057851238,-18.785046728971963,2.7331027052891868,2661118.65,587,0,8.614080000000001,1,,8.58,8.24,eod,588.0,945.0,0.21909999999999918,1
2025-04-03,DFTX,5.75,5.56,5.62,3.3807829181494733,110991.0,1.2540234754967283,0.8421052631578938,5.97,-5.862646566164149,12.22613065326633,0.8766954377311962,-20.283687943262407,3.6670463505738153,1255844.75,598,0,5.54332,1,,5.59,5.585,eod,600.0,945.0,0.1600000000000001,0
2025-04-03,DNA,5.6892,5.5,5.5,3.4399999999999924,69733.0,0.8020652716685607,0.8456659619450343,5.96,-7.718120805369128,14.1778523489933,0.7218934911242602,-33.49455864570737,5.581398834380889,1270900.6,585,0,5.4835,1,,5.51,5.6892,stop,586.0,738.0,0.1791999999999998,0
2025-04-03,DNLI,13.2434,12.61,12.87,4.9215229215229215,38304.0,1.3709536355116714,1.0,13.74,-6.331877729257649,20.087336244541483,0.605072463768116,-24.160282852091928,5.556339432975248,1470990.5,616,0,12.57217,1,,12.62,12.78,eod,617.0,945.0,0.6234000000000002,0
2025-04-03,EXTR,12.695,12.15,12.29,4.434499593165175,35246.0,1.8613363802092004,0.7522935779816518,13.42,-8.420268256333836,6.0730253353204136,0.7055214723926376,-20.1948051948052,2.5852150172093067,1126025.8,619,0,12.11355,1,,12.11,11.68,eod,620.0,945.0,0.5850000000000009,1
2025-04-03,EYPT,5.12,5.01,5.03,2.186878727634201,46619.0,0.4701659232686123,0.9545454545454556,5.37,-6.331471135940407,9.31098696461825,0.9000000000000004,-33.90275952693823,3.864183948411709,769587.1,582,0,4.99497,1,,4.97,4.965,eod,583.0,945.0,0.15000000000000036,1
2025-04-03,FBL,27.4,27.0,27.16,1.4727540500736325,90979.0,0.7797412241869172,0.5722500000000006,31.24,-13.06017925736235,6.562099871959029,0.5463414634146327,-31.300335909992302,4.929016115100569,980762.1,575,1,26.919,1,,26.8136,27.4,stop,576.0,697.0,0.5863999999999976,1
2025-04-03,FNGU,12.15,11.85,11.87,2.527379949452407,201778.0,0.8872917635216615,0.9166666666666656,14.15,-16.113074204947004,10.353356890459365,0.723549488054608,-33.35204941044357,6.578620915358285,1551218.15,583,1,11.81445,1,,11.85,12.16,stop,584.0,595.0,0.3000000000000007,0
2025-04-03,FNKO,6.51,6.27,6.4,3.750000000000004,40336.0,0.9103705522651636,0.0208333333333365,6.83,-6.295754026354315,4.758418740849197,0.4769230769230774,-42.67801164352888,4.725082838253887,1480814.45,575,0,6.251189999999999,1,,6.268,5.545,eod,576.0,945.0,0.242,0
2025-04-03,FORM,27.78,27.16,27.16,2.2827687776141423,18273.0,0.6365259796522992,0.9516129032258048,28.73,-5.464671075530805,4.681517577445176,0.7137546468401499,-18.85270391395279,2.774797669292832,787468.45,577,0,27.07852,1,,27.175,25.48,eod,580.0,945.0,0.6050000000000004,0
2025-04-03,FOXF,23.85,23.145,23.62,2.9847586790855285,21653.0,1.2068923724292044,0.205673758865247,24.87,-5.026135906714917,7.639726578206668,0.978947368421053,-12.90560471976401,3.102038366307993,617990.2,577,0,23.075565,1,,23.1,20.79,eod,578.0,945.0,0.75,0
2025-04-03,FSLY,6.26,6.19,6.25,1.1199999999999903,64563.0,0.6105734712229873,0.2142857142857115,6.61,-5.446293494704997,4.538577912254158,0.9333333333333348,-15.654520917678813,2.553217903204741,2851569.9,577,0,6.17143,1,,6.195,5.995,eod,578.0,945.0,0.0649999999999995,0
2025-04-03,GAP,19.85,18.96,19.06,4.669464847848902,59349.0,1.2092651505262726,0.5056179775280888,22.38,-14.834673815907063,7.283288650580872,0.9141104294478524,-18.250053613553515,5.371101099885954,11723808.9,581,1,18.90312,1,,18.92,17.86,eod,582.0,945.0,0.9299999999999996,0
2025-04-03,HAL,24.18,23.87,24.11,1.2857735379510524,466238.0,0.5267137234100855,0.1290322580645139,25.7,-6.186770428015564,2.8404669260700266,0.9452054794520556,-8.117378048780484,1.3748915589240107,12933383.95,582,0,23.79839,1,,23.81,22.4,eod,583.0,945.0,0.370000000000001,0
2025-04-03,HERE,5.69,5.3,5.69,6.854130052724088,162110.0,3.2179262365705967,0.2564102564102574,6.17,-7.779578606158825,53.970826580226905,0.4624624624624625,-28.517587939698487,14.90811615716185,1963669.45,581,1,5.2841,1,,5.2981,5.69,stop,582.0,595.0,0.3919000000000006,0
2025-04-03,HP,25.0861,24.5,24.89,2.35476094817195,64973.0,0.8554192148619192,0.8275038389353367,26.78,-7.057505601194923,3.2113517550410733,1.0,-7.230711889675728,1.7868209310424314,1478870.65,591,0,24.4265,1,,24.45,22.69,eod,592.0,945.0,0.636099999999999,0
2025-04-03,HPE,15.3,15.04,15.13,1.7184401850627993,1133447.0,0.7001203484096591,0.1923076923076938,16.12,-6.141439205955336,5.024813895781629,0.9012345679012366,-19.03722254329073,3.601219321569672,28587152.5,575,0,14.994879999999998,1,,14.96,13.675,eod,576.0,945.0,0.33999999999999986,1
2025-04-03,HPQ,25.94,24.42,25.88,5.87326120556414,1384883.0,1.4686850821407316,0.0263157894736836,27.88,-7.173601147776183,2.062410329985663,0.678260869565215,-15.452466514211045,1.5664337399757997,8111265.45,575,1,24.34674,0,gap_through,,,,,,,0
2025-04-03,IONX,28.76,26.56,26.56,8.283132530120493,21548.0,1.1155708794688266,0.7704545454545446,31.99,-16.974054391997498,21.92622694592061,0.743947991217815,-33.266331658291456,15.638288877551789,388701.1875,585,1,26.48032,0,ssr_no_uptick,,,,,,,0
2025-04-03,KOLD,19.09,18.88,19.027,1.10369474956641,207239.0,0.5232285137019027,0.6666666666666666,20.46,-7.003910068426196,4.398826979472133,0.6888888888888911,-17.729975137822937,5.887389626395453,9003796.6,579,0,18.82336,1,,18.82,19.09,stop,580.0,607.0,0.2699999999999996,1
2025-04-03,LBRT,15.06,14.55,14.97,3.4068136272545075,65944.0,1.3233700627157448,0.2941176470588209,16.08,-6.902985074626852,4.011194029850744,0.8992248062015483,-9.024612579762977,2.159393842009147,3380255.05,582,0,14.50635,1,,14.51,13.05,eod,583.0,945.0,0.5500000000000007,0
2025-04-03,LEVI,15.94,15.51,15.77,2.726696258719085,76351.0,0.9961825985056456,0.2093023255813951,16.73,-5.738194859533777,5.1404662283323335,0.767441860465117,-6.90672963400237,2.268820715206316,1914631.15,575,0,15.46347,0,gap_through,,,,,,,0
2025-04-03,LUNR,7.77,7.5801,7.6,2.4986842105263123,398172.0,1.34455352257046,0.7014218009478705,8.305,-8.488862131246238,12.703190848886209,0.9668246445497628,-46.02272727272727,12.047936431970664,17216842.25,603,0,7.5573597,1,,7.54,7.77,stop,604.0,739.0,0.22999999999999954,1
2025-04-03,LX,9.96,9.75,9.86,2.129817444219076,172391.0,1.178408521682342,0.2380952380952405,10.4,-5.1923076923077005,2.7403846153846168,0.7368421052631605,-15.255694026643752,5.299280019185012,4603369.6,575,0,9.72075,1,,9.76,9.96,stop,576.0,609.0,0.200000000000001,0
2025-04-03,M,12.17,11.85,11.9,2.6890756302521037,385274.0,0.9879607480430548,0.5937499999999979,13.19,-9.780136467020464,4.3972706595906,0.8103448275862049,-17.53291753291753,3.02659733857082,7646999.2,578,1,11.81445,0,ssr_no_uptick,,,,,,,0
2025-04-03,MAC,17.0539,16.73,16.78,1.9302741358760325,128019.0,0.7611658562669987,0.0,17.71,-5.251270468661772,6.719367588932814,0.80672268907563,-7.138904261206415,2.681749607535518,2559706.8,575,0,16.67981,1,,16.68,15.57,eod,576.0,945.0,0.373899999999999,0
2025-04-03,MAT,18.605,18.2,18.57,2.18093699515348,115094.0,0.6105660248203326,0.0493827160493815,19.87,-6.542526421741322,3.422244589833919,0.9411764705882364,-12.98031865042174,1.5778232632409173,3826224.75,576,0,18.1454,1,,18.12,16.845,eod,577.0,945.0,0.48499999999999943,1
2025-04-03,METU,27.36,26.99,27.16,1.3622974963181185,43683.0,0.7427260774217886,0.3783783783783789,31.16,-12.836970474967908,6.5147625160462175,0.5517241379310347,-31.69014084507042,4.9047530984785,657464.65,575,1,26.90903,1,,26.82,27.36,stop,576.0,698.0,0.5399999999999991,1
2025-04-03,MGNI,10.8199,10.35,10.65,4.412206572769961,228020.0,1.674204873477355,0.829963822089806,11.51,-7.471763683753253,5.111207645525632,0.6289308176100613,-25.36790469516468,3.8805995732101377,2658577.6,589,1,10.31895,0,gap_through,,,,,,,0
2025-04-03,MUR,27.455,27.05,27.11,1.4939136849870809,147200.0,0.8520427543965611,0.1111111111111072,29.21,-7.189318726463545,3.2523108524478013,0.947368421052631,-7.347915242652093,1.97841995268928,3360700.85,575,0,26.96885,1,,26.92,25.42,eod,576.0,945.0,0.5349999999999966,1
2025-04-03,MXL,11.39,11.1,11.25,2.577777777777786,19814.0,0.6486268356534949,0.7068965517241359,12.19,-7.711238720262506,8.121410992616902,0.8888888888888877,-16.666049378143544,4.378388814303192,1300639.7,599,0,11.0667,1,,11.01,10.31,eod,600.0,945.0,0.3800000000000008,1
2025-04-03,NCLH,18.28,17.55,18.18,4.015401540154018,1123228.0,1.2359974879698463,0.1575342465753402,19.5,-6.76923076923077,4.794871794871806,0.9090909090909084,-13.552068473609136,2.8563174277434107,14491204.75,585,1,17.49735,1,,17.44,16.305,eod,586.0,945.0,0.8399999999999999,1
2025-04-03,NE,22.69,22.243,22.56,1.9813829787234165,84828.0,0.7803439138120526,0.6532438478747199,24.17,-6.661150186181228,3.1857674803475367,0.6623376623376648,-10.618066561014263,2.944617536509076,2310689.75,589,0,22.176271,1,,22.18,20.95,eod,590.0,945.0,0.5100000000000016,0
2025-04-03,NFE,7.92,7.7,7.84,2.806122448979589,325571.0,1.3833331595206655,0.7259090909090915,8.57,-8.518086347724624,15.869311551925325,1.0,-37.728355837966646,7.481494591207855,7735868.8,583,1,7.6769,1,,7.645,6.93,eod,584.0,945.0,0.27500000000000036,1
2025-04-03,NOG,28.62,28.04,28.56,2.0308123249299785,62669.0,0.8637826991276748,0.6465517241379289,30.6,-6.666666666666675,5.653594771241831,0.7803468208092492,-9.591642924976265,1.7934156462126916,1635856.25,591,0,27.95588,1,,27.95,26.085,eod,592.0,945.0,0.6700000000000017,1
2025-04-03,OUST,8.4703,8.21,8.33,3.1248499399759795,114958.0,1.725382936484398,1.0,8.92,-6.614349775784752,7.0627802690583055,0.7460317460317462,-30.75644222776392,8.241574333644115,1508671.6,582,0,8.18537,1,,8.24,8.12,eod,583.0,945.0,0.2302999999999997,0
2025-04-03,OWL,19.565,19.3,19.55,1.3554987212276242,161168.0,0.813314313340859,0.3773584905660289,21.16,-7.60869565217391,6.285444234404529,0.984962406015038,-10.648994515539298,2.76653222641702,7649137.75,582,0,19.2421,1,,19.25,17.81,eod,583.0,945.0,0.3150000000000013,0
2025-04-03,PBF,18.48,17.85,18.1,3.480662983425409,102906.0,1.1546434344560428,0.4761904761904724,19.55,-7.416879795396415,3.836317135549872,0.853333333333334,-19.79616705439237,3.078369205184648,2585446.4,577,0,17.79645,1,,17.75,16.575,eod,578.0,945.0,0.7300000000000004,1
2025-04-03,PENN,16.29,16.07,16.26,1.3530135301352944,63355.0,0.5245466109326099,0.3863636363636422,17.17,-5.299941758881771,7.33838089691323,0.9841269841269844,-19.405204460966537,3.7097255958809736,3850437.7,583,0,16.02179,1,,15.98,15.825000000000001,lock,584.0,746.0,0.3099999999999987,1
2025-04-03,PGY,10.19,10.0,10.07,1.886792452830184,168831.0,0.9340464873372,0.5694736842105282,11.1,-9.279279279279272,12.792792792792792,0.8732394366197185,-20.708661417322823,5.211285005891076,1595079.25,621,1,9.97,0,gap_through,,,,,,,0
2025-04-03,PTEN,7.945,7.81,7.92,1.704545454545463,223276.0,0.8617894528542893,0.5555555555555541,8.56,-7.476635514018698,5.0817757009345845,0.9195402298850572,-9.382151029748286,2.614221324687912,12199693.5,578,0,7.786569999999999,1,,7.77,6.92,eod,579.0,945.0,0.1750000000000007,1
2025-04-03,PTON,5.8463,5.71,5.84,2.3339041095890463,479133.0,1.2333916208004794,0.696991929567128,6.31,-7.448494453248807,8.795562599049124,0.5765765765765758,-20.86720867208672,5.616928777417702,14814739.0,587,0,5.69287,1,,5.685,5.604349999999999,lock,588.0,722.0,0.16130000000000067,1
2025-04-03,PUMP,7.21,6.93,7.03,3.982930298719776,41092.0,0.9819059186876444,0.8749999999999996,7.59,-7.378129117259546,3.096179183135709,0.8936170212765944,-10.10230179028133,2.5225914687109,1636376.85,602,0,6.90921,1,,6.905,6.325,eod,603.0,945.0,0.3049999999999997,1
2025-04-03,REAL,5.43,5.22,5.28,3.977272727272727,116311.0,0.910750427646152,1.0,5.88,-10.204081632653056,11.56462585034013,0.7647058823529409,-24.46351931330472,5.196527676919199,2933313.7,583,1,5.204339999999999,0,ssr_no_uptick,,,,,,,0
2025-04-03,RETL,5.6491,5.49,5.49,2.8979963570127425,61234.0,1.1150929356635833,0.8177247014456317,6.71,-18.18181818181818,11.473919523099848,0.8312767891934015,-22.07239176721078,4.911901856034715,562805.75,585,1,5.47353,1,,5.46,5.36545,lock,586.0,749.0,0.18909999999999982,1
2025-04-03,RIOT,7.47,7.275,7.275,2.680412371134012,836612.0,1.1581795249604354,0.7179487179487185,8.02,-9.28927680798004,9.476309226932678,0.9473684210526304,-17.61041902604756,5.2669250132253245,23210327.5,583,0,7.253175000000001,1,,7.255,7.47,stop,584.0,749.0,0.2149999999999998,0
2025-04-03,ROBN,11.4,10.22,10.23,11.5347018572825,86386.0,2.7946860596985017,0.8869491525423728,13.16,-22.2644376899696,14.057750759878418,0.6864864864864864,-47.53846153846153,13.45128137553565,2004569.8,613,1,10.18934,0,ssr_no_uptick,,,,,,,0
2025-04-03,RVLV,20.42,19.55,20.42,4.260528893241925,53145.0,1.3908744054087674,0.5172413793103434,22.43,-8.961212661613901,5.127061970575117,0.6869565217391306,-19.447731755424066,3.888909086885661,1258686.15,578,1,19.49135,1,,19.47,18.79,eod,580.0,945.0,0.9500000000000028,1
2025-04-03,SCVL,21.755,21.01,21.28,3.500939849624048,42245.0,1.096341511497257,0.2281879194630855,23.0,-7.4782608695652115,5.73913043478261,0.9848484848484852,-10.999581764951898,2.31341255439122,633670.2,577,0,20.94697,1,,20.87,19.34,eod,578.0,945.0,0.884999999999998,1
2025-04-03,SEDG,16.11,15.65,15.83,2.905874921036001,89824.0,0.9922157252969596,0.9130434782608712,16.83,-5.941770647652991,6.298276886512173,0.7735849056603752,-11.908736783528097,3.613096299800403,2483307.85,597,0,15.60305,1,,15.64,15.415,eod,598.0,945.0,0.4699999999999988,0
2025-04-03,SERV,5.5,5.34,5.4,2.962962962962965,178982.0,1.166217656440255,0.8750000000000028,5.88,-8.163265306122442,9.49659863945578,0.7521489971346706,-34.86127864897466,6.451181278615474,4529395.65,627,0,5.32398,1,,5.41,5.5,stop,628.0,727.0,0.0899999999999998,0
2025-04-03,SG,24.335,23.76,24.22,2.37407101568951,57524.0,1.1058395256184956,1.0,25.56,-5.242566510172144,5.594679186228481,0.776223776223776,-10.791896869244937,2.564052538702715,3464771.6,583,0,23.68872,1,,23.644,22.115,eod,584.0,945.0,0.6910000000000025,1
2025-04-03,SHOE,21.755,21.01,21.28,3.500939849624048,42245.0,1.096341511497257,0.2281879194630855,23.0,-7.4782608695652115,5.73913043478261,0.9848484848484852,-10.999581764951898,2.31341255439122,633670.2,577,0,20.94697,1,,20.87,19.34,eod,578.0,945.0,0.884999999999998,1
2025-04-03,SHOO,26.27,25.33,25.82,3.640588690937263,76244.0,1.299241233036773,0.0638297872340448,28.28,-8.6987270155587,4.632248939179628,0.8702290076335891,-13.688784890523143,3.1294127137092884,1897637.55,577,1,25.25401,1,,25.25,23.58,eod,578.0,945.0,1.0199999999999996,1
2025-04-03,SM,28.3,27.81,28.3,1.7314487632508904,48876.0,0.8084074487898073,0.0,30.52,-7.273918741808647,5.504587155963302,0.8809523809523814,-12.27526348419094,2.638045030747908,2682337.2,576,0,27.72657,1,,27.78,25.485,eod,577.0,945.0,0.5199999999999996,0
2025-04-03,SNBR,6.5,6.02,6.14,7.817589576547239,25088.0,2.767031553971029,0.3958333333333338,6.88,-10.755813953488376,8.575581395348836,0.6610169491525419,-40.56147144240077,7.156226817626236,1112210.45,585,1,6.001939999999999,1,,5.99,5.595,eod,586.0,945.0,0.5099999999999998,1
2025-04-03,SOC,24.66,23.63,24.22,4.252683732452524,60416.0,1.982066519197233,0.8252427184466025,26.21,-7.592521938191537,4.311331552842436,1.0,-10.49519586104952,2.953903473073896,1053005.35,630,1,23.55911,1,,23.49,22.135,eod,631.0,945.0,1.1700000000000017,1
2025-04-03,SOFI,11.416,11.13,11.14,2.567324955116693,2807105.0,0.9116949947397224,0.961538461538458,12.31,-9.504467912266447,7.709179528838342,0.8008429926238144,-19.856115107913663,4.637132644085459,49435302.95,588,0,11.09661,1,,11.135,10.59,eod,589.0,945.0,0.2810000000000006,0
2025-04-03,SONO,10.015,9.61,9.99,4.054054054054065,189551.0,1.1898509130120898,0.0,10.77,-7.242339832869075,3.899721448467966,0.7619047619047628,-23.711340206185568,2.390730457622962,1436566.3,575,1,9.58117,1,,9.545,8.995,eod,576.0,945.0,0.47000000000000064,1
2025-04-03,SOXL,14.12,13.7246,13.81,2.8631426502534296,7628838.0,1.2201208652141668,0.848254931714722,16.26,-15.06765067650677,11.439114391143915,0.6612903225806459,-35.376696303228826,6.210089719046053,112204479.6,576,1,13.6834262,1,,13.67,11.553,eod,577.0,945.0,0.4499999999999993,1
2025-04-03,SVIX,18.68,18.1,18.1173,3.2013600260524377,1343849.0,1.2198023813786925,0.8448275862068964,20.78,-12.813763233878731,8.180461982675647,0.8000470615918582,-22.634822080545224,4.497463062693164,5830884.9,585,1,18.0457,1,,18.005,17.667499999999997,lock,586.0,694.0,0.6750000000000007,1
2025-04-03,SYM,20.4,19.75,20.25,3.20987654320987,131538.0,1.29766169617859,0.3307692307692312,22.03,-8.079891057648664,9.927371765773934,0.7910379515317798,-15.094339622641517,4.3863945225578425,1212808.5,583,1,19.69075,0,ssr_no_uptick,,,,,,,0
2025-04-03,TALO,8.96,8.68,8.95,3.1284916201117445,52258.0,1.1125511780748305,0.4642857142857152,9.56,-6.380753138075327,2.9288702928870225,0.92857142857143,-9.687184661957629,2.2721681881838696,1797559.55,582,0,8.65396,1,,8.65,8.205,eod,583.0,945.0,0.3100000000000005,1
2025-04-03,TIGR,8.22,8.1,8.12,1.4778325123152831,216989.0,0.7916394457358833,0.5833333333333308,8.65,-6.127167630057817,3.468208092485537,0.5666666666666684,-18.800000000000008,6.343416974588098,7635857.7,576,0,8.0757,1,,8.08,8.22,stop,577.0,618.0,0.1400000000000005,0
2025-04-03,TNA,27.12,26.27,26.28,3.2343987823439933,1222584.0,0.8745427499589873,0.9705882352941152,30.63,-14.20176297747306,9.71269996735226,0.9092436974789916,-22.58064516129032,4.042594645678653,13770227.55,595,1,26.19119,1,,26.1745,25.701749999999997,lock,596.0,732.0,0.9455000000000027,1
2025-04-03,TSSI,7.25,6.82,6.83,6.295754026354315,122886.0,1.410155557102291,0.9841860465116276,7.67,-10.951760104302476,11.60365058670143,0.6292134831460672,-33.88189738625363,6.033868823483977,947886.35,620,1,6.79954,1,,6.755,6.7799,eod,621.0,945.0,0.4950000000000001,1
2025-04-03,VET,7.84,7.65,7.66,2.480417754569184,34299.0,0.6183630159974416,0.7368421052631582,8.19,-6.471306471306463,4.09035409035409,0.9552238805970132,-9.616519174041292,3.003891628165275,1175505.25,634,0,7.62705,1,,7.59,7.315,eod,635.0,945.0,0.25,1
2025-04-03,VFC,14.57,13.26,14.5,9.034482758620694,931052.0,2.6842776870177074,0.0280916030534347,16.39,-11.531421598535696,4.636973764490531,0.7763157894736861,-39.33054393305439,3.399212464753533,10869477.65,589,1,13.22022,1,,13.17,11.625,eod,590.0,945.0,1.4000000000000004,1
2025-04-03,VNET,7.78,7.63,7.655,1.9595035924232571,205760.0,0.9085527927180022,0.0,8.12,-5.726600985221663,4.064039408866996,0.6666666666666631,-41.96360879454132,5.591132342518001,11102131.95,577,0,7.60711,1,,7.575,7.3371,eod,578.0,945.0,0.20500000000000007,1
2025-04-03,VSAT,9.64,9.42,9.57,2.29885057471265,48471.0,1.2305565256643507,0.4999999999999959,10.28,-6.90661478599221,10.651750972762652,0.8082191780821911,-21.169686985172984,4.488599813278445,2518130.95,594,0,9.39174,1,,9.355,9.645,stop,595.0,750.0,0.28500000000000014,1
2025-04-03,WBD,10.136,9.985,10.03,1.5054835493519425,667785.0,0.8061267653653451,0.3311258278145746,10.56,-5.018939393939405,5.587121212121211,0.9152542372881374,-11.356606274856388,3.227941009890104,42221825.65,583,0,9.955045,1,,9.96,9.135,eod,584.0,945.0,0.1759999999999983,0
2025-04-03,WRBY,17.045,16.76,16.92,1.684397163120568,59567.0,0.926461196421342,0.4912280701754278,18.4,-8.043478260869549,7.065217391304353,0.3615384615384605,-27.999999999999996,3.950278710423085,2486871.0,581,0,16.70972,1,,16.63,16.4225,lock,582.0,716.0,0.4150000000000027,1
2025-04-03,WTF,6.55,6.1,6.15,7.317073170731709,58706.0,3.516598792933286,0.1333333333333344,7.03,-12.51778093883357,167.14082503556187,0.0621276595744681,0.0,0.0,0.0,588,1,6.0817,0,gap_through,,,,,,,0
2025-04-04,AAOI,12.4,11.9517,12.01,3.7327227310574496,174770.0,2.004298678245952,0.4088779834931949,12.83,-6.391270459859706,17.26422447388932,0.0790067720090296,-49.324894514767934,12.248695737890026,4667173.05,575,0,11.9158449,1,,11.9,11.65,lock,576.0,586.0,0.5,1
2025-04-04,ACHR,6.73,6.48,6.56,3.8109756097560976,1184610.0,1.4792616342491285,0.0799999999999983,6.94,-5.475504322766581,6.484149855907784,0.7111111111111115,-28.540305010893245,5.210001839831881,23568594.95,575,0,6.46056,1,,6.4664,6.3346,lock,576.0,675.0,0.2636000000000003,0
2025-04-04,ACMR,21.825,20.64,21.02,5.63748810656517,88163.0,1.8950904303444367,0.1983122362869195,22.35,-5.950782997762872,6.711409395973154,0.9200000000000016,-31.396866840731075,3.802481598301467,1639734.45,576,0,20.57808,1,,20.505,20.455,eod,577.0,945.0,1.3200000000000003,1
2025-04-04,ADMA,19.0,18.43,18.44,3.0911062906724527,78030.0,1.5463911076427714,0.4912280701754403,19.45,-5.19280205655526,2.9820051413881847,0.4310344827586193,-10.917874396135256,3.751714179452803,3284702.05,582,0,18.37471,1,,18.4,18.145,eod,583.0,945.0,0.6000000000000014,0
2025-04-04,AESI,15.17,14.41,14.9,5.100671140939596,54197.0,1.3593397875638265,0.0915789473684203,15.81,-5.75585072738773,12.39405439595193,0.0497575912222506,-21.57853462386644,3.4587783558232443,1716706.55,576,0,14.36677,1,,14.31,13.83,eod,577.0,945.0,0.8599999999999994,1
2025-04-04,AG,6.1397,6.01,6.1,2.1262295081967317,726343.0,0.9216074015262348,0.0154202004626042,6.44,-5.279503105590074,8.05745341614906,0.7901329735979968,-18.66666666666667,4.019630124931182,20974795.1,575,0,5.991969999999999,1,,5.9751,5.5901,eod,576.0,945.0,0.16460000000000008,1
2025-04-04,ALGM,22.24,21.45,21.53,3.6692986530422624,67651.0,1.901349428172576,0.2405063291139259,22.89,-5.941459152468324,9.785932721712546,0.1160714285714291,-24.877878576413117,3.91431764069894,3250004.15,582,0,21.38565,1,,21.4,21.535,eod,583.0,945.0,0.8399999999999999,0
2025-04-04,AMSC,15.8799,15.3889,15.64,3.13938618925831,53553.0,1.250101275011407,0.6132382892057029,16.67,-6.178764247150577,6.611877624475103,0.1809109054618043,-28.58447488584474,5.293946653955955,728434.05,576,0,15.3427333,1,,15.32,15.11,lock,577.0,669.0,0.559899999999999,1
2025-04-04,AOSL,18.59,18.19,18.48,2.164502164502157,51379.0,0.6949751086587073,0.1750000000000013,20.17,-8.378780366881513,18.96380763510163,0.0339869281045758,-34.92957746478873,5.57920012798414,430758.9,575,1,18.13543,1,,18.075,17.8175,lock,576.0,674.0,0.5150000000000006,1
2025-04-04,ASB,19.14,18.76,18.95,2.005277044854876,37258.0,0.6602404640277011,0.1052631578947348,20.03,-5.3919121318023056,7.413879181228173,0.0269360269360287,-19.25862803579037,3.290134226475588,1678016.1,576,0,18.70372,1,,18.615,19.14,stop,577.0,822.0,0.5250000000000021,1
2025-04-04,ASPN,5.3914,5.26,5.31,2.4745762711864443,65440.0,1.1402870763636288,0.0,5.62,-5.5160142348754535,10.676156583629886,0.266666666666667,-34.64615384615385,4.0763846344466295,1452033.2,581,0,5.244219999999999,0,gap_through,,,,,,,0
2025-04-04,AUB,26.09,25.6,25.88,1.893353941267382,34428.0,0.5835693320325335,0.3469387755102014,27.28,-5.131964809384172,7.459677419354839,0.0098280098280096,-22.90735775990468,2.8331854119928064,1954761.6,576,0,25.523200000000003,1,,25.38,25.48,eod,577.0,945.0,0.7100000000000009,1
2025-04-04,AVGX,11.4,10.96,11.33,3.883495145631064,58524.0,1.4915059068489838,0.249999999999999,12.35,-8.259109311740888,14.005668016194328,0.040296005087587,-46.8075117370892,6.640471062736896,1122038.1,575,1,10.92712,0,ssr_no_uptick,,,,,,,0
2025-04-04,AVL,12.31,11.86,12.27,3.667481662591696,139839.0,1.3756582911263495,0.0888888888888907,13.3,-7.7443609022556466,13.909774436090236,0.0108108108108115,-46.8071270646378,6.643676496663957,546279.95,575,1,11.82442,1,,11.8,11.545000000000002,lock,576.0,663.0,0.5099999999999998,1
2025-04-04,BABX,28.53,27.64,27.64,3.2199710564399444,100404.0,1.0531692738370992,0.3707865168539304,34.07,-18.87290871734664,8.042265923099507,0.7518248175182485,-38.95759717314488,5.323845300293066,906251.7,576,1,27.55708,1,,27.4678,26.936700000000002,lock,577.0,661.0,1.0622000000000007,1
2025-04-04,BE,18.55,17.3,18.55,6.738544474393531,531209.0,2.388679804286894,0.0159999999999996,19.34,-4.084798345398134,7.793174767321618,0.4976114649681525,-30.07915567282322,4.654188406047223,5833317.6,576,1,17.2481,1,,17.2,16.835,eod,577.0,945.0,1.3500000000000014,1
2025-04-04,BILI,17.69,17.195,17.335,2.8554946639746235,517239.0,1.4291178912849936,0.090909090909087,19.13,-9.383167799268156,3.606900156821753,0.724637681159419,-28.618488779081737,3.538392767916746,5038510.05,576,1,17.143415,0,gap_through,,,,,,,0
2025-04-04,BKV,18.98,18.46,18.98,2.739726027397258,19291.0,0.8150371724750802,0.5192307692307688,20.37,-6.823760432007857,4.123711340206185,0.8809523809523835,-12.815801561782267,2.6698566858299704,427205.65,594,1,18.40462,0,gap_through,,,,,,,0
2025-04-04,BLMN,6.88,6.6,6.66,4.204204204204208,211784.0,1.4495286018380389,0.7321428571428568,7.21,-7.628294036061025,4.993065187239949,0.3611111111111105,-29.96845425867508,5.549974673321267,2986729.05,611,0,6.5802,1,,6.6,6.88,stop,612.0,671.0,0.2800000000000002,0
2025-04-04,BTU,11.53,11.15,11.35,3.348017621145366,161494.0,1.2504858665475913,0.1842105263157907,11.95,-5.020920502092047,7.531380753138064,0.0666666666666653,-24.080267558528423,4.289294018164212,4691563.0,575,0,11.11655,1,,11.115,10.48,eod,576.0,945.0,0.41499999999999915,1
2025-04-04,BYRN,14.83,14.39,14.51,3.032391454169535,90322.0,1.8699954006948911,0.4318181818181811,15.86,-8.511979823455231,5.107187894073132,0.3827160493827151,-38.22903363133248,5.002642932587071,644580.2,577,0,14.34683,1,,14.38,14.83,stop,578.0,942.0,0.4499999999999993,0
2025-04-04,BZ,17.405,16.79,17.28,3.559027777777789,418938.0,1.654518783652685,0.3252032520325181,18.87,-8.426073131955484,4.133545310015904,0.94871794871795,-16.96299855838538,2.182144385751696,6671174.65,578,1,16.73963,1,,16.695,15.535,eod,579.0,945.0,0.7100000000000009,1
2025-04-04,CENX,16.4629,15.5571,16.31,5.553648068669535,149733.0,1.9204746664425287,0.1262971958489729,17.46,-6.586483390607113,5.154639175257744,0.3888888888888895,-21.73216179512158,4.23922241751626,1763485.65,575,1,15.5104287,1,,15.49,14.96,eod,576.0,945.0,0.972900000000001,1
2025-04-04,CHAU,12.9196,12.72,12.79,1.560594214229869,90124.0,0.631150798827246,0.1508016032064082,13.87,-7.786589762076425,1.1896178803172253,0.9090909090909052,-19.68602825745684,2.2334345738377,565169.75,582,0,12.68184,1,,12.67,12.9196,stop,583.0,591.0,0.24960000000000093,1
2025-04-04,CLF,6.9384,6.72,6.89,3.169811320754716,1435406.0,0.9757807228786444,0.2060439560439557,7.26,-5.096418732782371,11.019283746556484,0.0124999999999997,-34.5679012345679,6.0182811816863335,24072029.35,575,0,6.69984,1,,6.705,6.5883,lock,576.0,661.0,0.2333999999999996,0
2025-04-04,CLMT,11.16,10.74,11.03,3.8077969174977326,29321.0,0.946391732972276,0.0,11.96,-7.7759197324414835,12.58361204013377,0.4617940199335553,-18.65781710914455,5.071236471094824,1233078.4,575,1,10.70778,1,,10.72,9.74,eod,576.0,945.0,0.4399999999999995,0
2025-04-04,CMCO,14.4,13.74,13.91,4.744787922358016,22995.0,1.0608359377393737,0.0151515151515148,14.71,-5.438477226376619,13.188307273963298,0.025773195876289,-26.596306068601574,3.779487226807074,559266.6,576,0,13.69878,0,gap_through,,,,,,,0
2025-04-04,CONL,12.91,11.98,12.77,7.282693813625683,222680.0,2.078555926829393,0.0706451612903222,13.5,-5.407407407407411,9.407407407407415,0.8267716535433067,-49.24483306836248,11.675880737671186,6102542.2,575,1,11.94406,0,gap_through,,,,,,,0
2025-04-04,CRBG,27.115,26.36,26.94,2.8025241276911617,79504.0,0.8218228513761601,0.072847682119205,28.63,-5.902899056933279,5.850506461753408,0.0059701492537301,-20.43709391612521,3.144882769371423,2852536.65,575,0,26.28092,1,,26.25,25.817500000000003,lock,576.0,670.0,0.8649999999999984,1
2025-04-04,CRGY,8.61,8.19,8.53,4.9237983587338805,130748.0,1.0509360530251344,0.0238095238095233,9.26,-7.883369330453569,14.0388768898488,0.0384615384615376,-28.13816343723673,4.395312757989279,4328948.2,575,1,8.165429999999999,1,,8.11,7.875,eod,576.0,945.0,0.5,1
2025-04-04,CRK,19.28,18.52,19.15,3.968668407310713,147293.0,1.265440834594047,0.2236842105263175,20.54,-6.767283349561834,13.124634858812083,0.6587283923139695,-11.506469500924222,2.358967888038781,2226871.8,575,1,18.46444,1,,18.48,18.08,lock,576.0,663.0,0.8000000000000007,0
2025-04-04,CRNC,7.29,7.06,7.17,3.2078103207810384,117168.0,1.5957430010902158,0.6521739130434786,7.63,-6.028833551769331,4.977719528178238,0.1579778830963657,-31.908831908831903,5.374233361525875,1217997.8,577,0,7.038819999999999,1,,7.0,6.855,lock,578.0,683.0,0.29000000000000004,1
2025-04-04,CRSR,7.055,6.81,6.91,3.545586107091174,48573.0,1.224555252409647,0.3265306122448981,7.37,-6.241519674355494,14.111261872455916,0.0192307692307696,-39.492119089316986,4.714825410222789,835421.85,578,0,6.789569999999999,1,,6.7875,6.66,lock,579.0,674.0,0.26750000000000007,1
2025-04-04,CSTM,8.72,8.5,8.63,2.5492468134414903,26414.0,1.1245663824074774,0.1818181818181774,9.14,-5.579868708971551,8.095185995623638,0.067441546154887,-30.403225806451605,3.279399952683288,1425336.5,576,0,8.4745,1,,8.46,8.330000000000002,lock,577.0,661.0,0.2599999999999998,1
2025-04-04,CVE,12.24,11.99,12.19,2.050861361771944,516216.0,0.678396153965593,0.1400000000000005,12.89,-5.430566330488759,4.926299456943365,0.0236220472440953,-16.334934797529176,2.486208386959118,10047385.05,575,0,11.95403,1,,11.955,11.3,eod,576.0,945.0,0.2850000000000001,0
2025-04-04,DAR,29.58,28.44,29.58,3.85395537525354,99747.0,1.1039752704850654,0.0263157894736821,31.47,-6.0057197330791245,5.0762631077216405,0.668231611893583,-11.42386584818088,2.890076716328217,2319816.8,575,0,28.35468,1,,28.51,29.09,eod,576.0,945.0,1.0699999999999967,0
2025-04-04,DB,21.065,20.82,20.92,1.1711281070745745,493152.0,0.4007915549278193,0.1428571428571428,22.88,-8.566433566433556,2.4038461538461573,0.1636363636363631,-17.410185550730347,2.613188035139417,3870267.6,578,0,20.75754,1,,20.785,20.645,lock,579.0,661.0,0.2800000000000011,0
2025-04-04,DFTX,5.29,5.21,5.24,1.5267175572519098,55339.0,1.2337955013221342,0.5624999999999987,5.55,-5.585585585585578,5.585585585585578,0.354838709677418,-25.67375886524822,3.82911880310156,1225859.9,582,0,5.19437,1,,5.165,5.1025,lock,583.0,661.0,0.125,1
2025-04-04,DK,12.45,11.91,12.17,4.437140509449459,53254.0,1.232876185681633,0.2037037037037029,12.91,-5.73199070487994,13.439194422927958,0.0144092219020175,-31.4945116802702,5.007334175474007,1459984.85,590,0,11.87427,1,,11.87,12.085,eod,591.0,945.0,0.5800000000000001,1
2025-04-04,DQ,15.8022,15.4,15.66,2.5683269476372845,53183.0,0.8310552737352976,0.9199403281949288,16.62,-5.776173285198561,9.145607701564398,0.2500000000000011,-25.957446808510632,3.16007172056026,860057.95,580,0,15.3538,1,,15.27,15.505,eod,581.0,945.0,0.5321999999999996,1
2025-04-04,DRD,14.94,14.46,14.84,3.234501347708886,190154.0,1.2060757907628616,0.2660416666666654,15.65,-5.175718849840258,6.5814696485622965,0.7378640776699031,-6.78391959798995,3.19727343435925,633452.7,578,0,14.41662,1,,14.515,13.63,eod,579.0,945.0,0.4249999999999989,0
2025-04-04,EH,17.6,17.17,17.35,2.478386167146972,99781.0,1.3310178491603275,0.3255813953488304,18.95,-8.443271767810016,3.255936675461728,0.6758508914100484,-32.72586273749514,4.280263734181726,2003570.35,576,0,17.11849,1,,17.11,16.865,lock,577.0,672.0,0.490000000000002,1
2025-04-04,ENVX,6.43,6.25,6.26,2.87539936102236,248763.0,1.2375350960228997,0.5277777777777772,6.63,-5.580693815987935,12.669683257918551,0.2023809523809523,-30.98125689084896,5.387991754461057,4911200.7,579,0,6.23125,1,,6.222,6.118,lock,580.0,663.0,0.2079999999999993,1
2025-04-04,EXTR,11.21,10.995,11.0,1.9545454545454692,62471.0,0.8725499429376862,0.2558139534883771,11.62,-5.335628227194486,9.810671256454397,0.0175438596491224,-28.571428571428577,3.84686238726918,1178526.9,576,0,10.962015,1,,10.915,10.767499999999998,lock,577.0,675.0,0.2950000000000017,1
2025-04-04,FINV,9.01,8.8,9.0,2.333333333333323,80494.0,1.4250807640335386,0.5238095238095234,9.73,-7.502569373072975,2.7749229188078246,0.7037037037037049,-18.772563176895307,5.235079352375703,1247892.35,625,1,8.7736,0,gap_through,,,,,,,0
2025-04-04,FIVN,24.05,23.625,23.86,1.7812238055322749,33612.0,0.5505803757860436,0.3294117647058831,25.24,-5.467511885895401,4.944928684627579,0.4326576396122096,-27.300426569165147,3.1520678280250216,1621776.8,580,0,23.554125,1,,23.41,23.09,lock,581.0,670.0,0.6400000000000006,1
2025-04-04,FLEX,27.91,26.92,27.57,3.590859630032638,256060.0,1.1638130555690285,0.101010101010099,29.32,-5.968622100954979,8.594815825375168,0.0198412698412701,-26.97655939610648,3.958028428688925,3568709.05,575,0,26.83924,1,,26.85,26.98,eod,576.0,945.0,1.0599999999999987,0
2025-04-04,FNB,11.66,11.27,11.66,3.3447684391080665,109838.0,0.9381480634054254,0.205128205128205,12.09,-3.5566583953680704,7.361455748552527,0.0112359550561795,-17.800493479027143,3.0247032248455543,2682169.65,576,0,11.23619,1,,11.23,11.525,eod,577.0,945.0,0.4299999999999997,1
2025-04-04,FNGU,10.3,10.0535,10.1,2.440594059405951,115825.0,1.1711136502782074,0.513184584178497,11.36,-11.091549295774646,8.010563380281692,0.0659340659340645,-41.004672897196265,7.821439631668779,1685764.1,576,1,10.0233395,1,,10.01,10.305,stop,577.0,593.0,0.2900000000000009,1
2025-04-04,FRO,13.07,12.915,13.02,1.1904761904761991,218865.0,0.6053503231220091,0.4193548387096826,14.34,-9.205020920502092,3.277545327754537,0.1276595744680859,-23.4567901234568,3.1759035244368983,2993342.1,577,1,12.876255,1,,12.93,12.86,lock,578.0,602.0,0.1400000000000005,0
2025-04-04,FSLY,5.69,5.6001,5.64,1.5939716312056755,156196.0,0.6536772076746968,0.5550611790878754,5.94,-5.050505050505063,5.723905723905721,0.058823529411766,-23.886639676113365,3.3793355749944363,2816827.05,578,0,5.5832997,1,,5.55,5.185,eod,579.0,945.0,0.14000000000000057,1
2025-04-04,FSM,5.75,5.61,5.625,2.488888888888883,586890.0,1.0834636670692464,0.6428571428571433,6.09,-7.635467980295564,7.471264367816094,0.7032967032967038,-13.461538461538462,2.750573098148381,16807666.9,581,0,5.593170000000001,1,,5.5982,5.385,eod,582.0,945.0,0.1517999999999997,0
2025-04-04,FWRD,14.61,13.59,14.01,7.280513918629547,43825.0,1.8728811593488808,0.0539215686274507,14.95,-6.287625418060197,34.94983277591973,0.064114832535885,-37.06199460916443,7.582027607723661,690719.85,576,0,13.54923,1,,13.53,13.03,eod,577.0,945.0,1.08,1
2025-04-04,GCT,12.96,12.61,12.95,2.702702702702714,117767.0,1.2616525341865727,0.3368571428571431,13.77,-5.9549745824255655,6.525054466230939,0.1335559265442394,-20.307692307692317,3.577644306104889,1008369.75,577,0,12.57217,1,,12.625,12.4575,lock,578.0,668.0,0.3350000000000008,0
2025-04-04,GDS,23.27,21.82,22.62,6.410256410256407,69878.0,2.2906497582040437,0.4413793103448282,24.41,-7.333060221220808,6.145022531749283,0.099999999999999,-41.97024114930733,5.050601587535602,3413734.65,612,1,21.75454,1,,21.74,21.54,eod,613.0,945.0,1.5300000000000011,1
2025-04-04,GOGL,7.16,7.04,7.04,1.704545454545456,666135.0,0.5855227617077291,0.8749999999999953,8.08,-12.871287128712872,3.155940594059393,0.2549019607843127,-22.080796900940783,3.184559117294086,4513950.25,580,1,7.01888,1,,7.0012,6.49,eod,581.0,945.0,0.15880000000000027,1
2025-04-04,GRRR,18.4869,17.0,17.375,8.557697841726611,449695.0,4.087774848162924,0.2757414755531646,18.99,-8.504476040021055,23.170089520800417,0.0886363636363629,-50.87631008286707,11.908286360119067,4014870.8,576,1,16.949,0,gap_through,,,,,,,0
2025-04-04,GSAT,19.4,18.41,18.42,5.374592833876212,73542.0,1.7824229271606835,0.6464646464646481,19.65,-6.2595419847328095,3.816793893129771,0.6133333333333297,-22.04230538085846,3.1918678694748985,631354.35,630,0,18.35477,1,,18.365,18.7225,eod,631.0,945.0,1.035,0
2025-04-04,GTES,16.18,15.89,15.97,1.8159048215403828,60690.0,0.762849216769719,0.2413793103448293,16.88,-5.390995260663497,12.70734597156398,0.2214452214452205,-21.744840157588342,3.688288273288548,3015094.55,576,0,15.84233,1,,15.78,16.18,stop,577.0,675.0,0.40000000000000036,1
2025-04-04,GUSH,19.95,19.0014,19.87,4.774031202818314,79809.0,1.104082731780775,0.0723170988825638,21.8,-8.85321100917431,13.293577981651374,0.0138026224982743,-30.158172231985937,5.565145085967752,632736.8,575,1,18.9443958,1,,18.8599,17.38,eod,576.0,945.0,1.0900999999999996,1
2025-04-04,HBM,6.87,6.45,6.7,6.268656716417908,546396.0,1.539185547252484,0.0711904761904752,7.11,-5.766526019690579,4.022503516174409,0.2097902097902111,-21.91142191142191,3.575456757750877,7377776.05,575,0,6.43065,1,,6.42,6.345,eod,576.0,945.0,0.4500000000000002,1
2025-04-04,HIBL,18.52,17.8025,18.32,3.9164847161572114,23911.0,0.9226819573691608,0.1321254355400735,20.76,-11.75337186897881,16.42581888246628,0.0351906158357774,-45.686332641565365,8.262318664488246,168754.0,575,1,17.7490925,1,,17.65,17.214999999999996,lock,576.0,664.0,0.870000000000001,1
2025-04-04,HIMS,27.0932,26.016,26.3,4.095817490494301,872891.0,1.7811994285691808,0.0761232825844788,27.99,-6.03787066809574,7.377634869596289,0.0895883777239702,-32.023778754200045,5.92761995026254,22999103.5,575,0,25.937952,0,gap_through,,,,,,,0
2025-04-04,HP,21.8,21.0901,21.39,3.31884057971015,63819.0,0.8602490783709332,0.098464572474997,22.71,-5.812417437252313,11.122853368560104,0.0593428345209827,-20.275810659709272,3.8712324429372993,1527282.35,575,0,21.0268297,1,,21.0,19.745,eod,576.0,945.0,0.8000000000000007,1
2025-04-04,HSAI,15.5,15.03,15.46,3.0401034928848683,219283.0,1.247441408648979,0.0425531914893645,16.83,-8.140225787284598,4.693998811645866,0.6202531645569607,-36.06286186931348,13.6343118498973,6779905.4,620,1,14.98491,0,gap_through,,,,,,,0
2025-04-04,INTW,21.94,20.32,21.02,7.706945765937208,103384.0,2.507534543733005,0.1666666666666663,22.5,-6.577777777777779,26.177777777777777,0.5178268251273346,-33.43888537048765,8.916456195616819,379902.1,576,1,20.25904,0,gap_through,,,,,,,0
2025-04-04,JHX,21.46,21.13,21.31,1.5485687470671134,48744.0,0.4580400719822426,0.6666666666666703,22.97,-7.226817588158468,4.527644754026988,0.4326923076923074,-34.81186907311104,4.498311852090444,2493171.9,582,0,21.06661,1,,21.1,20.92,lock,583.0,661.0,0.3599999999999994,0
2025-04-04,KC,13.61,13.27,13.51,2.5166543301258315,224791.0,1.1549203159339696,0.2352941176470591,14.88,-9.206989247311832,7.392473118279567,0.9727272727272732,-30.965763924374045,5.134453687879668,3581088.25,586,1,13.23019,0,gap_through,,,,,,,0
2025-04-04,KLC,10.89,10.51,10.81,3.515263644773365,19480.0,1.8045110860920508,0.4999999999999976,11.19,-3.3958891867738963,13.03306523681858,0.1919912232583649,-41.58335584977033,6.496439028783244,1024885.5,598,0,10.47847,1,,10.56,10.89,stop,599.0,673.0,0.33,0
2025-04-04,LBRT,12.38,11.978,12.25,3.281632653061233,115362.0,0.9453296907878872,0.0298507462686577,13.12,-6.631097560975604,15.834603658536592,0.0661853188928997,-25.554542692190815,4.710615993196449,3473471.05,575,0,11.942066,1,,11.885,11.035,eod,576.0,945.0,0.495000000000001,1
2025-04-04,LC,9.07,8.8,9.05,2.983425414364636,44642.0,1.4668179386934748,0.7407407407407393,9.43,-4.029692470837742,5.726405090137849,0.0740740740740726,-22.64957264957264,4.163357244127478,1430968.3,576,0,8.7736,1,,8.82,8.695,lock,577.0,675.0,0.25,0
2025-04-04,LI,23.66,23.33,23.34,1.4138817480719874,333000.0,0.7293394227831046,0.1309090909090973,24.77,-5.773112636253532,1.3120710536939817,0.3230769230769251,-21.67785234899329,2.6589850136559194,6886945.05,575,0,23.26001,1,,23.23,23.015,lock,576.0,661.0,0.4299999999999997,1
2025-04-04,LPG,18.21,17.8,18.08,2.2676991150442487,72003.0,0.8683054172764496,0.1463414634146309,20.12,-10.13916500994037,7.30616302186878,0.0816326530612252,-24.19287211740043,2.531159102192218,805303.05,576,1,17.7466,0,gap_through,,,,,,,0
2025-04-04,LTBR,7.13,6.78,6.95,5.035971223021578,96934.0,1.901308161093954,0.0,7.46,-6.83646112600536,6.03217158176944,0.8000000000000004,-32.45869776482021,7.050232629839642,1263250.1,575,0,6.75966,1,,6.77,6.6,lock,576.0,672.0,0.3600000000000003,0
2025-04-04,LUNR,7.205,6.93,7.16,3.8407821229050327,540819.0,1.333036898414116,0.2541818181818197,7.54,-5.039787798408487,5.968169761273212,0.3555555555555557,-25.02617801047121,11.162319603083631,15085122.05,576,0,6.90921,0,gap_through,,,,,,,0
2025-04-04,MBLY,13.54,13.016,13.54,3.870014771048738,123344.0,1.816724984314429,0.1316793893129789,14.26,-5.049088359046288,5.680224403927072,0.4444444444444435,-21.85831770307316,3.6232357347238064,3587294.35,576,0,12.976952,1,,12.945,13.42,eod,577.0,945.0,0.5949999999999989,1
2025-04-04,MGNI,9.43,8.91,9.03,5.7585825027685456,163509.0,2.3353213627100646,0.1442307692307679,9.7,-6.907216494845361,12.060824742268045,0.0427386956150089,-34.84848484848485,5.086431132037723,2725055.7,575,0,8.88327,1,,8.945,9.115,eod,576.0,945.0,0.4849999999999994,0
2025-04-04,MGY,22.425,22.02,22.26,1.8194070080862583,41548.0,0.7473068728930564,0.3703703703703745,23.51,-5.316886431305827,5.401956614206719,0.0078740157480327,-15.151515151515143,2.646704315053792,3983545.65,576,0,21.95394,0,gap_through,,,,,,,0
2025-04-04,MUU,9.235,8.7037,9.1,5.838461538461537,45628.0,1.1483533592515835,0.0495012234142685,10.09,-9.811694747274531,30.227948463825577,0.016393442622951,-57.01464336324988,10.258283627940097,447548.7,576,1,8.6775889,1,,8.625,8.3248,lock,577.0,684.0,0.6099999999999994,1
2025-04-04,MXL,9.88,9.37,9.53,5.351521511017856,56133.0,1.7534214645073782,0.0392156862745123,10.21,-6.660137120470141,12.100881488736531,0.0242816673411583,-29.40688449544071,5.626451039615145,1304120.35,581,0,9.34189,1,,9.29,9.43,eod,582.0,945.0,0.5900000000000016,1
2025-04-04,NE,20.26,19.4301,19.98,4.153653653653664,152915.0,1.1716187060704732,0.0,21.08,-5.2182163187855695,9.037001897533196,0.1286089238845132,-20.83993660855784,3.725428892971531,2376539.7,575,0,19.3718097,1,,19.3399,18.51,eod,576.0,945.0,0.9201000000000015,1
2025-04-04,NEXT,6.88,6.81,6.86,1.02040816326531,105002.0,0.6064766539213094,0.4285714285714304,7.24,-5.248618784530385,6.698895027624313,0.051546391752578,-29.34536316071354,5.705193270390976,1888327.95,575,0,6.789569999999999,1,,6.765,5.725,eod,576.0,945.0,0.11500000000000021,1
2025-04-04,NFE,6.455,6.005,6.42,7.009345794392526,320093.0,2.1536811834235574,0.0444444444444454,6.885,-6.753812636165575,15.54103122730574,0.0327102803738319,-49.00714853057983,8.60444766645433,8085449.2,575,1,5.986985,1,,5.965,5.72,lock,576.0,677.0,0.4900000000000002,1
2025-04-04,NNE,22.51,21.8119,22.12,3.1559674502712487,117237.0,1.4498991390474327,0.0545767082079931,23.47,-5.752023860247115,2.7481891776736243,0.7131782945736397,-33.57357357357357,4.815086230933112,1973595.85,575,0,21.746464300000003,0,gap_through,,,,,,,0
2025-04-04,NOG,24.6389,23.94,24.42,2.8619983619983547,85553.0,0.8302324246860967,0.0715409929889788,25.96,-5.932203389830505,10.285053929121732,0.0037453183520605,-22.69705603038936,3.936584704750545,1658404.0,575,0,23.86818,0,gap_through,,,,,,,0
2025-04-04,NOV,12.775,12.4701,12.63,2.414093428345209,117409.0,1.0314429790192003,0.0816661200393532,13.37,-5.534779356768874,8.302169035153337,0.0180180180180176,-19.63092586700604,3.398997533943527,5610381.35,575,0,12.4326897,1,,12.38,11.96,eod,576.0,945.0,0.3949999999999996,1
2025-04-04,NPKI,5.35,5.17,5.23,3.4416826003824035,15634.0,0.6844106463878316,0.5,5.51,-5.081669691470043,7.6225045372050815,0.0238095238095233,-17.31225296442687,3.518046644192361,781904.35,580,0,5.15449,0,gap_through,,,,,,,0
2025-04-04,NVDX,6.53,6.25,6.38,4.388714733542324,683171.0,1.624649672199146,0.2135714285714286,6.79,-6.038291605301917,8.394698085419739,0.0701754385964912,-36.76907829534192,6.753772479771109,14865965.25,576,0,6.23125,1,,6.218,5.9999,eod,577.0,945.0,0.3120000000000003,1
2025-04-04,OI,10.84,10.6,10.64,2.2556390977443628,34709.0,0.5946086865842853,0.2291666666666652,11.21,-5.084745762711867,4.817127564674406,0.3703703703703717,-13.985448666127716,2.4676731630752258,1468592.95,576,0,10.5682,1,,10.54,10.39,lock,577.0,672.0,0.3000000000000007,1
2025-04-04,OKLO,20.85,20.53,20.53,1.5586945932781309,25085.0,0.5502817020678185,0.0312499999999937,21.89,-6.21288259479214,9.135221562357245,0.5449317397609642,-34.74253019707565,7.512900309577784,12726418.6,575,0,20.46841,0,gap_through,,,,,,,0
2025-04-04,OPRA,14.67,14.0,14.09,4.755145493257629,68390.0,1.0367264704700148,0.8656716417910449,15.09,-6.626905235255136,4.174950298210741,0.1269841269841269,-24.084051724137925,3.4876438357434267,446020.8,629,0,13.958,1,,13.99,14.11,eod,630.0,945.0,0.6799999999999997,0
2025-04-04,ORLA,9.1299,8.5,8.88,7.09346846846846,188548.0,2.341518698245721,0.7779012541673295,9.47,-6.230200633579724,7.918690601900741,0.7599679957327649,-7.979274611398959,3.302430015921113,1621075.6,612,1,8.4745,1,,8.49,8.27,eod,613.0,945.0,0.639899999999999,0
2025-04-04,PBF,15.96,15.4201,15.84,3.408459595959603,96496.0,0.9566982999013836,0.1109464715688101,16.7,-5.149700598802392,11.82634730538923,0.0987341772151899,-29.810568295114653,4.4037776180520005,2767993.4,576,0,15.3738397,1,,15.44,15.18,lock,577.0,680.0,0.5200000000000014,0
2025-04-04,PBI,8.0,7.79,7.84,2.678571428571428,86759.0,1.190434337810983,0.142857142857144,8.29,-5.428226779252103,6.031363088057902,0.0799999999999983,-19.91828396322778,2.807399070649208,2128361.6,576,0,7.76663,1,,7.77,8.0,stop,577.0,672.0,0.2300000000000004,0
2025-04-04,PCT,6.79,6.255,6.51,8.218125960061446,142852.0,2.3976437741609864,0.0186915887850463,6.84,-4.824561403508773,5.994152046783628,0.7073170731707316,-27.906976744186046,5.565433947470805,2357600.65,575,0,6.236235,1,,6.25,6.115,eod,576.0,945.0,0.54,0
2025-04-04,PENG,15.68,15.16,15.38,3.381014304291285,52075.0,1.2180180812420245,0.1067307692307699,16.19,-5.003088326127242,17.140210006176655,0.2828828828828835,-23.176823176823174,4.13464834150758,824733.55,580,0,15.11452,1,,15.115,15.68,stop,581.0,600.0,0.5649999999999995,0
2025-04-04,PGY,9.4299,9.03,9.07,4.409040793825806,100773.0,1.951644981627814,0.0,9.645,-5.961638154484182,7.672369103162263,0.0067567567567554,-28.58267716535433,6.0013995402230496,1676248.9,575,0,9.00291,1,,9.0,9.4299,stop,576.0,688.0,0.42989999999999995,1
2025-04-04,PINS,26.04,25.51,25.86,2.049497293116773,683452.0,0.8792039865906024,0.1886792452830157,27.51,-5.997818974918219,9.123954925481648,0.2231075697211163,-26.30379025363353,4.327646791436692,13203786.75,578,0,25.43347,1,,25.525,26.04,stop,579.0,670.0,0.5150000000000006,0
2025-04-04,PLTU,25.64,24.0301,25.1,6.413944223107568,157447.0,2.6256382565520253,0.2918814833219449,27.45,-8.561020036429865,11.693989071038242,0.5700934579439252,-34.29319371727749,9.358391184206006,3922565.7,576,1,23.9580097,1,,23.8801,23.000149999999998,lock,577.0,674.0,1.7599000000000018,1
2025-04-04,PR,11.5899,11.15,11.47,3.835222319093284,572500.0,1.018503031393006,0.0795635371675384,12.26,-6.4437194127243,6.851549755301793,0.0357142857142849,-20.86926526388409,3.958867116565659,8619708.45,576,0,11.11655,1,,11.0502,10.85,eod,577.0,945.0,0.5396999999999998,1
2025-04-04,PRCH,6.17,5.97,6.05,3.305785123966945,108008.0,1.410992048438959,0.0994999999999989,6.45,-6.201550387596905,7.906976744186044,0.4313725490196075,-28.697701826753093,6.140112510180796,2532844.7,579,0,5.95209,1,,5.95,5.84,lock,580.0,726.0,0.21999999999999975,1
2025-04-04,PTEN,6.57,6.27,6.5,4.615384615384626,361809.0,1.3275593746521273,0.0500000000000017,6.93,-6.204906204906202,15.584415584415586,0.0601851851851847,-25.62929061784897,5.047323813004287,12347740.65,575,1,6.251189999999999,0,gap_through,,,,,,,0
2025-04-04,PTLO,10.86,10.69,10.76,1.5799256505576205,32792.0,0.6122324522527485,0.3529411764705913,11.34,-5.114638447971782,5.820105820105821,0.0606060606060593,-25.277777777777786,4.124209464006627,1361160.4,581,0,10.65793,1,,10.64,10.530000000000001,lock,582.0,662.0,0.21999999999999886,1
2025-04-04,PTON,5.17,4.97,5.02,3.984063745019924,834253.0,1.8290366688744295,0.1750000000000005,5.4,-7.037037037037051,10.833333333333332,0.1709401709401718,-31.97831978319784,6.484779575806687,14989625.4,576,0,4.955089999999999,1,,4.9385,5.17,stop,577.0,677.0,0.2314999999999996,1
2025-04-04,PUMP,6.0,5.67,5.94,5.555555555555556,42808.0,1.5962038063445496,0.0,6.27,-5.263157894736829,15.151515151515154,0.0105263157894734,-24.04092071611253,4.67073750612667,1655317.65,575,1,5.65299,0,gap_through,,,,,,,0
2025-04-04,QUBT,7.35,7.1,7.19,3.477051460361613,494574.0,1.3464111206891216,0.0600000000000022,7.57,-5.019815059445177,7.529722589167759,0.80701754385965,-22.68817204301076,10.011669767536514,26060982.15,575,0,7.0787,0,gap_through,,,,,,,0
2025-04-04,QURE,9.49,9.13,9.13,3.943044906900322,36654.0,0.8026032005533319,0.625,9.75,-6.358974358974351,8.307692307692314,0.6913580246913582,-39.01135604542418,6.241860330660128,1318337.6,580,0,9.10261,1,,9.08,8.83,eod,581.0,945.0,0.41000000000000014,1
2025-04-04,RCAT,6.43,6.12,6.35,4.8818897637795216,258260.0,1.9079847029033057,0.2258064516129044,6.79,-6.480117820324012,9.057437407952875,0.2357723577235779,-15.22029372496663,7.422492803136657,3987491.4,577,1,6.10164,1,,6.09,6.2636,eod,578.0,945.0,0.33999999999999986,1
2025-04-04,RDW,8.3644,7.93,8.2,5.297560975609758,88030.0,1.5166439437082782,0.0920810313075507,8.72,-5.963302752293593,7.912844036697242,0.5942028985507253,-35.43967940289577,6.178063835954346,1958964.2,576,1,7.90621,0,gap_through,,,,,,,0
2025-04-04,REZI,15.75,15.44,15.59,1.9884541372674824,28347.0,1.104443732459803,0.741935483870968,16.43,-5.112598904443091,7.486305538648816,0.0325203252032513,-17.491399841227835,3.5464824510667863,1207970.5,580,0,15.39368,1,,15.35,15.75,stop,581.0,678.0,0.40000000000000036,1
2025-04-04,ROBN,9.31,8.5,8.92,9.080717488789244,160111.0,2.8264019095049617,0.1843209876543211,10.45,-14.641148325358849,14.066985645933022,0.353741496598639,-50.989010989010985,14.207680890562782,2145361.8,576,1,8.4745,1,,8.4629,8.039349999999999,lock,577.0,663.0,0.8471000000000011,1
2025-04-04,RSI,10.365,10.0906,10.22,2.6849315068493147,27465.0,0.6698568120514947,0.9817784256559738,10.78,-5.194805194805183,4.823747680890535,0.4230769230769212,-10.89799476896251,4.181103384939462,1715549.45,624,0,10.0603282,1,,10.03,10.365,stop,625.0,672.0,0.33500000000000085,1
2025-04-04,RUM,7.54,7.2631,7.29,3.7983539094650256,74336.0,1.144162344362672,0.2596605272661618,7.69,-5.201560468140447,6.046814044213262,0.5806451612903237,-16.399082568807344,4.422844611351687,2649118.85,577,0,7.2413107,0,gap_through,,,,,,,0
2025-04-04,SBLK,13.6,13.17,13.46,3.194650817236253,360006.0,1.3912918235345983,0.4883720930232581,14.21,-5.277973258268824,5.77058409570725,0.0243902439024406,-22.37600922722029,2.6429701749019023,2095891.05,583,0,13.13049,1,,13.195,12.985,eod,584.0,945.0,0.4049999999999993,0
2025-04-04,SDRL,21.38,20.13,21.1,5.924170616113743,63410.0,1.6220151795601891,7.999999999981355e-05,22.3,-5.381165919282508,9.730941704035866,0.3225806451612902,-19.78711271621364,3.585369603560925,972125.9,590,1,20.06961,0,gap_through,,,,,,,0
2025-04-04,SEI,17.21,16.67,16.68,3.237410071942441,50031.0,1.3398970857773496,0.2037037037037029,18.39,-9.298531810766724,15.551930396954884,0.0209790209790217,-34.945397815912635,8.817489052949444,2000191.4,576,1,16.61999,1,,16.535,16.197499999999998,lock,577.0,674.0,0.6750000000000007,1
2025-04-04,SERV,5.15,5.0,5.03,2.982107355864818,122232.0,0.9972119923650806,0.2000000000000011,5.41,-7.024029574861365,5.545286506469514,0.4666666666666674,-37.125,6.534569020814997,4460110.35,578,0,4.985,1,,4.98,5.15,stop,579.0,675.0,0.16999999999999993,1
2025-04-04,SEZL,29.18,27.72,28.56,5.112044817927174,99303.0,2.029969286259586,0.5817123287671226,32.34,-11.688311688311702,9.152752009894868,0.2567567567567584,-89.14047795585466,19.610438501158907,275382.8,607,1,27.63684,1,,27.56,29.18,stop,608.0,934.0,1.620000000000001,1
2025-04-04,SM,24.025,23.01,23.9,4.24686192468618,63715.0,1.0302599885181511,0.0,25.33,-5.645479668377417,11.764705882352944,0.0033557046979859,-25.914445133292,4.728504192608523,2799215.45,575,0,22.94097,1,,22.9,22.39,eod,576.0,945.0,1.125,1
2025-04-04,SMCL,9.7157,9.08,9.34,6.806209850107066,66339.0,1.694522735093133,0.047192071731948,10.47,-10.792741165234007,10.124164278892076,0.4858490566037738,-57.42935278030994,11.558587682617311,778341.45,575,1,9.05276,0,gap_through,,,,,,,0
2025-04-04,SMCX,26.3,24.52,25.54,6.969459671104156,160598.0,2.2798169663045926,0.1882022471910115,28.35,-9.911816578483252,11.421516754850089,0.4163063619518229,-57.18357082984073,11.584883487837168,3576152.9,575,1,24.44644,0,gap_through,,,,,,,0
2025-04-04,SMR,13.58,13.32,13.4,1.940298507462685,20967.0,0.5657136500226895,0.0192307692307654,14.14,-5.233380480905234,4.950495049504958,0.5142857142857152,-31.910569105691057,6.659619891513911,6977013.6,575,0,13.28004,1,,13.25,12.585,eod,576.0,945.0,0.33000000000000007,1
2025-04-04,SMTC,28.18,27.12,27.75,3.819819819819816,94066.0,2.076504792121663,0.3584905660377353,29.71,-6.597105351733426,14.944463143722656,0.0337837837837842,-34.45914029286727,7.419972513164265,2949508.0,578,0,27.03864,1,,26.92,28.18,stop,579.0,598.0,1.259999999999998,1
2025-04-04,SNCY,10.26,10.07,10.08,1.88492063492063,21313.0,0.7727009291909581,0.4473684210526278,10.9,-7.522935779816516,6.785321100917425,0.1892915089237435,-32.88948069241012,4.571941972744465,936812.8,579,0,10.03979,0,gap_through,,,,,,,0
2025-04-04,SOC,20.685,19.91,20.33,3.812100344318734,82952.0,1.315877826689121,0.0129032258064536,21.68,-6.2269372693727005,14.990774907749078,0.012307692307692,-24.87065779748707,4.863600004366859,1070736.45,575,0,19.85027,0,gap_through,,,,,,,0
2025-04-04,SOFI,10.2199,9.8609,10.0,3.5900000000000003,3364016.0,1.284338772916575,0.1027855153203322,10.64,-6.015037593984967,8.045112781954886,0.0934579439252337,-28.057553956834536,5.531911176030984,50612631.65,575,0,9.8313173,1,,9.835,9.64255,lock,576.0,675.0,0.3849,0
2025-04-04,SOUN,7.86,7.55,7.835,3.956604977664333,1837228.0,1.492475817020212,0.1287096774193555,8.3,-5.602409638554225,7.590361445783131,0.6984126984126992,-25.522813688212924,6.094680568834436,25059649.9,577,0,7.52735,1,,7.48,7.290000000000001,lock,578.0,672.0,0.3799999999999999,1
2025-04-04,SOXL,10.4299,9.71,10.05,7.163184079601981,11272675.0,2.2721854229171683,0.0850118071954432,11.41,-11.919368974583694,23.83873794916739,0.0036764705882352,-52.9714553111839,8.641075898348873,119116454.95,575,1,9.68087,1,,9.69,9.320049999999998,lock,576.0,664.0,0.7399000000000004,0
2025-04-04,SPYU,26.71,26.03,26.36,2.5796661608497717,120913.0,0.9785156132422628,0.426470588235293,29.55,-10.79526226734349,9.702199661590528,0.117823508894315,-35.28111956788608,6.208556254342787,1282203.95,576,1,25.95191,1,,25.8,25.345,lock,577.0,662.0,0.9100000000000001,1
2025-04-04,STLA,9.74,9.61,9.67,1.344364012409522,1096076.0,0.5370862305046843,0.1923076923076938,10.21,-5.2889324191968745,7.639569049951021,0.064102564102565,-26.12681436210848,3.018620369683626,19518150.25,576,0,9.58117,1,,9.58,9.74,stop,577.0,599.0,0.16000000000000014,1
2025-04-04,SUPV,11.77,11.51,11.75,2.212765957446807,39572.0,1.2209115283141585,0.0384615384615376,12.51,-6.075139888089526,3.397282174260597,0.2705882352941177,-23.75081116158339,5.279072329550032,949859.35,576,0,11.47547,1,,11.43,11.07,eod,577.0,945.0,0.33999999999999986,1
2025-04-04,SVIX,14.3299,13.82,13.92,3.6630747126436782,1322978.0,1.3945021061146723,0.5491272798587946,15.82,-12.010113780025286,18.14159292035398,0.0034843205574912,-40.55829088005329,6.947046160160769,6662356.7,578,1,13.77854,1,,13.82,14.3299,stop,579.0,587.0,0.5099,0
2025-04-04,SYRE,13.51,13.19,13.19,2.426080363912057,26910.0,0.8392099609610983,0.6875000000000013,13.99,-5.718370264474629,8.148677626876331,0.096491228070175,-37.280076081787925,4.246832454873369,695990.7,619,0,13.15043,1,,13.12,12.82,eod,620.0,945.0,0.39000000000000057,1
2025-04-04,TALO,7.89,7.63,7.76,3.3505154639175228,47854.0,0.7393667318330761,0.0576923076923065,8.2,-5.36585365853658,9.75609756097562,0.0499999999999988,-21.695257315842586,3.829716045956527,1858416.15,581,0,7.60711,0,gap_through,,,,,,,0
2025-04-04,TIGR,7.5475,7.28,7.42,3.605121293800541,563708.0,1.5328715752596511,0.0934579439252316,8.3,-10.602409638554224,5.12048192771083,0.7529411764705908,-25.8,6.44548577085046,7639199.55,576,1,7.25816,1,,7.25,7.235,eod,577.0,945.0,0.2975000000000003,1
2025-04-04,TME,13.52,13.2,13.28,2.40963855421687,672287.0,1.296320660080381,0.25,14.32,-7.26256983240224,2.339385474860341,0.8656716417910453,-13.37247227658187,4.165620338613663,8724191.1,576,0,13.1604,1,,13.15,12.885,eod,577.0,945.0,0.3699999999999992,1
2025-04-04,TNA,22.36,21.855,21.91,2.304883614787764,1358063.0,1.3381044198305796,0.3663366336633645,24.68,-11.223662884927064,10.73784440842787,0.0679219652088599,-35.4544115480925,5.881019000980504,13854450.8,576,1,21.789435,0,gap_through,,,,,,,0
2025-04-04,TSLL,9.56,9.11,9.16,4.912663755458527,8491721.0,2.2943703098289205,0.4557777777777763,10.03,-8.673978065802585,11.853439680957132,0.3700899991588858,-24.04643449419569,12.10359741220987,215524137.05,576,0,9.08267,1,,9.06,8.315,eod,577.0,945.0,0.5,1
2025-04-04,TSLR,15.155,14.5,14.51,4.514128187456922,153147.0,2.0742433991355598,0.458015267175574,15.96,-9.08521303258146,11.76378446115288,0.3834886817576569,-24.155306515012125,12.153573440306625,4624501.25,576,0,14.4565,1,,14.38,13.21,eod,577.0,945.0,0.7749999999999986,1
2025-04-04,TSLT,13.11,12.512,12.57,4.75735879077167,360435.0,2.196256587526133,0.4314381270903002,13.8,-8.913043478260873,11.69130434782609,0.3904797322424697,-24.140012070006037,12.089250085526542,7962012.45,576,0,12.474464,1,,12.41,11.4,eod,577.0,945.0,0.6999999999999993,1
2025-04-04,TSMX,15.54,15.13,15.5,2.6451612903225703,30616.0,0.6240794097290359,0.2439024390243903,16.95,-8.554572271386427,6.383480825958706,0.0646950092421444,-33.56193741963137,5.359454574513828,488305.55,577,1,15.08461,0,gap_through,,,,,,,0
2025-04-04,TSSI,6.43,6.2221,6.25,3.3263999999999925,45795.0,2.694070902866023,0.5189995189995196,6.69,-6.576980568011964,12.107623318385658,0.2222222222222228,-39.49661181026137,6.260480038870783,961030.55,576,0,6.203433700000001,1,,6.25,6.16,lock,577.0,672.0,0.1799999999999997,0
2025-04-04,TWO,12.115,11.77,12.05,2.863070539419092,380836.0,1.2474546070695902,0.4347826086956524,12.87,-6.37140637140636,2.6806526806526856,0.3768115942028949,-15.4089154089154,1.2925930924368134,1394224.1,576,0,11.73469,1,,11.81,11.615,eod,577.0,945.0,0.3049999999999997,0
2025-04-04,UAA,5.21,4.99,5.01,4.391217564870255,851438.0,1.9806085952727543,0.2045454545454544,5.36,-6.529850746268666,12.406716417910449,0.0902255639097751,-33.02139037433155,4.786515694652126,15214960.8,576,0,4.97503,1,,4.98,5.21,stop,577.0,665.0,0.2299999999999995,0
2025-04-04,UCO,21.2,20.9899,21.02,0.999524262607044,366765.0,0.4793698516790333,0.6192289386006756,24.01,-12.453144523115377,2.9154518950437285,0.5785714285714307,-23.52192104784428,3.53974206999905,1448509.05,581,1,20.9269303,1,,20.9212,20.781799999999997,lock,582.0,661.0,0.2788000000000004,1
2025-04-04,UMAC,5.475,5.42,5.43,1.0128913443830518,23117.0,0.3320792893503499,0.0,5.88,-7.653061224489798,9.353741496598651,0.8181818181818175,-31.95488721804512,8.460043241469872,813180.5,575,0,5.40374,1,,5.4043,5.31,eod,576.0,945.0,0.0706999999999995,0
2025-04-04,URTY,26.22,25.6704,25.76,2.1335403726708,91722.0,1.211740030516098,0.3722707423580785,28.94,-10.988251554941256,10.850034554250174,0.0605095541401277,-35.43859649122806,5.964150137963084,1293690.25,576,1,25.5933888,0,gap_through,,,,,,,0
2025-04-04,UWM,28.1,27.74,27.75,1.297297297297308,42864.0,0.3982373664598076,0.1388888888888897,30.06,-7.684630738522951,6.569860279441124,0.0936756291457788,-24.75596529284165,3.922003827111164,449575.0,576,0,27.65678,1,,27.52,27.229999999999997,lock,577.0,661.0,0.5800000000000018,1
2025-04-04,VET,6.77,6.54,6.62,3.474320241691836,157204.0,1.298371644781403,0.6956521739130455,7.31,-9.4391244870041,8.207934336525316,0.0166666666666662,-21.88790560471976,3.913238740955753,1094370.4,582,1,6.52038,1,,6.5384,6.422600000000001,lock,583.0,674.0,0.2315999999999993,0
2025-04-04,VNET,6.95,6.5,6.85,6.569343065693434,386862.0,2.237599358215225,0.0222222222222217,7.33,-6.548431105047754,6.548431105047754,0.0625000000000004,-43.62139917695474,5.824397723256349,10626955.25,575,1,6.4805,1,,6.49,6.385,eod,576.0,945.0,0.4599999999999999,0
2025-04-04,VSAT,8.75,8.4,8.75,3.999999999999996,120874.0,1.3303058156334857,0.0285714285714279,9.24,-5.303030303030305,4.491341991341982,0.0240963855421682,-27.92421746293246,5.055798958493933,2482046.15,576,0,8.3748,1,,8.35,8.75,stop,577.0,674.0,0.40000000000000036,1
2025-04-04,VSTM,5.5652,5.41,5.41,2.8687615526802177,15771.0,0.9846314523251763,0.2577319587628872,5.7,-5.087719298245615,6.666666666666665,0.8157894736842121,-28.722002635046117,3.917274743604159,869772.3,576,0,5.39377,1,,5.38,5.2,eod,577.0,945.0,0.18520000000000003,1
2025-04-04,W,23.01,22.575,22.875,1.901639344262305,401817.0,1.0194096986781849,0.3793103448275822,25.09,-8.82821841371064,19.86807493025109,0.2978795963810708,-41.555952989269294,7.587690870101888,5920088.75,577,1,22.507275,1,,22.45,23.01,stop,578.0,593.0,0.5600000000000023,1
2025-04-04,WEBL,14.8141,14.42,14.53,2.7123193392980034,23495.0,0.6291425799414126,0.3707180918548607,16.21,-10.363972856261576,9.438618136952504,0.1372549019607847,-39.15410385259632,7.149341945429809,332964.55,578,1,14.37674,0,gap_through,,,,,,,0
2025-04-04,WSC,24.53,23.76,24.36,3.1609195402298838,75345.0,0.8801050800294363,0.0194805194805156,25.7,-5.214007782101167,8.968871595330738,0.0043383947939253,-21.672025723472675,3.9501897934110346,5164690.15,575,0,23.68872,1,,23.64,23.195,lock,576.0,667.0,0.8900000000000006,1
2025-04-04,WTTR,9.13,9.0,9.01,1.4428412874583882,25926.0,0.4073265274434147,0.7692307692307618,9.53,-5.456453305351518,6.715634837355725,0.0156249999999996,-19.04761904761905,3.601633988441334,2270418.35,576,0,8.973,1,,8.935,8.8375,lock,577.0,672.0,0.19500000000000028,1
2025-04-04,XMTR,20.97,20.36,20.37,2.9945999018163936,16274.0,1.0206264957798434,0.0327868852459009,21.66,-5.955678670360107,9.187442289935358,0.0552763819095475,-26.115342763873773,5.042273426441465,617268.75,575,0,20.29892,0,gap_through,,,,,,,0
2025-04-04,XPEV,19.78,19.3,19.3,2.4870466321243545,96451.0,0.7445778835526818,0.4375000000000014,21.12,-8.617424242424242,2.46212121212121,0.596153846153851,-28.939617083946978,5.181278637287436,14116474.4,576,0,19.2421,1,,19.38,19.78,stop,577.0,663.0,0.4000000000000021,0
2025-04-04,ZETA,12.453,12.13,12.35,2.6153846153846043,166224.0,1.0452373997917728,0.2167182662538662,13.15,-6.083650190114074,5.589353612167296,0.3265306122448985,-24.39546985001531,4.8763769201790765,5071805.4,577,0,12.09361,1,,12.08,12.453,stop,578.0,668.0,0.37299999999999933,1
2025-04-07,AAPB,16.12,15.66,15.9,2.8930817610062944,30657.0,1.2935030878956444,0.6304347826086927,18.06,-11.960132890365442,13.898117386489488,0.0597609561752982,-45.47325102880658,5.981473775315309,164264.95,583,1,15.61302,0,ssr_no_uptick,,,,,,,0
2025-04-07,AAPU,17.69,17.16,17.35,3.054755043227672,127536.0,1.9944738047800232,0.3018867924528298,19.85,-12.594458438287154,14.20654911838791,0.0851063829787241,-46.51483250048552,5.933880428845555,1035712.35,582,1,17.10852,1,,17.17,17.69,stop,583.0,587.0,0.5199999999999996,0
2025-04-07,ACMR,19.85,18.96,19.16,4.645093945720253,97657.0,1.3710676198094962,0.6966292134831428,20.3,-5.615763546798032,11.69950738916256,0.3578947368421059,-37.46736292428199,4.186728263791015,1668821.7,583,0,18.90312,1,,18.83,19.85,stop,584.0,591.0,1.0200000000000031,1
2025-04-07,AEHR,6.89,6.6901,6.8,2.9397058823529343,61616.0,1.1855426252393286,0.949974987493748,7.26,-6.336088154269973,15.013774104683206,0.9082568807339444,-30.753564154786154,5.3105334646162445,831858.65,580,0,6.6700297,1,,6.68,6.89,stop,581.0,589.0,0.2099999999999999,0
2025-04-07,AEO,10.355,10.01,10.34,3.3365570599613217,166099.0,1.1258334669390964,0.2318840579710142,10.94,-5.484460694698352,14.44241316270567,0.7215189873417713,-20.826952526799392,5.413443636213256,8959286.7,575,0,9.97997,1,,9.97,10.355,stop,576.0,611.0,0.3849999999999998,1
2025-04-07,AESI,13.15,12.8726,13.08,2.12079510703364,61834.0,0.8405754362040243,1.0,13.8,-5.217391304347831,14.746376811594205,0.3267813267813272,-31.157532408065308,4.400204612470985,1811062.1,582,0,12.8339822,1,,12.84,13.15,stop,583.0,586.0,0.3100000000000005,0
2025-04-07,AI,17.95,17.51,17.66,2.4915062287655587,251333.0,1.051868130122667,0.7727272727272764,18.99,-7.003686150605573,9.319641916798316,0.48581760650921,-26.046901172529303,3.2217447469710376,3508683.4,580,0,17.45747,1,,17.47,17.95,stop,581.0,593.0,0.4800000000000004,0
2025-04-07,ALKT,22.68,22.17,22.47,2.2696929238985226,37039.0,0.907359910029599,0.7254901960784292,23.49,-4.342273307790548,5.449127288207738,0.1210937499999983,-19.721329046087888,2.766428199715293,1901965.1,576,0,22.10349,0,gap_through,,,,,,,0
2025-04-07,AMDY,6.11,6.01,6.07,1.647446457990124,43853.0,0.8211521687196766,0.7999999999999965,6.4,-5.156250000000001,8.745312500000004,0.2680007146685729,-30.944254835039807,3.949105587459512,406270.8,578,0,5.991969999999999,1,,5.9809,6.11,stop,579.0,594.0,0.12910000000000021,1
2025-04-07,ANGI,11.73,11.36,11.57,3.1979256698357905,51672.0,0.9461438513630857,0.0,12.2,-5.1639344262295,7.950819672131153,0.2061855670103084,-33.46751006325475,216.43010698377245,1542164.0,575,0,11.32592,1,,11.38,11.73,stop,576.0,598.0,0.3499999999999996,0
2025-04-07,APPN,25.12,24.1,24.71,4.12788344799676,22250.0,0.890533550285404,0.7401960784313719,26.4,-6.401515151515143,5.208333333333334,0.4581818181818174,-23.898983677240523,2.841217341410604,649937.5,584,0,24.027700000000003,1,,24.1,25.12,stop,585.0,593.0,1.0199999999999996,0
2025-04-07,ARCT,8.57,8.39,8.56,2.1028037383177534,17921.0,0.9095276678870602,0.0,9.11,-6.037321624588353,7.189901207464318,0.6335877862595413,-42.102700070342514,4.96620475253537,434711.7,575,0,8.364830000000001,1,,8.355,8.57,stop,576.0,611.0,0.21499999999999986,1
2025-04-07,AREB,16.4,14.02,16.34,14.565483476132185,235156.0,5.716115702268587,0.5210084033613448,19.5,-16.205128205128204,79.38461538461539,0.9102067183462532,-21.78075634274773,426.91200268379424,17969251.45,577,1,13.97794,0,gap_through,,,,,,,0
2025-04-07,ARKF,28.3,27.87,27.92,1.5401146131805146,40537.0,0.3469895679986513,0.8720930232558145,29.78,-6.245802552048352,6.548018804566833,0.57948717948718,-25.15748559174373,3.4565399427331243,484146.0,582,0,27.78639,1,,27.8,28.3,stop,583.0,588.0,0.5,0
2025-04-07,ARKG,18.02,17.7,17.94,1.783723522853959,209576.0,0.8652035637111051,0.8593750000000059,19.0,-5.578947368421046,7.41894736842104,0.6739500567536897,-25.82179036592929,3.071647445781536,3651989.4,578,0,17.6469,1,,17.64,18.02,stop,579.0,592.0,0.379999999999999,1
2025-04-07,ARLO,8.135,7.97,7.97,2.0702634880803017,21531.0,0.4364232060169631,0.7496969696969717,8.47,-5.90318772136955,7.556080283353017,0.9843750000000004,-31.470335339638872,3.2688244043281798,1028882.6,582,0,7.94609,1,,7.9414,8.135,stop,583.0,591.0,0.1936,1
2025-04-07,ARQT,14.0,13.51,13.602,3.602411410086753,136969.0,1.5037320468229596,0.0204081632653056,14.73,-7.657841140529532,12.084181941615746,0.2640449438202252,-23.36901408450704,5.157757974767289,2713931.2,575,0,13.46947,0,gap_through,,,,,,,0
2025-04-07,ARTY,26.78,26.41,26.41,1.4009844755774363,60271.0,0.4437228835759648,1.0,27.86,-5.204594400574298,5.114860014357505,0.2807017543859638,-24.26154287353025,2.836146743796684,369507.45,583,0,26.33077,1,,26.3611,26.78,stop,584.0,588.0,0.4189000000000007,0
2025-04-07,ARWR,10.17,9.78,10.11,3.8575667655786408,114077.0,2.504916982306613,0.1410256410256446,10.68,-5.337078651685396,12.21910112359552,0.0191570881226056,-40.07113218731477,4.25883361798589,1794772.2,577,0,9.75066,1,,9.8,10.17,stop,578.0,610.0,0.3699999999999992,0
2025-04-07,ASAN,13.54,13.05,13.15,3.726235741444855,140925.0,1.2778630272159002,0.765306122448982,14.15,-7.06713780918728,8.90459363957597,0.8134920634920639,-25.3688989784336,6.835521417232372,4410253.2,582,0,13.01085,1,,13.11,13.54,stop,583.0,591.0,0.4299999999999997,0
2025-04-07,ASPN,5.18,5.11,5.12,1.3671874999999882,56156.0,0.905779008895569,0.3142857142857078,5.47,-6.398537477148074,8.500914076782449,0.9462365591397842,-36.86105733065321,4.066569760886596,1508470.2,577,0,5.094670000000001,1,,5.115,5.0825000000000005,lock,578.0,590.0,0.0649999999999995,0
2025-04-07,ASX,7.29,7.2,7.21,1.2482662968099842,539187.0,0.8143190381168002,0.3333333333333366,7.67,-5.997392438070404,5.997392438070404,0.3043478260869559,-27.53768844221105,2.979691245828001,10519087.7,576,0,7.1784,1,,7.165,7.29,stop,577.0,592.0,0.125,1
2025-04-07,BABX,23.78,22.43,22.6,5.973451327433634,102135.0,1.9000653995520085,0.688888888888888,27.29,-17.185782337852686,14.400513008427996,0.6844703427568126,-50.08833922261484,6.418692821567575,1015390.7,578,1,22.36271,0,gap_through,,,,,,,0
2025-04-07,BBIO,30.1,29.21,29.52,3.014905149051492,63863.0,1.1184478514033505,0.5674157303370772,31.37,-5.897354160025507,9.642970991393046,0.1685950413223146,-22.192936215076436,3.476334631494888,2649326.15,580,0,29.12237,1,,28.935,30.1,stop,581.0,599.0,1.1650000000000027,1
2025-04-07,BBWI,26.06,25.42,25.87,2.4739080015461807,130523.0,1.2271155930812132,0.2656249999999983,27.29,-5.203371198241107,8.739465005496525,0.7882599580712779,-21.031746031746025,3.7652065670727146,7508874.85,585,0,25.34374,1,,25.3742,26.06,stop,586.0,592.0,0.6858000000000004,0
2025-04-07,BCS,12.38,12.18,12.18,1.642036124794754,907014.0,0.6878404859901791,0.1500000000000048,13.17,-7.517084282460138,4.859529233105533,0.7187499999999999,-25.448502543197645,3.412005333589306,16215142.6,584,0,12.14346,1,,12.195,12.38,stop,585.0,588.0,0.1850000000000005,0
2025-04-07,BITU,28.73,28.2,28.46,1.8622628250175728,148716.0,0.880328734693044,0.6226415094339645,34.32,-17.074592074592072,6.847319347319352,0.7702127659574474,-26.83804627249357,6.436121942876813,2603798.95,576,1,28.1154,1,,28.1,28.73,stop,577.0,591.0,0.629999999999999,1
2025-04-07,BRKU,24.31,23.86,24.24,1.8564356435643536,55779.0,0.7217790743016395,0.2,27.08,-10.487444608567207,11.779911373707538,0.0470219435736672,-25.34072534072535,3.784112199805688,179875.05,576,1,23.78842,0,ssr_no_uptick,,,,,,,0
2025-04-07,BSTZ,15.93,15.75,15.83,1.1370814908401752,58358.0,0.6823924164364089,0.0555555555555544,16.83,-5.941770647652991,7.724301841948895,0.7538461538461534,-18.196287568729584,1.9499109354533484,290459.15,575,0,15.70275,1,,15.64,15.93,stop,576.0,594.0,0.28999999999999915,1
2025-04-07,BTDR,7.52,7.2698,7.29,3.432098765432092,115850.0,1.0504390273220947,0.8800959232613932,8.03,-9.215442092154412,15.940224159402236,0.5468749999999997,-38.167938931297705,7.181401365553927,4192036.3,583,0,7.2479906,1,,7.25,7.52,stop,584.0,591.0,0.2699999999999996,0
2025-04-07,BXSL,28.06,27.18,27.56,3.193033381712623,404609.0,1.1517044721971703,0.7349999999999997,29.2,-5.616438356164386,6.13013698630138,0.0279329608938551,-18.299830137164985,2.1627757501883917,1216184.35,583,0,27.09846,1,,27.03,28.06,stop,584.0,611.0,1.0299999999999976,1
2025-04-07,CAPR,8.5883,8.35,8.52,2.796948356807519,82043.0,1.1171771229026886,0.7343684431389016,9.06,-5.960264900662262,10.264900662251652,0.7849462365591405,-42.23728813559322,7.337388252493055,1529079.55,576,0,8.32495,1,,8.29,8.5883,stop,577.0,586.0,0.2983000000000011,1
2025-04-07,CARS,10.635,10.18,10.18,4.469548133595286,51909.0,1.227971830431037,0.2857142857142873,10.72,-5.0373134328358296,8.395522388059705,0.9444444444444456,-18.62509992006395,3.210275479009056,917799.25,583,0,10.14946,1,,10.105,10.635,stop,584.0,596.0,0.5299999999999994,1
2025-04-07,CERT,9.1,8.75,9.02,3.880266075388023,41804.0,0.976659488414632,0.1571428571428565,9.55,-5.5497382198953,5.340314136125652,0.6666666666666666,-22.905982905982903,2.5272291991904523,1518013.65,582,0,8.72375,1,,8.75,9.1,stop,583.0,606.0,0.3499999999999996,0
2025-04-07,CIM,11.165,10.885,11.15,2.511210762331833,89467.0,1.2654105294037483,0.7857142857142898,11.74,-5.025553662691651,6.431005110732545,0.3046357615894042,-21.145685997171142,1.7360625254673072,652824.2,583,0,10.852345,1,,10.8201,11.17,stop,584.0,594.0,0.3448999999999991,1
2025-04-07,CLF,6.69,6.48,6.56,3.201219512195121,988510.0,1.32741425595727,0.5233333333333319,6.96,-5.747126436781615,12.040229885057473,0.9403341288782818,-37.70180436847104,5.641027255736578,25154399.9,582,0,6.46056,1,,6.46,6.69,stop,583.0,589.0,0.23000000000000043,1
2025-04-07,CLM,6.42,6.18,6.42,3.738317757009349,663044.0,1.3605188805320845,0.1283333333333338,6.85,-6.277372262773719,6.277372262773719,0.5348837209302318,-18.631178707224333,1.551886536731266,1910702.2,575,0,6.16146,1,,6.1899,6.42,stop,576.0,596.0,0.2301000000000002,0
2025-04-07,CLSK,6.71,6.495,6.57,3.2724505327245037,1352927.0,1.4137394694267738,0.8139534883720927,7.32,-10.245901639344265,12.295081967213118,0.9111111111111112,-26.17977528089888,6.929511184369468,26818287.1,583,1,6.475515,1,,6.48,6.71,stop,584.0,588.0,0.2299999999999995,0
2025-04-07,CONL,10.23,9.58,9.74,6.6735112936345,300834.0,2.3453994417461224,0.9384615384615372,11.88,-18.013468013468017,26.430976430976436,0.6719745222929939,-55.28007346189165,9.160961880549866,6372351.85,580,1,9.55126,1,,9.52,10.23,stop,581.0,590.0,0.7100000000000009,1
2025-04-07,CONY,6.365,6.2,6.21,2.657004830917875,622156.0,0.983040839844982,0.9696969696969704,6.76,-8.13609467455621,12.233727810650889,0.6009673518742441,-31.907894736842103,4.6230728068599785,4750483.95,582,0,6.1814,1,,6.1512,6.365,stop,583.0,590.0,0.2138,1
2025-04-07,CORZ,6.81,6.6,6.7,3.134328358208954,437033.0,1.260507465369873,0.8095238095238093,7.18,-6.685236768802222,11.14206128133706,0.6249999999999994,-29.10052910052909,6.9482540301774725,21923849.55,582,0,6.5802,1,,6.58,6.81,stop,583.0,587.0,0.22999999999999954,1
2025-04-07,CPS,13.44,12.9,13.15,4.10646387832699,18682.0,1.0696976064969004,0.0925925925925907,13.85,-5.054151624548731,9.241877256317684,0.8828124999999997,-25.96387712818665,4.926261803347922,326147.1,575,0,12.8613,1,,12.79,13.44,stop,576.0,611.0,0.6500000000000004,1
2025-04-07,CRGY,7.5,7.29,7.42,2.830188679245283,270670.0,1.1828688694722111,0.1085714285714293,7.82,-5.1150895140665,12.212276214833748,0.1727748691099478,-37.48946925021061,5.502401537122994,4549158.25,577,0,7.26813,1,,7.34,7.5,stop,578.0,592.0,0.1600000000000001,0
2025-04-07,CRNC,6.36,6.2,6.285,2.545743834526653,51886.0,0.9413379354614744,1.0,6.88,-8.648255813953485,14.389534883720934,0.5858585858585859,-40.31339031339031,5.392645647795609,1214167.2,578,1,6.1814,1,,6.175,6.36,stop,579.0,590.0,0.1850000000000005,1
2025-04-07,CRSR,6.5,6.338,6.36,2.547169811320753,32699.0,1.1796606197649144,0.2592592592592582,6.765,-5.98669623059866,13.377679231337758,0.6795580110497235,-44.30823117338003,4.903926419931644,863412.1,576,0,6.318986,1,,6.31,6.5,stop,577.0,599.0,0.1900000000000004,1
2025-04-07,CRVO,10.5,9.7501,9.86,7.6054766734279955,53529.0,3.346609665128428,0.4799306574209889,11.08,-11.010830324909753,29.05685920577617,0.2566547600559092,-41.79456906729635,38.84746984168396,14156209.8,579,1,9.7208497,0,gap_through,,,,,,,0
2025-04-07,CSQ,13.79,13.2001,13.28,4.4420180722891445,70202.0,1.8851597681109395,0.0342430920494985,14.24,-6.741573033707871,7.2324438202247165,0.029031944849014,-21.79172334999971,2.453231790415212,274200.15,583,0,13.1604997,1,,13.2701,13.79,stop,584.0,611.0,0.5198999999999998,0
2025-04-07,CSTM,8.02,7.81,7.93,2.6481715006305167,29396.0,0.6565947063954515,0.0,8.41,-5.707491082045189,9.155766944114156,0.597402597402597,-36.0483870967742,3.5790239525847367,1451580.2,575,0,7.786569999999999,1,,7.83,8.02,stop,576.0,606.0,0.1899999999999995,0
2025-04-07,CWK,8.58,8.44,8.51,1.6451233842538258,51317.0,0.8322291471015122,1.0,9.0,-5.444444444444447,6.88888888888888,0.8387096774193552,-25.41630148992112,3.0974862259396976,1954188.3,580,0,8.414679999999999,1,,8.39,8.58,stop,581.0,610.0,0.1899999999999995,1
2025-04-07,DAN,10.69,10.5,10.5,1.8095238095238049,42812.0,0.9735962645190548,0.3947368421052604,11.26,-6.749555950266428,13.587921847246903,0.5359477124183004,-29.245283018867923,4.065163835702297,1579178.15,580,0,10.4685,0,gap_through,,,,,,,0
2025-04-07,DAWN,6.935,6.71,6.82,3.2991202346041004,19540.0,1.449951080050231,0.7111111111111129,7.22,-5.540166204986143,8.864265927977847,0.25,-23.883928571428577,3.8464218561886927,1066564.1,585,0,6.68987,1,,6.68,6.935,stop,586.0,604.0,0.2549999999999999,1
2025-04-07,DFEN,18.61,18.06,18.41,2.987506789788162,19681.0,0.8285412611152602,0.6181818181818172,20.4,-9.754901960784307,24.01617647058824,0.0325148490600694,-47.69886363636364,7.33862115628222,176782.45,582,1,18.00582,1,,17.89,18.61,stop,583.0,593.0,0.7199999999999989,1
2025-04-07,DFTX,5.08,4.95,5.0,2.599999999999998,100708.0,1.4591550563192774,0.4615384615384589,5.43,-7.918968692449351,11.418047882136282,0.8064516129032256,-29.07801418439716,3.499818650422866,1287458.65,577,0,4.93515,1,,4.9561,5.08,stop,578.0,600.0,0.1238999999999999,0
2025-04-07,DJT,16.122,15.58,15.58,3.4788189987163016,380129.0,1.260704764616636,0.5367158671586729,17.09,-8.835576360444703,8.484493856056169,0.3724137931034478,-35.00208594075928,4.4511942175952885,4428786.4,583,0,15.53326,1,,15.5,16.122,stop,584.0,592.0,0.6219999999999999,1
2025-04-07,DLO,7.81,7.64,7.67,2.2164276401564527,28200.0,1.067898840706529,1.0,8.09,-5.191594561186649,6.427688504326334,0.7499999999999987,-21.734693877551024,4.022151871617582,903347.65,584,0,7.61708,1,,7.63,7.83,stop,585.0,591.0,0.1799999999999997,0
2025-04-07,DNA,5.18,5.1,5.16,1.5503875968992262,43450.0,0.8110661911500792,0.3750000000000028,5.57,-7.360861759425495,10.615798922800725,0.9639776763064432,-35.660847880299244,5.397293423168876,1298252.15,580,0,5.0847,1,,5.078,5.18,stop,581.0,586.0,0.10199999999999942,1
2025-04-07,DOCN,27.005,26.27,26.96,2.726261127596437,87267.0,1.280039504640015,0.4421768707482987,28.65,-5.898778359511336,16.963350785340314,0.1995884773662549,-30.765279917822287,3.714227617647477,1201162.4,576,0,26.19119,1,,26.04,27.01,stop,577.0,594.0,0.9649999999999999,1
2025-04-07,ECC,6.87,6.65,6.83,3.221083455344067,283556.0,1.7295753037094777,0.2727272727272712,7.21,-5.270457697642162,9.84743411927878,0.3661971830985913,-22.911963882618505,2.710274052512564,1662764.2,575,0,6.630050000000001,1,,6.68,6.87,stop,576.0,598.0,0.1900000000000004,0
2025-04-07,ENVX,5.92,5.72,5.76,3.472222222222225,235235.0,1.2077267065004444,0.9500000000000012,6.31,-8.71632329635499,11.72741679873216,0.8378378378378375,-36.49393605292172,5.159833565804864,5171153.1,580,0,5.70284,1,,5.685,5.92,stop,581.0,593.0,0.23500000000000032,1
2025-04-07,EOLS,10.075,9.91,10.06,1.6401590457256376,27608.0,0.5127922003552975,0.1212121212121192,10.69,-5.893358278765192,9.44808231992516,0.7821782178217815,-26.35431918008784,2.954484349707589,757654.2,579,0,9.88027,1,,9.88,10.08,stop,580.0,609.0,0.1949999999999985,1
2025-04-07,EPD,28.87,27.96,28.48,3.195224719101124,1477993.0,1.3089502622517646,0.5494505494505494,30.85,-7.682333873581851,9.01134521880065,0.25179856115108,-17.520996235157835,1.9285932644653656,4812816.8,582,0,27.87612,1,,27.939,28.87,stop,583.0,589.0,0.9310000000000008,0
2025-04-07,ETHE,12.63,12.445,12.51,1.4788169464428498,447120.0,0.552859851767718,0.6756756756756739,15.07,-16.987392169873925,3.1187790311877945,0.6595744680851066,-29.1222146050164,3.8447743561478247,3958670.5,583,1,12.407665,1,,12.41,12.63,stop,584.0,590.0,0.2200000000000006,0
2025-04-07,FETH,15.1585,14.94,15.02,1.4547270306258362,152040.0,0.525682187490154,0.6407322654462252,18.07,-16.878804648588826,3.1267293857221983,0.6548672566371684,-28.94985808893094,3.882705208798834,1235516.95,583,1,14.89518,1,,14.89,15.1585,stop,584.0,590.0,0.2684999999999995,1
2025-04-07,FNGU,8.41,8.12,8.24,3.5194174757281664,125397.0,1.6451597706477492,0.6896551724137946,9.5,-13.26315789473684,13.368421052631572,0.2913385826771648,-51.86915887850467,8.005616570617127,1920429.15,582,1,8.09564,0,gap_through,,,,,,,0
2025-04-07,FRSH,11.84,11.5492,11.6,2.50689655172413,85199.0,0.633769029062306,0.621733149931225,12.29,-5.614320585842145,8.462164361269318,0.6249999999999991,-29.611650485436897,3.584114717413724,2982010.55,581,0,11.5145524,1,,11.45,11.84,stop,582.0,594.0,0.39000000000000057,1
2025-04-07,FVRR,21.64,20.9004,21.0,3.5219047619047585,25987.0,1.340482360851284,0.553812871822604,22.2,-5.405405405405403,7.409909909909924,0.4863221884498475,-23.41356673960613,3.1336816941616386,537480.4,584,0,20.8376988,1,,20.8572,21.64,stop,585.0,591.0,0.7828000000000017,0
2025-04-07,GDS,20.31,19.54,19.56,3.936605316973413,223521.0,2.041169796592156,0.545454545454548,21.48,-8.938547486033526,11.499068901303533,0.2753036437246963,-49.82042072857876,5.4953643586384455,3524047.7,584,0,19.48138,1,,19.72,20.31,stop,585.0,589.0,0.5899999999999999,0
2025-04-07,GGLL,24.375,23.74,23.85,2.6624737945492725,54604.0,1.0451981290326116,0.2836220472440985,25.29,-5.693950177935935,7.94780545670226,0.0248756218905475,-32.167235494880536,4.330505338644279,1127320.55,578,0,23.66878,1,,23.73,24.375,stop,579.0,591.0,0.6449999999999996,0
2025-04-07,GOF,13.14,12.51,13.13,4.798172124904804,444174.0,1.868659256117007,0.0634920634920648,13.86,-5.266955266955257,11.760461760461752,0.239263803680981,-17.57689893283113,2.20242766656382,1395911.25,575,1,12.47247,1,,12.42,13.14,stop,576.0,610.0,0.7200000000000006,1
2025-04-07,GUSH,15.9,15.45,15.9,2.830188679245289,114279.0,1.1601192731887071,0.9775555555555566,17.13,-7.1803852889667175,19.964973730297714,0.1754385964912275,-44.112478031634446,7.310792399748724,742385.25,581,1,15.40365,1,,15.3695,15.9,stop,582.0,587.0,0.5305,1
2025-04-07,HIBL,14.8342,14.4433,14.73,2.65376782077392,39936.0,1.3876279685820156,0.6055257099002301,16.6,-11.26506024096386,19.397590361445776,0.4037267080745345,-56.32967684553809,8.963590969302487,210229.5,578,1,14.3999701,0,ssr_no_uptick,,,,,,,0
2025-04-07,HIMX,5.945,5.85,5.91,1.6074450084602478,114243.0,0.9411062271859844,0.1705263157894771,6.25,-5.439999999999998,9.600000000000009,0.2500000000000004,-38.1151832460733,3.8960475914067,2352299.45,575,0,5.83245,1,,5.82,5.945,stop,576.0,592.0,0.125,1
2025-04-07,HLF,7.99,7.7,7.83,3.703703703703704,72958.0,1.162049705332517,0.0862068965517222,8.27,-5.320435308343404,4.897218863361551,0.8148148148148123,-14.659400544959134,3.209145781709471,1703544.95,575,0,7.6769,1,,7.66,7.99,stop,576.0,612.0,0.33000000000000007,1
2025-04-07,HLX,6.505,6.25,6.27,4.066985645933013,45944.0,1.26562090986069,0.8627450980392151,6.74,-6.973293768546003,8.011869436201781,0.2037037037037042,-29.550561797752817,3.963828597571456,2226733.45,584,0,6.23125,1,,6.28,6.51,stop,585.0,591.0,0.2249999999999996,0
2025-04-07,HOS,6.505,6.25,6.27,4.066985645933013,45944.0,1.26562090986069,0.8627450980392151,6.74,-6.973293768546003,8.011869436201781,0.2037037037037042,-29.550561797752817,3.963828597571456,2226733.45,584,0,6.23125,1,,6.28,6.51,stop,585.0,591.0,0.2249999999999996,0
2025-04-07,HSAI,14.69,13.96,14.11,5.1736357193479705,174778.0,2.0225223439476854,0.9178082191780838,15.27,-7.596594629993453,8.239685658153245,0.588141789858528,-41.64598842018197,13.674359334652603,6850905.9,580,0,13.91812,1,,13.84,14.69,stop,581.0,596.0,0.8499999999999996,1
2025-04-07,IEP,7.825,7.5304,7.81,3.772087067861716,135693.0,1.6473473949773398,0.1018329938900182,8.25,-5.3333333333333375,9.378181818181815,0.0564818405066555,-19.8974358974359,2.7393188228488534,684763.7,575,0,7.5078088,1,,7.5,7.825,stop,576.0,593.0,0.3250000000000002,1
2025-04-07,INTW,16.1,15.47,15.99,3.939962476547848,84625.0,1.8087778517327644,0.5396825396825388,17.34,-7.785467128027681,28.027681660899677,0.0534979423868315,-49.36668777707409,10.291991566374405,422994.25,577,1,15.42359,1,,15.32,16.1,stop,578.0,589.0,0.7800000000000011,1
2025-04-07,IONQ,19.796,19.1,19.61,3.549209586945426,991766.0,1.951096629890841,0.5264367816091952,20.68,-5.174081237911027,16.924564796905223,0.3742857142857139,-29.53647143370463,8.53218524291346,23626020.95,581,0,19.0427,0,gap_through,,,,,,,0
2025-04-07,JHG,29.28,28.62,28.62,2.306079664570231,35917.0,0.6011247628710734,0.5042424242424224,30.2,-5.231788079470193,5.844370860927154,0.3257790368271949,-26.237113402061844,3.4771340056811337,1520846.9,582,0,28.53414,1,,28.415,29.28,stop,583.0,592.0,0.865000000000002,1
2025-04-07,KD,27.4,26.6601,27.05,2.735304990757851,88765.0,1.341753768995834,0.7567238816056223,28.73,-5.847546119039331,8.492864601461878,0.3811475409836068,-24.798443147066997,3.2121753022598267,3100969.45,582,0,26.5801197,1,,26.53,27.4,stop,583.0,592.0,0.8699999999999974,1
2025-04-07,KREF,9.0,8.64,8.83,4.077010192525475,104667.0,1.5903113663828503,0.8333333333333317,9.56,-7.635983263598331,9.100418410041833,0.2873563218390807,-23.417172593235037,1.9163319683097328,524396.35,581,0,8.614080000000001,1,,8.655,9.0,stop,582.0,592.0,0.3450000000000006,0
2025-04-07,KRP,11.73,11.43,11.73,2.557544757033254,95300.0,1.4522253821612705,0.6333333333333302,12.36,-5.097087378640769,8.292880258899679,0.1073170731707311,-18.31476323119777,2.713171183905644,874632.55,581,0,11.39571,1,,11.38,11.73,stop,582.0,592.0,0.34999999999999964,1
2025-04-07,KSS,6.83,6.55,6.72,4.166666666666671,441572.0,1.7972084284788434,0.071428571428573,7.17,-6.276150627615065,16.875871687587168,0.933884297520661,-45.54294975688817,8.713567411897687,17111399.5,575,0,6.530349999999999,1,,6.55,6.83,stop,576.0,610.0,0.2800000000000002,0
2025-04-07,LNC,28.47,28.11,28.39,1.2680521310320516,86464.0,0.6351076274286369,0.1597222222222252,29.97,-5.271938605271933,9.69302635969303,0.3012048192771083,-26.355191582857547,3.935281739319204,2477413.4,580,0,28.02567,1,,27.985,28.47,stop,581.0,593.0,0.48499999999999943,1
2025-04-07,LTBR,6.53,6.25,6.26,4.472843450479237,57785.0,1.339893526490436,1.0,6.82,-8.21114369501467,15.102639296187686,0.6990291262135927,-39.16423712342079,6.453970455551293,1270912.95,581,0,6.23125,1,,6.1993,6.53,stop,582.0,589.0,0.3307000000000002,1
2025-04-07,LUNR,6.47,6.24,6.33,3.633491311216423,461149.0,1.5268505043283305,0.7030434782608698,6.87,-7.860262008733625,14.48326055312955,0.663316582914573,-33.23348240654797,10.069731179031974,12958105.65,580,0,6.22128,1,,6.21,6.47,stop,581.0,590.0,0.2599999999999998,1
2025-04-07,LYFT,10.285,9.94,10.285,3.354399611084109,799005.0,1.282664557779033,0.1376811594202931,10.84,-5.1199261992619896,7.7029520295202865,0.5508982035928138,-22.08333333333333,4.065503930016423,18179472.2,578,0,9.91018,1,,9.88,10.285,stop,579.0,606.0,0.40499999999999936,1
2025-04-07,MGNI,8.6,8.485,8.6,1.337209302325584,81266.0,0.8904705086911685,0.5652173913043579,9.08,-5.286343612334806,9.801762114537452,0.6067415730337086,-37.27206418672503,5.102310050770374,2742938.35,576,0,8.459544999999999,1,,8.44,8.6,stop,577.0,591.0,0.16000000000000014,1
2025-04-07,MSFL,15.83,15.34,15.49,3.163331181407361,32174.0,0.8872242720152277,0.0,16.35,-5.2599388379204965,8.44036697247708,0.0144927536231906,-22.39478957915832,3.101386912368187,162901.0,575,0,15.29398,1,,15.215,15.83,stop,576.0,600.0,0.6150000000000002,1
2025-04-07,MSFU,26.46,25.61,25.89,3.283120896098885,42562.0,1.3632913879286686,0.2352941176470576,27.35,-5.338208409506402,8.51919561243145,0.01716738197425,-22.73948075201432,3.061406173597522,471060.1,575,0,25.53317,1,,25.53,26.46,stop,576.0,600.0,0.9299999999999997,1
2025-04-07,MSTX,21.9399,20.0,20.38,9.518645731108938,531078.0,3.336614165233983,0.7319964946646738,26.03,-21.705724164425668,22.358816749903955,0.8075601374570451,-45.58440691542621,11.83383001302802,12084593.45,580,1,19.94,0,gap_through,,,,,,,0
2025-04-07,MSTY,19.1921,18.51,18.66,3.655412647374053,551573.0,1.2171114523161988,0.7916727752528961,20.63,-9.549200193892386,9.573436742607845,0.8632911392405064,-20.324508966695134,5.227943606938807,5703266.85,581,1,18.45447,1,,18.36,19.1921,stop,582.0,598.0,0.8321000000000005,1
2025-04-07,NAVI,10.9,10.58,10.58,3.024574669187148,18306.0,0.9308358706900628,0.8062499999999966,11.14,-5.026929982046683,5.296229802513464,0.3050847457627114,-25.543818659084987,2.8726235317445448,797488.6,582,0,10.54826,1,,10.56,10.9,stop,583.0,596.0,0.3399999999999998,0
2025-04-07,NBIS,19.0692,18.3922,18.74,3.612593383137672,629388.0,1.7423964729346608,0.720531757754801,20.29,-7.639231148348944,10.444553967471656,0.6181577953944881,-36.56059580230197,7.696259165485165,13386343.2,578,0,18.3370234,1,,18.3979,19.0692,stop,579.0,589.0,0.6712999999999987,0
2025-04-07,NBXG,10.37,10.11,10.37,2.5072324011571823,91507.0,0.9629070559096018,0.1153846153846198,11.0,-5.727272727272735,6.000000000000001,0.0909090909090916,-19.42501942501943,2.206618775950701,279867.65,582,0,10.07967,1,,10.095,10.37,stop,583.0,592.0,0.2749999999999986,0
2025-04-07,NCLH,14.87,14.36,14.84,3.4366576819407,885716.0,1.283344965975974,0.4117647058823548,15.69,-5.41746335245379,8.859145952836206,0.8561151079136684,-28.9272030651341,4.478000506601034,15124663.0,582,0,14.31692,1,,14.255,14.87,stop,583.0,590.0,0.6149999999999984,1
2025-04-07,NMRK,10.92,10.09,10.09,8.225966303270566,27620.0,3.809887749655017,0.132530120481927,10.71,-5.788982259570504,12.138188608776831,0.3769230769230774,-24.953514317590184,3.288389619304384,1166822.5,577,0,10.05973,1,,10.11,10.92,stop,578.0,613.0,0.8100000000000005,0
2025-04-07,NTLA,6.19,5.95,6.19,3.877221324717289,188582.0,1.677678772053178,0.1666666666666666,6.63,-6.636500754147806,7.239819004524893,0.4166666666666667,-39.19449901768172,5.044597292536657,3501267.5,580,1,5.93215,1,,5.94,6.19,stop,581.0,599.0,0.25,0
2025-04-07,NVDL,24.52,23.41,23.65,4.693446088794924,2202258.0,2.285563950379776,0.5855855855855846,27.66,-14.497469269703547,18.402024584237164,0.2789783889980357,-51.08421374854184,7.179453041537416,23733518.15,582,1,23.33977,1,,23.43,24.52,stop,583.0,588.0,1.09,0
2025-04-07,NVDY,12.7696,12.57,12.58,1.586645468998412,272890.0,0.8419727978091843,0.5511022044088142,13.46,-6.537890044576529,8.35661218424963,0.2756045519203417,-29.20652785593697,3.373995386094472,2425056.2,580,0,12.53229,1,,12.51,12.7696,stop,581.0,588.0,0.2596000000000007,1
2025-04-07,OILU,16.97,16.3301,16.96,3.7729952830188513,33879.0,0.8718079050699724,0.1092358180965733,18.42,-7.926167209554835,28.013029315960907,0.0465116279069771,-51.21951219512195,8.928781995444776,119341.8,576,1,16.281109700000002,1,,16.2437,16.97,stop,577.0,592.0,0.7262999999999984,1
2025-04-07,OPRA,13.485,13.0,13.07,3.7107880642693134,55941.0,1.3198861617580837,1.0,13.95,-6.30824372759856,8.099641577060927,0.3627754668554729,-29.579741379310335,3.7505296866405295,445456.0,581,0,12.961,1,,12.915,13.485,stop,582.0,592.0,0.5700000000000003,1
2025-04-07,OSCR,12.44,12.12,12.35,2.591093117408909,230066.0,1.2941856096183324,0.7187500000000007,13.0,-5.000000000000003,6.153846153846146,0.7625000000000003,-25.1968503937008,3.6201552023850185,4473113.2,580,0,12.08364,1,,12.12,12.44,stop,581.0,597.0,0.3200000000000003,0
2025-04-07,OUST,6.9627,6.67,6.72,4.355654761904761,73962.0,1.345974875577014,0.6662111376836362,7.2,-6.666666666666672,14.305555555555555,0.3592233009708738,-44.13965087281795,8.835092755323041,1580914.55,582,0,6.64999,1,,6.64,6.97,stop,583.0,591.0,0.3227000000000002,1
2025-04-07,OWL,15.085,14.725,14.98,2.403204272363159,232788.0,1.2348438470263126,0.4583333333333343,15.9,-5.786163522012578,11.383647798742151,0.2983425414364642,-31.535648994515537,5.0460363951640845,8501495.1,577,0,14.680825,1,,14.67,15.085,stop,578.0,591.0,0.4150000000000009,1
2025-04-07,PAYO,5.96,5.8,5.81,2.753872633390708,86501.0,0.8989936013269041,0.8750000000000028,6.21,-6.441223832528187,6.439613526570044,0.3498374593648412,-27.10163111668758,3.678555638067898,3402459.1,580,0,5.7826,1,,5.7701,5.96,stop,581.0,605.0,0.18989999999999974,1
2025-04-07,PCT,5.71,5.47,5.57,4.308797127468585,121051.0,1.8580187336452108,0.7500000000000019,5.99,-7.01168614357262,15.943238731218695,0.4397905759162303,-34.47058823529412,5.087568652924997,2538757.35,580,0,5.45359,1,,5.44,5.71,stop,581.0,593.0,0.2699999999999996,1
2025-04-07,PFN,6.91,6.38,6.61,8.01815431164902,264044.0,2.625741563138445,0.1981132075471705,7.08,-6.638418079096042,6.56779661016949,0.1612903225806456,-12.854317732366509,1.3583049415812982,392823.15,581,1,6.36086,0,gap_through,,,,,,,0
2025-04-07,PGY,9.05,8.75,8.76,3.424657534246584,151084.0,1.604847291757388,0.5666666666666651,9.6,-8.75,12.395833333333329,0.9243697478991596,-31.023622047244093,5.601397252091907,1803880.2,578,0,8.72375,1,,8.685,9.05,stop,579.0,593.0,0.3650000000000002,1
2025-04-07,PLCE,6.51,6.24,6.35,4.251968503937001,27265.0,1.589876510757417,0.3333333333333333,6.87,-7.569141193595348,19.868995633187776,0.2454212454212453,-33.50785340314137,7.321087121414958,380424.75,580,1,6.22128,0,gap_through,,,,,,,0
2025-04-07,PONY,6.13,5.962,5.98,2.8093645484949854,60684.0,1.159807213139517,0.583333333333332,6.41,-6.708268330733224,8.502340093603742,0.5229357798165141,-61.25763671583966,5.35920645941219,2028466.25,581,0,5.944114,1,,5.93,6.13,stop,582.0,598.0,0.20000000000000018,1
2025-04-07,PUBM,7.842,7.7117,7.8,1.67051282051281,27472.0,0.6752337827838596,0.0636991557943158,8.25,-5.454545454545457,5.333333333333328,0.7954545454545455,-26.31081719414266,4.151523660811749,610678.2,575,0,7.6885649,1,,7.65,7.842,stop,576.0,600.0,0.19199999999999928,1
2025-04-07,QBTS,6.105,5.84,5.88,4.506802721088445,2207636.0,1.8957814166054012,0.7169811320754716,6.34,-7.25552050473186,13.091482649842272,0.2409638554216869,-50.79497907949791,13.493955359426131,88403400.55,581,0,5.82248,1,,5.795,6.105,stop,582.0,593.0,0.3100000000000005,1
2025-04-07,RCAT,5.8799,5.75,5.8,2.239655172413796,238885.0,1.097532098066475,0.5388760585065452,6.17,-5.996758508914103,14.26256077795786,0.7045454545454547,-22.563417890520697,7.296838981202991,4017421.3,576,0,5.73275,1,,5.7,5.8799,stop,577.0,589.0,0.17989999999999995,1
2025-04-07,RGNX,5.94,5.72,5.86,3.754266211604106,24108.0,1.5636550904305748,0.0454545454545483,6.29,-6.836248012718596,4.531001589825121,0.1052631578947376,-35.32008830022075,5.565977636870699,1028411.75,576,0,5.70284,1,,5.705,5.94,stop,577.0,611.0,0.2350000000000003,0
2025-04-07,RNG,21.63,21.28,21.4,1.6355140186915789,36989.0,0.6120024926552324,0.0857142857142793,22.61,-5.351614329942507,9.066784608580278,0.2292682926829262,-24.885924885924886,2.949751990020516,1806729.15,575,0,21.21616,1,,21.125,21.63,stop,576.0,593.0,0.504999999999999,1
2025-04-07,RPC,9.095,8.92,8.98,1.948775055679295,22989.0,0.7027821118889955,0.8531428571428549,9.48,-5.274261603375527,8.438818565400833,0.2249999999999999,-27.87148594377509,3.862400884360605,495001.75,582,0,8.89324,1,,8.87,9.095,stop,583.0,587.0,0.22500000000000142,1
2025-04-07,SDGR,17.09,16.83,16.93,1.5357353809805172,52447.0,1.0920672755252916,1.0,18.03,-6.10094287298947,8.392124237382149,0.6298988830877019,-29.16317991631799,4.183409504181818,943800.85,577,0,16.77951,1,,16.76,17.13,stop,578.0,592.0,0.3299999999999983,1
2025-04-07,SEDG,13.94,13.66,13.69,2.0452885317750136,65630.0,1.000952222894393,0.5000000000000032,14.71,-6.934058463630192,9.925220938137317,0.965753424657535,-23.8174735670562,4.016163402000688,2388757.25,580,0,13.61902,1,,13.575,13.94,stop,581.0,592.0,0.3650000000000002,1
2025-04-07,SEZL,27.02,26.0,26.01,3.9215686274509785,46826.0,1.0181128016414267,0.9411764705882364,28.7,-9.37282229965156,16.864111498257838,0.7933884297520661,-90.11007813836764,19.584875354779555,323545.85,582,0,25.922,1,,25.995,27.02,stop,583.0,587.0,1.0249999999999986,0
2025-04-07,SG,19.79,19.14,19.5,3.3333333333333264,121132.0,1.4927637899932915,0.9461538461538458,20.88,-6.609195402298846,15.229885057471265,0.7106918238993705,-28.176795580110493,4.063393906297357,3527870.25,583,0,19.08258,1,,19.14,19.79,stop,584.0,589.0,0.6499999999999986,0
2025-04-07,SGML,7.29,7.19,7.23,1.3831258644536604,15586.0,0.5401138970058792,0.6999999999999964,7.63,-5.242463958060281,15.59633027522935,0.1680672268907565,-41.41004862236628,4.938252842168523,695863.15,576,0,7.168430000000001,1,,7.16,7.29,stop,577.0,585.0,0.1299999999999999,1
2025-04-07,SM,21.28,20.8,21.07,2.2781205505458018,105950.0,1.002604746902384,0.2812499999999956,22.26,-5.34591194968554,13.027852650494154,0.3913793103448283,-34.68691878487291,5.413913099545124,2900238.95,579,0,20.7376,1,,20.7,21.28,stop,580.0,590.0,0.5800000000000018,1
2025-04-07,SONO,8.254,8.07,8.07,2.28004956629491,101841.0,1.0196870265606437,0.3260869565217431,8.595,-6.108202443280981,8.376963350785337,0.8958333333333343,-37.19844357976653,4.269453109747082,1695681.0,585,0,8.04579,1,,8.055,8.254,stop,586.0,596.0,0.1989999999999998,0
2025-04-07,SOUN,6.85,6.61,6.64,3.614457831325292,1636858.0,1.5694701693076751,0.6458333333333325,7.32,-9.289617486338804,15.163934426229511,0.5135135135135136,-36.88212927756654,6.0747073838458565,25156758.6,582,1,6.5901700000000005,1,,6.56,6.85,stop,583.0,589.0,0.29000000000000004,1
2025-04-07,SOXL,7.88,7.58,7.88,3.807106598984769,12942096.0,2.564345778216437,0.6783333333333338,8.73,-9.736540664375722,25.829324169530345,0.2461306488092597,-63.12587739822181,9.51932678063339,137106763.35,576,1,7.55726,1,,7.54,7.88,stop,577.0,589.0,0.33999999999999986,1
2025-04-07,SPRY,12.4,12.05,12.14,2.8830313014826987,36398.0,0.915870385600474,0.857142857142855,12.8,-5.156250000000001,9.843749999999998,0.261904761904762,-19.532306387040325,6.81178555389821,2174816.4,578,0,12.01385,1,,12.045,12.4,stop,579.0,589.0,0.3550000000000004,0
2025-04-07,SPYU,19.42,19.0,19.42,2.162718846549957,149986.0,1.3211065359071132,0.3095238095238059,22.38,-13.226094727435198,19.57104557640752,0.0114155251141554,-51.40127978298244,7.816501723525242,1426497.7,575,1,18.943,1,,18.9,19.42,stop,576.0,591.0,0.5200000000000031,1
2025-04-07,SRRK,25.715,25.21,25.63,1.9703472493172027,22924.0,0.781687334597926,0.1881188118811862,26.9,-4.7211895910780655,12.472118959107808,0.07451564828614,-31.28686327077748,4.2454255463991135,1312250.2,576,0,25.13437,1,,25.01,25.715,stop,577.0,598.0,0.7049999999999983,1
2025-04-07,ST,18.0,17.695,17.7,1.7231638418079085,34614.0,0.8357025080885465,0.442622950819666,18.72,-5.448717948717947,10.817307692307704,0.5999999999999993,-39.47683364677723,4.546418152121272,2007712.85,582,0,17.641915,1,,17.71,18.0,stop,583.0,587.0,0.2899999999999991,0
2025-04-07,STLA,9.02,8.91,8.92,1.2331838565022355,1026993.0,0.6127973119950374,0.6363636363636422,9.72,-8.230452674897126,5.555555555555565,0.6666666666666677,-31.856378915202445,3.078405396046123,20147579.95,578,0,8.88327,1,,8.865,9.02,stop,579.0,588.0,0.15499999999999936,1
2025-04-07,SVIX,11.8,11.445,11.65,3.047210300429188,2412052.0,1.379406176427928,0.1980281690140831,12.63,-7.759303246239116,18.76484560570072,0.1223628691983125,-50.2517305138377,7.950574606142294,8677397.6,575,0,11.410665,1,,11.4057,11.8,stop,576.0,596.0,0.3943000000000012,1
2025-04-07,SYM,16.981,16.6,16.61,2.2937989163154744,93280.0,1.221136783980816,0.4724409448818887,17.5,-5.085714285714289,9.498285714285725,0.7112260859102395,-30.35639412997904,5.356576224861265,1376184.2,582,0,16.5502,1,,16.51,16.981,stop,583.0,587.0,0.4710000000000001,1
2025-04-07,TAL,11.08,10.595,11.08,4.377256317689525,2324124.0,1.4630839802704676,0.2577319587628869,12.28,-9.771986970684036,6.1482084690553815,0.5099337748344362,-24.42019099590723,3.5698170738840886,5516868.05,578,1,10.563215,1,,10.53,11.08,stop,579.0,591.0,0.5500000000000007,1
2025-04-07,TARK,19.49,18.94,19.16,2.870563674321488,32383.0,0.9079061733309356,0.8854545454545469,21.68,-11.62361623616236,16.76660516605165,0.4250343878954605,-48.701472556894245,7.607300402851407,170219.1,578,1,18.883180000000003,0,gap_through,,,,,,,0
2025-04-07,TIGR,6.95,6.76,6.83,2.781844802342612,593463.0,1.410474038800119,0.473684210526314,7.24,-5.662983425414367,9.56491712707182,0.5559566787003608,-31.7,6.871735181828004,8119205.4,578,0,6.73972,1,,6.715,6.95,stop,579.0,589.0,0.23500000000000032,1
2025-04-07,TNA,19.21,18.59,18.91,3.278688524590169,1835073.0,1.565827832574593,0.8225806451612915,21.32,-11.303939962476548,13.46153846153845,0.5993031358885019,-44.29223744292237,6.3540426678903374,14922487.3,580,1,18.53423,0,gap_through,,,,,,,0
2025-04-07,TRIP,11.16,10.7525,11.03,3.694469628286497,74713.0,1.3123093261262089,0.4301840490797539,11.69,-5.645851154833192,9.238665526090676,0.1898148148148148,-28.654592496765854,3.659661377823552,3069565.0,578,0,10.7202425,1,,10.665,11.16,stop,579.0,599.0,0.495000000000001,1
2025-04-07,TSL,8.43,8.24,8.35,2.2754491017964016,17697.0,1.0224307151186072,0.8421052631578977,9.17,-8.942202835332608,12.813522355507075,0.1702127659574463,-28.594029263620584,6.781967525317535,956836.6,577,1,8.21528,1,,8.21,8.43,stop,578.0,592.0,0.21999999999999886,1
2025-04-07,TSLL,7.02,6.7,6.9,4.637681159420281,9134059.0,2.7901991237094665,0.7500000000000021,7.94,-13.09823677581864,23.551637279596974,0.1336898395721925,-42.78606965174129,10.898155295887891,225586929.95,578,1,6.6799,0,gap_through,,,,,,,0
2025-04-07,TSLR,11.14,10.63,10.96,4.653284671532845,390712.0,2.571997538369355,0.7450980392156846,12.63,-13.222486144101344,23.23832145684876,0.1396933560477002,-42.71138245379275,10.94372371323977,4838196.2,578,1,10.59811,0,gap_through,,,,,,,0
2025-04-07,TSLT,9.68,9.18,9.68,5.1652892561983474,365318.0,3.049896031557396,0.6799999999999997,10.93,-11.436413540713634,23.42177493138151,0.1484374999999997,-41.5811707905854,10.917876352662216,8420100.6,578,1,9.15246,0,gap_through,,,,,,,0
2025-04-07,TSLY,7.3496,7.21,7.28,1.9175824175824137,148494.0,0.934550383299682,0.5873925501432665,7.72,-5.699481865284968,10.103626943005183,0.1410256410256402,-18.431372549019613,4.565414415745131,4826923.05,578,0,7.18837,0,gap_through,,,,,,,0
2025-04-07,TSSI,5.93,5.77,5.78,2.7681660899654004,63198.0,1.0252313887091822,1.0,6.24,-7.3717948717948705,11.658653846153848,0.7388316151202756,-44.04646660212972,6.107498022254205,962006.95,580,0,5.752689999999999,1,,5.74,5.93,stop,581.0,589.0,0.1899999999999995,1
2025-04-07,U,16.1396,15.73,16.0,2.5600000000000067,440542.0,1.1814828168837013,0.1708984375000002,16.92,-5.437352245862893,8.894799054373536,0.5348837209302338,-32.375316990701606,4.440031394804379,8746884.75,576,0,15.68281,1,,15.645,16.1396,stop,577.0,590.0,0.4946000000000019,1
2025-04-07,UDMY,6.23,6.11,6.23,1.9261637239165343,38856.0,0.9581482771909064,0.0,6.65,-6.31578947368421,8.706766917293228,0.3609671848013827,-33.01075268817205,4.098847157447104,1349810.05,576,1,6.091670000000001,0,gap_through,,,,,,,0
2025-04-07,URTY,22.51,21.85,22.21,2.9716343989194063,123981.0,1.2597683896798166,0.8169696969696929,25.05,-11.337325349301397,13.373253493013978,0.6059701492537314,-44.33583959899749,6.410761761046252,1442993.45,578,1,21.78445,1,,21.86,22.51,stop,579.0,592.0,0.6500000000000021,0
2025-04-07,USD,26.6199,25.92,26.23,2.6683187190240165,148652.0,1.493100855743131,0.4000571510215713,29.19,-10.140459061322373,16.512504282288443,0.3174273858921166,-48.28470031545741,6.514899074756691,704800.0,577,1,25.84224,1,,25.99,26.6199,stop,578.0,588.0,0.6299000000000028,0
2025-04-07,UWM,25.42,25.01,25.2,1.6269841269841274,28035.0,0.5432223068216558,1.0,27.34,-7.827359180687639,8.3394294074616,0.6315789473684214,-31.67028199566161,4.232619961364155,451521.5,580,0,24.93497,1,,24.8105,25.43,stop,581.0,592.0,0.6095000000000006,1
2025-04-07,VIR,5.31,5.21,5.22,1.9157088122605297,36090.0,1.058210793317344,0.4000000000000018,5.58,-6.451612903225811,6.451612903225796,0.2638888888888886,-33.41836734693878,3.3356103357705003,1395090.05,578,0,5.19437,0,gap_through,,,,,,,0
2025-04-07,VKTX,21.12,20.57,20.79,2.645502645502649,207548.0,0.9119107807704232,0.7818181818181803,22.62,-8.090185676392581,9.416003536693188,0.5117141649842718,-33.95806861499365,4.778764520286868,4027559.45,578,0,20.50829,1,,20.61,21.12,stop,579.0,597.0,0.5100000000000016,0
2025-04-07,VSAT,8.38,8.12,8.17,3.1823745410036914,101429.0,1.0736801532491551,0.5,8.9,-8.20224719101124,17.752808988764045,0.5696202531645571,-32.70181219110379,5.114462979773907,2586610.65,581,1,8.09564,0,gap_through,,,,,,,0
2025-04-07,VSCO,16.4,15.84,16.04,3.49127182044887,164762.0,1.662471723696347,0.232142857142859,16.95,-5.36873156342183,21.769911504424776,0.8644986449864498,-29.401408450704224,7.291117531592025,5883561.25,610,0,15.79248,1,,16.28,16.5316,stop,611.0,612.0,0.1199999999999974,0
2025-04-07,W,24.24,23.52,24.0,2.999999999999996,181878.0,0.9887570911838348,0.3194444444444455,26.05,-7.8694817658349345,24.99040307101728,0.8663594470046082,-38.68165559529893,7.631433308516568,6662916.7,584,0,23.44944,1,,23.625,24.24,stop,585.0,587.0,0.6149999999999984,0
2025-04-07,WEBL,12.235,11.76,11.95,3.974895397489537,35917.0,1.0178303130350068,0.88421052631579,13.5,-11.481481481481486,12.37037037037037,0.1377245508982038,-49.95812395309883,7.56043951918709,339205.3,582,1,11.72472,1,,11.73,12.24,stop,583.0,589.0,0.504999999999999,0
2025-04-07,WRBY,14.8661,14.41,14.65,3.1133105802047734,51255.0,1.6673640248146844,0.4604253453190077,15.78,-7.160963244613429,10.583016476552586,0.4910179640718559,-32.05009276437848,4.690570662290215,2526463.9,585,0,14.36677,1,,14.37,14.8661,stop,586.0,592.0,0.4961000000000002,0
2025-04-07,WRD,10.52,10.1202,10.35,3.862801932367141,108114.0,1.3411302470471973,0.0870435217608777,11.23,-7.83615316117543,17.970614425645596,0.3220851295773253,-49.51219512195122,5.458030398709402,1804626.1,576,1,10.0898394,1,,10.07,10.52,stop,577.0,610.0,0.4499999999999993,1
2025-04-07,XIFR,8.03,7.81,8.0,2.749999999999997,119648.0,1.3121644546809108,0.1363636363636376,8.44,-5.213270142180089,8.886255924170616,0.2266666666666665,-19.27346115035318,3.1049044299361546,2037977.2,577,0,7.786569999999999,1,,7.88,8.03,stop,578.0,596.0,0.1499999999999994,0
2025-04-07,XPEV,17.58,17.04,17.11,3.1560490940970145,124465.0,0.9858736504400026,0.6853703703703729,19.43,-11.940298507462687,4.709212557900169,0.6010928961748624,-37.00294550810015,5.430504410667199,14267844.25,578,1,16.988879999999998,0,gap_through,,,,,,,0
2025-04-07,XPRO,7.56,7.36,7.51,2.6631158455392714,24778.0,0.9654711973316328,0.8250000000000031,7.92,-5.176767676767679,9.136363636363628,0.6688778330569382,-32.88650580875782,4.233893596748842,1419694.5,584,0,7.33792,1,,7.374,7.56,stop,585.0,591.0,0.1859999999999999,0
2025-04-07,YINN,26.2,24.945,25.02,5.015987210231811,1166567.0,1.8002168640438805,0.6334661354581663,31.52,-20.621827411167512,15.038071065989856,0.5316455696202529,-52.899096385542165,6.043734523822926,5736061.85,580,1,24.870165,0,gap_through,,,,,,,0
2025-04-07,YMAX,11.45,11.2601,11.3,1.680530973451325,346626.0,0.8146908439285332,0.9310163243812548,11.92,-5.201342281879188,5.955536912751672,0.3803352584871106,-22.203098106712563,2.835727362097868,1377358.8,583,0,11.2263197,1,,11.25,11.45,stop,584.0,589.0,0.1999999999999993,0
2025-04-08,FAZ,7.04,6.86,6.86,2.6239067055393543,1067793.0,1.3099161167703588,0.7777777777777772,7.8,-12.051282051282044,23.076923076923062,0.45,-21.95676905574516,6.748639349097613,34956155.5,586,1,6.8394200000000005,1,,6.835,7.04,stop,587.0,657.0,0.20500000000000007,1
2025-04-08,FNGD,20.1,19.485,19.5,3.153846153846164,241563.0,1.472447976892545,0.2536585365853631,23.05,-15.40130151843818,33.70672451193059,0.4054367132597114,-29.52503487607248,7.863957291420203,5411760.4,598,1,19.426545,1,,19.37,20.1,stop,599.0,657.0,0.7300000000000004,1
2025-04-08,HIBS,30.45,29.63,29.99,2.734244748249417,37525.0,1.0721477669063637,0.5731707317073198,34.37,-12.74367180680826,36.97992435263311,0.4240755310778912,-28.06428400095946,9.129810661201766,308525.95,605,1,29.54111,0,gap_through,,,,,,,0
2025-04-08,JDST,18.3652,18.03,18.22,1.839736553238202,40111.0,1.044805690767452,0.4474940334128831,20.19,-9.757305596830124,16.617137196631997,0.7287630402384501,-14.925805216514291,5.354220035915435,1441145.25,610,1,17.975910000000002,0,ssr_no_uptick,,,,,,,0
2025-04-08,MSTZ,14.2,13.775,14.02,3.031383737517824,597491.0,1.9660205654112468,0.6470588235294142,15.15,-7.458745874587463,26.4026402640264,0.6499999999999999,-46.42720672525794,12.006256916156552,29360260.95,586,0,13.733675,1,,13.68,14.2,stop,587.0,590.0,0.5199999999999996,1
2025-04-08,NVDD,7.58,7.47,7.51,1.4647137150466087,326731.0,0.663833236819617,0.2727272727272742,8.01,-6.242197253433209,16.41697877652933,0.2585551330798479,-16.416249304396214,3.743713904209726,16303959.6,575,0,7.44759,1,,7.5,7.58,stop,576.0,578.0,0.08,0
2025-04-08,PLTD,17.18,16.74,17.18,2.5611175785797515,144899.0,1.1222804179482595,0.0227272727272762,18.51,-7.185305240410599,20.47541869259859,0.2110817941952509,-20.093023255813957,4.9352391830672495,2552128.75,605,0,16.68978,1,,16.6904,17.18,stop,606.0,708.0,0.4895999999999993,0
2025-04-08,SDS,24.39,24.17,24.19,0.9094667217858572,1293103.0,0.530197007393891,0.8177272727272767,25.97,-6.854062379668839,16.365036580670004,0.4494117647058824,-14.553161427057567,3.899373404996769,14462147.85,598,0,24.09749,1,,24.0701,24.39,stop,599.0,653.0,0.3199000000000005,1
2025-04-08,SPXS,8.54,8.42,8.42,1.4251781472683993,5151462.0,0.8743087868965844,0.7516666666666665,9.38,-10.234541577825167,24.519189765458428,0.4391495282403588,-21.086420678731763,5.916726491835838,92917546.75,598,1,8.39474,0,gap_through,,,,,,,0
2025-04-08,TSLS,11.64,11.42,11.61,1.8949181739879468,301357.0,1.2161262366584202,0.2954545454545423,12.22,-4.991816693944363,13.666121112929622,0.4311377245508986,-16.347837364632646,5.486322333882928,14831108.15,617,0,11.38574,1,,11.38,11.64,stop,618.0,652.0,0.2599999999999998,1
2025-04-09,AREB,8.96,7.9,8.14,13.022113022113029,69561.0,4.044680643257527,1.0,9.1,-10.54945054945054,69.23076923076923,0.2857142857142857,-61.03398755385352,427.9523211662879,18294191.75,600,1,7.8763,0,ssr_no_uptick,,,,,,,0
2025-04-09,BE,16.29,15.82,15.98,2.941176470588228,384661.0,1.62794087799307,0.0848936170212754,17.02,-6.110458284371322,12.984723854289076,0.2986425339366515,-39.76630229928383,4.937473539496544,6665237.75,575,0,15.77254,1,,15.89,16.29,stop,576.0,582.0,0.3999999999999986,0
2025-04-09,CLMT,8.74,8.285,8.3,5.481927710843374,41745.0,1.565753277390422,0.4725274725274721,8.99,-7.675194660734143,21.02224694104561,0.2539287793004923,-38.7905604719764,6.500684380484255,1334124.1,613,0,8.260145,1,,8.27,8.74,stop,614.0,807.0,0.4700000000000006,0
2025-04-09,DRN,6.81,6.5701,6.71,3.5752608047689947,65930.0,0.8881488178389376,0.0,7.08,-5.225988700564973,19.91525423728815,0.1914893617021278,-36.99648832885767,5.007004555754467,978167.2,575,0,6.5503897,0,gap_through,,,,,,,0
2025-04-09,FEED,6.5,6.0,6.05,8.264462809917356,97448.0,2.5658425712453643,1.0,7.2,-15.972222222222229,129.99999999999997,0.0331196581196581,-62.76923076923077,184.1428604171989,6954627.5,595,1,5.982,0,gap_through,,,,,,,0
2025-04-09,GDXD,7.21,6.85,7.15,5.034965034965039,327185.0,1.906259293494888,0.0694444444444453,8.25,-13.33333333333333,17.439999999999994,0.8479288295802058,-20.110839227253926,7.313192210675225,4808123.6,575,1,6.82945,0,gap_through,,,,,,,0
2025-04-09,JDST,18.51,17.71,18.5,4.324324324324328,125724.0,1.2569924364016405,0.1374999999999991,20.18,-8.325074331020812,12.721506442021802,0.867170458086631,-12.322274881516597,5.299448812189795,1445399.1,575,1,17.65687,0,gap_through,,,,,,,0
2025-04-09,NEOG,5.495,4.65,5.495,15.377616014558685,1703738.0,6.940499981251347,0.1893491124260346,7.04,-21.946022727272727,19.602272727272727,0.1086956521739133,-44.82931726907631,3.4623356590672656,5520212.3,575,1,4.63605,0,gap_through,,,,,,,0
2025-04-09,OILU,15.84,15.51,15.56,2.1208226221079696,20680.0,0.5872920504905442,0.7621212121212121,16.5,-5.696969696969694,24.272727272727263,0.2097378277153558,-55.24620340543027,8.983741870889036,160734.65,577,0,15.46347,0,gap_through,,,,,,,0
2025-04-09,XHR,8.755,8.72,8.72,0.4013761467889924,38725.0,0.0572344727178425,1.0,9.22,-5.422993492407809,9.056399132321047,0.1736526946107799,-32.92307692307691,3.2119785220417523,1020823.35,576,0,8.69384,0,gap_through,,,,,,,0
2025-04-10,AAL,10.66,10.33,10.53,3.133903133903135,2339210.0,1.3107005568393648,0.2575757575757547,11.12,-5.305755395683452,19.289568345323737,0.948717948717948,-12.758906379453196,6.358560473536352,68755008.85,577,0,10.29901,1,,10.23,9.49,eod,578.0,945.0,0.4299999999999997,1
2025-04-10,AAOI,13.4469,12.73,13.13,5.460015232292452,261278.0,2.1738593291660937,1.0,13.87,-5.335255948089391,29.956020187454936,0.8471924715396278,-44.599156118143455,13.72415803888322,5125922.85,592,0,12.69181,1,,12.695,11.648,eod,593.0,945.0,0.7518999999999991,0
2025-04-10,ALGM,22.25,21.64,22.05,2.7664399092970493,34123.0,1.011201982151606,0.5491803278688544,23.23,-5.07963839862247,20.53379250968575,0.9685534591194972,-21.080887616320688,6.767501153569129,3128587.7,576,0,21.57508,1,,21.46,21.07,lock,577.0,824.0,0.7899999999999991,1
2025-04-10,AMKR,17.145,16.785,17.0,2.1176470588235263,47550.0,0.9156333383267884,0.7916666666666683,17.98,-5.4505005561735285,17.352614015572865,1.0,-15.653683949392216,6.324560494115267,3513275.4,577,0,16.734645,1,,16.77,15.63,eod,578.0,945.0,0.375,0
2025-04-10,AMZU,27.75,27.41,27.69,1.2278801011195373,58404.0,0.7991492911638972,0.3823529411764678,29.38,-5.752212389380524,21.32402995234854,0.9337589784517154,-21.72659430122116,7.923384046974427,1607824.35,582,0,27.32777,1,,27.18,27.75,stop,583.0,588.0,0.5700000000000003,1
2025-04-10,AOSL,21.5,20.65,21.12,4.024621212121219,24669.0,1.6877910731864665,0.1294117647058856,22.84,-7.530647985989487,24.5183887915937,0.9696428571428568,-25.6338028169014,8.849102098404868,493662.85,577,1,20.58805,0,gap_through,,,,,,,0
2025-04-10,APA,15.828,15.31,15.71,3.2972628898790517,527211.0,1.6453915273453663,0.3378378378378365,16.71,-5.9844404548174746,19.964093357271107,0.93705035971223,-26.896230805025585,6.929100560160389,8775434.2,576,0,15.26407,1,,15.32,14.3141,eod,577.0,945.0,0.5079999999999991,0
2025-04-10,AVGX,15.65,15.3,15.39,2.274204028589991,78303.0,1.1965073170175953,0.6428571428571425,17.16,-10.314685314685311,27.91375291375291,0.9102296450939458,-25.974025974025967,10.960517428548023,1048765.7,577,1,15.2541,0,ssr_no_uptick,,,,,,,0
2025-04-10,AVL,16.9,16.48,16.6,2.5301204819276992,51485.0,1.1007365947756431,0.7557142857142872,18.6,-10.75268817204301,27.688172043010752,0.9223300970873788,-26.396580544753977,11.131221397922172,674107.1,599,1,16.43056,0,gap_through,,,,,,,0
2025-04-10,BLIV,5.4804,5.0,5.48,8.76642335766424,29178.0,4.330139527122158,0.3164029975020816,6.4,-14.374999999999998,51.64062499999999,1.0,0.0,0.0,0.0,576,1,4.985,0,gap_through,,,,,,,0
2025-04-10,BTDR,8.515,8.08,8.3,5.240963855421692,322978.0,2.069410699329284,0.2298850574712632,8.83,-6.002265005662507,21.913929784824468,0.9457364341085268,-29.6013570822731,8.694377919236517,4247750.3,575,0,8.05576,1,,8.06,7.305,eod,576.0,945.0,0.455,0
2025-04-10,CONL,12.97,12.48,12.7,3.858267716535435,205692.0,2.3853512622344604,0.795918367346936,14.04,-9.544159544159545,32.86823361823362,0.7919691420894097,-37.37672583826431,11.216996982746716,6565517.3,601,1,12.44256,1,,12.53,12.97,stop,602.0,624.0,0.4400000000000013,0
2025-04-10,CRGY,8.1375,7.89,8.09,3.0593325092707,88321.0,1.329803963219151,0.5656565656565653,8.57,-5.600933488914825,21.41190198366393,0.948228882833788,-31.84498736310025,7.056186934680995,4780645.65,578,0,7.86633,1,,7.94,7.265,eod,579.0,945.0,0.1974999999999989,0
2025-04-10,CRNC,7.82,7.58,7.715,3.1108230719377863,75499.0,1.302543593581903,0.0,8.18,-5.684596577017113,20.47677261613693,0.9910447761194028,-26.73314339981006,6.61915728468499,1180874.25,575,0,7.55726,0,gap_through,,,,,,,0
2025-04-10,CRSR,6.72,6.5,6.62,3.32326283987915,18480.0,0.8801663847876765,0.8181818181818178,7.02,-5.698005698005691,18.51851851851852,0.9423076923076922,-38.92988929889299,6.261492447112804,941289.85,591,0,6.4805,1,,6.48,6.075,eod,592.0,945.0,0.23999999999999932,1
2025-04-10,DEA,8.555,8.4,8.47,1.8299881936245492,204463.0,0.5027832231170264,0.774193548387095,9.52,-11.029411764705872,9.085084033613452,0.8265695456122092,-22.92993630573248,2.0932026709146507,1402746.4,606,1,8.3748,1,,8.3601,8.262649999999999,lock,607.0,812.0,0.19490000000000052,1
2025-04-10,ENVX,6.3627,6.11,6.22,4.062700964630224,360422.0,2.203393065764065,0.1780767708745546,6.645,-6.39578630549285,23.32580887885628,0.8193548387096773,-31.42227122381478,7.427710870478756,5692180.0,575,0,6.091670000000001,1,,6.05,5.735,eod,576.0,945.0,0.3127000000000004,1
2025-04-10,ETHU,26.1679,25.28,26.08,3.4045245398772948,82654.0,1.3531073682125785,0.3838270075458933,27.895,-6.506542391109522,23.87524645993906,0.8551051051051052,-9.632709632709636,534.4556055955977,41446894.9,582,0,25.20416,1,,25.24,23.5,eod,583.0,945.0,0.9279000000000012,0
2025-04-10,FEED,6.5215,6.06,6.13,7.528548123980425,24121.0,2.139199950072572,0.4117009750812576,6.69,-8.370702541106136,21.375186846038854,0.7762237762237766,-62.27692307692308,184.22177040064724,6979043.05,589,0,6.04182,1,,6.02,6.5215,stop,590.0,780.0,0.5015000000000001,1
2025-04-10,FNGU,12.29,11.93,12.14,2.9654036243822026,226766.0,1.6008307472714822,0.6666666666666683,13.19,-7.960576194086421,30.120545868081887,0.9438948878652872,-29.08878504672897,11.79468113510415,2340052.9,583,0,11.89421,1,,11.93,11.75,lock,584.0,843.0,0.3599999999999994,0
2025-04-10,FORM,27.78,26.8,27.49,3.56493270280102,39909.0,1.289443472431285,0.6982653061224491,29.76,-7.627688172043021,22.951276881720435,0.9472936767052692,-17.098664350616264,7.578241490263177,934090.65,594,1,26.7196,0,gap_through,,,,,,,0
2025-04-10,GUSH,17.83,17.13,17.83,3.92596747055524,120809.0,1.7558484411099713,0.3285714285714295,19.23,-7.280291211648477,25.37701508060321,0.9282786885245906,-37.32864674868191,9.245391161880816,997903.0,577,1,17.078609999999998,0,gap_through,,,,,,,0
2025-04-10,HIBL,20.5,20.0,20.31,2.461841457410143,52514.0,0.8046208937141391,0.4500000000000028,22.73,-10.64672239331281,32.77606687197536,0.9637583892617452,-39.78654017195375,13.634752474839004,316149.9,576,1,19.94,1,,20.0386,19.808,lock,577.0,625.0,0.4614000000000011,0
2025-04-10,HP,20.6994,19.93,20.59,3.736765420106853,50751.0,1.3785163664703604,0.0909799844034315,21.71,-5.1589129433440855,22.570244127130348,0.7938775510204085,-23.257547521431228,5.985400323673062,1757633.5,577,0,19.87021,1,,19.82,18.12,eod,578.0,945.0,0.8794000000000004,1
2025-04-10,IONX,30.55,29.23,30.0,4.400000000000001,23924.0,1.789641081064246,0.7916666666666651,32.67,-8.172635445362724,32.30792776247321,0.967314069161535,-24.623115577889443,19.35667094306427,497368.85,578,0,29.14231,1,,29.31,30.55,stop,579.0,623.0,1.240000000000002,0
2025-04-10,MBLY,14.415,13.56,14.29,5.983205038488444,419920.0,2.844804715069475,0.200233918128654,15.14,-5.614266842800538,16.941875825627474,0.9259259259259262,-17.529937959890354,5.618575600383805,4124997.8,583,1,13.51932,1,,13.5001,12.915,eod,584.0,945.0,0.9148999999999994,1
2025-04-10,MLYS,12.415,12.12,12.12,2.4339933993399336,43567.0,0.6498460567193637,0.3728813559322075,12.83,-5.533904910366336,18.70615744349182,0.9958333333333336,-34.05875952121872,6.02442464521248,1471069.45,577,0,12.08364,1,,12.03,12.415,stop,578.0,644.0,0.3849999999999998,1
2025-04-10,MSTX,23.5,22.452,22.72,4.612676056338021,371413.0,2.492672065233731,0.713740458015266,24.92,-8.82825040128412,34.09109149277688,0.8992996292154671,-39.33649289099527,17.159683865735182,12293251.65,582,1,22.384644,1,,22.335,21.7525,lock,583.0,842.0,1.1649999999999991,1
2025-04-10,MUU,9.14,8.8,9.07,3.74862183020948,40950.0,2.0921055946656173,0.5294117647058817,10.43,-13.03930968360498,32.69415148609779,0.9501466275659824,-57.15635333018423,14.299491002279575,574696.5,577,1,8.7736,0,gap_through,,,,,,,0
2025-04-10,NVAX,6.49,6.12,6.4,5.781250000000002,476226.0,1.86127838530944,0.0540540540540528,6.75,-5.18518518518518,13.629629629629642,0.7499999999999998,-24.882629107981213,4.817409792142967,4702660.65,575,1,6.10164,0,gap_through,,,,,,,0
2025-04-10,NVDX,7.605,7.37,7.51,3.12916111850866,1223412.0,1.6110702363715763,0.8127659574468067,8.23,-8.748481166464163,26.36573511543135,0.94935250472372,-25.569871159563927,10.759581339193462,17549994.8,598,1,7.34789,1,,7.3,7.605,stop,599.0,631.0,0.3050000000000006,1
2025-04-10,OILU,19.0,18.054,19.0,4.978947368421061,25728.0,1.289689409465954,0.1014799154334037,20.49,-7.271839921913122,28.794533918984875,0.9050847457627116,-45.35204786010125,10.732510693943771,183868.9,576,1,17.999837999999997,1,,17.96,15.56,eod,577.0,945.0,1.0399999999999991,1
2025-04-10,PCT,6.2,6.0007,6.08,3.2779605263157903,116196.0,1.5681855674443073,0.4982438534872026,6.5,-6.46153846153846,21.538461538461544,0.7357142857142857,-26.57004830917874,6.018677675416901,2581561.3,577,0,5.9826979,1,,5.99,5.89,eod,578.0,945.0,0.2099999999999999,0
2025-04-10,PLTU,30.148,28.98,29.2,3.999999999999997,182725.0,2.172265055337237,0.6592465753424658,31.54,-7.419150285351934,30.225110970196567,0.9013951536767022,-23.560209424083776,12.377834835727832,4343120.0,600,0,28.89306,1,,28.7959,30.148,stop,601.0,636.0,1.3521,1
2025-04-10,PTEN,6.18,5.97,6.18,3.3980582524271843,210908.0,1.391367920649717,0.2857142857142881,6.56,-5.792682926829267,22.713414634146343,0.9127516778523485,-29.290617848970257,7.933135425734269,12526339.7,577,0,5.95209,1,,5.96,5.465,eod,578.0,945.0,0.2199999999999997,0
2025-04-10,QQQU,29.75,29.37,29.46,1.289884589273588,15124.0,0.536753899292197,0.7105263157894744,31.34,-5.998723675813653,22.84620293554563,0.9385474860335192,-20.29220779220779,8.222684896712416,180089.1,584,0,29.28189,1,,29.393,29.75,stop,585.0,586.0,0.3569999999999993,0
2025-04-10,RCAT,6.75,6.31,6.62,6.646525679758314,723975.0,2.267253316797666,0.0227272727272742,7.45,-11.140939597315436,19.46308724832215,0.6551724137931035,-16.729559748427675,7.681864401140088,4277605.7,575,1,6.29107,0,gap_through,,,,,,,0
2025-04-10,RETL,5.17,5.06,5.11,2.1526418786692822,68960.0,1.2495263330201765,0.1818181818181855,5.48,-6.75182481751825,27.91970802919708,0.8562091503267976,-25.29130542844193,9.605412605043892,896683.5,577,0,5.04482,1,,5.02,4.944999999999999,lock,578.0,782.0,0.15000000000000036,1
2025-04-10,ROBN,11.3,10.8,10.89,4.591368227731864,69707.0,2.6851261563455178,0.7399999999999984,12.07,-9.776304888152442,35.70836785418393,0.9605568445475638,-40.16483516483516,15.497623546384292,2930635.9,601,1,10.7676,1,,10.755,11.3,stop,602.0,623.0,0.5449999999999999,1
2025-04-10,SDRL,20.24,19.58,20.0,3.3000000000000007,29525.0,0.8038019996112158,0.3636363636363666,21.16,-5.482041587901701,17.391304347826104,0.9293478260869562,-23.968827219159856,5.478627025143039,1229567.35,577,0,19.52126,1,,19.4,18.3,eod,578.0,945.0,0.8399999999999999,1
2025-04-10,SMCL,12.0,11.564,11.78,3.701188455008489,42667.0,1.6088851309918322,0.8853211009174295,12.87,-8.46930846930847,28.43822843822844,0.879781420765027,-41.31040220808402,13.479848768841366,959924.9,576,1,11.529308,1,,11.57,10.3,eod,577.0,945.0,0.4299999999999997,0
2025-04-10,SOFX,8.1575,7.91,8.04,3.07835820895523,19331.0,1.4565450348967648,0.3232323232323228,8.76,-8.219178082191789,34.81735159817351,0.8918032786885246,-43.21432355122366,14.032726440411247,305057.4,576,1,7.886270000000001,1,,7.88,7.1,eod,577.0,945.0,0.27750000000000075,1
2025-04-10,SOXL,11.14,10.7,10.92,4.029304029304042,16701719.0,2.5235600576378143,0.7272727272727258,12.77,-14.487079091620986,38.13625685199686,0.9301848049281314,-48.90032756200281,16.21235575179687,213690755.55,577,1,10.6679,0,gap_through,,,,,,,0
2025-04-10,SPYU,26.36,25.89,26.13,1.7986988136241826,113760.0,1.0964615587577826,0.3829787234042556,28.48,-8.251404494382026,31.10709269662922,0.9470274175160566,-34.609445969584506,11.76123230803984,1956839.95,577,0,25.81233,1,,25.66,25.310000000000002,lock,578.0,868.0,0.6999999999999993,1
2025-04-10,SVIX,12.3399,11.9,11.97,3.675020885547199,713447.0,1.7981709992213262,0.5228461013866801,12.99,-7.852193995381058,23.094688221709006,0.8833333333333334,-48.88525444211479,9.921571352327636,15147653.8,594,0,11.8643,1,,11.9001,9.79,eod,595.0,945.0,0.4397999999999999,0
2025-04-10,TNA,22.39,21.88,22.01,2.317128577919134,1832362.0,1.4089005993047918,0.5490196078431377,24.01,-8.329862557267804,27.73885880882965,0.8858875992852964,-35.15981735159817,8.923839522420241,19481950.55,581,0,21.81436,1,,21.74,21.415,lock,582.0,843.0,0.6500000000000021,1
2025-04-10,TSLL,9.16,8.75,8.98,4.565701559020046,8585864.0,2.106703099803452,0.7073170731707293,9.86,-8.924949290060843,31.43002028397566,0.9486931268151014,-25.538971807628524,14.610921162474853,243040759.4,596,1,8.72375,1,,8.675,8.432500000000001,lock,597.0,843.0,0.48499999999999943,1
2025-04-10,TSLR,14.53,13.89,14.255,4.489652753419844,198063.0,1.8385341896352625,0.6578125000000002,15.63,-8.797184900831734,31.28598848368521,0.9509202453987732,-25.48820774441749,14.671915401029862,5563214.2,596,1,13.84833,0,gap_through,,,,,,,0
2025-04-10,TSLT,12.54,11.9888,12.33,4.470397404703971,378563.0,2.0490026395845278,0.6734397677793907,13.49,-8.59896219421794,31.504818383988137,0.9435294117647058,-25.5884127942064,14.653317772815896,9174253.85,595,1,11.9528336,1,,11.94,11.64,lock,596.0,866.0,0.5999999999999996,1
2025-04-10,UMAC,5.29,5.15,5.23,2.676864244741868,46865.0,1.331696011030682,0.7499999999999984,5.65,-7.433628318584069,18.10619469026548,0.8533724340175958,-34.46115288220552,9.120066650504963,836742.7,599,0,5.13455,1,,5.13,5.29,stop,600.0,629.0,0.16000000000000014,1
2025-04-10,URTY,26.2101,25.69,25.81,2.015110422316929,135707.0,1.1331491295085674,0.5287444722168793,28.2,-8.475177304964541,27.624113475177303,0.8921694480102695,-35.31328320802005,8.976067997377859,1929085.25,581,0,25.61293,1,,25.47,25.09995,lock,582.0,843.0,0.7401000000000018,1
2025-04-10,UWM,28.35,27.99,28.04,1.2838801711840335,49925.0,0.5394688022740636,0.4444444444444411,29.68,-5.525606469002698,19.82816711590296,0.8810535259133391,-23.969631236442524,5.949595489813005,567719.7,581,0,27.90603,1,,27.81,27.68,lock,582.0,844.0,0.5400000000000027,1
2025-04-10,W,28.38,26.73,27.8,5.935251798561146,281706.0,2.4469808135440445,0.8727272727272742,29.66,-6.271072151045177,30.61362103843561,0.7995594713656388,-28.97291773122125,9.63256933227269,7976860.5,601,1,26.64981,1,,26.65,25.68,eod,602.0,945.0,1.7300000000000004,0
2025-04-10,WEBL,16.8339,16.55,16.58,1.712303980699633,33010.0,0.8951977212731896,0.4226840436773559,17.74,-6.538895152198424,27.677564825253675,0.9409368635437876,-30.569514237855948,10.36874998651127,386182.55,577,0,16.50035,0,gap_through,,,,,,,0
2025-04-14,MSTZ,8.46,8.15,8.16,3.7990196078431433,1232036.0,1.5683275170761402,0.7058064516129017,8.73,-6.529209621993131,25.19014891179839,0.1496521304169889,-56.64187035069076,16.955598407920956,32183876.65,593,0,8.12555,1,,8.1088,8.46,stop,594.0,698.0,0.3512000000000004,1
2025-04-15,ALGM,20.99,19.82,20.29,5.766387382947256,413407.0,2.206623893004074,0.4401709401709413,22.01,-7.81462971376648,6.724216265333924,0.3378378378378385,-27.38010021474589,6.872149656442908,3118839.05,590,1,19.76054,1,,19.661,19.8,eod,591.0,945.0,1.328999999999997,1
2025-04-15,FATN,7.2899,7.1,7.12,2.667134831460683,25822.0,1.1528306091649347,0.7898894154818318,8.11,-12.207151664611583,64.73489519112208,0.4533333333333331,-69.4026643747314,25.18324365704942,3046504.6,576,1,7.0787,0,gap_through,,,,,,,0
2025-04-15,MLGO,11.58,10.8,11.15,6.995515695067259,156642.0,2.30514422241445,0.0641025641025627,11.955,-6.733584274362189,26.3396068590548,0.1127377814474897,-65.58641975308642,103.2351408778128,33396956.35,576,1,10.7676,1,,10.7285,11.58,stop,577.0,586.0,0.8514999999999997,1
2025-04-16,GDS,18.78,18.2,18.78,3.08839190628329,226387.0,1.3223336615095582,0.6293103448275876,20.63,-8.96752302472127,2.869607367910821,0.6283783783783757,-42.53242878519429,5.676689163864587,4032909.65,576,1,18.1454,1,,18.215,18.78,stop,577.0,591.0,0.5650000000000013,0
2025-04-16,ROBN,12.41,11.5911,11.66,7.023156089193819,121650.0,1.936977837346636,0.7435584320429832,13.0,-10.307692307692308,8.371538461538464,0.2189653588165033,-35.93406593406593,14.80361011881861,3089728.95,595,1,11.5563267,1,,11.56,10.89,eod,596.0,945.0,0.8499999999999996,0
2025-04-17,ALHC,17.43,16.5,17.4,5.344827586206895,445280.0,2.607535435406785,0.5322580645161302,19.48,-10.677618069815203,3.978439425051346,0.3548387096774211,-17.37891737891738,2.752036126976118,3301878.3,581,1,16.4505,1,,16.4,17.43,stop,582.0,629.0,1.0300000000000011,1
2025-04-21,BULL,24.23,22.5,24.23,7.139909203466778,191979.0,2.690169050281659,0.0578034682080932,26.33,-7.975693125712108,48.53740979870872,0.0391239368070172,-69.54499748617395,85.07908950927387,3392166.55,578,1,22.4325,0,gap_through,,,,,,,0
2025-04-21,FATN,12.28,10.55,11.59,14.926660914581523,35782.0,3.2963645622103432,0.0,12.43,-6.757843925985519,63.95816572807723,0.4251572327044024,-50.19338203695746,25.79909425361368,2644961.625,579,1,10.51835,0,gap_through,,,,,,,0
2025-04-21,HTZ,7.54,6.93,7.33,8.321964529331519,4110120.0,3.140720025309633,0.0985245901639348,8.24,-11.043689320388353,25.000000000000007,0.7572815533980584,-16.132723112128147,17.362024791908162,27639876.65,575,1,6.90921,1,,6.9302,7.54,stop,576.0,632.0,0.6097999999999999,0
2025-04-21,MSTZ,7.5,7.26,7.34,3.2697547683923736,946005.0,1.2870891925751553,0.8125000000000004,7.74,-5.167958656330754,9.17312661498709,0.1971830985915498,-60.9989373007439,16.632893586823393,33915191.75,629,0,7.23822,1,,7.2199,7.5,stop,630.0,648.0,0.2801,1
2025-04-21,SMCX,24.1372,23.4023,23.68,3.1034628378378364,48443.0,1.3880437907172205,0.6833582800380986,25.12,-5.732484076433126,11.583996815286625,0.5876146946630472,-55.25321239606954,11.947154530762202,3685041.85,599,0,23.3320931,1,,23.18,21.86,eod,600.0,945.0,0.9572000000000003,1
2025-04-21,TSLL,7.06,6.85,6.96,3.0172413793103443,6371849.0,1.535828380887944,0.9047619047619068,7.67,-9.256844850065187,5.606258148631026,0.5813953488372097,-42.28855721393035,14.43866098803325,246199350.75,577,0,6.82945,1,,6.9801,6.6899,eod,578.0,945.0,0.0798999999999994,0
2025-04-21,TSLR,11.23,10.88,11.02,3.1760435571687813,91761.0,1.3154583725008082,0.828571428571427,12.18,-9.523809523809526,5.418719211822661,0.5606060606060593,-42.39775863510914,14.505969160653711,5595319.9,578,1,10.84736,1,,10.89,10.6301,eod,579.0,945.0,0.3399999999999998,0
2025-04-21,TSLT,9.65,9.35,9.48,3.1645569620253235,370728.0,1.462197385278082,0.8833333333333331,10.48,-9.541984732824426,5.438931297709926,0.56140350877193,-42.788171394085694,14.473200884821464,9262672.1,578,1,9.32195,1,,9.36,9.1396,eod,579.0,945.0,0.2900000000000009,0
2025-04-21,USAR,13.35,12.91,13.02,3.3794162826420853,162159.0,2.0803535354495937,0.2727272727272712,14.09,-7.594038325053232,21.417317246273964,0.2253040395002815,-29.811320754716984,16.292043073331364,2615766.4,576,0,12.87127,0,gap_through,,,,,,,0
2025-04-22,MSTZ,7.27,7.0,7.19,3.755215577190536,1493995.0,1.3988879880285188,0.2222222222222211,7.7,-6.62337662337662,13.8961038961039,0.5887850467289717,-61.795961742826776,15.991764002459984,34793999.6,580,0,6.979,1,,6.97,6.4777,eod,581.0,945.0,0.2999999999999998,1
2025-04-22,UPXI,8.82,7.94,7.94,11.083123425692694,213296.0,4.371203938393077,0.2954545454545442,9.89,-19.716885743174924,131.24266936299293,0.0670190063097559,-63.90909090909091,74.23164303717378,5079684.55,575,1,7.916180000000001,0,gap_through,,,,,,,0
2025-04-23,FNGD,14.39,14.0924,14.38,2.069541029207239,230741.0,1.0483762095534026,0.5295698924731179,16.34,-11.995104039167682,9.02692778457772,0.3559322033898308,-48.02923084707294,12.217521810844136,6331062.1,577,1,14.0501228,1,,14.04,14.39,stop,578.0,687.0,0.3500000000000014,1
2025-04-23,SEDG,12.65,11.92,12.32,5.925324675324679,483045.0,1.954076758499377,0.1095890410958904,13.05,-5.593869731800769,9.195402298850585,0.3083333333333339,-30.900259684900693,8.082233054307885,3375692.1,575,0,11.88424,1,,11.83,12.65,stop,576.0,586.0,0.8200000000000003,1
2025-04-23,SOXS,22.465,22.0,22.16,2.098375451263537,2732917.0,0.9967233735912112,0.322365591397847,26.09,-15.063242621694132,6.765044078190867,0.3796033994334273,-58.52517312371327,17.156652660171133,66777837.55,577,1,21.934,1,,21.85,22.465,stop,578.0,687.0,0.6149999999999984,1
2025-04-23,SRTY,24.64,24.145,24.57,2.0146520146520186,152201.0,0.6268628177146814,0.0707070707070708,26.86,-8.525688756515262,6.254653760238272,0.1607142857142854,-34.07566407298096,9.206570923238566,3907706.85,577,1,24.072565,0,gap_through,,,,,,,0
2025-04-23,TZA,16.99,16.64,16.915,2.0691693762932184,899098.0,0.7342882564080272,0.0571428571428562,18.5,-8.567567567567572,6.2967567567567535,0.1502274873379696,-34.18287937743191,9.235264841234455,26934245.9,577,1,16.59008,0,gap_through,,,,,,,0
2025-04-23,ZYBT,9.9999,8.2157,8.3,21.496385542168674,22366.0,4.043366029206346,0.9047752494115008,9.01,-7.880133185349601,29.966703662597105,0.8703703703703705,-25.89285714285713,16.045480985526435,609764.05,605,0,8.1910529,1,,8.22,7.330050000000001,lock,606.0,647.0,1.7798999999999996,0
2025-04-24,MXL,10.13,9.51,9.99,6.206206206206216,125108.0,2.706420622404686,0.225967741935484,11.01,-9.264305177111714,6.811989100817439,0.0666666666666652,-24.74576271186441,8.190451058609158,1557968.35,576,1,9.48147,0,gap_through,,,,,,,0
2025-04-24,SOXS,21.75,21.23,21.23,2.4493641073951933,2185160.0,1.1171634658535938,0.4423076923076935,23.1,-8.095238095238098,9.437229437229435,0.8256880733944958,-60.26576829496538,17.37354415690553,70308287.3,585,0,21.16631,1,,21.0999,19.3816,eod,586.0,945.0,0.6500999999999983,1
2025-04-24,UPXI,10.75,10.31,10.43,4.2186001917545495,42186.0,2.3305848591628187,0.2045454545454544,11.01,-5.267938237965486,21.88919164396004,0.3402489626556018,-52.590909090909086,74.21033682185998,5795802.85,575,0,10.27907,1,,10.3,10.75,stop,576.0,599.0,0.4499999999999993,0
2025-04-28,CSIQ,10.485,10.05,10.485,4.148783977110146,306074.0,1.9459520368434635,0.1034482758620691,11.15,-5.964125560538125,23.183856502242143,0.9090909090909092,-7.905138339920952,9.619296358185974,2904029.85,575,1,10.01985,1,,9.96,9.795,eod,576.0,945.0,0.5249999999999986,1
2025-04-29,ACMR,19.75,17.51,19.44,11.522633744855955,248721.0,4.076762380786046,0.1179910714285709,20.8,-6.538461538461536,6.370192307692321,0.3547169811320765,-19.101123595505616,5.179607733460312,1902776.25,576,1,17.45747,1,,17.62,18.505,eod,577.0,945.0,2.129999999999999,0
2025-04-29,ATON,10.25,10.0,10.01,2.4975024975024978,19531.0,1.2535279912078203,0.4251999999999967,10.77,-7.056638811513462,18.181987000928505,0.6230211418649776,-36.71806348423641,19.38245227758595,2507329.4,581,0,9.97,0,gap_through,,,,,,,0
2025-04-30,FNGU,13.77,13.5,13.77,1.960784313725487,573293.0,0.98034072444951,0.9259259259259274,14.61,-5.749486652977412,4.791238877481173,0.785714285714285,-6.707317073170733,12.496727381466782,3070726.25,581,0,13.4595,1,,13.45,13.77,stop,582.0,620.0,0.3200000000000003,1
2025-04-30,HIMZ,16.49,15.25,16.42,7.551766138855043,71017.0,2.4245919879693685,0.1693548387096783,17.61,-6.757524134014751,23.452583759227718,0.435835351089588,-17.65295887662989,15.9348006499034,436288.15,575,1,15.20425,1,,15.3,15.45,eod,576.0,945.0,1.1899999999999975,0
2025-04-30,PONY,9.44,9.0,9.01,4.883462819089894,391987.0,1.8725350763851272,0.8522727272727282,9.65,-6.632124352331611,17.69948186528496,0.6029859484777521,-20.581754076685773,17.088524290498984,9782120.1,635,0,8.973,1,,8.915,9.0779,eod,636.0,945.0,0.5250000000000004,1
2025-04-30,SOFX,10.68,10.17,10.68,4.775280898876402,56443.0,1.307318047582475,0.6666666666666666,11.59,-7.8515962036238145,18.6367558239862,0.037037037037037,-21.872713972201904,13.74152345735123,445735.85,577,1,10.13949,1,,10.1,9.9501,eod,578.0,942.0,0.5800000000000001,1
2025-04-30,SOXL,11.21,10.88,10.99,3.0027297543221114,10497819.0,1.0493905259777758,0.9242424242424232,11.86,-7.335581787521073,5.480607082630694,0.3692307692307693,-34.931912374185906,17.563203184096903,360402889.15,581,0,10.84736,1,,10.85,11.21,stop,582.0,615.0,0.3600000000000012,0
2025-04-30,TSLL,10.1,9.82,10.06,2.7833001988071504,6679287.0,1.206128153905966,0.6064285714285742,10.97,-8.29535095715588,9.191431175934367,0.9025091738569868,-12.216404886561955,14.295393434492858,241045258.25,576,1,9.79054,1,,9.7703,10.1,stop,577.0,681.0,0.329699999999999,1
2025-04-30,TSLR,16.03,15.6,15.98,2.6908635794743523,152622.0,1.2228522566617286,0.7209302325581382,17.44,-8.371559633027527,9.174311926605505,0.9187500000000006,-12.197802197802192,14.312132668250324,5461326.5,575,1,15.5532,1,,15.55,16.03,stop,576.0,681.0,0.4800000000000004,1
2025-04-30,TSLT,13.79,13.41,13.76,2.761627906976737,224704.0,1.2855145526198395,0.5792105263157921,15.0,-8.266666666666667,9.166666666666666,0.9163636363636362,-12.468193384223923,14.292931039122706,9531371.35,575,1,13.36977,1,,13.3799,13.79,stop,576.0,681.0,0.4100999999999999,0
2025-04-30,USAR,11.85,11.3,11.8,4.661016949152533,109044.0,3.00337186016394,0.5716363636363632,12.86,-8.242612752721607,11.66407465007776,0.2399999999999996,-36.38814016172506,15.248918424065014,3135966.05,621,1,11.266100000000002,0,gap_through,,,,,,,0
2025-05-01,MATW,20.41,18.97,19.1,7.539267015706812,22368.0,2.506313388872397,0.2465277777777778,20.45,-6.601466992665027,4.84107579462102,0.1111111111111107,-15.111111111111104,3.605709964322156,276942.35,575,0,18.91309,1,,19.08,20.41,stop,576.0,616.0,1.3300000000000018,0
2025-05-01,OGN,10.879,10.18,10.18,6.8664047151277,148132.0,2.7879533449057905,0.488555078683834,12.93,-21.26836813611756,2.049497293116773,0.4528301886792444,-31.029810298102984,4.940791419805361,4592670.5,577,1,10.14946,0,gap_through,,,,,,,0
2025-05-05,CAPR,11.325,10.76,11.26,5.017761989342802,107085.0,1.8577447212819151,0.4778761061946899,11.86,-5.059021922428328,12.900505902192252,0.1111111111111109,-22.076124567474047,6.47477946148185,1337495.35,579,0,10.72772,1,,10.72,10.455,eod,580.0,945.0,0.6049999999999986,1
2025-05-05,IART,14.79,12.63,14.73,14.66395112016292,379464.0,4.654789959227294,0.2175925925925922,16.85,-12.581602373887248,3.204747774480707,0.6481481481481518,-28.303723533706503,3.992827213664389,817186.05,576,1,12.59211,1,,12.58,13.1,eod,577.0,945.0,2.209999999999999,1
2025-05-05,NTCL,15.35,15.01,15.01,2.2651565622918044,52555.0,1.96205670401468,0.8529411764705913,17.5,-14.22857142857143,19.42857142857143,1.0,-14.22857142857143,5.703958097482738,244030.5,577,1,14.96497,0,gap_through,,,,,,,0
2025-05-05,OCUL,8.21,7.82,8.02,4.862842892768087,152306.0,1.6330930763619715,0.9743589743589705,8.8,-8.863636363636376,4.60227272727272,0.7654320987654345,-9.83698707138842,4.922883326111004,1643917.55,620,1,7.79654,1,,7.78,7.8,eod,621.0,945.0,0.4300000000000006,1
2025-05-05,RIOX,8.65,8.1601,8.65,5.663583815028907,35849.0,1.646808361630343,0.0814451928965081,9.13,-5.257393209200442,20.04381161007667,0.5409836065573771,-13.239719157472418,12.073626852578755,436597.0,578,1,8.1356197,1,,8.11,8.212,eod,579.0,944.0,0.5400000000000009,1
2025-05-05,ROBN,14.66,13.95,14.42,4.923717059639396,120654.0,1.7995305732338276,0.240140845070423,15.22,-5.256241787122212,13.13074901445465,0.5446584938704032,-15.37558685446009,13.394079271101436,3217198.8,576,1,13.90815,0,gap_through,,,,,,,0
2025-05-05,SDM,5.23,4.91,5.1,6.274509803921574,31280.0,1.8003125216010891,0.0,6.11,-16.5302782324059,153.35515548281506,0.1163287086446105,0.0,0.0,0.0,575,1,4.89527,0,gap_through,,,,,,,0
2025-05-05,UMAC,5.51,5.3349,5.36,3.2667910447761117,227448.0,1.9241004689316867,0.8857795545402649,6.91,-22.431259044862514,13.965267727930533,0.3886010362694301,-28.533333333333328,7.539809284680901,634612.5,577,1,5.3188953,1,,5.315,5.217500000000001,lock,578.0,717.0,0.1949999999999994,1
2025-05-06,CSTL,18.0,16.21,16.21,11.04256631708821,229530.0,4.402968954570592,0.5299999999999996,18.75,-13.546666666666663,5.226666666666669,0.061224489795917,-28.950252027175104,3.217253932161096,465464.65,591,1,16.16137,1,,16.16,16.6,eod,592.0,945.0,1.8399999999999999,1
2025-05-06,EVER,25.3,23.28,24.7,8.178137651821862,77200.0,3.3247551516813365,0.1534653465346528,26.34,-6.226271829916479,5.732725892179201,0.5298013245033112,-8.687615526802222,3.89085032194274,665713.3,576,1,23.21016,0,gap_through,,,,,,,0
2025-05-06,FWRG,15.46,14.41,15.1,6.953642384105965,197638.0,2.3808076947235897,0.171428571428571,18.61,-18.86082751209027,3.653412144008597,0.5293425503750547,-26.520681265206814,4.280972564785916,949042.85,575,1,14.36677,0,gap_through,,,,,,,0
2025-05-06,GPUS,6.27,5.2602,5.99,16.858096828046733,725049.0,5.13728500217518,0.2221231927114276,7.75,-22.70967741935484,79.22451612903225,0.7833840942034886,-34.030837004405285,104.76792251229348,15034461.45,630,1,5.2444194,0,gap_through,,,,,,,0
2025-05-06,ROBN,14.1255,13.68,13.88,3.209654178674358,100611.0,1.6212801519885662,0.7407407407407394,14.87,-6.657700067249485,11.566913248150644,0.8779069767441856,-18.544600938967125,13.458363451743448,2975684.9,598,0,13.63896,1,,13.64,14.1255,stop,599.0,617.0,0.4855,0
2025-05-07,AGNT,8.07,7.41,7.91,8.343868520859674,126698.0,2.478624228691189,0.0606060606060606,8.67,-8.765859284890425,3.287197231833912,0.56140350877193,-19.93927125506073,2.989128115333328,1233300.75,575,1,7.38777,0,gap_through,,,,,,,0
2025-05-07,BGS,5.91,5.56,5.91,5.922165820642987,384856.0,2.013078097201306,0.0285714285714304,6.31,-6.339144215530896,2.694136291600633,0.0588235294117634,-18.313752591568765,3.383121838762029,1885348.1,578,1,5.54332,0,gap_through,,,,,,,0
2025-05-07,DNOW,15.92,14.6,15.17,8.70138431114041,38392.0,2.938619053777389,0.2575757575757574,16.03,-5.364940736119783,2.0586400499064146,0.6363636363636422,-8.80673279230539,3.0904478697211397,1082435.75,576,0,14.5562,1,,14.71,14.8,eod,577.0,945.0,1.209999999999999,0
2025-05-07,EXPI,8.07,7.41,7.91,8.343868520859674,126698.0,2.478624228691189,0.0606060606060606,8.67,-8.765859284890425,3.287197231833912,0.56140350877193,-19.93927125506073,2.989128115333328,1233300.75,575,1,7.38777,0,gap_through,,,,,,,0
2025-05-07,LFST,6.285,5.56,6.14,11.807817589576556,115725.0,3.2112728158388983,0.213793103448276,6.55,-6.259541984732826,2.5236641221373945,0.4555353901996357,-12.535612535612534,2.8437147270963785,1504004.6,605,1,5.54332,1,,5.53,5.485,eod,606.0,945.0,0.7549999999999999,1
2025-05-07,MYGN,5.82,5.11,5.7,12.456140350877192,299913.0,4.66902556479648,0.1971830985915488,7.27,-21.595598349381014,7.84044016506189,0.0526315789473673,-33.64377182770663,3.7139760114956,1947504.15,576,1,5.094670000000001,0,gap_through,,,,,,,0
2025-05-07,SWIM,6.01,5.47,5.55,9.72972972972973,44727.0,4.35675771306255,0.1574074074074073,5.97,-7.035175879396983,4.690117252931312,0.535714285714285,-10.194174757281552,5.748543260318474,756956.2,575,0,5.45359,0,gap_through,,,,,,,0
2025-05-07,VSTS,5.775,5.39,5.48,7.025547445255487,545322.0,3.191456835395775,0.1038961038961038,8.71,-37.08381171067738,4.133180252583251,0.3055555555555579,-39.447513812154696,4.396434461190385,1784644.95,575,1,5.37383,0,gap_through,,,,,,,0
2025-05-08,CARS,10.71,9.89,10.25,8.000000000000004,59613.0,2.8914371582638454,0.1219512195121946,11.32,-9.452296819787987,4.32862190812721,0.4081632653061244,-16.258169934640524,1.6355863314363457,770757.3,580,1,9.86033,1,,9.8,10.055,eod,581.0,945.0,0.9100000000000001,1
2025-05-08,CLF,7.9,7.41,7.8,6.282051282051285,2461698.0,1.7718382574869729,0.0,8.49,-8.127208480565375,4.475853945818619,0.526315789473686,-15.078933043004906,3.369831961075036,17042987.0,575,1,7.38777,1,,7.415,7.255,eod,576.0,945.0,0.4850000000000003,0
2025-05-08,EOLS,11.42,10.64,11.15,6.995515695067259,134161.0,2.7171137339990903,0.1153846153846153,11.76,-5.187074829931968,5.0595238095238,0.3361344537815121,-9.201954397394127,4.016008996058076,1001306.4,575,0,10.60808,1,,10.56,10.07,eod,576.0,945.0,0.8599999999999994,1
2025-05-08,PTON,6.41,5.85,6.3,8.888888888888898,2502276.0,2.749731715510717,0.1074999999999999,6.98,-9.74212034383955,2.8166189111747864,0.3387589013224831,-11.76470588235294,3.331043938757641,11351308.9,576,1,5.83245,1,,5.8674,6.41,stop,577.0,647.0,0.5426000000000002,0
2025-05-09,AAOI,13.87,12.63,13.67,9.07095830285295,515020.0,3.421289534173486,0.2291935483870958,14.76,-7.384823848238481,10.094850948509489,0.5704697986577179,-11.406351263771873,5.718086683418441,2998859.55,576,1,12.59211,0,ssr_no_uptick,,,,,,,0
2025-05-09,ETHD,20.37,19.95,20.18,2.081268582755212,15022.0,0.7194423027072625,0.0952380952380928,25.53,-20.9557383470427,30.8264786525656,0.1270648030495553,-69.88059701492537,9.65056302948158,183131.6,576,1,19.89015,1,,19.81,20.37,stop,577.0,624.0,0.5600000000000023,1
2025-05-09,KODK,6.13,5.96,6.03,2.8192371475953557,30221.0,0.7992314953139059,0.1176470588235321,6.7,-10.0,5.746268656716415,0.8311688311688323,-11.192930780559642,2.2591939346232177,1211799.4,576,1,5.94212,1,,5.9251,5.3566,eod,577.0,945.0,0.2049000000000003,1
2025-05-09,REAL,6.1,5.462,6.1,10.45901639344262,809951.0,3.892577740993095,0.561128526645769,7.29,-16.32373113854596,7.338820301783267,0.4112149532710275,-19.789612097304417,3.1711467264872293,2803958.55,579,1,5.445614,1,,5.51,4.975,eod,580.0,945.0,0.5899999999999999,0
2025-05-09,SG,17.27,15.515,17.09,10.269163253364535,687729.0,2.8313830026390328,0.0142450142450134,18.17,-5.943863511282343,7.539900935608131,0.6642335766423371,-22.948602344454464,4.3064125047285176,4372442.95,575,1,15.468455,0,gap_through,,,,,,,0
2025-05-09,TMCI,7.0,6.4,6.8,8.823529411764701,42157.0,3.1981896669036938,0.241666666666666,7.54,-9.814323607427058,6.896551724137937,0.6923076923076923,-12.031047865459255,2.335896351971292,394011.65,576,1,6.380800000000001,1,,6.45,6.735,eod,577.0,945.0,0.5499999999999998,0
2025-05-12,ETHD,16.52,16.22,16.37,1.8326206475259663,63183.0,0.6791789533881476,0.4333333333333408,20.22,-19.04055390702274,13.946092977250252,0.4326394552998328,-73.45914702854316,10.32238761928913,236242.25,593,1,16.171339999999997,0,gap_through,,,,,,,0
2025-05-12,LABD,9.27,8.7,9.2,6.195652173913048,627378.0,1.8510274597149352,0.0701754385964928,9.83,-6.408952187182103,11.698880976602224,0.9739130434782614,-28.221452423306182,6.521350587551152,11126131.15,577,1,8.6739,1,,8.63,8.6446,eod,578.0,945.0,0.6399999999999988,1
2025-05-12,OMER,5.9,4.73,5.87,19.931856899488924,173561.0,4.928581137827208,0.0,6.18,-5.016181229773457,5.1779935275080815,0.0937499999999981,-23.468057366362448,3.24293400371696,503476.6,579,1,4.71581,1,,4.69,3.995,eod,580.0,945.0,1.21,1
2025-05-12,PAAS,25.5,23.91,25.05,6.347305389221557,1356421.0,2.2987746333934185,0.0062893081761016,27.21,-7.938257993384785,5.543917677324505,0.9943652635067962,-12.412587412587412,3.00405778386725,4665806.45,575,1,23.83827,1,,23.85,22.865,eod,576.0,945.0,1.6499999999999986,0
2025-05-12,PPTA,14.1,13.0835,14.1,7.20921985815602,220684.0,2.728854591253388,0.1342843089030988,15.18,-7.114624505928854,4.6772068511199,0.957746478873238,-8.678756476683937,4.3156062677190175,1080169.7,586,1,13.0442495,0,gap_through,,,,,,,0
2025-05-12,UVXY,23.94,23.75,23.81,0.797984040319199,614141.0,0.3688620431933123,0.1052631578947339,26.99,-11.782141533901443,3.3345683586513477,0.5333333333333307,-49.28647497337594,6.591228818548819,12394035.6,579,1,23.67875,1,,23.58,21.8851,eod,580.0,945.0,0.360000000000003,1
2025-05-13,ETHD,16.88,16.7401,16.88,0.8287914691942965,16590.0,0.4095187360211165,0.6426018584703238,18.09,-6.68877833056938,15.590934217799887,0.6949368883846267,-72.32786885245902,10.35537101051651,332482.05,575,0,16.689879700000002,1,,16.64,16.9,stop,576.0,586.0,0.23999999999999844,1
2025-05-13,FIAT,6.08,5.91,6.07,2.800658978583195,98309.0,0.6922899909347429,0.1170588235294106,6.78,-10.47197640117994,3.097345132743362,0.9523809523809534,-29.907621247113163,2.97006077117724,679191.9,575,1,5.89227,1,,5.8677,5.435,eod,576.0,943.0,0.21229999999999993,1
2025-05-13,HTZ,6.27,5.83,6.22,7.073954983922821,1974279.0,2.3765883333068896,0.2954545454545455,6.94,-10.374639769452456,5.979827089337176,0.7590361445783141,-33.75931842385517,16.88420235127649,35869870.55,576,1,5.81251,1,,5.8,5.83,eod,577.0,945.0,0.46999999999999975,1
2025-05-13,NTCL,26.83,25.1,25.5,6.784313725490184,19476.0,1.42920739069818,1.0,28.99,-12.038634011728178,44.80855467402552,0.8845265588914549,-50.77220077220077,37.14482423556596,921412.45,581,1,25.024700000000003,0,gap_through,,,,,,,0
2025-05-13,OSG,7.93,6.82,7.72,14.378238341968904,75894.0,3.1719949069847915,0.2072072072072069,8.35,-7.544910179640718,3.113772455089818,0.4230769230769212,-10.023310023310026,1.8052443845715,824484.7,577,1,6.79954,0,gap_through,,,,,,,0
2025-05-13,PONY,19.09,18.45,19.05,3.359580052493441,723753.0,1.745487745226695,0.4531249999999983,20.07,-5.082212257100148,11.443447932237158,0.4688030652675578,-10.521371535932357,18.890147912246228,18668165.7,590,0,18.39465,0,gap_through,,,,,,,0
2025-05-13,PSFE,15.75,15.11,15.16,4.221635883905018,28927.0,1.6688888166251783,0.6640625000000006,16.25,-6.707692307692306,5.446153846153845,0.7344632768361588,-8.03760994843797,2.4553223984751287,238412.25,582,0,15.06467,1,,15.035,13.9,eod,583.0,945.0,0.7149999999999999,1
2025-05-14,ASST,5.5,5.16,5.33,6.378986866791742,332881.0,3.203420619792839,0.0588235294117634,5.97,-10.720268006700165,27.30318257956449,0.1656441717791408,-40.246636771300444,104.35609737706476,32141155.0,575,1,5.14452,1,,5.165,5.5,stop,576.0,579.0,0.3349999999999999,0
2025-05-14,ETHT,9.14,9.0274,9.03,1.2469545957918104,353669.0,0.4913281833334553,0.7175843694493751,9.62,-6.133056133056132,14.392931392931402,0.779719774664162,-9.017632241813615,10.512892790823903,4617665.75,578,0,9.0003178,1,,9.02,8.96,lock,579.0,700.0,0.120000000000001,0
2025-05-14,LICN,6.1,5.8,6.06,4.950495049504948,27799.0,1.6691745036457946,0.3963333333333336,6.41,-5.460218408736358,64.58658346333853,0.5483091787439615,-26.811594202898547,19.36016182387889,1695656.0,580,1,5.7826,0,gap_through,,,,,,,0
2025-05-15,CONL,27.5,25.9079,27.1,5.874907749077485,605631.0,1.8712811534553588,0.2494190063438217,28.7,-5.574912891986056,8.006968641114977,0.8833768494342903,-6.448494890914107,11.766678363902226,6497975.65,579,1,25.8301763,1,,25.76,24.35,eod,580.0,945.0,1.7399999999999984,1
2025-05-15,RDTL,20.29,19.7,20.27,2.9107054760730136,53716.0,1.7484297401289866,0.3728813559322075,21.41,-5.324614666043908,23.663241475945828,0.7043601839606811,-11.514855202158223,8.542346757224827,287929.9,576,0,19.6409,0,gap_through,,,,,,,0
2025-05-15,RYET,9.93,8.54,8.84,15.723981900452497,30914.0,5.473484750935443,0.762589928057554,9.575,-7.676240208877279,128.488772845953,0.5604415255063888,-41.84210526315789,22.11404216742989,1007142.1,577,1,8.51438,1,,8.6,8.03,eod,578.0,945.0,1.33,0
2025-05-15,WYHG,9.0,8.37,8.76,7.191780821917818,20380.0,2.2784602950427693,0.8412698412698421,9.4,-6.808510638297878,28.72340425531914,0.0370370370370369,-27.0,5.023632706429107,266700.5,586,1,8.34489,0,gap_through,,,,,,,0
2025-05-15,XPOF,8.95,7.8,8.95,12.84916201117318,179651.0,4.352466173544652,0.1739130434782611,9.83,-8.952187182095633,8.036622583926764,0.8987341772151899,-9.687184661957629,3.84296117136197,695596.15,599,1,7.7766,1,,7.855,8.685,eod,600.0,945.0,1.0949999999999989,0
2025-05-16,ETHD,15.66,15.51,15.58,0.9627727856225954,16981.0,0.3317117225598983,0.1333333333333301,16.5,-5.575757575757575,9.030303030303031,0.5838926174496638,-73.97695005846,10.9706613483534,459982.55,575,0,15.46347,1,,15.47,15.67,stop,576.0,600.0,0.1899999999999995,0
2025-05-16,NAKA,12.6,12.01,12.45,4.738955823293172,237311.0,3.116854393608516,0.9152542372881374,13.86,-10.173160173160174,46.39249639249639,0.9020217729393468,-60.4133545310016,58.80088791972858,5472430.0,578,1,11.97397,0,gap_through,,,,,,,0
2025-05-16,NGNE,18.885,16.73,18.2,11.840659340659348,27722.0,3.069093298422688,0.2134570765661256,19.37,-6.040268456375848,24.057821373257624,0.9699570815450642,-6.714505381855469,11.158293652592672,250842.85,579,1,16.67981,0,gap_through,,,,,,,0
2025-05-16,NTCL,19.4885,17.85,17.85,9.179271708683457,17991.0,2.1295204539475576,0.9459871833994508,19.16,-6.837160751565756,40.44885177453027,0.3754838709677419,-65.54054054054053,38.306990603528384,1037300.3,610,0,17.79645,0,gap_through,,,,,,,0
2025-05-16,SMCZ,6.95,6.6,6.83,5.124450951683756,414746.0,2.044776810690175,0.0857142857142863,7.33,-6.8212824010914055,16.43792633015007,0.3650925387999001,-69.71175166297118,13.44257947921874,2166539.4,575,1,6.5802,1,,6.57,6.95,stop,576.0,846.0,0.3799999999999999,1
2025-05-16,TVTX,19.3793,17.5,18.01,10.43475846751805,318131.0,3.782919337165249,0.0212845208322243,21.15,-14.846335697399516,2.907801418439726,0.5853658536585338,-18.39601268690529,3.365552657446843,1601718.7,577,1,17.4475,0,gap_through,,,,,,,0
2025-05-16,URGN,8.75,7.8801,8.75,9.94171428571429,445951.0,4.705062066476652,0.3160133348660761,9.85,-11.167512690355329,5.685279187817246,0.5178571428571426,-26.593959731543627,5.925765265686621,765595.0,577,1,7.856459699999999,1,,7.86,7.1592,eod,578.0,945.0,0.8899999999999997,0
2025-05-19,ACHR,12.78,12.25,12.54,4.226475279106853,4093770.0,1.5014970952829207,0.037735849056603,13.3,-5.714285714285726,9.699248120300744,0.5193798449612406,-9.91379310344828,6.479265024684916,29730275.6,575,0,12.21325,1,,12.1701,11.285,eod,576.0,945.0,0.6098999999999997,1
2025-05-19,NTCL,13.74,13.01,13.15,5.551330798479091,17880.0,1.8230650172079828,0.986301369863014,14.12,-6.869688385269114,49.13951841359772,0.2262736902788786,-74.61389961389962,39.005198278700206,1085753.1,583,1,12.97097,0,gap_through,,,,,,,0
2025-05-19,QUBT,12.24,11.25,12.09,8.18858560794045,3672945.0,2.8446586754549523,0.3434343434343432,12.87,-6.060606060606056,20.979020979020987,0.966666666666666,-6.712962962962971,10.30784971057633,15824589.25,575,1,11.21625,1,,11.36,11.85,eod,576.0,945.0,0.8800000000000008,0
2025-05-19,TSSI,14.95,14.0501,14.22,6.328410689170175,302271.0,2.199238848825568,0.8499833314812757,15.44,-7.901554404145071,25.6470207253886,0.7575696355968587,-13.292682926829258,17.1011272733089,2389294.8,595,0,14.0079497,1,,14.055,13.78,eod,596.0,945.0,0.8949999999999996,0
2025-05-20,AEVA,14.8,14.2062,14.8,4.012162162162161,405680.0,2.631389971047814,0.0737622094981461,15.58,-5.0064184852374805,23.50513478818999,0.1419950301739437,-21.024546424759865,8.258935857506609,2239651.65,575,0,14.1635814,1,,14.2748,14.8,stop,576.0,655.0,0.5251999999999999,0
2025-05-20,KOLD,25.69,25.26,25.6,1.679687499999999,346867.0,0.6106963679419357,0.1858139534883688,27.93,-8.342284282133901,5.263157894736838,0.952380952380952,-20.12480499219968,6.077742014935626,6828105.95,577,0,25.18422,1,,25.16,23.15,eod,578.0,945.0,0.5300000000000011,1
2025-05-21,CHAI,6.278,5.88,6.275,6.342629482071708,1359648.0,2.333767822572748,0.1005025125628142,8.19,-23.382173382173374,34.432234432234424,0.9113475177304964,-25.6516587677725,35.09461917726205,20515531.55,576,1,5.86236,1,,5.885,5.6885,lock,577.0,619.0,0.3929999999999998,0
2025-05-21,GTX,11.365,11.0401,11.21,2.898305084745758,186516.0,1.1749148004986971,0.7076023391812841,11.9,-5.798319327731088,1.974789915966381,0.3829787234042556,-7.240380637153495,2.8619191605198795,1964497.2,586,0,11.0069797,1,,10.98,10.405,eod,587.0,945.0,0.3849999999999998,1
2025-05-21,VFC,12.645,12.09,12.27,4.523227383863079,2093042.0,2.241041399193488,0.4594594594594611,14.43,-14.96881496881497,3.1531531531531534,0.2527472527472532,-20.787604906391223,3.078812171548538,7861948.45,576,1,12.05373,1,,11.9707,12.645,stop,577.0,594.0,0.6742999999999988,1
2025-05-22,ARQQ,24.4951,22.0,23.74,10.510109519797814,230167.0,5.149777135344133,0.6011783094865936,25.89,-8.304364619544234,25.73310158362301,0.2836858142083066,-22.575932007709795,9.127459902624365,789564.95,577,1,21.934,1,,22.0,24.4951,stop,578.0,595.0,2.4951000000000008,0
2025-05-22,ARRY,6.0978,5.7138,6.045,6.352357320099261,1105750.0,2.8839476531596624,0.1333333333333324,7.11,-14.978902953586504,5.625879043600555,0.0124999999999997,-31.848928974069896,7.8785458973894205,9048311.75,576,1,5.6966586,1,,5.7053,6.0978,stop,577.0,593.0,0.3925,0
2025-05-22,BKSY,11.18,10.2798,10.81,8.327474560592044,167413.0,3.14971060415532,0.189069095756498,11.38,-5.008787346221443,6.151142355008781,0.3285714285714295,-15.082482325216024,7.203005733055684,826462.6,578,0,10.2489606,1,,10.355,10.805,eod,579.0,945.0,0.8249999999999993,0
2025-05-22,GPUS,5.98,5.6,5.61,6.773618538324435,172221.0,2.3478312812630366,0.9605263157894722,7.07,-20.65063649222065,70.15558698727017,0.4133064516129033,-43.7875751503006,106.00252003852442,25512135.5,613,1,5.5832,0,gap_through,,,,,,,0
2025-05-22,MWYN,9.7,9.259,9.56,4.612970711297059,38853.0,4.086956361576089,0.7845804988662152,10.22,-6.457925636007829,28.050880626223083,0.770894377005721,-12.106501912327143,12.52576311410521,1068813.0,577,1,9.231223,1,,9.24,9.7,stop,578.0,591.0,0.4599999999999991,0
2025-05-22,NTCL,7.3,6.2415,7.2,14.701388888888884,128035.0,5.009495634354747,0.2064241851676899,8.85,-18.64406779661017,52.09039548022601,0.140997830802603,-86.10038610038609,39.94345508136544,1140384.45,603,1,6.2227755,1,,6.2734,5.2073,eod,604.0,945.0,1.0266000000000002,0
2025-05-22,RUN,6.98,6.36,6.83,9.077598828696926,4859980.0,3.0735604406487727,0.0564516129032245,10.66,-35.928705440900565,7.1763602251407015,0.1307189542483657,-48.37490551776266,6.922113008924372,15991540.0,576,1,6.340920000000001,1,,6.315,6.69,eod,577.0,945.0,0.665,1
2025-05-22,SEDG,16.28,14.682,16.12,9.913151364764271,1363602.0,2.890306005227863,0.0425531914893614,19.84,-18.749999999999996,5.01512096774194,0.4522613065326621,-28.67256637168142,7.551468913616956,5661556.9,575,1,14.637954,1,,14.83,15.16,eod,576.0,945.0,1.450000000000001,0
2025-05-23,BCAX,11.7,10.5,11.65,10.30042918454935,137619.0,3.848739466226896,0.0,15.66,-25.6066411238825,12.707535121328226,0.9849246231155782,-26.12649173758101,5.473850985215874,640685.7,575,1,10.4685,0,gap_through,,,,,,,0
2025-05-23,QMCO,12.38,11.8,12.2,4.754098360655738,198038.0,2.3319649535534164,0.1206896551724112,12.88,-5.279503105590074,25.93400621118013,0.5449510523006919,-15.277777777777784,7.530936056894548,2022896.6,576,0,11.764600000000002,1,,11.9238,12.38,stop,577.0,604.0,0.4562000000000008,0
2025-05-23,UPXI,12.805,11.93,12.805,6.833268254588051,35709.0,2.3341092495010978,0.0,13.64,-6.121700879765402,24.7800586510264,0.4497041420118346,-43.26539654408507,10.95018247207872,1359023.85,575,1,11.89421,0,gap_through,,,,,,,0
2025-05-27,SMCZ,8.22,8.01,8.02,2.618453865336669,73627.0,0.7421494271434758,0.9047619047618988,8.6,-6.744186046511628,6.162790697674432,0.2830188679245283,-58.850692662904045,12.92152515923236,3734284.95,597,0,7.98597,0,gap_through,,,,,,,0
2025-05-28,CODI,7.0899,6.61,6.655,7.211119459053339,156435.0,2.6551191579980804,0.7063971660762652,7.52,-11.502659574468076,3.5904255319148883,0.7037037037037029,-62.33729485002829,14.445673856275365,1964501.6,594,1,6.5901700000000005,1,,6.6,6.67,eod,595.0,945.0,0.4899000000000004,0
2025-05-28,PLAB,18.81,18.0,18.06,4.485049833887037,78001.0,1.262890939537922,0.9488888888888894,20.06,-9.970089730807578,2.3295114656031983,0.7864326984806301,-14.407582938388638,2.1383815588240136,499446.85,625,1,17.946,1,,17.9828,16.86,eod,626.0,945.0,0.8271999999999977,0
2025-05-28,PONY,19.7337,19.15,19.32,3.021221532091099,1186211.0,1.4514749564302685,0.3066643823882164,21.35,-9.508196721311482,15.925058548009376,0.973529411764706,-9.88805970149254,15.017905029045878,17710120.1,575,1,19.09255,0,gap_through,,,,,,,0
2025-05-28,TEMT,25.2,22.54,25.0,10.64,51573.0,3.351065716908698,0.172932330827068,26.6558,-6.211781300880106,14.180778667306932,0.385132275132275,-24.67610726122325,9.176982860248724,409962.3,577,1,22.47238,1,,22.51,16.67,eod,578.0,945.0,2.6899999999999977,0
2025-05-29,EOSE,5.1,4.91,5.06,3.754940711462441,3032392.0,1.4329383859886395,0.342105263157893,5.995,-15.596330275229366,8.840700583819853,0.783018867924528,-31.250000000000007,8.712787787610388,10201403.05,577,1,4.89527,1,,4.9,5.1,stop,578.0,588.0,0.1999999999999993,0
2025-05-29,HOLO,9.09,8.32,9.0,8.555555555555552,603306.0,3.657723988092697,0.9480519480519491,10.4,-13.461538461538463,58.65384615384615,0.7672131147540984,-23.85786802030457,17.479458279741824,4808405.3,628,1,8.29504,1,,8.34,6.755,eod,629.0,945.0,0.75,0
2025-05-30,ALZN,5.2,4.56,5.11,12.524461839530344,151095.0,4.530109735961325,0.5445312500000002,5.44,-6.066176470588236,55.33088235294118,0.0764119601328904,-37.8345498783455,153.0260490929411,4355509.85,602,1,4.54632,0,gap_through,,,,,,,0
2025-05-30,NMAX,20.25,19.49,19.49,3.899435608004113,161929.0,2.115377803995397,0.8273684210526322,22.32,-12.679211469534057,6.137992831541223,0.8540145985401466,-29.10149145143689,4.6605377553726655,1067421.75,577,1,19.43153,1,,19.349,18.8985,lock,578.0,649.0,0.9009999999999998,1
2025-05-30,SMMT,21.4215,19.77,21.38,7.7245088868101135,1381171.0,2.846674481504919,0.0898577051165598,26.21,-18.428080885158344,4.044257916825634,0.1698113207547169,-28.70956985661887,5.112131037209551,2950773.1,609,1,19.71069,0,gap_through,,,,,,,0
2025-05-30,TIL,28.5,24.2801,28.45,14.832688927943757,93470.0,4.307092796609501,0.1018744520012322,30.35,-6.260296540362445,19.830313014827016,0.1811082495638448,-19.355981688563865,13.851656238713783,279240.95,575,1,24.2072597,1,,25.2144,28.5,stop,576.0,609.0,3.2855999999999987,0
2025-06-02,RYET,11.93,11.51,11.89,3.53238015138772,22144.0,1.8311618630502395,0.4049999999999993,12.58,-5.484896661367246,29.570747217806048,0.8870967741935484,-22.287581699346404,17.919916234679757,1341406.95,630,0,11.47547,1,,11.5,9.43,eod,632.0,945.0,0.4299999999999997,0
2025-06-03,NESR,5.92,5.55,5.82,6.357388316151204,41056.0,2.6542897594517973,0.7297297297297307,6.32,-7.911392405063291,5.854430379746823,0.4594594594594602,-14.411764705882346,3.2741126407922234,339849.3,580,1,5.53335,0,ssr_no_uptick,,,,,,,0
2025-06-04,ASAN,16.99,16.11,16.7,5.269461077844306,900657.0,2.7931837335443266,0.1818181818181821,19.0,-12.105263157894742,4.157894736842101,1.0,-12.105263157894742,2.337617941787788,2527250.0,575,1,16.06167,0,gap_through,,,,,,,0
2025-06-04,FTRK,7.08,6.3401,6.58,11.244680851063835,24053.0,3.9829634202898014,0.0323016623868093,7.19,-8.48400556328234,66.34214186369958,0.4758909853249477,-32.09494324045407,15.408912131169217,3096552.571428572,581,1,6.321079699999999,0,gap_through,,,,,,,0
2025-06-04,HIND,5.92,5.71,5.73,3.6649214659685856,63761.0,2.5475910495649474,0.5238095238095254,6.75,-15.111111111111104,48.740740740740726,0.5319148936170214,-30.88057901085644,424.2500132536364,3547017.9,575,1,5.69287,0,gap_through,,,,,,,0
2025-06-05,RYET,9.18,8.61,8.61,6.620209059233454,18595.0,0.9282758853967285,0.6777192982456143,9.11,-5.488474204171241,27.935236004390784,0.1826790836575111,-43.72549019607844,18.654383473492384,1386010.8,583,0,8.584169999999999,1,,8.55,7.7001,eod,585.0,945.0,0.629999999999999,1
2025-06-05,TSLG,6.47,6.18,6.395,4.534792806880376,274821.0,1.5833429270490438,0.3741379310344836,6.78,-5.678466076696175,11.21091445427728,0.2500986712274704,-23.413173652694613,6.436480649909209,6193856.6,577,0,6.16146,1,,6.17,4.88,eod,578.0,945.0,0.2999999999999998,0
2025-06-05,TSLL,13.08,12.5,12.92,4.489164086687307,10269879.0,1.7276487817659212,0.3362068965517246,13.72,-5.8309037900874685,11.370262390670543,0.2628205128205131,-23.459715639810423,6.428805915093373,200124614.0,577,0,12.4625,1,,12.47,9.875,eod,578.0,945.0,0.6099999999999994,0
2025-06-05,TSLR,20.78,19.86,20.58,4.4703595724003975,214976.0,1.668423865414665,0.3369565217391322,21.82,-5.682859761686535,11.365719523373054,0.2661290322580645,-23.29481923220276,6.418257492314932,3805541.25,577,0,19.80042,1,,19.83,15.67,eod,578.0,945.0,0.9500000000000028,0
2025-06-05,TSLT,17.78,16.9988,17.56,4.448747152619601,257275.0,1.6266951273141712,0.3215565796210959,18.68,-5.995717344753753,11.29550321199143,0.2701421800947869,-23.55245973008272,6.450891158773676,6766546.5,577,0,16.9478036,1,,16.96,13.43,eod,578.0,945.0,0.8200000000000003,0
2025-06-06,GIII,24.99,22.68,24.52,9.420880913539962,101469.0,2.3742161308757512,0.0,27.67,-11.384170581857614,2.927358149620523,0.2345679012345698,-16.34254520641419,2.208323175292728,464230.9,575,1,22.61196,1,,22.52,22.52,eod,576.0,945.0,2.469999999999999,1
2025-06-06,TJGC,6.751,6.28,6.4,7.359375000000002,160366.0,2.978880767676629,0.0212314225053074,7.4,-13.513513513513512,207.16216216216216,0.0743639921722113,-88.34456383172464,130.3898869688499,3931740.15,575,1,6.26116,0,gap_through,,,,,,,0
2025-06-09,PLCE,5.4,4.82,5.16,11.24031007751938,303950.0,3.862992954215503,0.241379310344827,6.86,-24.78134110787172,6.024781341107878,0.8589402371158965,-26.49572649572649,5.7705892829183485,426716.15,582,1,4.805540000000001,1,,4.835,4.7201,eod,583.0,945.0,0.5650000000000004,0
2025-06-10,KWM,5.28,4.72,5.07,11.045364891518746,216211.0,4.509148206973357,0.1642857142857151,5.51,-7.985480943738649,34.99092558983667,0.8817427385892113,-21.637119584537626,36.25274220328517,7482389.333333333,576,1,4.705839999999999,1,,4.6752,5.28,stop,577.0,594.0,0.6048,1
2025-06-10,LQDA,14.89,14.0,14.65,6.075085324232086,649631.0,3.47151759828936,0.3820224719101119,18.02,-18.701442841287456,4.106548279689245,0.2162162162162158,-24.52344152498712,6.365242644633565,2309916.2,575,1,13.958,1,,13.91,14.89,stop,576.0,749.0,0.9800000000000004,1
2025-06-11,ARAI,9.71,8.7601,9.71,9.782698249227613,173177.0,3.686586486407729,0.1262238130329519,10.25,-5.268292682926821,86.2439024390244,0.3800904977375566,-75.725,19.40614061511779,2624704.222222222,575,1,8.7338197,0,gap_through,,,,,,,0
2025-06-11,CGNT,10.38,9.2,10.22,11.545988258317038,202819.0,4.6647488631272624,0.1409322033898315,11.01,-7.175295186194361,4.555858310626702,0.4417862838915481,-12.312312312312304,1.9610858700218277,296049.05,582,1,9.1724,1,,9.1386,9.47,eod,583.0,945.0,1.2414000000000005,1
2025-06-11,MP,25.45,23.77,25.25,6.653465346534652,1470688.0,1.9603173889490404,0.0214285714285722,27.23,-7.271391847227323,7.546823356591993,0.3649635036496351,-13.080895008605854,5.001152080864543,7988598.7,575,1,23.69869,1,,23.64,25.45,stop,576.0,719.0,1.8099999999999987,1
2025-06-11,USAR,12.4899,11.8,11.9,5.797478991596637,173620.0,2.721673467049406,0.3043919408609931,12.8,-7.031250000000003,13.671875,0.2971428571428579,-15.181753385602276,6.142359991292524,1581821.95,577,0,11.764600000000002,1,,11.71,12.49,stop,578.0,935.0,0.7798999999999996,1
2025-06-12,GME,23.8,22.909,23.57,3.7802291047942376,5331427.0,1.5310492429884404,0.1196408529741863,28.55,-17.4430823117338,3.480910683012248,0.1308110283759302,-34.180396537280096,4.548237792184033,13609066.95,576,1,22.840273,1,,22.915,23.8,stop,577.0,583.0,0.8850000000000016,0
2025-06-13,DFDV,31.4755,28.85,29.5735,8.87788053493837,76009.0,3.14709350395287,0.7217672824223959,31.56,-6.294359949302914,35.32953105196452,0.8816143497757845,-84.26857811585722,31.203664416595416,1895373.7,605,0,28.76345,1,,28.6001,25.79,eod,606.0,945.0,2.875399999999999,1
2025-06-13,NVTS,7.49,7.25,7.4,3.243243243243246,3653381.0,1.7925400273622414,0.8729166666666669,7.81,-5.249679897567212,7.938540332906544,0.2096774193548382,-19.30207197382769,38.4851151870166,88211718.3,631,0,7.22825,1,,7.23,7.49,stop,632.0,677.0,0.2599999999999998,0
2025-06-13,RIOX,12.47,11.82,11.87,5.475989890480205,27877.0,0.9368841928280228,0.846153846153844,12.57,-5.568814638027057,9.864757358790772,0.1370967741935483,-16.584680252986654,9.122099410961988,843925.95,614,0,11.78454,1,,11.72,11.33,eod,615.0,945.0,0.75,1
2025-06-13,SMCL,14.32,14.01,14.04,2.2079772079772115,41625.0,0.6372353807940336,0.8064516129032245,14.98,-6.275033377837125,7.943925233644856,0.5714285714285714,-25.76927143914562,6.601605994218184,1629491.65,594,0,13.96797,1,,13.905,13.697499999999998,lock,595.0,930.0,0.4150000000000009,1
2025-06-13,SOLT,14.61,14.4,14.4,1.458333333333327,51382.0,0.5923220667644662,0.4285714285714297,16.53,-12.885662431941928,8.52994555353902,0.0709219858156038,-39.56765694573259,6.890788579615824,567768.7,616,1,14.3568,0,gap_through,,,,,,,0
2025-06-13,SOXL,20.75,20.2312,20.3,2.555665024630536,7098532.0,0.8282694590552611,0.9809175019275284,21.69,-6.408483171968651,4.495159059474418,0.615384615384616,-10.157114405841993,4.543693433063327,142695347.7,628,0,20.1705064,1,,20.08,20.75,stop,629.0,682.0,0.6700000000000017,1
2025-06-16,RBNE,7.4,6.43,7.4,13.108108108108116,190494.0,6.049232522205463,0.0,14.0,-47.14285714285714,69.78428571428572,0.3275297344879117,-64.02510464319224,70.7732621711497,5117501.0,577,1,6.41071,1,,6.44,5.56,eod,578.0,945.0,0.96,0
2025-06-16,SRPT,21.5499,20.17,21.26,6.490592662276572,2142308.0,3.380368745679209,0.4188709326762806,36.18,-41.23825317855168,6.412382531785518,0.176724137931033,-51.83507023108292,3.849398373698419,3611200.85,577,1,20.10949,1,,20.08,21.0,eod,578.0,945.0,1.4699000000000026,1
2025-06-16,UVIX,27.8,26.95,27.8,3.0575539568345373,607439.0,1.1088553456425163,0.1964705882352956,30.28,-8.190224570673713,12.483487450462343,0.8121693121693128,-22.70477673358172,7.681734837686631,11677470.1,586,1,26.86915,1,,26.86,26.17,eod,587.0,945.0,0.9400000000000013,1
2025-06-16,UVXY,21.8687,21.33,21.84,2.466575091575102,1062636.0,0.8660293652816352,0.1949136810840913,23.22,-5.943152454780358,9.905254091300591,0.7739130434782607,-16.6412213740458,5.860162743601109,17878741.6,589,0,21.26601,1,,21.21,20.91,eod,590.0,945.0,0.6586999999999996,1
2025-06-17,DYN,12.99,11.89,12.54,8.771929824561402,387347.0,3.4137500439919104,0.0636363636363639,13.82,-9.261939218523889,6.47612156295224,0.1173184357541904,-17.662508207485235,3.2462836309537257,2114086.55,575,1,11.85433,0,gap_through,,,,,,,0
2025-06-17,MARPS,5.77,5.3801,5.52,7.063405797101448,16091.0,1.690015265593198,0.8204667863554773,6.0,-8.000000000000007,34.166666666666664,0.5853658536585368,-19.416058394160583,7.549844558443752,159855.2,606,0,5.3639597,1,,5.6278,5.77,stop,608.0,631.0,0.1421999999999998,0
2025-06-17,QUBT,20.55,19.5,19.87,5.284348263714145,3731420.0,2.586294808314039,0.4428571428571424,21.22,-6.3619227144203485,21.37134778510839,0.8864388092613009,-8.580630319760747,10.570937725853767,42443793.7,579,0,19.4415,1,,19.67,20.55,stop,580.0,633.0,0.879999999999999,0
2025-06-17,RCAT,8.2,7.4,8.18,9.779951100244483,2836635.0,3.5653971808287013,0.6112500000000006,9.19,-10.990206746463546,13.166485310119706,0.7685950413223133,-13.804004214963124,6.939256090412371,8701875.15,583,1,7.377800000000001,1,,7.38,7.2801,eod,584.0,945.0,0.8199999999999994,0
2025-06-17,SEDG,15.79,14.2,15.525,10.241545893719806,2584392.0,3.48175304777621,0.1794339622641517,23.98,-35.258548790658885,8.353211009174313,0.7653636862862568,-37.04379562043796,7.825110786327201,4711262.65,575,1,14.1574,1,,14.21,15.79,stop,576.0,600.0,1.5799999999999983,0
2025-06-18,ACB,5.25,4.97,5.15,5.436893203883499,446690.0,2.390201259210791,0.1142857142857142,5.88,-12.41496598639455,5.782312925170065,0.0294117647058817,-17.59868157890526,3.0981632171171105,909106.15,575,1,4.955089999999999,0,gap_through,,,,,,,0
2025-06-18,HYPD,6.24,5.24,5.255,19.029495718363464,349113.0,5.702926271202054,0.9399999999999996,6.97,-24.605451936872303,73.88809182209471,0.7592233009708736,-35.99269183922047,36.85850036292252,8836241.0,605,1,5.22428,0,gap_through,,,,,,,0
2025-06-20,AGIG,15.9999,14.72,15.94,8.02948557089084,161313.0,2.970004910792261,0.0078131103992497,17.5,-8.914285714285718,18.71142857142857,0.5785616124599178,-34.85901103391909,177.0499155795734,3430631.6,575,1,14.67584,1,,14.7046,15.0994,eod,576.0,945.0,1.295300000000001,0
2025-06-20,LSE,6.91,6.65,6.65,3.9097744360902222,28435.0,1.5821427944340838,0.7307692307692295,7.47,-10.9772423025435,42.820615796519405,0.2778628817957295,-32.00339471773739,11.19354050448825,1279099.7,577,1,6.630050000000001,0,gap_through,,,,,,,0
2025-06-20,RBNE,7.0,6.54,6.56,7.012195121951219,437649.0,3.440890804156453,0.3473913043478255,8.73,-24.85681557846507,29.66781214203894,0.4710424710424713,-68.10874141342448,75.13108872799981,8248154.6,576,1,6.52038,0,gap_through,,,,,,,0
2025-06-23,BRR,12.69,11.96,12.69,5.752561071709997,174402.0,1.5069898523973493,0.0,15.76,-19.479695431472084,14.276649746192891,0.7822222222222222,-21.90769230769231,7.335203188027549,580746.3333333334,575,1,11.92412,1,,11.98,12.69,stop,576.0,616.0,0.7099999999999991,0
2025-06-23,GRRR,23.905,21.6,23.905,9.642334239698808,423323.0,3.332571739529709,0.1995661605206062,25.23,-5.251684502576295,23.384462940943315,0.5474669062187496,-14.318689314298611,9.82221694192314,1985280.15,575,1,21.5352,1,,21.825,20.25,eod,576.0,945.0,2.080000000000002,0
2025-06-23,HIMZ,25.365,19.19,25.365,24.344569288389504,662827.0,9.026966373167816,0.2863805668016195,50.64,-49.911137440758296,9.083728278041075,0.878260869565217,-54.59996420261321,7.330074391686427,2168109.35,626,1,19.132430000000003,0,gap_through,,,,,,,0
2025-06-23,RGC,31.53,27.0,30.0,15.100000000000003,100613.0,5.760340521517539,0.7505518763796905,38.01,-21.07340173638516,69.9171270718232,0.2212564203871986,-96.84210526315788,27.518096625410227,644340.7,600,1,26.919,0,gap_through,,,,,,,0
2025-06-23,RGTX,26.52,24.723,26.52,6.776018099547514,66562.0,2.253545781820761,0.1997774067890938,28.18,-5.89070262597587,9.829666430092262,0.1191335740072196,-53.22751322751324,9.28596885461586,1121183.5,576,1,24.648831,1,,24.7046,26.52,stop,577.0,600.0,1.8154000000000003,0
2025-06-23,SSII,6.28,5.6,6.25,10.88000000000001,47751.0,6.17138959041502,0.0,6.92,-9.68208092485549,98.5057803468208,0.2738315289147082,-47.34625105307498,17.90441975546001,455795.05,575,1,5.5832,0,gap_through,,,,,,,0
2025-06-23,WHLR,7.245,6.42,6.64,12.424698795180726,66581.0,3.571231156213224,0.819636363636363,7.2,-7.777777777777785,54.027777777777786,0.2673521850899742,-33.93034825870648,136.68089601625505,3146500.95,599,1,6.40074,1,,6.48,6.2935,eod,600.0,945.0,0.7649999999999997,0
2025-06-24,AGIG,13.045,12.32,12.7,5.7086614173228325,169621.0,3.00520795398806,0.1608275862068967,18.54,-31.49946062567422,44.605717367853295,0.1511505580478603,-50.31279465099628,177.0150652552387,4148579.1,577,1,12.28304,1,,12.2101,13.12,stop,578.0,624.0,0.8348999999999993,1
2025-06-24,MAAS,5.49,4.72,5.2,14.807692307692315,28263.0,6.970663804717324,0.6884415584415581,9.93,-47.63343403826787,90.33232628398792,0.620958751393534,-60.99024756189046,60.162891860013055,98303.3,577,1,4.705839999999999,0,gap_through,,,,,,,0
2025-06-25,NA,14.309,12.85,14.07,10.369580668088128,53063.0,2.7602974850168382,0.0,14.85,-5.252525252525248,114.34343434343435,0.0206124852767962,-55.30495552731893,23.208072922575777,1295154.15,575,1,12.81145,0,gap_through,,,,,,,0
2025-06-26,GCTK,7.09,6.63,6.7,6.865671641791043,45345.0,2.9976188641212644,0.6376086956521747,7.84,-14.540816326530608,103.69897959183672,0.008610086100861,-57.86163522012578,1461.2519954339757,4528976.55,597,1,6.61011,0,gap_through,,,,,,,0
2025-06-26,RGC,20.9045,20.0001,20.2,4.477227722772272,42596.0,2.046777835119661,0.0662317558602377,21.73,-7.040957202024856,41.41739530602853,0.5255555555555556,-97.8736842105263,27.400435830583408,962940.15,578,1,19.9400997,0,gap_through,,,,,,,0
2025-06-26,ULY,7.85,7.12,7.74,9.431524547803612,55688.0,3.2015391604197285,0.1667123287671229,8.19,-5.494505494505486,33.210012210012216,0.5478142578771276,-17.833522648860388,19.5767437144574,1235664.2,582,1,7.0986400000000005,0,gap_through,,,,,,,0
2025-06-27,AGIG,12.93,12.3,12.32,5.113636363636355,24763.0,2.2283347357754795,0.5158730158730156,13.05,-5.593869731800769,13.02681992337164,0.2941176470588236,-51.79949843309246,177.04805290893177,4329286.5,580,0,12.2631,1,,12.3252,12.01,eod,581.0,945.0,0.6047999999999991,0
2025-06-27,HSAI,21.935,19.89,21.8,9.38073394495412,934617.0,2.3444826505056238,0.0293398533007328,23.1,-5.62770562770563,18.917748917748924,0.9588100686498856,-6.357388316151204,6.640865610139465,3107973.05,575,1,19.83033,1,,19.72,21.77,eod,576.0,945.0,2.215,1
2025-06-27,KOLD,23.7899,23.56,23.58,0.9749787955894854,90960.0,0.4312063152161967,0.6524575902566407,24.98,-5.604483586869504,7.365892714171336,0.0217391304347821,-12.56952169076752,5.881960294754288,6260851.35,577,0,23.48932,1,,23.36,22.3999,eod,578.0,945.0,0.42989999999999995,1
2025-06-30,ARRY,6.135,5.9225,5.935,3.580454928390893,649409.0,1.505971204268154,0.6941176470588251,6.44,-7.84161490683231,5.512422360248453,0.6338028169014092,-27.53357753357753,4.722752676486175,8313644.45,593,0,5.904732500000001,1,,5.885,5.885,eod,594.0,945.0,0.25,1
2025-06-30,GCTK,6.05,5.84,5.86,3.583617747440272,22708.0,2.1663747065115846,0.1433333333333334,6.56,-10.670731707317064,17.07164634146342,0.3839628538262341,-63.14465408805031,1461.3511624134535,4715150.95,583,1,5.82248,0,gap_through,,,,,,,0
2025-06-30,GRRR,20.75,19.6,20.513,5.606200945741717,460655.0,1.928358817057913,0.0598260869565214,22.38,-8.342269883824832,16.175156389633592,0.3093922651933696,-26.476438983652265,11.141053657694334,2605569.9,575,1,19.5412,0,gap_through,,,,,,,0
2025-06-30,LCFY,7.8,7.0,7.1,11.267605633802814,132314.0,5.933057347512497,0.0875000000000003,8.3,-14.457831325301216,85.3012048192771,0.1977401129943503,-49.2131616595136,51.1571411356128,4814657.95,580,1,6.979,0,gap_through,,,,,,,0
2025-06-30,PLTZ,14.5582,14.181,14.24,2.6488764044943838,35107.0,1.3445236395038265,0.5805938494167578,15.92,-10.552763819095476,16.771356783919597,0.9812734082397,-24.335812964930923,6.255287547094926,524403.7333333333,577,1,14.138457,0,gap_through,,,,,,,0
2025-06-30,UNCY,5.7,5.24,5.45,8.440366972477063,285999.0,3.66898550739273,0.3704347826086954,6.8,-19.852941176470583,22.647058823529413,0.7727272727272724,-33.90494439526055,189.73786033870013,7664647.2,590,1,5.22428,0,gap_through,,,,,,,0
2025-07-01,ARTL,11.81,11.05,11.12,6.834532374100719,31880.0,2.5125962463287648,0.0131578947368418,13.27,-16.20195930670686,97.81461944235116,0.0516178736517719,-56.5285379202502,114.58725294531644,1386923.95,578,1,11.01685,0,gap_through,,,,,,,0
2025-07-01,CYN,13.45,13.0,13.44,3.3482142857142807,194344.0,1.5816698658135735,0.4444444444444436,14.4,-6.666666666666672,13.055555555555548,0.7978723404255323,-67.64564275397208,38.83672173811568,10745376.2,581,1,12.961,0,gap_through,,,,,,,0
2025-07-01,ECVT,7.64,7.43,7.6,2.7631578947368416,524489.0,1.4152584922547198,0.3095238095238114,8.23,-7.654921020656145,5.407047387606322,0.0674157303370811,-12.087912087912088,1.834653507819424,1250936.95,592,0,7.40771,1,,7.43,7.64,stop,593.0,679.0,0.2099999999999999,0
2025-07-01,SOLT,14.43,14.33,14.4,0.694444444444442,83469.0,0.2413614863857569,0.7750000000000085,16.4,-12.195121951219502,11.76829268292684,0.7668393782383407,-26.432271710143144,9.628312115442828,824698.8,579,1,14.28701,1,,14.2505,14.43,stop,580.0,590.0,0.1794999999999991,1
2025-07-01,TAOX,7.58,6.75,7.45,11.140939597315436,30899.0,5.487223864512299,0.2409638554216869,7.85,-5.095541401273879,28.226751592356685,1.0,-5.095541401273879,18.94416342052271,2707960.1,586,1,6.72975,1,,6.83,7.63,stop,587.0,921.0,0.75,0
2025-07-01,WBUY,6.93,6.5,6.75,6.370370370370367,68235.0,3.400430063962522,0.2851162790697682,7.73,-12.67787839586029,58.084087968952126,0.5434196752711644,-32.0918721516313,16.431596624293746,4237773.8,604,1,6.4805,1,,6.5,6.5,eod,605.0,945.0,0.4299999999999997,0
2025-07-01,XCUR,6.75,6.11,6.22,10.28938906752411,20661.0,5.884581654737025,0.5624999999999994,7.04,-11.647727272727275,33.38068181818181,0.4382978723404257,-42.40740740740742,7.324245766447454,220773.45,600,1,6.091670000000001,1,,6.06,6.06,eod,601.0,945.0,0.6900000000000004,1
2025-07-02,BGLC,6.69,6.015,6.02,11.21262458471762,137719.0,4.180934296529072,0.77837037037037,11.14,-45.96050269299821,60.77199281867145,0.3412112259970459,-61.410256410256416,58.97067096077535,2583359.95,579,1,5.996955,0,gap_through,,,,,,,0
2025-07-03,DAIC,7.7999,7.3,7.61,6.568988173455982,145656.0,4.3566314056263264,0.1000200040007997,8.19,-7.081807081807072,79.24297924297926,0.0585516178736517,-89.85333333333332,41.42550086988743,6084509.875,585,1,7.2781,1,,7.2601,6.990200000000001,lock,586.0,831.0,0.5397999999999996,1
2025-07-07,CORZ,14.82,13.78,14.705,7.072424345460735,5740689.0,2.480578638445211,0.1105769230769231,18.0,-18.30555555555556,6.4444444444444455,0.8189655172413786,-19.24766611751785,7.688183923947356,18141206.05,575,1,13.73866,1,,13.93,14.82,stop,576.0,657.0,0.8900000000000006,0
2025-07-07,CORZW,8.93,7.8768,8.74,12.050343249427913,71756.0,4.05271165789872,0.0,11.55,-24.32900432900433,9.437229437229435,0.7522935779816518,-26.057529610829107,13.012816959467646,481043.75,575,1,7.8531696,1,,7.9376,8.94,stop,576.0,662.0,0.9924,0
2025-07-09,BTCS,5.1,4.75,5.06,6.916996047430823,1140574.0,3.4318417095768017,0.285714285714285,5.91,-14.382402707275812,54.99153976311337,0.9138461538461538,-18.255250403877238,25.20191399772828,7943398.8,592,1,4.73575,0,gap_through,,,,,,,0
2025-07-09,NDRA,8.0,6.98,7.7,13.24675324675324,127566.0,5.665422342044413,0.4001960784313726,8.3,-7.228915662650608,59.75903614457832,0.2620967741935485,-35.61872909698997,31.488748258359117,4805048.15,610,1,6.95906,1,,6.9266,8.0,stop,611.0,825.0,1.0734000000000004,1
2025-07-10,GRRR,22.1045,20.71,22.08,6.315670289855076,672067.0,2.569953073214068,0.5772678379347431,24.27,-9.02348578491966,16.885043263288004,0.8950707662274281,-20.859931397603575,10.619210159565103,3145620.7,626,1,20.64787,1,,20.61,21.06,eod,627.0,945.0,1.4945000000000022,1
2025-07-10,NDRA,8.3438,8.0,8.07,4.260223048327136,23821.0,1.654473680129863,0.5712623618382799,8.84,-8.710407239819,32.8054298642534,0.7724137931034483,-32.525083612040135,31.43462448236666,4899908.65,583,1,7.976,1,,7.945,8.3438,stop,584.0,902.0,0.3987999999999996,1
2025-07-10,PTNM,8.63,8.01,8.6,7.209302325581407,130977.0,2.982372155886849,0.8387096774193528,9.1,-5.494505494505495,3.0879120879120747,0.7117437722419934,-6.52173913043478,5.687346503578022,1217618.65,592,1,7.98597,0,gap_through,,,,,,,0
2025-07-15,CLBR,16.3699,15.65,16.09,4.47420758234929,229125.0,2.246741099745104,0.3055979997221817,16.96,-5.1297169811320815,9.66981132075472,0.4634146341463422,-12.79132791327913,5.377862526667434,1543134.5,578,0,15.60305,1,,15.615,16.3699,stop,579.0,598.0,0.754900000000001,0
2025-07-15,NEGG,29.51,28.2,29.51,4.439173161640129,99446.0,2.891914975038359,0.0842748091603067,36.22,-18.525676421866365,46.9353948094975,0.306470588235294,-47.30357142857143,20.486975479998147,723142.05,575,1,28.1154,0,gap_through,,,,,,,0
2025-07-15,PEW,16.3699,15.65,16.09,4.47420758234929,229125.0,2.246741099745104,0.3055979997221817,16.96,-5.1297169811320815,9.66981132075472,0.4634146341463422,-12.79132791327913,5.377862526667434,1543134.5,578,0,15.60305,1,,15.615,16.3699,stop,579.0,598.0,0.754900000000001,0
2025-07-15,SLP,15.4299,14.25,15.27,7.726915520628684,344505.0,3.3596816016072144,0.0466141198406642,17.47,-12.593016599885514,3.749284487693195,0.8244274809160278,-24.0408100323834,2.7817366219214827,579831.6,575,1,14.20725,0,gap_through,,,,,,,0
2025-07-15,SQFT,9.59,8.6,9.5,10.421052631578949,119383.0,4.222181116961544,0.656464646464647,13.6,-30.14705882352941,101.3235294117647,0.3178519593613932,-58.69565217391305,37.19594266365281,2576343.7,612,1,8.5742,1,,8.5599,8.9,eod,613.0,945.0,1.0300999999999991,1
2025-07-16,BGMS,10.28,9.0,9.53,13.431269674711432,291880.0,5.95600521605981,0.1484374999999997,12.33,-22.70884022708841,119.2214111922141,0.5292517006802722,-50.4935064935065,318.5799420783571,5345243.1,577,1,8.973,1,,8.975,8.06,eod,578.0,945.0,1.3049999999999995,0
2025-07-16,ETHD,8.52,8.42,8.45,1.1834319526627175,94573.0,0.3047846128861562,0.0999999999999982,9.28,-8.94396551724138,8.94396551724138,0.4457831325301195,-56.90973992860786,7.3197580667894515,1325335.55,576,0,8.39474,1,,8.393,7.29,eod,577.0,945.0,0.1269999999999989,1
2025-07-17,HYPD,15.315,14.5,15.15,5.379537953795376,93263.0,2.14076668588239,0.137300613496933,15.97,-5.134627426424547,21.97871008140264,0.9572649572649572,-11.816065192083816,24.177837111407488,6600742.1,579,1,14.4565,1,,14.4986,15.315,stop,580.0,682.0,0.8163999999999998,0
2025-07-17,NUWE,15.47,14.2002,14.25,8.910877192982456,54175.0,5.220760135632317,0.1022208221767203,15.95,-10.658307210031344,71.6614420062696,0.1251093613298337,-45.08670520231214,785.7922425860754,5271742.5,586,1,14.1575994,0,gap_through,,,,,,,0
2025-07-17,PEW,11.96,10.82,11.9,9.579831932773114,614863.0,4.309360022477677,0.5263157894736836,13.12,-9.29878048780487,69.35975609756096,0.0901098901098899,-44.39252336448597,7.604328371968955,2355651.85,598,1,10.78754,0,gap_through,,,,,,,0
2025-07-17,PTNM,12.54,10.23,12.42,18.599033816425116,261067.0,8.531582580759359,0.0,13.41,-7.382550335570472,20.80536912751677,0.5053763440860217,-16.02434077079107,11.990222668452716,1346100.25,575,1,10.19931,0,gap_through,,,,,,,0
2025-07-17,YHC,9.0,7.8,8.96,13.392857142857142,383725.0,4.028575308457155,0.0583333333333335,10.73,-16.49580615097856,64.95806150978565,0.9411764705882352,-19.56912028725314,42.03157984390617,5398980.35,575,1,7.7766,0,gap_through,,,,,,,0
2025-07-18,BGLC,6.01,5.9,5.94,1.851851851851842,28197.0,0.5954090306268996,0.1609090909090881,6.63,-10.407239819004516,38.3107088989442,0.8346456692913387,-61.92307692307693,61.53389068004597,3145286.85,607,1,5.882300000000001,0,gap_through,,,,,,,0
2025-07-18,DPRO,5.4,5.28,5.38,2.2304832713754665,1200796.0,1.4932881228398305,0.2083333333333287,7.22,-25.48476454293629,21.81440443213296,0.946031746031746,-26.35181382614648,14.496317868913575,4964714.35,579,1,5.26416,1,,5.23,5.4,stop,580.0,588.0,0.16999999999999993,1
2025-07-22,GCTK,7.4,7.26,7.37,1.8995929443690716,27089.0,0.7804014274188549,0.5,7.97,-7.528230865746545,25.345043914680044,0.1188118811881185,-53.64779874213838,14.554717007744877,2683668.65,576,1,7.23822,0,gap_through,,,,,,,0
2025-07-22,HSDT,9.2642,8.03,9.0,13.713333333333347,34587.0,3.384767101222487,0.2268676065467516,9.58,-6.05427974947808,54.69728601252608,0.0706106870229006,-37.71626297577854,1032.645398044812,3099755.8,583,1,8.00591,0,gap_through,,,,,,,0
2025-07-22,VIVO,6.0899,5.7,5.89,6.6196943972835305,290018.0,2.5895717625715893,0.6796614516542696,6.44,-8.540372670807464,25.62111801242235,0.1757575757575758,-31.74971031286212,10.116597645843973,1537722.6,583,1,5.6829,1,,5.7,6.0899,stop,584.0,613.0,0.3898999999999999,0
2025-07-22,VVPR,6.0899,5.7,5.89,6.6196943972835305,290018.0,2.5895717625715893,0.6796614516542696,6.44,-8.540372670807464,25.62111801242235,0.1757575757575758,-31.74971031286212,10.116597645843973,1537722.6,583,1,5.6829,1,,5.7,6.0899,stop,584.0,613.0,0.3898999999999999,0
2025-07-23,BTCS,5.92,5.7,5.92,3.716216216216212,478508.0,1.815266068369512,0.5454545454545465,6.3,-6.031746031746031,15.793650793650796,0.8743718592964824,-30.270906949352185,26.486356293213117,19466706.1,587,1,5.6829,1,,5.6699,5.725,eod,588.0,945.0,0.25009999999999977,1
2025-07-23,MARA,18.745,17.69,18.72,5.63568376068376,7286511.0,1.4924391413173896,0.0189573459715635,19.88,-5.8350100603621735,6.539235412474835,0.9153846153846156,-12.93023255813954,4.0755456218596375,45741580.45,576,1,17.63693,1,,17.525,17.335,eod,577.0,945.0,1.2200000000000024,1
2025-07-23,SOLT,24.2617,23.92,24.125,1.4163730569948163,274568.0,0.580412165201447,0.1530582382206584,25.64,-5.90873634945398,8.268330733229332,0.4292452830188678,-10.148975791433896,8.969019820637769,2322694.75,575,0,23.84824,1,,24.048,22.86,eod,576.0,945.0,0.2137000000000029,0
2025-07-23,UPXI,7.364,6.93,7.16,6.061452513966483,887711.0,3.224455546996864,0.764976958525345,7.7,-7.012987012987014,16.233766233766232,0.2800000000000004,-32.580037664783426,13.951254255106903,11076981.85,578,1,6.90921,0,gap_through,,,,,,,0
2025-07-23,XRPT,26.68,26.4,26.65,1.0506566604127625,101834.0,0.5373434304146006,0.2042857142857195,29.36,-9.230245231607633,9.191757493188009,0.7146774372846185,-13.826553708853393,10.117555985899305,731466.0,576,1,26.3208,1,,26.2,25.96,lock,577.0,716.0,0.4800000000000004,1
2025-07-24,DOW,27.6,26.8606,27.19,2.7193821257815367,3052293.0,1.2120307627833466,0.3643494725453036,30.37,-10.470859400724397,2.848205465920311,0.4104046242774579,-12.083577186351125,2.717930368129008,12889807.05,576,1,26.7800182,0,gap_through,,,,,,,0
2025-07-24,HTOO,5.81,5.51,5.8,5.172413793103446,21029.0,1.594040901955989,0.0,6.25,-7.200000000000002,11.200000000000005,0.357142857142857,-54.07759303246239,521.8216721285927,3512894.25,578,1,5.493469999999999,0,gap_through,,,,,,,0
2025-07-25,BGMS,16.4901,15.765,15.96,4.543233082706774,31754.0,1.5352698950237882,0.0,17.15,-6.938775510204069,27.208746355685133,0.4178899770696268,-19.66294679935367,318.2534152022864,5774990.35,588,0,15.717705,1,,15.85,16.4901,stop,589.0,595.0,0.6401000000000021,0
2025-07-25,CRI,25.9696,23.8092,25.91,8.338093400231568,240272.0,3.277945655648444,0.1637659692649508,32.75,-20.885496183206108,4.580152671755725,0.1133333333333344,-24.284044418468728,2.722539487521449,1548533.85,575,1,23.7377724,1,,23.8718,25.9696,stop,576.0,880.0,2.0977999999999994,0
2025-07-25,SOLT,20.6492,20.21,20.45,2.14767726161369,188993.0,0.7892493802150442,0.8342440801457174,22.34,-8.460161145926591,9.399731423455693,0.5095480737177959,-23.83612662942273,9.488003020835006,2860184.6,581,0,20.14937,1,,20.175,20.6492,stop,582.0,853.0,0.4741999999999997,0
2025-07-28,HTOO,6.5,6.3,6.35,3.1496062992126013,28862.0,0.9073985162509762,0.0499999999999988,6.99,-9.155937052932767,36.33762517882691,0.3858267716535433,-49.72288202692004,521.6994845267103,4368610.6,581,1,6.2811,1,,6.33,6.5,stop,582.0,600.0,0.1699999999999999,0
2025-07-29,LHAI,9.6674,8.7,9.24,10.469696969696985,49735.0,5.372312858094425,0.610709117221419,9.89,-6.572295247724978,33.87259858442871,0.3880597014925375,0.0,0.0,0.0,619,1,8.6739,0,gap_through,,,,,,,0
2025-07-29,NEO,5.72,5.1,5.3,11.698113207547172,229984.0,4.144122632044165,0.0645161290322581,6.46,-17.956656346749227,6.269349845201242,0.629629629629629,-32.22506393861893,2.701359285394189,1551012.1,578,1,5.0847,0,gap_through,,,,,,,0
2025-07-29,STEM,18.4291,17.37,17.85,5.933333333333318,82163.0,2.8357965113547627,0.0094419790388046,18.91,-5.605499735589628,20.042305658381814,0.8496042216358839,-8.367556468172479,13.221959039822732,894561.0,575,0,17.317890000000002,1,,17.4972,15.285,eod,576.0,945.0,0.9318999999999988,0
2025-07-29,TRON,10.67,10.01,10.3,6.407766990291264,292829.0,2.9712718753265763,0.8030303030303019,10.855,-5.1128512206356485,19.06955320128973,0.4468599033816428,-19.53125,14.917826991660965,5862264.9,600,0,9.97997,1,,9.958,9.215,eod,601.0,945.0,0.7119999999999997,1
2025-07-30,FVRR,23.88,22.0,22.76,8.260105448154652,181808.0,2.558812547153444,0.164893617021276,25.01,-8.99640143942423,2.4390243902439,0.245901639344266,-25.76647097195042,1.2389209287891532,757632.25,576,1,21.934,1,,21.965,22.26,eod,577.0,945.0,1.9149999999999991,0
2025-07-30,LHAI,7.39,6.3,7.35,14.829931972789115,58242.0,4.825687211357734,0.3348623853211011,7.92,-7.1969696969697,27.27272727272728,0.1481481481481482,0.0,0.0,0.0,606,1,6.2811,1,,6.335,5.86,eod,607.0,945.0,1.0549999999999995,0
2025-07-30,PUMP,5.38,5.02,5.08,7.086614173228353,169666.0,2.197898472325733,0.8583333333333331,6.34,-19.873817034700316,4.889589905362784,0.9516129032258048,-24.23564504101417,3.557007823573979,1673089.4,580,1,5.00494,1,,5.015,5.38,stop,581.0,602.0,0.3650000000000002,0
2025-07-30,SOFX,25.9399,25.4,25.75,2.0966990291262246,47426.0,1.172793204036352,0.6853120948323744,29.9,-13.879598662207352,23.807357859531777,0.0561924027871429,-29.68016079348088,4.765738990486832,535009.8,581,1,25.3238,1,,25.4486,25.9399,stop,582.0,604.0,0.4913000000000025,0
2025-07-31,BAX,24.16,22.62,23.755,6.48284571669122,1102459.0,2.094875833752099,0.2467532467532462,28.05,-15.311942959001788,3.7076648841354816,0.1442307692307709,-24.44338422391858,2.074830888845077,5413089.8,614,1,22.55214,1,,22.545,22.025,eod,615.0,945.0,1.6149999999999984,1
2025-07-31,BGLC,6.69,6.47,6.58,3.343465045592714,64843.0,1.6579615953224005,0.5909090909090887,7.18,-8.356545961002782,42.89693593314763,0.4155844155844154,-26.7260579064588,21.26758167243816,3571054.35,575,0,6.45059,1,,6.52,6.69,stop,576.0,585.0,0.1700000000000008,0
2025-07-31,CVI,26.18,24.99,25.45,4.675834970530457,84315.0,2.2220798370891304,0.0168067226890782,28.27,-9.975238769013089,4.209409267775031,0.3445378151260502,-22.09978573614938,2.559748495998245,932456.65,575,1,24.91503,1,,24.93,26.18,stop,576.0,618.0,1.25,0
2025-07-31,REPL,7.23,6.7588,6.93,6.799422799422807,1264112.0,3.882753818469067,0.0449915110356543,7.55,-8.211920529801327,31.258278145695368,0.7796610169491524,-47.65861027190333,29.82584490569264,20826107.7,577,1,6.7385236,1,,6.76,7.23,stop,578.0,615.0,0.4700000000000006,0
2025-07-31,UTZ,13.72,12.35,12.75,10.745098039215694,36817.0,2.8390185806827275,0.0,13.93,-8.470926058865755,4.594400574300063,0.2031249999999988,-13.087934560327197,1.694051858689826,1020434.05,576,1,12.31295,0,gap_through,,,,,,,0
2025-08-01,AEVA,17.44,16.61,17.305,4.796301646922865,207111.0,1.8502422205411573,0.0662650602409633,18.64,-7.162017167381979,8.69045064377683,0.148095561454412,-49.80668103385765,6.66755862267256,2721970.9,575,1,16.56017,1,,16.61,15.72,eod,576.0,945.0,0.8300000000000018,0
2025-08-01,AMPX,6.49,6.31,6.45,2.790697674418614,462474.0,1.5447430086999976,0.8611111111111096,6.93,-6.926406926406919,7.215007215007215,0.1999999999999993,-29.00385250412769,6.148431609069498,11078214.1,579,0,6.29107,1,,6.2723,6.49,stop,580.0,735.0,0.21769999999999978,1
2025-08-01,APLD,12.84,12.4,12.47,3.528468323977542,2262017.0,1.7809233111359415,0.3111363636363615,13.14,-5.098934550989345,14.15525114155252,0.5053763440860218,-11.30867709815078,8.281253391678629,33265770.65,576,0,12.3628,1,,12.2933,12.84,stop,577.0,718.0,0.5466999999999995,1
2025-08-01,AVTR,12.24,11.8,11.94,3.6850921273031783,1097974.0,1.1196156091529803,0.2386363636363608,13.44,-11.160714285714286,2.6413690476190506,0.0,-16.50349650349651,2.944425055369792,11670013.7,575,1,11.764600000000002,0,gap_through,,,,,,,0
2025-08-01,BGLC,6.6615,6.41,6.58,3.8221884498480256,37348.0,1.0612548036471523,0.1590457256461233,6.93,-5.050505050505046,14.574314574314574,0.7227722772277224,-26.7260579064588,21.230044506430787,3515039.35,577,0,6.39077,1,,6.36,6.6615,stop,579.0,625.0,0.3014999999999999,1
2025-08-01,CALY,9.12,8.62,8.74,5.720823798627002,151883.0,1.6748957866226422,0.1100000000000029,9.25,-5.513513513513511,4.54054054054054,0.5714285714285721,-13.0192472283593,2.793219115157483,2505889.45,576,0,8.59414,1,,8.59,8.18,eod,577.0,945.0,0.5299999999999994,1
2025-08-01,CWVX,15.14,14.24,14.49,6.211180124223605,125241.0,2.795485697378335,0.6222222222222226,17.21,-15.8047646717025,12.957582800697253,0.3542600896860988,-47.58868147012121,10.281330449928262,861406.0,584,1,14.19728,1,,14.2,15.14,stop,585.0,610.0,0.9400000000000012,0
2025-08-01,DNA,12.535,12.36,12.42,1.4090177133655453,73758.0,0.5827856113324485,0.8,13.14,-5.479452054794525,6.133942161339415,0.3970223325062042,-19.76744186046512,6.687750198759482,1664174.15,578,0,12.32292,1,,12.36,12.2725,lock,579.0,615.0,0.1750000000000007,0
2025-08-01,ENVX,11.97,10.67,11.48,11.324041811846696,2024374.0,3.178903327328474,0.1115384615384611,13.4,-14.328358208955224,4.179104477611944,0.2857142857142857,-30.38204972710733,4.581391940242891,10617132.5,580,1,10.63799,0,gap_through,,,,,,,0
2025-08-01,GDYN,8.8897,8.5407,8.62,4.048723897911835,60483.0,1.5737475958737306,0.4851002865329555,9.49,-9.16754478398315,3.974710221285566,0.3446447507953359,-32.97045101088647,2.8381995067847137,798537.35,579,1,8.5150779,0,gap_through,,,,,,,0
2025-08-01,METC,18.705,17.2612,18.5,7.804324324324321,387248.0,2.663238284363887,0.4597589693863431,20.35,-9.090909090909095,14.643734643734629,0.5335570469798663,-25.252525252525253,8.74298423687443,3664771.4,578,1,17.2094164,1,,17.27,18.705,stop,579.0,609.0,1.4349999999999987,0
2025-08-01,MIR,20.11,19.62,20.06,2.442671984047849,74605.0,0.8903700709273982,0.5612244897959172,22.35,-10.246085011185691,3.601789709172274,0.4472049689441013,-12.01754385964913,1.513825500613553,2488083.4,578,1,19.56114,0,gap_through,,,,,,,0
2025-08-01,MRAL,18.62,17.847,18.08,4.275442477876105,31073.0,1.737499996917267,0.0958602846054306,19.61,-7.802141764405921,7.496175420703717,0.0748299319727887,-49.16736252273834,8.160671951035777,577050.8,583,0,17.793459000000002,1,,17.7018,18.69,stop,584.0,698.0,0.9182000000000023,1
2025-08-01,MST,15.58,15.25,15.52,2.126288659793815,37869.0,0.7984264425393249,0.4545454545454555,16.55,-6.223564954682786,5.921450151057404,0.4285714285714301,-28.970251716247148,4.433716452556505,847696.8,576,0,15.20425,1,,15.175,15.58,stop,577.0,581.0,0.40499999999999936,1
2025-08-01,MSTU,7.7,7.5101,7.66,2.4791122715404663,1392847.0,1.1599830352452898,0.4149552395997863,8.15,-6.0122699386503085,6.564417177914112,0.3457943925233653,-28.810408921933085,5.208270507388859,38684816.2,576,0,7.487569700000001,1,,7.49,7.7,stop,577.0,581.0,0.2099999999999999,0
2025-08-01,NWL,5.36,5.07,5.13,5.653021442495128,617474.0,2.5657894326640496,0.1379310344827587,5.61,-8.556149732620327,3.4759358288770104,0.3333333333333348,-19.529411764705884,3.1598903622891266,6509326.5,578,0,5.054790000000001,1,,5.085,4.74,eod,579.0,945.0,0.2750000000000003,0
2025-08-01,RIOT,12.074,11.41,12.0,5.533333333333331,3219839.0,1.6007036286737824,0.0492469879518075,13.41,-10.51454138702461,4.026845637583886,0.2037037037037029,-21.773142112125164,3.1982328516309777,43194134.4,576,1,11.37577,1,,11.3198,11.15,eod,577.0,945.0,0.7541999999999991,1
2025-08-01,SATS,29.73,26.55,29.445,10.799796230259805,325513.0,3.5103014956872665,0.1886792452830182,32.59,-9.650199447683349,4.940165694998464,0.2484472049689477,-13.903508771929832,3.293503501962616,2603612.45,576,1,26.47035,1,,26.82,26.71,eod,577.0,945.0,2.91,0
2025-08-01,SMCL,24.18,23.24,23.36,4.023972602739732,52609.0,1.6052176725765932,0.2127659574468112,25.14,-7.080350039777252,13.540175019888622,0.1451233842538189,-16.720142602495546,7.039819801681638,1087431.45,581,0,23.17028,1,,23.16,22.73,eod,582.0,945.0,1.0199999999999996,1
2025-08-01,SOFX,27.88,26.4039,27.88,5.294476327116208,43598.0,1.1879575403900142,0.0546710927443942,30.31,-8.017156054107556,11.21709006928405,0.0676196358716425,-23.86341292901929,4.98471639227249,607425.35,582,1,26.3246883,0,gap_through,,,,,,,0
2025-08-01,SOXL,23.87,23.35,23.57,2.206194314806956,6034904.0,1.0669598936187972,0.6538461538461541,24.98,-5.644515612489993,10.168134507606082,0.3070866141732289,-17.29824561403509,3.500384253453434,92525928.2,581,0,23.279950000000003,1,,23.3181,23.87,stop,582.0,632.0,0.5518999999999998,0
2025-08-01,TEMT,16.13,15.64,15.83,3.095388502842694,50687.0,1.3103485438282323,0.1836734693877554,16.75,-5.492537313432836,12.059701492537313,0.1089108910891083,-30.29502421840599,7.422747017682737,1157832.15,582,0,15.59308,0,gap_through,,,,,,,0
2025-08-01,UEC,8.14,7.96,8.08,2.227722772277235,956544.0,1.3266730688877373,0.1388888888888904,8.67,-6.805074971164935,3.304498269896196,0.5113438045375202,-11.111111111111107,3.801870942648152,14015291.0,581,0,7.93612,1,,7.95,8.14,stop,582.0,612.0,0.1900000000000004,0
2025-08-01,VISN,7.88,7.56,7.75,4.12903225806452,445245.0,1.74142116107233,0.3096874999999996,8.2,-5.487804878048772,4.390243902439018,0.1944444444444406,-10.714285714285712,3.651653259056082,4343044.55,582,0,7.537319999999999,1,,7.5209,7.88,stop,583.0,645.0,0.35909999999999975,1
2025-08-04,FDMT,6.05,5.81,6.04,3.973509933774838,212486.0,2.135725674235065,0.0400000000000029,6.42,-5.919003115264796,26.479750778816204,0.8411764705882351,-9.71599402092676,9.962838566951016,1944084.4,575,0,5.79257,1,,5.9,5.355,eod,576.0,945.0,0.1499999999999994,0
2025-08-04,REPL,5.47,5.065,5.14,7.879377431906604,1705458.0,4.861952686101708,0.6296296296296303,7.6,-32.36842105263158,12.499999999999991,1.0,-61.17824773413898,29.916128020315963,22201283.25,591,1,5.049805,1,,5.04,5.47,stop,592.0,630.0,0.4299999999999997,1
2025-08-05,EPC,21.4,20.275,20.85,5.39568345323741,50964.0,1.376019170663367,0.1822222222222238,25.0,-16.599999999999994,3.0799999999999983,0.2662337662337641,-23.458149779735677,2.115584473888508,768153.6,575,1,20.214175,1,,20.15,20.12,eod,576.0,945.0,1.25,1
2025-08-05,ICHR,14.7289,13.35,14.13,9.758669497522998,339178.0,4.276950542872901,0.2457756182464288,20.14,-29.841112214498512,4.51837140019861,0.868131868131867,-41.4179104477612,2.37583715282629,393478.65,579,1,13.30995,1,,13.35,14.185,eod,580.0,945.0,1.3788999999999998,0
2025-08-05,OCUL,11.48,10.63,11.2,7.589285714285711,317534.0,2.681205763519259,0.1294117647058817,12.35,-9.311740890688265,5.991902834008099,1.0,-9.311740890688265,2.485989037317457,2066130.45,576,1,10.59811,0,ssr_no_uptick,,,,,,,0
2025-08-05,SEMR,8.34,7.31,8.34,12.350119904076742,253594.0,3.155343704479556,0.0873786407766997,9.21,-9.446254071661247,4.796959826275794,0.8148483476686299,-17.425742574257423,3.7975614529098536,927483.3,575,1,7.288069999999999,0,ssr_no_uptick,,,,,,,0
2025-08-05,TONX,19.26,17.5,18.5,9.51351351351352,90263.0,3.5373838710221,0.4927840909090906,20.42,-9.402546523016658,78.9422135161606,0.4199751861042185,-37.85690292240511,26.351994013416125,1785514.5,601,1,17.4475,0,gap_through,,,,,,,0
2025-08-06,ACMR,25.55,23.21,25.15,9.304174950298211,523999.0,3.939491489603671,0.2820512820512821,29.65,-15.177065767284992,6.374367622259698,0.1613756613756611,-22.71051014136448,2.7514506396666154,931055.45,581,1,23.14037,1,,23.1,25.55,stop,582.0,725.0,2.4499999999999993,1
2025-08-06,AIP,10.98,10.3,10.825,6.281755196304848,327854.0,2.5874398024015504,0.1249999999999987,13.0,-16.730769230769234,15.307692307692294,0.3517587939698491,-24.24772568229531,9.48896959677542,1645794.25,575,1,10.2691,1,,10.2599,10.005,eod,576.0,945.0,0.7201000000000004,1
2025-08-06,AMDL,11.34,10.8,11.18,4.830053667262963,3113930.0,1.8784571267002823,0.997222222222222,12.54,-10.845295055821367,6.612440191387561,0.3738543174143737,-18.75,4.824091860602695,41052310.0,620,1,10.7676,1,,10.77,10.93,eod,621.0,945.0,0.5700000000000003,0
2025-08-06,ARVN,7.13,6.64,7.12,6.882022471910116,161304.0,2.274703619479367,0.1326530612244905,7.61,-6.438896189224706,5.519053876478317,0.4761904761904767,-14.320096269554758,2.650195831734956,1909607.3,606,1,6.62008,1,,6.605,6.44,eod,607.0,945.0,0.5249999999999995,1
2025-08-06,BLMN,8.5,7.45,8.4,12.499999999999996,328888.0,3.1484811385480067,0.0673333333333329,8.95,-6.1452513966480335,4.748603351955316,0.7999999999999984,-21.495327102803728,3.2492813544267154,1973290.2,575,1,7.42765,1,,7.39,6.228,eod,576.0,945.0,1.1100000000000003,1
2025-08-06,EOLS,6.76,6.1699,6.75,8.742222222222216,765989.0,3.5448869320217264,0.042535163531605,8.91,-24.24242424242424,4.713804713804713,0.428571428571428,-33.8235294117647,1.7885712557484623,1192060.05,592,1,6.1513903,1,,6.15,6.235,eod,593.0,945.0,0.6099999999999994,1
2025-08-06,EVEX,6.47,6.0684,6.33,6.344391785150082,22211.0,1.959232419819732,0.1409362549800807,6.7,-5.522388059701494,5.297014925373131,0.6336996336996338,-15.37433155080214,3.8666968402564046,514117.65,577,1,6.0501948,0,gap_through,,,,,,,0
2025-08-06,FUN,26.56,25.19,26.56,5.158132530120472,143219.0,1.8624559571143904,0.0,30.7,-13.485342019543976,3.420195439739416,0.4761904761904759,-20.716417910447767,3.053665926948898,2809836.55,575,1,25.11443,1,,25.1,24.370000000000005,lock,576.0,622.0,1.4599999999999973,1
2025-08-06,LFMD,7.95,7.21,7.5,9.866666666666667,1128184.0,4.156132155450177,0.0778378378378376,11.84,-36.6554054054054,8.108108108108116,0.0833333333333333,-41.0377358490566,6.45630129010434,1289970.3,575,1,7.18837,1,,7.165,6.43,eod,576.0,945.0,0.7850000000000001,1
2025-08-06,PAYS,6.1,5.41,6.0,11.499999999999991,262087.0,4.504486835287437,0.5579710144927538,7.12,-15.730337078651688,10.110955056179776,0.7778858174746499,-32.43243243243244,3.13698408536349,961168.1,604,1,5.39377,0,ssr_no_uptick,,,,,,,0
2025-08-06,PDC,9.575,9.25,9.3,3.4946236559139705,35760.0,1.9677349055761288,0.0769230769230781,9.84,-5.487804878048772,36.89024390243903,0.8181818181818181,-11.428571428571422,17.783604715985916,362079.8,575,0,9.22225,0,gap_through,,,,,,,0
2025-08-06,SMCL,15.948,14.84,15.37,7.208848405985691,384106.0,4.134158740921315,0.7581227436823099,23.59,-34.84527342094108,9.048749470114451,0.222336737562072,-45.204991087344034,7.206301467026212,1130126.7,586,1,14.79548,1,,15.04,14.586,lock,587.0,850.0,0.9080000000000013,0
2025-08-07,ATRO,29.095,27.933,29.0,4.006896551724134,180673.0,1.7827958958528949,0.238382099827884,35.37,-18.00961266610121,2.8131184619734366,0.402010050251253,-22.283264102907676,4.284080614236665,536483.9,594,1,27.849201,0,ssr_no_uptick,,,,,,,0
2025-08-07,CDNA,12.49,11.64,12.12,7.01320132013201,110335.0,2.777337314363151,0.2352941176470581,13.1,-7.480916030534354,6.8702290076335775,0.8,-41.73076923076924,9.031303604985151,2317176.85,576,1,11.60508,1,,11.6516,11.72,eod,577.0,945.0,0.8384,0
2025-08-07,LLYX,11.535,10.8203,11.5,6.214782608695657,620909.0,3.4838191715534683,0.1385196585980133,14.2,-19.01408450704225,6.126760563380277,0.3218390804597696,-33.13953488372093,4.386950542314218,531787.35,576,1,10.7878391,1,,10.75,10.2767,eod,577.0,945.0,0.7850000000000001,1
2025-08-07,RDW,11.35,10.51,10.99,7.643312101910826,1107828.0,3.899396299341562,0.90452380952381,13.7,-19.781021897810213,7.737226277372267,0.1698113207547166,-45.94195769798327,5.326295356850856,4382727.85,583,1,10.47847,1,,10.485,9.56,eod,584.0,945.0,0.8650000000000002,0
2025-08-07,SEAT,24.42,22.33,24.39,8.569085690856923,23657.0,2.447050657957449,0.0,25.68,-5.023364485981305,57.741433021806856,0.3714594011329916,-30.31428571428571,540.5653106764943,1533995.2,575,1,22.26301,1,,22.2086,18.0301,eod,576.0,945.0,2.211400000000001,1
2025-08-07,TSSI,23.15,21.2,23.0,8.478260869565215,655322.0,3.4024867083567507,0.2358974358974364,28.75,-20.0,14.29008695652174,0.2770908382825433,-27.490542244640604,6.307868816663569,2817728.55,575,1,21.1364,0,gap_through,,,,,,,0
2025-08-08,AVPT,16.35,15.35,16.35,6.116207951070347,115017.0,2.2262864097423374,0.035,17.5,-6.571428571428563,6.875999999999993,0.463974071303914,-18.04511278195488,2.54472405100809,1293328.05,575,1,15.30395,1,,15.38,14.355,eod,576.0,945.0,0.9700000000000006,0
2025-08-08,EVH,8.64,8.3,8.39,4.05244338498212,244996.0,1.5558181055663003,0.617647058823527,9.69,-13.415892672858606,3.3539731682146656,0.9076923076923044,-28.958509737510585,4.798341853489638,2283393.3,589,1,8.2751,1,,8.32,8.64,stop,590.0,604.0,0.3200000000000003,0
2025-08-08,FIP,5.96,5.37,5.84,10.102739726027394,348736.0,3.0756925189265067,0.2203389830508473,6.24,-6.410256410256415,18.18910256410256,0.224669603524229,-26.40201638311279,4.507720520004513,1704852.05,576,1,5.35389,1,,5.32,5.0062,eod,577.0,945.0,0.6399999999999997,1
2025-08-08,NRDS,9.27,8.45,9.25,8.864864864864867,95020.0,2.890405282401256,0.1669512195121959,11.08,-16.51624548736462,3.610108303249101,0.4499999999999989,-18.14159292035399,1.5834092560099569,438994.65,581,1,8.42465,1,,8.4506,9.27,stop,582.0,711.0,0.8193999999999999,0
2025-08-08,OS,22.68,20.395,21.14,10.808893093661306,337195.0,4.051574022325368,0.8293216630196935,22.22,-4.8604860486048524,9.765976597659774,0.387096774193548,-18.91062523973916,1.7291389128422312,1189782.55,579,0,20.333815,1,,20.68,19.8,eod,580.0,945.0,2.0,0
2025-08-11,ALTS,8.42,7.81,8.39,7.270560190703221,1449719.0,3.334727447086356,0.1147540983606561,8.97,-6.465997770345597,11.036789297658844,0.9292929292929308,-7.190265486725648,6.751288049459861,258109.9,575,1,7.786569999999999,1,,7.78,8.42,stop,576.0,606.0,0.6399999999999997,1
2025-08-11,ASPN,7.14,6.826,7.12,4.4101123595505625,276117.0,1.5235321664181234,0.0127388535031861,7.55,-5.695364238410592,7.4172185430463635,0.7499999999999992,-27.198364008179954,3.8704914263832846,2783545.75,575,0,6.805522,1,,6.91,6.875,eod,576.0,945.0,0.2299999999999995,0
2025-08-12,ACVA,11.295,10.44,11.295,7.5697211155378525,270285.0,2.340403180001696,0.1754385964912284,13.35,-15.393258426966293,4.681647940074907,0.1199999999999988,-31.253804017042,2.0563158828656776,2087564.15,575,1,10.40868,0,ssr_no_uptick,,,,,,,0
2025-08-12,BNC,25.87,25.16,25.44,2.790880503144657,31993.0,1.3380817754403962,0.5774647887323938,27.34,-6.949524506217991,31.912948061448432,0.9243553008595988,-69.30501930501931,124.42274293433988,1042052.45,576,0,25.08452,0,gap_through,,,,,,,0
2025-08-12,BTAI,5.79,5.31,5.62,8.540925266903923,1279194.0,4.806266831740752,0.8,6.4,-12.187500000000004,37.81250000000001,0.8801652892561984,-15.994020926756356,23.42774068140922,19341395.85,577,1,5.29407,1,,5.35,5.79,stop,578.0,609.0,0.4400000000000004,0
2025-08-12,FLNC,7.98,7.48,7.74,6.459948320413436,488097.0,2.4100309160472757,1.0,9.14,-15.317286652078776,6.237417943107221,0.5263988773899324,-25.18124697921701,4.798811513513312,3974747.95,628,1,7.45756,1,,7.4101,7.335,eod,629.0,945.0,0.5699000000000005,1
2025-08-12,KODK,5.98,5.8,5.8,3.103448275862079,27321.0,1.3380472544384312,0.4999999999999975,6.78,-14.4542772861357,7.079646017699108,0.1041666666666664,-22.666666666666668,2.8648172210987384,1216840.3,576,1,5.7826,1,,5.76,5.33,eod,577.0,945.0,0.22000000000000064,1
2025-08-12,NAKA,13.06,11.14,12.93,14.849187935034802,121969.0,6.274588655923094,0.3240624999999997,14.28,-9.45378151260504,47.47829131652661,0.6755114382218025,-21.54126213592233,15.046238708828124,473593.0,586,1,11.10658,0,gap_through,,,,,,,0
2025-08-13,CWVX,23.55,22.01,22.6,6.814159292035395,253949.0,3.6113374834739127,0.8896103896103884,29.49,-23.363852153272287,24.547304170905385,1.0,-23.363852153272287,11.876650387575635,1359348.55,580,1,21.94397,1,,21.8,18.0493,eod,581.0,945.0,1.75,1
2025-08-13,DERM,7.5,7.1,7.41,5.398110661268561,43100.0,1.9824311003351047,0.1590000000000001,8.54,-13.231850117096007,13.81615925058549,0.6949741503517237,-16.740637535253207,2.828129992264122,148083.0,586,1,7.0787,0,gap_through,,,,,,,0
2025-08-13,ZVRA,10.34,9.7601,10.34,5.608317214700197,243668.0,2.154782932889295,0.5171581307121931,11.76,-12.074829931972788,3.40136054421769,0.6249999999999994,-19.782777346780456,2.49648027245677,1033731.65,590,1,9.7308197,1,,9.72,9.49,eod,591.0,945.0,0.6199999999999992,1
2025-08-14,CWVX,16.81,15.85,16.27,5.900430239704972,131179.0,2.696282305240616,0.5520833333333331,17.26,-5.735805330243348,37.40845886442642,0.0258181423947221,-44.82875551034249,14.92638339841173,1610088.5,581,0,15.80245,1,,15.8,12.2099,eod,582.0,945.0,1.009999999999998,1
2025-08-14,FRMM,8.1,7.31,7.97,9.912170639899625,1423448.0,2.8045855093055785,0.007088607594937,10.7,-25.51401869158878,72.42990654205607,0.1277419354838707,-54.35280641466209,47.893471481339525,23477133.1,575,1,7.288069999999999,1,,7.2653,7.51,eod,576.0,945.0,0.8346999999999998,1
2025-08-14,IA,15.47,13.5,15.47,12.734324499030386,371655.0,4.870062806885158,0.0313705583756344,19.73,-21.591485048150023,5.930055752660931,0.7692307692307699,-22.65,3.739461550331386,607745.0,576,1,13.4595,0,gap_through,,,,,,,0
2025-08-14,ISSC,15.47,13.5,15.47,12.734324499030386,371655.0,4.870062806885158,0.0313705583756344,19.73,-21.591485048150023,5.930055752660931,0.7692307692307699,-22.65,3.739461550331386,607745.0,576,1,13.4595,0,gap_through,,,,,,,0
2025-08-14,MRAL,17.93,17.35,17.9,3.240223463687142,18677.0,0.8938794194712228,0.8793103448275854,18.86,-5.090137857900324,8.579003181336153,0.3819530284301601,-47.65852303463603,7.049898463050473,498096.85,597,0,17.29795,1,,17.2709,17.97,stop,598.0,920.0,0.6590999999999987,1
2025-08-15,DFDV,18.9728,18.3,18.3,3.6765027322404302,101681.0,2.3610105626247924,0.3272889417360268,19.57,-6.489524782830862,14.460909555442012,0.8374558303886924,-35.67662565905096,7.933342091331685,3012924.7,575,0,18.2451,1,,18.152,18.9728,stop,576.0,761.0,0.8207999999999984,1
2025-08-15,FRMM,7.2,6.6401,6.84,8.185672514619881,597646.0,2.98715413721708,0.8928380067869253,7.61,-10.118265440210257,16.03153745072273,0.5983606557377054,-60.82474226804124,48.84693687110604,21612756.05,594,1,6.6201797,1,,6.58,7.1599,eod,595.0,945.0,0.6200000000000001,1
2025-08-15,PEW,6.0532,5.85,6.0,3.3866666666666787,190110.0,1.6431114287769506,0.7135826771653541,6.55,-8.396946564885493,6.297709923664117,0.1212121212121208,-46.420438816606094,5.901340322963926,2529559.9,601,1,5.83245,0,gap_through,,,,,,,0
2025-08-15,RCAT,8.75,8.28,8.72,5.389908256880741,1148689.0,2.370277013324534,0.2902127659574465,9.37,-6.937033084311619,9.711846318036288,0.5,-31.50039277297721,6.190991592011344,7608511.25,577,1,8.25516,1,,8.2025,8.43,eod,578.0,945.0,0.5474999999999994,1
2025-08-18,FRMM,7.0,6.41,6.5,9.076923076923077,332333.0,2.8780078494878505,0.6101694915254229,7.04,-7.670454545454546,13.494318181818183,0.7894736842105262,-62.77205040091638,48.31177327635024,22030453.85,575,0,6.39077,1,,6.4,7.0,stop,576.0,710.0,0.5999999999999996,0
2025-08-19,FRMM,6.75,6.71,6.75,0.5925925925925931,193317.0,0.2343948000565184,0.2499999999999944,7.41,-8.906882591093119,15.114709851551956,0.9642857142857144,-61.34020618556701,47.741233816515376,21080470.9,586,1,6.68987,0,gap_through,,,,,,,0
2025-08-19,VKTX,26.0,24.63,25.99,5.271258176221628,4714485.0,2.8199041727199456,0.4503649635036499,42.09,-38.25136612021859,4.466619149441661,0.9255319148936204,-38.45607388112716,4.028578934852796,4714444.2,621,1,24.55611,1,,24.56,24.14,eod,622.0,945.0,1.4400000000000013,0
2025-08-19,XNET,8.31,8.0,8.22,3.771289537712901,374112.0,2.168270770434985,0.4193548387096792,8.79,-6.48464163822524,17.064846416382267,0.9933333333333324,-6.590909090909092,10.666671747866882,1132313.9,576,0,7.976,1,,8.06,8.31,stop,577.0,578.0,0.25,0
2025-08-20,CRWG,6.45,6.23,6.42,3.426791277258564,34812.0,1.3960274557974095,0.249999999999999,6.8233,-5.910629753931379,18.357686163586536,0.4996806642184253,-67.2949566989302,18.234097431550687,684789.2857142857,576,1,6.21131,0,gap_through,,,,,,,0
2025-08-20,CWVX,9.76,9.41,9.71,3.604531410916577,248540.0,2.000997226649845,0.314285714285713,10.44,-6.9923371647509445,17.911877394636026,0.5401069518716574,-67.07358426585283,16.029036437326187,3123754.15,576,1,9.38177,0,gap_through,,,,,,,0
2025-08-20,FRMM,6.6,6.45,6.5,2.3076923076922995,230245.0,1.265880702989557,0.866666666666669,7.04,-7.670454545454546,11.22159090909091,0.6708860759493673,-62.77205040091638,47.86146736066803,21184521.8,586,0,6.43065,1,,6.4102,5.2301,eod,587.0,945.0,0.18979999999999997,1
2025-08-20,JHX,20.5,18.71,19.9,8.994974874371856,2659059.0,2.7789613924703542,0.0893854748603353,28.43,-30.00351741118537,2.497361941610965,0.3380281690140836,-33.27745180217938,1.87184469889216,4434668.45,578,1,18.65387,1,,18.58,18.3501,eod,579.0,945.0,1.9200000000000017,1
2025-08-20,PTIR,23.7096,22.9401,23.13,3.326848249027225,501701.0,2.3202865165582294,0.3897335932423632,24.86,-6.958970233306519,21.600965406275147,0.0521415270018624,-36.35112823335169,6.945940469124771,3876950.9,586,0,22.8712797,0,gap_through,,,,,,,0
2025-08-20,TEMT,27.31,25.12,25.175,8.699106256206544,100110.0,2.4888210698042403,0.8721461187214622,26.86,-6.2732688011913575,14.962769918093812,0.0320975367006712,-20.07936507936508,8.687702223647928,1499818.95,585,0,25.04464,1,,24.8715,27.15,eod,586.0,945.0,2.4384999999999977,1
2025-08-21,CSIQ,11.12,10.37,10.57,7.095553453169347,454233.0,3.2354794719958724,0.9533333333333356,12.75,-17.098039215686274,4.690196078431365,0.7525083612040134,-21.500185666542887,2.7030232612264093,753228.95,623,1,10.33889,1,,10.365,10.495,eod,624.0,945.0,0.754999999999999,0
2025-08-21,MSOX,8.33,8.011,8.05,3.962732919254668,30434.0,1.1585002171565828,0.6238244514106618,8.56,-5.957943925233642,19.85981308411214,0.8764705882352946,-27.810459860822142,18.133364165255088,1296440.25,581,0,7.986966999999999,0,gap_through,,,,,,,0
2025-08-21,VNET,7.93,7.45,7.45,6.4429530201342216,232910.0,2.241807559181317,0.3541666666666668,7.98,-6.641604010025065,7.330827067669173,0.9829059829059832,-15.148063781321175,3.072002374198482,4393966.95,576,0,7.42765,1,,7.555,7.38,eod,577.0,945.0,0.375,0
2025-08-25,DFDV,17.7774,17.0,17.23,4.511897852582705,328889.0,2.34773389087024,0.5891432981733964,20.21,-14.745175655616032,19.14893617021277,0.9767441860465116,-20.96330275229358,9.946375293561749,3064687.55,583,1,16.949,1,,16.95,15.5601,eod,584.0,945.0,0.8274000000000008,0
2025-08-25,RIOX,16.53,15.525,16.33,6.154317207593392,47074.0,1.2844962761326966,0.0149253731343271,17.5,-6.685714285714295,21.25714285714287,0.7956989247311825,-31.61641541038526,12.117715506646904,691537.75,581,1,15.478425,1,,15.595,16.5522,stop,582.0,610.0,0.9350000000000004,0
2025-08-25,XRPT,18.18,17.87,18.18,1.7051705170516982,37151.0,0.5115102203913722,0.2580645161290278,19.57,-7.102708226877877,18.08891159938681,0.8728813559322035,-26.082537101036795,8.453214555213371,1064780.35,585,0,17.816390000000002,1,,17.75,18.18,stop,586.0,618.0,0.4299999999999997,1
2025-08-26,SKYA,10.08,9.41,9.69,6.914344685242519,90745.0,3.1534454636879525,0.3582089552238809,10.35,-6.376811594202899,31.689855072463764,0.1067105704442207,-27.0325830766798,14.287882802481183,1330436.5,622,1,9.38177,0,gap_through,,,,,,,0
2025-08-26,STSS,10.08,9.41,9.69,6.914344685242519,90745.0,3.1534454636879525,0.3582089552238809,10.35,-6.376811594202899,31.689855072463764,0.1067105704442207,-27.0325830766798,14.287882802481183,1330436.5,622,1,9.38177,0,gap_through,,,,,,,0
2025-08-27,CNTN,5.9,5.64,5.65,4.601769911504436,220843.0,2.020590933188412,0.5707692307692314,6.11,-7.528641571194762,37.4795417348609,0.1528384279475984,-37.775330396475766,48.88021442339669,29264920.65,603,0,5.62308,0,gap_through,,,,,,,0
2025-08-27,DFNS,5.4,4.88,5.4,9.62962962962964,398714.0,4.963344137583089,0.134615384615385,5.8,-6.896551724137923,116.3793103448276,0.2074074074074073,-51.56950672645739,9.494952440328111,2529591.5,588,1,4.86536,0,ssr_no_uptick,,,,,,,0
2025-08-28,INHD,5.11,4.75,5.09,7.072691552062875,259761.0,4.249386460315269,0.4861111111111101,5.38,-5.390334572490707,55.39033457249069,0.4127516778523489,-28.611500701262276,59.03468679657872,13581025.05,577,1,4.73575,0,gap_through,,,,,,,0
2025-08-29,MOB,6.4,5.52,6.03,14.59369817578774,146392.0,4.32250573494964,0.3749999999999997,6.4,-5.781250000000002,10.93749999999999,0.714285714285715,-8.636363636363628,6.164369359883394,455701.0,625,1,5.503439999999999,0,gap_through,,,,,,,0
2025-09-02,ALTS,6.68,6.1,6.62,8.761329305135952,2538368.0,3.421849173030308,0.0517241379310349,7.88,-15.98984771573604,15.48223350253808,0.2950819672131148,-32.17213114754098,12.621013515192232,14104444.95,592,1,6.0817,0,gap_through,,,,,,,0
2025-09-02,CNTN,5.625,5.3871,5.555,4.282628262826279,109443.0,2.315063051042898,0.6427070197561999,5.95,-6.638655462184881,25.042016806722696,0.1275167785234901,-38.82158590308371,49.27987186517319,30763031.8,630,0,5.3709387,1,,5.43,5.18,eod,631.0,945.0,0.1950000000000002,0
2025-09-02,CRCA,15.04,14.45,14.88,3.9650537634408582,85315.0,1.5808346462588347,0.1694915254237312,15.67,-5.041480536056152,10.46585832801532,0.4085365853658534,-55.40905004495055,8.861276220121777,1578083.7647058824,607,0,14.40665,1,,14.41,12.92,eod,608.0,945.0,0.629999999999999,0
2025-09-02,CRCG,9.5,9.08,9.3,4.516129032258063,43273.0,1.5891606781490208,0.0952380952380932,9.9026,-6.085270535010996,10.836547977298894,0.4713447022644663,-55.54493307839388,8.878707508042389,558425.2666666667,607,0,9.05276,1,,9.06,8.1265,eod,608.0,945.0,0.4399999999999995,0
2025-09-02,CRWG,7.3,6.89,7.28,5.631868131868133,303158.0,2.205785478892661,0.4297560975609769,8.31,-12.39470517448857,13.116726835138396,1.0,-62.9139072847682,14.794870957839848,1805641.2666666664,606,1,6.86933,0,gap_through,,,,,,,0
2025-09-02,CWVX,11.12,10.43,11.09,6.221821460775469,723965.0,2.5533762704989806,0.4202898550724654,12.54,-11.562998405103665,13.237639553429029,0.9759036144578308,-62.39403187521193,15.022177971164169,5671972.25,606,1,10.39871,1,,10.33,9.96,eod,607.0,945.0,0.7899999999999991,1
2025-09-02,SKYA,12.65,12.35,12.55,2.3904382470119576,41062.0,1.0128263809299038,0.7666666666666663,13.55,-7.380073800738007,35.49815498154982,0.6195426195426196,-31.157432803071856,17.98454584800083,3019700.65,603,1,12.31295,0,gap_through,,,,,,,0
2025-09-02,STSS,12.65,12.35,12.55,2.3904382470119576,41062.0,1.0128263809299038,0.7666666666666663,13.55,-7.380073800738007,35.49815498154982,0.6195426195426196,-31.157432803071856,17.98454584800083,3019700.65,603,1,12.31295,0,gap_through,,,,,,,0
2025-09-03,WVE,7.55,7.36,7.39,2.5710419485791545,380176.0,1.4435288247203604,0.2105263157894744,9.62,-23.180873180873174,4.7713097713097685,0.4575163398692794,-30.11820330969267,3.3053600898841995,1599342.15,576,1,7.33792,0,gap_through,,,,,,,0
2025-09-04,DAVA,10.9,10.14,10.82,7.024029574861365,767880.0,2.528477439245981,0.2236842105263157,14.38,-24.75660639777469,2.7816411682892928,0.5000000000000022,-27.81854569713142,3.137064015054066,841362.2,635,1,10.10958,1,,10.105,9.995,eod,636.0,945.0,0.7949999999999999,1
2025-09-04,IPDN,8.6731,8.03,8.46,7.601654846335702,152421.0,2.4024847688177258,0.0001554968123149,9.01,-6.104328523862364,60.9322974472808,0.384335154826958,-31.719128329297817,55.32737119124014,18706374.4,575,1,8.00591,1,,7.98,8.6731,stop,576.0,583.0,0.6930999999999994,1
2025-09-04,SINT,5.04,4.9,5.02,2.7888446215139377,48794.0,0.9746620827851684,0.2857142857142866,5.3,-5.283018867924533,38.796226415094345,0.2802256589825892,-25.95870206489677,5.180998262741008,1975392.8,575,0,4.8853,0,gap_through,,,,,,,0
2025-09-04,STI,6.56,6.19,6.5,5.692307692307681,123273.0,2.5232605654072446,0.4324324324324313,7.01,-7.275320970042793,32.67189728958631,0.6550670217875387,-16.666666666666664,25.693770758368775,4591110.2,576,1,6.17143,1,,6.2,6.56,stop,577.0,904.0,0.3599999999999994,0
2025-09-08,BBAR,10.6,10.0,10.6,5.660377358490563,63394.0,1.9274841349271217,0.4416666666666679,12.33,-14.030819140308196,6.731549067315491,0.7349397590361438,-38.46153846153847,2.943243686616657,760752.05,580,1,9.97,0,gap_through,,,,,,,0
2025-09-08,SMMT,22.78,21.4,21.48,6.424581005586603,775693.0,2.1732360679342118,0.8768115942028976,25.98,-17.321016166281755,8.698999230177051,0.7920353982300888,-28.519134775374376,3.9497708230287456,3236414.85,598,1,21.3358,1,,21.42,19.22,eod,599.0,945.0,1.3599999999999994,0
2025-09-08,SOGP,29.98,28.12,28.3,6.572438162544167,69023.0,3.062859099222729,0.6397849462365581,30.46,-7.091267235718976,32.76428102429416,0.3446893787575151,-23.513513513513512,54.23089521858569,8545670.15,577,1,28.03564,0,gap_through,,,,,,,0
2025-09-08,SSM,10.6,9.64,10.36,9.266409266409257,16601.0,2.1370086850152417,1.0,14.47,-28.403593642017977,112.4899792674499,0.1855344559601409,0.0,0.0,0.0,621,1,9.61108,0,gap_through,,,,,,,0
2025-09-08,SUPV,6.93,6.56,6.645,5.568096313017308,27364.0,1.8863420244191864,0.5675675675675673,8.01,-17.04119850187266,9.828963795255945,0.6287311063127137,-41.53101627804664,3.838038350108449,1542895.1,575,1,6.54032,0,gap_through,,,,,,,0
2025-09-08,TGS,22.26,20.515,22.07,7.906660625283195,62312.0,2.584770754000474,0.2263037249283665,26.44,-16.52798789712557,4.897881996974288,0.4710424710424727,-27.16171617161716,2.7975421213359266,439187.15,584,1,20.453455,1,,20.6,22.26,stop,585.0,597.0,1.66,0
2025-09-09,ASTX,18.41,16.85,18.34,8.505997818974912,66598.0,2.973436435978871,0.3653846153846158,19.54,-6.14124872057318,22.2620266120778,0.9701149425287352,-50.02724795640327,8.269095865513211,495322.95,588,1,16.79945,0,gap_through,,,,,,,0
2025-09-09,HOUR,5.3,4.5,5.22,15.325670498084287,270923.0,4.440292846751685,0.0322500000000003,5.7,-8.421052631578954,37.89473684210527,0.4722222222222224,-23.68421052631579,26.19511093254489,14287292.9,581,1,4.4865,0,gap_through,,,,,,,0
2025-09-09,INHD,7.46,6.95,7.07,7.21357850070721,84526.0,2.1388175305663224,0.1176470588235286,7.76,-8.891752577319581,140.97938144329896,0.2522851919561243,-55.64617314930991,60.77549959476758,17191028.3,606,1,6.92915,1,,6.95,7.46,stop,607.0,706.0,0.5099999999999998,0
2025-09-09,KRKR,7.25,6.99,7.23,3.5961272475795267,23950.0,0.9087310150708472,0.0,10.1,-28.415841584158407,157.02970297029702,0.2900378310214375,-66.15168539325842,21.488594669471823,408251.6,575,1,6.96903,0,gap_through,,,,,,,0
2025-09-09,PACS,9.72,9.12,9.72,6.172839506172854,140899.0,2.3682330426911267,0.0333333333333355,11.32,-14.134275618374556,3.1360424028268588,0.8450704225352123,-21.54963680387409,2.0564478150155505,400126.25,575,1,9.09264,1,,9.03,8.0125,eod,576.0,945.0,0.6900000000000013,1
2025-09-09,SOC,20.94,20.0,20.11,4.674291397314775,337285.0,1.4210468197056143,0.5319148936170206,22.08,-8.922101449275358,5.604619565217394,0.2181818181818177,-32.6523777628935,4.344759501351964,2504333.85,576,0,19.94,1,,19.81,20.94,stop,577.0,942.0,1.1300000000000026,1
2025-09-09,UUU,6.06,5.82,5.87,4.088586030664384,32312.0,1.4282401884782252,0.5833333333333336,6.7,-12.388059701492535,19.701492537313435,0.0530303030303032,-29.0154061963383,18.225543758065594,3609620.1,581,1,5.8025400000000005,0,gap_through,,,,,,,0
2025-09-10,INHD,7.0,6.12,6.12,14.37908496732026,66710.0,3.3931365161403644,0.6818181818181815,7.19,-14.88178025034771,13.212795549374132,0.4105263157894742,-61.6060225846926,60.93857961930485,17227636.65,600,1,6.10164,1,,6.1001,4.9,eod,601.0,945.0,0.8998999999999997,1
2025-09-10,NAKA,6.0,5.512,5.92,8.243243243243251,233880.0,2.119013851754297,0.1682377049180336,8.08,-26.73267326732673,52.5990099009901,0.8823529411764706,-62.05128205128205,22.11531396510008,2420324.8,576,1,5.495463999999999,0,gap_through,,,,,,,0
2025-09-11,ORBS,19.5,18.36,19.4,5.8762886597938175,150014.0,2.3343383739417742,0.1666666666666677,24.11,-19.535462463708008,62.15263376192451,0.0103436770103437,-76.66025024061598,672.6922907404972,11580619.9,575,1,18.30492,0,gap_through,,,,,,,0
2025-09-11,QMCO,7.45,7.25,7.37,2.713704206241522,161390.0,1.270735010956473,0.100500000000001,8.57,-14.00233372228705,8.995332555425897,0.9351407445842534,-14.501160092807416,4.550749370179623,506016.3,592,1,7.22825,1,,7.22,7.11,eod,593.0,945.0,0.23000000000000043,1
2025-09-12,RENT,6.6999,6.15,6.69,8.219730941704036,34666.0,2.4415816226888385,0.1272958719767219,7.89,-15.209125475285164,24.506970849176177,0.9482829954489034,-16.270337922403,8.978690077193075,186935.9,578,1,6.131550000000001,1,,6.12,4.74,eod,579.0,945.0,0.5799000000000003,1
2025-09-12,RFIL,7.95,7.04,7.88,11.548223350253808,36517.0,3.919826216893661,0.3186813186813186,8.53,-7.620164126611952,14.888628370457216,0.9055118110236212,-8.901734104046248,5.882819059806712,146222.85,588,1,7.01888,1,,7.18,7.95,stop,589.0,767.0,0.7700000000000005,0
2025-09-15,ASST,7.89,7.38,7.84,6.505102040816324,485871.0,2.865001910533526,0.1568627450980394,8.49,-7.65606595995289,13.818610129564188,0.123593590180702,-37.77777777777778,11.544044640969998,7350196.85,576,1,7.35786,0,gap_through,,,,,,,0
2025-09-15,FOFO,11.55,9.8001,10.025,17.45536159600998,97000.0,6.20390190213675,0.9885707754728834,12.35,-18.82591093117408,83.15789473684211,0.7517039922103214,0.0,0.0,0.0,580,1,9.7706997,1,,10.0688,11.55,stop,581.0,799.0,1.4812000000000012,0
2025-09-15,GCTK,8.85,8.4706,8.69,4.36593785960875,83533.0,1.7718553742584724,1.0,10.59,-17.941454202077438,58.92351274787536,0.4310897435897435,-38.54314002828855,27.48180103861312,4020778.9,583,1,8.445188199999999,0,gap_through,,,,,,,0
2025-09-15,HCWB,5.12,5.01,5.12,2.148437500000006,41963.0,0.6081453821880806,0.2754545454545486,5.59,-8.407871198568868,24.468694096601077,0.6214358824389529,-30.34013605442176,21.57234277703108,5755909.25,617,1,4.99497,0,gap_through,,,,,,,0
2025-09-15,HYPD,14.1999,12.66,13.87,11.10237923576063,210322.0,3.4843706548517326,0.162348204428859,14.98,-7.40987983978639,29.03871829105474,0.9954022988505749,-7.533333333333339,11.73769460407692,725823.4,586,1,12.62202,1,,12.64,11.44,eod,587.0,945.0,1.559899999999999,0
2025-09-15,IONZ,6.68,6.16,6.52,7.97546012269938,531168.0,3.389580230187502,0.8823076923076932,6.92,-5.780346820809254,57.80346820809249,0.06,-69.31764705882352,11.085532571539392,1909620.2,597,1,6.14152,1,,6.13,5.925,eod,598.0,945.0,0.5499999999999998,1
2025-09-15,WLDS,9.0,8.4,8.85,6.779661016949149,326013.0,2.239871368704372,0.0166666666666663,9.42,-6.0509554140127415,25.47664543524417,0.1750072919704987,-22.36774006789534,91.23152968721448,22940609.55,578,1,8.3748,0,gap_through,,,,,,,0
2025-09-16,ADTN,9.8072,9.25,9.4,5.927659574468084,429920.0,2.4127013159441417,0.3162239770279966,10.44,-9.96168582375478,6.992337164750963,0.9452054794520536,-11.654135338345863,2.5833380015810445,795123.1,585,1,9.22225,0,ssr_no_uptick,,,,,,,0
2025-09-16,ASST,6.0,5.66,5.8,5.862068965517239,588497.0,2.074430343274831,0.8529411764705886,6.22,-6.7524115755627,29.421221864951768,0.0874316939890711,-53.96825396825397,13.418111164589972,8121654.55,596,1,5.64302,0,gap_through,,,,,,,0
2025-09-16,FEED,9.2479,9.0,9.0,2.75444444444444,40838.0,1.3416783112268686,0.8668818071803165,10.7,-15.887850467289711,79.81308411214954,0.2154566744730679,-48.27586206896552,15.297629242873686,2885119.9,577,1,8.973,0,gap_through,,,,,,,0
2025-09-16,RCEL,6.3,6.112,6.2,3.032258064516125,46141.0,1.6648368852414783,0.7223404255319144,6.76,-8.284023668639048,23.816568047337284,0.7763975155279501,-12.92134831460674,11.55631684151442,1239315.05,584,1,6.093664,1,,6.07,6.3,stop,585.0,616.0,0.22999999999999954,1
2025-09-17,FGI,7.6399,7.35,7.4,3.917567567567571,31425.0,2.3852171604085584,0.7247326664367038,9.5,-22.105263157894733,49.68210526315789,0.338976227806263,-41.3624513664926,31.173510172511065,2096305.15,584,1,7.327949999999999,1,,7.33,7.6399,stop,585.0,630.0,0.3098999999999998,0
2025-09-17,RICK,26.99,25.82,26.99,4.334938866246752,116070.0,1.7668808441653143,0.0,28.79,-6.252170892671069,23.063563737408828,0.1189759036144576,-28.97368421052632,3.97694036723096,154474.4,575,1,25.74254,1,,25.8001,26.99,stop,576.0,598.0,1.189899999999998,0
2025-09-17,TURB,9.98,9.33,9.505,6.838506049447663,135522.0,3.103652098696003,0.5692307692307678,12.4,-23.346774193548384,119.59677419354836,0.457181389076197,-53.520782396088016,80.10508795862447,7118628.0,579,1,9.30201,1,,9.25,9.98,stop,580.0,675.0,0.7300000000000004,1
2025-09-17,WLDS,5.67,5.53,5.63,2.486678507992889,132189.0,0.975185338174104,0.2857142857142866,6.1,-7.704918032786881,20.96885245901639,0.0227503713548586,-50.61360187370065,91.9511309550979,23411354.0,580,0,5.51341,1,,5.51,5.43,lock,581.0,640.0,0.16000000000000014,1
2025-09-18,PMI,7.24,7.15,7.2,1.249999999999998,117623.0,0.7036893586931966,0.1933333333333271,7.58,-5.0131926121372015,8.443271767810021,0.6718749999999999,-7.573812580231063,5.033580355586023,3268378.6153846155,575,0,7.128550000000001,1,,7.12,7.0600000000000005,lock,576.0,579.0,0.1200000000000001,1
2025-09-18,SQFT,7.72,7.4,7.45,4.295302013422811,15362.0,1.744938708278338,0.0,8.88,-16.10360360360361,37.72522522522523,0.5253731343283583,-28.8443170964661,10.590737368912626,935991.85,611,1,7.377800000000001,1,,7.33,7.72,stop,612.0,641.0,0.3899999999999997,1
2025-09-19,TURB,9.85,9.5,9.65,3.626943005181343,19226.0,1.2797360371572206,0.57142857142857,10.24,-5.761718749999998,31.542968750000007,0.0,-52.81173594132029,80.3896418939442,7467883.05,577,0,9.4715,0,gap_through,,,,,,,0
2025-09-22,AGMH,9.7724,8.96,9.23,8.8017334777898,205753.0,4.035319383438236,0.4431314623338258,10.34,-10.73500967117988,114.79690522243716,0.3462510530749789,-49.00552486187845,81.57747812985411,11773029.15,580,1,8.93312,1,,8.96,9.44,eod,581.0,945.0,0.8123999999999985,0
2025-09-22,BNC,8.5,8.3,8.35,2.3952095808383147,89658.0,1.28846153846153,0.0999999999999982,9.69,-13.828689370485035,17.4406604747162,0.1360946745562122,-69.51442132165023,9.131900281375348,430944.6,584,1,8.2751,1,,8.25,8.5,stop,585.0,630.0,0.25,1
2025-09-22,CCUP,17.341,16.171,17.29,6.766917293233093,41623.0,1.6311747505113594,0.1700854700854712,18.5,-6.540540540540545,11.001081081081098,0.574882075471698,-12.852822580645164,11.713962687452744,493563.7,576,1,16.122487,1,,16.12,17.36,stop,577.0,863.0,1.221,1
2025-09-22,COMP,8.98,8.52,8.61,5.342624854819987,989765.0,2.327414939008252,0.5217391304347822,9.4,-8.404255319148945,3.829787234042566,0.0833333333333362,-13.33668847508808,2.0789129975375835,7607019.05,617,0,8.494439999999999,1,,8.51,7.915,eod,618.0,945.0,0.4700000000000006,0
2025-09-22,CRCA,16.55,15.395,16.51,6.99576014536645,243251.0,2.0745919467476948,0.1428571428571435,17.56,-5.97949886104782,10.997722095671984,0.5546810273405123,-12.967843964153914,11.672335639739668,2852346.45,576,1,15.348815,1,,15.3264,16.55,stop,577.0,864.0,1.2236000000000011,1
2025-09-22,CRCG,10.43,9.71,10.41,6.91642651296829,127564.0,2.034243093151584,0.125,11.08,-6.046931407942237,10.8898916967509,0.5527100944803581,-12.594458438287154,11.791565255895614,1563088.3,576,1,9.68087,1,,9.66,10.43,stop,577.0,863.0,0.7699999999999996,1
2025-09-22,FCHL,6.9542,6.8,6.83,2.2576866764275305,176609.0,1.5508562855527994,0.2594033722438388,7.2,-5.13888888888889,18.333333333333325,0.6666666666666669,-10.602094240837692,9.984332559113104,4018614.6666666665,591,0,6.779599999999999,1,,6.7899,6.785,lock,592.0,857.0,0.1642999999999999,0
2025-09-22,HYPD,10.63,10.1,10.42,5.086372360844541,106233.0,2.5288376083962816,0.3773584905660389,11.28,-7.624113475177299,9.929078014184393,0.0267857142857137,-30.53333333333333,12.859670541721252,1095996.15,575,0,10.0697,1,,10.03,10.63,stop,576.0,598.0,0.6000000000000014,1
2025-09-22,QBTS,24.6,23.12,24.52,6.035889070146821,4424641.0,1.8111122505304167,0.0472972972972974,26.88,-8.779761904761903,14.914434523809526,0.8880019955101018,-10.2784587800505,5.283792936261963,42790000.5,576,1,23.05064,1,,23.11,24.6,stop,577.0,588.0,1.490000000000002,0
2025-09-22,QUBT,20.4,18.57,20.3,9.014778325123144,6081926.0,3.228301195191265,0.2176502732240433,23.27,-12.763214439192089,24.945853029651914,0.8776895381488051,-15.346121768140112,6.981187986940412,23731801.15,581,1,18.51429,1,,18.625,20.4,stop,582.0,824.0,1.7749999999999986,0
2025-09-22,QUBX,26.34,21.5,25.94,18.65844255975328,226988.0,6.4842364659581015,0.1632231404958675,35.02,-25.92804111936037,41.19074814391776,0.8762564991334492,-29.520445591631567,13.70009553997433,441665.35,576,1,21.4355,1,,21.32,26.34,stop,577.0,822.0,5.02,1
2025-09-22,RGTI,26.6,25.7,26.33,3.418154196733772,5287977.0,1.679064443602124,0.0444444444444433,28.52,-7.678821879382894,15.30504908835904,0.8694158075601374,-9.487796493640433,5.986774851746911,53423252.15,576,0,25.6229,1,,25.69,26.6,stop,577.0,586.0,0.91,0
2025-09-22,RGTIW,15.25,14.4227,15.25,5.424918032786881,44804.0,2.0394944285089247,0.0088238849268693,17.14,-11.026837806301051,24.445740956826143,0.8687350835322194,-13.793103448275868,10.732243973150736,522687.4,575,1,14.3794319,1,,14.39,15.25,stop,576.0,586.0,0.8599999999999994,0
2025-09-23,AVX,5.26,4.8302,5.26,8.171102661596962,137868.0,3.093014417223229,0.1186598417868779,5.73,-8.202443280977324,67.88830715532286,0.1619537275064269,-41.49054505005562,31.23563308944429,6702684.7,576,1,4.815709399999999,0,gap_through,,,,,,,0
2025-09-23,DGNX,16.76,14.75,15.64,12.851662404092082,102516.0,4.924561936850324,0.3453731343283581,17.75,-11.887323943661968,21.6512676056338,0.533423538289402,-76.37819060564868,23.917245409728608,384143.4,578,1,14.70575,1,,15.055,14.9941,eod,579.0,945.0,1.7050000000000018,0
2025-09-23,OPEN,8.095,7.58,7.96,6.469849246231163,17033667.0,2.1707958374461165,0.0368932038834953,8.38,-5.011933174224352,13.484486873508338,0.0530973451327438,-26.77092916283349,19.872815388515445,426531872.55,587,0,7.55726,1,,7.5537,7.0918,eod,588.0,945.0,0.5413000000000006,1
2025-09-23,WLDS,6.3589,6.1,6.15,4.209756097560985,125347.0,2.451401533181085,0.2437234453456942,6.56,-6.249999999999989,21.493902439024392,0.7517730496453897,-46.05215835226625,92.13319098912788,24327621.05,584,0,6.0817,1,,6.0896,5.7503,eod,585.0,945.0,0.2693000000000003,0
2025-09-24,HRMY,30.0325,28.7,29.92,4.453542780748662,169997.0,2.003705628713382,0.9380863039399628,32.07,-6.704084814468346,2.899906454630484,0.290322580645162,-21.839080459770116,1.8243213697485303,780087.05,613,1,28.6139,1,,28.6,26.8,eod,614.0,945.0,1.4324999999999974,1
2025-09-24,SLE,7.95,7.57,7.9,4.81012658227848,71621.0,2.110701589310928,0.3421052631578946,8.51,-7.168037602820205,46.18096357226792,0.2569974554707379,-30.883639545056862,36.40988540918214,3964015.55,585,1,7.54729,0,gap_through,,,,,,,0
2025-09-25,AMPX,10.58,10.3,10.4,2.6923076923076863,865145.0,1.6332633716152396,0.2499999999999952,11.09,-6.221821460775469,10.369702434625792,0.2086956521739131,-15.346671659042432,5.574731577048159,8742543.2,576,0,10.2691,1,,10.2764,10.58,stop,577.0,616.0,0.3035999999999994,0
2025-09-25,ASTX,30.08,28.2,29.53,6.366407043684386,52505.0,2.4587204801738958,0.0,33.24,-11.161251504211794,13.142900120336945,0.3751001442076598,-17.9038087294968,10.7165307392869,890000.0,575,1,28.1154,1,,28.47,27.665,lock,576.0,895.0,1.6099999999999994,0
2025-09-25,BAIG,22.99,21.4202,22.0,7.135454545454532,32937.0,3.4914900887201035,0.5091731430755512,25.44,-13.522012578616357,16.409198113207555,0.0753383638759138,-29.93630573248408,10.728540014686065,368417.35,576,1,21.3559394,1,,21.4919,23.0,stop,577.0,623.0,1.498099999999997,0
2025-09-25,CRCG,8.8,8.44,8.78,4.100227790432816,62386.0,1.9157133818454295,0.6666666666666651,9.2,-4.565217391304347,8.967391304347819,0.2363636363636347,-24.43866881244783,11.624443567900617,1706700.1,579,0,8.414679999999999,0,gap_through,,,,,,,0
2025-09-25,IMSR,16.53,16.1,16.5,2.6060606060606046,164690.0,1.6175412852171347,0.5813953488372097,17.62,-6.356413166855851,12.996594778660617,0.8034934497816598,-8.688433868289986,3.8235757568191815,1313667.65,582,0,16.0517,1,,16.045,16.53,stop,583.0,591.0,0.48499999999999943,1
2025-09-25,IMSRW,5.5,4.9,5.5,10.909090909090905,28026.0,2.687806395833566,0.0,6.5,-15.384615384615383,16.615384615384617,0.9259259259259258,-16.41337386018237,8.84795504924592,238344.25,583,1,4.8853,0,ssr_no_uptick,,,,,,,0
2025-09-25,LTBR,18.11,17.4,17.62,4.029511918274693,239761.0,1.599077156724827,0.8169014084507058,18.66,-5.573419078242225,14.815112540192915,0.0540784952070898,-18.801843317972345,6.644633327083111,1887179.55,580,0,17.3478,1,,17.3788,18.11,stop,581.0,624.0,0.7312000000000012,0
2025-09-25,MRAL,21.035,20.09,20.97,4.506437768240345,42804.0,1.6737095888635412,0.0,22.25,-5.75280898876405,19.413483146067424,0.0577613149670103,-20.47479995449202,6.213824161754366,494229.4,575,1,20.02973,0,gap_through,,,,,,,0
2025-09-25,MVLL,20.5,19.94,20.45,2.738386308068453,48637.0,1.3666020605609628,0.1250000000000008,21.55,-5.10440835266822,15.545243619489549,0.7462686567164184,-8.705357142857139,10.30297793250258,1788271.35,577,0,19.880180000000003,1,,19.7748,20.5,stop,578.0,614.0,0.725200000000001,1
2025-09-25,QBTS,26.94,25.8,26.015,4.382087257351531,3253861.0,2.266755604726037,0.3880701754385956,27.72,-6.150793650793645,10.173160173160174,0.482269503546099,-10.846470185058257,5.36865753197787,49106233.45,577,0,25.7226,1,,25.6,26.94,stop,578.0,632.0,1.3399999999999999,1
2025-09-25,QUBX,28.03,25.89,25.89,8.265739667825416,59708.0,3.691171115728016,0.7324299065420555,28.86,-10.291060291060289,22.17740817740817,0.5874632835447784,-29.65629669881809,15.068787470741668,850931.8,579,1,25.81233,0,gap_through,,,,,,,0
2025-09-25,RGTI,31.14,29.64,29.82,5.030181086519114,7939099.0,2.397922648032463,0.5533333333333322,31.64,-5.752212389380532,14.823008849557514,0.4115138592750534,-13.313953488372087,6.102496401726039,65433409.9,577,0,29.55108,1,,29.67,31.14,stop,578.0,598.0,1.4699999999999989,0
2025-09-25,RGTIW,19.64,17.91,18.21,9.500274574409667,75163.0,3.551281672065052,0.6531791907514444,20.19,-9.806835066864783,22.61317483902922,0.3998598212721223,-20.584387265590927,10.947304833315552,606154.9,579,1,17.85627,1,,18.0059,19.64,stop,580.0,598.0,1.6341,0
2025-09-25,RIOX,28.505,27.6,28.41,3.185498064061941,43910.0,1.126356709001578,0.0,30.57,-7.065750736015702,24.49100425253516,0.0627763159652191,-24.4151552801641,8.421833314892243,538406.65,575,1,27.517200000000003,0,gap_through,,,,,,,0
2025-09-25,SHFS,7.1599,6.58,6.76,8.57840236686391,71931.0,3.648446966622784,0.0,7.27,-7.015130674002748,38.23796423658872,0.3093276736573257,-26.4417845484222,30.182984206377323,4527302.45,575,1,6.56026,0,gap_through,,,,,,,0
2025-09-25,SLMT,23.5,22.61,23.4,3.803418803418806,36924.0,1.6691504205864995,0.2247191011235945,26.36,-11.229135053110776,22.6809559939302,0.7376185458377239,-55.807365439093495,51.337367023509,2670445.3,575,1,22.54217,0,gap_through,,,,,,,0
2025-09-25,SMCL,12.975,12.82,12.92,1.1996904024767754,113211.0,0.7995863424467167,0.4516129032258101,13.68,-5.555555555555554,8.625730994152045,0.0254237288135587,-14.20982735723772,5.095762178159155,1661859.25,575,0,12.78154,1,,12.735,12.975,stop,576.0,609.0,0.2400000000000002,1
2025-09-25,SMU,22.48,20.97,22.0,6.86363636363637,106910.0,2.765106502516633,0.2847682119205293,24.33,-9.576654336210431,16.029593094944524,0.1794871794871792,-36.76180182873371,14.857399023517756,1449179.75,577,1,20.90709,0,gap_through,,,,,,,0
2025-09-25,SOLT,21.7,21.37,21.58,1.5291936978683889,270859.0,0.7194155198572557,0.2878787878787859,24.47,-11.810380057212916,4.515733551287292,0.4298642533936631,-38.86668234187633,7.378428252967874,7502609.6,578,1,21.30589,1,,21.305,21.7,stop,579.0,606.0,0.3949999999999996,1
2025-09-25,TEMT,29.01,27.72,28.39,4.543853469531534,51374.0,1.7763123788130448,0.0,30.12,-5.743691899070386,17.20451527224435,0.0775762253956003,-37.64139960902322,7.809638313796328,838189.05,575,0,27.63684,1,,27.51,29.01,stop,576.0,611.0,1.5,1
2025-09-25,TGEN,8.1,7.92,8.0,2.2499999999999964,43204.0,0.911084951782777,1.0,8.55,-6.432748538011704,10.085380116959056,0.3770149599907237,-21.951219512195124,5.922551508233099,725880.6,581,0,7.89624,1,,7.8656,8.1,stop,582.0,613.0,0.23439999999999994,1
2025-09-25,TSSI,16.92,16.26,16.4,4.024390243902441,227103.0,1.8768091216727756,0.6465151515151465,17.47,-6.124785346307959,9.387521465369208,0.1951219512195123,-16.24106230847804,6.631327304021287,2991286.1,577,0,16.21122,1,,16.395,16.92,stop,578.0,608.0,0.5250000000000021,0
2025-09-25,UMAC,12.67,12.1,12.25,4.653061224489798,259371.0,2.480722153526029,0.5438596491228076,13.4,-8.58208955223881,10.217164179104474,0.0869914542400113,-19.5666447800394,5.700310339492287,2958159.55,577,1,12.0637,1,,12.05,12.67,stop,578.0,593.0,0.6199999999999992,1
2025-09-25,UPSX,21.5397,20.7091,21.24,3.910546139359701,58511.0,1.8293201439254312,0.3728629906091972,22.68,-6.349206349206354,13.932980599647268,0.1740506329113926,-43.64552931812152,7.79395531117345,611616.75,575,0,20.6469727,1,,20.66,19.91,eod,576.0,945.0,0.8796999999999997,0
2025-09-25,UPXI,5.8,5.51,5.79,5.008635578583766,585563.0,1.8867976877869883,0.2689655172413803,6.16,-6.006493506493507,4.839285714285711,0.362965447836297,-36.47833241908941,7.001501536964769,5842436.45,576,1,5.493469999999999,1,,5.48,5.345,eod,577.0,945.0,0.3199999999999994,1
2025-09-25,WYFI,25.09,24.31,24.85,3.138832997987932,52886.0,1.5276201919589685,0.2564102564102596,26.25,-5.333333333333328,10.095238095238091,0.2981132075471696,-15.848289874703688,9.189644022062463,1256278.3,581,0,24.23707,1,,24.25,25.09,stop,582.0,649.0,0.8399999999999999,0
2025-09-25,XRPT,15.55,15.42,15.5,0.8387096774193599,61759.0,0.400737431994822,0.1538461538461496,17.0,-8.823529411764707,8.117647058823534,0.8623188405797093,-19.22455573505654,5.798123775214779,1012598.8,576,0,15.37374,1,,15.35,15.55,stop,577.0,615.0,0.20000000000000107,1
2025-09-26,PEPG,5.35,4.93,5.35,7.850467289719626,605115.0,4.058601764459952,0.3452380952380964,5.88,-9.013605442176877,24.48979591836734,0.6805555555555555,-15.615141955835965,28.04961996122739,8574769.45,589,1,4.91521,0,gap_through,,,,,,,0
2025-09-26,SPRC,5.47,5.28,5.28,3.598484848484839,79322.0,1.7502886209162969,0.3157894736842093,6.09,-13.300492610837434,59.93431855500822,0.2301369863013698,-40.674157303370784,35.674128090960906,12410126.85,579,1,5.26416,0,gap_through,,,,,,,0
2025-09-30,EPSM,21.98,20.21,21.3,8.309859154929574,38250.0,3.6692184604266895,0.7231638418079084,24.59,-13.379422529483524,66.02277348515655,0.343701878657222,-86.25806451612902,94.90585471087324,557137.8,582,1,20.14937,0,gap_through,,,,,,,0
2025-09-30,JFB,11.4,11.02,11.33,3.3539276257722928,25815.0,1.5542636349722063,0.2894736842105289,12.7,-10.787401574803145,26.45669291338584,0.8928571428571426,-13.246554364471672,21.47188529766271,1800210.0,606,1,10.98694,1,,10.97,11.4,stop,607.0,614.0,0.4299999999999997,1
2025-09-30,OSG,9.38,8.211,9.18,12.734204793028328,67920.0,3.0298270700485563,0.0419161676646702,9.72,-5.555555555555565,7.304526748971202,0.5352112676056343,-8.656716417910456,1.2246594497348418,534273.15,575,1,8.186367,0,ssr_no_uptick,,,,,,,0
2025-09-30,STKH,5.49,5.35,5.49,2.550091074681249,16294.0,1.4103284126850806,0.0714285714285759,6.33,-13.270142180094783,26.224328593996844,0.6144578313253014,-21.233859397417497,184.5985028509812,1460520.1,599,1,5.33395,0,gap_through,,,,,,,0
2025-09-30,TIC,13.7,12.5,12.7,9.44881889763779,619720.0,3.573770947765685,0.3749999999999996,14.26,-10.939691444600284,5.2187938288920135,0.0806234883095947,-15.017197307316556,5.637024183975316,3558300.3,589,1,12.4625,1,,12.405,13.7,stop,590.0,603.0,1.295,1
2025-09-30,XTND,11.4,11.02,11.33,3.3539276257722928,25815.0,1.5542636349722063,0.2894736842105289,12.7,-10.787401574803145,26.45669291338584,0.8928571428571426,-13.246554364471672,21.47188529766271,1800210.0,606,1,10.98694,1,,10.97,11.4,stop,607.0,614.0,0.4299999999999997,1
2025-10-01,SLMT,28.9699,28.0,28.06,3.456521739130432,71898.0,2.454749285809211,0.345396432621921,30.0,-6.46666666666667,28.05,0.115270350564468,-47.00661000944288,51.3001628729578,3030255.85,590,0,27.916,1,,27.9056,28.9699,stop,591.0,610.0,1.0642999999999994,1
2025-10-06,EPSM,25.6,24.5,25.5,4.313725490196084,24798.0,1.604126577242395,0.0,26.93,-5.3100631266245815,89.93687337541775,0.471924029727498,-83.54838709677419,97.1899765702382,1139090.4,575,0,24.4265,1,,24.2955,25.6,stop,576.0,583.0,1.3045000000000009,1
2025-10-06,QCLS,5.2809,5.0,5.225,5.376076555023922,180640.0,3.043161084015882,0.3915984336062668,5.75,-9.1304347826087,31.304347826086957,0.3333333333333331,-41.55480984340045,13.059756904650063,3947001.85,576,1,4.985,0,gap_through,,,,,,,0
2025-10-06,QUBT,21.74,21.11,21.62,2.913968547641068,5609615.0,1.4554244529317355,0.6215873015873032,24.62,-12.185215272136476,20.023558082859463,0.752525457422208,-16.331269349845197,9.082205593400989,41573039.4,586,1,21.04667,1,,21.1217,21.74,stop,587.0,611.0,0.6182999999999979,0
2025-10-06,QUBX,28.0,25.85,28.0,7.678571428571423,208581.0,4.027711562805679,0.5844651162790696,36.02,-22.26540810660745,33.39811215991116,0.7406483790523694,-28.461931527848748,17.881808766893222,1597490.45,586,1,25.772450000000003,1,,25.93,28.0,stop,587.0,611.0,2.0700000000000003,0
2025-10-07,AEHR,25.96,24.02,25.55,7.592954990215269,698506.0,3.117335416104288,0.0929381443298963,31.65,-19.27330173775671,8.830963665086882,0.677996422182469,-25.61754901818076,4.548926471245553,1663868.7,575,1,23.94794,1,,23.85,25.96,stop,576.0,900.0,2.1099999999999994,1
2025-10-07,ARCX,27.75,25.2,25.88,9.8531684698609,62679.0,2.6713186137547607,0.5921568627450985,28.09,-7.867568529725884,24.82840868636525,0.9010653398907416,-10.07644197359278,10.70412702977126,521157.7,579,1,25.1244,0,gap_through,,,,,,,0
2025-10-07,AREB,6.9751,6.51,6.81,6.829662261380332,16045.0,2.446014412333962,0.4902171576005169,7.5,-9.200000000000005,43.86666666666667,0.0577507598784195,-59.94117647058824,229.23327342221472,2675052.05,578,1,6.49047,0,gap_through,,,,,,,0
2025-10-08,ACHR,11.86,11.31,11.72,4.69283276450511,7489008.0,1.5662455501608783,0.1045454545454533,12.48,-6.089743589743588,10.977564102564113,0.1021897810218981,-15.13396089790007,5.864370906068038,56008792.1,575,1,11.27607,0,gap_through,,,,,,,0
2025-10-08,ARCX,21.0,19.01,20.58,9.669582118561705,57878.0,2.5957911827175826,0.0628140703517588,23.35,-11.862955032119928,23.81156316916489,0.0845323741007198,-28.492008339124403,11.621264060907524,606949.3,575,1,18.95297,0,gap_through,,,,,,,0
2025-10-08,DMRA,11.38,10.5,10.5,8.380952380952388,123349.0,2.60483274344263,0.9090909090909092,17.92,-41.40625000000001,85.37946428571428,0.0993464052287583,-66.8769716088328,85.79122836915339,6951230.8,604,1,10.4685,0,gap_through,,,,,,,0
2025-10-08,NCNA,6.65,6.27,6.56,5.79268292682928,55573.0,2.390742482465863,0.5526315789473695,7.02,-6.552706552706552,31.37179487179488,0.90918585115561,-9.14127423822715,11.25330953726672,786245.75,578,1,6.251189999999999,0,gap_through,,,,,,,0
2025-10-09,AREB,6.96,6.51,6.51,6.912442396313367,27164.0,2.926179453464764,0.4222222222222229,7.03,-7.3968705547652975,74.0284495021337,0.2486837554283079,-61.70588235294117,229.4850990455827,3073355.85,577,0,6.49047,1,,6.57,5.7501,eod,578.0,945.0,0.3899999999999997,0
2025-10-09,HELE,23.72,22.11,22.81,7.058307759754491,321205.0,2.6365673841666126,0.5217391304347827,27.61,-17.3850054328142,2.3904382470119527,0.9696969696969704,-17.444806369887804,2.6194454864851684,743054.6,601,1,22.04367,1,,22.08,20.61,eod,602.0,945.0,1.6400000000000006,0
2025-10-10,ATON,7.9753,7.34,7.9,8.041772151898734,48717.0,3.693667666956825,0.3148118998898161,8.35,-5.389221556886219,12.693413173652694,0.6132654023964521,-42.7536231884058,22.753720895443468,2238162.3,584,1,7.317979999999999,0,ssr_no_uptick,,,,,,,0
2025-10-10,DGNX,28.585,25.0,28.36,12.641043723554304,110398.0,6.687869885178484,0.6163737796373783,31.39,-9.652755654667097,55.28671551449506,0.5122590682531908,-28.84115971847596,12.475143182984285,896840.45,602,1,24.925,0,gap_through,,,,,,,0
2025-10-10,TTRX,8.3,8.04,8.25,3.1515151515151705,57487.0,1.6823542287841151,0.8076923076923062,9.2,-10.326086956521731,199.13043478260872,0.0556768558951964,0.0,0.0,0.0,619,1,8.01588,1,,8.0,7.85,lock,620.0,679.0,0.3000000000000007,1
2025-10-10,XBIO,8.87,7.5,8.87,15.445321307779022,169389.0,7.210501183425924,0.2618248175182481,9.46,-6.236786469344626,18.287526427061312,0.5491329479768791,-36.32447954055994,32.49059049171516,2438483.45,629,1,7.4775,1,,7.5,6.7,eod,630.0,944.0,1.3699999999999992,0
2025-10-13,HIBS,6.345,6.26,6.34,1.3406940063091477,39529.0,0.4503838942777486,0.8235294117647096,6.84,-7.309941520467836,13.596491228070173,0.9892473118279572,-10.955056179775283,4.464960934379942,762107.05,598,0,6.24122,1,,6.235,6.345,stop,599.0,622.0,0.10999999999999943,1
2025-10-13,QNRX,16.43,15.68,15.84,4.734848484848484,33677.0,2.0438503387087392,0.5200000000000008,20.5,-22.731707317073173,146.78048780487802,0.292123629112662,-62.10526315789473,33.93638342719139,837018.15,575,1,15.63296,0,gap_through,,,,,,,0
2025-10-13,RGTZ,16.4,15.025,16.32,8.425245098039206,448508.0,3.4205680324572536,0.367272727272727,18.6,-12.258064516129036,19.354301075268808,0.9861385038473298,0.0,0.0,0.0,586,1,14.979925,1,,14.96,10.5902,eod,587.0,945.0,1.4399999999999977,1
2025-10-13,SRTY,11.77,11.6,11.73,1.44927536231884,826638.0,0.6089746392950265,0.4117647058823548,12.37,-5.173807599029902,10.428455941794674,0.9844961240310068,-7.819977839073948,3.2180887763317965,9783387.55,598,0,11.5652,1,,11.55,11.77,stop,599.0,627.0,0.21999999999999886,1
2025-10-13,TZA,8.22,8.1,8.19,1.4652014652014775,1084939.0,0.6089007835785492,0.4166666666666691,8.63,-5.098493626882981,10.428736964078798,0.9777777777777784,-7.221750212404429,3.2512080557376373,43524642.9,598,0,8.0757,1,,8.0752,8.22,stop,599.0,627.0,0.14480000000000004,1
2025-10-13,UVIX,11.24,11.05,11.21,1.6949152542372836,1125222.0,1.0860988434468832,0.5526315789473628,12.54,-10.606060606060591,23.28548644338118,0.9212328767123288,-12.21613155833985,6.617085028491937,21676238.1,579,1,11.01685,1,,11.0,11.24,stop,580.0,655.0,0.2400000000000002,1
2025-10-13,UVXY,11.5,11.375,11.5,1.0869565217391304,1780462.0,0.7696848684261065,0.6400000000000006,12.49,-7.926341072858288,18.49479583666933,0.9134199134199136,-9.377462568951929,4.944177864229153,29420517.3,587,0,11.340875,1,,11.32,11.5,stop,588.0,655.0,0.17999999999999972,1
2025-10-14,ALOY,11.4645,9.99,11.345,12.996914940502416,92804.0,4.540119864325444,0.0,12.18,-6.855500821018056,52.8727422003284,0.7251510116616717,-18.673835125448026,13.189731204274128,367339.0,575,1,9.96003,1,,10.02,11.4645,stop,576.0,597.0,1.4444999999999997,0
2025-10-14,ARCX,22.45,20.77,21.91,7.66773162939297,29875.0,1.5751599008375936,0.0,24.21,-9.500206526228832,13.753820735233385,0.9189440807255692,-23.87074357192495,12.12505031289886,691839.9,575,1,20.70769,0,gap_through,,,,,,,0
2025-10-14,BCRX,6.98,6.58,6.62,6.042296072507558,1811808.0,1.903023999649632,0.4499999999999989,7.04,-5.96590909090909,4.33238636363636,0.2622950819672136,-17.09455228553538,2.0409336298911263,3300507.95,580,0,6.56026,1,,6.6,6.345,eod,581.0,945.0,0.3800000000000008,0
2025-10-14,BMNU,27.15,26.15,26.5,3.7735849056603774,281246.0,2.1041276338678485,0.0600000000000022,30.4,-12.828947368421048,12.69736842105263,0.9274611398963728,-37.73496240601504,11.488526117316333,7070052.416666667,575,1,26.07155,1,,25.94,27.15,stop,576.0,620.0,1.2099999999999973,1
2025-10-14,BTDR,19.12,18.41,18.57,3.823371028540661,457644.0,2.094875745716276,0.0845070422535192,20.45,-9.193154034229824,13.398533007334956,0.914233576642336,-16.162528216704285,6.70891637366723,7306153.8,575,1,18.35477,1,,18.23,19.12,stop,576.0,613.0,0.8900000000000006,1
2025-10-14,BULG,7.8,7.5,7.8,3.846153846153845,27217.0,1.4225318514453638,0.1000000000000009,8.26,-5.569007263922518,9.685230024213084,0.9499999999999988,-50.191570881226056,7.837032384958626,418520.4,576,0,7.4775,1,,7.45,7.8197,stop,577.0,628.0,0.34999999999999964,1
2025-10-14,CCUP,14.98,14.345,14.8,4.29054054054054,17542.0,1.377366088601764,0.0685039370078738,15.85,-6.624605678233432,8.643533123028387,0.3795620437956203,-31.57651410078594,10.9944502047791,793444.75,575,1,14.301965,1,,14.24,14.98,stop,576.0,620.0,0.7400000000000002,1
2025-10-14,CRCA,14.17,13.5,14.0,4.785714285714286,227695.0,2.115386670931127,0.0410447761194027,14.97,-6.479625918503679,8.684034736138937,0.3923076923076924,-31.524269755248174,10.994810982686346,5203049.65,575,0,13.4595,1,,13.49,14.17,stop,576.0,621.0,0.6799999999999997,0
2025-10-14,CRCG,8.99,8.58,8.93,4.591265397536396,111605.0,1.9335615539535305,0.0487804878048769,9.51,-6.098843322818087,8.78128286014722,0.3951622560172432,-31.201848998459177,10.938414032460956,2882969.35,575,0,8.55426,1,,8.5413,8.99,stop,576.0,621.0,0.44870000000000054,1
2025-10-14,CRWG,13.69,12.18,13.49,11.193476649369902,318340.0,2.8460122251339803,0.0463576158940399,14.22,-5.1336146272855165,10.829817158931077,0.6948051948051954,-18.710454956312137,8.54663803690431,3694671.3,576,1,12.14346,1,,12.36,13.69,stop,577.0,770.0,1.33,0
2025-10-14,DPRO,13.35,12.51,13.07,6.426931905126241,351472.0,2.220230719402127,0.109166666666666,13.77,-5.083514887436451,15.359477124183009,0.8179669030732861,-9.23611111111111,8.322031654326386,9153330.35,575,0,12.47247,1,,12.53,13.35,stop,576.0,806.0,0.8200000000000003,0
2025-10-14,ELBM,6.32,5.91,6.22,6.591639871382639,909853.0,2.656091717521003,0.1341463414634139,7.02,-11.396011396011394,77.35042735042735,0.6906077348066297,-28.50574712643678,73.12279472946152,12975320.7,575,1,5.89227,0,gap_through,,,,,,,0
2025-10-14,HIVE,6.4,6.15,6.32,3.955696202531645,2033875.0,1.986153778079225,0.1799999999999997,6.76,-6.508875739644964,8.726331360946746,0.8136972368197991,-19.38775510204081,7.376080839757177,50687770.35,575,0,6.131550000000001,1,,6.145,6.4,stop,576.0,586.0,0.2550000000000008,0
2025-10-14,LABX,23.41,20.41,23.05,13.015184381778742,104616.0,4.687666419245337,0.0266666666666661,27.65,-16.636528028933085,19.85533453887884,0.1803278688524587,-54.56337472895723,10.081414745589411,448077.45,578,1,20.34877,0,ssr_no_uptick,,,,,,,0
2025-10-14,MRAL,25.6,24.89,25.07,2.832070203430398,38820.0,1.2529343398362849,0.2887323943661944,27.57,-9.067827348567285,14.871236851650348,0.7731707317073172,-24.00727493179752,11.238084119282808,961316.8,575,1,24.81533,0,gap_through,,,,,,,0
2025-10-14,MSOX,8.48,8.2346,8.48,2.8938679245283025,91144.0,1.2970512412552986,0.2665036674816639,9.09,-6.710671067106705,11.881188118811885,1.0,-18.929254302103253,14.61782692683134,1494438.5,575,0,8.209896200000001,1,,8.2416,8.48,stop,576.0,594.0,0.2384000000000004,0
2025-10-14,MSTX,18.49,18.0,18.01,2.7207107162687305,209562.0,1.21347859743901,0.5306122448979641,19.86,-9.3152064451158,8.962739174219543,0.9662921348314594,-33.664825046040505,8.035765769259664,9416919.2,576,1,17.946,0,gap_through,,,,,,,0
2025-10-14,OEC,5.74,5.43,5.53,5.605786618444856,84596.0,1.2877370827456536,0.7258064516129038,6.84,-19.152046783625725,2.3011695906432745,0.9364675984752238,-39.49671772428884,2.295690092584155,554278.0,611,1,5.41371,1,,5.405,5.74,stop,612.0,854.0,0.33499999999999996,1
2025-10-14,POET,8.2799,7.96,8.0,3.9987499999999954,499424.0,1.6455299647633648,0.3188496405126588,8.43,-5.100830367734279,13.345195729537368,0.9066666666666664,-14.984059511158344,8.858770524114728,12147236.05,577,0,7.93612,1,,7.95,8.2799,stop,578.0,585.0,0.3298999999999994,0
2025-10-14,QNRX,13.69,13.0101,13.34,5.0967016491754125,20739.0,1.8122535320185995,0.2059126342109142,14.86,-10.22880215343203,32.83983849259757,0.1762295081967212,-68.08612440191388,34.86474991149145,876851.7,575,1,12.9710697,0,gap_through,,,,,,,0
2025-10-14,SERV,15.98,15.4,15.58,3.722721437740693,707240.0,1.5884418076800633,0.0448275862068962,16.47,-5.403764420157856,12.568306010928952,0.758454106280193,-12.960893854748596,9.308173710915328,16654107.35,575,0,15.3538,0,gap_through,,,,,,,0
2025-10-14,SMU,28.08,26.31,27.56,6.422351233671988,180781.0,2.3751026084407703,0.1412429378531073,29.66,-7.080242751180045,18.16655428186108,0.69967707212056,-20.779784472722778,14.87462534036571,3095354.2,575,1,26.23107,1,,26.33,28.08,stop,576.0,594.0,1.75,0
2025-10-14,SOLT,19.27,18.83,19.07,2.307288935500793,325091.0,1.1814980382400808,0.3863636363636391,21.97,-13.199817933545738,16.112881201638597,0.8757062146892651,-45.97718407134298,8.94865378205163,8224343.3,576,1,18.77351,1,,18.7751,19.27,stop,577.0,586.0,0.4949000000000012,0
2025-10-14,STI,18.9,17.2,18.2,9.340659340659336,140338.0,4.926147613171904,0.1764705882352946,21.625,-15.838150289017344,85.07745664739885,0.6699097728013914,-34.29128456928298,65.46422666292484,5252243.45,575,1,17.1484,0,gap_through,,,,,,,0
2025-10-14,TAOX,8.4951,7.99,7.99,6.321652065081358,35256.0,2.982125338753782,0.8679469411997608,9.54,-16.247379454926612,21.802935010482184,0.9807692307692304,-16.59707724425887,11.214251893301482,293004.8,578,1,7.96603,1,,8.0177,8.5,stop,579.0,586.0,0.4774000000000011,0
2025-10-14,UPSX,14.1045,13.82,13.86,2.052669552669549,34431.0,0.9821082999637296,0.0702987697715276,14.71,-5.778382053025162,9.367777022433716,0.6589259796806975,-55.859872611464965,6.311582984323283,1211219.7,575,0,13.77854,0,gap_through,,,,,,,0
2025-10-14,UPXI,6.15,5.9801,6.13,2.7716150081566098,123233.0,0.9073390654826418,0.0582695703354915,6.48,-5.401234567901243,12.345679012345675,0.7500000000000009,-20.903225806451616,7.177715401012866,5747957.05,575,0,5.9621597,1,,5.975,6.15,stop,576.0,646.0,0.1750000000000007,0
2025-10-14,XRPT,10.83,10.63,10.71,1.867413632119508,79446.0,0.8954179397739921,0.1999999999999964,12.63,-15.201900237529689,6.412509897070459,0.8394863563402899,-44.186773672416486,7.057756459238488,1478615.9,575,1,10.59811,1,,10.61,10.83,stop,576.0,586.0,0.2200000000000006,0
2025-10-14,XXRP,22.5367,22.1,22.25,1.962696629213476,89605.0,1.0034209227207658,0.1373940920540392,26.28,-15.334855403348556,6.858828006088287,0.8543689320388355,-44.41543776902304,7.048886188811113,1421016.65,576,1,22.0337,1,,21.895,22.5367,stop,577.0,586.0,0.6417000000000002,1
2025-10-15,AQMS,23.11,19.0,23.11,17.78450887061878,389176.0,6.49432401240759,0.0742092457420924,29.62,-21.97839297771776,80.75624577987845,0.5911371237458195,-41.34517766497462,48.6124635342462,5615850.05,589,1,18.943,1,,18.86,12.7887,eod,590.0,945.0,4.25,1
2025-10-15,AREC,6.155,5.6,6.12,9.0686274509804,2389501.0,4.578362645030877,0.4468468468468468,6.81,-10.132158590308364,29.80910425844347,0.8522167487684725,-13.924050632911394,11.477836521474892,8837007.55,579,1,5.5832,0,gap_through,,,,,,,0
2025-10-15,CRML,28.0,25.8,26.5,8.301886792452827,3081662.0,3.929639472774212,0.3043181818181816,29.97,-11.578244911578242,24.691358024691358,0.7054054054054054,-17.573872472783822,17.53874776125579,26740461.0,578,1,25.7226,1,,25.8,22.885,eod,579.0,945.0,2.1999999999999997,0
2025-10-15,CRMLW,16.76,14.2,14.9,17.18120805369129,104021.0,8.391498617799206,0.1484375000000001,18.69,-20.27822364901017,39.21883360085607,0.7066848567530698,-28.50287907869481,25.05718381636257,581552.85,575,1,14.1574,0,ssr_no_uptick,,,,,,,0
2025-10-15,ELAB,7.66,7.32,7.63,4.456094364351243,22158.0,0.6404208522384434,0.0294117647058817,9.03,-15.503875968992242,32.55813953488374,0.2857142857142855,-31.44654088050315,17.498802028965162,1361175.65,590,1,7.29804,0,gap_through,,,,,,,0
2025-10-15,GWAV,16.0,13.71,13.71,16.703136396790658,105311.0,4.370205418049723,0.5764192139737987,17.55,-21.88034188034188,50.99715099715099,0.2793296089385475,-42.875,24.411095117741223,1481156.05,581,1,13.66887,1,,13.8241,12.175,eod,582.0,945.0,2.1759000000000004,0
2025-10-15,GWH,6.38,6.05,6.32,5.221518987341773,477107.0,2.7509366917455145,0.5154545454545472,7.58,-16.622691292875984,55.27704485488126,0.2386634844868735,-54.4340302811824,40.83473256837602,24527852.95,593,1,6.03185,1,,6.05,6.38,stop,594.0,614.0,0.33,0
2025-10-15,TMQ,10.0,9.53,9.94,4.728370221327975,2574506.0,2.280026238865355,0.2125531914893611,10.6,-6.226415094339624,40.47169811320754,0.8391608391608393,-11.957484499557127,48.56432630110999,27396848.05,576,1,9.50141,0,gap_through,,,,,,,0
2025-10-15,UAMY,16.7116,15.3,15.96,8.844611528822055,3067680.0,3.1651875427970064,0.0070841598186453,17.47,-8.64338866628505,24.556382369776767,0.4778554778554775,-19.025875190258752,10.183862367769535,18449354.35,590,1,15.2541,0,gap_through,,,,,,,0
2025-10-15,UVIX,11.09,10.94,10.98,1.3661202185792385,1047450.0,0.736121353254626,0.9160000000000064,11.53,-4.770164787510833,14.917606244579366,0.3837209302325581,-14.017227877838678,7.533096074817934,24436852.15,604,0,10.90718,1,,10.905,11.09,stop,605.0,671.0,0.1850000000000005,1
2025-10-16,BITF,6.0397,5.82,5.98,3.673913043478253,10584868.0,2.179868629206721,0.3654984069185231,6.47,-7.573415765069541,13.137557959814524,0.8470588235294119,-9.393939393939382,9.244958271742028,112623859.6,577,1,5.8025400000000005,1,,5.8199,5.709999999999999,lock,578.0,616.0,0.2198000000000002,0
2025-10-16,GWH,5.67,5.25,5.39,7.792207792207792,532006.0,3.26872161197788,0.1428571428571419,6.12,-11.928104575163404,14.705882352941185,0.1333333333333334,-61.13914924297045,41.26539417941628,24898262.9,575,1,5.23425,1,,5.4373,5.32095,lock,576.0,591.0,0.2327000000000003,0
2025-10-16,KEEL,6.0397,5.82,5.98,3.673913043478253,10584868.0,2.179868629206721,0.3654984069185231,6.47,-7.573415765069541,13.137557959814524,0.8470588235294119,-9.393939393939382,9.244958271742028,112623859.6,577,1,5.8025400000000005,1,,5.8199,5.709999999999999,lock,578.0,616.0,0.2198000000000002,0
2025-10-16,LAC,9.02,8.5418,8.92,5.360986547085194,5850235.0,2.607282530226308,0.1426181514010858,9.44,-5.508474576271182,15.04237288135593,0.2394366197183097,-15.209125475285168,24.150734260910536,97970110.75,575,0,8.5161746,1,,8.63,7.3501,eod,576.0,945.0,0.3899999999999988,0
2025-10-16,OMER,9.66,9.06,9.14,6.56455142231947,575621.0,2.2300575287117024,0.8333333333333338,10.42,-12.28406909788867,27.92706333973129,0.4226804123711341,-24.462809917355365,34.64838197303651,7220444.3,593,1,9.03282,1,,9.0099,9.66,stop,594.0,643.0,0.6501000000000001,1
2025-10-16,VERI,7.01,6.75,6.95,3.7410071942446015,2332506.0,2.170074906303408,0.2115384615384606,8.39,-17.16328963051252,23.2419547079857,0.4717948717948722,-26.2208067940552,14.249473987646596,9982720.0,590,1,6.72975,0,gap_through,,,,,,,0
2025-10-17,ALM,7.775,7.59,7.61,2.431011826544028,390773.0,1.5202006920813194,0.2156756756756765,8.51,-10.57579318448883,16.991774383078727,0.0318118948824338,-28.74531835205992,6.2798213060612325,3127375.7,576,1,7.567229999999999,1,,7.575,7.775,stop,577.0,614.0,0.2000000000000001,0
2025-10-17,BAIG,24.05,22.59,22.87,6.383909051158726,19354.0,1.875517112177321,0.5684931506849324,24.1,-5.103734439834026,29.46348547717842,0.066289239089104,-36.516308119361554,14.505748154226596,1042555.4,581,0,22.52223,1,,22.3642,22.14,eod,582.0,945.0,1.6858000000000004,1
2025-10-17,BMNU,23.8996,22.87,23.48,4.385008517887558,365825.0,2.2837825570530925,0.2039627039627016,24.84,-5.475040257648951,20.732689210950078,0.0466019417475725,-44.830827067669176,11.196223926745748,7655435.266666667,580,0,22.80139,1,,22.93,23.8996,stop,581.0,743.0,0.9695999999999998,0
2025-10-17,BTDR,25.0,23.91,24.055,4.531282477655372,484207.0,2.1976373078817177,0.422018348623854,25.88,-7.051777434312208,7.225656877897994,0.6417112299465233,-13.471223021582738,9.039368212608968,8952623.4,577,0,23.83827,1,,23.755,24.035,eod,578.0,945.0,1.245000000000001,1
2025-10-17,CCUP,13.28,13.0,13.01,2.1521906225979968,23852.0,0.9518617344793228,0.5000000000000032,13.84,-5.997109826589596,14.23410404624278,0.0812182741116751,-39.85205732778548,10.527925860660336,705899.75,580,0,12.961,1,,12.88,13.28,stop,581.0,667.0,0.3999999999999986,1
2025-10-17,CIFR,18.15,17.27,17.54,5.017103762827817,2783093.0,1.949262403623243,0.5511363636363636,18.72,-6.3034188034188015,14.1559829059829,0.0792452830188669,-20.27272727272728,8.382439839353976,62600116.75,579,0,17.21819,1,,17.26,18.15,stop,580.0,726.0,0.889999999999997,0
2025-10-17,CLSK,19.56,18.55,18.61,5.427189682966136,2180080.0,1.929868620017869,0.6039603960396046,19.99,-6.903451725862928,16.63331665832916,0.0511278195488716,-21.17746717492588,6.3033561805319,41599704.6,584,0,18.49435,1,,18.425,19.56,stop,585.0,597.0,1.134999999999998,1
2025-10-17,CRCA,12.52,12.22,12.24,2.450980392156854,148067.0,1.3696653645608046,0.3333333333333333,13.05,-6.2068965517241415,14.252873563218383,0.0806451612903228,-40.13264727173126,10.546896373601818,5248986.8,580,0,12.18334,1,,12.19,12.52,stop,581.0,723.0,0.33,0
2025-10-17,CRCG,7.96,7.77,7.81,2.4327784891165223,76285.0,1.3220543376893577,0.4473684210526351,8.27,-5.562273276904474,14.2684401451028,0.0593220338983052,-39.83050847457628,10.494285877080516,2796454.4,581,0,7.746689999999999,1,,7.8,7.96,stop,582.0,670.0,0.1600000000000001,0
2025-10-17,CRWG,13.2983,12.85,13.25,3.383396226415092,268394.0,2.074352296825234,0.5465090341289341,14.18,-6.5585331452750335,17.27785613540197,0.3183673469387753,-20.15667369689665,9.057690357359578,3920445.25,579,0,12.81145,1,,12.85,12.62585,lock,580.0,726.0,0.4482999999999997,0
2025-10-17,CRWU,24.6,23.9024,24.6,2.8357723577235827,23389.0,1.5641075329968883,0.6129587155963265,26.18,-6.035141329258971,17.371657754010702,0.3015457683766135,-19.96954938952381,9.128459288688497,690309.0,581,1,23.8306928,0,gap_through,,,,,,,0
2025-10-17,DFNS,13.36,12.28,12.31,8.773354995938263,99102.0,3.098276047011638,0.9953703703703712,13.22,-6.883509833585477,23.373676248108925,0.2330097087378643,-21.03912764592687,10.4978633498922,2731031.1,614,0,12.24316,1,,12.18,10.6536,eod,615.0,945.0,1.1799999999999997,1
2025-10-17,DGNX,16.29,15.8,15.83,3.095388502842694,56143.0,1.4304195429437518,0.1836734693877554,16.67,-5.038992201559697,27.83383323335333,0.2176771051100242,-60.28052039292928,14.907337413394858,1054016.35,576,0,15.7526,0,gap_through,,,,,,,0
2025-10-17,DPRO,9.63,9.05,9.24,6.277056277056278,291574.0,2.235096212404016,0.8965517241379302,9.78,-5.521472392638029,25.970347648261757,0.0865782117406193,-35.833333333333336,10.147732946215068,9767891.6,581,0,9.02285,1,,9.06,9.4,eod,582.0,945.0,0.5700000000000003,0
2025-10-17,IONR,5.7,5.3475,5.52,6.385869565217392,32841.0,1.6351447969766657,1.0,5.82,-5.154639175257744,19.93127147766323,0.0517241379310349,-32.6829268292683,13.187634994480716,805453.5,624,0,5.3314575,1,,5.42,5.35,eod,625.0,945.0,0.2800000000000002,0
2025-10-17,MOB,7.4878,7.15,7.16,4.717877094972063,31845.0,1.370296741680454,1.0,7.55,-5.16556291390728,23.177483443708613,0.2571575518601063,-35.02722323049001,7.5571864373372,690764.85,585,0,7.128550000000001,1,,7.14,7.4878,stop,586.0,595.0,0.3478000000000003,0
2025-10-17,MRAL,26.73,25.055,25.11,6.6706491437674265,137147.0,2.2287803417939944,0.3552238805970141,27.03,-7.103218645948951,37.21087680355162,0.11908809814975,-31.44963144963145,12.85792015840819,1063891.2,579,0,24.979835,1,,24.98,24.96,eod,580.0,943.0,1.75,0
2025-10-17,SBSW,12.233,12.02,12.1,1.7603305785124048,742909.0,0.7010920773802383,0.0469483568075105,12.82,-5.616224648985964,6.5039001560062415,0.6536339649796112,-7.695593799585016,3.556089738192028,9805367.6,575,0,11.98394,1,,11.945,11.395,eod,576.0,945.0,0.28800000000000026,1
2025-10-17,XRPT,9.46,9.27,9.3,2.0430107526881858,52025.0,0.7359327014916567,0.9431578947368348,9.82,-5.295315682281054,13.0346232179226,0.1171875000000003,-48.68965517241379,7.120271234070706,1666292.6,584,0,9.24219,1,,9.26,9.46,stop,585.0,592.0,0.200000000000001,0
2025-10-17,XXRP,19.6499,19.3,19.35,1.8082687338501195,48118.0,0.7453094914718855,0.9431266076021724,20.41,-5.193532582067608,13.226359627633515,0.1333580292646784,-48.71699733381392,7.155858588963316,1526074.7,584,0,19.2421,1,,19.2008,19.6499,stop,585.0,592.0,0.44909999999999783,1
2025-10-20,ARTV,5.7,5.3001,5.66,7.065371024734993,219157.0,2.758934313118618,0.1277819454863734,6.01,-5.823627287853571,36.93677204658902,0.3918644984008286,-23.097826086956523,26.40929067016468,6181029.75,575,1,5.284199699999999,0,gap_through,,,,,,,0
2025-10-20,HSDT,6.5,6.18,6.5,4.923076923076927,305282.0,3.1155250540157846,0.0,7.76,-16.237113402061855,61.59793814432989,0.0753138075313806,-70.829911457562,12.104212920486493,1052884.2,575,1,6.16146,1,,6.16,6.5,stop,576.0,582.0,0.33999999999999986,1
2025-10-20,UVIX,11.21,10.86,11.17,3.1333930170098605,1595125.0,0.9894935412895296,0.0428571428571443,11.78,-5.17826825127334,24.32852292020373,0.0,-23.732921841607546,9.481292712446663,30330655.95,577,0,10.82742,1,,10.815,10.025,eod,578.0,945.0,0.39500000000000135,1
2025-10-21,ALM,8.4,8.05,8.31,4.211793020457276,250464.0,1.872035301954428,0.257142857142857,9.0,-7.666666666666661,10.533333333333337,0.938818565400844,-22.19101123595505,6.229436524339167,3430616.35,581,1,8.02585,1,,8.055,8.4,stop,582.0,815.0,0.3450000000000006,0
2025-10-21,ASM,5.72,5.5,5.72,3.846153846153842,1193649.0,1.9080937715791968,0.0,6.17,-7.293354943273909,4.862236628849268,0.6666666666666676,-14.178544636159044,5.539270376457592,6096061.0,575,1,5.4835,1,,5.46,5.145,eod,576.0,945.0,0.2599999999999998,1
2025-10-21,CRML,18.3198,17.46,17.82,4.824915824915824,1471033.0,1.873197590933276,0.0001163061177015,19.58,-8.98876404494381,20.78651685393259,0.3095823095823091,-44.57231726283048,19.700277937417813,34258763.45,575,1,17.40762,0,gap_through,,,,,,,0
2025-10-21,CRWG,10.88,10.5,10.71,3.5480859010270844,182999.0,1.415892822528202,0.0,11.31,-5.305039787798405,19.363395225464185,0.0365296803652968,-35.46248870141608,9.35816877376228,3981629.2,575,0,10.4685,1,,10.47,10.88,stop,576.0,624.0,0.4100000000000001,0
2025-10-21,CWVX,16.522,15.918,16.24,3.7192118226600943,614865.0,1.4919306881385788,0.0,17.24,-5.80046403712297,19.662412993039453,0.0530414773732964,-35.555555555555564,9.264967091844037,9436641.55,575,0,15.870246,1,,15.9,16.522,stop,576.0,624.0,0.6219999999999981,0
2025-10-21,FLNC,17.57,17.28,17.47,1.6599885518030864,259892.0,1.1146899662129242,0.3796551724137914,18.45,-5.311653116531168,10.36314363143631,0.2301255230125512,-21.021699819168184,10.416460295631428,9886666.55,578,0,17.228160000000003,1,,17.2,16.165,eod,579.0,945.0,0.370000000000001,1
2025-10-21,HYMC,7.87,7.4,7.87,5.972045743329095,242054.0,2.403489308484493,0.223404255319148,8.7,-9.540229885057462,6.551724137931019,1.0,-19.27542772740328,5.657963812259827,1637710.4,586,1,7.377800000000001,1,,7.4499,7.33,eod,587.0,945.0,0.4200999999999997,0
2025-10-21,NB,9.1,8.68,8.79,4.778156996587031,1198460.0,2.169680490854616,0.7619047619047628,9.71,-9.4747682801236,14.645726055612773,0.938752549047184,-30.12718600953896,9.408365355122529,14164320.7,604,1,8.65396,1,,8.655,8.505,eod,605.0,945.0,0.4450000000000003,0
2025-10-21,SMU,23.86,22.77,23.58,4.6225614927905,484485.0,1.7697727168813893,0.0,27.42,-14.00437636761489,13.420860685630926,0.2771739130434791,-49.722707297883375,13.792314603949189,3791755.15,575,1,22.70169,1,,23.31,24.0598,stop,576.0,577.0,0.5500000000000007,0
2025-10-21,TAOX,8.5899,8.25,8.47,4.012987012987014,34054.0,1.747428964446449,0.1471020888496637,9.02,-6.097560975609745,18.62527716186253,0.7738095238095234,-15.299999999999994,13.050223303755642,424989.35,580,0,8.22525,1,,8.34,8.63,stop,581.0,630.0,0.2499000000000002,0
2025-10-21,UAMY,12.6,12.0,12.5,4.799999999999997,1432744.0,3.0001380589613924,0.0666666666666652,13.43,-6.924795234549514,21.034996276991805,0.854867256637168,-36.58041603247083,13.046270615007296,22262486.8,575,1,11.964,1,,11.9998,12.6,stop,576.0,937.0,0.6001999999999992,0
2025-10-21,USAR,29.7,28.5,29.0,4.137931034482756,1430520.0,1.6560406815163091,0.0291666666666668,31.59,-8.198797087685977,17.252295030072805,0.8788990825688073,-34.06093678944975,10.106423710864142,23286954.7,575,1,28.4145,1,,28.25,26.91,eod,576.0,945.0,1.4499999999999993,1
2025-10-21,XRPT,10.57,10.47,10.57,0.9460737937559096,25223.0,0.3271871307621263,0.0,11.42,-7.443082311733798,9.13660245183888,0.7571401188422456,-41.68275862068965,8.409606693742456,1712437.2,585,0,10.43859,1,,10.435,10.57,stop,586.0,609.0,0.1349999999999998,1
2025-10-21,XXRP,21.93,21.72,21.92,0.958029197080296,22516.0,0.1926395199704484,0.1904761904762025,23.7,-7.510548523206741,9.586497890295352,0.726232394366197,-41.90576648874424,8.399574084938594,1531064.2,585,0,21.65484,1,,21.6461,21.93,stop,586.0,609.0,0.28389999999999915,1
2025-10-22,ABAT,5.95,5.72,5.78,3.979238754325267,813074.0,2.292754446612711,1.0,6.1,-5.245901639344252,16.393442622950822,0.0599999999999996,-49.69538729329852,17.75535750265016,25108665.2,577,0,5.70284,1,,5.68,5.95,stop,578.0,587.0,0.27000000000000046,1
2025-10-22,ALM,7.88,7.55,7.61,4.336399474375821,188608.0,1.4362971712176895,0.9696969696969704,8.38,-9.188544152744637,9.30787589498808,0.8974358974358975,-28.74531835205992,6.303429271089596,3469167.7,615,1,7.52735,0,ssr_no_uptick,,,,,,,0
2025-10-22,AQMS,11.2532,10.5,10.51,7.166508087535677,35332.0,2.397099043898551,0.6040892193308554,11.79,-10.856658184902455,25.3596268023749,0.2240877621325127,-73.32487309644671,51.01426414959415,6552379.7,625,1,10.4685,1,,10.425,9.5771,eod,626.0,945.0,0.8281999999999989,1
2025-10-22,ARCT,10.24,9.69,9.9,5.5555555555555625,706568.0,3.1761635858942503,0.4727272727272717,23.16,-57.2538860103627,14.550949913644216,0.7002967359050442,-59.04013239553165,6.56575732617575,1006327.5,617,1,9.66093,0,gap_through,,,,,,,0
2025-10-22,BTQ,8.42,7.81,8.33,7.322929171668671,818636.0,2.882796537219727,0.2295081967213122,9.24,-9.84848484848485,14.610389610389626,0.1481481481481487,-47.9375,17.2654032148984,11428602.833333334,578,1,7.786569999999999,1,,7.82,8.42,stop,579.0,659.0,0.5999999999999996,0
2025-10-22,CIFR,17.71,16.98,17.09,4.2715038033938,1559718.0,1.609218707002525,0.5753424657534217,18.075,-5.449515905947439,12.005532503457824,0.2788018433179723,-22.318181818181817,8.411921488040539,61988565.9,577,0,16.92906,1,,17.05,17.71,stop,578.0,584.0,0.6600000000000001,0
2025-10-22,DFNS,7.19,6.8,7.0,5.571428571428579,156713.0,2.8545388213576866,0.4871794871794874,7.52,-6.914893617021272,22.34042553191489,0.0119047619047616,-55.09942270686338,12.96553054650997,2597545.85,578,0,6.779599999999999,1,,6.7701,7.19,stop,579.0,587.0,0.41990000000000016,1
2025-10-22,HIVE,5.34,5.13,5.15,4.07766990291262,1232558.0,1.3617469200902133,0.7757142857142881,5.5,-6.363636363636357,8.000000000000007,0.5227272727272733,-34.31122448979591,8.267663189174684,47716676.25,626,0,5.11461,1,,5.115,4.945,eod,627.0,945.0,0.2249999999999996,0
2025-10-22,IMSR,17.7,16.6601,17.43,5.966150315547902,467267.0,2.9523479001219424,0.2739686508318112,19.19,-9.171443460135494,24.700364773319446,0.0696202531645573,-44.66666666666666,9.052669891876162,3743833.5,576,1,16.6101197,0,gap_through,,,,,,,0
2025-10-22,IMSRW,6.82,6.3,6.69,7.772795216741411,18325.0,2.4015685866414502,0.4807692307692303,7.5,-10.799999999999994,50.84933333333333,0.0314655059391142,-58.18749999999999,12.830663485682177,504734.95,576,1,6.2811,0,gap_through,,,,,,,0
2025-10-22,LAES,5.96,5.69,5.695,4.741000877963118,2074311.0,2.2594197595678125,0.1114814814814817,6.1,-6.639344262295071,10.981967213114755,0.4926108374384236,-34.61538461538462,12.721680187641567,52804560.85,581,0,5.67293,1,,5.705,5.45,eod,582.0,945.0,0.2549999999999999,0
2025-10-22,MSTX,17.085,16.782,16.92,1.7907801418439764,221810.0,1.1041416727996567,0.620462046204615,17.92,-5.580357142857142,9.263392857142858,0.7078313253012052,-37.679558011049714,8.046296083718973,9260046.9,624,0,16.731654,1,,16.715,15.38,eod,625.0,945.0,0.370000000000001,1
2025-10-22,NERV,5.78,4.84,5.25,17.904761904761912,413697.0,7.046824686860595,0.1686170212765957,6.41,-18.09672386895476,101.09204368174728,0.0663580246913579,-57.86516853932585,32.1201311541037,9028512.8,577,1,4.82548,1,,4.9795,5.375,eod,578.0,945.0,0.8005000000000004,0
2025-10-22,QUBX,13.42,12.1801,13.0,9.53769230769231,263835.0,2.970274547555347,0.0,14.79,-12.102772143340088,24.475321162947925,0.480676261775187,-66.78589678078693,15.73786256702587,3104034.1,576,1,12.1435597,1,,12.13,11.76,eod,577.0,945.0,1.2899999999999991,1
2025-10-22,RR,5.36,5.13,5.31,4.331450094161967,2520460.0,2.188412505509953,0.3260869565217393,5.63,-5.683836589698052,12.609236234458246,0.5210593041273416,-28.532974427994617,7.574927502438039,59781194.8,577,0,5.11461,1,,5.15,5.035,eod,578.0,945.0,0.2099999999999999,0
2025-10-22,SOLT,17.3664,17.1,17.36,1.5345622119815514,250475.0,0.555685297678796,0.1114864864864811,18.99,-8.583464981569243,14.165350184307538,0.7249070631970254,-41.07384099441288,8.533976467145115,9145239.4,575,0,17.0487,1,,17.18,17.3664,stop,576.0,579.0,0.186399999999999,0
2025-10-22,USAR,26.45,25.1,25.29,5.338078291814939,878785.0,2.4929382106098514,0.1252592592592596,26.73,-5.387205387205392,12.570145903479236,0.1160714285714287,-42.496589358799454,10.737674164199316,23681551.5,575,0,25.024700000000003,1,,25.2,24.9,eod,576.0,945.0,1.25,0
2025-10-23,ARMP,6.0999,5.9,5.97,3.348408710217748,51101.0,2.150757398319603,0.7678839419709839,7.05,-15.319148936170215,182.55460992907803,0.2781718867763265,-63.4638922888617,22.93234850078849,662502.6,578,1,5.882300000000001,0,gap_through,,,,,,,0
2025-10-23,GSIT,12.125,11.58,12.125,4.494845360824741,421810.0,2.6705638786346,0.5504587155963316,12.89,-5.934833204034139,27.83553141970519,0.7742474916387962,-33.19559228650137,35.320440672692555,10520629.95,581,1,11.54526,0,gap_through,,,,,,,0
2025-10-23,QBTZ,16.2,13.6301,13.72,18.731049562682205,687392.0,7.206015359465531,0.523327755943811,22.45,-38.88641425389754,23.51893095768373,0.8068181818181818,-41.542394546229225,19.926747700594323,3136001.333333333,579,1,13.5892097,0,gap_through,,,,,,,0
2025-10-23,RGTZ,16.0,14.0,14.13,14.154281670205238,1905918.0,5.148812359190787,0.6698500000000003,18.69,-24.398073836276087,23.22097378277154,0.6589861751152074,-30.70132417851888,21.60231039110628,32722718.8,623,1,13.958,1,,13.98,16.0,stop,624.0,757.0,2.02,0
2025-10-23,TSLL,18.415,18.03,18.4,2.0923913043478155,13252114.0,1.083143758718191,0.130129870129872,20.1,-8.457711442786083,7.561691542288555,0.5855648397920921,-22.099915325994928,6.109566735515562,134210536.15,576,1,17.975910000000002,1,,18.0227,18.415,stop,577.0,580.0,0.3922999999999987,0
2025-10-24,QBTZ,14.23,13.3,14.0,6.642857142857141,177536.0,2.831238577766273,0.3763440860215051,16.15,-13.312693498452004,37.7517027863777,0.6194787514966621,-40.34938219002982,21.021829108170216,3723723.384615385,575,1,13.2601,0,gap_through,,,,,,,0
2025-10-24,RGTZ,13.73,12.7,13.54,7.60709010339735,759866.0,2.927610323885247,0.2969902912621367,14.9,-9.127516778523498,29.049664429530196,0.5336845023565293,-33.59489946051987,21.796299441295183,34422309.18181818,575,1,12.6619,0,gap_through,,,,,,,0
2025-10-24,SOC,13.04,12.61,12.73,3.377847604084837,232080.0,1.992310469466533,0.2093023255813951,14.02,-9.201141226818825,21.18402282453637,0.7474747474747474,-38.62102217936354,8.4951296735814,5804683.95,575,1,12.57217,1,,12.5687,13.04,stop,576.0,592.0,0.4712999999999994,1
2025-10-27,ALM,6.65,6.38,6.4,4.218750000000007,541020.0,1.721438338451302,0.7777777777777763,6.95,-7.913669064748198,13.66906474820144,0.1157894736842108,-40.0749063670412,7.088393288160972,3639383.75,619,0,6.36086,1,,6.37,6.65,stop,620.0,852.0,0.2800000000000002,0
2025-10-27,CRML,13.15,12.011,13.1,8.694656488549628,2124326.0,3.041005890836763,0.0,15.03,-12.84098469727212,14.970059880239509,0.3911111111111109,-59.25349922239501,20.671608887898348,36545328.3,575,1,11.974967,1,,12.1444,13.15,stop,576.0,833.0,1.0056000000000012,0
2025-10-27,NUAI,5.52,5.12,5.52,7.246376811594193,1625141.0,4.032474051347281,0.4250000000000004,5.86,-5.802047781569978,35.32423208191127,0.8357487922705314,-11.111111111111118,27.124399365413577,35409651.55,581,1,5.10464,0,gap_through,,,,,,,0
2025-10-27,QBTZ,13.95,12.98,13.3,7.293233082706759,208435.0,2.967774587394697,0.2268041237113393,14.41,-7.7029840388618975,20.572519083969475,0.8532636194973856,-43.33191308052833,20.44828135398395,4264695.428571428,576,1,12.94106,0,gap_through,,,,,,,0
2025-10-27,TMQ,5.46,5.06,5.4,7.407407407407414,1588186.0,2.4174510222466066,0.1502500000000005,5.99,-9.849749582637726,13.505843071786297,0.6798516687268237,-52.17006200177148,49.86527470521597,35148074.45,576,1,5.04482,1,,5.084,5.0275,eod,577.0,945.0,0.3760000000000003,0
2025-10-27,UUUU,20.26,18.62,20.1,8.159203980099505,3261712.0,2.6866598785301683,0.1640243902439013,21.37,-5.942910622367803,11.979410388394957,0.4218750000000003,-26.454445664105368,7.452261351629256,34421611.1,615,1,18.56414,1,,18.5,19.02,eod,616.0,945.0,1.7600000000000016,1
2025-10-28,METC,32.36,28.72,29.3,12.423208191126282,512868.0,5.481121895859857,0.0439560439560439,33.97,-13.747424197821603,9.9205181042096,0.72700296735905,-49.30795847750865,6.926772575371371,3753580.45,576,1,28.63384,1,,28.612,27.75,eod,577.0,945.0,3.748000000000001,1
2025-10-28,QFIN,23.64,22.305,23.64,5.647208121827415,403991.0,2.021515807895645,0.2209737827715367,24.86,-4.907481898632337,11.18262268704747,0.0197841726618703,-23.93822393822393,3.118804974126405,1558938.75,579,1,22.238085,0,gap_through,,,,,,,0
2025-10-29,CWH,16.39,14.43,15.7,12.484076433121023,35749.0,5.490530137696318,0.2066326530612249,16.82,-6.658739595719387,3.3293697978596835,0.8928571428571449,-8.45481049562682,2.516677726990441,1578957.2,579,1,14.38671,0,gap_through,,,,,,,0
2025-10-29,CZR,20.72,19.9,20.39,4.02157920549289,1108740.0,1.745577002620721,0.4715853658536598,22.09,-7.695789950203709,2.738795835219542,0.6942148760330584,-25.868023995637152,2.995824042876185,7406796.1,594,1,19.8403,1,,19.7799,18.8,eod,595.0,945.0,0.9400999999999975,1
2025-10-29,DZZ,7.9,7.26,7.88,8.121827411167521,16601.0,1.250149028916569,0.14046875,9.5,-17.05263157894737,49.47368421052632,0.3617021276595745,-36.96,30.294465589600133,471361.4,575,1,7.23822,0,gap_through,,,,,,,0
2025-10-29,MNRO,18.08,16.6813,16.77,8.340488968395935,79876.0,2.846707577195493,0.8820333166511766,18.08,-7.245575221238932,2.848451327433632,0.5436893203883443,-11.410459587955629,2.147120577532482,631635.75,580,0,16.6312561,0,gap_through,,,,,,,0
2025-10-30,BMNU,21.48,20.28,20.99,5.717008099094804,374783.0,1.9754007074614623,0.2336666666666669,22.51,-6.752554420257677,12.305641936916924,0.1588447653429607,-50.68139097744362,11.063333633832528,8655885.0,624,1,20.21916,1,,20.214,18.0301,eod,625.0,945.0,1.2660000000000018,1
2025-10-30,EOSE,14.05,13.25,13.29,6.019563581640337,2093803.0,2.334133300945497,0.5374999999999992,14.37,-7.515657620041755,10.85594989561587,0.3012820512820504,-30.217904961932277,8.501165076574267,26123564.9,580,0,13.21025,1,,13.18,14.05,stop,581.0,610.0,0.870000000000001,1
2025-10-30,FMC,22.0,19.38,21.88,11.974405850091411,1593964.0,3.683430360473828,0.1087786259541984,29.04,-24.65564738292011,6.301652892561978,0.1803278688524582,-32.34384662956092,2.013575094050076,2423673.2,575,1,19.32186,1,,19.3194,15.6701,eod,576.0,945.0,2.6805999999999983,1
2025-10-30,HIVE,5.41,5.24,5.25,3.2380952380952364,993681.0,1.4837778434018618,0.5294117647058817,5.55,-5.405405405405403,8.646846846846842,0.3959158157949564,-33.035714285714285,8.90695590950296,39205698.55,582,0,5.22428,1,,5.27,5.41,stop,583.0,618.0,0.1400000000000005,0
2025-10-30,IRE,19.67,18.67,18.68,5.353319057815846,241273.0,2.711733364124167,0.5899999999999999,20.0,-6.600000000000001,16.974999999999998,0.4683357879234168,-24.707779121322044,14.140263085801807,3562613.0,576,0,18.61399,0,gap_through,,,,,,,0
2025-10-30,NBIL,22.51,21.3613,22.11,5.1953867028493965,24939.0,1.2781331952608024,0.094628710716461,23.56,-6.154499151103562,13.327674023769104,0.9044585987261144,-42.69051321928461,11.216684697813635,476848.6470588236,576,1,21.2972161,0,gap_through,,,,,,,0
2025-10-30,PACK,5.89,5.3,5.3,11.13207547169811,170056.0,4.678903920298901,0.1440677966101694,5.58,-5.01792114695341,5.915770609318994,0.5149954559224478,-11.519198664440742,4.36211031879942,457712.6,583,0,5.2841,1,,5.335,4.675,eod,584.0,945.0,0.5549999999999997,0
2025-10-30,QUBX,12.48,11.86,12.09,5.128205128205137,44821.0,1.4428967275463782,0.1935483870967755,12.83,-5.767731878409978,11.457521434138744,0.8843537414965987,-69.11088400613184,16.416882936905676,3590721.4,575,0,11.82442,0,gap_through,,,,,,,0
2025-10-30,SOLT,17.35,17.1401,17.35,1.209798270893378,293528.0,0.5483571291169642,0.4044783230109607,18.33,-5.346426623022351,12.656846699399892,0.2672413793103437,-41.10778463439305,7.648062678961279,9513053.05,576,0,17.0886797,1,,17.065,17.35,stop,577.0,655.0,0.28500000000000014,1
2025-10-30,THRY,10.9,9.7727,10.87,10.370745170193192,70348.0,2.855908629424876,0.2637274904639403,11.7,-7.094017094017096,5.240170940170934,0.3832979938019893,-13.52426412092284,2.767358964468668,408804.0,580,1,9.7433819,1,,9.825,7.855,eod,581.0,945.0,1.075000000000001,0
2025-10-30,XRPT,10.88,10.78,10.87,0.9199632014719542,54619.0,0.4997900898257202,0.5999999999999964,11.75,-7.489361702127666,8.676595744680842,0.3433055419323197,-40.02758620689655,7.899391228166687,1781121.8,576,0,10.74766,0,gap_through,,,,,,,0
2025-10-30,XXRP,22.555,22.317,22.48,1.0587188612099625,48111.0,0.4922808836067574,0.222689075630256,24.36,-7.7175697865353,8.98193760262727,0.3921389396709321,-40.42160723845669,7.858089470246191,1603778.75,575,0,22.250049,1,,22.19,20.63,eod,576.0,945.0,0.36499999999999844,1
2025-10-31,ALKT,21.49,20.24,20.37,6.136475208640157,123208.0,3.220639235394846,0.6320000000000021,21.99,-7.366984993178706,4.592996816734887,0.0,-17.912552891396334,2.1246798646277174,863871.5,578,0,20.17928,1,,20.15,20.62,eod,579.0,945.0,1.3399999999999999,1
2025-10-31,AQMS,9.0,8.57,8.83,4.869762174405433,110938.0,1.6046569614833854,0.0932558139534859,9.8,-9.897959183673477,46.73469387755102,0.6331877729257642,-77.58883248730965,51.1097702116347,4663715.15,577,1,8.54429,1,,8.57,8.355,lock,578.0,677.0,0.4299999999999997,0
2025-10-31,GSIT,10.5288,9.8,9.98,7.302605210420839,416819.0,3.0905023616706258,0.3291712403951685,11.06,-9.76491862567812,20.162748643761304,0.2959641255605381,-45.01377410468319,36.56601192176738,13561713.6,584,1,9.7706,0,gap_through,,,,,,,0
2025-10-31,MSTZ,7.065,6.65,6.65,6.240601503759399,2424715.0,2.467388702095854,0.2657831325301195,7.6,-12.499999999999991,10.90526315789473,1.0,-12.499999999999991,7.515384036987946,19834025.1,606,1,6.630050000000001,0,ssr_no_uptick,,,,,,,0
2025-10-31,SVV,11.485,10.87,11.43,5.380577427821525,182503.0,1.6798563299226688,0.0081300813008142,13.23,-13.605442176870753,2.6455026455026425,0.714285714285715,-17.651296829971187,2.450214094847225,1063689.4,575,1,10.83739,1,,10.865,9.2125,eod,576.0,945.0,0.6199999999999992,0
2025-11-03,BMNU,17.85,17.08,17.82,4.320987654321005,458038.0,1.6564317626845466,0.1457142857142869,19.4,-8.144329896907209,9.072164948453617,0.6818181818181808,-58.1296992481203,10.754737559601596,9143464.45,575,1,17.02876,1,,17.0699,16.61,eod,576.0,945.0,0.7801000000000009,0
2025-11-03,BSOL,23.01,22.92,23.0,0.3913043478260863,114008.0,0.2243457342041597,0.0,24.61,-6.542056074766353,3.210077204388457,0.6455696202531628,0.0,0.0,0.0,618,0,22.85124,1,,22.8613,22.78695,lock,619.0,626.0,0.1487000000000016,0
2025-11-03,FRMM,19.24,18.32,18.53,4.964921748515909,70755.0,1.7951020751087126,0.2391304347826079,19.64,-5.651731160896127,7.688391038696546,0.0331125827814573,-24.18166939443535,205.62704169663104,6837485.0,620,0,18.26504,1,,18.17,17.41,eod,621.0,900.0,1.0699999999999967,1
2025-11-03,LXEO,9.4,9.07,9.35,3.529411764705883,109144.0,1.5406845975278494,0.8484848484848464,10.01,-6.593406593406595,7.892107892107885,0.8987341772151897,-9.922928709055888,7.313583893769694,1617755.55,586,0,9.04279,1,,9.04,9.07,eod,587.0,945.0,0.3600000000000012,1
2025-11-03,NCEL,5.865,5.46,5.73,7.068062827225134,15953.0,1.738013950867996,0.3407407407407403,7.29,-21.399176954732503,47.18792866941015,0.8982558139534884,-24.999999999999996,192.48990010594397,3495225.95,576,1,5.44362,0,ssr_no_uptick,,,,,,,0
2025-11-03,QSU,22.38,20.09,22.38,10.232350312779264,30241.0,2.0774623049552265,0.0060262008733623,24.1,-7.136929460580922,25.97510373443984,0.9424920127795527,-8.503679476696654,18.702488726943724,362628.6666666667,575,1,20.02973,0,gap_through,,,,,,,0
2025-11-03,SMU,25.53,24.0,25.0,6.1200000000000045,175309.0,2.159751141888464,0.183006535947713,26.48,-5.589123867069488,14.331570996978856,0.7799736495388668,-46.69498229207312,15.791840282986575,5195631.5,577,0,23.928,1,,23.88,22.16,eod,578.0,945.0,1.6500000000000021,1
2025-11-03,SOC,9.98,8.21,9.89,17.896865520728003,932524.0,5.180414343542861,0.0932203389830503,10.46,-5.449330783938817,26.5774378585086,0.0287769784172662,-52.314368370298936,8.466085363336523,5752680.6,623,1,8.18537,1,,8.15,7.355,eod,624.0,945.0,1.83,1
2025-11-03,SOLT,14.94,14.8,14.916,0.9385894341646472,426324.0,0.3800346930420399,0.142142857142857,17.26,-13.580533024333723,5.967555040556205,0.6699029126213597,-49.33423913043478,8.6115190081999,9576392.5,616,1,14.7556,1,,14.755,12.9345,eod,617.0,945.0,0.18499999999999872,1
2025-11-03,SOLZ,18.2995,18.215,18.28,0.4622538293216546,105096.0,0.1780533918758737,0.1183431952662928,19.62,-6.829765545361875,3.261977573904164,0.6718750000000027,-27.316103379721664,4.373881130943777,1767774.7,620,0,18.160355,1,,18.14,17.17,eod,621.0,945.0,0.15949999999999775,1
2025-11-03,SSK,26.95,26.78,26.82,0.6338553318419021,22185.0,0.2461849625595561,0.0,28.82,-6.939625260235947,3.053435114503813,0.7159090909090906,-26.596967540642613,4.302453238908934,719880.85,620,0,26.69966,1,,26.67,25.335,eod,622.0,945.0,0.2799999999999976,1
2025-11-03,SSTK,23.82,21.3837,23.68,10.28842905405405,52276.0,2.2014462929867458,0.1052005089685176,25.03,-5.3935277666799895,20.13583699560527,0.1130952380952381,-19.728813559322035,4.325511084207752,415657.55,576,1,21.3195489,1,,21.5,22.6,eod,577.0,944.0,2.3200000000000003,0
2025-11-03,UAMY,7.61,7.35,7.44,3.4946236559139874,941677.0,2.2795420469620584,0.4807692307692295,8.07,-7.806691449814125,7.3890954151177235,0.6037229582424957,-62.25266362252663,13.82074328617851,25384176.6,632,0,7.327949999999999,1,,7.32,6.9501,eod,633.0,945.0,0.29000000000000004,1
2025-11-03,XRPT,10.11,10.05,10.11,0.5934718100890082,46479.0,0.2980743892688637,0.0,11.21,-9.812667261373784,5.307760927743091,0.8319327731092445,-41.79586526117019,9.177616401773292,1785985.25,609,1,10.01985,1,,10.0086,8.955,eod,610.0,945.0,0.10139999999999993,1
2025-11-03,XXRP,20.93,20.78,20.89,0.7180469123982698,36208.0,0.3004620729193176,0.1333333333333317,23.15,-9.762419006479474,5.356371490280786,0.8629032258064504,-42.13296398891967,9.134195831958763,1606056.8,607,1,20.71766,0,gap_through,,,,,,,0
2025-11-04,ADTN,9.14,8.51,9.12,6.907894736842114,339581.0,3.507466937614327,0.2380952380952383,10.43,-12.559923298178338,3.019175455417064,0.5557319784058402,-15.162790697674424,2.730392879656663,1577595.9,576,1,8.48447,1,,8.51,7.965,eod,577.0,945.0,0.6300000000000008,0
2025-11-04,AESI,11.37,10.5,10.85,8.018433179723496,631276.0,3.4828866138894536,0.2816091954022982,12.65,-14.22924901185771,3.9130434782608776,0.9494949494949488,-14.39842209072979,4.746712918690674,2897383.15,575,1,10.4685,0,ssr_no_uptick,,,,,,,0
2025-11-04,BKKT,25.7,24.16,25.37,6.0701616081986565,76159.0,1.9907250840920885,0.0584415584415583,26.88,-5.617559523809517,12.42559523809524,0.5149700598802393,-46.22197162080237,9.761650403236551,2088251.8,575,1,24.08752,0,gap_through,,,,,,,0
2025-11-04,BTDR,22.39,21.2,21.69,5.486399262332878,412475.0,1.753726886723587,0.0084033613445391,22.85,-5.0765864332603945,8.84026258205689,0.2821782178217824,-21.978417266187048,9.096180011799898,8763052.35,575,0,21.1364,1,,21.0,22.39,stop,576.0,593.0,1.3900000000000006,1
2025-11-04,BTQ,6.79,6.63,6.65,2.406015037593987,239326.0,1.2386099858824913,0.6868749999999973,7.02,-5.27065527065526,15.688034188034193,0.1543630255153,-58.4375,8.688531591479107,10785135.7,577,0,6.61011,1,,6.615,6.79,stop,578.0,585.0,0.1749999999999998,0
2025-11-04,BULG,6.015,5.75,5.78,4.584775086505185,80311.0,1.395059306124427,0.1509433962264154,6.27,-7.814992025518332,11.000000000000004,0.1300565463244884,-49.29824561403508,6.493719212133739,774152.7,575,0,5.73275,1,,5.725,6.02,stop,576.0,593.0,0.29000000000000004,1
2025-11-04,CIFR,22.1,20.44,21.0,7.904761904761906,2752312.0,3.0199208375996647,0.0169277108433725,22.76,-7.732864674868196,17.970123022847098,0.4254278728606362,-16.367980884109915,9.675065845012664,53853286.25,575,1,20.378680000000003,0,gap_through,,,,,,,0
2025-11-04,CLSK,16.955,16.281,16.49,4.087325651910246,1475004.0,1.7642479943203175,0.0727002967359043,17.42,-5.3386911595867,14.408725602755462,0.2509960159362558,-30.15671325709446,6.548951453315417,36517816.95,575,0,16.232156999999997,0,gap_through,,,,,,,0
2025-11-04,CRCA,9.88,9.5401,9.78,3.475460122699388,190035.0,1.0420730147619166,0.0255957634598389,10.57,-7.47398297067172,14.333017975402088,0.0231023102310231,-52.16481130045194,9.313790530610218,5356574.55,575,1,9.5114797,1,,9.4553,9.88,stop,576.0,583.0,0.4247000000000014,1
2025-11-04,CRCG,6.275,6.08,6.23,3.1300160513643704,172438.0,1.053895188114832,0.0512820512820501,6.73,-7.429420505200595,14.130757800891525,0.0115667718191378,-52.003081664098616,9.232862979827408,2972669.8,575,1,6.0617600000000005,0,gap_through,,,,,,,0
2025-11-04,CRWG,10.06,9.66,9.82,4.073319755600818,114410.0,1.852614276240926,0.1250000000000016,10.92,-10.07326007326007,13.690476190476184,0.0568561872909693,-40.825549864416985,8.76757548178386,3574457.65,575,1,9.63102,1,,9.585,10.06,stop,576.0,587.0,0.47499999999999964,1
2025-11-04,CWVX,15.314,14.69,14.87,4.19636852723605,145009.0,1.8640551255955424,0.0961538461538468,16.62,-10.52948255114321,13.297232250300825,0.0497737556561084,-40.99206349206349,8.738839804634495,6998117.95,575,1,14.64593,0,gap_through,,,,,,,0
2025-11-04,DFDV,9.28,8.967,9.03,3.4662236987818256,161551.0,1.85734331956756,0.0095846645367416,9.56,-5.543933054393317,15.115062761506278,0.0968858131487893,-50.60175054704595,6.978376420220592,1737155.95,576,0,8.940099,1,,9.0,9.28,stop,577.0,583.0,0.2799999999999993,0
2025-11-04,DGNX,22.07,20.0,21.27,9.732016925246828,100171.0,4.082812641851703,0.0,23.63,-9.987304274227675,14.811680067710538,0.7514285714285711,-46.63086978885697,12.547195744807466,1165598.95,576,1,19.94,1,,19.905,18.14,eod,577.0,945.0,2.164999999999999,1
2025-11-04,DPRO,9.2,8.9,9.005,3.331482509716812,152037.0,1.315184596259176,0.2069999999999979,9.69,-7.069143446852412,15.782249742002058,0.2807166677564897,-37.46527777777777,10.172696360292374,4888666.05,575,0,8.8733,1,,8.8145,9.2,stop,576.0,580.0,0.3854999999999986,1
2025-11-04,ENVB,6.645,6.0,6.5,9.923076923076916,15310.0,3.127058139051654,0.0,7.08,-8.192090395480227,41.38418079096044,0.4778156996587032,-24.506387921022064,236.57785090217075,626910.3,575,1,5.982,0,gap_through,,,,,,,0
2025-11-04,EOSE,14.86,14.33,14.74,3.595658073270009,1128174.0,1.4979740453477062,0.1150943396226415,15.62,-5.633802816901403,6.914212548015378,0.0925925925925921,-22.60435809923865,8.644336034921464,25028373.8,575,0,14.28701,1,,14.378,14.86,stop,576.0,585.0,0.4819999999999993,0
2025-11-04,FRMI,26.66,25.14,26.35,5.768500948766602,220636.0,2.3942201642599854,0.0361842105263156,27.95,-5.724508050089438,7.620751341681571,0.3615023474178403,-18.64773078110528,9.237511310151415,5185463.4,576,1,25.06458,1,,24.975,26.66,stop,577.0,585.0,1.6849999999999987,1
2025-11-04,FWDI,11.355,10.93,10.97,3.87420237010028,126293.0,1.5085743519591428,0.5882352941176461,13.98,-21.530758226037197,9.298998569384828,0.3307692307692308,-58.83924417295772,7.282716178329104,557237.8,607,1,10.89721,1,,10.92,11.355,stop,608.0,651.0,0.4350000000000005,0
2025-11-04,GSIT,9.39,8.9,9.1,5.384615384615387,246001.0,2.6640897693984216,0.1557142857142852,9.7,-6.185567010309275,14.948453608247434,0.9793103448275854,-49.862258953168045,36.86978085011236,13967452.35,575,0,8.8733,0,gap_through,,,,,,,0
2025-11-04,IRE,23.28,21.9675,22.27,5.893578805568029,180203.0,2.525513425527121,0.1009523809523811,24.54,-9.250203748981251,30.236348818255905,0.2681940700808624,-25.69235902569236,13.57881425530127,3866331.0,575,1,21.9015975,0,gap_through,,,,,,,0
2025-11-04,KURA,9.42,8.995,9.24,4.599567099567107,246931.0,2.4001394338688127,0.2352941176470617,9.77,-5.424769703172972,14.534288638689866,0.5845070422535212,-16.417910447761187,4.912690122770325,2055761.0,583,0,8.968015,0,gap_through,,,,,,,0
2025-11-04,LAES,6.165,5.87,6.09,4.844006568144498,2406946.0,2.0381947273029386,0.0,6.45,-5.581395348837214,14.108527131782948,0.1098901098901104,-30.08036739380024,13.87628503647464,59554296.05,575,0,5.85239,1,,5.8707,6.165,stop,576.0,584.0,0.2942999999999998,0
2025-11-04,MSTX,12.47,11.985,12.36,3.923948220064735,554023.0,1.4931223441283763,0.0927835051546388,13.32,-7.207207207207214,8.087087087087083,0.4455997029335319,-52.93221629855294,7.351450292747449,9095884.45,575,0,11.949045,1,,11.99,12.47,stop,576.0,592.0,0.4800000000000004,0
2025-11-04,MYGN,7.575,6.76,7.42,10.983827493261462,150608.0,3.929507425150997,0.7852760736196323,8.18,-9.290953545232272,7.402200488997568,0.6696944673823274,-13.620488940628636,2.1619822341820494,937728.35,576,1,6.73972,0,gap_through,,,,,,,0
2025-11-04,NBIL,19.4386,17.65,18.65,9.590348525469182,71193.0,3.709654378096526,0.0,21.59,-13.617415470125064,27.14219546086152,0.0443686006825941,-51.65889061689995,11.195805723635962,512204.9,575,1,17.59705,1,,17.75,19.4386,stop,576.0,584.0,1.688600000000001,0
2025-11-04,NCLH,20.84,20.11,20.4,3.578431372549022,2511170.0,1.7499928967518434,0.3698630136986293,22.18,-8.025247971145182,2.4120829576194778,0.4766355140186896,-15.789473684210536,2.0426633139060075,14750669.4,586,0,20.04967,1,,20.0,18.745,eod,587.0,945.0,0.8399999999999999,1
2025-11-04,NVA,6.38,6.25,6.34,2.050473186119872,97544.0,0.9799270958546356,0.1538461538461507,6.88,-7.848837209302325,26.235465116279062,0.0720221606648199,-92.2113022113022,34.632207854484975,1500908.05,575,1,6.23125,1,,6.2195,6.38,stop,576.0,580.0,0.16049999999999986,1
2025-11-04,POET,6.34,6.1799,6.25,2.5615999999999985,628101.0,1.3966639111676895,0.0,6.6,-5.303030303030297,11.818181818181822,0.1025641025641026,-33.58129649309245,8.132205543882115,20481140.95,575,0,6.1613603,0,gap_through,,,,,,,0
2025-11-04,QSU,16.67,15.83,16.57,5.069402534701277,51657.0,1.2338097411048377,0.13095238095238,18.225,-9.080932784636495,27.270233196159115,0.1639839034205234,-32.25674570727719,19.91109483043373,380183.7,575,1,15.78251,0,gap_through,,,,,,,0
2025-11-04,QUBX,11.7061,10.57,11.38,9.983304042179252,99897.0,3.729971292060431,0.0,12.28,-7.328990228013018,19.625407166123765,0.0622406639004143,-65.62307422757645,13.094717598809686,3057951.05,575,1,10.53829,0,gap_through,,,,,,,0
2025-11-04,SLDP,6.18,5.87,6.04,5.132450331125821,1154768.0,1.9891610669637796,0.1612903225806448,6.42,-5.919003115264796,12.149532710280376,0.2179487179487177,-24.968944099378888,7.296187826072807,15575832.3,576,0,5.85239,1,,5.89,5.665,eod,577.0,945.0,0.29,0
2025-11-04,SMCL,14.085,13.49,13.88,4.286743515850149,126497.0,1.4962811691576643,0.0,15.16,-8.443271767810021,9.762532981530333,0.0675675675675673,-35.59164733178654,8.711750506572486,1521951.7,575,1,13.44953,0,gap_through,,,,,,,0
2025-11-04,SMU,20.4999,19.24,20.025,6.291635455680408,181803.0,2.1070793330306703,0.0793713786808487,21.84,-8.310439560439567,19.413919413919423,0.1297169811320755,-57.302680815950566,16.05288893824195,5164469.4,575,1,19.18228,1,,19.19,20.4999,stop,576.0,585.0,1.309899999999999,0
2025-11-04,SOC,6.6945,6.1,6.59,9.02124430955994,558606.0,4.216375242195598,0.1850294365012621,7.27,-9.353507565336995,43.878954607978,0.1504702194357365,-68.22565091610414,10.350445472479128,6424728.2,575,1,6.0817,1,,6.09,6.6945,stop,576.0,595.0,0.6044999999999998,0
2025-11-04,SOLT,12.29,12.07,12.13,1.81368507831821,526786.0,0.91834253976114,0.5200000000000019,12.77,-5.011746280344549,19.96867658574785,0.0705882352941175,-56.56999641962047,9.913696937468575,10297040.95,578,0,12.03379,1,,12.0285,12.29,stop,579.0,581.0,0.26149999999999984,1
2025-11-04,SOUN,16.5623,15.93,16.23,3.8958718422674106,2562065.0,1.6279590933910342,0.0396963466708842,17.11,-5.143191116306248,8.357685563997661,0.482517482517481,-26.792963464140733,4.9464012921860245,44415799.4,575,0,15.88221,1,,15.895,15.135,eod,576.0,945.0,0.6673000000000009,0
2025-11-04,TSLG,10.665,10.36,10.61,2.874646559849196,243143.0,1.0671203773213744,0.113114754098365,11.31,-6.189213085764819,8.311229000884184,0.7340425531914897,-8.217993079584785,5.627673500089931,7207869.65,575,0,10.32892,1,,10.33,10.665,stop,576.0,591.0,0.3349999999999991,0
2025-11-04,TSLL,21.38,20.755,21.28,2.93703007518797,8263446.0,1.1927562487076593,0.1199999999999988,22.64,-6.007067137809185,8.361307420494702,0.7147385103011099,-8.196721311475404,5.623986995381007,127666943.15,575,0,20.692735,1,,20.7214,21.38,stop,576.0,591.0,0.6585999999999999,0
2025-11-04,TSLT,28.97,28.13,28.76,2.9207232267037546,519146.0,1.1400054390895993,0.107142857142857,30.69,-6.288693385467578,8.2437275985663,0.7193675889328072,-8.407643312101902,5.619477263584092,5495607.5,575,0,28.04561,1,,28.08,28.97,stop,576.0,591.0,0.8900000000000006,0
2025-11-04,VERI,6.35,6.1701,6.3,2.8555555555555547,309532.0,1.5681079752509346,0.0867148415786551,6.72,-6.249999999999999,8.928571428571423,1.0,-33.12101910828026,14.808869202355302,10242462.05,575,0,6.1515897,1,,6.135,6.35,stop,576.0,586.0,0.21499999999999986,1
2025-11-04,VSTM,9.2792,8.02,9.08,13.867841409691628,240544.0,4.999618754623362,0.0595616264294798,9.9,-8.282828282828286,8.080808080808087,0.7625000000000008,-10.009910802775025,5.087420379446848,2490754.2,580,1,7.995939999999999,0,gap_through,,,,,,,0
2025-11-04,WULF,15.52,14.96,15.17,3.691496374423195,1635656.0,1.7296491063869344,0.0178571428571425,16.1,-5.776397515527959,10.496273291925464,0.8343097224687865,-11.026392961876835,6.420497461624937,46759162.05,575,0,14.91512,1,,14.9,15.52,stop,576.0,581.0,0.6199999999999992,1
2025-11-05,MBC,12.17,11.535,11.79,5.385920271416453,120849.0,2.0590006730739288,0.2204724409448828,12.63,-6.650831353919252,4.790182106096599,0.7685950413223163,-12.601927353595263,1.5319094738612375,1290419.6,582,0,11.500395,1,,11.52,10.655,eod,583.0,945.0,0.6500000000000004,0
2025-11-05,PSNL,8.6699,7.95,7.99,9.010012515644556,116281.0,4.66579078470669,0.3611612723989452,8.73,-8.476517754868272,7.961053837342499,0.3309352517985616,-27.031963470319624,6.8320373309388325,1326240.6,577,0,7.92615,1,,8.05,7.74,eod,578.0,945.0,0.6198999999999995,0
2025-11-05,QBTZ,15.13,14.42,14.43,4.920304920304926,96124.0,1.825686477239032,1.0,15.22,-5.190538764783186,15.505913272010508,0.88135593220339,-38.51725607158074,19.255490805059544,4924418.5,626,0,14.37674,1,,14.5448,13.73,eod,627.0,945.0,0.5852000000000004,0
2025-11-05,RPD,15.71,14.56,15.71,7.320178230426482,197105.0,3.14103748693428,0.0173913043478257,17.8,-11.741573033707864,4.157303370786508,0.0945945945945951,-22.11204759543877,2.4589726561155,860823.7,575,1,14.51632,0,gap_through,,,,,,,0
2025-11-05,SMCL,12.56,11.73,11.8,7.033898305084746,243061.0,3.055621528475305,0.265060240963854,13.26,-11.010558069381592,8.597285067873294,0.0350877192982449,-45.24361948955916,8.461734406982734,1508159.25,576,1,11.69481,0,gap_through,,,,,,,0
2025-11-06,ACHC,19.13,18.54,18.97,3.110173958882445,260060.0,1.773817063649995,0.4152542372881374,20.68,-8.268858800773698,5.222437137330746,0.3703703703703696,-27.84328642069228,1.720222949233516,1971290.65,575,0,18.48438,1,,18.625,19.13,stop,576.0,589.0,0.504999999999999,0
2025-11-06,ACVA,6.5,5.68,5.88,13.945578231292522,102672.0,4.0178989986717,0.0830487804878051,8.15,-27.852760736196323,12.255214723926391,0.0750901081297567,-39.06735751295337,3.829089543018044,2756819.8,575,1,5.66296,1,,5.755,5.135,eod,576.0,945.0,0.7450000000000001,0
2025-11-06,ASPN,5.45,4.91,5.065,10.661401776900297,716151.0,3.215427772679444,0.9166666666666669,7.41,-31.646423751686903,4.1835357624831255,0.8387096774193552,-45.81728712023963,4.967508108032182,1952788.3,579,1,4.89527,1,,4.9069,4.155,eod,580.0,945.0,0.5430999999999999,0
2025-11-06,BLZE,8.55,7.06,8.52,17.488262910798134,148409.0,6.992669425872075,0.0,9.34,-8.779443254817991,6.423982869379011,0.1499999999999998,-21.53178791479016,3.681364267117317,455374.8,583,1,7.038819999999999,0,gap_through,,,,,,,0
2025-11-06,CXW,17.77,17.04,17.08,4.274004683840752,68769.0,1.3512408969015757,0.9863013698630164,18.64,-8.369098712446364,4.130901287553665,0.5194805194805201,-11.594202898550735,1.3233047374785187,814506.5,582,0,16.988879999999998,1,,16.96,16.92,eod,583.0,945.0,0.8099999999999987,1
2025-11-06,ENVX,10.3476,9.6,9.98,7.490981963927858,1770060.0,3.6856669598110487,0.1738897806313546,11.32,-11.837455830388691,3.975265017667854,0.2666666666666683,-29.76776917663617,6.059814130981429,7363932.6,576,1,9.5712,1,,9.5537,9.075,eod,577.0,945.0,0.7939000000000007,1
2025-11-06,JBI,8.6,8.2,8.55,4.678362573099419,85784.0,1.9018048939784895,0.1000000000000022,9.29,-7.965554359526357,3.050592034445644,0.3295695130557478,-17.15116279069767,1.698676861288836,704502.2,585,1,8.1754,1,,8.12,7.195,eod,586.0,945.0,0.4800000000000004,1
2025-11-06,MGNI,14.995,13.6801,14.995,8.768922974324774,504933.0,3.565255456289316,0.1748421933226866,17.1,-12.309941520467849,9.0643274853801,0.4387096774193554,-26.35068762278979,3.601713908621882,2671343.0,575,1,13.6390597,1,,13.65,14.995,stop,576.0,819.0,1.3449999999999989,0
2025-11-06,PRCH,12.0,10.74,11.67,10.796915167095117,1015547.0,4.490266823412966,0.2420634920634918,15.96,-26.879699248120303,8.02005012531328,0.9218750000000016,-30.349149507609663,3.80316547373643,1679014.5,592,1,10.70778,1,,10.66,10.555,eod,593.0,945.0,1.3399999999999999,1
2025-11-06,PRTH,6.51,6.06,6.51,6.912442396313367,81156.0,2.91097702516659,0.077777777777778,6.94,-6.195965417867443,4.178674351585014,0.9310344827586222,-17.699115044247794,3.2135206033353763,467367.0,575,1,6.04182,0,gap_through,,,,,,,0
2025-11-06,RDW,6.72,6.0501,6.49,10.322033898305088,1194429.0,3.425585855897448,0.4103597551873422,7.3,-11.0958904109589,7.465753424657534,0.7339449541284395,-35.55114200595829,4.589106559513785,7198331.85,589,1,6.031949699999999,1,,6.0265,6.035,eod,590.0,945.0,0.6934999999999993,1
2025-11-06,RELY,13.46,12.38,13.355,8.086858854361664,1520856.0,3.6515151398657473,0.0370370370370362,16.44,-18.76520681265207,3.771289537712901,0.5000000000000029,-23.903133903133902,2.0927180477990563,3178376.65,575,1,12.34286,1,,12.33,12.45,eod,576.0,945.0,1.1300000000000008,1
2025-11-06,RXO,16.055,15.76,15.89,1.8565135305223408,112349.0,0.9795559899658742,0.1694915254237312,17.62,-9.818388195232693,4.767309875141883,0.8690476190476197,-14.981273408239703,2.9627523122347488,1698110.15,576,1,15.71272,1,,15.675,15.485000000000001,lock,577.0,622.0,0.379999999999999,1
2025-11-06,SLDP,8.2699,7.91,8.08,4.454207920792075,1618234.0,2.480735033115738,0.959988885801611,8.51,-5.0528789659224405,33.37250293772033,0.8767605633802819,-8.803611738148978,13.925365969133328,18026939.35,581,0,7.886270000000001,1,,7.8914,6.745,eod,582.0,945.0,0.3784999999999998,0
2025-11-06,TAC,13.93,13.6,13.77,2.396514161220044,96993.0,1.3651785497797335,0.9090909090909112,16.87,-18.375815056312987,2.31179608772968,0.5128205128205149,-22.96675878581738,2.912428902204921,2392218.75,575,1,13.5592,1,,13.78,13.95,stop,576.0,577.0,0.1500000000000003,0
2025-11-06,XERS,8.9485,8.301,8.47,7.644628099173542,568204.0,3.7426375305144775,0.2764478764478772,9.87,-14.184397163120554,3.5450861195542034,0.3998285224349788,-15.972222222222216,3.4716299532557757,2282402.5,577,1,8.276097,1,,8.332,7.745,eod,578.0,945.0,0.6164999999999985,0
2025-11-06,XRPT,8.76,8.67,8.76,1.027397260273971,60679.0,0.5467501139944535,0.4422222222222186,9.33,-6.109324758842447,10.825294748124328,0.8514851485148511,-41.049798115746974,10.982825591149943,2040251.25,575,0,8.64399,1,,8.6503,7.98,eod,576.0,945.0,0.1097000000000001,0
2025-11-06,XXRP,18.22,17.955,18.07,1.466519092418376,36780.0,0.5287474703647788,0.358113207547179,19.39,-6.807632800412584,10.6240330067045,0.8980582524271842,-41.50210424085465,10.965116617720817,1742806.2,575,0,17.901135,1,,17.925,16.5101,eod,576.0,945.0,0.2949999999999981,0
2025-11-06,ZLAB,23.8,22.46,23.16,5.785837651122624,80843.0,2.6843283735954246,0.4103731343283563,24.8,-6.612903225806453,4.354838709677413,0.2314814814814818,-31.17384843982169,3.0719426151469125,842485.65,577,0,22.39262,1,,22.5599,23.8,stop,578.0,611.0,1.2401000000000018,0
2025-11-06,ZVRA,9.74,9.06,9.5,7.157894736842102,188102.0,3.194936308788465,0.4632352941176465,10.07,-5.660377358490569,9.235352532274078,0.4731182795698921,-21.03075644222776,4.246160380907452,1680525.4,612,1,9.03282,1,,9.02,9.139,eod,613.0,945.0,0.7200000000000006,1
2025-11-07,ACHR,7.96,7.76,7.83,2.554278416347384,9182317.0,1.576524416304432,0.6939999999999984,8.88,-11.824324324324332,7.3186936936936995,0.0460070780120039,-46.44322845417236,4.595863903969415,60927368.3,579,1,7.73672,1,,7.825,7.96,stop,580.0,583.0,0.1349999999999998,0
2025-11-07,AIRS,7.73,7.21,7.3,7.123287671232884,402804.0,4.078275969720134,0.0,10.49,-30.40991420400382,14.612011439466158,0.90866388308977,-39.16666666666666,7.0512836843426685,1099680.35,576,1,7.18837,0,gap_through,,,,,,,0
2025-11-07,AMDL,19.7499,18.85,19.12,4.70658995815899,931942.0,1.8756615436257524,0.1334592732525807,20.26,-5.626850937808491,16.14017769002961,0.1070336391437313,-26.063418406805877,7.554266096970864,21224872.1,575,0,18.79345,1,,18.84,19.0766,eod,576.0,945.0,0.9099000000000004,0
2025-11-07,ARCX,8.74,8.2964,8.52,5.206572769953052,94467.0,2.700839612591143,0.5942290351668176,11.07,-23.03523035230353,18.15718157181572,0.044776119402985,-72.736,9.093298163949507,474365.7,578,1,8.2715108,1,,8.298,8.1084,lock,579.0,828.0,0.4420000000000001,0
2025-11-07,ARMG,12.4653,12.15,12.36,2.550970873786398,21014.0,0.9672572427517486,0.0,13.02,-5.069124423963134,15.59139784946236,0.251231527093596,-29.6127562642369,7.146909455203487,543231.35,575,0,12.11355,0,gap_through,,,,,,,0
2025-11-07,ASLE,6.12,5.6,5.67,9.171075837742512,62729.0,2.4736702514664306,0.8846153846153838,6.99,-18.884120171673825,5.7153075822603805,0.1376720901126421,-29.44689852547751,2.1088476308840627,298159.0,585,1,5.5832,1,,5.6099,6.12,stop,586.0,842.0,0.5101000000000004,0
2025-11-07,BULG,5.2046,5.06,5.08,2.846456692913396,49142.0,1.3633193625733908,0.7952973720608563,5.37,-5.400372439478585,12.662942271880832,0.0882352941176477,-49.14914914914915,6.189973914953928,735239.95,578,0,5.04482,1,,5.1,5.24,stop,579.0,597.0,0.1046000000000004,0
2025-11-07,CLPT,15.75,14.92,14.97,5.544422177688711,141726.0,2.7741403744877524,0.8703614457831329,18.23,-17.882611080636313,11.629182665935277,0.7735849056603773,-49.00027595041069,6.293647073175686,992795.6,579,1,14.87524,1,,15.13,15.75,stop,580.0,596.0,0.6199999999999992,0
2025-11-07,CRWG,7.27,7.1,7.14,2.38095238095238,185328.0,1.5430628059327731,0.4117647058823548,7.7,-7.27272727272728,24.54545454545454,0.2222222222222222,-56.97499246761072,8.716674784670046,3494096.0,575,0,7.0787,0,gap_through,,,,,,,0
2025-11-07,CWVX,11.07,10.8,10.84,2.4907749077490737,277975.0,1.5400251183099878,0.3707407407407391,11.75,-7.744680851063832,24.51063829787233,0.2361111111111111,-56.98412698412698,8.786312866898916,6626928.15,575,0,10.7676,0,gap_through,,,,,,,0
2025-11-07,DGNX,18.01,17.6,17.93,2.2866703848298946,33782.0,0.4708062240858813,0.0,19.08,-6.027253668763096,18.81551362683438,0.4233983286908077,-37.27479447262551,11.257686477800627,931340.6,580,0,17.5472,1,,17.51,17.26,lock,581.0,612.0,0.5,1
2025-11-07,DNA,10.65,10.01,10.29,6.219630709426633,107768.0,2.205728540273787,0.0,11.3,-8.938053097345145,5.221238938053096,0.4915254237288152,-37.63636363636364,5.749758648555473,1305470.1,575,1,9.97997,0,gap_through,,,,,,,0
2025-11-07,INFQ,17.1128,16.53,16.63,3.504509921828016,107106.0,1.521116725114179,0.8922443376801658,17.72,-6.151241534988713,9.65011286681716,0.2865497076023381,-39.52727272727273,9.858350050800729,7461370.75,578,0,16.480410000000003,1,,16.56,17.1128,stop,579.0,733.0,0.5528000000000013,0
2025-11-07,IRE,22.26,19.39,21.88,13.11700182815357,551779.0,5.078384586829615,0.2404181184668981,23.16,-5.526770293609676,31.16709844559585,0.0094620617042794,-29.80429900545397,16.237330646661704,4672915.230769231,576,1,19.33183,0,gap_through,,,,,,,0
2025-11-07,LABX,16.0543,15.1013,15.17,6.282135794330925,96568.0,2.5734414286694967,0.1455403987408183,16.75,-9.432835820895525,29.1044776119403,0.0307692307692304,-59.0,11.969114969579309,880206.05,575,0,15.0559961,1,,15.0,16.065,stop,576.0,805.0,1.0543000000000013,1
2025-11-07,LAES,5.78,5.6,5.63,3.197158081705162,1619174.0,1.68907095042687,0.1111111111111133,6.01,-6.3227953410981685,8.81863560732112,0.037735849056603,-35.36165327210104,11.190359332409804,53130041.85,575,0,5.5832,1,,5.59,5.78,stop,576.0,626.0,0.1900000000000004,0
2025-11-07,LTBR,17.8389,16.7301,17.01,6.518518518518509,312309.0,2.4770100573122105,0.6131854256854263,17.99,-5.447470817120606,31.072818232351302,0.0143112701252233,-45.71565342269028,9.982392816000631,2270352.55,579,0,16.6799097,1,,16.69,17.8389,stop,580.0,600.0,1.1488999999999976,0
2025-11-07,MRAL,15.15,14.41,14.96,4.946524064171124,62787.0,1.5660765391811011,0.3108108108108113,16.16,-7.425742574257422,15.0365099009901,0.0370385612576648,-59.15915915915916,10.559694440235482,1121203.35,576,1,14.36677,0,gap_through,,,,,,,0
2025-11-07,MSTX,9.52,9.1,9.205,4.56273764258555,965755.0,2.3476345006428194,0.3690476190476218,10.54,-12.666034155597716,15.65464895635674,0.1212121212121207,-56.10395803528851,8.172791700989272,9010162.85,576,1,9.0727,1,,9.085,9.52,stop,577.0,588.0,0.4349999999999987,0
2025-11-07,NB,5.75,5.5,5.55,4.504504504504505,501769.0,2.30677318430022,0.1600000000000001,5.9,-5.932203389830517,13.22033898305085,0.2307692307692314,-55.88235294117647,8.879072224347503,13530656.2,575,0,5.4835,1,,5.49,5.75,stop,576.0,615.0,0.2599999999999998,0
2025-11-07,NBIL,16.57,15.885,15.93,4.300062774639049,41016.0,2.104349861080152,0.2553284671532833,17.53,-9.127210496292076,24.4438106103822,0.0863477246207703,-48.991517798534105,11.595962590186144,611633.5,576,1,15.837345,0,gap_through,,,,,,,0
2025-11-07,NUAI,5.74,5.46,5.6,5.000000000000004,1057206.0,2.7974506635027105,0.226071428571428,6.04,-7.284768211920537,18.541390728476813,0.1250111617108668,-26.218708827404484,18.442874024724595,25147484.8,575,0,5.44362,1,,5.5199,5.40985,lock,576.0,871.0,0.2201000000000004,0
2025-11-07,NVTS,8.03,7.77,7.8,3.3333333333333304,2667852.0,1.6114547261455856,0.6923076923076952,8.835,-11.71477079796266,11.594793435200904,0.0146427176884035,-56.15514333895446,12.009523879468215,65620781.9,577,1,7.746689999999999,0,gap_through,,,,,,,0
2025-11-07,QUBX,8.24,7.8432,8.01,4.953807740324592,46822.0,1.700120074561685,0.2943548387096765,8.74,-8.352402745995429,20.022883295194507,0.1999999999999998,-74.73982970671713,13.318809701137866,2745469.7,576,1,7.819670400000001,0,gap_through,,,,,,,0
2025-11-07,QURE,26.89,25.86,26.12,3.9433384379785648,151067.0,1.446866734488592,0.6213592233009707,27.51,-5.052708106143222,14.503816793893137,0.3283208020050129,-63.46853146853147,12.595963717511616,4224084.15,590,0,25.78242,1,,25.91,26.89,stop,591.0,629.0,0.9800000000000004,0
2025-11-07,SERV,10.4299,10.036,10.09,3.903865213082263,904709.0,1.7020394753850216,0.3401878649403407,10.7,-5.700934579439247,10.185981308411217,0.055050922102944,-45.86909871244635,5.929306669494765,10864094.7,577,0,10.005892,1,,9.9801,10.43,stop,578.0,879.0,0.44979999999999976,1
2025-11-07,SKYT,17.86,16.7,17.86,6.494960806270998,243973.0,2.3805419250885693,0.0258620689655182,18.71,-4.543025120256554,21.650988776055584,0.782764323977388,-13.927710843373497,8.234076513111068,2196363.3,576,1,16.6499,1,,16.55,17.86,stop,577.0,874.0,1.3099999999999987,1
2025-11-07,SMR,30.2199,28.72,29.65,5.05868465430017,2067748.0,1.7209043410446945,0.043469564637643,32.46,-8.65680837954406,15.68083795440541,0.0275049115913557,-48.36293974225009,9.224716868808878,26208424.35,575,1,28.63384,1,,28.72,30.2199,stop,576.0,899.0,1.4999000000000002,0
2025-11-07,SMU,11.18,10.015,10.77,10.81708449396471,282290.0,3.5385196157862597,0.0557939914163086,13.05,-17.4712643678161,36.81992337164752,0.0343392299687827,-77.03619837142512,18.30614045619861,5138395.3,575,1,9.984955,1,,10.0,11.18,stop,576.0,899.0,1.1799999999999995,0
2025-11-07,SMUP,5.9876,5.31,5.75,11.784347826086956,62719.0,3.3079115595948165,0.0737898465171203,7.08,-18.78531073446328,36.15819209039549,0.1015624999999999,-76.27887788778878,18.473681297375887,431677.9,575,1,5.29407,1,,5.31,5.9881,stop,576.0,900.0,0.6776,0
2025-11-07,STGW,5.36,5.085,5.29,5.198487712665413,283849.0,2.076923342612332,0.3818181818181829,5.62,-5.871886120996442,23.487544483985754,0.0378787878787877,-23.22206095791001,4.677248884987575,4727408.05,579,0,5.069745,1,,5.07,4.84,eod,580.0,945.0,0.29,0
2025-11-07,UMAC,10.06,9.6,10.0,4.6000000000000085,425112.0,2.0904265270484745,0.0002173913043473,10.75,-6.976744186046512,13.879069767441852,0.0268096514745302,-41.07248084855627,8.114659776674698,4811440.35,575,1,9.5712,1,,9.59,10.06,stop,576.0,623.0,0.4700000000000006,0
2025-11-07,VERI,5.95,5.5702,5.78,6.570934256055369,754027.0,2.182369571526057,0.0255397577672471,6.39,-9.546165884194044,10.093896713615033,0.2093023255813948,-38.6411889596603,14.836394425129862,10447990.65,575,1,5.5534894,0,gap_through,,,,,,,0
2025-11-07,WYFI,27.01,26.1,26.41,3.445664521014768,29375.0,1.656000516715165,0.8351648351648329,28.05,-5.846702317290554,13.903743315508017,0.0974358974358972,-35.190184049079754,8.445866833966608,1135872.35,576,0,26.021700000000003,1,,25.97,27.01,stop,577.0,736.0,1.0400000000000027,1
2025-11-10,MNKD,5.49,5.2,5.2,5.5769230769230775,317205.0,1.6179659989906294,0.7610344827586203,5.63,-7.637655417406744,2.575488454706935,0.7586206896551722,-16.666666666666664,3.2858471509128733,4440914.6,600,0,5.1844,1,,5.17,5.49,stop,601.0,822.0,0.3200000000000003,1
2025-11-10,OSCR,16.21,15.25,16.13,5.95164290142592,2084135.0,2.1291179918436387,0.2708333333333328,17.72,-8.972911963882618,11.173814898419858,0.9191919191919192,-27.668161434977584,3.9510781670954,14805679.2,585,1,15.20425,1,,15.2429,14.565,eod,586.0,945.0,0.9671000000000004,0
2025-11-10,PLTZ,6.43,6.21,6.37,3.4536891679748787,985415.0,1.0271630978298754,0.0227272727272722,6.86,-7.142857142857145,11.51603498542274,0.0759493670886082,-19.57070707070707,6.529221225513775,20033344.4,575,0,6.19137,1,,6.1914,5.64,eod,576.0,945.0,0.2385999999999999,0
2025-11-10,SGRY,18.46,17.392,17.75,6.016901408450712,384673.0,3.4364513931607776,0.8174157303370786,21.5,-17.441860465116278,3.093023255813966,0.5563909774436082,-24.27474402730376,2.047800443247677,1046979.5,576,1,17.339824,0,ssr_no_uptick,,,,,,,0
2025-11-11,CLSK,14.28,13.6632,14.13,4.365180467091292,2927004.0,1.3720478161166545,0.1083009079118039,15.03,-5.9880239520958,10.11310711909514,0.0197368421052627,-40.15247776365946,5.972962990978832,30363862.45,576,0,13.6222104,1,,13.72,14.28,stop,577.0,596.0,0.5599999999999987,0
2025-11-11,CRWG,6.39,5.8801,6.15,8.291056910569106,566231.0,3.3357706952583834,0.0,7.52,-18.21808510638297,13.696808510638302,0.3980582524271836,-61.198738170347,8.50560972977383,3576330.75,575,1,5.8624597,0,gap_through,,,,,,,0
2025-11-11,CRWU,11.85,10.93,11.4,8.07017543859649,54090.0,2.890109446224855,0.01304347826087,13.91,-18.044572250179726,13.874910136592378,0.3730569948186532,-61.16703285473404,8.48027221681334,479221.5,575,1,10.89721,0,gap_through,,,,,,,0
2025-11-11,CWVX,9.75,8.95,9.52,8.403361344537823,998475.0,3.445480299903937,0.008125000000001,11.44,-16.783216783216783,13.723776223776229,0.3949044585987255,-60.44852699845035,8.555966381933802,6461339.8,575,1,8.92315,0,gap_through,,,,,,,0
2025-11-11,GEMI,15.29,14.56,15.2,4.80263157894736,325612.0,2.5937452608431077,0.7421917808219196,16.84,-9.738717339667462,6.621140142517827,0.6547085201793714,-34.76394849785408,4.380206317463899,1628069.0,591,1,14.51632,1,,14.51,14.098,eod,592.0,945.0,0.7799999999999994,1
2025-11-11,SOLT,12.32,12.191,12.32,1.0470779220779185,377567.0,0.3567377310008953,0.0697674418604542,13.08,-5.810397553516817,3.8990825688073376,0.8039215686274516,-43.6671239140375,10.621021470885276,10659340.85,585,0,12.154427,1,,12.165,12.32,stop,586.0,599.0,0.1550000000000011,0
2025-11-11,XRPT,9.82,9.76,9.82,0.6109979633401272,99797.0,0.2931626700296555,0.3349999999999862,10.8,-9.074074074074078,6.203703703703703,0.7910447761194047,-23.400936037441497,12.191894565350635,1921018.6,630,0,9.73072,1,,9.72,9.670000000000002,lock,631.0,775.0,0.09999999999999964,1
2025-11-11,XXRP,20.335,20.2,20.31,0.6646971935007463,43264.0,0.2998015537441354,0.2962962962962865,22.39,-9.289861545332746,6.384993300580619,0.7971460548405155,-23.54601919819312,12.306436248873547,1701481.25,630,1,20.1394,1,,20.1,19.53,eod,631.0,945.0,0.23499999999999943,1
2025-11-12,CRCA,6.69,6.21,6.47,7.418856259659975,652307.0,2.939247891245345,0.5104166666666664,7.08,-8.615819209039552,9.039548022598868,0.0156249999999996,-61.28067025733095,9.946088234585272,4487434.6,579,1,6.19137,0,gap_through,,,,,,,0
2025-11-12,LFS,9.9,8.7401,9.9,11.71616161616162,171379.0,5.1102624945516535,0.3865850504353817,11.37,-12.928759894459091,94.45910290237468,0.8957169459962755,-20.73658927141713,129.921726614276,1940252.4,575,1,8.7138797,0,gap_through,,,,,,,0
2025-11-13,AMDL,22.7503,22.36,22.45,1.7385300668151444,647649.0,1.2779084542849997,0.7430181911350224,23.74,-5.433866891322659,9.456613310867723,0.6503340757238303,-13.186388244392884,7.776489334173303,17664652.5,582,0,22.29292,1,,22.37,22.7503,stop,583.0,592.0,0.3802999999999983,0
2025-11-13,ARDT,9.52,9.008,9.33,5.4876741693462,208994.0,2.579618536948606,0.5507812499999996,14.05,-33.594306049822066,4.30604982206406,0.1652892561983493,-39.72868217054264,1.7570912759219643,337875.1,579,1,8.980975999999998,0,ssr_no_uptick,,,,,,,0
2025-11-13,BAIG,18.17,16.91,17.91,7.035175879396993,44589.0,2.343886380958549,0.2100793650793658,18.98,-5.637513171759748,25.289778714436263,0.8041666666666665,-41.71819069313374,12.974364478461304,686070.5,575,1,16.85927,0,gap_through,,,,,,,0
2025-11-13,BTQ,6.5,6.2,6.33,4.739336492890992,242883.0,1.6397091582691987,0.1333333333333335,6.75,-6.222222222222221,13.352592592592591,0.1386885609674914,-54.29635887105509,8.078060768993483,6406058.1,575,0,6.1814,1,,6.155,5.9101,eod,576.0,945.0,0.34499999999999975,1
2025-11-13,CMCT,7.14,6.86,7.02,3.98860398860398,56661.0,2.217475544183884,0.7392857142857154,9.43,-25.55673382820785,45.59915164369035,0.4813953488372092,-39.7941680960549,21.79567248160093,2917083.8,582,1,6.8394200000000005,0,gap_through,,,,,,,0
2025-11-13,DAWN,9.45,8.81,9.0,7.111111111111097,296400.0,4.60895643977275,0.1718749999999994,10.34,-12.959381044487426,4.06092843326886,0.7382710169087887,-17.43119266055046,6.307988635196137,2554990.45,575,1,8.783570000000001,1,,8.855,9.45,stop,576.0,595.0,0.5949999999999989,0
2025-11-13,EGAN,13.79,12.7,13.53,8.056171470805616,134449.0,2.628205241698736,0.0458715596330281,15.1,-10.397350993377486,5.231788079470193,0.341772151898734,-15.172413793103448,4.012763103702336,470979.35,580,1,12.6619,1,,12.655,11.15,eod,581.0,900.0,1.1349999999999998,1
2025-11-13,IRE,14.43,13.5042,14.14,6.547383309759539,370424.0,2.7830073737227123,0.2871030460142569,15.87,-10.901071203528662,18.084436042848147,0.4390243902439022,-54.63586782162335,15.162391144245529,5633270.470588235,575,1,13.4636874,1,,13.58,14.43,stop,576.0,615.0,0.8499999999999996,0
2025-11-13,IREX,23.92,22.46,23.67,6.168145331643434,42961.0,2.4366521488982107,0.3017123287671232,26.55,-10.84745762711864,17.551412429378534,0.4999892701560123,-54.26891116731164,15.2248194741447,557384.2,575,1,22.39262,1,,22.5,23.92,stop,576.0,615.0,1.4200000000000017,0
2025-11-13,KDK,7.47,7.2,7.25,3.724137931034477,28874.0,1.5360324485803605,1.0,8.0,-9.375,8.125000000000004,0.923076923076922,-24.71443406022846,4.778260562148227,652397.85,578,1,7.1784,1,,7.133,6.49,eod,579.0,945.0,0.33699999999999974,1
2025-11-13,KRRO,7.12,6.54,6.99,8.297567954220316,457437.0,3.4018791687785632,0.3103448275862063,31.42,-77.75302355187777,8.513685550604713,0.0672897196261694,-87.49329039184111,6.558754434286007,346605.35,582,1,6.52038,1,,6.57,6.575,eod,583.0,900.0,0.5499999999999998,0
2025-11-13,MOVE,11.33,10.5,11.32,7.332155477031803,19128.0,1.822995298450338,0.5749397590361444,12.0,-5.666666666666664,43.083333333333336,0.0773694390715668,-46.67922750824305,34.34601793258564,2449722.3,581,1,10.4685,0,gap_through,,,,,,,0
2025-11-13,NBIL,12.0,11.23,11.86,6.492411467116355,140011.0,1.9159495052042843,0.1181818181818173,12.85,-7.704280155642025,31.284046692607003,0.1890547263681591,-56.38102243471865,11.867100924484484,895378.65,575,1,11.19631,1,,11.17,11.18,eod,576.0,944.0,0.8300000000000001,1
2025-11-13,NEXN,6.45,6.1324,6.24,5.089743589743598,135779.0,3.375987566280453,0.5119647355163729,8.04,-22.388059701492526,2.9850746268656856,0.958333333333327,-30.666666666666664,1.843688109636216,376061.5,577,1,6.1140028,1,,6.13,6.45,stop,578.0,581.0,0.3200000000000003,0
2025-11-13,PAYS,5.35,5.0,5.14,6.809338521400772,43801.0,2.984775414544762,0.5428571428571445,5.47,-6.032906764168192,7.404021937842783,0.716049382716049,-15.737704918032788,2.922910472375142,360096.8,577,0,4.985,1,,5.19,5.35,stop,578.0,579.0,0.1599999999999992,0
2025-11-13,QUBX,5.805,5.34,5.71,8.143607705779331,127583.0,2.5673855658438853,0.0516129032258065,6.27,-8.931419457735242,19.29824561403509,0.1900826446280988,-77.9110251450677,11.155691484806338,2255416.85,575,1,5.32398,1,,5.3522,4.95,eod,576.0,945.0,0.4527999999999998,0
2025-11-13,RIOX,18.25,17.32,17.87,5.204252937884721,42236.0,1.7807213739355516,0.2043010752688186,19.04,-6.144957983193268,17.69957983193278,0.2967359050445103,-61.307783912525714,11.698689257285572,538450.75,577,1,17.26804,1,,17.29,15.1,eod,578.0,945.0,0.9600000000000009,0
2025-11-13,WBTN,13.29,12.375,12.7,7.204724409448812,191878.0,3.051541971605159,0.5081967213114758,16.82,-24.49464922711059,6.688466111771691,0.9288888888888904,-33.19305628616519,2.4143732725269724,438513.55,583,1,12.337875,1,,12.32,12.515,eod,584.0,945.0,0.9699999999999989,1
2025-11-13,WYFI,22.55,21.31,21.51,5.764760576476066,55723.0,2.309183688177772,0.0080645161290335,22.74,-5.4089709762532845,18.02990325417767,0.021951219512195,-43.2753164556962,7.358521258471591,1015099.85,577,0,21.24607,1,,21.19,19.79,eod,578.0,900.0,1.3599999999999994,1
2025-11-14,CRWU,6.96,6.49,6.79,6.921944035346093,47452.0,2.38194331213934,0.3055319148936175,7.29,-6.858710562414267,20.983539094650205,0.1566973916454206,-73.5900427849086,10.676586229473502,569032.6,607,1,6.47053,1,,6.47,6.96,stop,608.0,632.0,0.4900000000000002,1
2025-11-14,CWVX,5.72,5.34,5.5,6.909090909090907,672656.0,2.7260421563856374,0.1973684210526321,5.985,-8.103592314118636,21.55388471177945,0.1511627906976746,-73.93364928909952,10.745367296493589,7463792.95,608,1,5.32398,1,,5.3136,5.72,stop,609.0,632.0,0.40639999999999965,1
2025-11-14,DFDV,7.76,7.5,7.5,3.466666666666664,97962.0,2.3385955685979045,0.8030769230769241,8.18,-8.31295843520782,11.58068459657702,0.4433653541644672,-50.46235138705416,5.672728989255375,1716340.5,631,0,7.4775,1,,7.52,7.76,stop,632.0,699.0,0.2400000000000002,0
2025-11-14,FRMM,15.8,15.0,15.0,5.3333333333333375,25747.0,1.9663598783905525,0.8,16.18,-7.292954264524103,8.281829419035846,0.4253731343283585,-38.62520458265139,205.37229401043112,1822273.4,613,0,14.955,1,,15.04,15.8299,stop,614.0,649.0,0.7600000000000016,0
2025-11-14,IMSR,11.55,11.15,11.32,3.5335689045936425,174288.0,2.1220201633254643,0.5499999999999967,12.0,-5.666666666666664,11.892499999999997,0.0840866092074832,-58.318604925179685,8.63036099332643,2585896.5,622,0,11.11655,0,gap_through,,,,,,,0
2025-11-14,MSTX,7.5013,7.0801,7.38,5.707317073170729,841767.0,1.7627171967488708,0.1130104463437799,8.02,-7.980049875311717,19.451371571072325,0.0641025641025638,-59.934853420195445,8.102903256813224,10056540.3,612,1,7.0588597,0,gap_through,,,,,,,0
2025-11-14,SOC,5.5,4.8801,5.41,11.458410351201485,745536.0,4.597798715469263,0.1530892079367639,5.89,-8.149405772495747,10.100169779286928,0.0756429652042358,-63.37169939065673,12.753841546642834,8535128.85,599,1,4.8654597,1,,4.88,4.19,eod,600.0,924.0,0.6200000000000001,0
2025-11-14,TSSI,10.01,9.2179,9.81,8.074413863404684,734801.0,4.520589336384971,0.1162731978285574,15.25,-35.67213114754098,8.524590163934418,0.238461538461539,-54.93798805695912,5.030788031477018,1699573.4,580,1,9.1902463,0,gap_through,,,,,,,0
2025-11-14,VSTM,7.76,7.35,7.555,5.4268696227663815,310168.0,2.831014924311442,0.4268292682926845,8.11,-6.843403205918616,5.055487053020964,0.0243902439024384,-25.12388503468781,6.4035020954083,2697538.9,607,0,7.327949999999999,1,,7.325,7.76,stop,608.0,706.0,0.4349999999999996,1
2025-11-17,BMNU,9.5,9.1206,9.36,4.053418803418809,450972.0,2.2808261353193195,0.9077490774907746,9.88,-5.263157894736856,15.182186234817811,0.4000000000000009,-67.06544686840253,11.555726526355825,10699324.75,617,0,9.0932382,1,,9.03,7.5999,eod,618.0,945.0,0.47000000000000064,1
2025-11-17,CONL,23.0,22.07,22.8,4.078947368421051,310887.0,1.5293098997264636,0.2795698924731162,24.43,-6.6721244371674135,17.069177241097005,0.6522781774580336,-47.98083504449007,9.186175761172628,6475591.55,575,1,22.00379,0,gap_through,,,,,,,0
2025-11-17,CYCU,5.5766,5.0,5.45,10.579816513761466,89402.0,3.3633753009509366,0.2632674297606655,6.32,-13.765822784810128,47.94303797468354,0.7326732673267328,-23.562412342215985,531.6629115705075,7884242.45,605,1,4.985,1,,4.975,4.57,eod,606.0,945.0,0.6016000000000004,1
2025-11-17,IMSR,12.0,11.34,11.42,5.779334500875658,50251.0,3.4730993535767967,0.1060606060606064,12.07,-5.3852526926263495,14.91300745650372,0.6500000000000004,-57.95039472133852,8.413580137195702,2470515.3,582,0,11.30598,1,,11.3,11.35,eod,583.0,945.0,0.6999999999999993,1
2025-11-18,ENR,20.16,18.85,19.46,6.731757451181905,387332.0,3.1003175283868574,0.0783969465648845,23.85,-18.40670859538784,1.8029350104821789,0.3720930232558145,-23.234714003944774,1.287192738465289,789816.55,575,1,18.79345,1,,18.845,19.57,eod,576.0,945.0,1.3150000000000013,0
2025-11-19,GDXD,14.05,13.53,14.0,3.714285714285724,63881.0,1.160946698034535,0.0,14.76,-5.149051490514904,8.570460704607049,0.4110671936758888,-32.8537170263789,7.327979407640464,1438602.0,575,0,13.48941,0,gap_through,,,,,,,0
2025-11-19,LFS,6.0423,5.7,5.9,5.801694915254234,30876.0,2.9461615134782337,0.3943908851884308,6.5,-9.230769230769226,75.64615384615384,0.5389465121008745,-52.76220976781425,131.5794221258229,3847558.3,576,1,5.6829,0,gap_through,,,,,,,0
2025-11-19,SOLT,8.5,8.34,8.345,1.917315757938887,319798.0,0.710545143434189,0.5918749999999967,8.99,-7.1746384872080045,6.830923248053379,0.7721869402377475,-59.223063767407766,11.589439018681718,10911724.35,631,0,8.31498,1,,8.2706,7.8299,eod,632.0,945.0,0.22940000000000005,1
2025-11-19,TARA,6.38,6.05,6.35,5.196850393700789,145313.0,2.207325483871572,0.0303030303030296,6.75,-5.925925925925931,21.62962962962963,0.9315068493150688,-7.299270072992702,6.946590569366533,459754.65,575,1,6.03185,0,ssr_no_uptick,,,,,,,0
2025-11-19,VREX,11.55,10.61,10.77,8.727948003714033,70088.0,4.474305668773172,0.3085106382978729,11.86,-9.190556492411469,10.328836424957856,0.6040816326530607,-15.429917550058892,2.333665457654849,259313.0,605,1,10.57817,0,gap_through,,,,,,,0
2025-11-20,FINV,5.39,5.01,5.02,7.569721115537847,158754.0,2.221767787079433,0.8289473684210539,5.54,-9.386281588447662,6.046931407942237,0.2388059701492539,-28.945506015569723,4.026672237222872,1735012.35,596,0,4.99497,1,,5.015,4.76,eod,597.0,945.0,0.375,0
2025-11-20,PLTZ,6.99,6.845,6.99,2.074391988555085,595966.0,1.2474554602204413,0.3103448275862054,7.6,-8.026315789473678,8.223684210526317,0.5919999999999987,-11.012094207511142,8.19864579951965,25208598.8,575,1,6.824465,1,,6.82,6.99,stop,576.0,583.0,0.16999999999999993,1
2025-11-20,TECS,17.91,17.67,17.82,1.346801346801338,417668.0,0.8831995490609441,0.6041666666666689,19.11,-6.750392464678175,6.331763474620604,0.5537190082644625,-10.85542771385692,4.300458029669884,4715218.5,600,0,17.61699,1,,17.6124,17.91,stop,601.0,608.0,0.2975999999999992,1
2025-11-20,TSDD,10.38,10.08,10.37,2.892960462873681,511794.0,1.2233100519996718,0.1666666666666686,10.95,-5.296803652968038,6.575342465753431,0.5833333333333327,-14.509480626545768,6.65268016844462,15073259.15,579,0,10.04976,1,,10.04,10.38,stop,580.0,700.0,0.34000000000000163,1
2025-11-20,TSLQ,25.02,24.3,25.005,2.87942411517696,974937.0,1.2335843222314795,0.1666666666666683,26.38,-5.212282031842305,6.596664139499627,0.5747615216641757,-14.425051334702257,6.609318076257545,20163600.7,575,0,24.2271,1,,24.38,24.06,lock,576.0,664.0,0.6400000000000006,0
2025-11-20,TSLZ,14.7526,14.33,14.74,2.86702849389416,270687.0,1.1590022985869062,0.2602934216753422,15.57,-5.330764290301863,6.647398843930636,0.5845410628019327,-14.582415799355598,422.6581034379204,27743415.0,579,0,14.28701,1,,14.27,14.7526,stop,580.0,700.0,0.4825999999999997,1
2025-11-20,UVIX,9.94,9.78,9.865,1.6218955904713648,1212648.0,0.8829065086730989,0.5312500000000049,11.31,-12.7763041556145,11.925729442970828,0.3929418742586009,-21.01681345076061,6.315064935151961,30814150.35,588,1,9.75066,1,,9.765,9.94,stop,589.0,607.0,0.1749999999999989,0
2025-11-21,BITX,28.25,27.44,27.5,2.945454545454541,782258.0,1.1469739948216378,0.9754320987654324,29.36,-6.335149863760216,13.64032697547684,0.0811026767878545,-50.28922631959508,5.780546148229591,11482367.75,634,0,27.35768,1,,27.29,28.25,stop,635.0,718.0,0.9600000000000009,1
2025-11-21,CTNM,11.7,10.93,10.97,7.0191431175934325,109389.0,4.215558267830196,0.1558441558441572,12.22,-10.229132569558102,7.479541734860895,0.2010940919037212,-16.1635460450898,3.4680197480566104,134892.05,576,0,10.89721,1,,11.2605,11.04075,lock,577.0,835.0,0.4394999999999989,0
2025-11-21,MSTX,5.7,5.33,5.34,6.928838951310863,2230138.0,3.494119623537069,0.7932432432432427,5.64,-5.31914893617021,25.975177304964536,0.2662116040955629,-69.3631669535284,8.783714784136405,16278870.4,617,0,5.31401,1,,5.34,5.2201,eod,618.0,945.0,0.3600000000000003,0
2025-11-21,UVIX,12.4,12.125,12.27,2.241238793806034,624260.0,1.5597310288063615,0.229818181818182,12.94,-5.17774343122102,26.35239567233385,0.9442815249266858,-6.549885757806559,6.876060675845143,32686862.7,577,0,12.088625,1,,12.12,12.4,stop,578.0,583.0,0.2800000000000011,0
2025-11-21,XXRP,12.54,12.12,12.12,3.465346534653465,56605.0,1.0451391959174714,0.9523809523809534,13.3,-8.87218045112783,16.691729323308273,0.2027027027027031,-54.37605872388481,12.249916005098555,1838967.75,635,0,12.08364,1,,12.085,12.54,stop,636.0,716.0,0.4549999999999983,0
2025-11-24,TSDD,11.08,10.57,11.03,4.623753399818675,380677.0,1.5282216729323823,0.0390196078431368,11.67,-5.484147386461016,9.254498714652955,0.6111111111111112,-9.068425391591107,6.162042347385383,14309503.35,575,0,10.53829,1,,10.52,10.069,eod,576.0,945.0,0.5600000000000005,1
2025-11-24,TSLQ,26.7,25.4699,26.56,4.63140060240964,818817.0,1.5620561763555882,0.036663685879198,28.1,-5.480427046263355,9.359430604982204,0.6007604562737652,-9.103353867214238,6.12351428658502,20413367.1,575,0,25.3934903,1,,25.345,24.2499,eod,576.0,945.0,1.3550000000000004,1
2025-11-24,TSLZ,15.7296,15.025,15.71,4.485041374920427,272689.0,1.4737148573223489,0.0353391995458399,16.59,-5.304400241109096,9.493670886075956,0.606349206349206,-8.961312904197854,422.54748029862,16638751.9,575,0,14.979925,1,,14.945,14.3,eod,576.0,945.0,0.7845999999999993,1
2025-11-25,AMDL,14.29,13.4401,14.04,6.053418803418803,1195387.0,1.579373089070916,0.1175432403812211,16.08,-12.6865671641791,9.701492537313449,0.8269230769230752,-45.707656612529,8.359856189777942,14911161.7,585,1,13.3997797,1,,13.345,14.29,stop,586.0,926.0,0.9449999999999985,1
2025-11-25,BMNU,6.85,6.55,6.81,4.405286343612333,843129.0,2.186342325374364,0.8000000000000012,7.36,-7.472826086956531,28.096467391304348,0.9139223366700516,-74.43693693693693,15.976916629252637,16565356.15,582,1,6.530349999999999,0,gap_through,,,,,,,0
2025-11-25,CONL,18.5,18.01,18.06,2.713178294573635,308759.0,1.1778183620781235,0.7448979591836726,19.42,-7.003089598352228,10.890834191555108,0.8699763593380623,-57.73461268429675,8.985333277361653,6706236.5,580,0,17.95597,1,,17.87,18.5,stop,581.0,926.0,0.629999999999999,1
2025-11-25,CRWU,5.86,5.43,5.86,7.337883959044378,82183.0,2.3133668251912245,0.162790697674419,6.33,-7.4249605055292225,8.13428120063191,0.8640512720916677,-77.20731232983276,9.93710990268232,774823.15,576,1,5.41371,1,,5.455,5.88,stop,577.0,677.0,0.4050000000000002,0
2025-11-25,IREX,18.101,16.75,17.77,7.602701181767019,67351.0,2.6274876963346587,0.1702442635085126,18.86,-5.7794273594909855,21.786850477200424,0.9199318568994888,-65.66787289578063,15.208457243239376,796628.6,575,1,16.69975,1,,16.82,18.101,stop,576.0,755.0,1.2809999999999988,0
2025-11-25,MRAL,7.25,7.01,7.01,3.4236804564907306,61732.0,1.829052833907604,0.1666666666666666,7.51,-6.657789613848203,18.36218375499335,0.964467005076142,-73.5969868173258,10.150480996512975,1086033.75,575,0,6.98897,1,,7.07,7.04,lock,576.0,594.0,0.1799999999999997,0
2025-11-25,MSTX,5.475,5.2827,5.37,3.581005586592169,627368.0,1.2819349835928728,0.9739989599583988,5.7,-5.789473684210527,14.536842105263151,0.9517258025585325,-68.6516716189631,9.157994347629126,19669295.4,585,0,5.2668519,1,,5.31,5.475,stop,586.0,746.0,0.165,0
2025-11-25,NBIL,11.15,10.645,11.05,4.570135746606342,41692.0,1.7603329369636491,0.2079207920792084,11.68,-5.393835616438348,15.154109589041092,0.870056497175141,-59.360058845163664,12.059664468705328,1396370.55,581,0,10.613065,1,,10.66,11.15,stop,582.0,732.0,0.4900000000000002,0
2025-11-25,NVDX,16.0,15.585,15.965,2.5994362668336937,853861.0,1.0609173019782605,0.4819277108433727,17.45,-8.510028653295127,7.392550143266471,0.8914728682170537,-33.755186721991706,5.427584500480704,15301042.35,580,1,15.538245000000002,1,,15.51,16.0,stop,581.0,695.0,0.4900000000000002,1
2025-11-25,ORCX,17.95,16.9,17.94,5.852842809364552,423731.0,1.9506967016958845,0.1428571428571448,19.08,-5.974842767295582,9.014675052410896,0.6627906976744173,-55.1612096975756,5.636423995606185,2134672.65,577,1,16.8493,0,gap_through,,,,,,,0
2025-11-26,BMNZ,27.84,26.775,26.82,3.970917225950787,29864.0,1.2098531439241298,0.9061032863849752,29.23,-8.24495381457407,13.376667807047554,0.7928388746803072,-44.11335694936445,18.9727283193262,1165817.2222222222,581,0,26.694675,1,,26.67,27.84,stop,582.0,596.0,1.1699999999999982,1
2025-11-26,PD,13.02,12.455,12.955,4.361250482439209,519340.0,2.3909363083137247,0.68141592920354,15.18,-14.65744400527009,2.8326745718050046,0.5813953488372097,-20.61887254901961,2.114877118281751,1727243.9,578,1,12.417635,1,,12.5584,11.705,eod,579.0,945.0,0.4615999999999989,0
2025-11-28,BMNZ,21.6,20.55,21.0,5.000000000000003,142404.0,2.1703478473062843,0.238,23.84,-11.912751677852349,26.21644295302013,0.2143999999999999,-56.24088351739947,19.30223720852922,1367608.6,594,1,20.48835,1,,20.49,21.6,stop,595.0,728.0,1.110000000000003,0
2025-11-28,IMPP,5.43,5.012,5.42,7.71217712177122,258010.0,3.9360036229374016,0.1746411483253597,6.0,-9.666666666666668,7.8333333333333295,0.2765957446808509,-17.503805175038057,4.821336233966492,626381.7,581,1,4.996963999999999,1,,4.9998,4.63,eod,582.0,895.0,0.4302000000000001,0
2025-11-28,MSTZ,12.9572,12.585,12.71,2.9284028324154163,490821.0,1.5227533753069562,0.1746372917786126,13.85,-8.231046931407935,13.1768953068592,0.4410958904109589,-19.090966961614352,9.026837685076076,24730993.9,611,0,12.547245,1,,12.64,12.4814,lock,612.0,643.0,0.3171999999999997,0
2025-12-01,BMNU,7.04,6.39,6.84,9.502923976608193,2161869.0,3.3364497669858024,0.4769230769230774,8.185,-16.432498472816135,18.324984728161272,0.3632908860590707,-65.7314629258517,16.485830675271746,20365932.55,625,1,6.37083,1,,6.35,6.63,eod,626.0,945.0,0.6900000000000004,1
2025-12-01,BRR,8.22,7.82,8.15,4.907975460122704,80591.0,1.6931579301399289,0.227499999999998,10.15,-19.704433497536943,4.433497536945805,0.9777777777777782,-20.25440313111546,0.1161728146699053,830262.7,580,1,7.79654,0,gap_through,,,,,,,0
2025-12-01,BSOL,16.6464,16.508,16.64,0.8317307692307737,342536.0,0.344366525117777,0.6647398843930766,17.99,-7.504168982768193,5.113952195664248,0.0326086956521713,-33.14584170349538,5.890664468274282,1983994.8,616,0,16.458475999999997,1,,16.54,16.4868,lock,617.0,652.0,0.1064000000000007,0
2025-12-01,CONL,20.26,19.61,19.96,3.256513026052115,409648.0,1.0466566194876783,0.2307692307692332,21.97,-9.14883932635411,7.419208010923983,0.3251533742331275,-50.78895463510848,8.974030232896707,6771880.3,627,1,19.55117,1,,19.54,19.8737,eod,628.0,945.0,0.7200000000000024,1
2025-12-01,CRWU,5.85,5.59,5.85,4.444444444444441,36798.0,1.394559887611556,0.6153846153846164,6.2,-5.645161290322589,9.485483870967752,0.3028396531202182,-75.90609555189457,9.606010670512305,832147.55,584,0,5.57323,1,,5.68,5.85,stop,585.0,588.0,0.1699999999999999,0
2025-12-01,DFDV,7.108,6.78,6.99,4.692417739628032,106994.0,2.285878441219426,0.472560975609755,7.6,-8.026315789473678,4.849999999999998,0.6511123168746594,-39.50147135191276,6.3255551560088925,1627134.2,603,1,6.75966,0,gap_through,,,,,,,0
2025-12-01,ETH,26.61,26.45,26.59,0.6017299736743141,117194.0,0.2935570305878808,0.6250000000000083,28.63,-7.1253929444638455,2.8990569332867686,0.2771084337349396,-27.65610121071964,5.119178047572227,7450302.1,615,0,26.37065,1,,26.26,26.085,lock,616.0,906.0,0.34999999999999787,1
2025-12-01,ETHA,21.34,21.2,21.33,0.6563525550867351,942372.0,0.3300899230704568,0.7121428571428694,22.95,-7.058823529411769,2.9193899782135,0.25373134328358,-27.76837114798511,5.066852589275246,54631913.65,615,0,21.1364,1,,21.045,20.85,eod,616.0,945.0,0.29499999999999815,1
2025-12-01,ETHE,23.165,23.03,23.155,0.5830274238825222,192571.0,0.3030999864221453,0.5925925925925887,24.94,-7.157177225340818,2.919005613472325,0.2884615384615404,-27.7985656376676,5.110097939335023,8045635.9,615,0,22.96091,1,,22.855,22.63,eod,616.0,945.0,0.3099999999999987,1
2025-12-01,MRAL,7.2675,6.92,7.22,4.81301939058172,67498.0,1.8363462236424928,1.0,8.24,-12.378640776699037,6.794902912621367,0.589390962671905,-67.75346136668155,10.496804285079383,1137648.3,623,1,6.89924,0,gap_through,,,,,,,0
2025-12-01,NXTT,8.3733,7.8,7.99,7.175219023779731,21374.0,2.251455409696276,0.0610500610500612,8.48,-5.778301886792455,58.56485849056604,0.2657914342669593,-59.130434782608695,9.05591743042696,116713.0,575,1,7.7766,0,gap_through,,,,,,,0
2025-12-01,RIOX,18.04,17.28,17.28,4.398148148148136,23526.0,1.7260317316993603,1.0,19.68,-12.195121951219503,12.16869918699187,0.544930683146818,-56.3856638061585,10.466297922714771,601341.7,625,1,17.228160000000003,0,gap_through,,,,,,,0
2025-12-01,SOLT,6.9771,6.85,6.95,1.8287769784172725,376595.0,0.8013263837686111,0.7081038552321042,8.21,-15.34713763702802,10.81973203410476,0.0225149161319389,-60.51136363636365,11.736029702471528,11796691.7,615,1,6.82945,1,,6.82,6.72,eod,616.0,945.0,0.1570999999999998,1
2025-12-01,SOLZ,13.04,12.94,13.03,0.7674597083653081,214861.0,0.3385093827773373,0.7000000000000053,14.1,-7.588652482269506,5.319148936170213,0.0399999999999991,-34.29147755925365,5.926987232808992,1417274.25,614,0,12.90118,1,,12.92,12.864,lock,615.0,650.0,0.1199999999999992,0
2025-12-01,TMC,6.62,6.4213,6.61,3.006051437216347,949704.0,1.709546214917429,0.3834927025666826,6.96,-5.028735632183904,11.370689655172418,0.8610058124842048,-8.321775312066569,6.8346251213166935,8134907.55,584,0,6.402036099999999,1,,6.395,6.62,stop,585.0,760.0,0.22500000000000053,1
2025-12-01,XRPT,6.3939,6.305,6.331,1.4042015479387242,70774.0,0.4883244095589671,0.8436445444319419,7.36,-13.980978260869565,10.054347826086946,0.1081081081081083,-44.02298850574712,12.899886141742153,2341752.95,612,1,6.286085,1,,6.3255,6.215,eod,613.0,945.0,0.0684000000000004,0
2025-12-01,XXRP,13.184,12.99,13.11,1.4797864225781774,86197.0,0.5818501762645675,0.8567010309278387,15.11,-13.236267372600926,10.513567174056911,0.0251794032481424,-43.78216123499143,13.08978127004197,1888587.5,615,1,12.95103,1,,12.93,12.803,lock,616.0,650.0,0.25399999999999956,1
2025-12-02,AHMA,13.6799,12.37,12.5,10.479200000000006,85498.0,3.8548921210424263,0.8702954424001832,14.34,-12.831241283124127,54.74198047419805,0.6178343949044586,-27.912341407151096,45.22141104990476,2441674.4,588,1,12.33289,0,gap_through,,,,,,,0
2025-12-02,BMNZ,24.1,23.17,23.89,3.8928421933863526,100753.0,1.644447058854282,0.4193548387096743,27.25,-12.330275229357795,9.798165137614683,0.9363295880149808,-50.218795582413,19.127375473987243,1837309.3333333333,575,1,23.10049,1,,23.2,24.1,stop,576.0,581.0,0.9000000000000021,0
2025-12-02,CNCK,6.2,6.01,6.13,3.099510603588913,130483.0,1.7012281090513084,0.473684210526314,7.88,-22.20812182741117,77.03045685279189,0.7644151565074134,-34.15682062298604,32.21284949420902,1394605.85,576,1,5.991969999999999,0,gap_through,,,,,,,0
2025-12-02,FLYE,13.6,12.66,13.27,7.083647324792762,53171.0,3.5647981838928664,0.3829787234042549,15.79,-15.95946801773274,109.6896770107663,0.6530023094688221,-39.12844036697248,299.4359588657576,1143175.1,576,1,12.62202,0,gap_through,,,,,,,0
2025-12-02,MSTZ,13.57,12.97,13.43,4.467609828741621,520379.0,2.246888840342262,0.0,14.515,-7.475025835342755,17.568722011712023,0.0411748558880045,-20.81414614300624,8.347992623633017,24204359.35,575,1,12.93109,0,gap_through,,,,,,,0
2025-12-02,VSTS,6.44,6.0,6.16,7.1428571428571495,158984.0,2.5034428608540145,0.3295454545454533,6.72,-8.333333333333327,5.803571428571437,0.9743589743589728,-8.469539375928681,3.1146148445230253,2341620.8,586,1,5.982,0,gap_through,,,,,,,0
2025-12-03,BMNZ,21.39,19.97,19.97,7.110665998998507,208206.0,2.858476589241406,0.5492957746478875,21.7,-7.972350230414749,19.677419354838708,0.3981264637002341,-58.38716399249844,19.437982190668947,2117301.3846153845,577,0,19.91009,0,gap_through,,,,,,,0
2025-12-03,FOXX,5.59,5.06,5.32,9.962406015037596,25751.0,5.81215204423435,0.7126415094339634,6.01,-11.480865224625616,48.58569051580699,0.6438356164383562,-24.53900709219857,21.69715109787639,2932664.05,606,1,5.04482,0,gap_through,,,,,,,0
2025-12-04,CAPR,30.6,27.03,28.25,12.63716814159292,530018.0,4.63048972148149,0.0224089635854336,29.96,-5.707610146862486,62.98397863818423,0.4483306836248014,-30.02229378251176,83.19241721066216,5067192.5,575,0,26.94891,1,,27.425,25.8399,eod,576.0,945.0,3.1750000000000007,0
2025-12-04,XRPT,6.98,6.91,6.98,1.002865329512898,98726.0,0.4735341085241767,0.0714285714285696,7.37,-5.291723202170958,4.20624151967435,0.9354838709677432,-36.19744058500913,12.09480457819348,2313935.85,591,0,6.88927,1,,6.8743,6.98,stop,592.0,621.0,0.10570000000000057,1
2025-12-05,ADPT,16.25,15.61,16.24,3.940886699507393,382017.0,1.9007053786692805,0.7109375000000022,17.46,-6.98739977090494,6.471935853379146,0.8938053097345154,-21.772639691714847,5.568318266021315,2635187.3,618,1,15.56317,1,,15.555,14.85,eod,619.0,945.0,0.6950000000000003,1
2025-12-05,BAIG,16.41,15.36,15.49,6.778566817301488,15575.0,2.0715899799840973,0.2371428571428575,16.42,-5.6638246041413,27.64920828258221,0.8876651982378859,-22.23895582329318,16.26646108321618,794365.2,575,0,15.31392,1,,15.47,15.62,eod,576.0,945.0,0.9399999999999996,0
2025-12-05,IMTX,10.96,10.33,10.96,5.748175182481758,75133.0,2.446766943352458,0.0714285714285712,11.87,-7.66638584667227,20.471777590564447,0.7777777777777773,-11.684125705076545,6.134733305379765,606926.45,575,1,10.29901,1,,10.34,10.355,eod,576.0,945.0,0.620000000000001,0
2025-12-05,KOLD,20.81,20.6214,20.77,0.9080404429465452,610213.0,0.4344989398252982,0.0986214209968162,22.79,-8.863536638876699,8.907415533128571,0.088669950738916,-33.23690131790421,4.695930739539979,7348642.45,577,1,20.559535800000003,1,,20.51,20.360000000000003,lock,578.0,822.0,0.29999999999999716,1
2025-12-05,SOLT,7.92,7.8504,7.865,0.8849332485696163,144720.0,0.4586116566434594,0.3045977011494286,8.45,-6.923076923076913,9.17159763313608,0.3999999999999991,-40.32625189681335,11.761125751423188,10796812.75,577,0,7.8268488,1,,7.8676,7.8414,lock,578.0,600.0,0.0523999999999995,0
2025-12-05,TARA,5.43,5.18,5.36,4.664179104477611,679715.0,1.4968569526721436,0.4776000000000024,6.87,-21.97962154294032,5.82241630276564,0.5500000000000002,-31.45780051150895,7.632951619779471,773777.35,578,1,5.16446,1,,5.205,5.43,stop,579.0,599.0,0.2249999999999996,0
2025-12-08,CRWU,8.26,7.75,7.99,6.382978723404252,66586.0,2.411225071625008,0.5490196078431362,8.88,-10.022522522522529,9.117117117117113,0.8641304347826093,-47.15608465608465,10.93831332866719,999162.75,611,1,7.72675,1,,7.8,8.26,stop,612.0,793.0,0.4599999999999999,0
2025-12-08,FLNC,23.67,22.5,22.58,5.181576616474764,495809.0,1.7714994738576344,0.9059829059829037,23.96,-5.759599332220377,9.51585976627712,0.6359649122807021,-8.914885034288023,7.463056480791838,7621016.85,630,0,22.4325,1,,22.32,22.7399,eod,631.0,945.0,1.3500000000000014,1
2025-12-08,GURE,6.88,6.0,6.88,12.790697674418604,20362.0,3.544576859820721,0.2272727272727275,8.19,-15.995115995115992,58.24175824175825,0.2368972746331236,-41.84277261200338,27.077336713987123,455547.25,576,1,5.982,1,,5.9615,5.42,eod,577.0,900.0,0.9184999999999999,1
2025-12-08,PLRZ,11.9014,10.7,11.5,10.446956521739144,48505.0,4.547107232743685,0.4411519893457637,13.1,-12.213740458015266,28.244274809160306,0.7486486486486487,-36.81318681318681,119.0702218082642,9523196.0,576,1,10.6679,1,,10.675,11.58,eod,577.0,900.0,1.2264,0
2025-12-08,QBTZ,11.89,11.37,11.78,4.414261460101879,135844.0,2.17024206349839,0.8461538461538464,12.57,-6.284805091487676,16.268894192521877,0.7139364303178488,-63.50681536555143,14.438291028418371,2831155.2,588,1,11.33589,1,,11.3582,11.89,stop,589.0,606.0,0.5318000000000005,0
2025-12-09,CETX,6.5,5.8403,6.07,10.86820428336079,376580.0,3.406916231121877,1.0,7.05,-13.90070921985815,68.93617021276594,0.4547325102880659,-37.42268041237113,31.053515296111208,6984882.35,583,1,5.8227791,0,gap_through,,,,,,,0
2025-12-09,CMCT,5.86,5.66,5.72,3.4965034965035,63256.0,2.16421979263434,0.140500000000001,6.68,-14.37125748502994,65.56736526946109,0.6096029589716658,-60.3053435114504,33.22599986985614,4727505.75,587,1,5.64302,0,gap_through,,,,,,,0
2025-12-09,RGTX,20.84,20.0,20.71,4.056011588604537,65978.0,1.828375952280196,0.2261904761904777,86.55,-76.07163489312538,17.108838821490465,0.5245919352769169,-86.21171770972038,14.465194858250838,905316.85,576,1,19.94,0,gap_through,,,,,,,0
2025-12-09,SMU,24.45,23.44,24.0,4.208333333333325,40387.0,1.8198051054725128,0.3663366336633645,25.54,-6.029757243539543,19.20086139389193,0.3556149187381471,-19.638372677046707,101.23861201506344,5606622.1,580,0,23.36968,1,,23.3,24.45,stop,581.0,630.0,1.1499999999999986,1
2025-12-09,TGL,18.15,15.7,17.75,13.802816901408448,64093.0,5.252479704726188,0.122448979591837,19.78,-10.262891809909004,215.5712841253792,0.1036585365853658,-69.39655172413794,1660.102136280476,2877994.45,596,1,15.6529,0,gap_through,,,,,,,0
2025-12-09,TWG,7.0,6.55,6.75,6.66666666666667,159044.0,3.876196679238252,0.8666666666666676,22.01,-69.33212176283507,80.5997273966379,0.7547914317925593,-74.39301972685888,59.36609413314908,1612863.25,601,1,6.530349999999999,1,,6.5001,6.3823,eod,602.0,900.0,0.49990000000000023,1
2025-12-09,WKHS,7.14,6.7,7.12,6.17977528089887,81582.0,1.542724665252906,0.3636363636363643,7.59,-6.192358366271407,68.51119894598156,0.1903846153846153,-39.66101694915255,194.8713483854225,4217342.8,579,1,6.6799,0,gap_through,,,,,,,0
2025-12-09,XXI,10.99,10.74,10.74,2.3277467411545625,42820.0,0.4774566830439608,1.0,14.27,-24.737210932025224,18.99018920812895,0.184508653455847,-39.28773318258904,8.661546108516834,533348.75,575,1,10.70778,1,,10.82,10.99,stop,576.0,580.0,0.1699999999999999,0
2025-12-10,LAKE,10.21,9.55,10.21,6.464250734573948,295291.0,2.808979530952892,0.007575757575756,15.01,-31.97868087941372,1.93204530313124,0.6896551724137927,-39.62152572442341,3.093572659411319,124044.3,575,1,9.52135,0,gap_through,,,,,,,0
2025-12-10,OCG,8.04,7.1,7.15,13.146853146853138,148487.0,4.918136378549154,0.0,10.27,-30.379746835443036,97.76046738072054,0.7280876494023905,-44.99999999999999,65.46428622552092,2690867.4,575,1,7.0787,1,,7.47,8.04,stop,576.0,584.0,0.5699999999999994,0
2025-12-10,QCLS,6.3626,6.14,6.14,3.625407166123777,61920.0,1.5976911985441835,0.7187780772686443,6.56,-6.402439024390243,36.280487804878064,0.4369747899159663,-24.84608134738492,14.565668812351484,9907160.05,578,0,6.12158,1,,6.115,6.3626,stop,579.0,585.0,0.24759999999999938,1
2025-12-10,SMU,23.325,21.45,23.24,8.067986230636834,164031.0,2.48824219022581,0.1439999999999997,24.78,-6.214689265536734,12.527441485068596,0.510646522565474,-22.18315754227357,101.10866105973548,5273330.65,595,1,21.38565,1,,21.3,23.325,stop,596.0,847.0,2.0249999999999986,1
2025-12-10,TGL,11.8,10.69,10.99,10.100090991810749,72431.0,5.319118532532992,0.8423423423423418,15.72,-30.08905852417303,71.24618320610686,0.0374914061732694,-81.05172413793103,1660.3023602328883,3039778.2,593,1,10.65793,1,,10.9,9.0,eod,594.0,945.0,0.9000000000000004,0
2025-12-10,XCUR,6.42,6.06,6.34,5.678233438485809,80367.0,2.7550577935936063,0.1411111111111127,7.29,-13.031550068587109,35.25240054869685,0.1478656757072259,-33.12165740144939,14.65809974755011,1939342.8,576,1,6.04182,1,,6.04,5.38,eod,577.0,900.0,0.3799999999999999,1
2025-12-11,BBGI,9.25,8.51,8.9,8.314606741573035,130337.0,3.926885552942626,0.6681081081081087,16.69,-46.674655482324745,124.02636309167168,0.5323671497584541,-66.24952597648843,69.95429415128773,2303710.2,584,1,8.48447,1,,8.7,9.25,stop,585.0,608.0,0.5500000000000007,0
2025-12-11,BMNG,6.9,6.589,6.87,4.52692867540029,140024.0,1.5514665913977237,0.774919614147909,7.5,-8.399999999999999,17.325333333333326,0.5116977066338314,-26.366559485530544,17.71082490182298,2272593.1,595,1,6.5692330000000005,1,,6.64,6.9,stop,596.0,605.0,0.2600000000000007,0
2025-12-11,CCUP,5.29,5.1,5.26,3.6121673003802353,45652.0,1.27657003234932,0.2705263157894737,5.63,-6.571936056838368,10.124333925399634,0.754385964912281,-26.227208976157083,10.619826199287118,1666180.15,595,0,5.0847,1,,5.12,5.29,stop,596.0,612.0,0.1699999999999999,0
2025-12-11,CONL,20.91,20.4,20.82,2.449567723342947,350180.0,1.2133608701807612,0.6274509803921555,22.11,-5.834464043419263,6.241519674355507,0.514492753623188,-29.566982408660348,7.651051772659162,6350326.35,594,0,20.3388,1,,20.34,20.91,stop,595.0,612.0,0.5700000000000003,0
2025-12-11,MRAL,7.84,7.525,7.84,4.017857142857137,72341.0,1.2561190604752308,0.3698412698412684,8.29,-5.428226779252103,9.647768395657412,0.2748187046761684,-44.357700496806245,10.602493368199193,1185395.15,591,0,7.502425000000001,1,,7.575,7.85,stop,592.0,731.0,0.2649999999999997,0
2025-12-11,MSTU,12.25,11.8,12.1,3.7190082644628046,613040.0,1.473086987393509,0.2777777777777782,12.8,-5.468750000000008,9.745312499999992,0.2565335898669236,-17.910447761194035,219.39847273739903,106164104.25,590,0,11.764600000000002,1,,11.6982,12.25,stop,591.0,876.0,0.5518000000000001,1
2025-12-11,MSTX,5.635,5.43,5.59,3.667262969588552,1464247.0,1.5093745046755151,0.3170731707317091,5.89,-5.093378607809845,9.82682512733447,0.2570836212854173,-45.41015625,8.766638873239042,37705311.2,590,0,5.41371,1,,5.3842,5.635,stop,591.0,875.0,0.2507999999999999,1
2025-12-11,SMU,21.39,20.29,21.28,5.1691729323308335,84332.0,1.80702795143153,0.0,22.58,-5.757307351638606,13.62223206377324,0.4291426899444058,-28.74602377364808,101.14979375738176,5073223.8,586,1,20.22913,1,,20.24,21.39,stop,587.0,624.0,1.150000000000002,0
2025-12-11,TE,5.37,4.92,5.29,8.50661625708885,2622108.0,2.9760450058245844,0.1444444444444452,6.15,-13.983739837398378,9.43089430894309,0.0,-24.856887171692783,8.500508314071435,12883307.4,584,1,4.90524,1,,4.9184,5.37,stop,585.0,691.0,0.4516,0
2025-12-12,BEX,15.11,14.38,14.66,4.979536152796717,80752.0,1.6199212653167103,0.027397260273972,15.72,-6.743002544529266,22.073791348600512,0.8991354466858791,-33.51473922902494,14.455933174451696,611916.6,584,0,14.33686,1,,14.39,11.94,eod,585.0,945.0,0.7199999999999989,0
2025-12-12,BGDE,5.74,5.4001,5.42,6.271217712177124,200827.0,3.3365670241162584,0.8528979111503389,6.1,-11.147540983606554,159.8360655737705,0.0051282051282051,-65.69620253164558,248.998782975263,4662194.85,630,1,5.3838997,1,,5.42,5.74,stop,631.0,651.0,0.3200000000000003,0
2025-12-12,FRMI,9.3999,8.99,9.2,4.4554347826087,2952971.0,2.8177779115039563,0.0707489631617464,15.25,-39.67213114754099,11.73770491803278,0.7486033519553076,-57.68169273229071,5.544519102166976,4225765.45,578,1,8.96303,0,gap_through,,,,,,,0
2025-12-12,MIGI,5.74,5.4001,5.42,6.271217712177124,200827.0,3.3365670241162584,0.8528979111503389,6.1,-11.147540983606554,159.8360655737705,0.0051282051282051,-65.69620253164558,248.998782975263,4662194.85,630,1,5.3838997,1,,5.42,5.74,stop,631.0,651.0,0.3200000000000003,0
2025-12-12,TE,5.48,5.25,5.42,4.243542435424362,2861808.0,2.1965367141643406,0.2173913043478249,5.87,-7.666098807495744,18.228279386712085,0.9065420560747668,-23.01027003224478,8.200439242934161,14221901.35,579,1,5.23425,0,gap_through,,,,,,,0
2025-12-15,ARBK,6.26,5.8667,5.9,6.666101694915254,21439.0,2.544370817600925,0.5931858632087461,6.87,-14.11935953420669,326.0553129548763,0.0281249999999999,-79.39944134078213,1058.712632049378,2912368.35,619,1,5.8490999,0,gap_through,,,,,,,0
2025-12-15,KPLT,6.8,6.65,6.76,2.218934911242596,17886.0,0.9516453489817828,0.0,7.13,-5.189340813464237,31.27629733520337,0.0582959641255604,-26.76056338028169,4.300679006244212,1120399.45,623,0,6.630050000000001,1,,6.633,6.8284,stop,624.0,632.0,0.1669999999999998,0
2025-12-15,RNW,5.56,5.45,5.55,1.981981981981972,293515.0,1.0365804420692462,0.0909090909090894,7.55,-26.490066225165563,0.9933774834437108,0.4000000000000023,-27.82834850455137,0.4143369227276623,881397.65,575,1,5.43365,0,gap_through,,,,,,,0
2025-12-15,VELO,11.65,10.8,11.21,7.582515611061548,79693.0,3.394300922671905,0.0705882352941161,11.92,-5.956375838926166,37.66778523489933,0.3140311804008909,-25.26666666666666,15.156825824857629,987985.85,580,0,10.7676,0,gap_through,,,,,,,0
2025-12-16,NAVN,13.8314,12.6,13.685,8.99817318231641,258846.0,3.854428870209978,0.450706512912132,14.635,-6.491288008199517,6.832934745473181,0.8849999999999998,-22.90140845070422,4.065141763950235,1133242.4,597,1,12.5622,1,,12.66,12.605,eod,598.0,945.0,1.1714000000000002,0
2025-12-16,ULCC,5.53,5.37,5.47,2.925045703839125,260329.0,1.1529887800870875,0.8749999999999972,5.76,-5.034722222222223,5.729166666666668,0.6363636363636361,-9.136212624584717,2.765645377483942,4756512.7,576,0,5.35389,1,,5.34,5.12,eod,577.0,945.0,0.1900000000000004,1
2025-12-17,AMCI,12.19,11.14,12.0,8.749999999999991,440672.0,4.531542244769028,0.442952380952381,14.65,-18.08873720136519,27.576791808873715,0.8910891089108912,-20.47713717693837,46.86559050004511,9910793.6,578,1,11.10658,0,gap_through,,,,,,,0
2025-12-17,IMNM,21.65,21.13,21.59,2.4085224641037497,727254.0,0.8067473276131675,0.6346153846153887,23.48,-8.04940374787053,6.26064735945485,0.5986394557823127,-14.664031620553365,5.445867218500441,1797429.65,627,1,21.06661,1,,20.96,20.51,eod,628.0,945.0,0.6899999999999977,1
2025-12-18,DBVT,21.2325,20.61,21.1,2.9502369668246557,58511.0,1.573515588263766,0.0983132530120469,22.55,-6.430155210643012,23.39246119733924,0.3109004739336495,-19.419514989497795,8.54168895136639,697840.05,575,0,20.54817,1,,20.475,21.2325,stop,576.0,633.0,0.7575000000000003,1
2025-12-18,QBTZ,13.3999,12.33,13.21,8.099167297501895,162718.0,2.7613140476511937,0.0654266753902236,14.7,-10.136054421768698,24.013605442176868,1.0,-59.07682775712515,14.979944717556483,2473147.95,575,1,12.29301,1,,12.281,13.3999,stop,576.0,591.0,1.1189,1
2025-12-18,RKLZ,9.75,8.78,9.75,9.948717948717956,50111.0,2.892014755411437,0.0,10.59,-7.932011331444758,11.709159584513678,0.774193548387097,-61.77774641592868,11.245855165981526,333527.2,575,1,8.75366,0,ssr_no_uptick,,,,,,,0
2025-12-19,BMNZ,21.095,20.235,20.6,4.174757281553395,118691.0,2.015969426558139,0.3895348837209315,22.97,-10.317805833696116,21.419242490204606,0.9756097560975608,-57.07439049802042,16.51119715410866,4738252.1,583,1,20.174295,0,gap_through,,,,,,,0
2025-12-22,AMCI,8.95,8.16,8.95,8.826815642458092,84824.0,3.6110540156689614,0.1772151898734186,9.66,-7.349896480331272,16.459627329192543,0.1572327044025157,-40.68919814446654,47.79561853426969,10433329.8,578,1,8.13552,0,gap_through,,,,,,,0
2025-12-22,BMNZ,17.52,16.7,16.735,4.89991036749328,120048.0,2.359630942647521,0.6585365853658524,17.95,-6.768802228412256,17.994428969359337,0.0263157894736844,-65.12815169827047,17.084074287723894,5009664.35,595,0,16.6499,1,,16.7,17.52,stop,596.0,615.0,0.8200000000000003,0
2025-12-22,BOIL,22.1,21.67,21.96,1.9581056466302356,871326.0,0.5673946205366658,0.0116279069767418,23.95,-8.3089770354906,3.799582463465554,0.7472527472527468,-53.12640076500447,7.326298667338353,8983622.9,577,0,21.60499,1,,21.61,21.9401,eod,578.0,945.0,0.490000000000002,0
2025-12-22,IONZ,20.25,19.3401,20.07,4.533632286995518,77364.0,1.8970457628537196,0.4834597208484463,21.28,-5.686090225563913,12.04793233082707,0.3642249785474691,-21.874999999999996,112.58299918981098,10958009.3,580,0,19.2820797,1,,19.2499,16.7816,eod,581.0,945.0,1.0000999999999998,1
2025-12-22,QBTZ,10.58,9.965,10.49,5.862726406101051,151385.0,2.811196513216979,0.3821138211382103,11.23,-6.589492430988425,17.453250222617996,0.1173469387755103,-67.50309789343247,14.068870632729348,2510660.0,581,1,9.935105,0,gap_through,,,,,,,0
2025-12-22,RGTZ,20.3,19.42,20.0,4.399999999999995,268750.0,2.141870222080607,0.7159090909090906,21.39,-6.498363721365126,11.033193080878911,0.2203389830508473,-46.638207043756665,13.149909793444824,8144522.15,581,1,19.36174,0,gap_through,,,,,,,0
2025-12-23,BMNU,5.9999,5.85,5.88,2.5493197278911666,1311975.0,1.4826293911083976,0.3335557038025384,6.33,-7.109004739336496,14.846761453396525,0.2659076399233882,-52.07823960880196,14.8743216303331,40188859.45,575,0,5.83245,1,,5.805,5.7075499999999995,lock,576.0,620.0,0.19490000000000052,1
2025-12-23,CRWU,7.4,7.14,7.16,3.6312849162011274,70106.0,1.5830822363471682,0.6153846153846143,7.62,-6.036745406824147,6.955380577427812,0.2075471698113216,-24.312896405919663,14.028067120418584,1456209.7,575,0,7.11858,1,,7.09,6.935,lock,576.0,634.0,0.3100000000000005,1
2025-12-23,CWVX,30.62,29.57,29.86,3.5164099129269952,119975.0,1.4936470374315802,0.5875238095238102,31.47,-5.115983476326659,7.089609151572921,0.1860069024248126,-23.43589743589744,87.24326711819829,4664984.0,575,0,29.48129,0,gap_through,,,,,,,0
2025-12-23,FJET,22.89,19.31,22.66,15.798764342453673,807119.0,6.921167696146324,0.2765642458100562,31.5,-28.063492063492063,75.96825396825396,1.0,0.0,0.0,0.0,577,1,19.25207,1,,19.4,13.07,eod,578.0,900.0,3.490000000000002,0
2025-12-23,NBIG,7.9599,7.53,7.59,5.664031620553359,35236.0,1.5605074766684908,0.6629448709002098,8.04,-5.597014925373126,9.577114427860703,0.4415584415584399,-27.15930902111324,10.86051511189037,407253.05,602,0,7.50741,0,gap_through,,,,,,,0
2025-12-23,NBIL,11.1799,10.55,10.64,5.92011278195488,43104.0,1.8476200224506285,0.7620257183679937,11.24,-5.338078291814943,9.697508896797151,0.422018348623854,-27.27272727272727,10.936617708550788,1079752.25,602,0,10.51835,0,gap_through,,,,,,,0
2025-12-23,NBY,5.1266,4.82,5.12,5.988281249999991,106716.0,2.610406359925183,0.0652315720808858,5.43,-5.709023941068133,23.296500920810324,0.3675889328063238,-20.86553323029366,19.67214235454916,2294260.9,587,1,4.805540000000001,1,,4.785,4.575,eod,588.0,945.0,0.3415999999999997,1
2025-12-23,RGTU,21.205,20.43,20.77,3.731343283582083,30819.0,1.7437772628752783,0.9161290322580672,22.59,-8.056662239929173,21.7352810978309,0.7780040733197556,-38.55029585798816,13.636595135858729,414770.25,605,0,20.36871,1,,20.33,21.2233,stop,606.0,625.0,0.875,1
2025-12-23,RGTX,17.43,16.74,17.06,4.044548651817124,121014.0,2.137080296059431,1.0,18.46,-7.583965330444214,21.99133261105091,0.758695437974185,-82.80068555297913,21.448029995601807,1730582.55,605,0,16.68978,1,,16.74,17.43,stop,606.0,626.0,0.6900000000000013,0
2025-12-23,RXST,11.49,11.04,11.19,4.021447721179634,44232.0,1.4523555362169538,0.6222222222222232,12.23,-8.503679476696654,3.7612428454619713,0.5869565217391307,-15.355521936459915,2.7351306127801043,858139.45,584,0,11.00688,1,,11.05,10.95,eod,585.0,945.0,0.4399999999999995,0
2025-12-23,SDEV,5.1266,4.82,5.12,5.988281249999991,106716.0,2.610406359925183,0.0652315720808858,5.43,-5.709023941068133,23.296500920810324,0.3675889328063238,-20.86553323029366,19.67214235454916,2294260.9,587,1,4.805540000000001,1,,4.785,4.575,eod,588.0,945.0,0.3415999999999997,1
2025-12-26,ZSL,5.26,5.1701,5.205,1.727185398655141,1832182.0,0.918918933659584,0.1657397107897652,5.69,-8.523725834797895,6.151142355008781,0.200000000000001,-54.93116287124427,5.01849212569217,10109901.85,598,0,5.1545897,1,,5.15,4.6799,eod,599.0,945.0,0.10999999999999943,1
2025-12-29,HYMC,23.0,22.03,22.81,4.252520824199908,537478.0,3.11678337590221,0.9381443298969084,25.01,-8.796481407437035,10.27548980407837,0.342386863302075,-23.45637583892618,11.603711804026196,3937795.55,605,1,21.96391,1,,22.12,23.0,stop,606.0,913.0,0.879999999999999,0
2025-12-29,KXIN,5.45,5.0,5.25,8.571428571428575,18770.0,2.950522789927632,0.2411111111111116,6.0,-12.5,30.33333333333334,0.8901098901098901,-15.322580645161294,751.1855361372313,1456492.2,575,1,4.985,1,,4.95,4.7501,eod,576.0,900.0,0.5,1
2025-12-29,OKLL,18.9902,18.15,18.23,4.608886450905118,147833.0,1.278691988297239,0.9640561771006896,19.36,-5.836776859504127,11.311983471074386,0.1735159817351592,-60.47267996530788,12.91912903153713,2830957.15,631,0,18.09555,1,,17.98,17.85,eod,632.0,945.0,1.010200000000001,1
2025-12-31,CHRN,9.62,8.9,9.56,7.531380753138063,284331.0,2.4653957838627414,0.2652777777777767,10.58,-9.640831758034023,46.31285444234404,0.5673381089409989,-24.72440944881889,21.06476209530128,6025631.3,576,1,8.8733,1,,8.87,8.68,eod,577.0,945.0,0.75,1
2025-12-31,EKSO,9.62,8.9,9.56,7.531380753138063,284331.0,2.4653957838627414,0.2652777777777767,10.58,-9.640831758034023,46.31285444234404,0.5673381089409989,-24.72440944881889,21.06476209530128,6025631.3,576,1,8.8733,1,,8.87,8.97,eod,577.0,900.0,0.75,1
2026-01-02,BMNZ,23.0617,22.0,22.365,4.747149564050965,57381.0,1.343179843629661,1.0,23.89,-6.383424026789461,8.569694432817078,0.7668636741073611,-8.217159882301289,11.464054420457368,4611794.0,583,0,21.934,1,,21.962,17.2224,eod,584.0,945.0,1.0996999999999986,0
2026-01-02,INBS,8.0,7.6101,7.8,4.998717948717948,105784.0,2.20388094920675,0.1536291356758139,9.53,-18.15320041972717,76.81007345225603,0.5341530054644809,-39.72179289026276,202.30907938622576,5540767.15,576,1,7.5872697,1,,7.72,8.0,stop,577.0,578.0,0.2800000000000002,0
2026-01-05,BMNZ,15.88,15.15,15.49,4.712717882504845,76821.0,2.0834417952942177,0.4109589041095873,16.77,-7.632677400119257,39.46630888491352,0.0151091637077884,-36.43120083062136,12.95199717353525,4654598.15,583,0,15.10455,1,,15.115,15.88,stop,584.0,607.0,0.7650000000000006,0
2026-01-05,GDXD,8.09,7.83,7.99,3.254067584480598,94049.0,1.7695682962783552,0.3846153846153836,8.53,-6.330597889800695,14.640093786635417,0.3923766816143496,-32.63069139966272,6.773422231597882,3335000.45,579,0,7.80651,1,,7.8,7.66,lock,580.0,931.0,0.29000000000000004,1
2026-01-05,MSTZ,14.785,14.37,14.69,2.825051055139557,295521.0,1.5723481073872163,0.7469879518072284,15.96,-7.957393483709281,15.41353383458646,0.3211382113821143,-16.676120249574584,6.271327366446693,9730632.75,578,0,14.32689,1,,14.46,14.2975,lock,579.0,606.0,0.3249999999999993,0
2026-01-05,OKLS,16.3051,14.89,15.78,8.967680608365013,56057.0,2.41300521700395,0.105999576001695,17.74,-11.048478015783536,18.788049605411512,0.0399339933993395,-27.64753621061995,10.478288949874685,720890.6,576,1,14.84533,0,gap_through,,,,,,,0
2026-01-06,MH,16.29,15.51,15.66,4.980842911877391,32406.0,1.621321597697403,0.1794871794871803,16.66,-6.002400960384153,4.41176470588235,0.5918367346938763,-11.873944850872252,1.3829799786088404,589553.95,602,0,15.46347,1,,15.43,14.545,eod,603.0,945.0,0.8599999999999994,1
2026-01-06,OKLS,11.6898,10.85,11.36,7.392605633802819,152827.0,2.4520011795666883,0.2024291497975706,12.03,-5.569409808811305,38.15544472152951,0.0686259558615279,-47.91356218964782,12.926396763976616,727748.95,575,1,10.81745,0,gap_through,,,,,,,0
2026-01-06,ZBIO,16.145,14.5,15.75,10.444444444444445,223841.0,3.701735783456761,0.0060790273556229,16.61,-5.177603853100539,24.08187838651415,0.7774999999999999,-64.68609865470853,13.644586715883191,747035.3,575,1,14.4565,1,,14.42,15.23,eod,576.0,945.0,1.7249999999999996,1
2026-01-07,BAIG,11.724,10.9,10.95,7.52511415525114,37237.0,1.865621416835605,0.527912621359224,12.0,-8.750000000000007,16.500000000000004,1.0,-31.987577639751564,10.152169254532572,410107.05,577,0,10.8673,1,,10.84,10.54,eod,578.0,945.0,0.8840000000000003,1
2026-01-07,CLSX,21.29,20.29,20.99,4.76417341591234,36894.0,1.7304858673777597,0.1561000000000021,22.23,-5.57804768331085,22.73954116059381,0.5489614243323443,-47.65586034912719,12.085716320563234,677440.75,619,0,20.22913,1,,20.23,21.29,stop,622.0,655.0,1.0599999999999987,0
2026-01-07,HL,21.14,20.29,21.09,4.0303461356093,1895284.0,1.352007321219389,0.1176470588235308,22.27,-5.2986079928154455,10.68702290076337,0.9957983193277304,-5.3411131059246015,4.697386150547228,26047873.9,575,0,20.22913,1,,20.22,21.14,stop,576.0,918.0,0.9200000000000017,1
2026-01-07,MSTZ,14.82,13.78,14.59,7.128169979437978,621158.0,2.8532057283515786,0.7596153846153848,15.57,-6.294155427103407,14.707771355170204,0.6812227074235807,-17.24333522404991,6.631166722748782,9283844.6,591,1,13.73866,1,,13.66,14.82,stop,592.0,615.0,1.1600000000000001,1
2026-01-07,SMU,17.75,17.15,17.63,3.403289846851965,105659.0,1.3199099570929496,0.2333333333333337,18.84,-6.42250530785563,19.850849256900204,0.6898312789112007,-38.57142857142858,13.341537492097313,1833983.8,575,0,17.09855,1,,17.1496,17.75,stop,576.0,581.0,0.6004000000000005,0
2026-01-08,BMNU,5.46,5.3,5.425,2.9493087557603714,1349626.0,1.4879374641291905,0.4375000000000014,5.76,-5.815972222222221,11.284722222222214,0.0923076923076917,-55.78647106764466,12.350437027788136,38548297.65,603,0,5.2841,1,,5.3,5.46,stop,604.0,611.0,0.1600000000000001,0
2026-01-08,CRMD,9.413,8.475,8.65,10.843930635838158,1058728.0,5.56211277410454,0.1224946695095952,11.17,-22.5604297224709,5.729632945389441,0.3593750000000003,-33.56374807987711,3.207475448309217,2832235.6,592,1,8.449575,1,,8.4401,7.49,eod,593.0,945.0,0.972900000000001,1
2026-01-08,HELE,21.3,19.3,19.32,10.351966873706004,51933.0,3.503233708854024,0.6999999999999993,21.08,-8.349146110056918,9.677419354838722,0.3774509803921561,-13.557046979865776,2.67880721693343,987200.1,587,1,19.2421,0,gap_through,,,,,,,0
2026-01-08,IMRX,6.08,5.485,5.82,10.223367697594496,1173501.0,4.936859621988458,0.2100840336134454,8.33,-30.132052821128447,20.528211284513816,0.9122807017543858,-31.367924528301888,6.150615826760199,1798428.7,576,1,5.468545000000001,0,gap_through,,,,,,,0
2026-01-08,SGML,14.98,14.3,14.72,4.619565217391302,389407.0,2.702486332601404,0.75,15.66,-6.002554278416344,7.567049808429122,0.2911392405063295,-11.32530120481928,5.537396437975751,4063516.45,585,0,14.2571,1,,14.16,13.3801,eod,586.0,945.0,0.8200000000000003,1
2026-01-08,TGL,8.1,7.55,8.03,6.849315068493149,32755.0,2.9471011326898244,0.2181818181818184,8.61,-6.736353077816494,36.235772357723576,0.7307606013013238,-69.69811320754717,15.550302234662764,1121273.65,585,1,7.52735,1,,7.53,6.98,eod,586.0,945.0,0.5699999999999994,0
2026-01-08,TNGX,11.3999,10.84,11.01,5.085376930063585,184025.0,2.0991519563288827,0.0893016610108959,11.79,-6.615776081424932,20.69550466497031,0.8688524590163933,-9.08340214698596,5.4455844910391695,2827356.35,575,0,10.80748,1,,10.76,11.3999,stop,576.0,817.0,0.6399000000000008,1
2026-01-08,XRPT,6.2099,6.11,6.14,1.6270358306188906,82722.0,0.5347423881217725,0.9149149149149086,6.78,-9.439528023598829,6.194690265486724,0.0952380952380953,-25.66585956416465,10.33802205339752,2363330.95,584,1,6.091670000000001,1,,6.0914,6.2099,stop,585.0,591.0,0.11850000000000005,1
2026-01-08,XXRP,11.95,11.77,11.86,1.5177065767284967,41181.0,0.4132795653095671,0.8700000000000067,13.07,-9.257842387146145,6.465187452180557,0.0769230769230764,-25.59598494353827,10.390796350100668,1629364.1,584,1,11.73469,1,,11.74,11.95,stop,585.0,587.0,0.209999999999999,0
2026-01-09,ACON,5.96,5.51,5.88,7.653061224489798,94876.0,2.4097165545274537,0.2666666666666668,8.17,-28.02937576499388,25.33659730722154,0.4251207729468599,-37.179487179487175,11.115514193876754,2270999.45,577,1,5.493469999999999,1,,5.5086,4.89,eod,578.0,900.0,0.4513999999999996,0
2026-01-09,BBNX,23.92,20.86,22.75,13.45054945054946,400965.0,6.283644869855157,0.5087254901960778,31.99,-28.884026258205687,6.720850265708029,0.7255813953488371,-30.171884591774088,2.958955759915645,946057.5,590,1,20.79742,0,gap_through,,,,,,,0
2026-01-09,BOIL,16.9081,16.76,16.79,0.8820726622989843,769953.0,0.4370231203123644,0.337609723160009,18.22,-7.848518111964872,5.4231613611416,0.2024086630907797,-50.690161527165934,7.068885738733391,10094646.25,601,0,16.70972,1,,16.7,16.59595,lock,602.0,656.0,0.20810000000000173,1
2026-01-09,PCRX,24.91,24.0,24.64,3.6931818181818175,89997.0,1.4221632407696123,0.2967032967032962,26.02,-5.3036126056879285,3.209069946195238,0.5988023952095802,-9.278016487542295,2.079017298661312,883073.9,575,0,23.928,1,,23.86,23.51,eod,576.0,945.0,1.0500000000000007,1
2026-01-09,SMX,27.59,24.6,26.0,11.499999999999991,99333.0,4.304734814353779,0.093645484949832,28.16,-7.670454545454546,41.51278409090909,0.2908468776732248,-90.44117647058825,30.99404700822041,2162832.35,575,1,24.526200000000003,1,,24.3793,23.29,eod,576.0,899.0,3.210699999999999,1
2026-01-12,ATEC,21.56,18.83,21.47,12.715416860735912,884185.0,6.153458511738095,0.0842490842490844,22.65,-5.20971302428256,3.9567328918322313,0.7322026333407701,-7.8145126663804225,1.4271004693489515,2009993.85,575,1,18.77351,1,,19.17,17.955,eod,576.0,945.0,2.389999999999997,0
2026-01-12,NBY,17.3873,14.75,17.32,15.226905311778289,287948.0,4.699803765770569,0.0455010806506651,19.16,-9.603340292275574,53.54853862212944,0.923001198842094,-13.182957393483704,30.23744329991424,3115198.65,575,1,14.70575,1,,14.66,13.2,eod,576.0,945.0,2.7272999999999996,1
2026-01-12,SDEV,17.3873,14.75,17.32,15.226905311778289,287948.0,4.699803765770569,0.0455010806506651,19.16,-9.603340292275574,53.54853862212944,0.923001198842094,-13.182957393483704,30.23744329991424,3115198.65,575,1,14.70575,1,,14.66,13.2,eod,576.0,945.0,2.7272999999999996,1
2026-01-14,BMNZ,15.1,14.31,15.1,5.231788079470193,113284.0,3.205938137357492,0.371139240506328,16.02,-5.742821473158552,8.052434456928845,0.8139534883720916,-38.03170642623516,10.967912570588648,3791725.75,587,1,14.26707,1,,14.2882,13.8823,lock,588.0,719.0,0.8117999999999999,0
2026-01-14,EOSE,16.5617,15.7,15.965,5.397431882242399,2337360.0,3.2643978721912945,0.2652895439248002,16.82,-5.083234244946495,9.274673008323438,0.3974358974358974,-10.106981981981992,5.106574360278829,15337845.95,585,0,15.6529,1,,15.6712,16.5617,stop,586.0,615.0,0.8904999999999976,0
2026-01-14,LABX,16.57,15.7001,16.5,5.272121212121209,55199.0,2.2224771618377805,0.242901482929072,17.43,-5.335628227194491,11.055077452667811,0.6927707717058494,-12.0,9.300669734785098,880193.6,576,1,15.6529997,1,,15.6,15.56,eod,577.0,945.0,0.9700000000000006,1
2026-01-14,MSTZ,12.06,11.29,11.785,6.53372931692831,646061.0,2.4073760754597986,0.2142857142857151,12.63,-6.690419635787811,15.47901821060966,0.0767263427109976,-33.15371525808281,6.801835744838325,8728754.4,577,1,11.25613,1,,11.27,12.06,stop,578.0,814.0,0.7900000000000009,0
2026-01-14,OKLL,28.2,26.88,27.85,4.739676840215441,195506.0,2.218953871726092,0.3666666666666679,29.36,-5.143051771117159,23.6716621253406,0.0446043165467624,-32.12283694857421,11.406421993461024,3232509.9,576,0,26.79936,1,,26.8281,28.2,stop,577.0,693.0,1.3719,0
2026-01-15,ADUR,14.165,13.64,13.85,3.7906137184115423,42660.0,1.8367685509294536,1.0,14.59,-5.071967100753943,16.244002741603833,0.987341772151899,-5.26675786593707,5.162164177175377,649354.9,592,0,13.59908,1,,13.575,14.165,stop,593.0,608.0,0.5899999999999999,1
2026-01-15,CORD,20.52,18.8895,20.5,7.953658536585355,122040.0,3.327583612978481,0.5296534805274451,22.96,-10.714285714285715,15.655923344947734,0.5326322817559673,-67.03024532714038,13.85730493270712,799254.65,575,1,18.8328315,0,ssr_no_uptick,,,,,,,0
2026-01-15,THH,29.0,24.9,27.78,14.75881929445645,39370.0,7.963980352875797,0.0439024390243901,32.0,-13.187499999999996,132.9203125,0.4645640597632509,-49.53678474114441,35.381374942747605,218546.45,575,1,24.8253,0,ssr_no_uptick,,,,,,,0
2026-01-16,MLEC,7.2699,6.72,6.72,8.183035714285715,21762.0,3.509450659024623,0.8736133842516828,7.7,-12.727272727272732,122.46753246753248,0.44220572640509,-48.14814814814815,325.65942692123,1084965.4,579,1,6.69984,0,gap_through,,,,,,,0
2026-01-16,SPHL,14.7,13.65,14.16,7.415254237288129,98631.0,4.154604549270237,0.6667619047619046,17.41,-18.667432510051693,109.30499712808732,0.5953757225433526,-43.60812425328554,150.7961185125051,5693972.6,580,1,13.60905,0,gap_through,,,,,,,0
2026-01-20,ADUR,14.1,13.4,13.69,5.113221329437541,57927.0,1.733886571124236,0.8499999999999992,14.85,-7.811447811447812,11.380471380471375,0.940828402366864,-8.42809364548495,5.276122376703088,675866.1,603,0,13.3598,1,,13.39,14.1099,stop,604.0,651.0,0.7099999999999991,0
2026-01-20,APPX,22.9852,22.0,22.1,4.457918552036194,154543.0,1.8644172646341848,0.5785627283800252,24.56,-10.01628664495113,20.846905537459275,0.1660156249999996,-51.8308631211857,7.352288177469387,657177.9,577,1,21.934,1,,21.84,22.9852,stop,578.0,598.0,1.145199999999999,1
2026-01-20,BIYA,5.63,5.35,5.35,5.233644859813089,15034.0,1.5514092316661665,0.5000000000000016,7.05,-24.11347517730497,48.36879432624113,0.4897360703812317,-39.135381114903296,518.1486710819106,1289600.6,578,1,5.33395,0,gap_through,,,,,,,0
2026-01-20,BKKT,19.78,18.5,19.73,6.487582361885459,170431.0,1.3601016194693565,0.078125000000001,21.41,-7.846800560485753,16.763194768799618,0.8049595987740319,-10.764360018091356,9.117482297561248,1620506.5,575,1,18.4445,1,,18.76,18.25,lock,576.0,746.0,1.0199999999999996,0
2026-01-20,BMNU,5.072,4.85,5.0,4.440000000000008,2635013.0,2.048017932420596,0.518018018018018,5.91,-15.397631133671744,10.829103214890011,0.8281250000000008,-31.12947658402204,10.597631365494689,37599768.9,611,1,4.83545,1,,4.875,5.072,stop,612.0,625.0,0.197,0
2026-01-20,BTQ,5.396,5.29,5.32,1.992481203007516,63465.0,0.6683101075259654,0.8490566037735846,5.66,-6.007067137809185,4.240282685512371,0.8749999999999991,-23.45323741007194,4.243102216425814,2647807.6,587,0,5.27413,1,,5.26,5.396,stop,588.0,631.0,0.13600000000000012,1
2026-01-20,DFDV,7.15,6.9201,7.15,3.215384615384624,120219.0,1.27576929318296,0.1735537190082651,7.95,-10.062893081761004,13.207547169811315,0.9904761904761908,-15.384615384615374,7.925554559925968,1966489.45,588,1,6.8993397,0,gap_through,,,,,,,0
2026-01-20,FLNC,26.5,25.442,25.67,4.121542656797818,373610.0,1.7516388331076955,0.7117202268431004,27.08,-5.20679468242244,10.635155096011816,0.7048611111111105,-8.09165771571786,5.654201127570882,4363229.0,586,0,25.365674,1,,25.245,25.495,eod,587.0,945.0,1.254999999999999,1
2026-01-20,IONX,25.84,24.71,25.37,4.454079621600311,325155.0,1.7311601009701096,0.1061946902654845,26.86,-5.547282204020843,15.897244973938944,0.7400468384074943,-26.25,9.272972829907552,2308369.4,587,0,24.63587,1,,24.65,25.84,stop,588.0,624.0,1.1900000000000013,0
2026-01-20,MNTS,8.2457,8.0,8.05,3.05217391304347,30912.0,0.9913485925109724,0.8140008140008133,8.78,-8.3143507972665,11.936218678815491,0.3129770992366406,-49.62421542062215,19.79600280374922,6559578.5,588,0,7.976,1,,8.0101,8.2457,stop,589.0,594.0,0.2355999999999998,0
2026-01-20,MRAL,6.38,5.83,6.36,8.647798742138361,154362.0,1.9609085353377027,0.1181818181818173,7.09,-10.296191819464028,15.514809590973195,0.8090909090909091,-12.876712328767118,7.952699788062889,967683.25,595,1,5.81251,1,,5.82,6.38,stop,596.0,724.0,0.5599999999999996,0
2026-01-20,MST,6.445,6.1601,6.4,4.451562500000006,27616.0,0.9565162812522114,0.0,7.06,-9.3484419263456,6.940509915014167,0.9795918367346924,-22.984356197352582,5.930943544636159,449666.05,586,1,6.1416197,1,,6.165,6.09,eod,587.0,943.0,0.2800000000000002,0
2026-01-20,MSTU,9.525,9.02,9.45,5.343915343915353,1155288.0,1.579233955885843,0.2376237623762392,10.54,-10.341555977229602,6.97343453510436,1.0,-25.05947660586836,6.866971169100624,15264655.9,587,1,8.992939999999999,1,,8.975,9.02,eod,588.0,945.0,0.5500000000000007,1
2026-01-20,NVTS,10.55,10.1,10.29,4.3731778425656085,1513994.0,2.150926220376117,0.5111111111111108,10.91,-5.682859761686535,8.518790100824924,0.7424144609425436,-7.708038100704978,6.162705792642739,23385920.05,586,0,10.0697,1,,10.08,9.825,eod,587.0,945.0,0.4700000000000006,0
2026-01-20,OKLL,26.95,25.21,25.33,6.869324911172517,182721.0,2.3406407488633567,1.0,27.81,-8.917655519597268,14.92268967997124,0.7614457831325298,-38.26468437728492,10.811444416119189,3431247.3,586,0,25.13437,1,,25.555,26.95,stop,587.0,675.0,1.3949999999999996,0
2026-01-20,RGTX,14.61,14.0,14.395,4.237582493921497,193919.0,1.7447781152090274,0.0983606557377058,15.67,-8.136566687938739,12.061263560944472,0.6507936507936515,-25.95012243050268,9.885294613091665,2916717.35,576,1,13.958,1,,14.01,14.61,stop,577.0,646.0,0.5999999999999996,0
2026-01-20,ROLR,14.5,13.86,13.9,4.604316546762594,116474.0,3.548931313731121,0.4218750000000017,16.88,-17.65402843601895,70.31990521327013,0.0143218197135634,-58.729216152019006,97.11822569343536,5846217.15,587,1,13.81842,1,,14.18,14.02,lock,588.0,627.0,0.3200000000000003,0
2026-01-20,SMCX,12.65,11.9,12.525,5.9880239520958085,299977.0,1.6928153877582437,0.0399999999999991,13.76,-8.975290697674415,18.56831395348837,0.9119373776908024,-10.917496443812237,7.376017068203865,2941653.35,575,1,11.8643,1,,11.8491,12.65,stop,576.0,670.0,0.8009000000000004,1
2026-01-20,SMU,18.63,17.96,18.25,3.671232876712319,86534.0,1.617129790288511,0.5371641791044786,19.87,-8.15299446401611,15.450427780573731,0.8436482084690553,-24.032085516977265,11.496006530877708,2140840.95,586,0,17.90612,1,,18.03,18.63,stop,587.0,642.0,0.5999999999999979,0
2026-01-20,SOLT,6.7,6.6101,6.65,1.3518796992481217,511012.0,0.8109065332542977,0.6507230255839765,8.59,-22.584400465657737,6.635622817229341,0.9824561403508776,-26.640926640926637,6.011564555476381,9648230.5,588,1,6.5902697,1,,6.6099,6.5199,eod,589.0,945.0,0.0901000000000005,0
2026-01-20,SPHL,5.82,5.33,5.33,9.193245778611637,28325.0,2.771681520558738,1.0,7.43,-28.26379542395693,112.44818304172274,0.1208871440711438,-78.77339705296696,152.03485325401823,5894836.3,590,1,5.31401,1,,5.4243,5.22645,lock,591.0,799.0,0.3957000000000006,0
2026-01-20,XRPT,5.21,5.17,5.18,0.7722007722007729,115414.0,0.564788748543719,0.6250000000000083,6.14,-15.635179153094464,5.048859934853414,1.0,-37.28813559322034,9.822850312954971,2793180.5,609,1,5.15449,1,,5.15,5.21,stop,610.0,612.0,0.05999999999999961,1
2026-01-20,XXRP,10.045,9.93,10.0,1.150000000000002,119628.0,0.6228251799239211,0.6956521739130428,11.79,-15.182357930449529,5.0890585241730255,0.949999999999998,-37.26474278544542,9.9548457493475,1668824.8,609,1,9.90021,1,,9.89,10.07,stop,610.0,613.0,0.15499999999999936,1
2026-01-21,ERAS,9.68,9.18,9.2,5.434782608695652,137131.0,2.0743442354699626,0.9000000000000021,9.81,-6.2181447502548535,12.43628950050969,0.5000000000000008,-11.70825335892515,11.39888444216765,8167549.25,606,0,9.15246,1,,9.4,9.260000000000002,lock,607.0,692.0,0.2799999999999993,0
2026-01-21,KOLD,23.12,22.48,22.48,2.8469750889679744,610800.0,1.1238399261702674,0.562343749999999,27.89,-19.39763356041592,19.756185012549302,0.1451905626134302,-54.55831817262988,12.140462498411498,4678319.8,603,1,22.41256,1,,22.355,23.12,stop,604.0,621.0,0.7650000000000006,1
2026-01-21,LEGN,22.04,20.5,21.98,7.006369426751588,412328.0,1.829952526392572,0.0649350649350659,23.42,-6.148590947907776,11.421861656703674,0.8299065420560755,-8.87230514096186,3.529143966922593,2268310.4,578,1,20.4385,1,,20.55,20.615,eod,579.0,945.0,1.4899999999999984,0
2026-01-21,UVIX,6.36,6.22,6.29,2.225755166931646,2020999.0,1.283719942994945,0.8571428571428544,6.86,-8.30903790087464,13.411078717201164,0.7717391304347826,-11.032531824611036,5.9591968678858285,21955751.05,587,0,6.20134,1,,6.18,6.09,lock,588.0,697.0,0.1800000000000006,1
2026-01-22,BNAI,8.8,8.21,8.21,7.186358099878194,90865.0,3.450803021264204,0.6610169491525405,8.7,-5.63218390804596,41.03448275862071,0.249299719887955,-27.855887521968363,32.46795952690819,19337795.0,584,0,8.18537,1,,8.225,8.8,stop,585.0,650.0,0.5750000000000011,0
2026-01-22,KOLD,20.709,20.37,20.44,1.658512720156549,658236.0,0.7870986469123906,0.2587020648967506,22.4,-8.749999999999988,11.495535714285712,0.0815533980582514,-58.68202951283605,12.6649680814606,5566758.45,605,0,20.30889,1,,20.305,20.709,stop,606.0,640.0,0.4039999999999999,1
2026-01-22,POET,7.71,7.17,7.7,7.012987012987014,2100304.0,2.6874529148274062,0.203888888888889,8.37,-8.004778972520898,11.469534050179222,0.6354166666666655,-15.754923413566743,4.903589187722567,7660782.95,588,1,7.14849,0,gap_through,,,,,,,0
2026-01-22,RGTZ,16.3199,15.64,16.1,4.222981366459626,369027.0,2.340568989224232,0.5589057214296206,17.26,-6.720741599073002,27.694090382387028,0.6673640167364018,-30.901287553648064,8.091412713559414,5903617.4,581,0,15.59308,1,,15.8,16.3199,stop,582.0,603.0,0.5198999999999998,0
2026-01-23,NUAI,7.75,7.01,7.03,10.526315789473689,701973.0,4.546871494958859,0.7567567567567572,8.06,-12.779156327543426,28.34987593052109,0.3938730853391686,-25.569084171519325,15.855491021280194,8744630.0,600,1,6.98897,1,,6.96,7.255,eod,601.0,945.0,0.79,1
2026-01-26,ASTI,6.18,5.81,6.17,5.996758508914103,304015.0,3.118692003836305,0.5135135135135144,7.32,-15.710382513661203,27.45901639344262,0.4427860696517416,-26.895734597156395,16.39103182483836,3950077.4,605,1,5.79257,1,,5.82,6.18,stop,606.0,834.0,0.3599999999999994,0
2026-01-26,CORD,16.7,14.87,16.6,11.024096385542167,228969.0,6.653765178535368,0.3060109289617489,20.52,-19.103313840155938,19.84405458089668,0.3339882121807465,-59.5368677635588,9.570173904698985,1046460.1,575,1,14.82539,0,gap_through,,,,,,,0
2026-01-26,RGC,29.61,28.0,29.1,5.532646048109964,39921.0,2.164024838938529,0.8067080745341617,31.41,-7.354345749761218,31.20025469595669,0.3479591836734695,-57.826086956521735,21.51172266176875,981168.85,599,1,27.916,0,gap_through,,,,,,,0
2026-01-26,ROLR,7.92,7.7,7.71,2.853437094682228,44796.0,1.4130154186724615,0.2731818181818197,8.3,-7.108433734939768,21.32530120481927,0.0225988700564977,-77.10807600950118,98.67390681192086,6682828.3,578,0,7.6769,1,,7.65,7.92,stop,579.0,583.0,0.2699999999999996,1
2026-01-27,BOIL,30.68,29.81,29.97,2.9029029029029063,452683.0,1.2094740983276762,0.5747126436781602,31.79,-5.725070776973892,13.337527524378745,0.6509433962264143,-9.918845807033374,12.27103422343593,16810499.45,592,0,29.72057,1,,29.77,30.68,stop,593.0,681.0,0.91,0
2026-01-27,CORD,16.8,16.1,16.28,4.299754299754295,64663.0,2.185402816442023,0.485714285714286,18.17,-10.401761144744086,25.261419922949912,0.9782135076252728,-60.316879951249234,9.585711735909726,1232621.65,575,0,16.0517,1,,16.33,16.095,lock,576.0,587.0,0.4700000000000024,0
2026-01-27,QBTZ,9.7,9.2,9.25,5.405405405405405,160535.0,2.394502326572024,0.4198000000000021,10.1,-8.415841584158413,17.52475247524754,0.8813559322033895,-12.9821260583255,9.274390983244905,5425453.65,575,0,9.1724,1,,9.1201,9.7,stop,576.0,583.0,0.5798999999999985,1
2026-01-27,UNHG,13.21,11.955,12.61,9.95241871530532,1174855.0,3.369730264232797,0.129482071713147,18.76,-32.78251599147122,4.184434968017058,0.5796178343949067,-35.05356407086939,3.718710107290303,1439671.25,575,1,11.919135,1,,11.955,11.46,eod,576.0,945.0,1.2550000000000008,0
2026-01-28,PHGE,6.7,6.49,6.54,3.211009174311926,52889.0,1.8475159742328635,0.0952380952380932,6.95,-5.89928057553957,31.79856115107913,0.5475113122171945,-17.735849056603776,15.99647736406396,2810247.15,586,0,6.47053,0,gap_through,,,,,,,0
2026-01-28,RR,5.15,4.88,5.09,5.304518664047161,6353315.0,1.99532855374226,0.296296296296296,5.51,-7.6225045372050815,28.130671506352083,0.9419354838709678,-9.107142857142854,11.590940963366398,40122193.45,576,1,4.86536,1,,4.8753,5.15,stop,577.0,852.0,0.2747000000000001,0
2026-01-28,ZSTK,9.5418,8.4001,8.5,13.431764705882356,20802.0,4.856309642802397,1.0,10.97,-22.51595259799453,59.25250683682771,0.6723076923076925,-35.11450381679389,17.257323886015644,111614.55,605,1,8.3748997,0,gap_through,,,,,,,0
2026-01-29,CLSX,25.7662,24.77,25.1,3.968924302788852,34506.0,1.2255224574951291,0.0100381449508146,26.63,-5.7453999248967245,10.251595944423585,0.3223443223443219,-19.266645223544543,10.337672401397477,684711.05,576,0,24.69569,1,,25.0,25.7662,stop,577.0,578.0,0.7662000000000013,0
2026-01-29,CRML,15.85,14.7601,15.75,6.920000000000001,2115621.0,2.1501939421926517,0.2752546105147267,17.06,-7.678780773739735,6.477139507620167,0.0542986425339354,-27.950594693504115,12.617272520420212,28832198.45,597,1,14.7158197,1,,14.6601,14.275,eod,598.0,945.0,1.1898999999999997,1
2026-01-29,CRWU,10.07,9.66,9.97,4.112337011033101,177991.0,1.5090650131165608,0.1707317073170738,10.52,-5.228136882129268,21.378326996197707,0.3241440640284569,-17.19269102990032,10.36734908897188,1969773.65,575,0,9.63102,1,,9.65,10.115,stop,576.0,587.0,0.4199999999999999,0
2026-01-29,GOAI,6.9691,6.0,6.93,13.984126984126984,50570.0,6.057444806180451,0.9486121143328858,7.62,-9.055118110236226,150.80052493438322,0.0966843616743538,0.0,0.0,0.0,598,1,5.982,0,gap_through,,,,,,,0
2026-01-29,LC,18.3,17.52,18.22,4.281009879253574,503633.0,2.230898114821953,0.2564102564102551,19.57,-6.898313745528878,6.693919264179879,0.0916030534351151,-15.92062759575451,3.009925203810904,1891216.05,629,1,17.46744,1,,17.405,16.63,eod,630.0,945.0,0.8949999999999996,1
2026-01-29,MOVE,17.55,17.1,17.11,2.630040911747512,18248.0,1.6314799065583312,0.0266666666666598,18.26,-6.297918948521369,24.095837897042703,0.0590922520966389,-50.93203326641812,31.86778217684219,2867490.4,581,0,17.0487,0,gap_through,,,,,,,0
2026-01-29,MRAL,5.56,5.4,5.47,2.925045703839109,40175.0,1.048132000306937,0.1218749999999996,5.82,-6.013745704467363,10.309278350515456,0.2833333333333334,-25.068493150684933,9.046030841009475,1076714.85,576,0,5.3838,1,,5.4935,5.56,stop,577.0,578.0,0.0664999999999995,0
2026-01-29,MSFL,22.359,20.9201,22.07,6.519710013593113,314155.0,1.9696944317584488,0.131975814858571,26.69,-17.309853877856877,2.454102660172353,0.587786259541986,-20.810907786149983,2.939798742498537,357630.8,593,1,20.8573397,0,gap_through,,,,,,,0
2026-01-29,NB,6.9,6.62,6.81,4.111600587371517,920334.0,1.5682677163963967,0.2860714285714277,7.3,-6.7123287671232905,5.520547945205486,0.5533498759305201,-16.748166259168705,6.346477106872446,6110786.15,575,0,6.60014,1,,6.715,6.6225,lock,576.0,864.0,0.1850000000000005,0
2026-01-29,NOWL,8.34,7.7625,8.34,6.924460431654672,352406.0,3.019594760034027,0.8268398268398274,10.06,-17.097415506958257,7.372763419483099,0.1752730214372398,-43.3038749150238,4.495780625716947,256896.95,585,1,7.7392125,1,,7.78,7.785,eod,586.0,945.0,0.5599999999999996,0
2026-01-29,RGTX,10.77,10.3828,10.72,3.611940298507462,164028.0,1.6577835880125358,0.405991735537189,11.3,-5.132743362831859,7.876106194690255,0.449438202247192,-37.85507246376811,8.170957306713571,3295322.5,583,0,10.3516516,1,,10.37,8.7997,eod,584.0,945.0,0.4000000000000003,0
2026-01-29,SMU,18.845,17.85,18.51,5.3754727174500125,96382.0,2.56346915514687,0.2412060301507528,19.68,-5.945121951219503,17.428861788617887,0.7609329446064139,-22.94980289968488,12.31045859506006,2639557.55,582,1,17.79645,1,,17.68,17.11,lock,583.0,740.0,1.1649999999999991,1
2026-01-29,UAMY,9.22,8.5,8.88,8.108108108108114,1448931.0,3.219549836638284,0.1111111111111111,9.7,-8.453608247422666,11.134020618556702,0.5277777777777763,-25.81453634085213,8.776312514438292,17303525.85,576,1,8.4745,1,,8.54,8.16,eod,577.0,945.0,0.6800000000000015,0
2026-01-29,USAR,22.81,21.25,22.68,6.878306878306873,3781823.0,2.350235974536675,0.441666666666667,25.18,-9.928514694201748,9.650516282764112,0.4897119341563785,-29.279700654817585,7.541021360687276,23174538.35,599,1,21.18625,1,,21.065,22.81,stop,600.0,868.0,1.7449999999999974,1
2026-01-29,UUUG,27.09,24.0,26.6,11.616541353383456,59287.0,3.9151027783199366,0.1324271844660189,29.48,-9.769335142469467,22.32021709633649,0.9209726443768996,-11.333333333333329,12.583312253032918,301227.1818181818,575,1,23.928,1,,24.01,23.23,eod,576.0,944.0,3.0799999999999983,0
2026-01-29,UUUU,26.63,25.14,26.2,5.687022900763353,1468982.0,2.260101913246563,0.1591946308724819,27.72,-5.483405483405482,12.19336219336219,0.9467455621301776,-6.093189964157704,5.9531039601968185,16870990.05,575,0,25.06458,1,,25.16,24.75,eod,576.0,945.0,1.4699999999999989,0
2026-01-29,VELO,15.9,14.85,15.61,6.726457399103143,204434.0,2.9465891017745363,0.9823809523809528,16.63,-6.133493686109438,19.48286229705352,0.8086419753086417,-34.52181208053691,12.715423265419298,1941053.15,625,1,14.80545,0,gap_through,,,,,,,0
2026-01-29,VZLA,6.09,5.73,6.0,5.999999999999991,3410733.0,2.541835200412692,0.25,6.86,-12.53644314868805,4.591836734693883,1.0,-16.550764951321284,3.3656711761072806,8612098.35,633,1,5.71281,1,,5.7251,5.755,eod,634.0,945.0,0.3648999999999995,0
2026-01-29,XXRP,9.3,9.16,9.27,1.510248112189866,205207.0,0.6818706783360672,0.1471428571428562,9.88,-6.174089068825923,3.292510121457493,0.6003688902551526,-41.8444165621079,10.520520993464606,1802502.2,576,0,9.13252,1,,9.11,9.014999999999999,lock,577.0,738.0,0.19000000000000128,1
2026-01-30,CLSX,22.7,21.995,22.01,3.203089504770551,29336.0,1.223884066782507,0.9007092198581553,23.28,-5.455326460481098,19.09364261168385,0.4240719910011252,-29.20553232550659,10.75912218140213,729370.3,599,0,21.929015,1,,21.79,22.71,stop,600.0,648.0,0.9100000000000001,1
2026-01-30,CPXR,29.82,29.35,29.45,1.5959252971137483,66497.0,0.4788117335663031,0.9361702127659548,32.24,-8.653846153846162,16.68734491315135,0.5037174721189597,-15.640217702663984,4.34938913131612,231108.9,598,0,29.26195,1,,29.32,28.76,eod,599.0,945.0,0.5,0
2026-01-30,IE,19.22,18.8,18.845,2.228707880074281,73933.0,1.0376743425747097,0.8809523809523871,19.92,-5.39658634538154,14.106425702811254,0.4199288256227766,-12.552204176334117,3.2683958300273166,1965926.85,594,0,18.7436,1,,18.72,17.05,eod,595.0,945.0,0.5,1
2026-01-30,IRE,12.65,11.925,12.6,5.753968253968251,713976.0,2.694561241057735,0.7653793103448279,13.27,-5.048982667671439,18.64355689525245,0.5729587712206954,-16.16766467065868,14.006495323438967,19296802.25,593,1,11.889225,1,,11.91,10.6,eod,594.0,945.0,0.7400000000000002,0
2026-01-30,IREX,21.7046,20.43,21.56,5.911873840445267,95915.0,2.483869026250284,0.698258277106544,22.86,-5.686789151356083,18.45144356955381,0.6159317211948788,-16.23020375176788,13.974820976244247,2306013.4,593,1,20.36871,1,,20.38,18.18,eod,594.0,945.0,1.3246000000000002,0
2026-01-30,KOLD,16.31,16.0,16.015,1.935685295035896,854733.0,0.7672905418634165,0.6083870967741992,17.81,-10.078607523862988,11.25772038180797,0.1945137157107218,-67.62684455225389,12.305172165939393,12509161.4,609,1,15.952,1,,15.9199,13.535,eod,610.0,945.0,0.39009999999999856,1
2026-01-30,NBIG,7.36,7.05,7.35,4.217687074829938,31003.0,1.7273935415573771,0.5806451612903236,7.84,-6.250000000000003,17.53826530612245,0.4800000000000001,-32.10224385917913,9.653388741163385,762902.1,577,1,7.028849999999999,0,ssr_no_uptick,,,,,,,0
2026-01-30,NBIL,10.33,9.9,10.33,4.162633107454015,116741.0,2.08156384835931,0.6279069767441855,11.03,-6.34632819582955,17.361740707162294,0.4804177545691903,-32.10647387446598,9.59018997375916,1274400.85,577,0,9.8703,1,,9.92,8.72,eod,578.0,945.0,0.4100000000000001,0
2026-01-30,NVA,9.48,9.04,9.05,4.861878453038688,62448.0,1.1168682292642456,0.8068181818181804,9.59,-5.630865484880075,14.141814389989566,0.2110308214127704,-20.54433713784021,5.940498952026488,1095646.4,618,0,9.01288,0,gap_through,,,,,,,0
2026-01-30,PLTM,22.28,21.98,22.105,1.3571590137977865,190900.0,0.5013657651787218,0.866666666666658,25.39,-12.93816463174478,12.209531311539982,0.4354838709677422,-20.16973636691947,3.936769272026632,2373979.65,598,1,21.91406,0,ssr_no_uptick,,,,,,,0
2026-01-30,RKT,19.14,18.3,19.05,4.409448818897637,3687882.0,1.4277907357732498,0.0,20.77,-8.28117477130476,2.648050072219551,0.8727272727272724,-21.79802955665024,3.243868770695665,31240410.5,575,1,18.2451,1,,18.2,17.91,eod,576.0,945.0,0.9400000000000013,1
2026-01-30,ROLR,7.49,7.13,7.49,4.806408544726306,41216.0,1.2591992084453605,0.0555555555555567,7.9,-5.18987341772152,24.81012658227849,0.1938775510204085,-77.76128266033253,99.15379161613107,7031511.05,575,1,7.10861,1,,7.16,6.43,eod,576.0,900.0,0.33,0
2026-01-30,SGML,12.53,11.83,11.83,5.917159763313603,226620.0,2.115760106099264,0.957142857142858,12.71,-6.923682140047213,10.81825334382376,0.7672727272727283,-29.87551867219917,9.33276537570146,5174123.05,598,0,11.79451,1,,11.88,10.77,eod,599.0,945.0,0.6499999999999986,0
2026-01-30,SPPP,19.14,18.75,18.88,2.065677966101698,251059.0,0.90354198152157,0.9756410256410278,21.56,-12.430426716141,12.175324675324676,0.3961904761904758,-20.70558588828224,3.844784237408336,1498804.7,601,1,18.69375,1,,18.795,17.57,eod,602.0,945.0,0.3449999999999988,0
2026-01-30,TMQ,5.835,5.53,5.61,5.43672014260249,641349.0,2.084989959063812,0.7704918032786874,6.01,-6.655574043261223,14.7504159733777,0.0862944162436541,-22.62068965517241,4.870039407691516,6294285.15,600,0,5.51341,1,,5.52,5.055,eod,601.0,945.0,0.3150000000000004,0
2026-01-30,UUUG,23.15,21.11,21.98,9.281164695177427,15871.0,1.8109387192730884,1.0,23.4578,-6.299823512861387,32.355975411163875,0.5214492753623187,-26.73333333333333,14.454666338772045,335814.6666666667,627,1,21.04667,1,,21.0,18.5,eod,628.0,945.0,2.1499999999999986,1
2026-01-30,UWMC,5.38,5.16,5.32,4.135338345864657,1931912.0,1.8186171464545973,0.1590909090909099,5.7,-6.666666666666665,4.385964912280701,0.0800000000000018,-13.495934959349592,3.808391377153893,17423235.8,575,1,5.14452,1,,5.125,4.925,eod,576.0,945.0,0.2549999999999999,1
2026-02-02,BOIL,25.81,25.5,25.5,1.215686274509799,367237.0,0.7045212243974879,0.516129032258067,40.67,-37.30022129333662,14.654536513400544,0.9026845637583896,-38.18181818181819,12.777622608074306,18932188.0,580,1,25.4235,1,,25.44,25.81,stop,581.0,591.0,0.3699999999999974,0
2026-02-02,IRE,10.16,9.46,10.01,6.993006993006986,763906.0,2.768199515840206,0.4714285714285695,10.55,-5.118483412322283,25.6872037914692,0.2250922509225096,-33.39986693280107,14.261170389184617,20202209.5,581,1,9.43162,0,gap_through,,,,,,,0
2026-02-02,IREX,17.47,16.2,17.15,7.405247813411077,133586.0,2.6706687682289845,0.4566929133858284,18.16,-5.561674008810582,25.796255506607928,0.243350552875379,-33.364934802542635,14.219570498117443,2479191.5,581,1,16.1514,0,gap_through,,,,,,,0
2026-02-02,NUAI,6.7,6.37,6.46,5.108359133126936,126803.0,1.7442443760334685,0.5757575757575741,6.86,-5.8309037900874685,22.886297376093285,0.4203821656050958,-31.604023292747485,12.06749239155597,8046881.15,593,0,6.35089,1,,6.47,6.105,eod,594.0,945.0,0.2300000000000004,0
2026-02-02,ROLR,6.511,6.4,6.41,1.7316692667706672,19286.0,0.5765890047236094,1.0,6.76,-5.177514792899403,21.264792899408285,0.4921739130434779,-80.96793349168647,99.44504916705846,7066015.3,589,0,6.380800000000001,1,,6.3804,6.511,stop,590.0,610.0,0.13060000000000027,1
2026-02-02,SOC,9.75,9.0,9.19,8.161044613710555,325632.0,2.9892271536891863,0.4733333333333339,9.68,-5.061983471074383,13.223140495867764,0.1406249999999998,-30.95416979714501,7.486395038418612,8065868.3,589,0,8.973,1,,8.9728,8.955,eod,590.0,945.0,0.7772000000000006,1
2026-02-02,UNG,13.82,13.75,13.76,0.5087209302325602,1003280.0,0.2395766210377514,0.8371428571428567,16.9,-18.579881656804726,8.017751479289933,0.9077490774907748,-19.17767988252569,6.913028654547331,31565565.2,581,1,13.70875,0,ssr_no_uptick,,,,,,,0
2026-02-02,VTIX,6.0599,5.515,6.0,9.08166666666667,67665.0,2.5701558098557267,0.1743439163149213,6.72,-10.714285714285712,25.80357142857143,0.0806805074971164,0.0,0.0,0.0,579,1,5.498455,0,ssr_no_uptick,,,,,,,0
2026-02-02,XXRP,7.1599,7.02,7.03,1.990042674253212,102306.0,0.9951218230139568,0.5003573981415288,8.03,-12.45330012453299,8.46824408468244,0.3823529411764704,-55.89711417816813,10.25441344787347,1895921.0,596,1,6.998939999999999,0,ssr_no_uptick,,,,,,,0
2026-02-03,ADBG,6.56,6.3,6.515,3.990790483499613,129665.0,1.595721874546397,0.6923076923076952,7.02,-7.193732193732193,5.582621082621079,0.2679254911967328,-33.52040816326532,3.665987724344565,770037.7,624,1,6.2811,1,,6.2897,6.055,eod,625.0,945.0,0.2702999999999997,0
2026-02-03,GMEU,13.03,12.54,13.03,3.760552570990025,71975.0,1.755741775703043,0.8571428571428602,13.72,-5.029154518950446,13.338192419825074,0.972677595628416,-5.374001452432826,6.031174706447947,976111.7,579,0,12.50238,1,,12.5,12.125,eod,580.0,945.0,0.5299999999999994,1
2026-02-03,GPK,14.54,13.89,14.01,4.63954318344039,573788.0,2.2197463214191977,0.4384615384615396,14.78,-5.20974289580514,4.262516914749655,0.6349206349206337,-13.00838248990997,1.9734522113628048,5086517.2,588,0,13.84833,1,,13.83,12.24,eod,589.0,945.0,0.7099999999999991,1
2026-02-03,LZ,8.22,7.95,8.165,3.306797305572572,309407.0,1.0789428794907987,0.0925925925925904,9.12,-10.471491228070178,6.633771929824547,0.7933884297520657,-22.31208372978117,2.947965970802017,3590620.7,576,1,7.92615,0,gap_through,,,,,,,0
2026-02-03,OKLS,14.27,13.76,13.96,3.6532951289398254,32320.0,1.6110034514298808,0.0784313725490214,14.89,-6.245802552048352,10.409670920080597,0.980645161290323,-14.382616481959625,10.851227744398534,3084412.85,576,0,13.71872,0,gap_through,,,,,,,0
2026-02-03,VHUB,7.656,7.06,7.58,7.862796833773087,29988.0,2.6538604261167653,0.0,8.08,-6.188118811881188,102.84653465346534,0.1263537906137184,0.0,0.0,0.0,575,1,7.038819999999999,0,gap_through,,,,,,,0
2026-02-04,AMDL,15.5399,14.2,14.94,8.968540829986614,2813631.0,3.549575325391531,0.1641913575639977,19.3,-22.59067357512954,13.005181347150248,0.3346613545816735,-36.694915254237294,6.279930383681289,11868741.6,575,1,14.1574,1,,14.25,12.9603,eod,576.0,945.0,1.2898999999999994,0
2026-02-04,APPX,11.8195,10.7,11.31,9.898320070733869,304294.0,3.245905971425532,0.1339883876730686,15.23,-25.738673670387392,16.348653972422852,0.361420137354914,-68.0101824352991,10.076185783330276,1528170.05,581,1,10.6679,1,,10.78,10.465,eod,582.0,945.0,1.0395000000000003,0
2026-02-04,CRDU,8.06,7.06,7.98,12.531328320802016,169174.0,4.815848210963691,0.0904000000000006,8.6,-7.209302325581386,36.62790697674419,0.3492063492063491,-58.60995850622407,8.08495161898156,860218.05,575,1,7.038819999999999,0,ssr_no_uptick,,,,,,,0
2026-02-04,ETHT,18.97,18.5136,18.92,2.412262156448195,89458.0,0.7145437137336128,0.1016652059596813,20.69,-8.554857419043014,19.44417593040116,0.8384290330599059,-60.92911070360641,8.76345564954675,1887503.2,598,1,18.4580592,1,,18.355,18.0475,lock,599.0,815.0,0.6149999999999984,1
2026-02-04,ETHU,28.04,27.28,27.91,2.723038337513429,271314.0,1.0115338326111811,0.1973684210526302,30.5,-8.491803278688524,19.672131147540984,0.8333333333333334,-60.72333239515903,8.789500615043574,5966429.55,598,1,27.19816,1,,27.15,26.705,lock,599.0,815.0,0.8900000000000006,1
2026-02-04,INTA,24.0,21.5,23.55,10.615711252653927,385188.0,3.610426544131647,0.1260000000000005,29.31,-19.65199590583418,15.609007164790158,0.1158469945355187,-48.50207741089,3.5539224622614665,756467.6,575,1,21.4355,1,,21.46,24.0,stop,576.0,822.0,2.539999999999999,0
2026-02-04,IRE,9.97,8.82,9.905,11.610297829379103,1104092.0,3.3311470143327924,0.0074782608695647,10.76,-7.946096654275098,19.702602230483265,0.7594339622641509,-34.09846972721225,13.016756929478726,20270102.8,575,1,8.79354,1,,8.9928,7.21,eod,576.0,945.0,0.9771999999999998,0
2026-02-04,IREX,17.22,15.14,17.01,12.228101116989995,116500.0,3.51341729372696,0.0192307692307688,18.59,-8.49919311457772,19.68800430338892,0.7814207650273223,-33.90889451844023,12.975762212105572,2644829.65,575,1,15.09458,1,,15.49,12.35,eod,576.0,945.0,1.7299999999999986,0
2026-02-04,LUMN,7.71,7.09,7.29,8.504801097393692,1788856.0,4.072875606933589,0.2016129032258064,8.46,-13.829787234042564,10.787234042553182,0.3177733946964728,-25.000000000000007,3.870281586075244,12894057.25,578,1,7.06873,0,gap_through,,,,,,,0
2026-02-04,NBIL,9.25,8.85,9.16,4.36681222707424,79027.0,1.6080675120525407,0.0,9.76,-6.147540983606554,14.241803278688511,0.7985611510791369,-39.796253697009526,9.611512457055962,1390466.65,575,0,8.82345,1,,9.05,7.99,eod,576.0,945.0,0.1999999999999993,0
2026-02-04,NEBX,28.96,27.8,28.96,4.005524861878453,33470.0,1.1658425996063435,0.1551724137931031,30.55,-5.204582651391161,14.108019639934527,0.8004640371229699,-39.38886563415655,9.642388540178809,1022926.5,575,0,27.7166,1,,28.34,25.105,eod,576.0,945.0,0.620000000000001,0
2026-02-04,NPT,6.18,5.66,6.07,8.566721581548592,43028.0,3.162547332710149,0.076923076923077,7.2,-15.69444444444444,109.72222222222224,0.2050632911392405,-54.97032640949555,9.421720224209755,1862505.7,575,1,5.64302,0,gap_through,,,,,,,0
2026-02-04,ROBN,29.4805,27.63,29.19,6.339499828708463,82697.0,1.7032759413363805,0.0459335314779793,30.86,-5.411535968891763,12.392417368762144,0.4234238945689407,-55.257510729613735,5.695519053921451,726241.4,575,0,27.54711,1,,28.07,26.02,eod,576.0,945.0,1.410499999999999,0
2026-02-04,WULX,23.16,20.6,23.16,11.053540587219338,20454.0,1.086278692771275,0.0,24.9,-6.987951807228909,23.41365461847389,0.5814751286449397,-15.995647442872688,9.894294414932766,251628.2,575,1,20.5382,0,ssr_no_uptick,,,,,,,0
2026-02-04,XXRP,6.53,6.3101,6.53,3.367534456355284,51951.0,0.7995711820594555,0.1132332878581159,6.92,-5.635838150289012,13.0043352601156,0.8778753194799426,-59.03387703889587,6.562185159979597,1908831.8,597,0,6.2911697,1,,6.28,6.2,eod,598.0,945.0,0.25,1
2026-02-05,BEX,22.68,21.21,21.94,6.70009115770282,54889.0,2.36008674678002,0.3945578231292508,24.3,-9.711934156378598,54.94691358024693,0.386613341721527,-37.8470254957507,12.639115012222538,616705.9,611,1,21.14637,0,gap_through,,,,,,,0
2026-02-05,BITU,13.7006,13.46,13.55,1.7756457564575556,195394.0,1.0614137003323694,0.8129675810473809,14.9,-9.060402684563757,10.40268456375838,0.374193548387097,-50.51132213294375,5.848713374225482,5964270.45,595,1,13.41962,1,,13.3714,10.9865,eod,596.0,945.0,0.32920000000000016,1
2026-02-05,BITX,17.285,16.97,17.09,1.8431831480397969,817459.0,1.056083241230682,0.8257142857142866,18.8,-9.095744680851068,10.398936170212774,0.3631713554987213,-50.34877876589551,5.724459658588146,10246595.75,595,1,16.919089999999997,1,,16.87,13.84,eod,596.0,945.0,0.41499999999999915,1
2026-02-05,BMNR,19.64,19.19,19.25,2.337662337662334,2348605.0,1.395822995421451,0.866888888888891,20.3,-5.172413793103452,10.24630541871922,0.1923076923076931,-44.02442570514685,4.976347961834464,43835664.65,602,0,19.132430000000003,1,,19.14,17.395,eod,603.0,945.0,0.5,0
2026-02-05,CIFU,17.01,16.07,16.5,5.696969696969704,51450.0,3.0168131157091853,1.0,18.02,-8.43507214206437,51.38734739178691,0.4838012958963282,-54.831645223104296,11.937237470167055,379538.45,615,1,16.02179,0,ssr_no_uptick,,,,,,,0
2026-02-05,CLSK,9.89,9.585,9.59,3.180396246089673,1582390.0,1.9958177448251295,0.2786885245901612,10.22,-6.1643835616438425,13.404109589041092,0.299291919118184,-33.61208412366567,5.279737496969301,32465596.25,600,0,9.556245,1,,9.5,8.385,eod,601.0,945.0,0.39000000000000057,1
2026-02-05,CLSX,13.87,12.91,12.91,7.436096049573966,30450.0,3.246130483928039,0.3854166666666662,14.91,-13.41381623071764,29.912810194500334,0.2914798206278028,-58.47539401736893,10.325553860176932,833093.9,600,1,12.87127,1,,12.79,9.56,eod,601.0,945.0,1.08,1
2026-02-05,CONL,7.3555,7.025,7.025,4.70462633451957,699046.0,2.7650016918504225,0.6807866868381234,7.79,-9.820282413350444,15.46854942233633,0.3443983402489626,-63.94662560944317,5.330435667818843,7262605.85,592,1,7.003925000000001,1,,7.0,5.78,eod,593.0,945.0,0.35550000000000015,1
2026-02-05,CONY,27.35,26.82,26.82,1.9761372110365445,76409.0,1.0154149268817,0.8679245283018865,28.47,-5.795574288724969,6.849315068493149,0.3435897435897427,-38.23122984799632,2.479396963136032,577513.85,594,0,26.73954,1,,26.7289,24.67,eod,595.0,945.0,0.621100000000002,1
2026-02-05,CRMX,13.96,12.75,13.26,9.12518853695325,23101.0,2.906017187461867,0.223140495867768,14.52,-8.677685950413222,41.46005509641873,0.1694352159468438,-72.43816254416961,26.90050049871188,672470.6875,592,1,12.71175,1,,12.73,9.03,eod,593.0,945.0,1.2300000000000004,0
2026-02-05,CRNC,8.61,7.53,8.61,12.543554006968632,305316.0,6.640918188589221,0.0277777777777772,10.78,-20.12987012987013,7.792207792207792,0.6785714285714269,-33.46213292117465,3.2290138930089998,776685.15,576,1,7.50741,0,gap_through,,,,,,,0
2026-02-05,CRWU,5.825,5.455,5.79,6.390328151986186,78073.0,2.48259822226034,0.6621621621621623,6.15,-5.853658536585371,29.1040650406504,0.1228560254762836,-51.91029900332226,11.45140075259221,1707853.5,612,1,5.438635,0,gap_through,,,,,,,0
2026-02-05,ELIL,27.38,25.49,26.74,7.068062827225133,26493.0,2.0828311867884213,0.2275132275132291,29.27,-8.643662453023577,7.892039631021519,0.9004329004329001,-14.623243933588768,6.066478641173345,147959.8,585,1,25.41353,1,,25.36,24.65,eod,586.0,945.0,2.0199999999999996,1
2026-02-05,ETHT,16.96,16.6,16.7,2.155688622754488,84569.0,1.1855555913525349,0.75,18.31,-8.793009284543963,14.52758055707264,0.6090225563909765,-65.51353851745387,8.920134629012049,1955390.05,595,0,16.5502,0,gap_through,,,,,,,0
2026-02-05,ETHU,25.08,24.5,24.72,2.346278317152097,301016.0,1.3080638033853311,0.6894827586206896,27.03,-8.546059933407333,14.687384387717358,0.6171284634760709,-65.21249648184633,8.939001396978558,6309226.5,594,0,24.4265,1,,24.47,19.5275,eod,595.0,945.0,0.6099999999999994,0
2026-02-05,EXK,11.3,10.8,10.895,4.5892611289582375,971720.0,2.117188969624051,0.2669999999999994,11.88,-8.291245791245801,8.62794612794613,0.8243902439024393,-28.08580858085809,5.823971210516101,17727746.4,615,0,10.7676,1,,10.775,10.445,eod,616.0,945.0,0.5250000000000004,0
2026-02-05,FLNC,25.62,23.22,24.84,9.661835748792278,1323873.0,4.45648414483812,0.2270833333333338,28.99,-14.315281131424626,24.525698516729907,0.3656821378340363,-25.872873769024167,5.358155062955055,5803722.75,582,1,23.15034,0,gap_through,,,,,,,0
2026-02-05,FMC,15.09,14.43,15.09,4.37375745526839,810808.0,1.891271537539179,0.2575757575757574,16.99,-11.183048852266031,5.591524426133037,0.9789473684210496,-11.287477954144627,1.8183484567620227,4040436.75,576,1,14.38671,0,gap_through,,,,,,,0
2026-02-05,GLXY,19.81,19.09,19.09,3.7716081718177,434232.0,2.007979574309368,0.7638888888888911,20.16,-5.307539682539684,10.044642857142868,0.2172839506172843,-45.033112582781456,6.777294287571244,8043481.15,597,0,19.03273,1,,19.1,16.875,eod,598.0,945.0,0.7099999999999973,0
2026-02-05,HOOW,28.99,27.7995,28.0,4.251785714285715,33710.0,1.593777221999802,0.8806383872322561,29.51,-5.11690952219587,11.48763131141986,0.3657817109144548,-44.30077581062264,3.79427834202886,354599.55,599,0,27.7161015,1,,27.68,25.62,eod,600.0,945.0,1.3099999999999987,1
2026-02-05,IMSR,7.65,7.43,7.53,2.92164674634795,147426.0,1.5824350340408675,0.450454545454544,7.99,-5.757196495619524,14.51814768460576,0.2931034482758619,-44.32532347504621,9.903245583501056,4414171.85,613,0,7.40771,1,,7.39,7.655,stop,614.0,766.0,0.2600000000000007,1
2026-02-05,IONL,17.64,16.25,17.4,7.988505747126442,31799.0,2.549699110612667,0.1942446043165464,19.14,-9.0909090909091,28.845350052246587,0.3694982792972288,-62.5,8.829343411114593,385638.45,601,1,16.20125,1,,16.11,13.4924,eod,602.0,945.0,1.5300000000000011,1
2026-02-05,IONX,11.48,10.63,11.45,7.423580786026199,264342.0,3.3022480551859354,0.3647058823529398,12.46,-8.105939004815422,29.65489566613162,0.354533152909337,-62.471320878400526,8.829497314683543,3658501.9,600,1,10.59811,1,,10.56,8.8,eod,601.0,945.0,0.9199999999999999,1
2026-02-05,IRE,6.67,6.165,6.3,8.015873015873014,1293157.0,4.879126084928255,0.7227722772277233,7.02,-10.256410256410254,47.72079772079773,0.1194029850746266,-58.08383233532935,15.213620553199927,21482812.35,605,1,6.146505,1,,6.1208,5.35,eod,606.0,945.0,0.5491999999999999,1
2026-02-05,IREX,11.4999,10.61,10.79,8.247451343836893,148521.0,4.737626868066411,0.7079447128890889,12.03,-10.30756442227764,48.3790523690773,0.1082474226804122,-58.07624761046269,15.2470266288196,2760262.0,605,1,10.57817,1,,10.56,9.17,eod,606.0,945.0,0.9398999999999997,1
2026-02-05,LLYX,24.555,22.83,24.08,7.163621262458478,63043.0,1.948690641465358,0.2405797101449289,26.27,-8.336505519604117,7.841644461362766,0.9029126213592236,-14.42786069651742,6.088447859871943,522075.35,585,1,22.76151,1,,22.71,22.16,eod,586.0,945.0,1.8449999999999989,1
2026-02-05,MARA,7.94,7.72,7.8,2.8205128205128287,2891514.0,1.8459630834908864,0.2954545454545463,8.28,-5.797101449275358,13.163043478260873,0.3486558399853188,-32.555123216601814,4.354440647564055,42942681.45,599,0,7.69684,1,,7.66,6.73,eod,600.0,945.0,0.28000000000000025,1
2026-02-05,MSTW,6.87,6.71,6.76,2.3668639053254457,20393.0,1.2068873088247851,0.6249999999999972,7.37,-8.276797829036639,9.09090909090909,0.8059701492537314,-45.3074433656958,5.34953750864423,428241.55,591,0,6.68987,1,,6.66,5.8199,eod,592.0,943.0,0.20999999999999996,1
2026-02-05,MSTY,22.26,21.865,22.08,1.788949275362333,183682.0,0.9780960709379598,0.5443037974683498,23.84,-7.382550335570476,7.046979865771812,0.8333333333333326,-36.368876080691656,4.03515277363584,1761015.95,591,0,21.799405,1,,21.74,19.54,eod,592.0,945.0,0.5200000000000031,1
2026-02-05,NBIG,5.34,5.01,5.3,6.226415094339624,25425.0,2.2756887585147103,0.7575757575757575,5.79,-8.462867012089815,24.179620034542303,0.4500000000000001,-51.03971325899992,10.137819546428984,764480.6,600,1,4.99497,1,,4.96,4.53,eod,601.0,944.0,0.3799999999999999,1
2026-02-05,NBIL,7.54,7.06,7.41,6.477732793522273,124701.0,2.859389610705379,0.6666666666666666,8.1,-8.518518518518512,24.69012345679013,0.424971248562428,-51.29806112389089,10.158262085275137,1401555.7,600,1,7.038819999999999,1,,7.0,6.4,eod,601.0,945.0,0.54,1
2026-02-05,NEBX,23.55,22.01,23.53,6.544836379090518,62304.0,2.864586143323102,0.8051948051948046,25.34,-7.142857142857138,24.66456195737964,0.4207999999999998,-50.7534533277522,10.19319177257961,1006341.8,601,1,21.94397,1,,21.83,20.02,eod,602.0,945.0,1.7200000000000024,1
2026-02-05,NUAI,5.6783,5.37,5.4,5.709259259259259,284416.0,3.412059486761919,0.6811547194291273,5.8,-6.896551724137923,22.24137931034483,0.0930232558139535,-42.8268925357332,12.816815706879508,7711303.35,600,0,5.35389,1,,5.37,5.095,eod,601.0,945.0,0.3083,0
2026-02-05,NVOX,16.1259,15.7,15.9,2.678616352201271,71771.0,1.3751661277062053,0.3287156609532751,17.68,-10.067873303167415,9.502262443438912,0.1964285714285704,-52.97249334516416,9.31602751873381,914567.15,591,1,15.6529,1,,15.645,14.76,eod,592.0,945.0,0.4809000000000019,1
2026-02-05,OKLL,12.68,11.79,12.49,7.1257005604483625,190687.0,2.969877840201477,0.4719101123595521,13.3,-6.090225563909778,45.789473684210535,0.316912972085386,-69.5588593711918,11.83705743955432,4970620.15,600,1,11.75463,0,gap_through,,,,,,,0
2026-02-05,ONDG,6.96,6.35,6.78,8.99705014749263,32909.0,2.700414048420159,0.2786885245901637,7.39,-8.254397834912035,53.85656292286875,0.2613065326633165,-61.02552310876062,13.277600433492797,303058.375,600,1,6.33095,1,,6.3,5.455,eod,601.0,944.0,0.6600000000000001,1
2026-02-05,ONDL,20.83,18.7,19.94,10.68204613841524,65620.0,3.471460595102899,0.2910798122065733,21.74,-8.279668813247458,55.86476540938363,0.2457801564429806,-66.36818572047812,13.757904946289608,914014.9,600,1,18.6439,0,gap_through,,,,,,,0
2026-02-05,OSS,8.6925,8.39,8.51,3.5546415981198614,94664.0,2.0424538644084897,0.5619834710743795,8.96,-5.02232142857144,10.937500000000004,0.3673469387755113,-33.25490196078432,8.723419336449847,3887808.25,612,0,8.364830000000001,1,,8.33,8.6925,stop,613.0,720.0,0.3625000000000007,1
2026-02-05,QBTX,16.745,16.195,16.43,3.3475349969567905,57266.0,1.5066484382705394,0.4636363636363612,18.11,-9.276642738818332,26.587520706791828,0.5358255451713396,-66.6328188464663,8.279639297921848,1828055.45,576,0,16.146415,1,,16.54,16.99,stop,577.0,578.0,0.2050000000000018,0
2026-02-05,RCAT,12.04,11.4401,11.91,5.036943744752308,916803.0,2.068360079752397,0.1498583097182865,12.63,-5.700712589073639,22.248614410134604,0.3380782918149469,-33.91410498279879,7.674260885861635,15917380.3,594,0,11.4057797,1,,11.435,11.205,eod,595.0,945.0,0.6049999999999986,0
2026-02-05,RGTU,7.78,7.27,7.63,6.6841415465268765,18354.0,1.8851219166495303,0.4705882352941174,8.35,-8.622754491017961,22.2754491017964,0.5107526881720428,-64.22878574777309,8.80433181347284,391538.35,600,1,7.248189999999999,0,gap_through,,,,,,,0
2026-02-05,RGTX,6.18,5.78,6.1,6.55737704918032,151665.0,2.754161933585474,0.4499999999999999,6.61,-7.715582450832083,22.99546142208775,0.5065789473684212,-64.6376811594203,9.052491568791902,3868771.85,600,1,5.76266,0,gap_through,,,,,,,0
2026-02-05,RIOX,7.49,7.1,7.26,5.371900826446288,40905.0,2.656241278909304,0.41025641025641,7.95,-8.679245283018872,24.716981132075468,0.4300254452926207,-53.51904374715897,11.8851370869266,708806.5,606,1,7.0787,0,gap_through,,,,,,,0
2026-02-05,ROBN,25.08,24.13,24.13,3.937007874015745,49302.0,2.169547398218611,0.8315789473684245,26.75,-9.79439252336449,20.03065420560748,0.4904072263073422,-60.60408163265307,6.039103497217548,781065.15,598,1,24.05761,1,,23.92,20.54,eod,599.0,945.0,1.1599999999999966,1
2026-02-05,SBET,6.81,6.7,6.7,1.641791044776111,508613.0,1.0608403604754435,0.3627272727272689,7.08,-5.367231638418078,8.61581920903954,0.1475409836065573,-39.63963963963963,4.842618845608659,7293889.65,592,0,6.6799,1,,6.685,6.125,eod,593.0,945.0,0.125,0
2026-02-05,UAMY,7.82,7.5,7.58,4.221635883905018,580214.0,2.619413347675234,0.375,8.07,-6.071871127633212,22.552664188351923,0.1648351648351652,-36.675020885547205,10.667982772310385,19452190.8,613,0,7.4775,1,,7.5,7.415,eod,614.0,945.0,0.3200000000000003,0
2026-02-05,UMAC,12.34,11.78,12.02,4.658901830282866,284168.0,2.26386903709557,0.3805357142857152,12.73,-5.577376276512182,22.31500392772977,0.1214489386418842,-40.34739454094293,7.927223088069833,4351631.9,597,0,11.74466,1,,11.705,11.15,eod,598.0,945.0,0.6349999999999998,1
2026-02-05,VELO,11.96,11.41,11.7,4.700854700854707,94279.0,2.0815364691596385,0.1454545454545454,12.37,-5.416329830234438,25.10105092966856,0.1996779388083733,-50.92281879194631,13.09365700405468,2293249.15,595,0,11.37577,1,,11.445,11.96,stop,596.0,682.0,0.5150000000000006,0
2026-02-05,VHUB,5.96,5.54,5.86,7.167235494880544,16189.0,2.412965208804908,0.9047619047619048,6.44,-9.006211180124224,33.46273291925466,0.97215777262181,0.0,0.0,0.0,583,1,5.52338,0,ssr_no_uptick,,,,,,,0
2026-02-05,XRP,15.36,15.18,15.25,1.1803278688524572,48988.0,0.481781171653157,0.7611111111111148,17.18,-11.233993015133874,4.423166472642618,0.4867745756020534,-39.0972008674156,3.2759292035163137,633215.85,599,1,15.13446,1,,15.165,13.355,eod,600.0,945.0,0.1950000000000002,0
2026-02-06,BNAI,22.595,21.34,22.36,5.612701252236132,78493.0,2.4168909927895443,0.0637450199203202,23.89,-6.404353285893684,31.184596065299285,0.0859060402684564,-74.08437644877144,67.19666974270828,12224679.5,575,1,21.27598,0,gap_through,,,,,,,0
2026-02-06,BTCZ,6.33,6.091,6.33,3.775671406003157,816730.0,1.3680288559390938,0.2468619246861932,7.13,-11.220196353436185,18.373071528751748,0.8396946564885496,-13.760217983651224,7.9054699961524015,23022186.8,576,1,6.072727,1,,6.0702,5.6,eod,577.0,945.0,0.25980000000000025,1
2026-02-06,CORD,26.28,24.9246,25.46,5.323644933228592,15785.0,1.8016939026248988,0.3407112291574419,28.06,-9.26585887384176,16.026372059871715,0.9199466310873908,-25.599064874342485,12.27519446910652,1962556.6,576,1,24.849826200000003,1,,24.68,16.83,eod,577.0,945.0,1.6000000000000014,1
2026-02-06,GDXD,5.17,4.875,5.15,5.728155339805824,429994.0,1.706706463986947,0.2206779661016955,5.63,-8.52575488454706,12.433392539964478,0.9714285714285708,-31.78807947019867,12.116846776370258,17221014.65,577,1,4.860375,1,,4.83,4.73,eod,578.0,945.0,0.33999999999999986,1
2026-02-06,HIMS,22.8,21.53,22.3,5.695067264573988,3118597.0,1.9177915592900288,0.0551181102362207,23.48,-5.025553662691651,20.52810902896082,0.1099585062240666,-36.57565415244595,3.560092360731791,21219451.7,576,0,21.46541,1,,21.48,22.8,stop,577.0,695.0,1.3200000000000005,0
2026-02-06,MSTZ,23.75,20.36,23.26,14.574376612209806,1207638.0,5.401897521114604,0.0088495575221242,27.92,-16.69054441260745,20.487106017191984,0.8618881118881121,-18.982932776036225,11.18798035598219,14527253.0,575,1,20.29892,0,gap_through,,,,,,,0
2026-02-06,NVD,8.02,7.735,7.83,3.6398467432950095,1851080.0,1.393157927420578,0.0526315789473674,8.27,-5.320435308343404,6.322853688029021,0.841269841269841,-6.2612235125104725,3.839774891631907,51875289.2,578,0,7.711795,1,,7.68,6.91,eod,579.0,945.0,0.33999999999999986,1
2026-02-06,NVDQ,18.76,18.09,18.31,3.6592026215183058,192164.0,1.2571161423325952,0.029850746268656,19.37,-5.472379969024275,6.298399586990203,0.8688524590163936,-6.246799795186904,3.8337042077267394,1897261.8,578,0,18.03573,1,,17.96,16.15,eod,579.0,945.0,0.8000000000000007,1
2026-02-06,OKLS,17.63,16.91,17.63,4.083947816222342,39469.0,1.2881784126922005,0.0833333333333316,19.26,-8.463136033229505,13.81048805815161,0.9398473626828076,-9.217301750772412,12.378012698235633,2939343.75,587,1,16.85927,0,gap_through,,,,,,,0
2026-02-06,QBTZ,15.85,14.86,15.69,6.309751434034419,105557.0,2.899952499243832,0.8989898989898993,17.2,-8.77906976744186,20.581395348837205,0.9152542372881354,-10.342857142857143,10.282035442145428,4636604.0,583,1,14.81542,0,gap_through,,,,,,,0
2026-02-09,ARMG,6.72,6.4606,6.56,3.954268292682918,82607.0,1.873773996078785,0.1133384734001539,6.98,-6.017191977077376,16.905444126074492,0.966101694915255,-7.605633802816902,7.660735998924277,1071528.3,575,0,6.441218200000001,1,,6.42,6.72,stop,576.0,598.0,0.2999999999999998,1
2026-02-09,ASST,11.35,10.44,11.25,8.08888888888889,284682.0,2.565753205473035,0.033076923076924,11.915,-5.581200167855637,24.339068401174995,0.8844827586206894,-8.16326530612245,518.0127307019084,114108067.75,575,1,10.40868,1,,10.4,10.3899,eod,576.0,945.0,0.9499999999999993,1
2026-02-09,CLF,13.33,11.64,13.1,12.900763358778622,3785930.0,3.836623613550723,0.0769230769230763,14.73,-11.065852002715552,4.955872369314315,0.9178082191780838,-14.65798045602606,3.4171540305483736,16260253.7,578,1,11.60508,1,,11.595,12.445,eod,579.0,945.0,1.7349999999999994,1
2026-02-09,HIMS,17.9,16.47,17.83,8.020190689848569,6015332.0,2.0384443370961924,0.0061538461538467,23.02,-22.545612510860128,10.851433536055591,0.7606084867894317,-48.09315866084426,3.3926627371092524,22756484.15,575,1,16.420589999999997,1,,16.85,17.9,stop,576.0,662.0,1.0499999999999972,0
2026-02-09,MSTW,7.265,7.1,7.22,2.2853185595567878,25274.0,0.7134796330527432,0.030303030303035,7.84,-7.908163265306125,17.219387755102037,0.9925925925925928,-41.58576051779935,10.85749033066261,452148.35,575,0,7.0787,1,,7.1199,7.28,stop,577.0,578.0,0.1450999999999993,0
2026-02-09,RGTU,8.0,7.7,7.91,3.792667509481666,30897.0,1.7937340469404546,0.0333333333333326,8.44,-6.279620853080561,23.22274881516589,0.9897959183673464,-62.91608063759963,13.534467944386568,420219.45,575,0,7.6769,0,gap_through,,,,,,,0
2026-02-09,RGTX,6.37,6.0801,6.28,4.616242038216565,182473.0,2.8224989639977336,0.0,6.68,-5.9880239520958005,23.20359281437125,0.987096774193548,-63.59420289855072,13.82215183547164,4212083.65,575,0,6.061859699999999,1,,6.035,6.37,stop,576.0,586.0,0.33499999999999996,1
2026-02-09,SMX,15.023,13.83,14.99,7.958639092728482,162390.0,2.959694855625943,8.38222967307351e-05,15.83,-5.306380290587491,76.12002526847756,0.6124499991701107,-47.95120816391724,23.057063813924263,2871021.05,582,1,13.78851,0,gap_through,,,,,,,0
2026-02-10,EAF,8.58,7.75,8.42,9.85748218527316,49902.0,2.727005545084713,0.0734939759036143,8.92,-5.605381165919283,25.56053811659193,0.969298245614035,-57.30223123732251,11.206905349816026,428881.9,579,1,7.72675,0,gap_through,,,,,,,0
2026-02-10,ETHT,15.4586,15.265,15.34,1.2620599739243807,50513.0,0.5477228756138613,0.5692148760330525,16.87,-9.069353882631898,12.329579134558378,0.8149038461538469,-68.3220168178289,11.935144540934411,2284346.25,577,1,15.219205,1,,15.115,15.4586,stop,578.0,674.0,0.34360000000000035,1
2026-02-10,ETHU,22.8662,22.56,22.69,1.3494931687968288,301274.0,0.7453730265351894,0.4493794905290738,25.02,-9.31254996003197,12.509992006394894,0.837060702875399,-68.06923726428371,12.159318701206043,8124044.6,577,1,22.49232,0,gap_through,,,,,,,0
2026-02-10,GILT,16.47,15.36,16.24,6.834975369458125,352184.0,3.0498924881574685,0.9729729729729752,19.27,-15.723923196678784,6.20134924753503,0.9539748953974898,-20.2972167827363,3.3555694707398964,1114720.0,585,1,15.31392,1,,15.3843,14.86,eod,586.0,945.0,1.0856999999999992,0
2026-02-10,MSTU,5.7499,5.41,5.425,6.265437788018435,1565892.0,2.7728075532193253,0.6178287731685788,5.8,-6.465517241379311,20.344827586206893,0.9067796610169488,-56.97858842188739,16.52375559545525,30336971.4,592,0,5.39377,1,,5.47,5.7499,stop,593.0,631.0,0.2799000000000005,0
2026-02-11,ANGI,10.39,9.7501,9.91,6.457114026236132,205815.0,2.638088286441393,0.5389904672605101,11.96,-17.140468227424755,3.678929765886283,0.5227272727272743,-27.611395178962745,2.7272739841344777,835239.1,580,1,9.7208497,1,,9.73,10.39,stop,581.0,603.0,0.6600000000000001,0
2026-02-11,CONL,6.53,6.33,6.51,3.0721966205837203,1049641.0,1.6966709983033696,0.0499999999999988,6.92,-5.924855491329482,7.650289017341039,0.0944465432565165,-66.5896843725943,9.62204699606484,9607106.2,575,0,6.3110100000000005,1,,6.35,6.11,eod,576.0,945.0,0.1800000000000006,0
2026-02-11,FRSH,7.89,7.2,7.89,8.745247148288968,879469.0,4.350678437896039,0.2971014492753626,8.73,-9.621993127147771,5.498281786941585,0.1458333333333338,-35.69682151589242,3.7306688480164536,5651664.8,583,1,7.1784,1,,7.165,7.205,eod,584.0,945.0,0.7249999999999996,1
2026-02-11,HOOG,24.59,22.63,23.52,8.333333333333337,54385.0,3.397894731099491,0.0,28.79,-18.3049670024314,6.810350816255642,0.1941653491100104,-61.43946225100417,10.258540489607723,330094.45,575,1,22.56211,1,,22.5681,23.65,eod,576.0,945.0,2.0218999999999987,0
2026-02-11,HOOX,9.35,8.59,8.93,8.510638297872338,99900.0,3.2062524768668865,0.0197368421052639,10.93,-18.29826166514181,7.030192131747482,0.2472670484122847,-61.54177433247201,10.226304570413271,263112.5,575,1,8.56423,0,gap_through,,,,,,,0
2026-02-11,LABX,12.86,11.77,12.8,8.515624999999998,236759.0,3.322657199268782,0.1421100917431189,16.82,-23.900118906064204,11.741973840665883,0.2227848101265827,-33.263816475495304,12.377652810246838,995599.45,575,1,11.73469,1,,11.74,11.18,lock,576.0,680.0,1.1199999999999992,0
2026-02-11,QVCC,8.2,7.7,8.0,6.249999999999989,123927.0,3.007167837708136,0.7702000000000022,8.88,-9.90990990990992,45.04391891891892,0.7200180004500114,-19.999199991999923,2.0731172106728533,78104.45,593,1,7.6769,1,,7.71,8.2,stop,594.0,728.0,0.4899999999999993,0
2026-02-11,ROBN,24.74,22.64,23.58,8.90585241730279,477973.0,3.917323985224598,0.0,28.81,-18.15341895175287,7.098229781325935,0.2200488997555006,-61.50204081632653,10.31805440762572,1134853.6,575,1,22.57208,1,,22.4983,23.64,eod,576.0,945.0,2.241699999999998,1
2026-02-11,RPD,8.7,7.8,7.93,11.349306431273638,318222.0,4.920574296667314,0.3758888888888884,10.39,-23.67661212704524,9.8652550529355,0.0536585365853656,-43.21518080916577,3.4454122008416603,1363718.5,582,1,7.7766,1,,7.81,7.285,eod,583.0,945.0,0.8899999999999997,0
2026-02-11,U,21.97,20.8,21.41,5.464736104623999,4623959.0,2.9738672514214297,0.1452991452991439,29.06,-26.32484514796972,5.206125258086712,0.8611937338885577,-56.1360376971932,7.41365885122295,19148591.25,576,1,20.7376,1,,20.63,21.97,stop,577.0,865.0,1.3399999999999999,1
2026-02-11,UPB,20.01,17.43,19.01,13.571804313519207,435527.0,4.768758890360693,0.0968992248062014,27.81,-31.6432937792161,9.510967277957567,0.710775047258979,-43.55700712589073,4.388309244491546,624308.4,583,1,17.37771,0,gap_through,,,,,,,0
2026-02-12,APPX,10.8,9.52,10.75,11.906976744186055,1140061.0,4.9041509643874655,0.5312499999999993,14.07,-23.59630419331912,14.996446339729918,0.5924170616113745,-69.28571428571428,13.92091589609584,2779074.0,588,1,9.49144,1,,9.6399,8.6296,eod,589.0,945.0,1.1601,0
2026-02-12,QDEL,27.04,23.785,26.68,12.200149925037476,111347.0,3.873266345080363,0.0452534562211985,28.8,-7.361111111111114,6.649305555555553,0.6866840731070506,-25.003513703443435,3.919065572207324,1031759.25,575,1,23.713645,0,gap_through,,,,,,,0
2026-02-12,QS,8.6,8.0301,8.18,6.966992665036681,2320447.0,2.394595827014487,0.7017020529917534,8.82,-7.256235827664405,6.009070294784593,0.4150943396226418,-31.43336127409891,5.075326852630456,16509075.4,577,0,8.0060097,1,,8.035,7.8201,eod,578.0,945.0,0.5649999999999995,0
2026-02-12,QVCGP,5.4,4.871,5.25,10.076190476190474,36061.0,3.1485287619457027,0.0003780718336475,5.6,-6.249999999999994,104.46250000000002,0.5658216379767174,-35.50289315593558,31.35121545168351,1183453.15,575,1,4.856387000000001,0,gap_through,,,,,,,0
2026-02-12,SMX,16.4899,14.6,14.875,12.705210084033608,158779.0,4.215561092402602,0.6190803746229963,16.73,-11.087866108786612,21.338912133891213,0.6946778711484595,-43.35491241431836,23.17021322998424,3352765.85,583,1,14.5562,1,,14.5099,14.17,eod,584.0,900.0,1.9799999999999986,1
2026-02-12,UTZ,10.39,9.71,10.39,6.544754571703558,77413.0,2.18660810532447,0.1397058823529395,11.13,-6.648697214734953,3.59389038634322,0.5750000000000005,-8.053097345132745,1.9928190123508864,1490765.45,577,1,9.68087,1,,9.645,9.01,eod,578.0,945.0,0.745000000000001,1
2026-02-13,BMNZ,26.63,25.33,26.4,4.924242424242427,83773.0,2.0493177442170194,0.4615384615384624,28.08,-5.982905982905982,14.423076923076929,0.2123456790123455,-37.63288447909285,14.086302864643,2601729.5,587,1,25.25401,0,gap_through,,,,,,,0
2026-02-13,DCH,8.0,7.3289,8.0,8.38875,591210.0,2.5364933024481053,0.0165400089405452,8.43,-5.100830367734279,4.151838671411621,0.514285714285714,-13.513513513513514,4.0856380547793485,9673605.9,579,1,7.3069133,1,,7.315,7.255,eod,580.0,945.0,0.6849999999999996,0
2026-02-13,IONZ,31.0105,29.05,29.05,6.748709122203096,36661.0,1.786605924353755,1.0,31.12,-6.651670951156813,14.26735218508998,0.8265765765765767,-22.55398560383897,12.863762640954338,2168711.2,623,0,28.96285,1,,28.98,25.35,eod,624.0,945.0,2.0305,0
2026-02-13,MSTZ,14.7,14.15,14.585,3.770997600274247,761932.0,2.128713032868548,0.2545454545454528,15.68,-6.983418367346932,11.734693877551033,0.7336956521739122,-49.19888540578196,16.323402871286994,18205873.4,575,1,14.10755,1,,14.03,14.7,stop,576.0,581.0,0.6699999999999999,1
2026-02-13,RARE,22.59,21.31,21.54,5.9424326833797645,215338.0,2.4734249533962407,0.4414062500000006,23.5,-8.340425531914896,6.033617021276594,0.4020029621270897,-16.576297443841987,2.250440740780545,2214652.65,602,0,21.24607,1,,21.52,20.095,eod,603.0,945.0,1.0700000000000005,0
2026-02-13,RGTZ,30.3,28.555,28.555,6.111013832953952,78701.0,2.2555252962527543,0.9828080229226356,30.75,-7.1382113821138224,12.975609756097557,0.8421052631578949,-22.42597120347732,13.539758737637753,4314856.9,588,0,28.469335,1,,28.675,26.55,eod,589.0,945.0,1.625,0
2026-02-17,CRWU,7.68,7.19,7.38,6.639566395663947,30281.0,2.9130077218592083,1.0,7.945,-7.1113908118313445,19.63499056010069,0.5288461538461541,-38.70431893687707,14.00244106818026,1335418.75,590,1,7.168430000000001,0,gap_through,,,,,,,0
2026-02-17,GEMI,7.0,6.85,6.98,2.148997134670492,59510.0,0.9563422182949688,0.6000000000000035,7.56,-7.671957671957662,11.90476190476191,0.8111111111111102,-38.17537643932683,6.381386694499745,1536712.45,582,0,6.82945,1,,6.905,6.635,eod,583.0,945.0,0.0949999999999997,0
2026-02-17,HLMN,9.7505,8.86,9.27,9.606256742179085,71759.0,2.7951177321510814,0.1291409320606401,10.06,-7.852882703777345,3.87673956262426,0.1025641025641047,-14.562211981566822,2.6800091510975,1367107.8,576,1,8.83342,1,,8.83,9.11,eod,577.0,945.0,0.9205000000000005,1
2026-02-17,IREX,9.81,9.36,9.53,4.721930745015751,166703.0,2.654162907144197,0.6888888888888883,10.16,-6.200787401574811,17.618110236220463,0.698324022346369,-62.97188505354118,15.793271016664567,3376703.3,585,0,9.33192,1,,9.27,9.81,stop,586.0,673.0,0.5400000000000009,1
2026-02-17,NEO,10.85,10.08,10.5,7.3333333333333295,101257.0,4.0210040517352175,0.3506493506493502,11.38,-7.732864674868196,3.888400702987688,0.4802259887005669,-20.99322799097065,2.185615436100216,1833734.2,576,1,10.04976,0,gap_through,,,,,,,0
2026-02-17,QBTX,15.38,14.79,15.17,3.8892551087673146,60826.0,1.9241951797932983,0.9237288135593223,16.14,-6.009913258983895,15.486369268897146,0.7759551910382081,-64.37294504462189,14.518047986278772,1817709.45,580,0,14.745629999999998,1,,14.77,14.465,lock,581.0,820.0,0.6100000000000012,0
2026-02-17,RGTU,6.68,6.33,6.41,5.460218408736344,15869.0,1.3570345304282028,0.971428571428572,6.84,-6.286549707602335,15.460526315789474,0.9432624113475172,-69.21229586935638,13.774379448555829,477363.05,589,0,6.3110100000000005,1,,6.33,6.74,stop,590.0,820.0,0.3499999999999996,0
2026-02-17,RGTX,5.36,4.98,5.035,7.547169811320753,320901.0,2.664347588404021,0.9210526315789468,5.38,-6.412639405204457,16.17100371747212,0.8965517241379312,-69.93976011510654,14.086926840216735,4637480.15,589,0,4.96506,1,,5.01,5.36,stop,590.0,832.0,0.3500000000000005,0
2026-02-17,RIOX,8.29,7.88,7.98,5.137844611528813,28601.0,1.9120899775976343,0.4634146341463432,8.55,-6.66666666666667,19.297076023391817,0.7818655676101585,-48.90936213530696,14.317795644897394,765081.4,582,0,7.85636,1,,7.9,7.895,eod,583.0,944.0,0.3899999999999988,0
2026-02-17,WULX,26.9,25.355,25.72,6.00699844479004,16192.0,2.44043647721959,0.4304207119741099,27.6,-6.811594202898559,27.971014492753632,0.4559585492227982,-20.67628708275636,16.577005689004388,429544.85,585,0,25.278935,0,gap_through,,,,,,,0
2026-02-18,BBNX,13.16,11.61,12.56,12.340764331210195,97467.0,4.279286450701014,0.2838709677419361,13.97,-10.093056549749464,6.657122405153912,0.5591397849462371,-33.99894902785076,4.317103829124544,1065113.3,577,1,11.57517,0,gap_through,,,,,,,0
2026-02-18,VECO,29.5,28.47,29.45,3.497453310696099,238397.0,2.3967813170942662,0.2233009708737866,34.35,-14.264919941775842,6.812227074235796,0.9914529914529931,-14.314809426825716,3.149730931329769,677563.85,575,1,28.38459,1,,28.315,29.5,stop,576.0,687.0,1.1849999999999987,1
2026-02-19,BTDR,8.5,7.94,8.29,6.755126658624845,856265.0,2.610299076734813,0.0357142857142849,9.61,-13.735691987513013,3.329864724245581,0.5,-44.73333333333334,6.100489633049752,5818395.65,575,1,7.916180000000001,1,,7.905,7.575,eod,576.0,945.0,0.5949999999999998,1
2026-02-19,IBRX,8.1911,7.72,8.05,5.852173913043487,3566769.0,2.0100492572171103,0.1698153258331563,8.54,-5.737704918032769,30.67915690866511,0.946564885496183,-7.258064516129021,11.368933496625166,36725029.3,575,0,7.69684,1,,7.77,8.1911,stop,576.0,741.0,0.4211000000000009,0
2026-02-19,IRE,5.55,5.28,5.48,4.927007299270065,760378.0,2.271970316694311,0.2588888888888879,5.8,-5.517241379310335,15.258620689655183,0.5141242937853104,-63.53958749168329,15.69977460810286,29096689.6,576,0,5.26416,1,,5.315,5.55,stop,577.0,592.0,0.2349999999999994,0
2026-02-19,KLAR,15.9,14.81,15.505,7.029990325701386,1828911.0,2.481363451972795,0.0688073394495406,18.95,-18.17941952506596,6.573087071240104,0.0883108542068075,-46.46987743828759,3.8452465706399312,3493744.9,575,1,14.76557,1,,14.835,13.805,eod,576.0,945.0,1.0649999999999995,0
2026-02-20,CC,20.22,18.02,18.64,11.802575107296134,392349.0,4.125239993836428,0.0659090909090907,20.41,-8.672219500244976,4.689857912787851,0.0417885499373162,-14.691075514874145,4.232110802313792,3428901.85,579,1,17.96594,1,,17.885,17.295,eod,580.0,945.0,2.3349999999999973,1
2026-02-20,CCOI,22.39,18.66,22.3,16.72645739910314,308933.0,5.17134015106323,0.0643431635388735,26.31,-15.241353097681484,9.007981755986307,0.3375527426160329,-22.31318585612262,3.2181864631793964,954993.6,581,1,18.60402,0,gap_through,,,,,,,0
2026-02-20,CRWU,7.525,6.97,7.51,7.390146471371513,122814.0,3.545743964173287,0.2738738738738738,8.09,-7.169344870210137,8.899876390605694,0.8194444444444435,-37.62458471760797,14.042146682351774,1258693.5,587,1,6.94909,1,,6.93,6.68,eod,588.0,945.0,0.5950000000000006,1
2026-02-20,DNOW,15.25,14.0,14.44,8.65650969529086,249833.0,3.3389985336232373,0.1760000000000005,16.36,-11.7359413202934,3.36185819070904,0.8000000000000006,-16.338354577056787,1.6591700045365705,2109802.85,575,1,13.958,1,,14.01,13.145,eod,576.0,945.0,1.2400000000000002,0
2026-02-23,APPX,10.065,9.51,10.03,5.533399800598203,222696.0,2.38850559248936,0.4084684684684705,10.88,-7.812500000000012,9.54319852941176,0.1853992102475208,-58.80903490759755,17.019608578961197,4280535.3,576,1,9.48147,1,,9.465,8.98,eod,577.0,945.0,0.5999999999999996,1
2026-02-23,CONL,6.96,6.79,6.95,2.446043165467625,1658113.0,1.5026492495782438,0.1764705882352956,7.4,-6.081081081081083,12.836486486486493,0.6316454363617225,-49.674149167270095,13.006583839254713,14632516.15,575,0,6.76963,1,,6.7513,6.96,stop,576.0,597.0,0.20870000000000033,1
2026-02-23,IONL,13.67,13.25,13.67,3.072421360643745,46943.0,1.1846731417885394,0.2738095238095244,14.51,-5.789110957960027,16.54031702274295,0.2333333333333333,-65.87030716723548,12.86076679521731,496933.65,580,0,13.21025,1,,13.29,13.67,stop,581.0,584.0,0.3800000000000008,0
2026-02-23,SMU,7.29,7.0828,7.17,2.889818688981873,109439.0,1.4683413084765002,0.1554054054054073,7.62,-5.905511811023624,19.488188976377945,0.1043771043771045,-65.27845036319613,14.391947820956352,2379616.75,579,0,7.0615516,1,,7.04,6.66,eod,580.0,945.0,0.25,1
2026-02-24,APLS,21.59,20.5153,21.12,5.088541666666666,94262.0,2.1561675854093925,0.3858751279426815,22.47,-6.008010680907868,3.3155318202047224,0.6040268456375821,-12.365145228215768,2.341967305094239,3120255.65,575,0,20.4537541,1,,20.42,21.59,stop,576.0,590.0,1.1699999999999982,1
2026-02-24,ARVN,11.66,11.07,11.33,5.207413945278021,67530.0,1.5547682407999923,0.3728813559322015,12.3,-7.886178861788623,6.504065040650412,0.5875000000000002,-19.87270155586988,3.632977259532431,790023.85,581,0,11.03679,1,,11.17,11.66,stop,582.0,604.0,0.4900000000000002,0
2026-02-24,FULC,9.85,9.4,9.65,4.663212435233153,107815.0,2.9868014605730497,0.4444444444444436,10.89,-11.386593204775023,7.483930211202949,0.3865030674846635,-19.7838736492103,3.623294623995955,595039.7,614,1,9.3718,1,,9.35,8.58,eod,615.0,945.0,0.5,1
2026-02-24,FWRG,14.48,13.5077,13.64,7.128299120234609,85344.0,2.7369970064968383,0.768589941376119,15.5,-11.999999999999996,3.822580645161286,0.3459915611814351,-22.954829161936072,2.3981772909446897,1261998.05,577,1,13.4671769,1,,13.59,12.215,eod,578.0,945.0,0.8900000000000006,0
2026-02-24,NCI,6.29,5.93,6.06,5.940594059405947,31086.0,1.6047523131184631,0.5552777777777784,6.96,-12.931034482758626,80.45977011494251,0.6357142857142858,-32.66666666666667,54.45933411312508,7525502.85,583,1,5.91221,0,gap_through,,,,,,,0
2026-02-24,TARA,6.33,6.035,6.26,4.712460063897763,681182.0,2.4987462332295087,0.1525423728813557,7.43,-15.746971736204577,9.28667563930014,0.8985507246376808,-16.533333333333335,3.77984607313723,879622.65,575,1,6.016895,0,gap_through,,,,,,,0
2026-02-25,BMNZ,25.0,23.75,24.87,5.026135906714917,60473.0,1.8631338777322723,0.4320799999999991,28.13,-11.589050835407033,9.876999644507649,0.1613878491217964,-41.24734231041814,13.610304425881743,1719219.35,587,1,23.67875,1,,23.77,21.565,eod,588.0,945.0,1.2300000000000004,0
2026-02-25,BTCZ,6.125,6.06,6.1,1.0655737704918098,245433.0,0.5009009470087058,0.6153846153846122,6.525,-6.513409961685834,5.977011494252881,0.1410256410256423,-16.89373297002725,9.3006261453762,18021300.2,587,0,6.04182,1,,6.05,5.5607,eod,588.0,945.0,0.0750000000000001,0
2026-02-25,CWH,9.0,8.65,8.9,3.932584269662917,60059.0,1.840932665349136,0.314285714285713,10.85,-17.97235023041474,8.018433179723496,0.1264367816091948,-38.15149409312023,3.870440898814116,2378067.0,576,1,8.62405,1,,8.61,9.0,stop,577.0,661.0,0.39000000000000057,1
2026-02-25,DRVN,10.5,9.9,9.99,6.006006006006002,797004.0,3.1405276651519896,0.1666666666666661,16.61,-39.85550872968091,2.528597230583996,0.3333333333333333,-42.25433526011561,1.9400898636244128,1013851.25,575,1,9.8703,1,,9.8701,10.5,stop,576.0,586.0,0.6298999999999992,1
2026-02-25,INGN,5.6125,5.4,5.44,3.90624999999999,114670.0,2.6762491587635457,0.4705882352941171,5.84,-6.849315068493142,5.308219178082201,0.6451612903225802,-13.099041533546316,2.545081835967999,276244.9,575,0,5.3838,1,,5.46,5.6125,stop,576.0,596.0,0.1524999999999998,0
2026-02-25,LUNR,16.76,15.605,16.7,6.916167664670665,2242796.0,2.753747767493958,0.348484848484848,18.9,-11.640211640211636,10.447089947089944,0.8784502405672311,-28.372292515547937,8.942226500143462,9185922.2,627,1,15.558185,1,,15.551,16.76,stop,628.0,715.0,1.2090000000000014,1
2026-02-25,MSTZ,13.39,12.82,13.31,4.282494365138995,622185.0,1.9116182124604608,0.3684210526315771,14.52,-8.333333333333327,13.427685950413224,0.2410627275991172,-53.63984674329502,16.90152651127664,19872557.0,592,1,12.78154,1,,12.855,11.865,eod,593.0,945.0,0.5350000000000001,0
2026-02-25,ODD,16.2599,14.01,16.0,14.06187499999999,1622133.0,6.202450702960739,0.0872483221476514,29.02,-44.86560992419022,6.202618883528603,0.499999999999999,-56.22435020519836,3.700062729878252,1212975.85,577,1,13.96797,1,,13.96,14.52,eod,578.0,945.0,2.2998999999999974,1
2026-02-25,RVLV,24.16,23.17,23.31,4.24710424710424,197905.0,1.8633169439233528,0.3686868686868677,25.9,-10.0,6.988416988416985,0.9337016574585628,-22.55813953488373,2.413185030487921,1298041.65,576,1,23.10049,0,gap_through,,,,,,,0
2026-02-25,TALO,11.92,11.415,11.56,4.36851211072665,183965.0,2.136651028334726,0.801980198019803,13.13,-11.95734958111196,2.817974105102812,0.4594594594594602,-16.53429602888086,3.265073180435407,1992309.95,610,1,11.380755,0,gap_through,,,,,,,0
2026-02-25,VRRM,17.38,16.36,16.59,6.148282097649184,115029.0,2.691603309675324,0.3774509803921586,18.71,-11.330839123463392,2.030999465526451,0.4736842105263162,-19.52461799660441,1.90291371466161,1676133.35,579,1,16.31092,1,,16.26,16.085,eod,580.0,945.0,1.1199999999999974,1
2026-02-26,ACAD,25.04,23.0,23.64,8.629441624365478,87730.0,3.703732944989399,0.3578431372549023,24.97,-5.326391670003998,3.2038446135362464,0.8374999999999969,-13.10420878514978,2.7730092717142547,1562765.35,581,0,22.931,1,,22.9,24.36,eod,582.0,945.0,2.1400000000000006,1
2026-02-26,ARRY,8.3,7.7,7.85,7.643312101910834,2146641.0,4.129764057146499,0.174999999999999,11.0,-28.63636363636364,7.818181818181813,0.4069767441860463,-35.813573180703195,3.9191900126026127,5251502.6,584,1,7.6769,1,,7.65,7.485,eod,585.0,945.0,0.6500000000000004,1
2026-02-26,DPRO,7.52,6.9,7.52,8.24468085106382,428839.0,2.479971553152249,0.0806451612903224,8.16,-7.843137254901968,4.779411764705889,0.7948717948717949,-13.563218390804597,7.000952356203594,1514608.05,580,1,6.879300000000001,1,,6.88,6.935,eod,581.0,945.0,0.6399999999999997,0
2026-02-26,ENVX,6.39,5.67,5.75,12.521739130434778,951967.0,4.066541889737823,0.5833333333333335,6.15,-6.504065040650412,5.6910569105691,0.200000000000001,-22.08672086720867,5.004461292985477,6247972.85,583,0,5.65299,1,,5.665,6.085,eod,584.0,945.0,0.7249999999999996,0
2026-02-26,EOSE,7.365,6.9,7.32,6.35245901639344,8648548.0,4.363084539004151,0.6666666666666661,11.13,-34.23180592991914,6.82839173405211,0.0789473684210533,-56.91557925591086,6.43080415359231,17866819.45,584,1,6.879300000000001,1,,6.995,6.9293,eod,585.0,945.0,0.3700000000000001,0
2026-02-26,FSK,12.15,11.5,12.1,5.371900826446284,858639.0,1.5126050526666328,0.0769230769230779,13.32,-9.159159159159165,3.603603603603607,0.7916666666666676,-15.443154739026834,1.8014328813739144,3146802.35,576,1,11.4655,1,,11.535,11.295,eod,577.0,945.0,0.6150000000000002,0
2026-02-26,IONZ,17.63,14.75,16.96,16.98113207547169,399922.0,7.5991335069843,0.4791666666666664,25.22,-32.75178429817605,17.010309278350512,0.2424242424242422,-54.78539056251665,12.978115977665396,1232631.25,586,1,14.70575,1,,14.7,14.08,eod,587.0,945.0,2.9299999999999997,1
2026-02-26,LRMR,5.49,5.25,5.39,4.452690166975885,786702.0,2.6680821221679203,0.5,5.95,-9.41176470588236,46.55798319327731,0.8303371597718577,-16.043613707165115,15.880476588267287,8372125.95,634,1,5.23425,1,,5.25,5.49,stop,635.0,660.0,0.2400000000000002,0
2026-02-26,METC,16.65,15.87,16.26,4.7970479704797,293339.0,2.2670735620858595,0.6149999999999997,17.66,-7.927519818799539,7.417893544733875,0.0763358778625963,-30.24453024453023,5.730694973508159,2392014.6,580,0,15.82239,1,,15.965,15.6225,lock,581.0,641.0,0.6849999999999987,0
2026-02-26,NUCL,8.0,7.7,8.0,3.749999999999998,25485.0,1.2393172038157128,0.3033333333333342,8.65,-7.514450867052027,27.74450867052024,0.5833576399016626,0.0,0.0,0.0,575,1,7.6769,0,gap_through,,,,,,,0
2026-02-26,NVCR,13.63,13.21,13.31,3.155522163786626,235285.0,1.825530230974344,0.0952380952380932,14.99,-11.207471647765177,19.74649766511008,0.841216216216216,-13.906856403622252,8.966531992722198,2982311.55,578,1,13.17037,0,gap_through,,,,,,,0
2026-02-26,QURE,21.0699,18.48,21.0,12.332857142857142,1143619.0,5.461279281226765,0.0386115294026788,24.87,-15.56091676718939,8.484117410534777,0.8767772511848351,-26.264044943820224,5.955518627706163,1887131.5,575,1,18.42456,1,,18.4,16.963,eod,576.0,945.0,2.669900000000002,1
2026-02-26,RGTZ,19.74,18.46,19.2,6.666666666666654,176969.0,3.1834339303220878,0.7734375000000002,20.78,-7.603464870067381,18.12993262752646,0.0922121356903967,-47.84026079869601,14.083850122198664,2624182.05,580,1,18.40462,0,gap_through,,,,,,,0
2026-02-26,SMU,7.2,6.835,6.835,5.340160936356989,84554.0,2.087311445723389,0.2739726027397249,7.2,-5.069444444444447,8.055555555555555,0.2758620689655174,-66.65853658536585,14.082070326089337,2467452.8,618,0,6.814495,1,,6.83,7.2,stop,619.0,652.0,0.3700000000000001,0
2026-02-26,SSL,7.96,7.81,7.96,1.884422110552768,238160.0,0.6606477135444544,0.6433333333333364,8.51,-6.462984723854287,3.5840188014101027,0.0819672131147553,-11.210262130507529,4.104852974265536,2438445.5,608,0,7.786569999999999,1,,7.79,7.96,stop,609.0,785.0,0.1699999999999999,0
2026-02-26,VITL,22.1,20.4,20.625,8.242424242424256,941430.0,3.581530150226074,0.0705882352941181,24.79,-16.80112948769665,8.055264219443323,0.3204967699934902,-28.854777509486023,2.991569538557008,1538825.85,575,1,20.3388,1,,20.39,21.715,eod,576.0,945.0,1.7100000000000009,0
2026-02-27,CONL,7.63,7.34,7.52,3.856382978723405,891752.0,1.8210023536008133,0.8620689655172413,8.07,-6.81536555142504,9.789343246592315,0.4683544303797469,-36.59359190556493,14.706743035175744,17693968.75,584,0,7.317979999999999,1,,7.32,7.63,stop,585.0,620.0,0.3099999999999996,0
2026-02-27,CSTL,30.0,27.73,29.87,7.599598259122864,31694.0,2.593597543415353,0.0881057268722464,31.88,-6.304893350062729,5.175658720200749,0.896969696969698,-26.923547400611618,3.913559286286109,447859.8,575,0,27.64681,1,,28.6,30.0,stop,576.0,608.0,1.3999999999999986,0
2026-02-27,DNA,8.12,7.93,8.006,2.373220084936292,108262.0,0.8661457751343927,0.0,9.71,-17.54891864057673,5.355303810504648,0.9807692307692312,-22.870905587668595,6.649253086509529,1120112.25,575,1,7.90621,1,,7.87,8.12,stop,576.0,584.0,0.2499999999999991,1
2026-02-27,EOSE,6.21,5.79,6.155,6.823720552396424,6710211.0,2.5615374367489814,0.0476190476190466,6.74,-8.679525222551927,14.688427299703266,0.3686868686868688,-63.772594306028864,10.574947425582328,24160731.75,575,1,5.77263,0,gap_through,,,,,,,0
2026-02-27,ETHT,13.8289,13.6801,13.75,1.082181818181828,54308.0,0.4622021582632639,0.5705645161290342,14.84,-7.345013477088948,10.512129380053912,0.4871794871794869,-60.51120045950603,12.65308523515031,2410308.4,584,0,13.6390597,1,,13.6389,13.8289,stop,585.0,606.0,0.19000000000000128,1
2026-02-27,ETHU,20.555,20.35,20.4,1.0049019607843055,158322.0,0.479491517977361,0.585365853658529,22.03,-7.399001361779403,10.48570131638674,0.471861471861472,-60.0,12.918141723679527,9072883.75,582,0,20.28895,1,,20.3,20.555,stop,583.0,606.0,0.254999999999999,0
2026-02-27,FIP,6.11,5.77,6.01,5.657237936772059,52979.0,1.5015488800361017,0.8970588235294116,6.44,-6.677018633540381,6.055900621118021,0.3589743589743599,-10.164424514200308,4.1816379066123535,992763.45,593,1,5.752689999999999,1,,5.7501,6.11,stop,594.0,665.0,0.35990000000000055,1
2026-02-27,FJET,6.9045,6.74,6.82,2.4120234604105484,30398.0,0.5191988704739209,0.6686930091185399,7.2,-5.277777777777777,11.38888888888888,0.8780487804878052,-41.55955441302485,14.86514335186285,1856462.1,584,0,6.71978,0,gap_through,,,,,,,0
2026-02-27,FLGT,19.12,17.36,18.87,9.326974032856391,64355.0,4.669447863616767,0.4030681818181827,24.76,-23.78836833602585,5.431744749596133,0.89218529258681,-29.431563201196703,2.252009687852514,228190.35,584,1,17.30792,1,,17.55,15.32,eod,585.0,945.0,1.5700000000000005,0
2026-02-27,INFQ,12.32,12.0,12.2,2.6229508196721336,101452.0,1.3226589281452863,0.9375000000000012,12.89,-5.352986811481778,10.240496508921646,0.1590909090909097,-30.32552826956026,9.01825220297576,3750036.4,582,0,11.964,1,,12.05,11.63,eod,583.0,945.0,0.2699999999999996,0
2026-02-27,IONL,21.085,19.73,20.96,6.464694656488551,67017.0,2.187284088930228,0.0443542435424342,22.67,-7.543008381120426,12.704014115571235,0.6423611111111118,-36.0,16.14207427137524,585907.55,618,1,19.67081,1,,19.55,19.53,eod,619.0,945.0,1.5350000000000001,1
2026-02-27,IONX,13.75,12.85,13.7,6.569343065693434,281605.0,2.593102080829264,0.1333333333333344,14.79,-7.369844489519946,13.049357674104122,0.6580310880829014,-36.21973929236499,16.129720990229266,5315420.85,576,1,12.81145,1,,13.025,13.75,stop,577.0,585.0,0.7249999999999996,0
2026-02-27,IRE,5.9,5.6301,5.76,4.685763888888901,875783.0,2.2918422105651888,0.1478325305668772,6.22,-7.395498392282958,11.81672025723472,0.5986394557823127,-59.79478588629463,13.915500109099831,28194588.85,590,1,5.6132097,0,gap_through,,,,,,,0
2026-02-27,IREX,10.27,9.85,10.02,4.191616766467066,83236.0,2.0693884126457305,0.0,10.85,-7.649769585253457,11.61290322580645,0.6269841269841264,-59.0686274509804,14.165673720098091,3573582.3,589,0,9.82045,1,,9.79,9.01,eod,590.0,945.0,0.4800000000000004,1
2026-02-27,PCT,7.5,6.785,7.5,9.533333333333331,999915.0,3.0191690623702603,0.2937062937062937,8.12,-7.635467980295557,10.775862068965518,0.1199999999999984,-33.10798155564078,4.185049369612502,3380113.4,618,1,6.764645,0,ssr_no_uptick,,,,,,,0
2026-02-27,PGNY,20.22,17.62,19.88,13.07847082494969,277535.0,3.2268516776861658,0.0769230769230767,22.25,-10.65168539325843,5.84269662921347,0.9384615384615396,-19.902012925268743,2.142992999999372,1386766.55,575,1,17.567140000000002,0,gap_through,,,,,,,0
2026-02-27,QBTX,15.36,13.88,15.1,9.80132450331125,154501.0,2.6696718464261213,0.1643918918918918,16.42,-8.038976857490876,18.757612667478693,0.1883116883116888,-47.1473573678684,14.25368075607813,1669263.95,603,1,13.838360000000002,1,,13.83,13.79,eod,604.0,945.0,1.5299999999999994,1
2026-02-27,RGTU,8.48,7.97,8.48,6.014150943396234,35591.0,1.4585361224583056,0.1568627450980408,9.01,-5.882352941176464,10.765815760266378,0.5257731958762881,-37.18518518518518,13.686462738129007,495934.0,577,1,7.94609,0,ssr_no_uptick,,,,,,,0
2026-02-27,RGTX,6.67,6.25,6.62,6.344410876132929,213176.0,2.0036142840120403,0.1190476190476186,7.05,-6.09929078014184,11.489361702127654,0.4938271604938267,-38.70370370370371,13.846686004601946,5016924.0,576,1,6.23125,1,,6.28,6.085000000000001,lock,577.0,933.0,0.3899999999999997,0
2026-02-27,ROBN,22.53,21.89,21.94,2.917046490428444,48127.0,1.3726374623021884,0.9531249999999982,23.74,-7.582139848357191,7.451558550968823,0.9830412662521192,-51.059558331474456,12.479097243825125,1719434.05,582,0,21.82433,1,,21.69,21.37,eod,583.0,945.0,0.8399999999999999,1
2026-02-27,RUN,18.7399,17.12,18.59,8.713824636901547,1436357.0,2.441402444278703,0.0,20.42,-8.961802154750254,8.080313418217425,0.9515151515151524,-14.213197969543154,4.814190216837957,8156090.85,575,1,17.068640000000002,0,gap_through,,,,,,,0
2026-02-27,SG,6.3,5.45,5.75,14.782608695652169,834124.0,5.504215079364894,0.3882352941176473,6.14,-6.35179153094462,7.654723127035827,0.7446808510638294,-12.746585735963578,5.403537901227098,4075386.8,579,1,5.43365,1,,5.485,5.505,eod,580.0,945.0,0.8149999999999995,0
2026-02-27,TE,6.94,6.52,6.8,6.176470588235306,932972.0,2.74078491401299,0.1071428571428588,7.29,-6.721536351165984,8.573388203017833,0.8719999999999999,-27.973731596229214,7.056676402756177,19075368.05,576,1,6.500439999999999,0,gap_through,,,,,,,0
2026-02-27,TEMT,8.915,8.62,8.75,3.3714285714285706,20947.0,1.194600345134741,0.7118644067796641,9.27,-5.60949298813376,12.837108953613804,1.0,-32.76988090664618,8.415268357565502,762299.95,580,0,8.59414,0,gap_through,,,,,,,0
2026-02-27,VELO,10.3265,10.09,10.14,2.3323471400394427,50529.0,0.6429433902709276,0.0422832980972507,10.83,-6.371191135734067,14.58910433979686,0.9936708860759496,-37.096774193548384,10.439088626777824,2354562.6,575,0,10.05973,1,,10.15,10.3265,stop,576.0,612.0,0.176499999999999,0
2026-02-27,XPOF,6.425,6.0,6.34,6.703470031545739,167773.0,2.825978486739825,0.8470588235294129,8.05,-21.24223602484473,4.9689440993788745,0.2750000000000012,-31.45945945945946,3.791214913676767,398532.65,579,1,5.982,1,,6.03,4.28,eod,580.0,945.0,0.3949999999999996,0
2026-03-02,AARD,6.0,5.7,5.89,5.093378607809845,121989.0,2.8698639442473888,0.0520000000000002,12.49,-52.84227381905525,3.843074459567658,0.6041666666666681,-57.41142443962401,4.542451363707895,122497.85,575,1,5.6829,1,,5.715,5.4399,eod,576.0,900.0,0.2850000000000001,0
2026-03-02,CDIO,5.458,4.91,5.395,10.157553290083412,212348.0,4.454499421068929,0.3291970802919702,6.55,-17.633587786259547,33.05343511450382,0.3718244803695149,-31.795195954488,23.528809193347875,10612173.25,589,1,4.89527,1,,4.8901,5.458,stop,590.0,618.0,0.5678999999999998,1
2026-03-02,CLPT,10.21,9.34,9.905,8.7834427057042,211257.0,3.457015158380418,0.9182758620689642,12.57,-21.201272871917272,12.56961018297534,0.0316455696202536,-35.088340148893785,4.8505205593088645,618605.75,584,1,9.31198,1,,9.355,9.83,eod,585.0,945.0,0.8550000000000004,0
2026-03-02,CWVX,22.2,20.04,20.1,10.746268656716415,130598.0,2.796556455507717,0.9953703703703712,21.84,-7.967032967032959,28.25091575091576,0.4392220421393841,-49.020871007586,16.036986821130725,1489254.95,595,0,19.97988,0,gap_through,,,,,,,0
2026-03-02,DYN,15.33,14.77,14.78,3.788903924221925,71749.0,1.459435980934762,0.6249999999999988,15.62,-5.377720870678616,5.793854033290649,0.574585635359116,-23.775141825683345,3.267958025067588,1845366.6,575,0,14.72569,0,gap_through,,,,,,,0
2026-03-02,KOLD,21.7699,21.5,21.76,1.2403492647058814,241601.0,0.5615059023561462,0.3705075954057113,23.45,-7.206823027718541,3.66737739872068,0.4069767441860443,-11.867152693398134,11.694914054120671,12728841.1,581,0,21.4355,1,,21.3799,21.7699,stop,582.0,590.0,0.39000000000000057,1
2026-03-02,PYPG,6.1329,5.88,5.91,4.279187817258889,55130.0,1.0489317363821238,0.9094503756425468,6.28,-5.891719745222932,3.980891719745223,0.8399999999999999,-35.55070883315158,10.776683129948267,1958368.15,595,0,5.86236,1,,5.87,6.1329,stop,596.0,617.0,0.2629000000000001,0
2026-03-03,ALM,18.13,17.29,17.79,4.721753794266442,871221.0,2.050067471985255,0.2380952380952372,20.72,-14.14092664092664,8.397683397683391,0.908045977011494,-14.798850574712644,6.547354520817855,4433675.85,576,1,17.238129999999998,1,,17.215,18.13,stop,577.0,637.0,0.9149999999999991,1
2026-03-03,AMDL,11.45,11.115,11.21,2.988403211418368,770410.0,1.4398700402412496,0.6388059701492568,12.04,-6.893687707641183,8.80398671096346,0.971698113207546,-46.54268001907486,10.259641812310456,14485202.8,581,0,11.081655,1,,11.08,11.1655,eod,582.0,945.0,0.3699999999999992,1
2026-03-03,APLD,26.58,26.1,26.33,1.8230155715913288,644911.0,1.0161227411521336,0.5416666666666661,27.93,-5.728607232366636,8.090583601861793,0.8850732398105948,-34.14207103551776,8.255253577896168,23772686.8,604,0,26.021700000000003,1,,26.075,26.58,stop,605.0,781.0,0.504999999999999,0
2026-03-03,APPX,10.68,10.36,10.38,3.082851637764935,171540.0,1.5876144125644496,0.4375000000000014,11.36,-8.62676056338027,11.704225352112685,0.8420577617328515,-43.73221303699688,16.206925890850208,4831730.5,579,0,10.32892,1,,10.3615,10.68,stop,580.0,586.0,0.3185000000000002,0
2026-03-03,ARMG,6.43,6.3101,6.37,1.8822605965463024,18023.0,0.6340609285664178,0.4937447873227687,6.99,-8.869814020028613,6.43776824034335,0.7111111111111115,-21.45499383477188,6.556103793579394,1139529.05,575,0,6.2911697,1,,6.35,6.445,stop,576.0,578.0,0.08,0
2026-03-03,ASM,8.8,8.39,8.78,4.66970387243736,570254.0,1.542311999355719,0.0241463414634146,9.41,-6.695005313496289,7.970244420828905,0.6133333333333345,-20.54298642533937,6.630781819107439,5837414.45,577,1,8.364830000000001,0,ssr_no_uptick,,,,,,,0
2026-03-03,BITU,11.87,11.59,11.7,2.393162393162388,142092.0,0.7618348026930754,0.035714285714285,12.45,-6.024096385542169,12.530120481927714,0.7852564102564098,-33.39026473099915,9.818320991172335,7209286.65,581,0,11.55523,1,,11.55,11.87,stop,582.0,640.0,0.3199999999999985,1
2026-03-03,BITX,15.04,14.69,14.83,2.360080917060011,542828.0,0.8433659306291628,0.057142857142861,15.77,-5.9606848446417215,12.682308180088766,0.7750000000000001,-33.06251410516814,9.800001331922893,17003317.5,581,0,14.64593,1,,14.65,15.04,stop,582.0,639.0,0.3899999999999988,0
2026-03-03,BULZ,19.88,19.44,19.6,2.2448979591836618,209284.0,0.9077754288741476,0.3295454545454552,21.22,-7.6343072573044175,9.000942507068805,0.9319371727748678,-92.76752767527675,20.469745142077,728807.2,617,0,19.381680000000003,1,,19.34,19.9,stop,618.0,677.0,0.5399999999999991,1
2026-03-03,BW,8.52,8.3117,8.48,2.456367924528296,52898.0,0.8986315050415934,0.2318771003360512,9.0,-5.777777777777773,7.777777777777789,0.6714285714285714,-26.70700086430423,6.0768381902533575,2325041.5,602,0,8.2867649,1,,8.28,8.08,eod,603.0,945.0,0.2400000000000002,1
2026-03-03,CONL,7.92,7.68,7.71,3.1128404669260727,922796.0,1.2725420924684638,0.0416666666666694,8.41,-8.32342449464923,14.3281807372176,0.9253112033195022,-23.35984095427436,14.834921039869036,18899061.2,575,0,7.65696,1,,7.64,7.92,stop,576.0,665.0,0.28000000000000025,1
2026-03-03,CRDU,6.55,5.83,6.48,11.111111111111107,323481.0,4.410785712158101,0.041666666666667,8.38,-22.673031026252985,14.677804295942726,0.9105691056910574,-49.88399071925754,12.714378789845068,1246201.15,575,1,5.81251,1,,5.985,5.94,eod,576.0,945.0,0.5649999999999995,0
2026-03-03,CRML,10.2599,9.95,10.13,3.059230009871676,640922.0,1.394199571221502,0.3226847370119431,10.82,-6.377079482439921,14.150646950092424,0.7968127490039842,-34.22077922077922,8.908026083552139,11617717.65,582,0,9.92015,1,,9.9356,9.77345,lock,583.0,666.0,0.3242999999999991,0
2026-03-03,CRMX,7.7,7.295,7.6,5.328947368421056,36930.0,1.4804971560905624,0.1851851851851855,8.59,-11.52502910360885,26.54249126891734,0.7763157894736843,-63.50540216086434,17.567735327523447,613831.35,582,1,7.273115,0,gap_through,,,,,,,0
2026-03-03,CWVX,19.5699,18.85,19.36,3.7184917355371856,53555.0,1.8165371777356487,0.6250868176135572,21.02,-7.897240723120838,12.226450999048527,0.5330739299610898,-50.20576131687243,15.944471068412229,1549077.75,577,1,18.79345,0,ssr_no_uptick,,,,,,,0
2026-03-03,ETHT,13.9796,13.57,13.74,2.9810771470160065,37539.0,0.7136571835106567,0.0,14.81,-7.224848075624579,15.057393652937206,0.6681614349775784,-39.81603153745072,11.7795633859337,2354613.35,581,0,13.52929,1,,13.505,13.9796,stop,582.0,665.0,0.4745999999999988,1
2026-03-03,ETHU,20.775,20.1616,20.43,3.0024473813020003,313013.0,1.0656299001052936,0.0299967394848382,22.16,-7.806859205776175,15.478339350180503,0.6909620991253648,-39.2325996430696,12.1118133794248,9094850.55,581,0,20.1011152,1,,20.09,20.775,stop,582.0,664.0,0.6849999999999987,1
2026-03-03,GRRR,11.67,11.01,11.6,5.6896551724137945,87255.0,2.333959365582245,0.4545454545454555,12.46,-6.902086677367586,11.422150882825036,0.7962338392355262,-17.14226530189502,4.765965607885826,842254.8,603,1,10.97697,1,,11.005,11.67,stop,604.0,802.0,0.6649999999999991,0
2026-03-03,HL,22.65,21.56,22.47,4.850912327547841,2096807.0,1.5405171733066778,0.1284403669724776,24.63,-8.769792935444581,6.029232643118147,0.9865319865319868,-10.851021622693908,5.418717218492212,23455182.8,581,1,21.49532,1,,21.4601,21.755,eod,582.0,945.0,1.189899999999998,1
2026-03-03,HOOG,21.25,20.32,20.42,4.5543584720861885,20544.0,1.2371244826973655,0.6774193548387089,23.1619,-11.837975295636358,15.5427663533648,0.878305555555555,-45.8499071864227,12.097253060033315,600562.25,615,1,20.25904,1,,20.25,21.25,stop,616.0,675.0,1.0,1
2026-03-03,IONX,12.1792,11.65,11.83,4.473372781065084,116270.0,1.9233523694017585,0.9826152683295544,12.98,-8.8597842835131,10.55469953775038,0.9781021897810224,-28.90625,15.889252071780504,5536536.8,619,1,11.61505,1,,11.563,12.2,stop,620.0,743.0,0.6161999999999992,1
2026-03-03,IREX,8.67,8.49,8.6,2.0930232558139505,57992.0,1.505265853964076,0.3866666666666641,9.4,-8.510638297872347,16.17021276595744,0.7500000000000006,-55.64724084579681,13.877356346330831,3478391.95,584,1,8.46453,1,,8.43,8.309999999999999,lock,585.0,687.0,0.2400000000000002,1
2026-03-03,LABX,5.89,5.54,5.89,5.942275042444816,84363.0,2.0179007480301365,0.0285714285714279,6.51,-9.523809523809526,15.207373271889404,0.9393939393939388,-67.91065104876056,16.134648244656223,1648687.9,580,1,5.52338,0,gap_through,,,,,,,0
2026-03-03,LTBR,12.25,11.77,12.21,3.9312039312039344,183695.0,1.295192585485109,0.104166666666668,12.96,-5.787037037037036,8.024691358024699,0.6538461538461547,-28.324038743762834,6.208777042246446,814879.55,604,0,11.73469,1,,11.8,12.25,stop,605.0,800.0,0.4499999999999993,0
2026-03-03,MSTU,5.1586,4.9801,5.13,3.479532163742684,1619991.0,1.2263023842130063,0.0834733893557419,5.47,-6.215722120658133,15.35648994515539,0.7738095238095233,-30.204081632653057,16.508455292368076,41639610.75,581,0,4.9651597,1,,4.935,5.1586,stop,582.0,661.0,0.22360000000000024,1
2026-03-03,NBIL,8.23,7.95,8.06,3.4739454094292834,82244.0,1.221600693729275,0.6785714285714294,8.97,-10.144927536231885,10.255295429208472,0.9240134797260584,-38.93939393939394,14.120902087936718,2248203.5,617,1,7.92615,1,,7.89,8.23,stop,618.0,738.0,0.34000000000000075,1
2026-03-03,NVA,7.838,7.53,7.77,3.9639639639639626,78585.0,1.3620855351820986,0.4220779220779219,8.58,-9.440559440559444,8.857808857808855,0.9868421052631582,-16.181229773462785,5.8842685874768215,801535.55,589,1,7.50741,1,,7.485,7.425,eod,590.0,945.0,0.35299999999999976,1
2026-03-03,NVOX,9.82,9.6,9.66,2.2774327122153277,80876.0,0.7199863050138604,0.500000000000004,10.43,-7.382550335570466,5.848513902205189,0.9344262295081952,-66.30624346006279,11.53050254321811,1266800.4,607,0,9.5712,1,,9.545,9.82,stop,608.0,810.0,0.27500000000000036,1
2026-03-03,OKLL,10.2,9.79,10.05,4.079601990049753,104882.0,2.273319151338117,0.8778048780487837,11.03,-8.884859474161367,14.922937443336348,0.9574726609963546,-44.99148873283379,12.54446714366368,3984576.05,619,1,9.76063,1,,9.775,10.2,stop,620.0,715.0,0.4249999999999989,0
2026-03-03,ORCU,9.73,9.49,9.5,2.5263157894736867,30260.0,0.9821674860584004,0.0416666666666657,10.1641,-6.533780659379576,11.215946320874457,0.915877192982456,-31.50092293493309,8.079475302196965,669117.8,575,0,9.46153,1,,9.49,9.76,stop,576.0,584.0,0.2400000000000002,0
2026-03-03,ORCX,9.04,8.82,8.87,2.4802705749718026,208563.0,1.096340838150569,0.1136363636363658,9.45,-6.137566137566139,11.640211640211636,0.8999999999999989,-31.61088366140064,8.095806735018597,7582483.4,598,0,8.79354,1,,8.84,9.04,stop,599.0,668.0,0.1999999999999993,0
2026-03-03,QBTX,13.5548,13.02,13.43,3.9821295606850384,48953.0,1.6587270413415047,0.7479431563201195,14.48,-7.251381215469618,11.809392265193376,0.9883040935672516,-35.55662188099808,14.033573485323188,1650199.9,597,1,12.98094,1,,12.92,13.5548,stop,598.0,743.0,0.6348000000000003,1
2026-03-03,RDTL,17.37,16.75,17.09,3.6278525453481625,23896.0,1.2451344727062297,0.1129032258064518,18.41,-7.170016295491583,7.604562737642579,0.9357142857142856,-44.18680600914436,9.368417916870785,790140.8,575,0,16.69975,1,,16.7,17.37,stop,576.0,684.0,0.6700000000000017,0
2026-03-03,RETL,8.63,8.52,8.55,1.286549707602353,32192.0,0.6808997510539266,0.545454545454544,9.2,-7.0652173913043335,5.054347826086955,0.8279569892473116,-19.0724088973024,3.792971418976792,485380.2,585,0,8.494439999999999,1,,8.525,8.49,lock,586.0,697.0,0.1050000000000004,0
2026-03-03,RGTX,5.79,5.5905,5.79,3.445595854922288,189897.0,2.082089244549538,0.9498746867167932,6.29,-7.94912559618442,12.400635930047684,0.9230769230769236,-24.015748031496067,13.512937076069612,4860717.05,604,1,5.5737285,1,,5.63,5.55,lock,605.0,636.0,0.1600000000000001,0
2026-03-03,RIOX,9.1,8.39,8.91,7.968574635241292,62516.0,2.3242387082435525,0.0422535211267597,9.7,-8.144329896907209,16.59793814432991,0.6832298136645956,-18.406593406593405,13.575761724176816,688482.6,575,1,8.364830000000001,0,ssr_no_uptick,,,,,,,0
2026-03-03,ROBN,21.25,20.26,20.42,4.848188050930452,189921.0,1.5592709028574865,0.6868686868686876,23.22,-12.05857019810507,15.913006029285102,0.8903924221921513,-45.957390498875206,12.11281508154023,1782270.55,617,1,20.19922,1,,20.115,21.25,stop,618.0,675.0,1.1350000000000016,1
2026-03-03,SGML,12.84,12.2,12.76,5.015673981191227,331573.0,2.034191667973849,0.0468750000000017,14.02,-8.987161198288158,6.209700427960067,0.5750057431656325,-24.40758293838862,9.290697690738003,4079426.25,580,1,12.1634,1,,12.15,12.84,stop,581.0,822.0,0.6899999999999995,1
2026-03-03,SHNY,19.4,19.0,19.4,2.061855670103085,103074.0,0.6458163879813539,0.2717499999999982,21.67,-10.47531149053993,5.399169358560212,0.7435897435897456,-90.61441702951136,21.800521118498235,378819.75,576,1,18.943,0,ssr_no_uptick,,,,,,,0
2026-03-03,SMCX,11.25,11.0,11.14,2.244165170556553,86503.0,1.2917133742921032,0.4399999999999977,11.89,-6.307821698906644,8.91505466778806,0.9150943396226416,-26.17627567925778,11.232566438297544,3521091.05,580,0,10.967,1,,10.96,10.815000000000001,lock,581.0,699.0,0.28999999999999915,1
2026-03-03,SMU,6.295,6.07,6.27,3.5885167464114778,121523.0,1.3818628947609186,0.3555555555555564,7.01,-10.556348074179748,18.188302425106997,0.6509803921568627,-57.43380855397149,13.540659236154989,2583593.55,576,1,6.05179,0,gap_through,,,,,,,0
2026-03-03,SOUX,6.7,6.34,6.34,5.678233438485809,15381.0,1.3836774432452927,1.0,7.04,-9.94318181818182,19.744318181818176,1.0,-22.493887530562347,11.35502110080839,498043.3,625,1,6.32098,0,gap_through,,,,,,,0
2026-03-03,SRAD,18.75,18.0,18.35,4.087193460490464,95327.0,1.5677272085554708,0.2266666666666689,19.58,-6.281920326864132,8.222676200204306,0.9440993788819856,-6.710726995424506,2.7395904125726065,2405439.55,575,0,17.946,0,gap_through,,,,,,,0
2026-03-03,STNE,15.13,14.51,14.66,4.229195088676678,706823.0,2.2789308849623837,0.5483870967741924,17.03,-13.916617733411632,7.222548443922491,0.7479674796747979,-19.40626717976911,3.05971427316148,5012511.6,587,1,14.46647,1,,14.45,13.735,eod,588.0,945.0,0.6800000000000015,1
2026-03-03,SUPV,8.325,8.06,8.08,3.279702970297014,52050.0,1.4148727996675206,0.4339622641509462,8.97,-9.921962095875145,9.295429208472688,0.4737347085632061,-34.25549227013832,4.520742706843104,1068840.8,605,1,8.035820000000001,1,,8.08,8.325,stop,606.0,686.0,0.2449999999999992,0
2026-03-03,SVIX,19.4499,19.065,19.26,1.9984423676012368,478707.0,0.8451503255100343,0.0389711613406003,20.72,-7.046332046332034,6.660231660231673,0.7101449275362309,-19.431081363731437,3.3526955073314024,5690730.2,582,0,19.007805,1,,18.93,18.67005,lock,583.0,677.0,0.5198999999999998,1
2026-03-03,TBPH,14.9,13.48,14.07,10.092395167022032,193781.0,3.3674383832106054,0.1267605633802815,18.95,-25.751978891820578,5.065963060686021,0.5624999999999987,-31.699029126213595,2.4415716390777704,519032.1,575,1,13.43956,1,,13.53,13.995,eod,576.0,945.0,1.370000000000001,0
2026-03-03,TE,6.7085,6.37,6.41,5.280811232449295,376050.0,1.9464479318657204,0.812407680945346,6.84,-6.286549707602335,15.204678362573102,0.8653846153846149,-32.0254506892895,8.112552333599638,19077822.5,626,0,6.35089,1,,6.355,6.565,eod,627.0,945.0,0.3534999999999995,0
2026-03-03,TEMT,7.95,7.7,7.83,3.1928480204342278,31697.0,0.979154878687524,0.9600000000000009,8.58,-8.741258741258742,10.256410256410255,1.0,-32.904884318766065,8.177170015388779,792587.9,588,1,7.6769,1,,7.6992,7.6,lock,589.0,706.0,0.2507999999999999,0
2026-03-03,UUUU,22.2,20.88,22.0,6.000000000000001,1189346.0,1.9512738551964903,0.0984848484848504,23.37,-5.862216516902015,12.195121951219518,0.936842105263158,-11.218724778046816,7.141528365134629,12172617.6,588,1,20.81736,1,,20.825,21.005,eod,589.0,945.0,1.375,0
2026-03-03,WEBL,18.419,17.9,18.0,2.883333333333344,32306.0,0.7217639913310395,0.7707129094412344,19.17,-6.103286384976534,6.4162754303599385,0.8292682926829291,-29.133858267716533,5.12576272283937,406955.55,608,0,17.8463,1,,17.85,18.419,stop,609.0,682.0,0.5689999999999991,0
2026-03-04,BATL,17.89,17.0,17.445,5.101748351963317,627984.0,2.692419819130883,0.1908988764044924,27.68,-36.97615606936416,28.21531791907514,0.7413572343149808,-41.26262626262626,38.86496428103109,16184788.3,577,1,16.949,1,,16.927,16.4455,lock,578.0,657.0,0.963000000000001,1
2026-03-04,BMNZ,21.92,20.76,21.745,5.3345596688894,108516.0,2.396016489741573,0.6379310344827572,25.55,-14.892367906066534,10.841095890410958,0.4982129318747966,-48.62981337113158,14.321211772115849,1520867.55,629,1,20.69772,0,gap_through,,,,,,,0
2026-03-04,CORD,18.2,17.4629,17.98,4.0995550611790765,29275.0,1.8350913682001264,1.0,20.29,-11.384918679152287,11.18777723016264,0.3259911894273121,-36.734693877551024,16.02989396984836,1592019.6,597,1,17.4105113,0,ssr_no_uptick,,,,,,,0
2026-03-04,CRCD,7.5796,7.03,7.46,7.36729222520107,217451.0,3.360165004083251,0.4184861717612801,7.98,-6.516290726817048,29.072681704260656,0.3448275862068968,-89.79759299781182,18.907785125491724,1321394.1,587,1,7.00891,1,,7.1284,7.5796,stop,588.0,634.0,0.4512,0
2026-03-04,HRZN,5.45,5.26,5.43,3.499079189686932,532246.0,1.2964855610301012,0.0263157894736835,6.11,-11.129296235679224,3.68248772504091,0.6666666666666693,-19.196428571428573,1.958296117954756,940136.75,575,1,5.244219999999999,0,gap_through,,,,,,,0
2026-03-04,IREZ,27.615,25.71,27.53,6.919723937522694,66020.0,2.6373401084846853,0.4146981627296588,30.25,-8.99173553719008,11.804958677685956,0.5351442173060769,-30.602470380640284,14.013086068371068,1906140.55,588,1,25.63287,1,,25.71,22.2,eod,589.0,945.0,1.9049999999999976,0
2026-03-04,MSTZ,10.37,9.85,10.24,5.078124999999996,1205838.0,2.146818970760476,0.5673076923076926,12.23,-16.271463614063777,11.695012264922314,0.4204712298119278,-64.33298502264019,16.718673350776005,20566078.3,608,1,9.82045,0,ssr_no_uptick,,,,,,,0
2026-03-05,AEO,21.0,19.69,20.65,6.3438256658595575,881643.0,2.98600752313699,0.4503816793893133,22.45,-8.017817371937642,3.563474387527843,0.2625000000000008,-20.729366602687147,3.150444530966876,4946252.0,584,1,19.630930000000003,1,,19.65,19.351,eod,585.0,945.0,1.3500000000000014,0
2026-03-05,CANF,5.21,4.85,5.21,6.909788867562386,56071.0,2.997649789977133,0.444722222222224,6.02,-13.455149501661124,80.56312292358805,0.0968885956411472,-49.90384615384615,5.39910135446046,1982302.75,616,1,4.83545,0,gap_through,,,,,,,0
2026-03-05,CWVX,20.6971,19.95,20.27,3.685742476566353,76509.0,1.398313969014824,0.8432606076830401,21.49,-5.677059097254531,11.19125174499768,0.7318087318087306,-47.86522633744856,15.973893048218171,1675594.8,624,0,19.89015,0,gap_through,,,,,,,0
2026-03-05,HELP,6.68,6.15,6.45,8.217054263565881,346245.0,3.6067169339464913,0.0754716981132077,8.53,-24.38452520515826,8.430246189917929,0.9724655819774718,-24.559638821960743,5.225630577868416,646854.15,575,1,6.131550000000001,1,,6.265,6.68,stop,576.0,578.0,0.415,0
2026-03-05,IRE,5.39,5.02,5.2,7.115384615384618,1921457.0,2.969967415928179,0.1621621621621634,5.94,-12.45791245791246,14.898989898989894,0.9096045197740122,-47.84353059177533,13.035804439112392,28768782.0,575,1,5.00494,1,,5.01,4.94,eod,576.0,945.0,0.3799999999999999,0
2026-03-05,IREX,9.42,8.78,9.08,7.048458149779742,194983.0,2.787440620638697,0.156250000000002,10.36,-12.35521235521235,14.961389961389951,0.9032258064516128,-47.270615563298485,13.158507249154823,3463318.55,575,1,8.75366,0,gap_through,,,,,,,0
2026-03-05,LWLG,5.14,4.71,5.13,8.382066276803112,627735.0,4.577863055029664,0.0802325581395359,5.6,-8.392857142857139,9.910714285714295,0.9099099099099088,-9.20353982300886,5.806914253960611,1772061.05,578,1,4.69587,1,,4.79,4.395,eod,579.0,945.0,0.3499999999999996,0
2026-03-05,PEPG,5.51,5.13,5.51,6.89655172413793,130049.0,2.786768160905978,0.2973684210526328,6.76,-18.49112426035503,11.982248520710066,0.975308641975308,-22.83345470841969,7.221542677925575,665687.3,590,1,5.11461,1,,5.16,5.51,stop,591.0,612.0,0.3499999999999996,0
2026-03-05,RGTU,7.39,6.855,7.365,7.264086897488109,27092.0,2.5670074239756797,0.6074766355140182,8.0,-7.937499999999997,11.250000000000016,0.766666666666666,-22.228088701161568,13.351850913072775,477804.3,590,1,6.834435,0,gap_through,,,,,,,0
2026-03-05,RGTX,5.755,5.35,5.755,7.03735881841877,408665.0,3.110230465743924,0.6444444444444444,6.3,-8.65079365079365,11.428571428571423,0.8194444444444445,-22.855227882037536,13.475594975074037,5049853.65,590,1,5.33395,1,,5.33,5.6,eod,591.0,945.0,0.4249999999999998,1
2026-03-06,AEYE,7.59,7.3,7.54,3.8461538461538463,16894.0,0.7428726287262859,0.6896551724137936,7.87,-4.193138500635325,18.424396442185508,0.0344827586206895,-18.662351672060407,3.8982308668019225,180999.55,586,0,7.2781,1,,7.335,6.18,eod,587.0,899.0,0.2549999999999999,0
2026-03-06,ALOY,17.75,17.3,17.5,2.571428571428567,144628.0,1.331641362064935,0.4666666666666693,21.69,-19.317657906869528,27.20101429230059,0.1610027288598111,-34.944237918215606,13.055435283475616,601009.65,578,1,17.2481,1,,17.4,17.224999999999998,lock,579.0,583.0,0.3500000000000014,0
2026-03-06,BEX,23.93,22.5,23.74,6.023588879528222,61783.0,2.4848328533213992,0.1748251748251748,25.95,-8.51637764932563,17.99421965317919,0.5246814434093585,-30.64563248612328,12.038751471859458,964360.3,575,1,22.4325,1,,22.5571,23.93,stop,576.0,601.0,1.3729000000000011,0
2026-03-06,CONL,9.68,9.37,9.385,3.3031433137986204,941324.0,1.893925047594473,0.8387096774193585,10.18,-7.809430255402749,11.983300589390971,0.3442085416837444,-14.526411657559205,14.148529937092649,21658295.65,592,0,9.34189,1,,9.3261,9.275,eod,593.0,945.0,0.35389999999999944,1
2026-03-06,HOOG,22.61,21.91,22.61,3.095975232198139,26135.0,1.045404802514973,0.0285714285714279,24.04,-5.948419301164725,15.391014975041594,0.3351351351351347,-26.11111111111112,11.294622129839418,634006.65,575,1,21.84427,0,gap_through,,,,,,,0
2026-03-06,KOLD,19.76,19.5,19.5,1.3333333333333417,389343.0,0.5691295302192512,0.4230769230769183,21.23,-8.14884597268017,8.949599623174763,0.4578947368421053,-21.02065613608749,5.306124184798832,7921114.7,627,0,19.4415,1,,19.4699,18.685,eod,628.0,945.0,0.2901000000000024,0
2026-03-06,PDYN,9.54,9.1,9.17,4.798255179934563,343834.0,2.078554005508132,0.1406818181818175,9.96,-7.93172690763053,18.473895582329316,0.9782608695652178,-8.3,9.510614509904572,3682073.55,575,0,9.0727,1,,9.075,8.57,eod,576.0,945.0,0.4649999999999998,0
2026-03-06,RIOX,8.0,7.35,8.0,8.125000000000004,67285.0,2.5908669873622463,0.3536923076923085,8.57,-6.651108518086351,21.12018669778296,0.3480662983425414,-26.73992673992674,12.2132290268475,716356.85,581,1,7.327949999999999,1,,7.39,7.01,eod,582.0,944.0,0.6100000000000003,0
2026-03-06,ROBN,22.53,21.8252,22.36,3.152057245080511,61981.0,1.1863906815453569,0.1770715096481272,24.06,-7.06566916043225,15.689941812136322,0.3298013245033107,-27.04730831973899,11.363895558537608,1833348.6,575,1,21.7597244,0,gap_through,,,,,,,0
2026-03-06,RUM,5.3773,5.12,5.29,4.863894139886575,223690.0,2.4968367192550045,0.2425184609405373,5.61,-5.704099821746885,3.8324420677361823,0.6976744186046533,-17.665369649805445,3.618557477959612,1994565.35,591,0,5.10464,1,,5.1,4.875,eod,592.0,945.0,0.2773000000000003,1
2026-03-06,SCO,10.66,10.56,10.61,0.9425070688030126,1236444.0,0.4995430328653937,0.0499999999999902,11.58,-8.376511226252164,4.102763385146799,0.5051568090928237,-35.77481840193705,3.402852638550524,4218971.55,575,0,10.52832,1,,10.53,10.66,stop,576.0,583.0,0.1300000000000007,0
2026-03-06,SMCX,11.68,11.445,11.445,2.053298383573608,57459.0,1.0328257206343303,0.4042553191489323,12.1,-5.413223140495862,12.561983471074392,0.3749999999999998,-21.82377049180328,9.232406223302856,2975691.35,575,0,11.410665,1,,11.43,11.68,stop,576.0,612.0,0.25,0
2026-03-06,SMU,5.78,5.67,5.78,1.9031141868512167,50794.0,1.435269207220145,0.1818181818181855,6.1,-5.245901639344252,13.770491803278686,0.5357142857142849,-58.37684081662047,11.877144294119644,2643367.5,575,0,5.65299,0,gap_through,,,,,,,0
2026-03-06,SVIX,17.86,17.5,17.83,2.0190689848569794,589950.0,1.244915472169182,0.6388888888888911,19.24,-7.32848232848233,10.187110187110171,0.4999999999999991,-23.03043384416145,3.5063676567840067,6303291.25,587,0,17.4475,1,,17.465,17.86,stop,588.0,602.0,0.3949999999999996,0
2026-03-09,CCL,24.8,24.01,24.465,3.229102799918248,2373315.0,1.218303616482177,0.7215189873417688,25.79,-5.13765025203567,2.05506010081426,0.660377358490565,-28.10755215985895,2.98263297017329,22803973.75,581,0,23.93797,1,,23.985,24.8,stop,582.0,723.0,0.8150000000000013,0
2026-03-09,CRCD,7.08,6.21,7.07,12.305516265912306,397422.0,4.763504203926849,0.1034482758620687,7.55,-6.357615894039729,10.728476821192048,0.7283950617283952,-88.67894315452361,17.623369448216632,1959208.95,582,1,6.19137,0,gap_through,,,,,,,0
2026-03-09,CRDU,7.04,6.76,6.77,4.135893648449044,28336.0,1.258772231018732,0.5000000000000016,7.33,-7.639836289222381,17.162346521145974,0.1335453100158983,-47.641144624903326,12.762763264622784,1759484.25,576,0,6.73972,1,,6.71,7.04,stop,577.0,582.0,0.33000000000000007,1
2026-03-09,FCEL,7.15,6.805,6.98,4.942693409742129,208986.0,2.343370132338549,0.1594202898550739,7.6,-8.157894736842096,7.434210526315783,0.0530973451327422,-23.29670329670329,5.80140167342532,1390561.25,575,1,6.784585,1,,6.7599,7.15,stop,576.0,725.0,0.39010000000000034,1
2026-03-09,IONX,10.7328,10.47,10.56,2.48863636363635,144371.0,1.4096425339566363,0.7229832572298346,11.18,-5.545617173524144,12.880143112701248,0.2430555555555553,-31.6504854368932,12.5065673203471,5375416.0,578,0,10.43859,1,,10.45,10.7328,stop,579.0,762.0,0.2827999999999999,0
2026-03-09,LABX,5.92,5.66,5.9,4.406779661016945,31921.0,1.7073861564450428,0.0,6.26,-5.75079872204472,13.977635782747605,0.394285714285714,-67.85616998093163,13.58786422141204,1916524.95,575,1,5.64302,1,,5.62,5.9591,stop,576.0,747.0,0.2999999999999998,1
2026-03-09,RGTX,5.46,5.2499,5.44,3.8621323529411713,232208.0,2.295345592975474,0.6430271299381234,5.73,-5.06108202443281,11.605584642233858,0.4511278195488732,-27.077747989276133,9.043602299763998,5196150.65,610,0,5.2341503000000005,1,,5.2299,5.46,stop,611.0,716.0,0.2301000000000002,1
2026-03-09,SCO,9.65,9.41,9.415,2.54912373871482,3452724.0,0.9297326630201732,0.8541666666666662,10.5,-10.33333333333334,4.571428571428576,0.2083333333333324,-43.00847457627119,3.805874948104589,6230065.3,593,1,9.38177,1,,9.375,9.65,stop,594.0,598.0,0.27500000000000036,1
2026-03-09,SOFX,12.78,12.185,12.69,4.688731284475957,83117.0,1.3974976989184251,0.058823529411765,13.6,-6.691176470588236,12.05882352941177,0.7256097560975604,-32.92811839323468,5.847000935005134,615040.25,575,1,12.148445,1,,12.21,12.7834,stop,576.0,687.0,0.5699999999999985,0
2026-03-11,GRPN,12.59,10.945,10.99,14.968152866242034,423115.0,4.743873148032213,0.5075987841945284,11.58,-5.094991364421415,12.478411053540588,0.1591695501730106,-20.362318840579714,3.4774622322586204,1075527.95,589,0,10.912165,1,,11.1,11.27,eod,590.0,945.0,1.4900000000000002,0
2026-03-11,IREZ,26.69,25.47,26.69,4.57100037467217,106861.0,1.8237754410642324,0.311475409836067,28.22,-5.421686746987944,12.1367824238129,0.9080291970802916,-18.07857581338244,12.080627001514376,1641347.6,576,1,25.39359,1,,25.29,24.589999999999996,lock,577.0,692.0,1.4000000000000021,1
2026-03-11,LITX,28.85,26.81,27.49,7.420880320116415,160150.0,3.080326058406483,0.0931372549019612,28.99,-5.174197999310107,17.97171438427044,0.0383877159309019,-78.32714578207153,20.087185956443328,1051894.85,575,0,26.72957,0,gap_through,,,,,,,0
2026-03-11,PANL,8.01,7.3505,7.665,8.604044357469009,110395.0,3.3467552220757564,0.98483699772555,8.35,-8.203592814371254,5.269461077844306,0.4772727272727257,-18.371476342104987,2.6804491117228517,628192.75,632,1,7.3284485,1,,7.375,7.275,eod,633.0,945.0,0.6349999999999998,0
2026-03-11,PLYX,6.15,5.5101,5.56,11.508992805755396,90255.0,3.502140001997642,0.6718237224566339,5.97,-6.867671691792297,68.6750418760469,0.6536744798653625,-24.7621754015616,25.01724560724409,4380233.9,593,1,5.4935697,0,gap_through,,,,,,,0
2026-03-12,ACXP,5.35,4.89,5.24,8.778625954198473,561762.0,2.6540286327148466,0.010869565217391,6.03,-13.101160862354892,49.74958540630183,0.9100303343444782,-16.82407657264401,28.02327269208072,7500415.05,582,1,4.87533,0,gap_through,,,,,,,0
2026-03-12,APLX,16.1482,15.561,16.0,3.669999999999996,38161.0,1.545198502906182,0.7476158038147149,17.08,-6.323185011709592,11.29976580796253,0.4715025906735734,-84.66110631770684,17.315167292769445,622088.35,585,0,15.514317,0,gap_through,,,,,,,0
2026-03-12,IREX,26.64,25.9,25.92,2.854938271604946,39284.0,1.58733063079603,0.5945945945945947,27.59,-6.052917723812969,14.896701703515763,0.8272506082725058,-8.409893992932858,44.19277309193647,2984371.6,578,0,25.8223,1,,25.7,26.7,stop,579.0,780.0,0.9400000000000013,1
2026-03-12,LITX,28.4118,25.92,26.78,9.304705003734124,159083.0,2.4579883064530974,0.8468175616020551,28.96,-7.527624309392264,11.291091160220994,0.8899048900578,-78.88690302087579,20.0434452822558,1194068.0,594,1,25.84224,1,,25.8425,24.61,eod,595.0,945.0,2.5692999999999984,0
2026-03-12,NBIG,8.9469,8.59,8.7,4.102298850574708,50730.0,1.4901379601557905,0.6724572709442436,9.19,-5.331882480957565,14.689880304678995,0.7851851851851844,-8.227848101265835,13.83725889829511,1180524.9,581,0,8.56423,1,,8.565,8.96,stop,582.0,704.0,0.3818999999999999,0
2026-03-12,NBIL,12.65,12.24,12.27,3.3414832925835385,40383.0,1.6067372013141408,0.6341463414634139,12.97,-5.397070161912112,14.649190439475715,0.773684210526316,-8.432835820895528,13.763913280220178,2209773.35,581,0,12.20328,0,gap_through,,,,,,,0
2026-03-12,TIC,8.13,7.12,7.77,12.998712998713009,488086.0,3.941435386981,0.2128712871287126,8.45,-8.047337278106506,5.562130177514801,0.5319148936170206,-22.91666666666667,2.7567033340543894,2161209.85,575,1,7.0986400000000005,1,,7.085,7.585,eod,576.0,945.0,1.0450000000000008,1
2026-03-13,ATPC,5.19,4.91,5.02,5.577689243027894,116134.0,2.7030532756788257,0.7857142857142841,5.65,-11.15044247787612,22.831858407079643,0.4961240310077524,-20.317460317460323,21.232358050974305,5658138.8,581,1,4.89527,0,gap_through,,,,,,,0
2026-03-13,BATL,21.0,20.15,21.0,4.047619047619054,183177.0,2.246512361257506,0.3176470588235325,22.46,-6.500445235975071,15.093499554764028,0.4601769911504431,-29.29292929292929,39.97230453473421,22858642.8,587,1,20.08955,1,,20.06,18.9099,eod,588.0,945.0,0.9400000000000013,1
2026-03-13,BMNZ,19.06,17.75,18.905,6.929383760909805,95985.0,2.399968560790932,0.3645038167938928,21.34,-11.410496719775065,10.21555763823805,0.6055045871559636,-39.54269267668691,10.62330873937822,1394284.1,593,1,17.69675,1,,17.92,19.06,stop,594.0,662.0,1.139999999999997,0
2026-03-13,HNRG,18.5,17.18,17.45,7.5644699140401155,157426.0,2.5083675831379733,0.5,19.33,-9.72581479565442,8.691153647180547,0.5119047619047616,-17.396449704142015,2.662026807068566,469202.25,583,1,17.12846,1,,17.01,17.22,eod,584.0,945.0,1.4899999999999984,1
2026-03-13,IREZ,21.95,20.6,21.82,6.18698441796516,131050.0,2.3089389247208416,0.235777777777776,23.22,-6.029285099052535,11.326442721791556,0.1711026615969579,-33.02639656230816,12.639167363566294,1814206.85,582,1,20.5382,1,,20.42,21.95,stop,583.0,733.0,1.5299999999999976,1
2026-03-13,MSTZ,9.835,9.42,9.81,4.230377166156992,834217.0,1.914198434147892,0.9351807228915634,10.82,-9.334565619223657,7.624768946395558,0.2303030303030299,-39.33209647495362,9.551616991129062,16726752.7,630,1,9.39174,1,,9.42,9.835,stop,631.0,650.0,0.4150000000000009,0
2026-03-13,NCI,11.25,10.82,10.82,3.97412199630314,33390.0,0.8383075022384248,0.2558139534883709,11.39,-5.0043898156277455,24.495171202809487,0.4014336917562726,-21.65097755249819,16.865435561333186,3897084.05,579,0,10.78754,1,,10.9699,10.82985,lock,580.0,583.0,0.2800999999999991,0
2026-03-13,OFRM,17.75,16.0,17.73,9.870276367738295,128021.0,3.351685846687632,0.3514285714285705,20.35,-12.874692874692878,8.746928746928752,0.1573033707865174,-34.333333333333336,4.312211512663544,517256.5,576,1,15.952,0,ssr_no_uptick,,,,,,,0
2026-03-13,TBCH,13.36,12.1,12.555,10.035842293906809,36264.0,3.4855578905201816,0.8730158730158729,13.36,-6.025449101796405,3.443113772455083,0.3260869565217367,-8.156547183613755,1.5467723041705128,250254.1,618,0,12.0637,1,,12.02,13.085,eod,619.0,945.0,1.3399999999999999,1
2026-03-13,UVIX,8.2,8.09,8.15,1.3496932515337352,543541.0,0.7662300270088758,0.7263636363636429,8.6,-5.232558139534875,7.119767441860459,0.9227502858076108,-20.603994154895275,10.406350198994168,66518117.5,578,0,8.06573,1,,8.0597,8.2,stop,579.0,611.0,0.14029999999999987,1
2026-03-16,BMNZ,18.0,16.28,17.92,9.598214285714278,179795.0,2.515258063984479,0.0980232558139523,21.5,-16.651162790697665,21.8139534883721,0.9850746268656716,-41.16874589625738,10.23612887432441,1502873.25,575,1,16.231160000000003,1,,16.39,15.78,eod,576.0,945.0,1.6099999999999994,0
2026-03-16,CRCD,5.16,4.76,5.1,7.843137254901968,298603.0,2.040025415432745,0.1232500000000013,5.61,-9.090909090909102,10.695187165775394,0.6666666666666676,-90.06041707269537,17.714308166326738,3281951.95,575,1,4.74572,1,,4.8,4.625,eod,576.0,945.0,0.3600000000000003,0
2026-03-16,EDSA,5.65,5.22,5.61,7.664884135472382,81162.0,2.5361196735796185,0.3720930232558138,5.96,-5.872483221476505,14.41107382550336,0.1267900803353128,-35.81235697940503,31.50012614493146,12246313.4,583,1,5.204339999999999,0,gap_through,,,,,,,0
2026-03-16,NBIZ,8.86,7.67,8.75,13.599999999999996,208818.0,5.043876703392293,0.4873949579831935,11.03,-20.670897552130548,12.96464188576609,0.5104895104895096,-64.28571428571429,13.359030318826989,410859.4,585,1,7.64699,1,,7.63,7.72,eod,586.0,945.0,1.2299999999999995,1
2026-03-16,QBTZ,11.92,11.51,11.77,3.4834324553950733,42271.0,1.2311776061696378,0.1463414634146353,12.45,-5.461847389558231,13.373493975903608,0.8978978978978979,-12.196941439761282,7.338805861782287,1930966.8,575,0,11.47547,1,,11.45,11.93,stop,576.0,601.0,0.47000000000000064,1
2026-03-17,BATL,13.98,13.1,13.98,6.294706723891279,290082.0,2.786890148722537,0.1931818181818179,14.95,-6.488294314381264,21.805351170568564,0.1073652566029631,-52.92929292929293,41.12778042746593,23406762.5,588,1,13.0607,1,,13.17,11.17,eod,589.0,945.0,0.8100000000000005,0
2026-03-17,DXST,6.15,5.86,5.86,4.948805460750854,42407.0,1.5087246775098544,0.9948275862068964,6.6,-11.212121212121202,35.757575757575765,0.4110169491525422,-26.65832290362953,621.1442541992586,119609060.0,622,1,5.842420000000001,0,gap_through,,,,,,,0
2026-03-17,NBIG,10.47,9.92,10.275,5.352798053527987,187208.0,1.86455172017626,0.1909090909090914,12.07,-14.871582435791217,10.490472245236134,0.6870952456168062,-17.577128555614383,14.918493018569553,1092198.15,575,1,9.89024,0,gap_through,,,,,,,0
2026-03-17,NBIL,14.83,14.05,14.51,5.375603032391449,275800.0,2.169127190588965,0.1923076923076906,17.09,-15.096547688706844,10.68870684610884,0.700717140198171,-17.72837322174784,14.858069441431809,2028624.25,575,1,14.00785,0,gap_through,,,,,,,0
2026-03-18,ASM,6.63,6.37,6.51,3.99385560675883,463186.0,1.4736248481291296,0.2307692307692294,6.93,-6.06060606060606,4.617604617604622,0.125,-32.88659793814433,4.497001938381097,4890071.6,577,0,6.35089,1,,6.355,6.325,eod,578.0,945.0,0.2749999999999994,0
2026-03-18,CING,11.1013,10.37,11.02,6.6361161524501,113948.0,3.337767070043171,0.3965540817721872,11.66,-5.488850771869645,12.778730703259006,0.8456375838926172,-7.317073170731716,7.239532612167259,506824.55,588,1,10.33889,1,,10.315,8.1,eod,589.0,945.0,0.7863000000000007,1
2026-03-18,GEMI,6.65,6.36,6.56,4.420731707317074,127824.0,1.5449324708024523,0.1379310344827587,7.11,-7.735583684950783,3.9282700421940944,0.1074113856068751,-34.920634920634924,9.0270044519138,1680337.05,578,1,6.340920000000001,1,,6.31,6.0099,eod,579.0,945.0,0.34000000000000075,1
2026-03-18,GSIT,8.03,6.62,7.95,17.735849056603765,554498.0,7.346881756509943,0.4397163120567379,8.485,-6.3052445492044695,19.44608131997644,0.0272727272727272,-21.364985163204743,6.8694543420483605,868204.9,620,1,6.60014,1,,6.6197,5.9903,eod,621.0,945.0,1.4102999999999994,0
2026-03-18,MSTU,5.915,5.8,5.855,1.9641332194705416,988244.0,0.9876362826716306,0.6086956521739144,6.31,-7.21077654516639,9.191759112519811,0.7068965517241366,-9.645061728395062,8.743445908382293,36708831.95,613,0,5.7826,1,,5.77,5.6975,lock,614.0,840.0,0.14500000000000046,1
2026-03-18,NUAI,5.55,4.93,5.55,11.171171171171174,784123.0,4.649563354099779,0.3064516129032263,5.98,-7.190635451505026,11.7056856187291,0.4857142857142866,-12.46056782334385,6.191812449678547,3028227.5,583,1,4.91521,1,,4.9016,5.427,eod,584.0,945.0,0.6483999999999996,1
2026-03-18,SAIL,13.39,12.29,13.34,8.245877061469276,559326.0,3.723896057770558,0.6636363636363631,14.71,-9.31339225016996,7.443915703602983,0.1050228310502286,-18.20968730839975,4.4584258921104025,2862223.25,602,1,12.25313,0,gap_through,,,,,,,0
2026-03-19,ARIS,16.77,16.0038,16.29,4.703499079189696,231892.0,1.923444618156625,0.190811798486035,17.65,-7.70538243626062,4.05099150141643,0.2797202797202788,-30.055817947617,3.632957172634114,1626757.45,576,0,15.955788599999998,1,,15.95,16.63,eod,577.0,945.0,0.8200000000000003,1
2026-03-19,ARTL,6.8,6.54,6.7,3.88059701492537,55348.0,1.791615732496844,0.7307692307692328,7.31,-8.344733242134057,30.916552667578657,0.5442477876106193,-19.664268585131893,55.810026892802654,3018351.05,584,1,6.52038,0,gap_through,,,,,,,0
2026-03-19,ASM,5.77,5.3,5.32,8.834586466165408,1216462.0,2.6461521089854605,0.8085106382978725,6.29,-15.42130365659777,5.723370429252787,0.0555555555555567,-45.15463917525773,4.824326935738969,5033431.85,585,1,5.2841,1,,5.32,5.635,eod,586.0,945.0,0.4499999999999993,0
2026-03-19,CCUP,9.04,8.6,8.79,5.005688282138789,84543.0,1.8718802851626588,0.3802272727272752,9.75,-9.846153846153854,10.820512820512818,0.6635071090047389,-14.243902439024398,17.717466514908757,4983431.25,577,1,8.5742,1,,8.55,9.04,stop,578.0,583.0,0.48999999999999844,1
2026-03-19,CRCG,5.31,5.07,5.17,4.642166344293991,654016.0,1.934971939716388,0.4158333333333349,5.74,-9.93031358885018,11.14982578397212,0.6406250000000006,-14.545454545454543,17.873130759584317,32071518.3,577,1,5.054790000000001,1,,5.06,5.31,stop,578.0,583.0,0.25,0
2026-03-19,CSIQ,13.99,13.24,13.8,5.434782608695652,590890.0,3.377649183295192,0.5599999999999999,18.52,-25.485961123110144,3.617710583153357,0.5820895522388053,-36.44945889937831,3.795996739896997,1838843.75,582,1,13.20028,1,,13.2,13.49,eod,583.0,945.0,0.7900000000000009,1
2026-03-19,EXK,8.76,8.3,8.34,5.515587529976009,1236607.0,1.9344046186184105,0.7391304347826099,9.47,-11.932418162618804,5.966209081309392,0.0619469026548675,-40.555951532430505,4.609040248018428,11269185.8,586,1,8.2751,1,,8.265,8.76,stop,587.0,910.0,0.4949999999999992,1
2026-03-19,HL,16.87,16.52,16.8,2.083333333333341,141956.0,1.0074735036854434,0.6285714285714228,18.5,-9.189189189189186,6.5945945945945885,0.2213114754098359,-33.34655822257488,4.11298566580791,20060702.85,582,1,16.47044,1,,16.47,16.87,stop,583.0,600.0,0.40000000000000213,1
2026-03-19,LUNL,11.6,10.5,11.6,9.482758620689651,34965.0,3.254627909517476,0.6232727272727283,12.39,-6.3761097659402814,11.01694915254236,0.1575091575091576,-23.834537097833227,12.110189810721586,453095.95,587,1,10.4685,0,gap_through,,,,,,,0
2026-03-19,MSTU,5.111,4.925,5.05,3.6831683168316816,1095253.0,1.5693308315499144,0.5376344086021536,5.5,-8.181818181818185,9.727272727272714,0.0373831775700927,-22.06790123456791,9.256043944514431,36989495.05,578,1,4.910225,1,,4.9401,5.111,stop,579.0,581.0,0.1708999999999996,0
2026-03-19,NVA,5.595,5.44,5.46,2.838827838827827,42916.0,1.5022108156403553,0.0645161290322569,5.96,-8.389261744966444,4.8657718120805376,0.1034482758620698,-36.43771827706635,5.77146413403483,694057.45,576,0,5.42368,1,,5.42,5.42,eod,577.0,945.0,0.17499999999999982,1
2026-03-19,PPTA,27.32,26.02,26.5,4.905660377358493,188033.0,1.7860925440735131,0.2230769230769223,28.56,-7.2128851540616195,5.007002801120448,0.1678321678321667,-29.087503344929083,4.066546607481398,1581315.05,579,0,25.94194,1,,26.15,27.32,stop,580.0,665.0,1.1700000000000017,0
2026-03-19,PURR,5.8507,5.61,5.71,4.215411558668992,448221.0,1.999781215806646,0.3174075612796001,6.38,-10.50156739811912,12.225705329153609,0.6794871794871796,-13.8763197586727,9.08158050699152,4860725.65,575,1,5.593170000000001,1,,5.665,5.8507,stop,576.0,577.0,0.1856999999999997,0
2026-03-19,QBTX,10.1,9.55,10.03,5.483549351944157,115736.0,1.663418817603256,0.1818181818181815,10.75,-6.697674418604657,11.39162790697675,0.0527519189939575,-46.98731501057083,6.760107155947978,1555373.4,597,1,9.52135,1,,9.53,10.1,stop,598.0,666.0,0.5700000000000003,0
2026-03-19,SCZM,7.16,7.01,7.07,2.1216407355021265,63643.0,1.365278088727897,0.9333333333333348,7.82,-9.59079283887468,9.14322250639386,0.0489510489510491,-44.80874316939891,5.190988608510231,621509.3,585,1,6.98897,1,,6.95,7.16,stop,586.0,600.0,0.20999999999999996,1
2026-03-19,SGML,9.86,9.62,9.86,2.4340770791075075,154594.0,1.3029289756763958,0.2083333333333361,10.52,-6.273764258555135,8.831749049429659,0.0420837369497357,-41.58767772511848,8.74661476349661,3564007.55,576,0,9.59114,1,,9.6,9.86,stop,577.0,902.0,0.2599999999999998,0
2026-03-19,SHNY,13.26,13.0401,13.23,1.6621315192743693,188566.0,1.031122280290767,1.0,15.84,-16.477272727272723,4.292929292929292,0.0588235294117634,-93.59941944847606,20.75403778977361,887971.65,577,1,13.0009797,1,,13.19,13.155,lock,578.0,580.0,0.0700000000000002,0
2026-03-19,SMU,16.497,15.9101,16.21,3.6206045650832817,18081.0,1.0767121401807571,0.1020616800136322,17.41,-6.892590465249852,7.98391728891442,0.0791366906474815,-16.58089748867846,44.14552825186483,1938207.3,576,0,15.8623697,1,,15.905,16.497,stop,577.0,666.0,0.5920000000000005,0
2026-03-19,USAS,6.17,5.88,5.96,4.8657718120805376,629920.0,1.967347810835732,0.0689655172413808,6.55,-9.00763358778626,10.07480916030535,0.0606152447340506,-40.75487827910815,5.689618613200212,6624652.25,576,1,5.86236,1,,5.855,5.865,eod,577.0,945.0,0.3149999999999995,1
2026-03-20,CING,7.2,6.62,7.08,8.192090395480227,121899.0,2.422120890755095,0.1724137931034476,7.51,-5.72569906790945,17.310252996005314,0.4692307692307692,-40.45416316232128,10.673468588420468,646545.15,575,0,6.60014,1,,6.72,7.2,stop,576.0,590.0,0.4800000000000004,0
2026-03-20,UMAC,17.08,16.51,16.92,3.3687943262411157,1051520.0,1.6840455587430656,0.4298245614035067,18.6,-9.032258064516126,7.634408602150546,0.1549295774647902,-27.63045337895636,6.147603657036321,4595631.2,579,1,16.46047,1,,16.401,14.91,eod,580.0,945.0,0.6789999999999985,1
2026-03-23,ANNA,6.1,5.7,6.09,6.568144499178974,544618.0,2.919059322078494,0.1749999999999987,7.07,-13.861386138613868,56.43422913719943,0.8070377703701848,-22.320437760685728,23.290460767400475,6450260.2,577,1,5.6829,0,gap_through,,,,,,,0
2026-03-23,BATL,11.19,10.75,11.19,3.932082216264517,123583.0,2.271710088792478,0.5947727272727266,12.75,-12.235294117647062,17.568627450980394,0.8928571428571428,-62.32323232323231,41.65420407496881,22608421.8,599,1,10.71775,0,gap_through,,,,,,,0
2026-03-23,UVIX,8.0999,7.86,7.93,3.0252206809583804,2198255.0,1.2819408256457276,0.8753647353063791,9.17,-13.522355507088337,14.61286804798257,0.7835820895522384,-22.74719922065271,11.71041458433854,68035931.05,581,1,7.83642,1,,7.81,8.0999,stop,582.0,645.0,0.28990000000000027,1
2026-03-24,CNXC,29.85,27.4,28.87,8.486317977138908,497361.0,2.921511089378184,0.2306122448979594,33.04,-12.62106537530266,7.339588377723973,0.723711340206185,-18.16893424036281,3.3377775220147137,1311405.2,575,1,27.3178,1,,27.33,26.355,eod,576.0,945.0,2.520000000000003,0
2026-03-24,KPTI,6.5,5.975,6.04,8.692052980132456,553657.0,3.3125320816558808,0.4857142857142869,6.66,-9.30930930930931,15.135135135135137,0.0892857142857141,-45.04094631483167,5.032781716304478,723545.7,587,1,5.957075,1,,5.96,5.2788,eod,588.0,945.0,0.54,0
2026-03-24,RGTX,19.08,18.32,18.33,4.14620840152754,17954.0,0.8000144178400715,0.8684210526315814,19.3775,-5.405754096245661,10.88891755902464,0.9893364928909966,-5.515463917525775,64.40833382088825,4715471.05,587,0,18.26504,1,,18.2201,19.08,stop,588.0,607.0,0.8598999999999997,1
2026-03-25,ANNA,7.15,6.31,7.15,11.748251748251755,427198.0,4.312672997220355,0.4940476190476186,7.68,-6.901041666666659,23.046874999999996,0.4689265536723165,-17.053364269141518,25.206366814070257,9902032.3,618,1,6.29107,1,,6.25,6.7974,eod,619.0,945.0,0.9000000000000004,1
2026-03-25,BATL,7.725,6.34,7.7,17.987012987012985,678899.0,4.998630924748513,0.007220216606498,9.14,-15.754923413566743,30.41575492341356,0.093525179856115,-74.07407407407408,42.34991022462916,22783121.5,575,1,6.32098,0,gap_through,,,,,,,0
2026-03-25,CORD,14.0,13.49,13.87,3.677000720980532,37651.0,1.4656130312382531,1.0,14.7,-5.646258503401361,10.408163265306133,0.3267973856209148,-36.43446379468378,11.556778053871795,1192704.5,594,0,13.44953,1,,13.36,13.245,eod,595.0,945.0,0.6400000000000006,1
2026-03-25,CRCD,5.88,5.545,5.57,6.014362657091561,225099.0,2.941089668152249,0.7594029850746281,6.26,-11.022364217252388,32.38019169329072,0.8978786383818451,-81.18243243243242,14.26897370944146,6805547.7,576,1,5.528365,1,,5.51,5.88,stop,577.0,651.0,0.3700000000000001,1
2026-03-25,DPRO,5.8799,5.41,5.74,8.186411149825783,345985.0,3.12312249229643,0.180889550968291,6.33,-9.320695102685622,6.840442338072666,0.7390300230946891,-30.33980582524272,6.5502062429478425,2368463.05,575,1,5.39377,1,,5.5,4.985,eod,576.0,945.0,0.3799000000000001,0
2026-03-25,MSTZ,10.06,9.555,10.045,5.027376804380297,968542.0,1.7389116787258958,0.3861386138613861,10.7,-6.121495327102798,8.037383177570089,0.6395348837209294,-25.592592592592595,8.049575175413901,17432981.05,602,1,9.526335,1,,9.555,10.06,stop,603.0,667.0,0.5050000000000008,0
2026-03-25,RKLZ,24.06,22.61,24.06,6.026600166251036,58724.0,2.371033562318668,0.6732413793103467,26.33,-8.621344473984047,11.090011393847329,0.6301369863013695,-12.221816855162354,153.22312986071051,19793877.55,579,1,22.54217,1,,22.6,21.870000000000005,lock,580.0,840.0,1.4599999999999973,0
2026-03-25,VELO,11.9239,11.0,11.79,7.836301950805765,450893.0,4.094769644891449,0.3247104665007044,13.52,-12.795857988165684,12.795118343195272,0.3583444129718476,-28.54545454545455,7.840317169118484,1870912.75,578,1,10.967,0,gap_through,,,,,,,0
2026-03-26,ADMA,9.05,8.03,8.98,11.358574610245004,1934786.0,4.894409954688877,0.0196078431372562,9.63,-6.74974039460021,29.387331256490132,0.3568904593639581,-47.66899766899766,5.878599727102552,6788421.35,576,1,8.00591,1,,7.9711,8.075,eod,577.0,945.0,1.0789000000000009,1
2026-03-26,APLX,15.69,14.8,15.69,5.672402804333963,47829.0,1.8695417431757064,0.2537078651685391,16.61,-5.538832028898254,8.518964479229375,0.7950530035335693,-72.48092607208629,17.654291820840008,838652.15,582,1,14.7556,1,,14.825,13.56,eod,583.0,945.0,0.8650000000000002,0
2026-03-26,CCUP,5.35,5.145,5.28,3.882575757575759,63930.0,1.464506676653761,0.8863414634146348,5.56,-5.035971223021572,16.185251798561147,0.2776975219468823,-48.48780487804878,14.197181778624,5161207.0,608,0,5.129565,1,,5.12,4.98,eod,609.0,945.0,0.22999999999999954,1
2026-03-26,FLZH,26.79,25.0,25.3,7.0750988142292455,320284.0,4.797133219623646,0.4556424581005588,36.29,-30.28382474510884,79.63626343345274,0.9996539792387544,-30.303030303030297,99.66249394486503,13509244.9,577,1,24.925,0,gap_through,,,,,,,0
2026-03-26,LUNL,14.2,13.7722,13.97,3.0622763063707907,22502.0,1.4543789981256976,0.555867227676485,14.89,-6.178643384822028,25.99059771658832,0.5581395348837208,-15.843373493975909,12.975008525028809,548416.2,611,0,13.7308834,1,,13.665,14.2,stop,612.0,628.0,0.5350000000000001,1
2026-03-26,MRLN,13.0,12.59,12.73,3.220738413197173,39502.0,2.076468135919862,0.8170731707317092,13.55,-6.0516605166051685,15.498154981549812,0.5000000000000004,-12.808219178082188,11.465870220735573,741238.85,582,0,12.55223,1,,12.5343,11.21,eod,583.0,945.0,0.4657,1
2026-03-26,PONY,10.8858,10.4,10.8,4.498148148148142,426254.0,2.105438861962285,0.2881844380403437,11.39,-5.179982440737488,3.336259877085153,0.6842105263157907,-27.516778523489933,3.81587566661791,5014905.65,575,0,10.3688,1,,10.37,9.715,eod,576.0,945.0,0.5158000000000005,0
2026-03-26,SHNY,12.06,11.9751,12.05,0.704564315352706,89528.0,0.3092932782770468,0.0,12.78,-5.712050078247251,5.633802816901413,0.4722222222222216,-45.152480655439234,5.941148039157194,1208215.15,580,0,11.9391747,1,,11.92,12.06,stop,581.0,584.0,0.14000000000000057,1
2026-03-26,SMCX,9.38,9.11,9.12,2.960526315789489,149668.0,1.6375543662420289,0.6296296296296262,9.79,-6.8437180796731365,12.359550561797745,0.933884297520661,-58.097863542384566,29.146877715820345,4754693.35,613,0,9.08267,1,,9.08,8.145,eod,614.0,945.0,0.3000000000000007,1
2026-03-26,UGRO,26.79,25.0,25.3,7.0750988142292455,320284.0,4.797133219623646,0.4556424581005588,36.29,-30.28382474510884,79.63626343345274,0.9996539792387544,-30.303030303030297,99.66249394486503,13509244.9,577,1,24.925,0,gap_through,,,,,,,0
2026-03-26,WVE,5.6,5.17,5.36,8.022388059701486,2691354.0,3.318142221128567,0.232558139534883,12.3,-56.42276422764228,5.365853658536586,0.4393939393939407,-65.35229476405947,3.498783024239353,2759823.05,579,1,5.15449,1,,5.16,5.6,stop,580.0,588.0,0.4399999999999995,0
2026-03-27,CONL,6.62,6.43,6.57,2.891933028919336,693632.0,0.8447362805304818,0.0,7.01,-6.276747503566327,9.201141226818836,0.178294573643411,-40.16393442622951,9.58707140697734,21460024.3,575,0,6.41071,0,gap_through,,,,,,,0
2026-03-27,FLZH,26.64,23.675,25.1,11.81274900398406,129841.0,6.5025772368409225,0.5817537942664412,28.0,-10.357142857142852,56.35714285714286,0.4296577946768061,-32.162162162162154,100.2025021224746,14050043.5,580,1,23.603975,0,gap_through,,,,,,,0
2026-03-27,SATL,6.25,5.83,5.96,7.046979865771812,1532202.0,3.383171163639772,0.785714285714286,6.42,-7.165109034267912,16.978193146417446,0.724770642201835,-12.80175566934894,9.715120641472655,8781666.45,595,0,5.81251,1,,5.81,5.865,eod,596.0,945.0,0.4400000000000004,1
2026-03-27,UGRO,26.64,23.675,25.1,11.81274900398406,129841.0,6.5025772368409225,0.5817537942664412,28.0,-10.357142857142852,56.35714285714286,0.4296577946768061,-32.162162162162154,100.2025021224746,14050043.5,580,1,23.603975,0,gap_through,,,,,,,0
2026-03-30,ARTL,8.1,7.55,7.67,7.170795306388525,136113.0,5.059206886453368,0.5454545454545453,10.54,-27.22960151802656,118.21537001897536,0.2479955697878794,-61.47645141361835,74.97770137714251,8104416.7,576,1,7.52735,0,gap_through,,,,,,,0
2026-03-31,AIRO,8.15,7.8555,7.99,3.685857321652068,81925.0,2.650367635782145,0.983022071307298,8.57,-6.767794632438741,5.322053675612614,0.8112256084192067,-28.913958309237625,3.7772833935112016,647793.95,577,0,7.8319335,1,,7.79,8.15,stop,578.0,583.0,0.3600000000000003,1
2026-03-31,CORD,17.7699,16.92,17.64,4.818027210884343,70299.0,1.8642836730060317,0.1058948111542535,20.02,-11.888111888111885,19.13086913086912,0.7806788511749346,-19.15673693858845,10.17494164153494,997090.05,583,1,16.86924,1,,16.95,17.78,stop,584.0,655.0,0.8199000000000005,0
2026-03-31,GLND,10.172,9.58,10.025,5.905236907730679,67872.0,2.468024642129492,0.1689189189189181,11.26,-10.968028419182945,37.21136767317941,0.6324582338902147,-56.41304347826088,19.566777451315485,1381395.45,578,1,9.55126,0,gap_through,,,,,,,0
2026-03-31,LABD,18.88,18.08,18.88,4.237288135593224,683353.0,1.722005633855391,0.0750000000000027,21.01,-10.138029509757269,5.735364112327455,0.796680497925313,-12.328767123287676,5.616596294746933,4754192.3,575,1,18.02576,1,,18.06,17.65,lock,576.0,647.0,0.8200000000000003,0
2026-03-31,NBIZ,12.81,12.31,12.51,3.996802557953637,27797.0,1.5382809603515146,0.259999999999998,14.15,-11.590106007067142,20.989399293286223,0.824915824915825,-47.43697478991597,14.741848398060943,1062511.9,580,1,12.27307,0,gap_through,,,,,,,0
2026-03-31,PHR,9.0,8.02,8.02,12.21945137157108,52692.0,3.464050011023536,0.3367346938775509,11.41,-29.71078001752849,3.9439088518843057,0.9111111111111128,-37.73291925465839,2.876395028660204,1718617.75,575,1,7.995939999999999,1,,8.0001,8.385,eod,576.0,945.0,0.9999000000000002,0
2026-03-31,UVIX,9.7899,9.6,9.72,1.9537037037037008,799885.0,0.9491420431569012,0.3422854133754586,10.69,-9.073900841908316,10.570626753975668,0.6460176991150436,-12.353471596032454,12.292566424352271,70427539.2,593,1,9.5712,1,,9.5557,9.7899,stop,594.0,647.0,0.23419999999999952,1
2026-04-01,ANNA,7.86,7.485,7.51,4.993342210386152,133103.0,2.0804722036446828,0.3466666666666664,8.29,-9.40892641737032,30.868516284680357,0.0816725283313792,-29.417293233082717,24.728797161101124,11416408.85,576,1,7.462545,0,gap_through,,,,,,,0
2026-04-01,IREZ,29.28,28.56,28.56,2.5210084033613533,56057.0,0.93690820438907,0.4375000000000003,30.09,-5.084745762711869,20.039880358923234,0.03150912106136,-23.735263094649994,11.819560855784673,2251539.15,578,0,28.47432,1,,28.45,29.28,stop,579.0,587.0,0.8300000000000018,1
2026-04-01,ORIC,10.8,10.0,10.1,7.920792079207928,330981.0,3.9773209971460215,0.7499999999999989,12.67,-20.284135753749016,6.393054459352792,0.5432098765432101,-28.08828764684941,5.347604902723714,1622775.15,584,1,9.97,0,gap_through,,,,,,,0
2026-04-02,AMDL,12.53,12.2082,12.24,2.6290849673202588,513133.0,1.0956903887282567,0.6581727781230592,13.04,-6.134969325153366,7.376533742331288,0.5561908722320391,-16.221765913757697,6.727973462736775,10121970.0,575,0,12.1715754,1,,12.15,12.53,stop,576.0,597.0,0.379999999999999,1
2026-04-02,APLX,10.4797,9.85,10.0,6.296999999999997,106095.0,2.309009507768049,0.6511037001746869,11.6,-13.79310344827586,13.70603448275862,0.1886282156110441,-81.11425873465534,19.771103971627493,1309673.75,585,1,9.82045,0,ssr_no_uptick,,,,,,,0
2026-04-02,BULZ,17.42,17.08,17.135,1.984242777939909,117876.0,0.7284164658506678,0.4705882352941133,18.51,-7.428417071853052,5.753646677471643,0.4882629107981244,-27.791824694479555,6.172201247362548,1631334.1,576,0,17.02876,1,,17.02,17.42,stop,577.0,593.0,0.40000000000000213,1
2026-04-02,CONL,6.46,6.281,6.435,2.781662781662786,695197.0,1.2015064893300351,0.1061452513966486,6.88,-6.468023255813958,8.720930232558134,0.1666666666666661,-41.39344262295083,7.9442965332768765,20211465.3,575,0,6.262156999999999,1,,6.28,6.46,stop,576.0,635.0,0.1799999999999997,0
2026-04-02,CSHR,7.06,6.675,6.93,5.555555555555553,30056.0,1.8870513516527851,1.0,8.61,-19.51219512195122,32.28803716608594,0.345323741007194,-49.41642761731666,7.339465725427196,158425.2,586,1,6.654974999999999,1,,6.6295,6.425,eod,587.0,945.0,0.43049999999999944,1
2026-04-02,CWVX,18.75,17.9,18.22,4.6652030735455625,78141.0,1.575233124504849,0.0941176470588255,19.74,-7.700101317122591,9.18996960486322,0.4692133840471852,-29.990393852065324,10.388741638730249,1665235.95,575,1,17.8463,1,,17.7705,18.75,stop,576.0,595.0,0.9795000000000016,1
2026-04-02,ELAB,5.84,5.0,5.23,16.06118546845124,733249.0,5.679121511282668,0.8332142857142864,14.0,-62.642857142857146,53.15071428571429,1.0,-62.642857142857146,121.53501921432256,13096676.65,592,1,4.985,0,gap_through,,,,,,,0
2026-04-02,FLZH,19.7,19.22,19.65,2.442748091603056,34376.0,2.068330521444096,0.4270833333333368,21.98,-10.600545950864433,26.34212920837124,0.2366148531951643,-46.891891891891895,100.74919668994843,15084413.15,581,1,19.16234,0,gap_through,,,,,,,0
2026-04-02,FNGU,15.4099,15.23,15.26,1.178899082568807,460604.0,0.6003612286482,0.416898276820452,16.31,-6.437768240343342,5.579399141630914,0.5054945054945034,-27.48871465906392,5.20567729619988,6115818.0,575,0,15.18431,1,,15.15,15.4099,stop,576.0,593.0,0.2599,1
2026-04-02,IRE,11.95,11.3603,11.55,5.105627705627694,141428.0,2.0390812957418127,0.1510937764965242,12.91,-10.534469403563126,10.22385747482572,0.2423668459731801,-50.2155172413793,66.78906680004555,14201653.55,575,1,11.3262191,0,gap_through,,,,,,,0
2026-04-02,IREX,15.89,15.1517,15.47,4.772462831286364,66755.0,1.9061954595578725,0.1331437085195719,17.27,-10.422698320787486,9.97741748697162,0.2861702745052514,-51.452197517691545,44.097556201585256,1347196.0,575,1,15.1062449,0,gap_through,,,,,,,0
2026-04-02,MSTX,17.9313,17.23,17.85,3.928851540616245,235971.0,1.3919390384582029,0.0998146299729079,18.85,-5.305039787798408,7.904509283819639,0.2818791946308732,-31.818181818181813,193.92157263444236,56852928.95,575,0,17.17831,1,,17.1,17.9313,stop,576.0,635.0,0.8312999999999988,1
2026-04-02,MVLL,28.33,27.11,27.12,4.4985250737463085,99193.0,1.5121757705672043,0.4099180327868854,29.89,-9.267313482770154,12.96754767480763,0.846233230134159,-11.041133635111198,11.783359098971305,613678.35,576,0,27.02867,1,,27.22,28.33,stop,577.0,606.0,1.1099999999999994,0
2026-04-02,ONDL,13.89,13.26,13.38,4.7085201793722025,56110.0,1.412125843999123,0.2380952380952383,14.39,-7.018763029881861,13.342599027102152,0.0781250000000002,-50.56345834103085,11.12637332888904,1968659.05,580,0,13.22022,1,,13.2797,13.91,stop,581.0,594.0,0.6103000000000005,0
2026-04-02,QBTX,6.63,6.4008,6.5,3.5261538461538406,99928.0,1.6801666435766374,0.1125654450261754,7.11,-8.579465541490862,19.97187060478201,0.0492957746478874,-57.711475153865166,8.72939577916286,1423811.25,575,0,6.3815976,1,,6.406,6.63,stop,576.0,589.0,0.2240000000000002,0
2026-04-02,RGTX,12.49,12.21,12.34,2.2690437601296543,17038.0,0.6604688712833202,0.0,13.59,-9.197939661515822,16.33554083885209,0.0540540540540537,-39.1218549580661,64.85481781130302,3184030.95,575,1,12.17337,0,gap_through,,,,,,,0
2026-04-02,ROBN,16.42,15.61,15.97,5.072010018785236,49286.0,1.418699878236079,0.0679012345679006,17.52,-8.847031963470315,6.5068493150684965,0.3947368421052623,-39.93982700263257,6.96368376614038,1083833.9,575,1,15.56317,1,,15.55,16.42,stop,576.0,616.0,0.870000000000001,1
2026-04-02,SMU,11.52,10.92,11.52,5.20833333333333,24987.0,1.5364466380875408,0.0346666666666658,12.29,-6.265256305939785,17.66395443449959,0.1409093002902019,-40.71634417455743,44.03146667990783,777385.65,580,1,10.88724,0,ssr_no_uptick,,,,,,,0
2026-04-02,SOFX,8.52,8.3,8.47,2.597402597402584,31898.0,1.1201517340634015,0.0909090909090894,9.05,-6.4088397790055245,10.939226519337018,0.2323232323232327,-41.261728583415966,4.246646950203637,787977.9,575,0,8.2751,1,,8.31,8.52,stop,576.0,600.0,0.209999999999999,0
2026-04-02,UGRO,19.7,19.22,19.65,2.442748091603056,34376.0,2.068330521444096,0.4270833333333368,21.98,-10.600545950864433,26.34212920837124,0.2366148531951643,-46.891891891891895,100.74919668994843,15084413.15,581,1,19.16234,0,gap_through,,,,,,,0
2026-04-02,WULF,13.98,13.69,13.74,2.110625909752554,719032.0,1.0098055829017154,0.4137931034482779,14.48,-5.110497237569063,5.697513812154703,0.2121212121212127,-22.591549295774644,5.613558266806694,29199332.65,576,0,13.64893,1,,13.608,13.98,stop,577.0,607.0,0.3719999999999999,1
2026-04-06,ANNA,7.68,7.4,7.42,3.773584905660369,98118.0,1.9647729907399227,0.3571428571428567,7.89,-5.956907477820023,25.158428390367547,0.08816120906801,-30.26315789473685,24.957258974455936,11928444.4,602,0,7.377800000000001,1,,7.415,7.6957,stop,603.0,640.0,0.2649999999999997,0
2026-04-06,BMNZ,19.5,18.94,19.5,2.871794871794865,25238.0,1.1835399381416,0.0,20.63,-5.477460009694616,12.263693650024244,0.0632411067193676,-26.052332195676907,10.551560024554403,1937256.25,575,0,18.883180000000003,1,,18.77,18.405,lock,576.0,774.0,0.7300000000000004,1
2026-04-06,CRCD,7.34,7.0,7.02,4.843304843304842,119058.0,2.2720452700375864,0.0,7.54,-6.896551724137937,13.31564986737401,0.0288844621513943,-17.557251908396957,13.135141223354424,7382413.0,575,0,6.979,1,,6.98,7.34,stop,576.0,793.0,0.3599999999999994,0
2026-04-06,CYCN,5.28,4.89,5.115,7.624633431085055,212735.0,2.5732070175970447,0.205128205128205,6.15,-16.82926829268293,34.14471544715447,0.7143197295109291,-39.6816037735849,69.57726963492877,13833915.05,597,1,4.87533,0,gap_through,,,,,,,0
2026-04-06,MSTZ,12.755,12.385,12.43,2.9766693483507725,497541.0,1.619545405508694,0.0405405405405419,13.49,-7.8576723498888095,9.599703484062267,0.4401544401544404,-12.557157931762225,6.149184057458202,16301885.65,575,0,12.347845,1,,12.36,12.17,lock,576.0,782.0,0.3950000000000013,0
2026-04-06,VELO,10.8,10.105,10.59,6.562795089707274,221009.0,3.001212553665491,0.3309352517985616,11.88,-10.858585858585863,24.39393939393939,0.9861973775017256,-35.81818181818182,10.373084144262084,2416539.75,585,1,10.074685,1,,10.125,10.21,eod,586.0,945.0,0.6750000000000007,0
2026-04-07,ETHT,14.76,14.6422,14.7,0.8013605442176804,86429.0,0.221896856585256,0.1511035653650214,15.6,-5.769230769230772,4.198717948717945,0.4274809160305338,-24.10944759938049,7.440642968858022,2171669.95,584,0,14.5982734,1,,14.59,14.76,stop,585.0,723.0,0.16999999999999993,1
2026-04-07,ETHU,22.06,21.8599,21.97,0.910787437414652,121647.0,0.3787044765420356,0.0504747626186975,23.31,-5.7486057486057485,4.24710424710424,0.4444444444444428,-24.0055344171567,7.461904289395443,6968668.3,584,0,21.7943203,1,,21.81,22.06,stop,585.0,723.0,0.25,0
2026-04-07,GLND,7.6218,7.28,7.28,4.695054945054946,29307.0,2.5917813067468227,0.4973668812170856,7.91,-7.964601769911503,11.125158027812894,0.9431818181818185,-68.34782608695652,20.38614275199437,1639862.6,581,0,7.25816,1,,7.2992,7.1379,lock,582.0,891.0,0.3226000000000004,0
2026-04-07,MLEC,11.4234,10.69,10.69,6.860617399438741,25439.0,2.160648952783928,0.6681210799018261,11.44,-6.555944055944056,32.34265734265734,0.9135135135135134,-13.929146537842191,16.81720668919768,574126.35,613,0,10.65793,0,gap_through,,,,,,,0
2026-04-07,OKLL,5.58,5.39,5.51,3.4482758620689724,254797.0,1.4898344894873166,0.0,5.8,-5.000000000000001,7.379310344827586,0.4392523364485975,-49.90909090909091,8.252237143999706,5368836.25,575,0,5.37383,1,,5.36,5.25,lock,576.0,722.0,0.21999999999999975,1
2026-04-07,SMX,11.62,9.7,11.12,17.26618705035971,191449.0,6.681201563236437,0.0598958333333334,13.0,-14.461538461538469,89.23076923076923,0.4241379310344828,-65.46583850931678,17.055611172142836,1548990.25,575,1,9.6709,1,,9.645,8.13,eod,576.0,945.0,1.9749999999999996,1
2026-04-08,ADVB,6.31,6.1,6.1,3.4426229508196715,15915.0,1.4791037395593587,1.0,6.52,-6.441717791411042,23.773006134969325,0.3096774193548384,-19.631093544137027,11.784856223719409,1032864.85,613,0,6.0817,1,,6.05,6.36,stop,614.0,761.0,0.2599999999999998,1
2026-04-08,ANNA,6.4584,6.07,6.4,6.068749999999998,174288.0,3.8817040339905855,0.2059732234809477,7.89,-18.88466413181241,14.068441064638796,0.108108108108108,-39.849624060150376,23.96068062498045,11929473.35,598,1,6.05179,1,,6.0805,6.4584,stop,599.0,643.0,0.3779000000000003,0
2026-04-08,LXU,13.63,13.21,13.4,3.134328358208954,126285.0,1.322365323510066,0.0952380952380932,14.43,-7.137907137907133,5.925155925155928,0.1695906432748532,-22.16090618646529,4.693888598110372,2445846.5,576,0,13.17037,1,,13.25,13.63,stop,577.0,691.0,0.3800000000000008,0
2026-04-08,UVIX,6.75,6.635,6.72,1.711309523809527,2319419.0,0.8790628877778656,0.0182608695652211,8.39,-19.90464839094161,9.989272943980938,0.2744302589189837,-39.404869251578,10.37226871511448,62294074.9,576,1,6.615095,0,gap_through,,,,,,,0
2026-04-09,APLD,27.4,25.51,26.03,7.260852862082201,2476597.0,2.907189427845927,0.4682539682539679,27.79,-6.333213386110105,7.340770061173081,0.2156862745098029,-11.537807986406117,6.483608231424171,18622693.95,618,0,25.43347,1,,25.43,25.705,eod,619.0,945.0,1.9699999999999989,1
2026-04-09,APLX,14.2514,12.44,12.94,13.998454404945912,228048.0,4.703336763697159,0.4526885282102241,14.71,-12.032630863358268,12.792658055744404,0.2241470932086303,-28.508287292817684,12.940047325100398,1658744.1,598,1,12.40268,0,ssr_no_uptick,,,,,,,0
2026-04-10,BBGI,9.85,9.14,9.49,7.481559536354047,114996.0,3.815318626440453,0.1690140845070413,11.02,-13.88384754990925,73.32123411978222,0.7351485148514851,-27.887537993920976,27.536466884122383,3386223.35,575,1,9.11258,0,gap_through,,,,,,,0
2026-04-10,CRCD,7.91,7.64,7.65,3.5294117647058885,305771.0,1.9917675294004729,0.7777777777777763,8.23,-7.047387606318348,15.978128797083842,0.958174904942966,-10.158543746330007,12.563691621631918,6955333.8,632,0,7.61708,1,,7.581,7.69,eod,633.0,945.0,0.32899999999999974,1
2026-04-13,ETHT,16.295,16.1542,16.24,0.8669950738916397,92842.0,0.2106217537803701,0.3252840909090845,17.16,-5.361305361305371,4.341491841491847,0.9127516778523472,-16.159008776458453,7.722977938306107,2211225.25,577,0,16.1057374,1,,16.08,16.295,stop,578.0,589.0,0.2150000000000034,1
2026-04-13,ETHU,24.35,24.15,24.31,0.822706705059658,260173.0,0.2639162570512982,0.4000000000000036,25.66,-5.261106780982079,4.442712392829309,0.9035087719298251,-15.911449325492914,7.739238253515551,6914056.55,577,0,24.07755,1,,24.05,24.35,stop,578.0,588.0,0.3000000000000007,1
2026-04-14,APLZ,13.0,12.5,13.0,3.8461538461538463,72078.0,2.066441424770383,0.620000000000001,14.37,-9.533750869867776,18.915796798886586,0.1140092708409972,-58.53269537480064,13.373351152944412,281342.05,576,1,12.4625,0,gap_through,,,,,,,0
2026-04-14,BEZ,7.4,6.9,7.0,7.142857142857142,466617.0,2.911468800598722,0.7799999999999994,9.95,-29.648241206030143,18.291457286432163,0.0329670329670322,-72.54901960784314,12.881597870866743,244604.8,585,1,6.879300000000001,1,,6.86,5.45,eod,586.0,945.0,0.54,1
2026-04-14,BMNZ,15.09,14.44,15.04,4.3218085106383,112836.0,1.941954330670153,0.7384615384615387,16.41,-8.348567946374168,12.636197440585024,0.4195601851851852,-39.97206146477749,8.281065181910023,2017326.9,583,1,14.39668,1,,14.33,15.09,stop,584.0,651.0,0.7599999999999998,1
2026-04-14,CORD,6.51,6.26,6.29,3.97456279809221,326342.0,2.1761618629145247,0.2800000000000011,6.845,-8.108108108108105,23.37326515704894,0.3718357397337333,-69.84659635666347,11.43513672689037,2569096.75,576,0,6.24122,0,gap_through,,,,,,,0
2026-04-14,CRCD,5.4656,5.0831,5.38,7.109665427509299,248408.0,2.499484446864491,0.2010457516339872,5.84,-7.876712328767123,36.13013698630137,0.0142180094786731,-36.81738109219026,13.193159784291888,7096416.35,584,1,5.0678507,0,gap_through,,,,,,,0
2026-04-14,IONZ,19.9,17.85,19.11,10.727367870225,95478.0,3.301388815177579,0.0585365853658524,22.33,-14.42006269592476,14.285266457680242,0.0094046835323983,-38.84291173025596,7.941081513657762,852466.9,575,1,17.79645,1,,18.2,13.57,eod,576.0,945.0,1.6999999999999993,0
2026-04-14,IREZ,16.635,16.19,16.26,2.736777367773679,63841.0,1.4026535285247392,0.6067415730337066,18.08,-10.066371681415912,32.52212389380533,0.0731292517006801,-56.58037037531544,10.062736041152675,2115609.1,583,1,16.14143,1,,16.09,14.64,eod,584.0,945.0,0.5450000000000017,1
2026-04-14,MSTZ,10.0,9.6,9.905,4.038364462392735,876862.0,1.5794855258940668,0.4497499999999995,10.84,-8.625461254612551,12.038745387453872,0.0229885057471259,-30.32008441786845,6.520789618833889,15462600.6,578,1,9.5712,0,gap_through,,,,,,,0
2026-04-14,RGTZ,20.5,19.01,20.43,7.293196279980413,141341.0,2.4295340380254222,0.1275167785234885,22.29,-8.344549125168236,15.163750560789587,0.1065088757396448,-41.03896103896104,8.16785607389034,1411918.85,591,1,18.95297,0,gap_through,,,,,,,0
2026-04-15,IONZ,12.03,10.8,11.4,10.789473684210511,514021.0,4.241435277595427,0.0393495934959342,13.34,-14.542728635682156,50.149925037481246,0.0194319880418533,-63.51696461145567,12.134293517337856,1180863.15,575,1,10.7676,1,,10.71,8.23,eod,576.0,945.0,1.3199999999999985,1
2026-04-15,QBTZ,27.91,25.0,25.08,11.60287081339713,91283.0,4.943604665344677,0.1030927835051548,30.76,-18.46553966189858,36.443433029908974,0.0303300624442461,-61.620625700102224,40.84654001849149,394220.2,575,1,24.925,1,,26.0,19.0156,eod,576.0,943.0,1.91,0
2026-04-15,RGTZ,16.4592,14.96,14.96,10.021390374331538,242234.0,3.89312367361377,0.2143143009605118,17.09,-12.463428905792856,28.788180222352256,0.3068964816358056,-56.82539682539682,9.719766040280431,1527427.3,578,1,14.91512,1,,15.08,12.99,eod,579.0,945.0,1.379199999999999,0
2026-04-15,ROLR,7.04,6.67,6.86,5.3935860058309055,236964.0,2.7018104957509403,0.9202702702702712,7.41,-7.422402159244262,61.26855600539811,0.0462555066079295,-41.56729131175469,12.268521939960452,4686854.6,609,1,6.64999,0,ssr_no_uptick,,,,,,,0
2026-04-16,BIRD,14.44,12.15,14.395,15.908301493574154,2097361.0,6.20243419845816,0.2008733624454145,16.99,-15.273690406121244,107.12183637433785,0.5978021978021978,-40.78568490333196,130.37436568996011,14617863.1,576,1,12.11355,0,gap_through,,,,,,,0
2026-04-16,QDEL,14.0,13.5,13.67,3.65764447695684,515399.0,2.40732501440579,0.0,17.49,-21.841052029731262,4.230989136649505,0.3108108108108072,-26.898395721925134,6.2965166460421065,2097350.7,575,1,13.4595,1,,13.4499,12.47,eod,576.0,945.0,0.5501000000000005,1
2026-04-16,RKLZ,15.93,14.7,15.85,7.760252365930602,138837.0,3.72379819148986,0.5447154471544713,17.46,-9.221076746849947,14.03207331042382,0.1673469387755103,-52.03510364654259,153.63032540999927,5170934.9,578,1,14.6559,0,gap_through,,,,,,,0
2026-04-16,SKYQ,10.95,10.42,10.42,5.086372360844524,51236.0,2.340302711370684,0.7264150943396231,11.09,-6.041478809738503,21.62578899909828,0.9382479256139769,-46.426459776142806,30.134524897664456,20321500.2,575,0,10.38874,0,gap_through,,,,,,,0
2026-04-17,BMNZ,14.13,13.8,14.1,2.340425531914894,73443.0,1.2495506267467638,0.3030303030303019,14.9,-5.369127516778528,7.91946308724832,0.0084745762711862,-43.7238076232289,7.64823850115094,1827232.6,575,0,13.7586,1,,13.68,13.454999999999998,lock,576.0,692.0,0.45000000000000107,1
2026-04-17,GLND,7.17,6.15,7.14,14.28571428571428,79726.0,3.4588571985736163,0.0685294117647055,7.96,-10.301507537688446,37.06030150753768,0.7830508474576272,-68.95652173913042,23.782584774846637,1948204.25,583,1,6.131550000000001,0,gap_through,,,,,,,0
2026-04-17,MSTZ,7.87,7.3587,7.78,6.571979434447305,881227.0,1.9044861547395808,0.0221005280657154,8.41,-7.491082045184302,14.74435196195006,0.0161290322580641,-45.26908195568062,6.56672966755448,14863324.65,575,1,7.3366239,1,,7.315,6.53,eod,576.0,945.0,0.5549999999999997,1
2026-04-17,RGTZ,11.89,11.375,11.39,4.521510096575949,142771.0,2.430105241479741,0.18388349514563,12.06,-5.5555555555555545,20.85406301824213,0.3280318091451296,-67.12842712842712,11.066969592795598,2105624.0,575,0,11.340875,1,,11.3,11.89,stop,576.0,581.0,0.5899999999999999,1
2026-04-17,SIDU,5.8599,5.59,5.64,4.785460992907798,1552768.0,2.4259994445012216,0.6854390515005581,5.95,-5.2100840336134535,24.03361344537816,0.972027972027972,-5.843071786310526,15.314811080816018,27658871.45,581,0,5.57323,1,,5.5701,5.8599,stop,582.0,690.0,0.2897999999999996,1
2026-04-17,SKYQ,8.95,8.5099,8.65,5.087861271676291,92450.0,2.7115279328189144,0.6591683708248152,9.82,-11.914460285132382,16.904276985743362,0.114457831325301,-55.52676363374619,30.020514142722405,20364183.15,624,1,8.4843703,1,,8.595,8.95,stop,625.0,640.0,0.3549999999999986,0
2026-04-17,TALO,13.87,13.42,13.87,3.244412400865172,104533.0,1.1922889270692418,0.3266666666666677,14.76,-6.029810298102984,2.913279132791338,0.9069767441860448,-18.43575418994413,3.7183808162920577,3048561.8,575,1,13.37974,0,gap_through,,,,,,,0
2026-04-20,AGIO,29.7,27.0,29.58,9.127789046653142,369797.0,3.881407430221788,0.4425925925925928,35.14,-15.822424587364834,2.646556630620375,0.2903225806451647,-18.624484181568096,3.5891990172416177,1106391.35,583,1,26.919,0,gap_through,,,,,,,0
2026-04-20,ASTI,5.4992,5.32,5.36,3.343283582089549,62400.0,1.548136988912141,0.1679687500000002,5.85,-8.376068376068364,15.21367521367521,0.2247191011235947,-21.865889212827987,15.293485457060047,1513284.65,575,1,5.3040400000000005,1,,5.297,4.96,eod,576.0,945.0,0.20220000000000038,1
2026-04-20,CCUP,5.19,4.96,5.07,4.536489151873775,94271.0,2.205754304051593,0.8478260869565214,5.45,-6.972477064220181,16.330275229357806,0.3483146067415734,-47.37934613388687,13.438680976771462,2660461.35,579,1,4.94512,0,gap_through,,,,,,,0
2026-04-20,EFOI,6.2,5.82,6.0,6.333333333333331,227410.0,2.677511070682904,0.0263157894736836,6.49,-7.550077041602468,74.57627118644066,0.3078512396694215,-39.02439024390244,46.90933267689446,8368491.3,575,1,5.8025400000000005,0,gap_through,,,,,,,0
2026-04-20,FRMI,5.5,5.22,5.25,5.3333333333333375,2427028.0,2.913189732738136,0.7010714285714277,6.55,-19.84732824427481,7.938931297709931,0.0576923076923081,-33.586337760910816,6.957858595733682,14705256.95,619,1,5.204339999999999,1,,5.205,5.34,eod,620.0,945.0,0.2949999999999999,0
2026-04-20,QBTX,15.9299,14.93,15.34,6.518252933507172,187715.0,3.5873556885913995,0.3200320032003202,16.39,-6.406345332519833,10.128126906650396,0.2108433734939767,-13.33333333333333,15.379874243441344,2201783.4,575,0,14.88521,1,,15.07,15.94,stop,576.0,603.0,0.8598999999999997,0
2026-04-20,RGTX,26.87,25.81,26.09,4.062859333077816,25888.0,1.9007826571899973,0.5754716981132091,27.74,-5.948089401586152,10.093727469358331,0.6392857142857138,-9.25217391304348,11.047190421574744,1010901.25,588,0,25.73257,1,,25.6505,26.87,stop,589.0,600.0,1.2195,1
2026-04-20,SMU,17.0,15.88,16.71,6.702573309395567,116043.0,3.2386403930911705,0.7962499999999989,17.66,-5.379388448471118,20.385050962627403,0.5583333333333333,-13.19480519480519,12.245878904617806,1136209.9,580,0,15.83236,1,,15.95,17.0,stop,581.0,596.0,1.0500000000000007,0
2026-04-20,WSHP,14.3412,14.05,14.05,2.0725978647686825,45553.0,1.349591202515268,0.6696428571428522,15.87,-11.468178954001251,25.96093257718967,0.2063106796116503,-65.62270614142403,24.703835315995857,2463978.45,628,1,14.00785,0,gap_through,,,,,,,0
2026-04-21,SKYQ,8.8999,8.55,8.61,4.063879210220672,38071.0,1.8302763554888375,0.6001714775650161,9.13,-5.695509309967155,14.348302300109514,0.3129770992366416,-55.73242021809881,30.127258587601112,20559109.45,585,0,8.52435,1,,8.5,8.8999,stop,586.0,590.0,0.3999000000000006,1
2026-04-22,ASTN,13.15,12.04,12.52,8.865814696485632,51418.0,2.707440798585574,0.0450450450450456,14.28,-12.324929971988794,14.495798319327736,0.7874396135265694,-40.57874028827854,13.533188146455585,1323233.9,576,1,12.00388,1,,11.98,13.15,stop,577.0,657.0,1.17,1
2026-04-22,BMNZ,14.18,13.36,14.12,5.807365439093487,235294.0,2.705452107534265,0.4390243902439038,15.78,-10.519645120405578,9.18884664131812,1.0,-43.64398323687887,7.863972267931102,1879430.45,601,1,13.31992,0,gap_through,,,,,,,0
2026-04-22,CORD,5.85,5.62,5.835,3.941730934018844,345045.0,2.0166155760891566,0.0434782608695643,6.16,-5.275974025974028,11.038961038961034,0.7941176470588239,-72.02780441035475,11.38950009907785,4207363.9,576,0,5.60314,1,,5.575,5.85,stop,577.0,590.0,0.27499999999999947,1
2026-04-22,CRCD,5.43,5.08,5.4,6.481481481481474,186155.0,2.6961124051999232,0.0857142857142865,5.86,-7.849829351535835,14.66894197952219,0.9771986970684045,-36.58250146799765,10.796686034813051,6135928.15,576,1,5.06476,1,,5.04,4.95,eod,577.0,945.0,0.3899999999999997,1
2026-04-22,GLND,5.95,5.8,5.89,2.54668930390493,24371.0,1.2890642295308372,0.0,6.2,-5.000000000000008,25.0,1.0,-74.39130434782608,24.082578067770253,2162693.2,575,0,5.7826,1,,5.75,5.96,stop,576.0,609.0,0.20000000000000018,1
2026-04-22,IREZ,14.57,13.87,14.57,4.804392587508587,102314.0,2.006592914660319,0.0,15.69,-7.138304652644992,13.54365838113448,0.9599999999999996,-61.09323470900036,11.284587626851158,2230502.45,596,1,13.82839,0,gap_through,,,,,,,0
2026-04-22,MSTZ,5.73,5.38,5.71,6.129597197898433,2257841.0,2.7645618418373514,0.4857142857142847,6.57,-13.089802130898024,9.893455098934542,0.9538461538461548,-59.83116426310235,8.483670617648935,18115175.0,582,1,5.36386,0,gap_through,,,,,,,0
2026-04-22,PBM,8.401,8.06,8.06,4.230769230769222,93847.0,1.7829179820414705,0.5278592375366571,9.49,-15.068493150684928,25.500526870389884,0.1818181818181816,-52.4744535446628,25.87187410716356,7554413.55,577,1,8.035820000000001,0,gap_through,,,,,,,0
2026-04-22,QBTZ,16.52,15.6,16.36,5.623471882640587,91839.0,2.6988932889304587,0.499999999999999,17.31,-5.488157134604271,12.940496822645873,0.9151785714285708,-74.96465057630273,15.923538486626349,677686.4,579,1,15.5532,1,,15.5101,16.52,stop,580.0,770.0,1.0099,1
2026-04-22,RGTZ,12.83,12.29,12.54,4.306220095693788,123960.0,1.8652336056333887,0.5000000000000017,13.31,-5.785123966942159,14.425244177310306,0.921875,-63.80952380952382,11.245845955516318,2449672.9,577,0,12.25313,1,,12.3,12.83,stop,578.0,623.0,0.5299999999999994,0
2026-04-22,RKLZ,10.69,10.11,10.69,5.425631431244154,147967.0,2.5354493949339743,0.4051724137931055,11.72,-8.788395904436868,12.713310580204778,0.8389261744966442,-67.6501740051445,11.67999832134973,1871156.05,579,1,10.07967,1,,10.24,10.69,stop,580.0,624.0,0.4499999999999993,0
2026-04-22,SPRC,5.7158,5.45,5.64,4.712765957446802,18251.0,2.894289673575299,0.0007524454477032,5.99,-5.843071786310526,31.5525876460768,0.6931216931216931,-14.15525114155252,11.84698634792642,954127.65,577,0,5.43365,1,,5.5,5.7158,stop,578.0,644.0,0.2157999999999997,0
2026-04-23,AGPU,7.17,6.73,6.8,6.47058823529411,204958.0,2.1626266001920853,0.659090909090908,8.75,-22.285714285714285,32.34285714285715,0.2544169611307422,-37.38489871086556,32.26389659550527,9927012.55,576,1,6.70981,1,,6.9416,7.17,stop,577.0,585.0,0.2283999999999997,0
2026-04-23,CRMX,23.11,21.38,22.41,7.719767960731818,15507.0,3.074322750616703,0.0,24.07,-6.896551724137931,15.567511425010386,0.9973312695150922,-32.642222295694935,21.29595502050237,413700.0,592,1,21.31586,1,,21.5,19.34,eod,593.0,944.0,1.6099999999999994,0
2026-04-23,OKLS,21.33,18.97,20.22,11.671612265084072,192215.0,5.832770236513117,0.8070762711864417,23.79,-15.006305170239598,36.36317780580076,0.0057798122716974,-74.5947983415002,13.138630716458731,287416.75,586,1,18.91309,1,,18.86,21.33,stop,587.0,601.0,2.469999999999999,1
2026-04-23,ORCU,13.99,13.64,13.99,2.5017869907076458,230707.0,1.253744026062754,0.5334285714285723,15.15,-7.656765676567658,6.501650165016498,0.7614213197969547,-9.067273318167045,7.654898645038044,1344386.7,592,1,13.59908,1,,13.565,13.99,stop,593.0,656.0,0.4250000000000007,1
2026-04-23,POET,12.1898,11.53,11.815,5.584426576385956,2854832.0,2.635461942195425,0.4243710215216745,12.77,-7.478465152701645,12.84259984338292,0.8902439024390245,-8.764478764478763,9.944017607700186,18969782.65,592,0,11.49541,1,,11.545,11.705,eod,593.0,945.0,0.6448,0
2026-04-23,QBTX,15.2563,14.5,14.82,5.103238866396758,67902.0,1.9646056944851409,0.8065582440830356,15.71,-5.66518141311267,9.866327180140042,0.5161290322580647,-16.271186440677962,15.664879951622767,2428669.65,600,0,14.4565,1,,14.4,12.75,eod,601.0,945.0,0.8562999999999992,1
2026-04-23,RDWU,13.37,12.29,13.37,8.077786088257294,84059.0,3.488179484852927,0.3300000000000006,15.3,-12.614379084967329,22.31960784313725,0.7672259802629656,-16.930207705546476,13.372069174108288,469075.95,614,1,12.25313,0,gap_through,,,,,,,0
2026-04-23,TORO,6.3499,6.14,6.29,3.3370429252782228,83883.0,2.3120900390346497,1.0,6.755,-6.883789785344188,50.77720207253888,0.7244897959183673,-18.31168831168831,16.393333124700476,1151155.4,583,0,6.12158,1,,6.1729,6.3499,stop,584.0,610.0,0.1769999999999996,0
2026-04-24,COUR,5.3,5.07,5.185,4.435872709739625,536777.0,2.177800725763288,0.378260869565217,5.97,-13.149078726968176,6.5326633165829096,0.6666666666666666,-22.32209737827716,3.842835009379421,4563843.9,578,1,5.054790000000001,1,,5.08,5.3,stop,579.0,646.0,0.2199999999999997,0
2026-04-24,DAMD,6.83,6.37,6.74,6.824925816023739,422995.0,2.749894848363212,0.0869565217391305,8.47,-20.42502951593861,6.788665879574962,0.4782608695652186,-70.12888014323956,5.082426947850697,889200.8,580,1,6.35089,0,gap_through,,,,,,,0
2026-04-24,FIRY,8.85,8.3801,8.6,5.463953488372083,295371.0,2.5940873683949888,0.414769099808468,12.45,-30.923694779116467,134.53815261044178,0.5492537313432836,-57.00000000000001,54.18182191819288,1741830.2,587,1,8.3549597,1,,8.48,7.8101,eod,588.0,945.0,0.3699999999999992,0
2026-04-24,SKLZ,8.85,8.3801,8.6,5.463953488372083,295371.0,2.5940873683949888,0.414769099808468,12.45,-30.923694779116467,134.53815261044178,0.5492537313432836,-57.00000000000001,54.18182191819288,1741830.2,587,1,8.3549597,1,,8.48,7.8101,eod,588.0,945.0,0.3699999999999992,0
2026-04-24,SKYQ,6.65,6.11,6.54,8.256880733944955,74309.0,1.925052589880233,0.370370370370369,7.06,-7.365439093484413,20.66572237960341,0.1432488005483204,-66.37514845834683,29.79143682637984,20785182.4,581,1,6.091670000000001,0,gap_through,,,,,,,0
2026-04-24,SUPX,9.965,9.31,9.31,7.035445757250261,25189.0,2.28814146367542,0.641221374045802,9.8,-5.000000000000002,24.79591836734693,0.1234567901234571,-21.96144174350377,9.266313486055047,417814.75,581,0,9.28207,0,gap_through,,,,,,,0
2026-04-24,TRT,12.4899,11.4,11.87,9.181971356360574,235952.0,3.400474662378455,0.2018533810441314,13.78,-13.86066763425254,40.56603773584907,0.5402504472271912,-27.40061162079512,15.579574158261003,1655749.5,577,1,11.3658,0,gap_through,,,,,,,0
2026-04-24,WU,8.38,8.25,8.355,1.5559545182525527,123840.0,0.6504869119167388,0.4615384615384625,9.33,-10.450160771704176,2.921757770632376,0.2112986060161431,-13.284898806434867,1.5432836852706946,7145151.75,576,1,8.22525,1,,8.255,8.1925,lock,577.0,604.0,0.125,0
2026-04-27,AGPU,6.22,5.88,6.22,5.466237942122184,101312.0,2.8321905948650907,0.823529411764707,6.64,-6.325301204819277,10.846385542168678,0.1530130519300192,-42.7255985267035,32.94505681772479,10177976.25,577,1,5.86236,1,,5.9,6.22,stop,578.0,611.0,0.3199999999999994,0
2026-04-27,ARMG,20.79,19.19,20.31,7.877892663712446,316656.0,2.717459297383533,0.4218749999999988,22.3,-8.923766816143507,14.542600896860996,0.8572309589885906,-10.776259719720612,10.147418946486706,1399666.9,579,1,19.132430000000003,0,gap_through,,,,,,,0
2026-04-27,AXTX,24.1,22.1,22.86,8.748906386701663,23045.0,3.863071685517444,0.3849999999999998,25.71,-11.085180863477252,26.17658498638662,0.5274888558692423,0.0,0.0,0.0,575,1,22.0337,0,gap_through,,,,,,,0
2026-04-27,LABT,6.0565,5.53,5.75,9.156521739130428,15547.0,3.2908055993989342,0.3230769230769228,7.35,-21.768707482993197,32.5170068027211,0.1422594142259413,0.0,0.0,0.0,575,1,5.51341,0,gap_through,,,,,,,0
2026-04-27,PBM,7.355,7.07,7.08,4.0254237288135615,29522.0,1.3596594648181002,0.4561403508771924,7.91,-10.493046776232616,28.69785082174463,0.0176211453744493,-58.25299393253259,26.39902297412804,7794927.15,577,1,7.04879,1,,7.0669,6.95,eod,578.0,945.0,0.2881,0
2026-04-27,POET,10.42,9.2,9.565,12.754835337166762,14371440.0,6.655035689647362,0.2131147540983618,15.1,-36.65562913907285,20.52980132450331,0.8709677419354838,-38.29032258064517,10.907075115909764,24278975.55,575,1,9.1724,0,gap_through,,,,,,,0
2026-04-27,TRT,14.31,12.74,14.21,11.048557353976074,284443.0,4.664268114333975,0.8535031847133756,16.52,-13.98305084745762,51.93704600484262,0.6993006993006992,-25.602094240837697,15.78362443882098,2043890.45,582,1,12.70178,1,,12.872,14.31,stop,583.0,588.0,1.4380000000000006,0
2026-04-27,VELO,15.365,14.51,15.26,5.602883355176936,353029.0,2.311721899505091,0.0702923976608189,17.36,-12.096774193548386,13.909562211981566,0.7142502174183123,-15.457063711911362,10.739786747425384,2592450.55,575,1,14.46647,1,,14.43,14.215,eod,576.0,945.0,0.9350000000000005,1
2026-04-28,ERAS,10.5999,10.0,10.51,5.70789724072312,1897760.0,3.002392854319639,0.776296049341557,19.15,-45.11749347258485,13.916449086161878,0.0562851782363972,-56.71334431630972,5.698959714939314,7123994.1,581,1,9.97,1,,10.075,9.812549999999998,lock,582.0,675.0,0.5249000000000006,0
2026-04-28,IRE,22.03,21.242,21.98,3.5850773430391274,231074.0,2.1171659452733147,0.619289340101522,24.56,-10.504885993485336,11.482084690553748,0.2765957446808502,-28.520325203252035,9.226060571876689,5563249.7,600,1,21.178274,1,,21.23,20.83,lock,601.0,660.0,0.8000000000000007,0
2026-04-28,IREX,29.58,28.5,29.39,3.674719292276279,73912.0,1.6721102717702123,0.8055555555555578,32.78,-10.341671751067723,11.37888956680902,0.2426273458445045,-28.62190984357051,9.254193656672582,1030546.65,600,1,28.4145,1,,28.527,28.0005,lock,601.0,896.0,1.0529999999999973,0
2026-04-28,LPTH,13.65,13.12,13.21,4.012112036336117,192262.0,1.4143413867386847,1.0,13.99,-5.575411007862755,26.590421729807005,0.4462365591397849,-20.084694494857835,5.856365870848279,2740420.6,613,0,13.08064,1,,13.1309,12.695,eod,614.0,945.0,0.5190999999999999,0
2026-04-28,LWLG,12.2,11.6,11.75,5.106382978723401,254909.0,1.887203402401224,0.7583333333333339,12.45,-5.622489959839352,10.040160642570282,0.7599999999999995,-23.152387181164155,8.709431692210353,8589067.45,633,0,11.5652,1,,11.555,11.525,eod,634.0,945.0,0.6449999999999996,1
2026-04-28,NBIG,12.62,12.13,12.43,3.94207562349154,59261.0,1.8254340205222923,0.8367346938775504,13.61,-8.670095518001467,13.960323291697286,0.6210526315789471,-33.279656468062264,9.551655400059945,1202255.1,633,1,12.09361,0,gap_through,,,,,,,0
2026-04-28,NBIL,17.97,17.23,17.46,4.238258877434125,91449.0,2.12922447260222,0.8785135135135131,19.45,-10.231362467866315,13.727506426735207,0.6704119850187268,-33.98865784499054,9.41891802445379,1830806.4,633,1,17.17831,1,,17.1,16.54,eod,634.0,943.0,0.8699999999999974,1
2026-04-28,NKLR,6.63,6.33,6.51,4.608294930875574,126324.0,2.086580704805637,0.6666666666666676,6.93,-6.06060606060606,7.864357864357864,0.5045871559633018,-17.854889589905365,5.593989334596246,637632.0,626,0,6.3110100000000005,1,,6.3132,6.3,eod,627.0,945.0,0.3167999999999997,0
2026-04-28,NVTS,17.23,16.38,17.19,4.944735311227466,2429494.0,2.187574787289152,0.447058823529414,18.3,-6.0655737704918,11.748633879781414,0.9720930232558144,-13.137948458817576,7.6643134996170525,31918410.45,590,1,16.330859999999998,1,,16.325,15.005,eod,591.0,945.0,0.9050000000000011,1
2026-04-28,QUIK,14.93,14.412,14.65,3.5358361774743954,45581.0,1.1125461695113628,1.0,15.7,-6.687898089171967,15.923566878980894,0.5239999999999995,-13.262285375962108,5.3071370655692895,355191.2,622,0,14.368764,1,,14.33,13.5,eod,623.0,945.0,0.5999999999999996,1
2026-04-28,SRAD,13.62,12.5,12.63,8.86777513855898,388004.0,3.481788908803519,0.2232142857142858,13.93,-9.332376166547013,6.353194544149317,0.8022598870056489,-32.16970998925886,6.063166134864535,4483273.2,581,1,12.4625,1,,12.46,12.155,eod,582.0,945.0,1.1599999999999984,1
2026-04-28,WOLF,28.96,27.52,27.9,5.16129032258065,210466.0,2.447861325824336,0.3819444444444446,29.67,-5.96562184024268,13.481631277384562,0.3175000000000008,-14.861153494049448,6.98733237421369,3462216.4,590,0,27.43744,1,,27.56,25.63,eod,591.0,945.0,1.400000000000002,0
2026-04-29,CONL,7.77,7.085,7.75,8.83870967741935,2020564.0,3.281193412995993,0.0729927007299268,8.35,-7.185628742514965,7.365269461077857,0.7479674796747954,-25.908221797323144,6.898727856427708,18910261.55,579,1,7.063745,1,,7.12,7.14,eod,580.0,945.0,0.6499999999999995,0
2026-04-29,CORD,6.85,6.53,6.7,4.776119402985065,246711.0,2.459289729465524,0.0624999999999987,7.06,-5.099150141643052,11.189801699716714,0.6202531645569611,-63.18681318681318,9.151452235061598,5312970.85,576,0,6.51041,1,,6.51,5.95,eod,577.0,945.0,0.33999999999999986,1
2026-04-29,HOOG,17.97,17.32,17.5189,3.710278613383253,120212.0,2.3205632201217536,0.4564615384615414,22.991,-23.801052585794448,5.784872341350972,0.527067669172932,-41.60386132046227,8.332710183826979,858783.2,578,1,17.26804,1,,17.22,17.97,stop,579.0,583.0,0.75,1
2026-04-29,HTCO,7.5,6.57,7.5,12.399999999999997,52728.0,3.850451046570517,0.1827956989247311,8.09,-7.292954264524103,349.689740420272,0.0562038041845322,-86.74677504859515,58.19581696198927,1248080.6,575,1,6.55029,0,gap_through,,,,,,,0
2026-04-29,NTLA,12.7,12.1,12.14,4.942339373970342,2787236.0,2.662335469023496,0.6500000000000014,13.2,-8.03030303030302,10.909090909090908,0.3333333333333325,-28.457775944369143,4.827807716881193,5208471.0,598,0,12.0637,1,,12.06,12.315,eod,599.0,945.0,0.6399999999999988,1
2026-04-29,OPTX,7.49,7.209,7.48,3.756684491978617,125981.0,1.4770513408644426,0.0,8.2,-8.780487804878035,12.041463414634158,0.0,-38.68852459016392,9.92361764557016,1302136.9,575,1,7.187373,1,,7.17,6.97,eod,576.0,945.0,0.3200000000000003,1
2026-04-29,ROBN,18.05,17.41,17.61,3.634298693923911,206199.0,2.378616921248902,0.4128124999999978,23.06,-23.63399826539462,5.7367736339982685,0.5669362763625366,-41.59184607577471,8.416221140145366,1712858.15,578,1,17.35777,1,,17.27,18.05,stop,579.0,583.0,0.7800000000000011,1
2026-04-29,SNDQ,19.8,19.11,19.64,3.513238289205709,183071.0,2.577991049564705,0.3450724637681143,22.57,-12.981834293309705,12.184315463003989,0.6654545454545461,0.0,0.0,0.0,576,1,19.05267,0,gap_through,,,,,,,0
2026-04-29,SOFX,9.73,8.93,9.71,8.238928939237905,397182.0,2.7196591603623514,0.3812499999999993,12.13,-19.95053586150041,6.512778235779053,0.1645569620253176,-33.80553415729877,5.18843369398804,742366.2,587,1,8.90321,1,,8.85,8.44,eod,588.0,945.0,0.8800000000000008,1
2026-04-30,IREZ,15.75,15.3,15.41,2.920181700194674,106705.0,1.561274040099267,0.8,16.285,-5.3730426773104085,10.224132637396382,0.714714714714714,-56.209150326797385,10.194228251383343,2995560.6,581,0,15.2541,0,gap_through,,,,,,,0
2026-04-30,LXU,14.905,14.34,14.39,3.92633773453787,116990.0,2.2505252011493653,0.8368141592920352,15.2,-5.328947368421044,2.565789473684202,0.6153846153846133,-9.096077675790749,3.884495955504932,1438350.3,607,0,14.29698,1,,14.3,14.905,stop,608.0,639.0,0.6049999999999986,0
2026-04-30,OPCH,19.8999,19.08,19.75,4.1513924050632935,339681.0,1.98485165307065,0.1707525307964391,26.87,-26.497953107554896,2.8656494231484912,0.8701298701298729,-33.72483221476511,2.10640927770446,1756601.95,575,1,19.02276,1,,18.91,19.8999,stop,576.0,913.0,0.9898999999999987,1
2026-04-30,STGW,6.5,5.9,6.085,9.86031224322103,129941.0,3.019812120684072,0.6166666666666657,6.69,-9.04334828101645,3.5127055306427546,0.574468085106385,-19.082446808510632,3.312586743199314,1267374.15,606,1,5.882300000000001,1,,5.885,6.225,eod,607.0,945.0,0.6150000000000002,0
2026-04-30,WAY,23.775,22.14,22.99,7.111787733797296,94708.0,2.2867801122260354,0.2385321100917437,25.27,-9.02255639097745,3.1658092599920744,0.9250000000000014,-15.391154897854792,3.1356906523789787,2301657.35,575,1,22.07358,0,gap_through,,,,,,,0
2026-05-01,ALHC,21.12,18.65,20.75,11.903614457831337,555693.0,3.281817738291147,0.0951417004048594,22.54,-7.941437444543031,5.013309671694761,0.9734513274336272,-8.75109938434476,4.090317385601411,3571578.0,575,1,18.59405,0,gap_through,,,,,,,0
2026-05-01,MSTZ,5.85,5.57,5.76,4.8611111111111,1075510.0,1.7144533955045358,0.1378571428571422,6.15,-6.341463414634155,10.731707317073171,0.1666666666666671,-59.4794231445656,8.802722631209296,22459134.5,577,0,5.5532900000000005,1,,5.56,5.315,eod,578.0,945.0,0.29,0
2026-05-04,AIOS,18.47,16.4147,18.2,11.292857142857136,22408.0,3.779080155440115,0.523183963411667,22.0,-17.272727272727277,105.59045454545456,0.4890249204688784,-46.264972733902376,421.2088172306619,398402.1,577,1,16.3654559,1,,16.37,16.06,eod,578.0,944.0,2.099999999999998,0
2026-05-04,CCOI,17.89,16.15,16.5,10.545454545454556,186429.0,4.679990658473795,0.155172413793105,23.16,-28.756476683937827,5.742659758203807,0.1954887218045121,-34.549781832606115,2.987011120179269,894814.9,575,1,16.10155,1,,16.12,16.265,eod,576.0,945.0,1.7699999999999996,0
2026-05-04,SNDQ,14.93,14.26,14.71,4.554724677090414,569503.0,2.660210882226383,0.8656716417910449,15.54,-5.3410553410553305,30.566280566280568,0.0,-46.79927667269439,9.88463796810964,3663806.4285714286,580,0,14.21722,1,,14.24,13.69,eod,581.0,945.0,0.6899999999999995,0
2026-05-04,TORO,6.7025,6.32,6.7,5.708955223880588,17066.0,1.4762317586822529,0.3257516339869287,7.68,-12.76041666666666,11.328125000000002,0.5402298850574709,-21.1755432416852,16.34646788913665,1333862.65,601,1,6.30104,1,,6.26,6.09,eod,602.0,945.0,0.4424999999999999,1
2026-05-05,ADTN,16.03,15.08,15.865,5.988023952095816,479009.0,2.695949088545281,0.5368421052631571,18.34,-13.495092693565974,3.7459105779716535,0.5749636098981061,-15.115034777956131,3.0615621394168397,2865059.9,583,1,15.03476,1,,15.16,15.56,eod,584.0,945.0,0.870000000000001,0
2026-05-05,BRBR,11.93,10.91,11.53,8.846487424111011,1421742.0,4.41941518438458,0.0980392156862742,17.36,-33.58294930875576,6.73963133640554,0.1794871794871799,-37.438958220293,1.979489339352012,3185250.8,576,1,10.87727,0,gap_through,,,,,,,0
2026-05-05,CLNN,7.42,7.07,7.32,4.781420765027318,77683.0,2.326547775619614,0.3828571428571417,8.09,-9.51792336217552,29.171817058096423,0.7542372881355932,-15.57093425605536,7.915992531624,1179082.6,581,1,7.04879,0,gap_through,,,,,,,0
2026-05-05,CNSP,6.0,5.4,5.71,10.507880910683006,105854.0,3.999450077100343,0.0,7.84,-27.168367346938776,41.07142857142856,0.1614906832298135,-45.82542694497153,53.54393733770419,4200897.05,575,1,5.3838,0,gap_through,,,,,,,0
2026-05-05,EMBC,5.11,4.6,5.065,10.069101678183626,605478.0,4.811830077567457,0.0784313725490195,9.25,-45.24324324324324,3.135135135135126,0.3793103448275853,-48.83838383838384,2.4059179802270423,689643.1,576,1,4.5862,1,,4.68,4.015,eod,577.0,945.0,0.4300000000000006,0
2026-05-05,GMEU,10.025,9.75,9.82,2.800407331975564,59890.0,1.4131897504025634,0.6469090909090874,10.42,-5.758157389635313,22.84069097888676,0.0546218487394961,-26.386806596701646,6.707035285536479,235494.1,577,0,9.72075,0,gap_through,,,,,,,0
2026-05-05,PLTG,14.55,13.7,13.98,6.080114449213172,101939.0,2.386175833390594,0.5764705882352934,15.26,-8.387942332896458,5.701179554390558,0.2298850574712637,-22.33333333333333,6.935449426170013,334837.55,592,1,13.6589,1,,13.61,13.1703,eod,593.0,945.0,0.9400000000000013,1
2026-05-05,PTIR,15.078,14.2,14.52,6.046831955922866,1074612.0,2.711893912530676,0.6150341685649212,15.8,-8.101265822784818,5.886075949367098,0.215053763440861,-21.99838839645447,7.0585500675294455,5067035.8,592,1,14.1574,1,,14.09,13.625,eod,593.0,945.0,0.9879999999999995,1
2026-05-05,SKK,6.9599,6.2,6.64,11.444277108433736,140169.0,4.9318354585544535,0.1710751414659822,12.19,-45.52912223133716,133.46923707957345,0.645972009662014,-63.008356545961,133.78093705021848,1256413.6,577,1,6.1814,0,gap_through,,,,,,,0
2026-05-05,SNDQ,13.13,12.5,13.06,4.823889739663099,846446.0,1.50360070880318,0.0158730158730155,13.8,-5.362318840579712,12.971014492753616,0.2681564245810059,-52.76672694394213,9.198151441092689,4676975.375,575,1,12.4625,0,gap_through,,,,,,,0
2026-05-05,SOXS,12.58,12.38,12.5,1.5999999999999943,6668486.0,0.8239713233739001,0.8249999999999986,13.26,-5.7315233785822,7.455505279034691,0.6170341897633012,-65.52199696593574,6.292768429641544,124696785.45,577,0,12.34286,1,,12.2999,11.5101,eod,578.0,945.0,0.2801000000000009,1
2026-05-06,AKAN,28.83,25.9,27.41,10.689529368843488,54636.0,4.882744080998467,0.0784982935153585,30.0,-8.633333333333333,26.833333333333325,0.6211180124223604,-65.25977852950385,100.79847195021785,6556251.95,588,1,25.8223,0,gap_through,,,,,,,0
2026-05-06,ANEL,19.3062,18.5459,18.93,4.016376122556792,45509.0,1.754150108748776,0.4525845061160076,23.6519,-19.964146643610032,8.540117284446492,0.0404970543096198,-28.83458646616542,4.569598560715716,80858.15,578,1,18.4902623,0,gap_through,,,,,,,0
2026-05-06,ANGI,6.06,5.72,5.91,5.75296108291032,170476.0,3.158475761828999,0.5294117647058844,7.41,-20.242914979757085,5.398110661268548,0.837500000000001,-24.809160305343514,3.788302981348572,721316.65,578,1,5.70284,1,,5.68,4.785,eod,579.0,945.0,0.3799999999999999,1
2026-05-06,CPNG,18.33,17.94,18.2,2.1428571428571264,3046946.0,1.260750077767821,0.6153846153846161,20.76,-12.33140655105974,2.8901734104046306,0.7166666666666704,-18.16546762589928,1.8828421904788468,18634140.5,621,1,17.88618,1,,17.865,17.6325,lock,622.0,731.0,0.46499999999999986,1
2026-05-06,CRK,16.63,15.72,16.35,5.565749235473995,377991.0,2.174370473580139,0.2306593406593403,17.33,-5.654933641084806,2.423542989036364,0.1428571428571392,-13.400423728813548,2.66860431015041,2059841.55,635,0,15.67284,1,,15.67,15.06,eod,636.0,945.0,0.9599999999999991,1
2026-05-06,CRTO,17.94,17.1013,17.94,4.6750278706800605,37933.0,2.161629455720037,0.3919160605699299,20.12,-10.834990059642143,9.741550695825037,0.8673469387755111,-11.97252208047104,2.393416148334687,203258.25,575,1,17.049996099999998,1,,17.07,15.69,eod,576.0,945.0,0.870000000000001,0
2026-05-06,IONZ,5.56,5.36,5.39,3.7105751391465542,309450.0,2.0533973048248098,0.2250000000000004,5.7,-5.438596491228079,16.664912280701746,0.0630592693967784,-79.03539478802021,14.025131399290863,10653012.8,575,0,5.343920000000001,1,,5.35,4.4283,eod,576.0,945.0,0.2099999999999999,0
2026-05-06,IREZ,8.82,7.93,8.77,10.148232611174466,251136.0,3.617239748121008,0.02247191011236,9.33,-6.002143622722406,36.33333333333332,0.20354582731054,-68.72325249643366,11.521268485663532,3393067.7,575,1,7.90621,0,ssr_no_uptick,,,,,,,0
2026-05-06,KD,13.21,12.68,13.19,4.0181956027293495,42297.0,1.981495794437613,0.4528301886792447,14.7,-10.272108843537412,3.2312925170068008,0.8421052631578924,-11.683963843321065,3.057610521369793,3907108.65,577,1,12.64196,0,gap_through,,,,,,,0
2026-05-06,KVYO,17.575,16.0201,17.33,8.972302365839585,1245863.0,3.1065548399158023,0.0771110682359002,23.33,-25.71795970852979,6.750964423489067,0.8793650793650785,-26.31802721088436,4.803334656400379,5161767.35,575,1,15.9720397,1,,15.965,15.7,eod,576.0,945.0,1.6099999999999994,1
2026-05-06,SOXS,10.6409,10.14,10.43,4.802492809204216,12106680.0,1.8710173435642272,0.0299460970253519,11.51,-9.383145091225025,11.946133796698524,0.2181818181818174,-64.41487546912316,5.647164294545693,132275680.0,575,1,10.10958,1,,10.24,10.6409,stop,576.0,604.0,0.4009,0
2026-05-06,TDC,27.99,27.11,27.2,3.235294117647055,172653.0,2.025629792158968,0.7954545454545455,30.08,-9.57446808510638,6.233377659574469,0.7173333333333327,-11.140150277687033,2.9463178993739256,1844009.5,579,1,27.02867,1,,26.915,27.99,stop,580.0,595.0,1.0749999999999993,1
2026-05-06,ZSL,20.56,20.2701,20.495,1.4144913393510583,175869.0,0.411647102642614,0.0545015522594076,23.05,-11.08459869848156,3.297180043383939,0.9605263157894768,-16.5173116089613,5.306815682515531,6325525.05,593,1,20.2092897,1,,20.21,20.56,stop,594.0,778.0,0.3499999999999978,0
2026-05-07,AEVA,15.62,14.88,15.302,4.835969154358898,183661.0,3.2311767630490693,0.0810810810810795,16.57,-7.652383826191918,11.46590223295112,0.8789409968945732,-16.015367727771675,4.367194625836509,1294955.35,575,1,14.83536,0,gap_through,,,,,,,0
2026-05-07,AMPL,6.26,6.01,6.06,4.125412541254125,348349.0,2.244683422680851,0.0800000000000018,7.52,-19.41489361702128,4.321808510638289,0.2307692307692291,-26.811594202898547,4.495781083009163,1715774.1,579,1,5.991969999999999,0,gap_through,,,,,,,0
2026-05-07,AMPX,19.56,17.37,19.135,11.444996080480784,2320334.0,5.026572622103043,0.3698630136986299,22.19,-13.76746282109058,7.43578188373142,0.9030303030303032,-16.074561403508767,4.607894642842359,7852041.0,578,1,17.317890000000002,0,gap_through,,,,,,,0
2026-05-07,ARMG,20.86,18.3983,19.2,12.821354166666673,475358.0,4.10986958401587,0.8354795466547503,21.95,-12.52847380410023,14.564920273348516,0.8914607444479195,-15.652594122040162,11.947377480899052,2389538.15,582,1,18.3431051,1,,18.45,17.345,eod,583.0,945.0,2.41,0
2026-05-07,ARQT,23.77,22.82,22.82,4.163014899211214,275536.0,1.847890048950427,0.173684210526315,24.17,-5.585436491518417,4.220107571369464,0.9019607843137276,-10.404397330192378,2.377318178786348,1036929.45,576,0,22.75154,0,gap_through,,,,,,,0
2026-05-07,CORZ,23.0,22.06,22.445,4.188015148139903,1650676.0,2.298276497943609,0.3404255319148934,24.63,-8.871295168493702,6.414941128704839,0.7594936708860746,-10.255897640943628,3.198397102150262,15726271.25,580,1,21.99382,1,,21.88,22.395,eod,581.0,945.0,1.120000000000001,1
2026-05-07,CORZW,16.37,15.54,15.54,5.341055341055354,17042.0,2.821885110520034,0.1385542168674698,17.82,-12.7946127946128,9.147025813692474,0.7423312883435592,-14.802631578947365,4.555105882221905,431792.25,579,1,15.493379999999998,0,gap_through,,,,,,,0
2026-05-07,FSLY,22.89,20.14,22.63,12.152010605391077,3697074.0,5.161503726639838,0.5472727272727269,31.57,-28.318023439974667,8.58409882800127,0.6457564575645754,-31.00609756097561,9.06076742283049,12620743.7,599,1,20.07958,1,,20.09,19.525,eod,600.0,945.0,2.8000000000000007,0
2026-05-07,HPK,6.01,5.315,5.867,11.845917845576944,131073.0,3.296553597877287,0.0,6.18,-5.064724919093847,4.509708737864074,0.1794043774668097,-15.94555873925502,4.221825438179585,820357.9,575,1,5.299055,1,,5.29,5.55,eod,576.0,945.0,0.7199999999999998,1
2026-05-07,LTRX,6.1902,5.76,6.17,6.972447325769856,145580.0,4.146922545525544,0.6973500697350064,6.77,-8.862629246676509,4.429837518463812,0.2997665888629516,-13.09859154929577,3.2415665342440314,553854.2,576,1,5.742719999999999,0,gap_through,,,,,,,0
2026-05-07,OEC,7.965,7.27,7.7,9.02597402597403,34883.0,2.167858162904327,0.2589928057553964,8.2,-6.0975609756097455,4.634146341463424,0.473684210526314,-8.333333333333336,2.581176864422775,468276.0,578,0,7.248189999999999,1,,7.39,7.21,eod,579.0,945.0,0.5750000000000002,0
2026-05-07,RXST,6.44,6.03,6.21,6.602254428341388,38609.0,3.0141721175414333,0.3780487804878031,6.78,-8.407079646017703,7.522123893805306,0.0588235294117652,-19.559585492227978,3.2522561036181017,637343.8,596,1,6.01191,0,ssr_no_uptick,,,,,,,0
2026-05-07,SKK,5.61,5.335,5.34,5.1498127340824045,20584.0,1.416924464580972,0.6363636363636349,5.82,-8.247422680412377,40.70446735395189,0.4301392992823977,-70.25069637883009,134.83735789496492,1904265.15,591,0,5.318995,1,,5.301,5.61,stop,592.0,610.0,0.30900000000000016,1
2026-05-07,SMU,17.64,16.85,16.93,4.666272888363846,52409.0,2.6106157264143346,0.2025316455696206,18.38,-7.889009793253534,21.164309031556037,0.9125964010282775,-20.665417057169638,15.031949844518804,1981746.15,582,0,16.79945,1,,16.74,15.78,eod,583.0,945.0,0.9000000000000021,1
2026-05-07,TROX,9.76,9.05,9.56,7.426778242677814,272042.0,2.908289026831846,0.3661971830985917,10.12,-5.533596837944652,5.533596837944669,0.5267857142857137,-9.726156751652496,3.355474442776031,2741667.2,598,1,9.02285,1,,9.025,8.525,eod,599.0,945.0,0.7349999999999994,0
2026-05-07,VNDA,7.013,6.689,7.013,4.619991444460285,143792.0,2.1102263060376507,0.219135802469135,7.44,-5.739247311827963,4.838709677419359,0.1805555555555564,-9.334195216548164,2.6599115977941343,1107407.55,611,1,6.668933,1,,6.655,6.355,eod,612.0,945.0,0.35799999999999965,1
2026-05-07,VRRM,13.8,13.25,13.25,4.15094339622642,72434.0,2.338011453538234,0.1716363636363639,14.32,-7.472067039106148,4.050279329608939,0.3017241379310357,-14.78825685713367,1.4714410933721511,1293971.6,577,0,13.21025,0,gap_through,,,,,,,0
2026-05-07,ZSL,18.38,18.1615,18.3,1.1939890710382448,272157.0,0.3761719500064267,0.0617848970251743,20.21,-9.450766947055914,3.2657100445324105,0.4090909090909083,-25.45824847250509,5.971571689071937,6202927.75,611,1,18.1070155,1,,18.041,18.38,stop,612.0,710.0,0.33899999999999864,1
2026-05-08,AORT,27.31,21.52,27.31,21.201025265470523,464622.0,6.594608851773185,0.0423143350604492,35.42,-22.89666854884247,4.023150762281189,0.4105263157894751,-31.13968734241049,2.5854013356236,340700.0,575,1,21.45544,0,gap_through,,,,,,,0
2026-05-08,CAI,17.39,16.01,16.8,8.214285714285708,454886.0,3.738178803548452,0.5663043478260856,19.84,-15.322580645161285,5.241935483870981,0.8173076923076915,-24.18772563176895,3.7152945073524695,1830163.8,579,1,15.96197,1,,16.09,15.935,eod,580.0,945.0,1.3000000000000007,0
2026-05-08,CONL,7.57,7.32,7.53,3.3200531208499333,1584759.0,1.5201753146403527,0.5999999999999979,8.11,-7.151664611590619,8.217016029593099,0.3076230492196865,-28.011472275334608,8.049581925525173,20353602.5,580,0,7.29804,1,,7.365,7.57,stop,581.0,585.0,0.205,0
2026-05-08,CRNC,9.9,9.38,9.9,5.252525252525248,83810.0,2.574926654522979,0.5384615384615377,10.54,-6.072106261859571,5.31214421252371,0.7322736202893358,-11.52815013404825,4.213296843874784,763150.35,576,1,9.35186,1,,9.435,9.9,stop,577.0,614.0,0.4649999999999998,0
2026-05-08,CRWU,10.41,9.191,9.57,12.737722048066868,150124.0,4.86881132212842,0.0500410172272354,11.44,-16.34615384615384,13.537587412587415,0.4648414799509259,-27.224334600760457,9.978076746663833,1319579.05,577,1,9.163427,1,,9.1,8.721,eod,578.0,945.0,1.3100000000000005,1
2026-05-08,CXDO,9.5249,9.11,9.135,4.5418719211822784,54966.0,1.2966910135848295,1.0,9.78,-6.595092024539874,6.748466257668713,0.9090909090909084,-7.164634146341465,5.249929381441563,311897.8,623,0,9.08267,1,,9.15,9.2272,eod,624.0,945.0,0.3749000000000002,0
2026-05-08,DXC,10.28,9.43,10.02,8.483033932135726,473058.0,2.6407953125609995,0.0235294117647053,12.01,-16.56952539550375,3.9550374687760166,0.7368421052631577,-25.980645637881373,3.4457510809701093,3666297.15,575,1,9.40171,0,gap_through,,,,,,,0
2026-05-08,FIGS,12.36,11.91,12.15,3.703703703703698,1018957.0,2.2818449855414498,0.4886666666666654,15.37,-20.94990240728692,5.59531554977228,0.755813953488371,-30.332568807339456,3.831823643081758,3175858.05,575,1,11.87427,1,,11.795,11.5125,lock,576.0,862.0,0.5649999999999995,1
2026-05-08,NETG,12.25,11.1,12.18,9.44170771756979,152514.0,3.194901154350565,0.0260869565217401,17.5178,-30.47072120928428,7.078514425327372,0.8691935483870977,-31.108597285067876,7.104465969925072,252870.7,575,1,11.0667,0,gap_through,,,,,,,0
2026-05-08,QNST,13.458,12.52,12.65,7.415019762845855,53409.0,1.870838687791012,0.7462686567164185,13.36,-5.314371257485023,4.790419161676638,0.4687499999999992,-8.66425992779783,3.1126476356631017,723707.2,594,0,12.48244,1,,12.4732,13.105,eod,595.0,945.0,0.9847999999999999,1
2026-05-08,REAL,10.82,10.13,10.26,6.725146198830405,644363.0,3.9784769234716704,0.1521739130434764,12.4,-17.25806451612904,9.91935483870968,0.1951219512195123,-23.375653472740854,4.036912748434303,3213119.3,575,1,10.09961,1,,10.39,10.175,lock,576.0,697.0,0.4299999999999997,0
2026-05-08,RKLZ,10.46,9.25,10.41,11.623439000960625,185443.0,4.196814810916615,0.1900826446280994,12.84,-18.92523364485981,14.019470404984414,0.9055052497083496,-52.66008485713896,10.444311729795007,1592055.25,575,1,9.22225,0,gap_through,,,,,,,0
2026-05-08,SMU,14.97,14.03,14.97,6.279225116900476,85744.0,2.41324637090677,0.1906382978723399,15.9,-5.849056603773583,17.106918238993714,0.3602941176470589,-29.850046860356134,15.494757470865569,2038413.6,576,1,13.98791,1,,14.0101,14.97,stop,577.0,845.0,0.9599000000000012,0
2026-05-08,SNDQ,10.57,10.16,10.52,3.8973384030418265,799702.0,2.2317533232507314,0.597560975609754,11.47,-8.282476024411517,13.862249346120311,0.5660377358490569,-61.95298372513562,11.051484939525594,10975570.545454543,576,1,10.12952,1,,10.06,7.855,eod,577.0,945.0,0.5099999999999998,1
2026-05-08,SOXS,9.97,9.7,9.86,2.738336713995957,10841931.0,1.0972707193210485,0.0737037037037092,10.6,-6.981132075471701,8.58490566037736,0.6923076923076911,-59.62325962325963,6.718336843599114,155213566.75,576,0,9.6709,1,,9.67,8.95,eod,577.0,945.0,0.3000000000000007,1
2026-05-08,TSSI,11.89,10.8,11.88,9.175084175084171,473259.0,4.517718146284165,0.1743119266055041,15.84,-24.999999999999996,9.659090909090915,0.3137254901960785,-31.64556962025316,7.144105355220545,1669017.0,575,1,10.7676,1,,10.82,11.89,stop,576.0,940.0,1.0700000000000005,0
2026-05-08,TTGT,6.315,5.87,6.01,7.404326123128124,36315.0,2.740039387821507,0.404494382022471,6.47,-7.109737248840803,11.66924265842349,0.6953642384105955,-10.298507462686572,3.536413349503193,565049.6,578,1,5.85239,0,gap_through,,,,,,,0
2026-05-08,TXG,21.99,20.0,21.07,9.444708115804454,224723.0,4.927219211887062,0.4271356783919608,22.42,-6.021409455843004,3.6797502230151617,0.3757575757575788,-20.32520325203252,4.1720697983674855,2613056.15,626,1,19.94,1,,20.05,21.62,eod,627.0,945.0,1.9399999999999975,0
2026-05-11,FLYT,23.9,22.69,23.54,5.140186915887839,16125.0,2.2284855819037506,0.3140495867768594,25.73,-8.51146521570152,32.10260396424408,0.9116222760290555,-38.036325348776,15.277359963641285,201709.1,575,1,22.621930000000003,0,ssr_no_uptick,,,,,,,0
2026-05-11,IRE,29.4196,26.6099,29.32,9.582878581173258,903540.0,4.082628983793087,0.156635939780048,36.94,-20.628045479155382,23.25392528424473,0.4318975552968567,-29.89000478240077,12.580579129178885,6184379.35,575,1,26.5300703,1,,27.135,29.4196,stop,576.0,579.0,2.284599999999997,0
2026-05-11,IREG,21.8487,19.925,21.76,8.840533088235295,72683.0,3.269826852540553,0.257316629412071,27.6,-21.15942028985507,22.390942028985503,0.4498292852635158,-29.806451612903224,12.663264258862313,338091.5,575,1,19.865225,0,ssr_no_uptick,,,,,,,0
2026-05-11,LITZ,19.17,16.5,19.17,13.928012519561822,25342.0,3.275747336771799,0.1495880149812733,21.45,-10.62937062937062,15.617715617715607,0.4507462686567161,-36.81608437705998,9.787165038370416,292493.1666666667,635,1,16.4505,0,gap_through,,,,,,,0
2026-05-12,ASTX,29.56,24.52,24.89,20.249096022498996,973857.0,4.705880603868399,0.9087301587301592,31.61,-21.259095223030684,20.0885795634293,0.7196850393700787,-55.52180128663331,13.095011456130292,5027570.9,597,1,24.44644,1,,24.485,24.26,eod,598.0,945.0,5.074999999999999,0
2026-05-12,CDRE,27.66,26.11,27.215,5.695388572478415,64835.0,2.5652968996981587,0.2903225806451607,31.36,-13.217474489795917,7.095025510204087,0.8898876404494378,-19.82878740120368,3.830866585668333,417125.15,576,1,26.03167,0,gap_through,,,,,,,0
2026-05-12,CLSK,14.28,13.11,13.155,8.893956670467503,2874124.0,2.871533839582713,0.7905982905982912,14.3,-8.006993006993016,9.074825174825166,0.4315327117207374,-12.51986673493952,4.313492205003361,20734927.3,626,0,13.07067,1,,13.045,13.535,eod,627.0,945.0,1.2349999999999994,1
2026-05-12,CRWU,8.29,7.9,8.28,4.710144927536217,85113.0,1.9508848779416672,0.3333333333333318,8.84,-6.334841628959281,13.345022624434376,0.3814529117572262,-37.0342205323194,10.701101233724913,1281125.85,589,1,7.8763,1,,7.87,7.66,lock,590.0,935.0,0.41999999999999904,1
2026-05-12,FLNC,23.85,21.92,22.63,8.528501988510826,1039829.0,2.878229300927094,0.7057512953367867,25.23,-10.305192231470476,20.49147839873168,0.5822050290135398,-17.378605330412565,11.386783450731624,10155911.55,589,1,21.85424,1,,21.8801,21.285,eod,590.0,945.0,1.9699000000000024,0
2026-05-12,HIMX,20.08,19.2,19.43,4.529078744209979,673655.0,1.998580419136851,0.5681818181818188,20.65,-5.907990314769971,15.012106537530274,0.6290322580645156,-10.871559633027529,8.595981656204724,5202308.4,603,0,19.1424,1,,19.1407,19.0,eod,604.0,945.0,0.9392999999999994,1
2026-05-12,KC,15.67,15.43,15.5,1.5483870967741948,141576.0,0.5630634990517697,0.5208333333333329,16.35,-5.198776758409794,3.455657492354726,0.530973451327437,-15.669205658324262,3.3786251727712475,1167625.1,597,0,15.38371,1,,15.355,15.36,eod,598.0,945.0,0.3149999999999995,1
2026-05-12,NBIG,20.85,19.7,20.02,5.744255744255755,23152.0,1.5420181999040503,0.6885217391304354,21.27,-5.876821814762576,17.63046544428773,0.4293333333333332,-17.409240924092405,11.71791276940796,943267.45,628,0,19.6409,1,,19.6,19.76,eod,629.0,945.0,1.25,1
2026-05-12,NBIL,29.5877,28.0,28.58,5.555283414975514,41598.0,1.8119743250124076,0.7810039680040292,30.32,-5.738786279683384,18.007915567282325,0.4249084249084249,-17.00304922317411,11.8500121933943,1427667.45,629,0,27.916,1,,27.83,28.215,eod,630.0,943.0,1.7577000000000034,1
2026-05-12,OKLL,12.2,11.63,11.85,4.8101265822784685,475258.0,2.2442034041254937,0.4385964912280713,12.68,-6.545741324921137,24.6845425867508,0.8562300319488815,-20.841683366733477,15.609997539535922,15967481.25,592,0,11.59511,1,,11.57,11.26,lock,593.0,862.0,0.629999999999999,1
2026-05-12,RDWU,14.2,12.65,13.09,11.841100076394186,30500.0,1.8428281713675896,0.9368387096774198,14.0,-6.500000000000002,31.43642857142857,0.6589261775465226,-18.669889219566443,18.05928126167841,855335.75,597,0,12.61205,0,gap_through,,,,,,,0
2026-05-12,SMU,16.71,15.95,16.7,4.550898203592824,73949.0,1.8881157957554755,0.0384210526315804,17.65,-5.382436260623226,25.495750708215308,0.8288888888888882,-21.74320524835989,15.42795945950933,2168107.05,576,0,15.90215,1,,15.9499,13.9199,eod,577.0,945.0,0.7601000000000013,0
2026-05-13,EVLV,6.655,5.89,6.6,11.5909090909091,492785.0,3.801229381538219,0.0522875816993464,6.96,-5.172413793103453,3.87931034482758,0.4814814814814818,-10.81081081081082,1.9555609961500604,2378037.45,575,1,5.87233,0,gap_through,,,,,,,0
2026-05-13,EYE,19.19,17.99,18.99,6.319115323854676,285576.0,3.1231326639911607,0.1000000000000005,20.94,-9.312320916905458,8.714899713467046,0.1533782673023187,-28.68944799098761,3.269183424662105,1526813.85,575,1,17.93603,0,gap_through,,,,,,,0
2026-05-13,GILT,16.58,15.88,16.2,4.320987654320972,174069.0,1.792599774750197,0.0715714285714269,19.91,-18.6338523355098,7.408337518834764,0.7966101694915252,-22.591743119266063,4.160738743880877,709622.15,576,1,15.83236,1,,15.7387,15.77,eod,577.0,945.0,0.8412999999999986,1
2026-05-13,GLBE,29.9585,28.4303,28.71,5.322884012539191,105759.0,1.7424824466657691,0.8799240937050111,30.23,-5.028117763810783,4.0026463777704295,0.8429752066115693,-19.024115075447742,3.00436807603983,1539064.15,577,0,28.3450091,0,gap_through,,,,,,,0
2026-05-13,HTCO,8.89,8.2,8.79,7.849829351535852,143703.0,3.720660880393954,0.0,11.28,-22.074468085106385,42.73049645390071,0.8257261410788381,-84.46722035695353,59.01719364697804,2012094.0,575,1,8.1754,0,gap_through,,,,,,,0
2026-05-13,OPRX,5.72,5.11,5.6,10.892857142857132,171354.0,3.4808334294120904,0.0655737704918034,6.34,-11.671924290220824,5.993690851735028,0.6315789473684204,-32.20338983050848,3.6010989221063925,412355.8,576,1,5.094670000000001,0,gap_through,,,,,,,0
2026-05-13,PAYS,6.11,5.08,6.0,17.16666666666667,272054.0,6.052085085813809,0.0825242718446601,6.65,-9.774436090225567,9.699248120300744,0.7751937984496129,-14.83321504613201,3.626074229626587,758331.15,575,1,5.06476,0,gap_through,,,,,,,0
2026-05-13,RXT,6.31,5.87,5.99,7.345575959933213,2206194.0,3.711903281722974,0.3863636363636366,6.33,-5.371248025276459,25.118483412322277,0.9937106918238996,-5.520504731861194,19.326536559078868,28864993.85,586,0,5.85239,1,,5.9,6.31,stop,587.0,596.0,0.4099999999999992,0
2026-05-13,WRD,7.49,7.05,7.19,6.1196105702364445,458593.0,2.9388973610311333,0.9772727272727276,7.71,-6.744487678339812,2.9831387808041443,0.7391304347826099,-14.506539833531509,2.752785694102094,2280274.4,587,0,7.028849999999999,1,,7.0201,7.49,stop,588.0,632.0,0.4699,1
2026-05-14,ALMU,25.09,23.11,24.9,7.951807228915666,446299.0,3.603632110232021,0.2689393939393933,31.49,-20.927278501111463,13.337567481740232,0.9285714285714284,-21.67348222711545,11.046163633376926,1958833.45,576,1,23.04067,0,gap_through,,,,,,,0
2026-05-14,BOT,20.12,19.77,19.77,1.770359129994949,24158.0,1.133292863620928,0.371428571428567,21.01,-5.901951451689681,39.50499762018087,0.2180722891566267,0.0,0.0,0.0,575,0,19.71069,0,gap_through,,,,,,,0
2026-05-14,CSIQ,18.38,16.86,17.29,8.791208791208788,552752.0,3.654653728056345,0.5592105263157906,20.05,-13.765586034912724,6.483291770573571,0.5000384644972703,-17.074340527577945,5.274719724138283,3100161.85,580,1,16.80942,1,,17.026,17.85,eod,581.0,945.0,1.3539999999999992,0
2026-05-14,DOCS,18.4,17.32,18.24,5.921052631578939,1399291.0,2.590006245957037,0.5648148148148152,23.39,-22.01795639162036,14.023086789226156,0.0548780487804877,-31.659797677032604,3.2853895188023645,3516601.65,628,1,17.26804,1,,17.285,17.965,eod,629.0,945.0,1.1149999999999984,0
2026-05-14,ENVX,6.34,5.97,6.31,5.863708399366088,1513288.0,2.1637969592683337,0.2429729729729731,7.29,-13.443072702331968,9.327846364883396,0.6911764705882352,-15.86666666666667,3.7634234796627455,6007089.15,576,1,5.95209,1,,5.97,6.34,stop,577.0,653.0,0.3700000000000001,0
2026-05-14,EOSE,7.82,7.44,7.71,4.928664072632943,3968046.0,2.199606039006575,0.55236842105263,8.28,-6.884057971014486,21.73913043478262,0.0499999999999999,-22.822822822822825,7.624577238586363,29262339.4,587,1,7.417680000000001,1,,7.4301,7.82,stop,588.0,643.0,0.3898999999999999,0
2026-05-14,LWLG,17.025,15.48,17.025,9.0748898678414,1363617.0,2.8232191538816056,0.12621359223301,18.215,-6.533077134230038,15.421356025253909,0.8241367034531862,-9.001015554011445,9.599989216096455,10312834.35,576,1,15.43356,1,,15.4887,15.005,eod,577.0,945.0,1.5362999999999989,0
2026-05-14,OKLL,9.39,8.91,9.39,5.111821086261985,802471.0,1.502675945944717,0.0624999999999986,10.0,-6.099999999999994,15.700000000000005,0.2993630573248411,-37.27454909819639,15.902279139204955,15843532.25,576,0,8.88327,1,,9.155,9.037499999999998,lock,577.0,655.0,0.2350000000000012,0
2026-05-14,RGNX,8.13,6.88,8.08,15.470297029702982,823115.0,6.726372911410363,0.1999999999999998,10.04,-19.521912350597603,5.976095617529877,0.6499999999999984,-28.873239436619716,3.777295243253842,827767.6,578,1,6.85936,0,gap_through,,,,,,,0
2026-05-14,TDIC,22.7299,19.005,21.49,17.333178222429048,348365.0,7.031214643399377,0.0550350344975708,23.05,-6.767895878524956,117.48373101952276,0.7433530280649927,-28.366666666666674,209.8259281163768,14155491.6,576,1,18.947985,0,gap_through,,,,,,,0
2026-05-14,TNGX,24.85,23.53,24.12,5.472636815920398,101355.0,2.5491120720078344,0.7954545454545431,25.51,-5.448843590748728,11.720893767150145,0.9163879598662208,-15.100316789862722,5.021375755068791,2879583.65,582,0,23.45941,1,,23.825,24.85,stop,583.0,931.0,1.025000000000002,0
2026-05-14,WYFI,26.4999,25.0,25.52,5.877351097178685,235759.0,3.724102458064231,0.3533568904593646,27.03,-5.58638549759527,13.244543100258966,0.6592178770949723,-12.000000000000002,7.469210884362037,1320691.2,577,0,24.925,0,gap_through,,,,,,,0
2026-05-15,AEVA,20.5,19.45,20.07,5.231689088191334,147935.0,2.4752445369222253,0.1808571428571442,21.23,-5.463966085727744,10.880829015544036,0.5974025974025973,-9.431407942238266,8.363891360373067,2165026.1,575,0,19.39165,1,,19.666,20.5,stop,576.0,741.0,0.8339999999999996,0
2026-05-15,ARMG,17.8,16.66,17.5,6.514285714285717,115869.0,2.236147007618942,0.2449999999999992,19.9,-12.060301507537682,13.01507537688444,0.9922779922779912,-23.12085401748452,13.36278387679812,3083837.15,578,1,16.61002,1,,16.63,17.8,stop,579.0,618.0,1.1700000000000017,0
2026-05-15,ATOM,9.0,8.5502,8.94,5.031319910514539,122016.0,2.9160273807398425,0.9555357936860835,9.63,-7.1651090342679264,12.439252336448584,0.4407713498622597,-22.12543554006969,14.298858807188926,4192840.85,599,1,8.5245494,1,,8.57,9.0,stop,600.0,823.0,0.4299999999999997,0
2026-05-15,AZ,6.4,6.1,6.38,4.702194357366783,30649.0,2.357421141537124,0.3999999999999994,6.72,-5.059523809523808,7.738095238095245,0.8076923076923068,-26.834862385321102,3.5898844668339223,422805.2,602,0,6.0817,1,,6.07,5.905,lock,603.0,941.0,0.33000000000000007,1
2026-05-15,CCUP,6.09,5.655,6.05,7.190082644628093,295827.0,2.485047637852266,0.2806896551724132,6.75,-10.370370370370372,22.96148148148148,0.3935092586618489,-30.017351069982645,15.14824893888436,3708759.2,575,1,5.638035,0,gap_through,,,,,,,0
2026-05-15,CONL,9.1,8.76,9.06,3.752759381898453,1938815.0,1.4461994894150232,0.3132352941176486,9.66,-6.211180124223599,24.58592132505176,0.6168421052631579,-14.285714285714285,8.460575941385805,22568627.25,575,0,8.73372,1,,8.74,8.17,eod,576.0,945.0,0.3599999999999994,0
2026-05-15,CRWU,8.1,7.72,7.95,4.779874213836476,140804.0,1.4396925165963304,0.2894736842105272,8.72,-8.830275229357802,13.76146788990827,0.516666666666667,-39.543726235741445,11.149018173110022,1287098.85,580,0,7.69684,1,,7.875,7.755,eod,581.0,944.0,0.2249999999999996,0
2026-05-15,DLO,12.075,11.51,11.9,4.747899159663861,431435.0,2.0422302184252987,0.991150442477878,12.66,-6.003159557661926,3.830963665086897,0.7628865979381445,-17.874396135265698,2.32391480461,1807191.35,598,0,11.47547,1,,11.4799,11.2787,eod,599.0,945.0,0.5950999999999986,0
2026-05-15,FLNC,20.45,19.75,19.84,3.528225806451609,613386.0,1.975946368121716,0.4714285714285695,20.94,-5.253104106972308,7.975167144221576,0.1796407185628748,-27.56480467323841,11.92734599771949,12449007.5,579,0,19.69075,1,,19.665,20.45,stop,580.0,820.0,0.7850000000000001,1
2026-05-15,GSIT,10.32,9.9,9.91,4.238143289606457,144193.0,2.236631435970724,0.785714285714286,10.86,-8.747697974217306,19.42909760589318,0.426540284360189,-23.769230769230766,11.46300165804271,2278646.1,586,0,9.8703,1,,9.89,10.32,stop,587.0,610.0,0.4299999999999997,0
2026-05-15,HTCO,6.9399,6.65,6.69,4.333333333333324,18631.0,1.8877527168742645,0.6347016212487053,7.22,-7.340720221606639,22.160664819944607,0.2687499999999997,-88.17812334334688,59.84980425724974,2109461.95,576,0,6.630050000000001,1,,6.6,6.2387,eod,577.0,943.0,0.3399000000000001,1
2026-05-15,HTFL,30.21,29.0,29.05,4.165232358003445,41878.0,1.7758490231406892,0.4380165289256205,32.24,-9.894540942928042,5.98635235732011,0.9067357512953372,-12.971839424805276,2.979213809614547,1062940.3,578,1,28.913,0,gap_through,,,,,,,0
2026-05-15,INFQ,13.1,12.51,12.88,4.5807453416149055,890623.0,2.044756167821685,0.6610169491525435,13.97,-7.802433786685754,11.22548317823909,0.7715852569825278,-39.47368421052632,5.33703683461241,11643484.15,579,1,12.47247,1,,12.5299,13.1,stop,580.0,595.0,0.5701,0
2026-05-15,IPWR,6.18,5.8,6.18,6.148867313915856,133981.0,2.4715002298724325,0.1581578947368428,7.38,-16.260162601626018,30.35094850948509,0.9241037546319032,-18.145695364238414,13.52687999450017,580826.6,606,1,5.7826,1,,5.83,5.655,lock,607.0,641.0,0.3499999999999996,0
2026-05-15,LWLG,14.35,13.7501,14.12,4.248583569405098,795537.0,1.9947292319296168,0.6662777129521605,14.93,-5.4253181513730775,18.385130609511048,0.2367663667164562,-24.528301886792452,10.64143345733368,10565302.3,598,0,13.7088497,1,,13.67,13.7567,eod,599.0,945.0,0.6799999999999997,1
2026-05-15,MSTU,8.21,7.9601,8.2,3.0475609756097697,1318562.0,1.1533150014486535,0.5198079231692658,8.66,-5.3117782909930815,18.706697459584305,0.6604938271604937,-15.637860082304538,8.524420868802576,39160080.0,576,0,7.9362197,1,,7.96,7.834999999999999,lock,577.0,836.0,0.2500000000000009,0
2026-05-15,NRGV,5.8,5.64,5.77,2.772963604852689,239654.0,1.2656456590192915,0.8124999999999987,6.14,-6.026058631921826,11.563517915309443,0.6338028169014075,-9.843750000000012,7.384203987621084,5065992.8,583,0,5.62308,1,,5.61,5.8,stop,584.0,595.0,0.1899999999999995,1
2026-05-15,NVDG,23.355,22.581,23.24,3.330464716006889,26115.0,1.0134870618972704,0.2183462532299745,24.54,-5.29747351263244,5.741646291768537,0.8800567778566355,-5.945202153061643,5.106547315306041,476485.0,577,0,22.513257,1,,22.53,23.37,stop,578.0,817.0,0.8249999999999993,0
2026-05-15,NVDX,23.33,22.595,23.29,3.155860884499783,1207804.0,1.3046534519705573,0.306122448979594,24.58,-5.248169243287222,5.777054515866551,0.9014084507042248,-5.784789644012944,5.03933207964482,11082880.05,577,0,22.527215,1,,22.545,23.33,stop,578.0,815.0,0.7849999999999966,0
2026-05-15,NVTS,20.75,20.2,20.71,2.6557218734910704,1853921.0,1.3070909907140975,0.2636363636363625,22.32,-7.213261648745517,13.41845878136201,0.6427378964941569,-13.056255247691013,11.10277838594924,42982161.95,575,0,20.1394,1,,20.2599,20.75,stop,576.0,697.0,0.4901000000000017,0
2026-05-15,OKLL,8.62,7.96,8.55,7.719298245614025,837223.0,1.9777405558471477,0.1893939393939409,9.28,-7.866379310344813,9.159482758620689,0.8470588235294108,-42.88577154308617,15.93453798850256,15737901.75,587,1,7.93612,0,ssr_no_uptick,,,,,,,0
2026-05-15,POET,20.27,18.3206,18.39,10.600326264274065,5364492.0,4.314839354880084,0.7691597414589109,20.57,-10.597958191541078,16.645600388915895,0.9299065420560751,-11.629024507448332,19.75862347549796,69099383.95,591,1,18.2656382,1,,18.14,16.7275,eod,592.0,945.0,2.129999999999999,1
2026-05-15,PPTA,29.4,28.6,29.36,2.724795640326966,122861.0,1.249410828841388,0.3499999999999982,31.1,-5.594855305466244,5.948553054662372,0.5405405405405411,-14.026354319180086,4.275303908053259,1307953.45,581,0,28.5142,1,,28.525,28.13,eod,582.0,945.0,0.875,0
2026-05-15,QBTX,14.66,13.68,14.41,6.800832755031232,86976.0,2.18441686328932,0.1224489795918377,15.6,-7.628205128205125,18.589743589743595,0.689655172413793,-28.486352357320094,11.439325797446802,2221323.2,584,1,13.63896,1,,13.68,13.56,eod,585.0,945.0,0.9800000000000004,0
2026-05-15,QUBX,17.5299,16.6,17.43,5.335054503729202,42095.0,2.065945324746,0.2472308850413992,19.27,-9.548521017125063,29.11261027503892,0.6720142602495544,-36.67804984378406,12.56955103035476,662942.6,575,1,16.5502,1,,16.58,15.62,eod,576.0,945.0,0.9499000000000032,0
2026-05-15,RCAX,6.3038,5.89,6.12,6.761437908496734,18211.0,1.569797494881629,1.0,6.53,-6.278713629402759,12.09800918836141,0.7215189873417724,-59.60396039603961,10.563699932813634,325576.5,598,1,5.87233,1,,5.84,6.33,stop,599.0,894.0,0.4638,1
2026-05-15,RGTX,22.28,21.08,22.24,5.395683453237423,37217.0,1.5867103559020128,0.1250000000000014,24.14,-7.870753935376975,19.75973487986744,0.7232704402515723,-23.41571424144023,10.790973241039246,796239.05,586,1,21.01676,0,gap_through,,,,,,,0
2026-05-15,ROBN,20.21,19.52,20.17,3.420922161626184,38418.0,1.076314321123078,0.5434782608695642,21.38,-5.659494855004665,15.948550046772688,0.8181711537333566,-33.10093897492197,8.58748355812748,2009460.15,577,0,19.46144,1,,19.4491,19.64,eod,578.0,945.0,0.7608999999999995,1
2026-05-15,RUM,7.53,7.13,7.24,5.524861878453043,221654.0,2.708307987749358,0.4249999999999994,8.17,-11.383108935128517,11.627906976744178,0.6315789473684211,-16.348931253610623,6.383384097186935,3526602.25,583,1,7.10861,1,,7.1093,7.53,stop,584.0,615.0,0.4207000000000001,0
2026-05-15,SMCX,14.66,14.07,14.45,4.083044982698961,118515.0,1.974200172958266,0.5593220338983054,15.75,-8.253968253968258,13.269841269841256,0.6459330143540674,-24.982218968855943,13.57462903865741,3489779.55,580,0,14.02779,1,,14.3,14.12,lock,581.0,637.0,0.3599999999999994,0
2026-05-15,SMU,13.2786,12.65,13.13,4.787509520182791,106414.0,1.3587161243419423,0.3022589882278068,14.35,-8.501742160278738,14.70383275261325,0.7488151658767769,-38.47235238987816,14.145431965660183,1930065.4,600,1,12.61205,1,,12.56,12.485,eod,601.0,945.0,0.7186000000000003,1
2026-05-15,SPRY,7.75,7.07,7.4,9.189189189189186,178823.0,5.0879615108561485,0.5588235294117648,7.94,-6.801007556675064,7.934508816120917,0.2301587301587306,-22.675026123301983,3.4421475124551493,1813251.7,594,1,7.04879,1,,7.08,7.75,stop,595.0,882.0,0.6699999999999999,0
2026-05-15,TNGX,23.3,22.25,23.1,4.5454545454545485,117479.0,2.0663969298447515,0.1857142857142858,24.87,-7.117008443908321,13.912344189786896,0.7716763005780349,-18.69060190073917,4.836116813409845,3028255.9,575,1,22.18325,0,gap_through,,,,,,,0
2026-05-15,UMAC,16.6,15.2,15.42,9.079118028534385,442345.0,2.3741042202337947,0.9640000000000002,16.93,-8.91907855877141,13.11281748375665,0.9369369369369368,-10.348837209302324,6.569895645938582,3983536.4,599,1,15.1544,1,,15.11,15.87,eod,600.0,945.0,1.490000000000002,1
2026-05-15,WYFI,27.1,25.15,26.8,7.276119402985085,247541.0,2.5054626219296328,0.466666666666666,29.99,-10.636878959653211,25.39179726575525,0.8391332895600786,-14.143841102034276,7.6721684256064195,1672208.9,598,1,25.07455,1,,24.932,24.5601,eod,599.0,945.0,2.168000000000003,1
2026-05-15,XNDU,14.2,13.6165,14.0,4.167857142857136,397625.0,2.1515164532585245,0.6829477292202244,15.13,-7.468605419695972,7.633840052875089,0.6753246753246757,-64.99124781195299,21.003193044637943,8133860.55,598,1,13.5756505,1,,13.585,14.2,stop,599.0,856.0,0.6149999999999984,0
2026-05-18,BRUN,26.99,26.0,26.02,3.8047655649500327,84034.0,1.977907845086047,0.6363636363636364,29.6,-12.0945945945946,18.091216216216218,0.6451914098972925,-17.3968253968254,8.886071320014016,1180606.6,577,1,25.922,1,,25.9299,25.39985,lock,578.0,893.0,1.0600999999999985,0
2026-05-18,CONL,7.74,7.56,7.73,2.3285899094437337,1454248.0,1.409704449722327,0.0555555555555591,8.15,-5.153374233128833,15.21349693251533,0.2338091781595292,-26.868495742667925,9.09976203793845,22762338.15,633,0,7.537319999999999,1,,7.5099,7.57,eod,634.0,945.0,0.2301000000000002,1
2026-05-18,HIMZ,26.32,23.87,26.32,9.30851063829787,83422.0,2.8899195504459194,0.0,28.76,-8.48400556328234,13.24756606397774,0.8372703412073497,-47.88118811881188,10.749877416697764,1330329.6,578,1,23.79839,1,,23.82,23.2,eod,579.0,945.0,2.5,0
2026-05-19,AIIO,5.42,5.12,5.242,5.723006486074015,453881.0,2.3982654675885984,0.2833333333333334,5.6,-6.392857142857138,38.035714285714285,0.6431924882629104,-43.02173913043477,36.3782391436058,32516158.85,581,0,5.10464,1,,5.1379,4.0902,eod,582.0,945.0,0.2820999999999998,0
2026-05-19,APLX,23.95,23.06,23.74,3.748946925021064,66096.0,1.647646876404543,0.7921348314606758,25.77,-7.87737679472255,31.04346138921226,0.2837410467630845,-39.06946184013306,12.652997130724213,1747553.3,586,1,22.99082,0,gap_through,,,,,,,0
2026-05-19,ARMG,17.62,16.3,16.58,7.961399276236432,41319.0,1.8306091215209943,0.8863636363636348,17.46,-5.040091638029797,11.167812142038953,0.9641520077952712,-27.16250054913677,14.038112422056257,3104470.6,618,0,16.2511,1,,16.54,17.62,stop,619.0,675.0,1.0800000000000018,0
2026-05-19,BOT,26.79,25.5,26.54,4.860587792012054,36894.0,2.6177696277090248,0.1317829457364355,28.36,-6.417489421720735,18.864598025387863,0.6261682242990653,-55.01694915254237,27.7871861665197,1060324.5,586,1,25.4235,0,gap_through,,,,,,,0
2026-05-19,CRWU,6.72,6.36,6.4,5.624999999999991,49116.0,1.4148327316029394,0.5275000000000001,7.1668,-10.699335826310206,16.883406820338227,0.6171900826446284,-51.33079847908745,11.524334275010313,1409238.5,585,1,6.340920000000001,1,,6.33,6.72,stop,586.0,841.0,0.3899999999999997,1
2026-05-19,CWVX,29.15,27.55,27.92,5.730659025787958,83679.0,1.7916363730237492,0.5375000000000003,30.99,-9.906421426266528,15.827686350435629,0.6320081549439341,-50.98314606741573,11.413495530799675,1445407.5,585,1,27.46735,1,,27.37,29.15,stop,586.0,841.0,1.7799999999999976,1
2026-05-19,GLWG,24.8799,23.56,23.56,5.602292020373517,30456.0,1.9248381465223827,0.8712781271308445,25.06,-5.98563447725459,23.938946528332,0.2133486689670114,-34.0240828899468,11.164233754709697,1286613.35,605,0,23.48932,1,,23.435,24.8999,stop,606.0,792.0,1.4449000000000005,1
2026-05-19,IONL,25.88,24.4225,25.03,5.823012385137832,28520.0,2.0463342612731648,0.498524871355061,26.74,-6.394913986537014,19.25953627524308,0.4213592233009706,-35.82051282051282,12.37075796155156,1432112.35,602,0,24.3492325,0,gap_through,,,,,,,0
2026-05-19,IRE,22.42,21.55,22.42,3.880463871543269,197147.0,2.118343282531338,0.670114942528733,24.21,-7.393638992151999,19.165634035522512,0.4331896551724141,-46.38928742228599,13.785138692012284,7046438.9,581,1,21.48535,1,,21.51,21.055,lock,582.0,675.0,0.91,0
2026-05-19,IREX,30.135,29.2,29.94,3.122912491649974,27977.0,1.5905677075360676,0.945347593582886,32.75,-8.580152671755721,20.274809160305345,0.4141566265060241,-46.924304201382725,13.719623319713683,1100148.85,581,1,29.1124,1,,29.0,28.4513,lock,582.0,675.0,1.1350000000000016,1
2026-05-19,NBIG,22.7729,21.31,21.64,6.760166358595199,48343.0,1.8910340893419075,0.4101442340556435,23.62,-8.382726502963592,31.37171888230313,0.3400809716599189,-32.87841191066998,14.305241284342966,1117365.15,584,1,21.24607,1,,21.3,22.7729,stop,585.0,751.0,1.4728999999999992,0
2026-05-19,OKLL,6.51,6.26,6.51,3.840245775729647,474814.0,1.8291633604740316,0.4400000000000013,6.97,-6.599713055954089,21.37733142037303,0.308724832214765,-56.51302605210421,16.070066085399624,15155160.1,605,1,6.24122,1,,6.23,6.25,eod,606.0,945.0,0.27999999999999936,1
2026-05-19,QCML,25.62,24.512,24.52,4.518760195758566,69850.0,2.196133056690328,0.4675090252707585,26.52,-7.541478129713424,16.628582202111616,0.5805120297512412,-38.7,13.28844443797054,2773832.0,600,0,24.438464,1,,24.5,25.63,stop,601.0,803.0,1.120000000000001,0
2026-05-19,SHMD,7.45,7.09,7.09,5.077574047954871,40820.0,2.6141484157238013,0.8333333333333321,7.48,-5.213903743315515,13.770053475935832,0.7572815533980584,-8.279430789133253,6.777345167294232,1220681.8,609,0,7.06873,1,,7.05,7.45,stop,610.0,801.0,0.40000000000000036,1
2026-05-19,SMU,10.18,9.7201,10.16,4.526574803149599,57487.0,1.505247666428026,0.1519895629484645,10.7,-5.046728971962609,21.58878504672898,0.2857142857142857,-52.38987816307403,14.28600192888089,1739710.85,584,1,9.6909397,0,gap_through,,,,,,,0
2026-05-19,TE,6.72,6.42,6.605,4.542013626040875,3077945.0,2.7575765262360696,0.7000000000000003,7.0,-5.642857142857137,12.142857142857135,0.7882352941176473,-8.008356545960993,7.550877835111071,19174863.15,578,0,6.40074,1,,6.4363,6.72,stop,579.0,791.0,0.2836999999999996,0
2026-05-20,IREZ,9.96,9.6,9.87,3.6474164133738727,99800.0,1.8129799325881104,0.8333333333333325,10.48,-5.820610687022912,11.545801526717549,0.4710743801652898,-41.109785202863975,13.839572940265402,8369499.7,614,0,9.5712,1,,9.57,8.26,eod,615.0,945.0,0.39000000000000057,1
2026-05-20,SNDQ,8.99,8.72,8.73,3.092783505154634,783994.0,1.6513678909038063,0.8477777777777771,9.5,-8.105263157894733,18.63157894736841,0.0903954802259888,-68.4267631103074,12.68556959377061,20971708.789473683,584,0,8.69384,1,,8.6947,8.99,stop,585.0,586.0,0.295300000000001,0
2026-05-21,BORR,5.9,5.27,5.76,10.937500000000014,2611712.0,3.993159960938561,0.0858730158730158,6.18,-6.796116504854369,3.3414239482200667,0.1283292978208208,-13.448534936138248,3.0547940535286573,6765265.45,575,1,5.25419,0,gap_through,,,,,,,0
2026-05-21,POET,15.0,13.93,14.0,7.642857142857144,2496733.0,2.605985578753471,0.4813084112149536,14.78,-5.277401894451958,8.930987821380246,0.9090909090909084,-32.724651609802976,20.28635183075417,74482330.1,589,0,13.88821,1,,13.9681,15.0,stop,590.0,656.0,1.0319000000000005,0
2026-05-21,RDWU,18.7,17.24,18.59,7.853684776761705,42517.0,2.8018897294406515,0.1232876712328788,19.64,-5.346232179226073,22.50509164969451,0.7782805429864253,-17.597517730496453,16.45679607109095,1140535.15,575,1,17.18828,0,gap_through,,,,,,,0
2026-05-21,RGTZ,9.98,8.1001,9.68,19.42045454545456,684809.0,6.772015900615672,0.0052662375658279,12.25,-20.97959183673469,19.34040816326532,0.2405875400979233,-46.50455927051672,10.90473836242882,3066496.45,575,1,8.0757997,0,gap_through,,,,,,,0
2026-05-22,ASTN,6.5794,6.02,6.55,8.540458015267177,109027.0,2.9583304912641144,0.2145155523775475,6.92,-5.346820809248556,22.39884393063585,0.1548387096774194,-68.5851318944844,14.172195904086063,877113.45,583,1,6.001939999999999,0,gap_through,,,,,,,0
2026-05-22,CAE,25.2,23.925,25.2,5.059523809523804,196304.0,2.000303196169137,0.023529411764704,26.94,-6.458797327394217,2.746844840386037,0.8108108108108144,-7.726107652874403,1.482326921550129,824379.2,615,1,23.853225,0,gap_through,,,,,,,0
2026-05-22,OKLS,18.905,17.25,18.65,8.87399463806971,33550.0,1.9721920065071183,0.0725075528700911,19.83,-5.950579929399899,14.363086232980343,0.0450108840671299,-37.97805121383439,15.10447971937426,805775.5,577,1,17.19825,0,gap_through,,,,,,,0
2026-05-26,AKAN,23.5,22.25,23.12,5.406574394463667,17121.0,1.012469596779583,0.5319999999999994,27.12,-14.749262536873156,26.585545722713867,0.6227461858529821,-70.6970477782608,31.58553044603932,3102173.8,622,1,22.18325,0,gap_through,,,,,,,0
2026-05-26,BMNZ,17.68,16.66,17.43,5.851979345955248,71891.0,1.835369250837358,0.0882352941176469,18.37,-5.1170386499727885,9.798584648884034,0.9333333333333348,-11.836115326251896,7.888481736918562,1138823.55,603,0,16.61002,1,,16.56,17.68,stop,604.0,810.0,1.120000000000001,1
2026-05-26,CRBP,10.0,8.53,9.75,15.076923076923082,199027.0,5.009051879718911,0.1462585034013603,11.35,-14.09691629955947,14.280176211453751,0.0555281342546889,-24.305943730203097,5.985717367864577,342263.3,603,1,8.50441,1,,8.55,7.93,eod,604.0,945.0,1.4499999999999993,0
2026-05-26,MUD,16.17,15.6,16.17,3.5250463821892515,641056.0,1.139206868628304,0.4210526315789462,17.81,-9.20830993823693,4.15496911847278,0.8918918918918897,-44.43298969072165,5.689275744576056,7408671.0,579,1,15.5532,1,,15.5,14.1499,eod,580.0,945.0,0.6700000000000017,1
2026-05-26,SNDQ,7.51,7.11,7.33,5.457025920873117,1328064.0,2.4896985956048736,0.3999999999999987,7.96,-7.914572864321606,6.3442211055276365,0.9207920792079208,-68.79523201362281,12.890630118416563,22836164.25,576,1,7.0886700000000005,1,,7.095,6.887499999999999,lock,577.0,709.0,0.415,0
2026-05-26,SOXS,6.95,6.83,6.89,1.7416545718432528,11615801.0,1.0884832175357688,0.6666666666666666,7.73,-10.866752910737397,7.244501940491597,0.4107142857142861,-57.652120467117385,8.801690641610506,290258451.1,577,1,6.80951,1,,6.809,6.7385,lock,578.0,714.0,0.14100000000000001,1
2026-05-27,AKTX,17.6,16.4357,16.65,6.992792792792798,17808.0,1.5496556536369854,0.8678175727905179,17.81,-6.513194834362719,36.492419988770365,0.638530303263428,-17.407846502606752,59.2813187204555,2168212.0,585,0,16.3863929,0,gap_through,,,,,,,0
2026-05-27,BRAI,10.6499,10.25,10.5,3.808571428571434,22390.0,0.6897939853184913,0.0,12.49,-15.932746196957568,81.18494795836669,0.3984220907297831,-60.54114994363021,23.542162599828835,434879.75,575,1,10.21925,1,,10.195,10.6499,stop,576.0,601.0,0.4549000000000003,1
2026-05-27,IREZ,6.0,5.75,5.75,4.3478260869565215,219816.0,2.315871912775635,0.5399999999999991,6.19,-7.108239095315031,10.98869143780291,0.6030579241399595,-65.69212410501194,14.062906187392604,8677815.75,591,0,5.73275,1,,5.715,5.5725,lock,592.0,611.0,0.28500000000000014,1
2026-05-27,MWC,7.4809,7.11,7.22,5.137119113573404,16434.0,2.598990906908704,0.8447020760312756,7.7,-6.233766233766239,37.01298701298702,0.8421052631578947,-48.2437275985663,29.75361005042247,5691446.0,579,0,7.0886700000000005,1,,7.0729,6.9331,eod,580.0,945.0,0.40800000000000036,1
2026-05-27,PCLA,10.2999,9.64,9.64,6.845435684647288,22097.0,1.8326602746226284,0.9727231398696788,12.0,-19.666666666666664,67.41666666666667,0.7404202719406675,-31.63120567375886,47.826390597067466,4343329.35,599,1,9.61108,0,ssr_no_uptick,,,,,,,0
2026-05-28,MNTS,19.1888,16.7,16.91,14.717918391484336,998526.0,3.7031513428037073,0.9442301510768244,19.5,-13.282051282051285,24.25641025641026,0.4291754756871038,-23.828828828828826,25.426851271936616,8754797.4,603,1,16.6499,0,gap_through,,,,,,,0
2026-05-28,MSTU,5.39,5.0902,5.385,5.5673166202414,1611717.0,1.6112951611661583,0.0493662441627757,5.79,-6.994818652849745,4.872193436960273,0.1063452676355911,-44.598765432098766,7.832483446399799,34289755.35,575,1,5.0749294,1,,5.115,5.39,stop,576.0,767.0,0.2749999999999994,0
2026-05-28,MSTX,24.7593,23.3024,24.71,5.895993524888713,189934.0,1.5850153994595964,0.0669229185256366,26.51,-6.789890607317996,4.937759336099589,0.0611153552330036,-44.63365449249384,7.9614265086313,2606481.25,577,1,23.2324928,0,ssr_no_uptick,,,,,,,0
2026-05-28,PURR,8.0,7.77,7.93,2.900378310214381,704671.0,1.3870740006016422,0.0869565217391322,8.36,-5.143540669856456,4.724880382775115,0.2784810126582267,-13.143483023001108,6.297187583427045,12422821.95,581,0,7.746689999999999,1,,7.745,8.0,stop,582.0,590.0,0.2549999999999999,1
2026-05-28,QTTB,12.2,11.1001,11.71,9.392826643894104,115989.0,4.10604075422652,0.1660150922811172,12.85,-8.87159533073929,31.1284046692607,0.9249999999999998,-10.95057034220532,19.158806714984834,1308300.0,576,1,11.0667997,0,gap_through,,,,,,,0
2026-05-28,SIDU,5.1271,4.95,5.065,3.496544916090824,4161279.0,1.5448067095410143,0.780914737436476,6.085,-16.762530813475752,19.884963023829087,0.4173553719008264,-25.40500736377024,10.086158179573342,24292714.6,593,1,4.93515,1,,4.935,5.1271,stop,594.0,697.0,0.19210000000000083,1
2026-05-29,ATPC,5.8499,5.56,5.62,5.158362989323848,36483.0,1.5088763834887364,0.7919972404277346,6.07,-7.413509060955521,49.09390444810544,0.1845637583892619,-33.88235294117647,30.5273074685758,5868807.35,626,0,5.54332,1,,5.51,5.0323,eod,627.0,945.0,0.3399000000000001,1
2026-05-29,CPSH,10.3958,9.49,10.35,8.751690821256032,443656.0,3.969526842081207,0.0662397880326789,11.1,-6.756756756756757,25.315315315315303,0.6405693950177935,-28.075052119527456,21.89747845041132,2913812.65,575,1,9.46153,1,,9.42,9.1099,eod,576.0,945.0,0.9757999999999996,1
2026-05-29,ECHX,18.15,16.9502,17.87,6.714045886961387,57902.0,2.035613584444292,0.1652775462577094,19.44,-8.0761316872428,16.97530864197531,0.9515151515151516,-28.49139655862344,7.376624507548138,456907.2,576,1,16.8993494,1,,16.835,18.15,stop,577.0,689.0,1.3149999999999977,1
2026-05-29,INV,5.75,5.42,5.48,6.021897810218979,393618.0,3.188990519051127,0.2424242424242426,5.87,-6.643952299829636,10.391822827938675,0.3934426229508198,-30.27989821882952,6.506480436166838,2815629.85,581,0,5.40374,1,,5.42,5.75,stop,582.0,696.0,0.33,0
2026-05-29,ONDG,9.1,8.33,8.7,8.850574712643674,163075.0,4.117643086363207,0.1883116883116878,9.39,-7.348242811501611,32.6027689030884,0.774155615078069,-13.70246195964847,17.87675632080918,1355516.4,575,1,8.30501,1,,8.285,9.1,stop,576.0,928.0,0.8149999999999995,1
2026-05-29,ONDL,25.0,22.5801,24.01,10.078717201166173,196041.0,4.594056289335911,0.2478614818794159,25.74,-6.721056721056709,32.47863247863248,0.7930622009569377,-12.5955587914088,17.925627743704467,1895977.1,575,1,22.5123597,1,,22.6507,25.0,stop,576.0,929.0,2.3492999999999995,0
2026-05-29,ONDU,14.6,13.36,14.06,8.819345661450924,33043.0,3.8542646062632566,0.1808064516129029,15.13,-7.072042300066094,32.13417052214143,0.7902054752257351,-12.941176470588225,18.0465167301754,188538.3,575,1,13.31992,1,,13.25,14.6,stop,576.0,929.0,1.3499999999999996,1
2026-05-29,PLTZ,25.785,24.475,24.955,5.249449008214782,33913.0,1.5456991403224327,0.2022900763358757,26.77,-6.779977586850958,18.78931639895406,0.0039563410803395,-26.646090534979432,6.155703415170923,496411.2,576,0,24.401575,1,,24.44,21.79,eod,577.0,945.0,1.3449999999999989,0
2026-05-29,QBTX,24.17,22.28,24.0,7.875000000000003,152471.0,2.6546228255929427,0.0793650793650785,25.27,-5.025722200237434,20.265927977839343,0.7598219167382645,-16.637721431052448,19.17414950613648,3136282.1,580,1,22.21316,0,gap_through,,,,,,,0
2026-05-29,RCAX,11.37,9.86,11.33,13.327449249779344,167502.0,4.443691225012008,0.2980132450331133,12.48,-9.214743589743591,34.85496794871795,0.7080622543046967,-17.59940072291435,18.418405063310875,536314.15,576,1,9.83042,1,,9.95,11.37,stop,577.0,672.0,1.42,0
2026-05-29,RDW,23.98,23.03,23.89,3.976559229803262,3390005.0,2.33262471832034,0.3895789473684184,25.9,-7.7606177606177535,14.787644787644796,0.8067885117493468,-10.322822822822822,9.197913040254123,51268464.2,604,1,22.96091,1,,22.9,23.98,stop,605.0,728.0,1.0800000000000018,1
2026-05-29,SATG,18.15,16.9502,17.87,6.714045886961387,57902.0,2.035613584444292,0.1652775462577094,19.44,-8.0761316872428,16.97530864197531,0.9515151515151516,-28.49139655862344,7.376624507548138,456907.2,576,1,16.8993494,1,,16.835,18.15,stop,577.0,689.0,1.3149999999999977,1
2026-05-29,SMCZ,7.0,6.28,6.865,10.48798252002913,239227.0,3.2405454894203887,0.3055555555555553,8.1425,-15.689284617746392,36.84372121584279,0.3708333333333334,-76.67346245327896,13.32945341504404,1059398.85,576,1,6.26116,0,gap_through,,,,,,,0
2026-05-29,SNDQ,6.21,5.94,6.0,4.499999999999993,1032362.0,1.9366629337992949,0.8333333333333334,6.32,-5.06329113924051,18.321202531645564,0.3954572933759396,-70.4287826515525,12.487123394089128,26714251.7,592,0,5.92218,1,,5.94,6.21,stop,593.0,641.0,0.2699999999999996,0
2026-05-29,SPRC,10.11,9.0,10.0,11.099999999999994,55888.0,4.479383746859234,0.9009009009009014,10.55,-5.213270142180101,52.60568720379148,0.0810645236851116,-36.102236421725244,32.55404912850092,1805372.2,616,1,8.973,0,gap_through,,,,,,,0
