day,symbol,spec_rr_csv,why_csv,V0_rr,V0_why,V0_exit_m,V1_rr,V1_why,V1_exit_m,V2_rr,V2_why,V2_exit_m,V3_rr,V3_why,V3_exit_m
2025-02-07,HIMS,2.0,target,1.999999999999991,target,625,1.999999999999991,target,625,1.999999999999991,target,625,1.999999999999991,target,625
2025-02-07,NBIS,2.0,target,2.0,target,790,2.0,target,790,2.0,target,790,2.0,target,790
2025-02-07,NNE,-1.0455769230769238,stop,-1.0455769230769238,stop,602,-1.0455769230769238,stop,602,-1.0455769230769238,stop,602,-1.0455769230769238,stop,602
2025-02-07,PLTU,-1.0451960091130488,stop,-1.0451960091130488,stop,868,-1.0451960091130488,stop,868,-1.0451960091130488,stop,868,-1.0451960091130488,stop,868
2025-02-07,RIOX,-1.1227345688019887,stop,-1.1227345688019887,stop,833,-1.1227345688019887,stop,833,-1.1227345688019887,stop,833,-1.1227345688019887,stop,833
2025-02-07,SMCX,-1.0374537762943423,stop,-1.0374537762943425,stop,600,-1.0374537762943425,stop,600,-1.0374537762943425,stop,600,-1.0374537762943425,stop,600
2025-02-07,SPIR,-1.0312718507981664,stop,-1.0312718507981664,stop,600,-1.0312718507981664,stop,600,-1.0312718507981664,stop,600,-1.0312718507981664,stop,600
2025-02-07,TSLL,-1.0385932203389852,stop,-1.0385932203389852,stop,600,-1.0385932203389852,stop,600,-1.0385932203389852,stop,600,-1.0385932203389852,stop,600
2025-02-07,VCTR,-0.2195202103187655,eod,-0.2195202103187655,eod,955,-0.2195202103187655,eod,955,-0.2195202103187655,eod,955,-0.2195202103187655,eod,955
2025-02-13,AAOI,-1.0789076556449255,stop,-1.0789076556449257,stop,717,-1.0789076556449257,stop,717,-1.0789076556449257,stop,717,-1.0789076556449257,stop,717
2025-02-13,ASND,-0.8122205663189294,eod,-0.8122205663189294,eod,955,-0.8122205663189294,eod,955,-0.8122205663189294,eod,955,-0.8122205663189294,eod,955
2025-02-13,ATEX,1.8152173913043463,eod,1.8152173913043463,eod,955,1.8152173913043463,eod,955,1.8152173913043463,eod,955,1.8152173913043463,eod,955
2025-02-13,CONL,2.0,target,2.0,target,643,2.0,target,643,2.0,target,643,2.0,target,643
2025-02-13,CSAI,-1.043915681890769,stop,-1.0439156818907693,stop,668,-1.0439156818907693,stop,668,-1.0439156818907693,stop,668,-1.0439156818907693,stop,668
2025-02-13,EH,-1.067236842105261,stop,-1.067236842105261,stop,689,-1.067236842105261,stop,689,-1.067236842105261,stop,689,-1.067236842105261,stop,689
2025-02-13,ESTA,-1.0814358974358942,stop,-1.0814358974358942,stop,704,-1.0814358974358942,stop,704,-1.0814358974358942,stop,704,-1.0814358974358942,stop,704
2025-02-13,GRAL,2.0,target,2.0,target,595,2.0,target,595,2.0,target,595,2.0,target,595
2025-02-13,GRRR,2.0,target,2.0,target,910,2.0,target,910,2.0,target,910,2.0,target,910
2025-02-13,HOOD,-1.037425219941347,stop,-1.037425219941347,stop,586,-1.037425219941347,stop,586,-1.037425219941347,stop,586,-1.037425219941347,stop,586
2025-02-13,LMND,2.0,target,2.0,target,616,2.0,target,616,2.0,target,615,2.0,target,616
2025-02-13,PLMR,2.0,target,2.0000000000000084,target,598,2.0000000000000084,target,594,2.0000000000000084,target,594,2.0000000000000084,target,598
2025-02-13,PZZA,2.0,target,2.0,target,797,2.0,target,771,2.0,target,771,2.0,target,797
2025-02-13,RIOX,-1.1069351420093254,stop,-1.1069351420093254,stop,625,-1.1069351420093254,stop,625,-1.1069351420093254,stop,625,-1.1069351420093254,stop,625
2025-02-13,ROOT,2.0,target,2.0,target,658,2.0,target,646,2.0,target,646,2.0,target,658
2025-02-13,SERV,-1.040720221606646,stop,-1.040720221606646,stop,607,-1.040720221606646,stop,607,-1.040720221606646,stop,607,-1.040720221606646,stop,607
2025-02-13,SEZL,-1.2091928081557015,stop,-1.2091928081557017,stop,789,-1.2091928081557017,stop,789,-1.2091928081557017,stop,789,-1.2091928081557017,stop,789
2025-02-13,SMCI,2.0,target,2.0,target,837,2.0,target,837,2.0,target,837,2.0,target,837
2025-02-13,SMCL,2.0,target,2.0,target,729,2.0,target,729,2.0,target,729,2.0,target,729
2025-02-13,SMCX,2.0,target,2.0,target,729,2.0,target,729,2.0,target,729,2.0,target,729
2025-02-13,SMMT,2.0,target,1.9999999999999936,target,856,1.9999999999999936,target,855,1.9999999999999936,target,855,1.9999999999999936,target,856
2025-02-13,SOC,-1.087457142857141,stop,-1.0874571428571407,stop,943,-1.0874571428571407,stop,943,-1.0874571428571407,stop,943,-1.0874571428571407,stop,943
2025-02-13,TEM,-0.0649717514124266,eod,-0.06497175141242663,eod,955,-0.06497175141242663,eod,955,-0.06497175141242663,eod,955,-0.06497175141242663,eod,955
2025-02-13,TSLL,-1.0864293170943824,stop,-1.0864293170943824,stop,670,-1.0864293170943824,stop,670,-1.0864293170943824,stop,670,-1.0864293170943824,stop,670
2025-02-13,TSLT,-1.089129032258059,stop,-1.089129032258059,stop,665,-1.089129032258059,stop,665,-1.089129032258059,stop,665,-1.089129032258059,stop,665
2025-02-13,WFRD,2.0,target,2.0,target,739,2.0,target,739,2.0,target,739,2.0,target,739
2025-02-14,ALGS,-1.0645882352941176,stop,-1.0645882352941176,stop,685,-1.0645882352941176,stop,685,-1.0645882352941176,stop,685,-1.0645882352941176,stop,685
2025-02-14,ANAB,2.0,target,1.9999999999999873,target,690,1.9999999999999873,target,690,1.9999999999999873,target,690,1.9999999999999873,target,690
2025-02-14,APP,-1.058154937906562,stop,-1.058154937906562,stop,719,-1.058154937906562,stop,719,-1.058154937906562,stop,719,-1.058154937906562,stop,719
2025-02-14,ASTS,0.3212290502793247,eod,0.32122905027932475,eod,955,0.32122905027932475,eod,955,0.32122905027932475,eod,955,0.32122905027932475,eod,955
2025-02-14,BBIO,2.0,target,2.0,target,914,2.0,target,914,2.0,target,914,2.0,target,914
2025-02-14,CYTK,-1.0652741131632977,stop,-1.0652741131632977,stop,851,-1.0652741131632977,stop,851,-1.0652741131632977,stop,851,-1.0652741131632977,stop,851
2025-02-14,GRAL,-1.0711812500000075,stop,-1.0711812500000077,stop,597,-1.0711812500000077,stop,597,-1.0711812500000077,stop,597,-1.0711812500000077,stop,597
2025-02-14,SMCI,1.3059316791532147,eod,1.3059316791532147,eod,955,1.3059316791532147,eod,955,1.3059316791532147,eod,955,1.3059316791532147,eod,955
2025-02-14,SMCL,-1.1263418803418763,stop,-1.1263418803418765,stop,788,-1.1263418803418765,stop,788,-1.1263418803418765,stop,788,-1.1263418803418765,stop,788
2025-02-14,SMCX,-1.0542877697841777,stop,-1.0542877697841775,stop,676,2.0,target,604,2.0,target,604,-1.0542877697841775,stop,676
2025-02-14,SOFX,2.0,target,2.0,target,662,2.0,target,662,2.0,target,662,2.0,target,662
2025-02-18,BKSY,-1.0512207792207775,stop,-1.0512207792207777,stop,683,-1.0512207792207777,stop,683,-1.0512207792207777,stop,683,-1.0512207792207777,stop,683
2025-02-18,CRS,1.0348583877995634,eod,1.0348583877995634,eod,955,1.0348583877995634,eod,955,1.0348583877995634,eod,955,1.0348583877995634,eod,955
2025-02-18,FWRG,2.0,target,2.0,target,659,2.0,target,659,2.0,target,659,2.0,target,659
2025-02-18,LUNR,-1.0671669793621024,stop,-1.0671669793621024,stop,615,-1.0671669793621024,stop,615,-1.0671669793621024,stop,615,-1.0671669793621024,stop,615
2025-02-18,MRNA,2.0,target,2.0,target,649,2.0,target,649,2.0,target,649,2.0,target,649
2025-02-18,MUU,2.0,target,2.0,target,925,2.0,target,925,2.0,target,925,2.0,target,925
2025-02-18,NNE,-1.0453274169692073,stop,-1.0453274169692073,stop,594,-1.0453274169692073,stop,594,-1.0453274169692073,stop,594,-1.0453274169692073,stop,594
2025-02-18,SMCI,0.7540983606557193,eod,0.7540983606557193,eod,955,0.7540983606557193,eod,955,0.7540983606557193,eod,955,0.7540983606557193,eod,955
2025-02-18,SMCX,0.9411764705882408,eod,0.9411764705882409,eod,955,0.9411764705882409,eod,955,0.9411764705882409,eod,955,0.9411764705882409,eod,955
2025-02-18,TGS,1.382352941176463,eod,1.382352941176463,eod,955,1.382352941176463,eod,955,1.382352941176463,eod,955,1.382352941176463,eod,955
2025-02-18,WGS,2.0,target,1.9999999999999925,target,948,1.9999999999999925,target,927,1.9999999999999925,target,927,1.9999999999999925,target,948
2025-02-18,ZETA,-1.044859649122804,stop,-1.044859649122804,stop,727,-1.044859649122804,stop,727,-1.044859649122804,stop,727,-1.044859649122804,stop,727
2025-02-24,FDP,-0.5757575757575718,eod,-0.5757575757575718,eod,955,-0.5757575757575718,eod,955,-0.5757575757575718,eod,955,-0.5757575757575718,eod,955
2025-02-24,GRAL,2.0,target,2.0,target,756,2.0,target,754,2.0,target,754,2.0,target,756
2025-02-24,HIMS,2.0,target,2.0000000000000084,target,835,2.0000000000000084,target,835,2.0000000000000084,target,835,2.0000000000000084,target,835
2025-02-24,MSTZ,2.0,target,2.0,target,595,2.0,target,595,2.0,target,595,2.0,target,595
2025-02-24,NVD,-1.0408697619047669,stop,-1.0408697619047669,stop,614,-1.0408697619047669,stop,614,-1.0408697619047669,stop,614,-1.0408697619047669,stop,614
2025-02-24,SMCL,-1.023295597484275,stop,-1.023295597484275,stop,593,-1.023295597484275,stop,593,-1.023295597484275,stop,593,-1.023295597484275,stop,593
2025-02-24,TSDD,-1.0364710743801675,stop,-1.0364710743801675,stop,687,-1.0364710743801675,stop,687,-1.0364710743801675,stop,687,-1.0364710743801675,stop,687
2025-02-24,TSLQ,-1.035636511651575,stop,-1.0356365116515753,stop,687,-1.0356365116515753,stop,687,-1.0356365116515753,stop,687,-1.0356365116515753,stop,687
2025-02-24,UVIX,2.0,target,2.0,target,606,2.0,target,605,2.0,target,605,2.0,target,606
2025-02-25,AS,-1.0552399999999975,stop,-1.0552399999999977,stop,601,-1.0552399999999977,stop,601,-1.0552399999999977,stop,601,-1.0552399999999977,stop,601
2025-02-25,CECO,-1.0563333333333325,stop,-1.0563333333333325,stop,718,-1.0563333333333325,stop,718,-1.0563333333333325,stop,718,-1.0563333333333325,stop,718
2025-02-25,ECG,2.0,target,2.0,target,879,2.0,target,879,2.0,target,879,2.0,target,879
2025-02-25,IART,2.0,target,2.0,target,597,2.0,target,597,2.0,target,597,2.0,target,597
2025-02-25,NAIL,-1.0937349702569337,stop,-1.0937349702569337,stop,662,-1.0937349702569337,stop,662,-1.0937349702569337,stop,662,-1.0937349702569337,stop,662
2025-02-25,TSDD,0.7177259420153077,eod,0.7177259420153077,eod,955,0.7177259420153077,eod,955,0.7177259420153077,eod,955,0.7177259420153077,eod,955
2025-02-25,TSLQ,2.0,target,2.0,target,600,2.0,target,600,2.0,target,600,2.0,target,600
2025-02-25,UVIX,-1.0294392523364495,stop,-1.0294392523364497,stop,652,-1.0294392523364497,stop,652,-1.0294392523364497,stop,652,-1.0294392523364497,stop,652
2025-02-25,UVXY,-1.036935716865291,stop,-1.036935716865291,stop,639,-1.036935716865291,stop,639,-1.036935716865291,stop,639,-1.036935716865291,stop,639
2025-02-26,AAOI,-1.0558085106383015,stop,-1.0558085106383017,stop,620,-1.0558085106383017,stop,620,-1.0558085106383017,stop,620,-1.0558085106383017,stop,620
2025-02-26,ASTS,-1.0261015406793392,stop,-1.0261015406793392,stop,718,-1.0261015406793392,stop,718,-1.0261015406793392,stop,718,-1.0261015406793392,stop,718
2025-02-26,BITU,-1.0499999999999992,stop,-1.0499999999999992,stop,658,-1.0499999999999992,stop,658,-1.0499999999999992,stop,658,-1.0499999999999992,stop,658
2025-02-26,CRWL,-1.058601425544217,stop,-1.058601425544217,stop,845,-1.058601425544217,stop,845,-1.058601425544217,stop,845,-1.058601425544217,stop,845
2025-02-26,DOCN,-1.0908421052631516,stop,-1.0908421052631516,stop,838,-1.0908421052631516,stop,838,-1.0908421052631516,stop,838,-1.0908421052631516,stop,838
2025-02-26,DXYZ,-1.0808387658227905,stop,-1.0808387658227903,stop,607,-1.0808387658227903,stop,607,-1.0808387658227903,stop,607,-1.0808387658227903,stop,607
2025-02-26,GDXU,2.0,target,2.0000000000000107,target,664,2.0000000000000107,target,663,2.0000000000000107,target,663,2.0000000000000107,target,664
2025-02-26,GRAL,-1.0361919999999998,stop,-1.0361919999999998,stop,657,-1.0361919999999998,stop,657,-1.0361919999999998,stop,657,-1.0361919999999998,stop,657
2025-02-26,HIMS,-1.0406386190979904,stop,-1.0406386190979904,stop,734,-1.0406386190979904,stop,734,-1.0406386190979904,stop,734,-1.0406386190979904,stop,734
2025-02-26,IMCR,1.2112676056338003,eod,1.2112676056338005,eod,955,1.2112676056338005,eod,955,1.2112676056338005,eod,955,1.2112676056338005,eod,955
2025-02-26,INOD,-1.0608616562948765,stop,-1.0608616562948763,stop,593,-1.0608616562948763,stop,593,-1.0608616562948763,stop,593,-1.0608616562948763,stop,593
2025-02-26,LNTH,-1.0949800000000067,stop,-1.0949800000000067,stop,709,-1.0949800000000067,stop,709,-1.0949800000000067,stop,709,-1.0949800000000067,stop,709
2025-02-26,MGPI,-1.023093525179856,stop,-1.0230935251798559,stop,952,-1.0230935251798559,stop,952,-1.0230935251798559,stop,952,-1.0230935251798559,stop,952
2025-02-26,MSTX,2.0,target,2.0000000000000067,target,697,2.0000000000000067,target,697,2.0000000000000067,target,697,2.0000000000000067,target,697
2025-02-26,MSTY,-1.067505030181092,stop,-1.067505030181092,stop,720,-1.067505030181092,stop,720,-1.067505030181092,stop,720,-1.067505030181092,stop,720
2025-02-26,NRG,2.0,target,2.0,target,637,2.0,target,637,2.0,target,637,2.0,target,637
2025-02-26,NVCR,-1.0914374999999954,stop,-1.0914374999999954,stop,642,-1.0914374999999954,stop,642,-1.0914374999999954,stop,642,-1.0914374999999954,stop,642
2025-02-26,OKLO,-1.0871951219512206,stop,-1.0871951219512206,stop,624,-1.0871951219512206,stop,624,-1.0871951219512206,stop,624,-1.0871951219512206,stop,624
2025-02-26,TEM,1.9999999999999944,target,1.9999999999999944,target,664,1.9999999999999944,target,664,1.9999999999999944,target,664,1.9999999999999944,target,664
2025-02-26,TSDD,-1.0315384615384615,stop,-1.0315384615384615,stop,638,-1.0315384615384615,stop,638,-1.0315384615384615,stop,638,-1.0315384615384615,stop,638
2025-02-26,TSLQ,-1.0298169014084528,stop,-1.0298169014084528,stop,638,-1.0298169014084528,stop,638,-1.0298169014084528,stop,638,-1.0298169014084528,stop,638
2025-03-04,ACMR,2.0,target,2.0,target,910,2.0,target,908,2.0,target,908,2.0,target,910
2025-03-04,ALAB,2.0,target,2.0,target,788,2.0,target,788,2.0,target,788,2.0,target,788
2025-03-04,ASTS,2.0,target,2.0,target,832,2.0,target,831,2.0,target,831,2.0,target,832
2025-03-04,BE,-1.089745098039211,stop,-1.089745098039211,stop,933,-1.089745098039211,stop,933,-1.089745098039211,stop,933,-1.089745098039211,stop,933
2025-03-04,BITU,2.0,target,2.0,target,790,2.0,target,790,2.0,target,790,2.0,target,790
2025-03-04,BITX,2.0,target,2.000000000000011,target,836,2.000000000000011,target,836,2.000000000000011,target,836,2.000000000000011,target,836
2025-03-04,BTCL,2.0,target,2.0,target,836,2.0,target,836,2.0,target,836,2.0,target,836
2025-03-04,CELH,-1.086710535061482,stop,-1.0867105350614819,stop,853,-1.0867105350614819,stop,853,-1.0867105350614819,stop,853,-1.0867105350614819,stop,853
2025-03-04,COIN,-1.0757163636363678,stop,-1.0757163636363678,stop,803,-1.0757163636363678,stop,803,-1.0757163636363678,stop,803,-1.0757163636363678,stop,803
2025-03-04,CONL,2.0,target,2.000000000000005,target,841,2.000000000000005,target,838,2.000000000000005,target,838,2.000000000000005,target,841
2025-03-04,CRDO,2.0,target,2.0,target,842,2.0,target,842,2.0,target,842,2.0,target,842
2025-03-04,CSTL,2.0,target,2.0,target,918,2.0,target,918,2.0,target,918,2.0,target,918
2025-03-04,DQ,-1.048780487804877,stop,-1.048780487804877,stop,657,-1.048780487804877,stop,657,-1.048780487804877,stop,657,-1.048780487804877,stop,657
2025-03-04,GDS,2.0,target,2.0,target,762,2.0,target,760,2.0,target,760,2.0,target,762
2025-03-04,GRAL,2.0,target,2.0,target,641,2.0,target,641,2.0,target,641,2.0,target,641
2025-03-04,HIBS,-1.061526315789472,stop,-1.061526315789472,stop,633,-1.061526315789472,stop,633,-1.061526315789472,stop,633,-1.061526315789472,stop,633
2025-03-04,IPI,-1.055735632183909,stop,-1.0557356321839093,stop,769,-1.0557356321839093,stop,769,-1.0557356321839093,stop,769,-1.0557356321839093,stop,769
2025-03-04,LABU,2.0,target,2.0,target,920,2.0,target,920,2.0,target,920,2.0,target,920
2025-03-04,LMND,2.0,target,2.000000000000016,target,859,2.000000000000016,target,858,2.000000000000016,target,858,2.000000000000016,target,859
2025-03-04,MRVL,-1.08517307692307,stop,-1.0851730769230699,stop,808,-1.0851730769230699,stop,808,-1.0851730769230699,stop,808,-1.0851730769230699,stop,808
2025-03-04,MSTX,2.0,target,2.0000000000000084,target,757,2.0000000000000084,target,756,2.0000000000000084,target,756,2.0000000000000084,target,757
2025-03-04,NBIS,2.0,target,2.0,target,794,2.0,target,792,2.0,target,792,2.0,target,794
2025-03-04,NVDL,2.0,target,1.9999999999999927,target,843,1.9999999999999927,target,842,1.9999999999999927,target,842,1.9999999999999927,target,843
2025-03-04,NVDU,2.0,target,2.0,target,793,2.0,target,792,2.0,target,792,2.0,target,793
2025-03-04,PRAX,-1.098355555555575,stop,-1.098355555555575,stop,710,-1.098355555555575,stop,710,-1.098355555555575,stop,710,-1.098355555555575,stop,710
2025-03-04,ROOT,0.5390624999999978,eod,0.5390624999999978,eod,955,2.0,target,922,2.0,target,922,0.5390624999999978,eod,955
2025-03-04,SMCI,2.0,target,2.0,target,737,2.0,target,737,2.0,target,737,2.0,target,737
2025-03-04,SMCX,2.0,target,2.0,target,737,2.0,target,737,2.0,target,737,2.0,target,737
2025-03-04,SOXL,2.0,target,2.0,target,921,2.0,target,913,2.0,target,913,2.0,target,921
2025-03-04,SOXS,-1.0725354068314326,stop,-1.0725354068314326,stop,635,-1.0725354068314326,stop,635,-1.0725354068314326,stop,635,-1.0725354068314326,stop,635
2025-03-04,SYM,2.0,target,2.0,target,823,2.0,target,822,2.0,target,822,2.0,target,823
2025-03-04,TARK,-0.3090277777777769,eod,-0.30902777777777696,eod,955,-0.30902777777777696,eod,955,-0.30902777777777696,eod,955,-0.30902777777777696,eod,955
2025-03-04,TECL,-1.0956843421052616,stop,-1.0956843421052616,stop,873,-1.0956843421052616,stop,873,-1.0956843421052616,stop,873,-1.0956843421052616,stop,873
2025-03-04,TNA,-1.0851749999999998,stop,-1.0851749999999998,stop,931,-1.0851749999999998,stop,931,-1.0851749999999998,stop,931,-1.0851749999999998,stop,931
2025-03-04,TSDD,-1.0552631578947351,stop,-1.0552631578947353,stop,703,-1.0552631578947353,stop,703,-1.0552631578947353,stop,703,-1.0552631578947353,stop,703
2025-03-04,TSLQ,-1.0315632162997983,stop,-1.0315632162997983,stop,703,-1.0315632162997983,stop,703,-1.0315632162997983,stop,703,-1.0315632162997983,stop,703
2025-03-04,TSMX,-1.3901878114220043,stop,-1.3901878114220045,stop,810,-1.3901878114220045,stop,810,-1.3901878114220045,stop,810,-1.3901878114220045,stop,810
2025-03-04,TWST,-1.1857659574467985,stop,-1.1857659574467985,stop,802,-1.1857659574467985,stop,802,-1.1857659574467985,stop,802,-1.1857659574467985,stop,802
2025-03-04,U,-1.0945000000000031,stop,-1.0945000000000031,stop,953,-1.0945000000000031,stop,953,-1.0945000000000031,stop,953,-1.0945000000000031,stop,953
2025-03-04,URTY,-1.0889357920462155,stop,-1.0889357920462157,stop,931,-1.0889357920462157,stop,931,-1.0889357920462157,stop,931,-1.0889357920462157,stop,931
2025-03-04,USD,-1.0574979752116846,stop,-1.0574979752116846,stop,753,-1.0574979752116846,stop,753,-1.0574979752116846,stop,753,-1.0574979752116846,stop,753
2025-03-04,UVIX,2.0,target,2.0,target,618,2.0,target,618,2.0,target,618,2.0,target,618
2025-03-04,UVXY,-1.054850828729278,stop,-1.054850828729278,stop,645,1.9999999999999922,target,622,1.9999999999999922,target,622,-1.054850828729278,stop,645
2025-03-04,VIXY,-1.0390867924528278,stop,-1.0390867924528278,stop,633,-1.0390867924528278,stop,633,-1.0390867924528278,stop,633,-1.0390867924528278,stop,633
2025-03-04,VST,-1.06771808510638,stop,-1.06771808510638,stop,940,-1.06771808510638,stop,940,-1.06771808510638,stop,940,-1.06771808510638,stop,940
2025-03-04,VXX,-1.0383188405797117,stop,-1.0383188405797117,stop,632,-1.0383188405797117,stop,632,-1.0383188405797117,stop,632,-1.0383188405797117,stop,632
2025-03-06,ASTS,-1.024816479400749,stop,-1.024816479400749,stop,726,-1.024816479400749,stop,726,-1.024816479400749,stop,726,-1.024816479400749,stop,726
2025-03-06,BJ,-1.060472222222224,stop,-1.060472222222224,stop,625,-1.060472222222224,stop,625,-1.060472222222224,stop,625,-1.060472222222224,stop,625
2025-03-06,CONL,2.0,target,2.0000000000000067,target,617,2.0000000000000067,target,607,2.0000000000000067,target,607,2.0000000000000067,target,617
2025-03-06,EWTX,2.0,target,2.0,target,802,2.0,target,801,2.0,target,801,2.0,target,802
2025-03-06,IBTA,2.0,target,2.0,target,797,2.0,target,797,2.0,target,797,2.0,target,797
2025-03-06,SG,-1.0300389610389589,stop,-1.0300389610389589,stop,926,-1.0300389610389589,stop,926,-1.0300389610389589,stop,926,-1.0300389610389589,stop,926
2025-03-06,SMCX,2.0,target,2.0,target,643,2.0,target,640,2.0,target,640,2.0,target,643
2025-03-06,SOXL,-1.0693728813559369,stop,-1.0693728813559369,stop,655,-1.0693728813559369,stop,655,-1.0693728813559369,stop,655,-1.0693728813559369,stop,655
2025-03-06,STVN,-1.0764074074074097,stop,-1.0764074074074097,stop,886,-1.0764074074074097,stop,886,-1.0764074074074097,stop,886,-1.0764074074074097,stop,886
2025-03-06,TSLQ,-1.0471727272727274,stop,-1.0471727272727274,stop,591,-1.0471727272727274,stop,591,-1.0471727272727274,stop,591,-1.0471727272727274,stop,591
2025-03-06,UVXY,-1.0779687500000017,stop,-1.0779687500000015,stop,886,-1.0779687500000015,stop,886,-1.0779687500000015,stop,886,-1.0779687500000015,stop,886
2025-03-06,VKTX,2.0,target,2.0,target,637,2.0,target,637,2.0,target,637,2.0,target,637
2025-03-17,AAOI,-1.0249450549450554,stop,-1.0249450549450554,stop,616,-1.0249450549450554,stop,616,-1.0249450549450554,stop,616,-1.0249450549450554,stop,616
2025-03-17,BABX,2.0,target,2.0,target,596,2.0,target,596,2.0,target,596,2.0,target,596
2025-03-17,CALM,2.0,target,2.0000000000000107,target,880,2.0000000000000107,target,878,2.0000000000000107,target,878,2.0000000000000107,target,880
2025-03-17,HOOD,-1.0757777777777775,stop,-1.0757777777777777,stop,753,-1.0757777777777777,stop,753,-1.0757777777777777,stop,753,-1.0757777777777777,stop,753
2025-03-17,HSAI,0.3758865248226967,eod,0.37588652482269674,eod,955,0.37588652482269674,eod,955,0.37588652482269674,eod,955,0.37588652482269674,eod,955
2025-03-17,INTW,0.1625000000000037,eod,0.16250000000000378,eod,956,0.16250000000000378,eod,956,0.16250000000000378,eod,956,0.16250000000000378,eod,956
2025-03-17,IPI,0.6190476190476119,eod,0.6190476190476119,eod,955,0.6190476190476119,eod,955,0.6190476190476119,eod,955,0.6190476190476119,eod,955
2025-03-17,KMTS,-1.0262289156626507,stop,-1.0262289156626507,stop,598,-1.0262289156626507,stop,598,-1.0262289156626507,stop,598,-1.0262289156626507,stop,598
2025-03-17,PSIX,-1.2303987499999969,stop,-1.2303987499999969,stop,624,-1.2303987499999969,stop,624,-1.2303987499999969,stop,624,-1.2303987499999969,stop,624
2025-03-17,RDDT,2.0,target,2.0,target,909,2.0,target,906,2.0,target,906,2.0,target,909
2025-03-17,SOXL,0.4753565173880406,eod,0.47535651738804063,eod,955,0.47535651738804063,eod,955,0.47535651738804063,eod,955,0.47535651738804063,eod,955
2025-03-17,TEM,-1.064845637583894,stop,-1.064845637583894,stop,694,-1.064845637583894,stop,694,-1.064845637583894,stop,694,-1.064845637583894,stop,694
2025-03-17,TSDD,-0.2992063492063492,eod,-0.2992063492063492,eod,955,-0.2992063492063492,eod,955,-0.2992063492063492,eod,955,-0.2992063492063492,eod,955
2025-03-17,TSLQ,-0.2549019607843139,eod,-0.25490196078431393,eod,955,-0.25490196078431393,eod,955,-0.25490196078431393,eod,955,-0.25490196078431393,eod,955
2025-03-19,AFRM,2.0,target,2.0,target,908,2.0,target,908,2.0,target,908,2.0,target,908
2025-03-19,CVNA,-0.067961165048537,eod,-0.067961165048537,eod,955,-0.067961165048537,eod,955,-0.067961165048537,eod,955,-0.067961165048537,eod,955
2025-03-19,DJT,2.0,target,2.0000000000000138,target,674,2.0000000000000138,target,674,2.0000000000000138,target,674,2.0000000000000138,target,674
2025-03-19,MSTX,-1.0512909090909115,stop,-1.0512909090909115,stop,625,-1.0512909090909115,stop,625,-1.0512909090909115,stop,625,-1.0512909090909115,stop,625
2025-03-19,RH,-1.074298869670023,stop,-1.074298869670023,stop,695,-1.074298869670023,stop,695,-1.074298869670023,stop,695,-1.074298869670023,stop,695
2025-03-19,SRAD,2.0,target,2.0,target,907,2.0,target,793,2.0,target,793,2.0,target,907
2025-03-21,CYTK,2.0,target,2.0,target,707,2.0,target,707,2.0,target,707,2.0,target,707
2025-03-21,INTW,-1.0890560875512936,stop,-1.0890560875512936,stop,631,-1.0890560875512936,stop,631,-1.0890560875512936,stop,631,-1.0890560875512936,stop,631
2025-03-21,IONQ,0.8015441807263414,eod,0.8015441807263414,eod,955,2.00000000000001,target,662,2.00000000000001,target,662,0.8015441807263414,eod,955
2025-03-21,IONX,2.0,target,2.0,target,598,2.0,target,589,2.0,target,589,2.0,target,598
2025-03-21,PLTU,2.000000000000004,target,2.000000000000004,target,871,2.000000000000004,target,871,2.000000000000004,target,871,2.000000000000004,target,871
2025-03-21,SMCX,2.0,target,2.0,target,740,2.0,target,739,2.0,target,739,2.0,target,740
2025-03-21,TEM,-1.0840034554250162,stop,-1.0840034554250162,stop,611,-1.0840034554250162,stop,611,-1.0840034554250162,stop,611,-1.0840034554250162,stop,611
2025-04-11,BMA,2.0,target,2.0,target,700,2.0,target,699,2.0,target,699,2.0,target,700
2025-04-11,EDN,2.0,target,2.0,target,895,2.0,target,888,2.0,target,888,2.0,target,895
2025-04-11,GLNG,2.0,target,2.0,target,923,2.0,target,922,2.0,target,922,2.0,target,923
2025-04-11,JANX,-1.0703207547169844,stop,-1.0703207547169844,stop,861,-1.0703207547169844,stop,861,-1.0703207547169844,stop,861,-1.0703207547169844,stop,861
2025-04-11,KYMR,2.0,target,2.0000000000000107,target,851,2.0000000000000107,target,851,2.0000000000000107,target,851,2.0000000000000107,target,851
2025-04-11,LABU,-1.0425801011804363,stop,-1.0425801011804365,stop,603,-1.0425801011804365,stop,603,-1.0425801011804365,stop,603,-1.0425801011804365,stop,603
2025-04-11,MPWR,-1.086322907861372,stop,-1.0863229078613719,stop,746,-1.0863229078613719,stop,746,-1.0863229078613719,stop,746,-1.0863229078613719,stop,746
2025-04-11,MSTX,-1.031250000000001,stop,-1.0312500000000013,stop,603,-1.0312500000000013,stop,603,-1.0312500000000013,stop,603,-1.0312500000000013,stop,603
2025-04-11,PCVX,2.0,target,2.0,target,923,2.0,target,903,2.0,target,903,2.0,target,923
2025-04-11,SDGR,-1.0440200000000033,stop,-1.0440200000000033,stop,678,-1.0440200000000033,stop,678,-1.0440200000000033,stop,678,-1.0440200000000033,stop,678
2025-04-11,SMMT,2.0,target,2.000000000000008,target,594,2.000000000000008,target,593,2.000000000000008,target,593,2.000000000000008,target,594
2025-04-11,SPYU,2.0,target,2.0,target,834,2.0,target,824,2.0,target,824,2.0,target,834
2025-04-11,TNA,0.1377348732977043,eod,0.13773487329770437,eod,955,0.13773487329770437,eod,955,0.13773487329770437,eod,955,0.13773487329770437,eod,955
2025-04-11,TSDD,-1.0268352272727266,stop,-1.0268352272727266,stop,647,-1.0268352272727266,stop,647,-1.0268352272727266,stop,647,-1.0268352272727266,stop,647
2025-04-11,TSLQ,-1.0266099290780146,stop,-1.0266099290780146,stop,660,-1.0266099290780146,stop,660,-1.0266099290780146,stop,660,-1.0266099290780146,stop,660
2025-04-11,URTY,0.2479338842975181,eod,0.24793388429751814,eod,955,0.24793388429751814,eod,955,0.24793388429751814,eod,955,0.24793388429751814,eod,955
2025-04-11,UVIX,-1.0381090047393366,stop,-1.0381090047393366,stop,689,-1.0381090047393366,stop,689,-1.0381090047393366,stop,689,-1.0381090047393366,stop,689
2025-04-21,BHVN,2.0,target,2.0,target,647,2.0,target,647,2.0,target,647,2.0,target,647
2025-04-21,GPCR,-1.0358387096774206,stop,-1.0358387096774206,stop,598,-1.0358387096774206,stop,598,-1.0358387096774206,stop,598,-1.0358387096774206,stop,598
2025-04-21,HIBS,-1.0890000000000055,stop,-1.0890000000000055,stop,761,-1.0890000000000055,stop,761,-1.0890000000000055,stop,761,-1.0890000000000055,stop,761
2025-04-21,LABU,-1.0612467532467504,stop,-1.0612467532467504,stop,686,-1.0612467532467504,stop,686,-1.0612467532467504,stop,686,-1.0612467532467504,stop,686
2025-04-21,NVD,-1.087710487804871,stop,-1.087710487804871,stop,641,-1.087710487804871,stop,641,-1.087710487804871,stop,641,-1.087710487804871,stop,641
2025-04-21,PRAX,0.2207792207792241,eod,0.22077922077922413,eod,955,0.22077922077922413,eod,955,0.22077922077922413,eod,955,0.22077922077922413,eod,955
2025-04-21,TGTX,-1.033310344827587,stop,-1.033310344827587,stop,675,-1.033310344827587,stop,675,-1.033310344827587,stop,675,-1.033310344827587,stop,675
2025-04-21,UVIX,-1.0547894736842118,stop,-1.0547894736842118,stop,734,-1.0547894736842118,stop,734,-1.0547894736842118,stop,734,-1.0547894736842118,stop,734
2025-04-28,BOIL,-0.3509933774834372,eod,-0.3509933774834372,eod,955,-0.3509933774834372,eod,955,-0.3509933774834372,eod,955,-0.3509933774834372,eod,955
2025-04-28,GRAL,-1.0314999999999976,stop,-1.0314999999999976,stop,623,-1.0314999999999976,stop,623,-1.0314999999999976,stop,623,-1.0314999999999976,stop,623
2025-04-28,TSDD,2.0,target,2.0,target,674,2.0,target,674,2.0,target,674,2.0,target,674
2025-04-28,TSLQ,2.0,target,2.0,target,675,2.0,target,674,2.0,target,674,2.0,target,675
2025-04-28,VKTX,-1.0898965517241406,stop,-1.0898965517241406,stop,591,-1.0898965517241406,stop,591,-1.0898965517241406,stop,591,-1.0898965517241406,stop,591
2025-05-02,ASTS,-1.0600294117647049,stop,-1.0600294117647047,stop,674,-1.0600294117647047,stop,674,-1.0600294117647047,stop,674,-1.0600294117647047,stop,674
2025-05-02,DUOL,2.0,target,2.0,target,943,2.0,target,941,2.0,target,941,2.0,target,943
2025-05-02,ESTA,0.75,eod,0.75,eod,955,0.75,eod,955,0.75,eod,955,0.75,eod,955
2025-05-02,HIMS,-1.0699580215367803,stop,-1.0699580215367805,stop,666,-1.0699580215367805,stop,666,-1.0699580215367805,stop,666,-1.0699580215367805,stop,666
2025-05-02,HIMZ,2.0,target,2.0,target,823,2.0,target,822,2.0,target,822,2.0,target,823
2025-05-02,IESC,1.6429404900816795,eod,1.6429404900816797,eod,955,1.6429404900816797,eod,955,1.6429404900816797,eod,955,1.6429404900816797,eod,955
2025-05-02,IONQ,2.0,target,2.0,target,634,2.0,target,633,2.0,target,633,2.0,target,634
2025-05-02,IONX,2.0,target,2.0,target,628,2.0,target,628,2.0,target,628,2.0,target,628
2025-05-02,PRLB,2.0,target,2.0,target,622,2.0,target,622,2.0,target,622,2.0,target,622
2025-05-02,PSIX,2.0,target,2.0,target,640,2.0,target,640,2.0,target,640,2.0,target,640
2025-05-02,PTIR,2.0,target,2.0,target,768,2.0,target,764,2.0,target,764,2.0,target,768
2025-05-02,SMMT,-1.026714066398004,stop,-1.0267140663980039,stop,612,-1.0267140663980039,stop,612,-1.0267140663980039,stop,612,-1.0267140663980039,stop,612
2025-05-02,TECX,2.0,target,2.0,target,922,2.0,target,922,2.0,target,922,2.0,target,922
2025-05-02,TRUP,-1.029244897959186,stop,-1.029244897959186,stop,621,-1.029244897959186,stop,621,-1.029244897959186,stop,621,-1.029244897959186,stop,621
2025-05-02,WGS,-0.3815789473684267,eod,-0.38157894736842674,eod,955,-0.38157894736842674,eod,955,-0.38157894736842674,eod,955,-0.38157894736842674,eod,955
2025-06-18,COIN,2.0,target,2.0,target,714,2.0,target,714,2.0,target,714,2.0,target,714
2025-06-18,CONL,2.0,target,2.0,target,694,2.0,target,694,2.0,target,694,2.0,target,694
2025-06-18,CRCL,2.0,target,2.0,target,655,2.0,target,654,2.0,target,654,2.0,target,655
2025-06-18,CRSP,-1.089740000000006,stop,-1.0897400000000061,stop,680,-1.0897400000000061,stop,680,-1.0897400000000061,stop,680,-1.0897400000000061,stop,680
2025-06-18,GRAL,2.0,target,2.0,target,687,2.0,target,687,2.0,target,687,2.0,target,687
2025-06-18,HOOG,2.0,target,2.0,target,921,2.0,target,887,2.0,target,887,2.0,target,921
2025-06-18,HOOX,1.4614400000000043,eod,1.4614400000000045,eod,955,1.4614400000000045,eod,955,1.4614400000000045,eod,955,1.4614400000000045,eod,955
2025-06-18,IONL,-1.0690972222222217,stop,-1.0690972222222217,stop,730,-1.0690972222222217,stop,730,-1.0690972222222217,stop,730,-1.0690972222222217,stop,730
2025-06-18,NNE,2.0,target,2.0,target,780,2.0,target,779,2.0,target,779,2.0,target,780
2025-06-18,QNTM,2.0,target,2.0,target,862,2.0,target,862,2.0,target,862,2.0,target,862
2025-06-18,RDTL,2.0,target,2.0000000000000036,target,591,2.0000000000000036,target,591,2.0000000000000036,target,591,2.0000000000000036,target,591
2025-06-18,ROBN,1.59860290166578,eod,1.5986029016657801,eod,955,1.5986029016657801,eod,955,1.5986029016657801,eod,955,1.5986029016657801,eod,955
2025-06-18,SYM,2.0,target,2.0,target,675,2.0,target,673,2.0,target,673,2.0,target,675
2025-06-18,TEMT,-1.0600439560439554,stop,-1.0600439560439554,stop,788,-1.0600439560439554,stop,788,-1.0600439560439554,stop,788,-1.0600439560439554,stop,788
2025-06-18,TIL,-1.034310344827586,stop,-1.0343103448275859,stop,641,-1.0343103448275859,stop,641,-1.0343103448275859,stop,641,-1.0343103448275859,stop,641
2025-06-18,TSSI,2.0,target,2.0000000000000093,target,641,2.0000000000000093,target,639,2.0000000000000093,target,639,2.0000000000000093,target,641
2025-06-25,AAOI,2.0,target,2.0,target,754,2.0,target,754,2.0,target,754,2.0,target,754
2025-06-25,ARQQ,2.0,target,2.0000000000000124,target,594,2.0000000000000124,target,589,2.0000000000000124,target,589,2.0000000000000124,target,594
2025-06-25,CHYM,-0.1991341991341993,eod,-0.1991341991341993,eod,955,-0.1991341991341993,eod,955,-0.1991341991341993,eod,955,-0.1991341991341993,eod,955
2025-06-25,MNTN,2.0,target,2.0,target,824,2.0,target,824,2.0,target,824,2.0,target,824
2025-06-25,TSDD,2.0,target,2.0,target,609,2.0,target,609,2.0,target,609,2.0,target,609
2025-06-26,AEVA,-1.0923235294117597,stop,-1.0923235294117597,stop,633,-1.0923235294117597,stop,633,-1.0923235294117597,stop,633,-1.0923235294117597,stop,633
2025-06-26,AIRO,2.0,target,2.0,target,777,2.0,target,777,2.0,target,777,2.0,target,777
2025-06-26,ALAB,2.0,target,2.0,target,787,2.0,target,787,2.0,target,787,2.0,target,787
2025-06-26,BKSY,-1.0561944444444489,stop,-1.0561944444444489,stop,761,-1.0561944444444489,stop,761,-1.0561944444444489,stop,761,-1.0561944444444489,stop,761
2025-06-26,CONL,0.9343832020997376,eod,0.9343832020997376,eod,955,0.9343832020997376,eod,955,0.9343832020997376,eod,955,0.9343832020997376,eod,955
2025-06-26,DOGZ,2.0,target,2.0,target,632,2.0,target,632,2.0,target,632,2.0,target,632
2025-06-26,GLXY,-0.89456106870229,eod,-0.89456106870229,eod,955,-0.89456106870229,eod,955,-0.89456106870229,eod,955,-0.89456106870229,eod,955
2025-06-26,HSAI,2.0,target,2.0,target,727,2.0,target,727,2.0,target,727,2.0,target,727
2025-06-26,IONX,-1.0329790575916225,stop,-1.0329790575916225,stop,610,-1.0329790575916225,stop,610,-1.0329790575916225,stop,610,-1.0329790575916225,stop,610
2025-06-26,KTOS,-1.0645905511811051,stop,-1.0645905511811051,stop,635,-1.0645905511811051,stop,635,-1.0645905511811051,stop,635,-1.0645905511811051,stop,635
2025-06-26,NNNN,-1.1230483271375478,stop,-1.1230483271375478,stop,685,-1.1230483271375478,stop,685,-1.1230483271375478,stop,685,-1.1230483271375478,stop,685
2025-06-26,OSCR,-1.0419475403143523,stop,-1.0419475403143525,stop,633,-1.0419475403143525,stop,633,-1.0419475403143525,stop,633,-1.0419475403143525,stop,633
2025-06-26,OUST,-1.050278380036815,stop,-1.050278380036815,stop,588,-1.050278380036815,stop,588,-1.050278380036815,stop,588,-1.050278380036815,stop,588
2025-06-26,SMCX,2.0,target,2.0,target,632,2.0,target,632,2.0,target,632,2.0,target,632
2025-06-26,VOYG,-1.0881928337507174,stop,-1.0881928337507174,stop,675,-1.0881928337507174,stop,675,-1.0881928337507174,stop,675,-1.0881928337507174,stop,675
2025-06-26,WGMI,1.099999999999998,eod,1.0999999999999979,eod,955,1.0999999999999979,eod,955,1.0999999999999979,eod,955,1.0999999999999979,eod,955
2025-07-10,AAON,-0.6949602122015909,eod,-0.6949602122015909,eod,955,-0.6949602122015909,eod,955,-0.6949602122015909,eod,955,-0.6949602122015909,eod,955
2025-07-10,CAR,2.0,target,2.0,target,806,2.0,target,806,2.0,target,806,2.0,target,806
2025-07-10,CONL,-1.0900000000000032,stop,-1.0900000000000032,stop,760,-1.0900000000000032,stop,760,-1.0900000000000032,stop,760,-1.0900000000000032,stop,760
2025-07-10,DFDV,2.0,target,2.0,target,729,2.0,target,729,2.0,target,729,2.0,target,729
2025-07-10,DK,2.0,target,2.0,target,641,2.0,target,641,2.0,target,641,2.0,target,641
2025-07-10,HOV,-1.0649788359788366,stop,-1.0649788359788366,stop,938,-1.0649788359788366,stop,938,-1.0649788359788366,stop,938,-1.0649788359788366,stop,938
2025-07-10,MRAL,-0.0487804878048769,eod,-0.04878048780487699,eod,955,-0.04878048780487699,eod,955,-0.04878048780487699,eod,955,-0.04878048780487699,eod,955
2025-07-10,TNXP,2.0,target,2.0,target,619,2.0,target,619,2.0,target,619,2.0,target,619
2025-08-14,AAP,-1.070220027332588,stop,-1.070220027332588,stop,898,-1.070220027332588,stop,898,-1.070220027332588,stop,898,-1.070220027332588,stop,898
2025-08-14,ASIC,2.0,target,2.0,target,853,2.0,target,853,2.0,target,853,2.0,target,853
2025-08-14,BMNR,-1.0294685990338164,stop,-1.0294685990338164,stop,606,-1.0294685990338164,stop,606,-1.0294685990338164,stop,606,-1.0294685990338164,stop,606
2025-08-14,BNC,2.0,target,2.0000000000000075,target,589,2.0000000000000075,target,589,2.0000000000000075,target,589,2.0000000000000075,target,589
2025-08-14,ETHT,-1.0439820788530458,stop,-1.0439820788530458,stop,683,-1.0439820788530458,stop,683,-1.0439820788530458,stop,683,-1.0439820788530458,stop,683
2025-08-14,ETHU,-1.06594007490637,stop,-1.0659400749063699,stop,683,-1.0659400749063699,stop,683,-1.0659400749063699,stop,683,-1.0659400749063699,stop,683
2025-08-14,GLXY,-1.048573853989814,stop,-1.048573853989814,stop,686,-1.048573853989814,stop,686,-1.048573853989814,stop,686,-1.048573853989814,stop,686
2025-08-14,HUT,-1.056888888888893,stop,-1.056888888888893,stop,684,-1.056888888888893,stop,684,-1.056888888888893,stop,684,-1.056888888888893,stop,684
2025-08-14,METC,0.3202928391672405,eod,0.32029283916724055,eod,955,0.32029283916724055,eod,955,0.32029283916724055,eod,955,0.32029283916724055,eod,955
2025-08-14,NEGG,-1.0383900254959262,stop,-1.0383900254959262,stop,776,-1.0383900254959262,stop,776,-1.0383900254959262,stop,776,-1.0383900254959262,stop,776
2025-08-14,NTES,-0.2295805739514282,eod,-0.22958057395142822,eod,955,-0.22958057395142822,eod,955,-0.22958057395142822,eod,955,-0.22958057395142822,eod,955
2025-08-14,OUST,2.0,target,2.0000000000000084,target,591,2.0000000000000084,target,591,2.0000000000000084,target,591,2.0000000000000084,target,591
2025-08-14,RGTX,-1.0303278688524602,stop,-1.0303278688524602,stop,637,-1.0303278688524602,stop,637,-1.0303278688524602,stop,637,-1.0303278688524602,stop,637
2025-08-14,SBET,-1.0488407367280592,stop,-1.0488407367280592,stop,686,-1.0488407367280592,stop,686,-1.0488407367280592,stop,686,-1.0488407367280592,stop,686
2025-08-14,SMST,-1.0611068397403909,stop,-1.0611068397403909,stop,723,-1.0611068397403909,stop,723,-1.0611068397403909,stop,723,-1.0611068397403909,stop,723
2025-08-14,SOLT,-1.0327714285714262,stop,-1.0327714285714262,stop,664,-1.0327714285714262,stop,664,-1.0327714285714262,stop,664,-1.0327714285714262,stop,664
2025-08-14,TEM,-1.0441376146788983,stop,-1.0441376146788983,stop,613,-1.0441376146788983,stop,613,-1.0441376146788983,stop,613,-1.0441376146788983,stop,613
2025-08-14,TEMT,-1.0255000000000014,stop,-1.0255000000000014,stop,612,-1.0255000000000014,stop,612,-1.0255000000000014,stop,612,-1.0255000000000014,stop,612
2025-09-09,BBNX,1.240000000000002,eod,1.240000000000002,eod,955,1.240000000000002,eod,955,1.240000000000002,eod,955,1.240000000000002,eod,955
2025-09-09,CONL,-1.0349456521739149,stop,-1.0349456521739147,stop,601,-1.0349456521739147,stop,601,-1.0349456521739147,stop,601,-1.0349456521739147,stop,601
2025-09-09,HUT,-1.086609375000002,stop,-1.0866093750000019,stop,731,-1.0866093750000019,stop,731,-1.0866093750000019,stop,731,-1.0866093750000019,stop,731
2025-09-09,IONL,2.0,target,2.0,target,800,2.0,target,800,2.0,target,800,2.0,target,800
2025-09-09,IONX,2.0,target,2.0,target,837,2.0,target,837,2.0,target,837,2.0,target,837
2025-09-09,KRRO,0.6272189349112448,eod,0.6272189349112448,eod,955,0.6272189349112448,eod,955,0.6272189349112448,eod,955,0.6272189349112448,eod,955
2025-09-09,LEU,-1.0835401174168324,stop,-1.0835401174168324,stop,635,-1.0835401174168324,stop,635,-1.0835401174168324,stop,635,-1.0835401174168324,stop,635
2025-09-09,NKTR,2.0,target,2.0,target,870,2.0,target,870,2.0,target,870,2.0,target,870
2025-09-09,OKLL,-1.0468032786885233,stop,-1.0468032786885233,stop,595,-1.0468032786885233,stop,595,-1.0468032786885233,stop,595,-1.0468032786885233,stop,595
2025-09-09,PBF,-1.080052631578946,stop,-1.080052631578946,stop,690,-1.080052631578946,stop,690,-1.080052631578946,stop,690,-1.080052631578946,stop,690
2025-09-09,PHVS,2.0,target,2.0,target,873,2.0,target,873,2.0,target,873,2.0,target,873
2025-09-09,PSIX,2.0,target,2.000000000000007,target,893,2.000000000000007,target,893,2.000000000000007,target,893,2.000000000000007,target,893
2025-09-09,QBTX,-1.0321380952380983,stop,-1.0321380952380983,stop,583,-1.0321380952380983,stop,583,-1.0321380952380983,stop,583,-1.0321380952380983,stop,583
2025-09-09,SMCX,2.0,target,2.000000000000009,target,696,2.000000000000009,target,696,2.000000000000009,target,696,2.000000000000009,target,696
2025-09-09,UNHG,2.0,target,2.0000000000000098,target,810,2.0000000000000098,target,808,2.0000000000000098,target,808,2.0000000000000098,target,810
2025-10-09,APLD,-1.0632905890023885,stop,-1.0632905890023883,stop,934,-1.0632905890023883,stop,934,-1.0632905890023883,stop,934,-1.0632905890023883,stop,934
2025-10-09,APLX,2.0,target,1.9999999999999898,target,918,1.9999999999999898,target,918,1.9999999999999898,target,918,1.9999999999999898,target,918
2025-10-09,ASTS,0.8184409772246589,eod,0.8184409772246589,eod,955,0.8184409772246589,eod,955,0.8184409772246589,eod,955,0.8184409772246589,eod,955
2025-10-09,BMA,2.0,target,2.0,target,909,2.0,target,888,2.0,target,888,2.0,target,909
2025-10-09,GGAL,2.0,target,2.0,target,695,2.0,target,690,2.0,target,690,2.0,target,695
2025-10-09,KRRO,2.0,target,2.0000000000000093,target,677,2.0000000000000093,target,677,2.0000000000000093,target,677,2.0000000000000093,target,677
2025-10-09,METC,-1.0646876588534346,stop,-1.0646876588534346,stop,593,-1.0646876588534346,stop,593,-1.0646876588534346,stop,593,-1.0646876588534346,stop,593
2025-10-09,NEBX,2.0,target,2.0,target,745,2.0,target,739,2.0,target,739,2.0,target,745
2025-10-09,NGNE,2.0,target,2.0,target,762,2.0,target,762,2.0,target,762,2.0,target,762
2025-10-09,NTLA,-1.068947368421051,stop,-1.068947368421051,stop,740,-1.068947368421051,stop,740,-1.068947368421051,stop,740,-1.068947368421051,stop,740
2025-10-09,ORKA,2.0,target,2.0000000000000115,target,826,2.0000000000000115,target,756,2.0000000000000115,target,756,2.0000000000000115,target,826
2025-10-09,PPIH,0.9878419452887528,eod,0.9878419452887527,eod,955,0.9878419452887527,eod,955,0.9878419452887527,eod,955,0.9878419452887527,eod,955
2025-10-09,RDTL,1.7099175216254243,eod,1.7099175216254243,eod,955,1.7099175216254243,eod,955,1.7099175216254243,eod,955,1.7099175216254243,eod,955
2025-10-09,RGTIW,2.0,target,2.0,target,612,2.0,target,612,2.0,target,612,2.0,target,612
2025-10-09,RKLX,-0.4480349344978166,eod,-0.4480349344978166,eod,955,-0.4480349344978166,eod,955,-0.4480349344978166,eod,955,-0.4480349344978166,eod,955
2025-10-09,SEDG,2.0,target,2.0,target,733,2.0,target,727,2.0,target,727,2.0,target,733
2025-10-09,TGS,0.5853658536585326,eod,0.5853658536585326,eod,955,0.5853658536585326,eod,955,0.5853658536585326,eod,955,0.5853658536585326,eod,955
2025-10-09,USAR,2.0,target,2.0,target,647,2.0,target,647,2.0,target,647,2.0,target,647
2025-10-09,UUUU,-1.067537313432834,stop,-1.067537313432834,stop,681,-1.067537313432834,stop,681,-1.067537313432834,stop,681,-1.067537313432834,stop,681
2025-10-30,BBNX,-1.0714473684210493,stop,-1.0714473684210493,stop,596,-1.0714473684210493,stop,596,-1.0714473684210493,stop,596,-1.0714473684210493,stop,596
2025-10-30,BIIB,2.0,target,2.0,target,675,2.0,target,675,2.0,target,675,2.0,target,675
2025-10-30,CMPR,2.0,target,2.0,target,697,2.0,target,697,2.0,target,697,2.0,target,697
2025-10-30,CORZ,-1.0323720930232585,stop,-1.0323720930232585,stop,884,-1.0323720930232585,stop,884,-1.0323720930232585,stop,884,-1.0323720930232585,stop,884
2025-10-30,CRCD,1.3678571428571342,eod,1.3678571428571342,eod,952,1.3678571428571342,eod,952,1.3678571428571342,eod,952,1.3678571428571342,eod,952
2025-10-30,CRDU,-1.0260813148788928,stop,-1.0260813148788928,stop,617,-1.0260813148788928,stop,617,-1.0260813148788928,stop,617,-1.0260813148788928,stop,617
2025-10-30,GDXU,0.97421329587622,eod,0.9742132958762199,eod,955,0.9742132958762199,eod,955,0.9742132958762199,eod,955,0.9742132958762199,eod,955
2025-10-30,GRAL,-1.0620591136379225,stop,-1.0620591136379225,stop,589,-1.0620591136379225,stop,589,-1.0620591136379225,stop,589,-1.0620591136379225,stop,589
2025-10-30,GSAT,-1.0291713138523302,stop,-1.0291713138523302,stop,910,-1.0291713138523302,stop,910,-1.0291713138523302,stop,910,-1.0291713138523302,stop,910
2025-10-30,IDCC,-1.039857274401471,stop,-1.039857274401471,stop,740,-1.039857274401471,stop,740,-1.039857274401471,stop,740,-1.039857274401471,stop,740
2025-10-30,IDR,2.0,target,2.0,target,908,2.0,target,908,2.0,target,908,2.0,target,908
2025-10-30,IMVT,2.0,target,2.0,target,599,2.0,target,599,2.0,target,599,2.0,target,599
2025-10-30,INBX,-1.0293396226415072,stop,-1.0293396226415072,stop,834,-1.0293396226415072,stop,834,-1.0293396226415072,stop,834,-1.0293396226415072,stop,834
2025-10-30,JOE,2.0,target,2.0,target,749,2.0,target,749,2.0,target,749,2.0,target,749
2025-10-30,MCTA,-1.038622641509433,stop,-1.038622641509433,stop,601,-1.038622641509433,stop,601,-1.038622641509433,stop,601,-1.038622641509433,stop,601
2025-10-30,MELI,2.0,target,2.000000000000012,target,683,2.000000000000012,target,671,2.000000000000012,target,671,2.000000000000012,target,683
2025-10-30,NBIL,-1.494451841988457,stop,-1.494451841988457,stop,656,-1.494451841988457,stop,656,-1.494451841988457,stop,656,-1.494451841988457,stop,656
2025-10-30,NTGR,2.0,target,2.0,target,690,2.0,target,690,2.0,target,690,2.0,target,690
2025-10-30,OKLL,-1.0283585243306488,stop,-1.0283585243306488,stop,720,-1.0283585243306488,stop,720,-1.0283585243306488,stop,720,-1.0283585243306488,stop,720
2025-10-30,PRM,2.0,target,2.0,target,679,2.0,target,678,2.0,target,678,2.0,target,679
2025-10-30,QBTX,2.0,target,2.0,target,680,2.0,target,680,2.0,target,680,2.0,target,680
2025-10-30,RGTU,2.0,target,2.0,target,640,2.0,target,639,2.0,target,639,2.0,target,640
2025-10-30,RGTX,2.0,target,2.0,target,618,2.0,target,618,2.0,target,618,2.0,target,618
2025-10-30,ROCK,-1.0336683168316838,stop,-1.0336683168316838,stop,593,-1.0336683168316838,stop,593,-1.0336683168316838,stop,593,-1.0336683168316838,stop,593
2025-10-30,SMU,-1.0268651685393266,stop,-1.0268651685393266,stop,921,-1.0268651685393266,stop,921,-1.0268651685393266,stop,921,-1.0268651685393266,stop,921
2025-10-30,TT,-0.0295073091499737,eod,-0.029507309149973748,eod,955,-0.029507309149973748,eod,955,-0.029507309149973748,eod,955,-0.029507309149973748,eod,955
2025-10-30,UPB,-1.0753823529411752,stop,-1.0753823529411752,stop,700,-1.0753823529411752,stop,700,-1.0753823529411752,stop,700,-1.0753823529411752,stop,700
2025-10-30,WCC,2.0,target,2.0,target,672,2.0,target,644,2.0,target,644,2.0,target,672
2025-10-31,ALAB,2.0,target,2.000000000000009,target,641,2.000000000000009,target,641,2.000000000000009,target,641,2.000000000000009,target,641
2025-10-31,APPF,2.0,target,2.0000000000000058,target,765,2.0000000000000058,target,765,2.0000000000000058,target,765,2.0000000000000058,target,765
2025-10-31,APPX,2.0,target,2.0,target,677,2.0,target,677,2.0,target,677,2.0,target,677
2025-10-31,BEAM,-1.039761904761905,stop,-1.039761904761905,stop,691,-1.039761904761905,stop,691,-1.039761904761905,stop,691,-1.039761904761905,stop,691
2025-10-31,CONL,2.0,target,2.0000000000000093,target,626,2.0000000000000093,target,620,2.0000000000000093,target,620,2.0000000000000093,target,626
2025-10-31,CRDU,2.0,target,2.0,target,625,2.0,target,625,2.0,target,625,2.0,target,625
2025-10-31,DQ,2.0,target,2.0,target,634,2.0,target,634,2.0,target,634,2.0,target,634
2025-10-31,EDN,-1.1572033898305134,stop,-1.1572033898305134,stop,701,-1.1572033898305134,stop,701,-1.1572033898305134,stop,701,-1.1572033898305134,stop,701
2025-10-31,FRMI,-1.0312389184397148,stop,-1.0312389184397148,stop,627,-1.0312389184397148,stop,627,-1.0312389184397148,stop,627,-1.0312389184397148,stop,627
2025-10-31,GSAT,2.0,target,2.0,target,750,2.0,target,677,2.0,target,677,2.0,target,750
2025-10-31,LQDA,-1.0414137931034484,stop,-1.0414137931034484,stop,697,-1.0414137931034484,stop,697,-1.0414137931034484,stop,697,-1.0414137931034484,stop,697
2025-10-31,MEOH,2.0,target,2.0,target,653,2.0,target,653,2.0,target,653,2.0,target,653
2025-10-31,NBIL,-1.2605252188411853,stop,-1.2605252188411853,stop,630,-1.2605252188411853,stop,630,-1.2605252188411853,stop,630,-1.2605252188411853,stop,630
2025-10-31,OPEX,-1.4031403508771887,stop,-1.4031403508771887,stop,617,-1.4031403508771887,stop,617,-1.4031403508771887,stop,617,-1.4031403508771887,stop,617
2025-10-31,OSIS,2.0,target,2.0,target,628,2.0,target,624,2.0,target,624,2.0,target,628
2025-10-31,QPUX,-1.1426327272727328,stop,-1.1426327272727328,stop,630,-1.1426327272727328,stop,630,-1.1426327272727328,stop,630,-1.1426327272727328,stop,630
2025-10-31,QSU,2.0,target,2.0,target,664,2.0,target,661,2.0,target,661,2.0,target,664
2025-10-31,RGTU,0.8801843317972328,eod,0.8801843317972328,eod,955,0.8801843317972328,eod,955,0.8801843317972328,eod,955,0.8801843317972328,eod,955
2025-10-31,SXT,-1.0249458064516133,stop,-1.0249458064516133,stop,777,-1.0249458064516133,stop,777,-1.0249458064516133,stop,777,-1.0249458064516133,stop,777
2025-10-31,WERN,2.0,target,2.0,target,604,2.0,target,582,2.0,target,582,2.0,target,604
2025-10-31,WOLF,-1.0830769230769264,stop,-1.0830769230769264,stop,604,-1.0830769230769264,stop,604,-1.0830769230769264,stop,604,-1.0830769230769264,stop,604
2025-11-17,CLSX,-1.0314142857142838,stop,-1.0314142857142838,stop,607,-1.0314142857142838,stop,607,-1.0314142857142838,stop,607,-1.0314142857142838,stop,607
2025-11-17,CONI,2.0,target,2.0,target,793,2.0,target,793,2.0,target,793,2.0,target,793
2025-11-17,GRAL,2.0,target,2.0,target,628,2.0,target,628,2.0,target,628,2.0,target,628
2025-11-17,IONL,-1.1834710743801662,stop,-1.1834710743801662,stop,760,-1.1834710743801662,stop,760,-1.1834710743801662,stop,760,-1.1834710743801662,stop,760
2025-11-17,IONX,-1.0637146774193549,stop,-1.0637146774193547,stop,759,-1.0637146774193547,stop,759,-1.0637146774193547,stop,759,-1.0637146774193547,stop,759
2025-11-17,JKS,2.0,target,2.0,target,619,2.0,target,619,2.0,target,619,2.0,target,619
2025-11-17,KOD,2.0,target,2.0,target,644,2.0,target,644,2.0,target,644,2.0,target,644
2025-11-17,MLYS,2.0,target,2.0,target,599,2.0,target,599,2.0,target,599,2.0,target,599
2025-11-17,NBTX,-1.1185781250000018,stop,-1.1185781250000018,stop,685,-1.1185781250000018,stop,685,-1.1185781250000018,stop,685,-1.1185781250000018,stop,685
2025-11-17,NEBX,-1.0404676834604345,stop,-1.0404676834604343,stop,582,-1.0404676834604343,stop,582,-1.0404676834604343,stop,582,-1.0404676834604343,stop,582
2025-11-17,OKLL,-1.0299180327868824,stop,-1.0299180327868824,stop,760,-1.0299180327868824,stop,760,-1.0299180327868824,stop,760,-1.0299180327868824,stop,760
2025-11-17,PARR,-1.0434023586219705,stop,-1.0434023586219705,stop,742,-1.0434023586219705,stop,742,-1.0434023586219705,stop,742,-1.0434023586219705,stop,742
2025-11-17,PGNY,-1.0767101449275416,stop,-1.0767101449275416,stop,627,-1.0767101449275416,stop,627,-1.0767101449275416,stop,627,-1.0767101449275416,stop,627
2025-11-17,RGTU,-1.0564330737856853,stop,-1.0564330737856853,stop,603,-1.0564330737856853,stop,603,-1.0564330737856853,stop,603,-1.0564330737856853,stop,603
2025-11-17,SION,2.0,target,2.0,target,794,2.0,target,689,2.0,target,689,2.0,target,794
2025-11-17,SNDK,-1.0448767913519272,stop,-1.0448767913519272,stop,656,-1.0448767913519272,stop,656,-1.0448767913519272,stop,656,-1.0448767913519272,stop,656
2025-11-17,SOXL,-1.048503105590064,stop,-1.048503105590064,stop,604,-1.048503105590064,stop,604,-1.048503105590064,stop,604,-1.048503105590064,stop,604
2025-11-17,TERN,2.0,target,2.0,target,684,2.0,target,644,2.0,target,644,2.0,target,684
2025-11-20,CONI,2.0,target,2.0,target,682,2.0,target,679,2.0,target,679,2.0,target,682
2025-11-20,CORD,2.0,target,2.000000000000005,target,679,2.000000000000005,target,679,2.000000000000005,target,679,2.000000000000005,target,679
2025-11-20,CRCD,-1.0449213161659503,stop,-1.0449213161659503,stop,629,-1.0449213161659503,stop,629,-1.0449213161659503,stop,629,-1.0449213161659503,stop,629
2025-11-20,IREX,2.0,target,2.0,target,623,2.0,target,623,2.0,target,623,2.0,target,623
2025-11-20,LABD,-1.087433333333339,stop,-1.087433333333339,stop,782,-1.087433333333339,stop,782,-1.087433333333339,stop,782,-1.087433333333339,stop,782
2025-11-20,LMND,-1.0705420560747658,stop,-1.0705420560747658,stop,658,-1.0705420560747658,stop,658,-1.0705420560747658,stop,658,-1.0705420560747658,stop,658
2025-11-20,QBTZ,-1.030145807414779,stop,-1.0301458074147787,stop,793,-1.0301458074147787,stop,793,-1.0301458074147787,stop,793,-1.0301458074147787,stop,793
2025-11-20,QID,2.0,target,2.0,target,938,2.0,target,938,2.0,target,938,2.0,target,938
2025-11-20,RGTZ,2.0,target,2.000000000000005,target,753,2.000000000000005,target,749,2.000000000000005,target,749,2.000000000000005,target,753
2025-11-20,RUN,-1.028873894767358,stop,-1.028873894767358,stop,659,-1.028873894767358,stop,659,-1.028873894767358,stop,659,-1.028873894767358,stop,659
2025-11-20,SMST,2.0,target,2.0,target,670,2.0,target,670,2.0,target,670,2.0,target,670
2025-11-20,SOUX,2.0,target,2.0,target,604,2.0,target,604,2.0,target,604,2.0,target,604
2025-11-20,SPXS,2.0,target,2.0,target,946,2.0,target,941,2.0,target,941,2.0,target,946
2025-11-20,TNDM,-1.0934339622641565,stop,-1.0934339622641565,stop,646,-1.0934339622641565,stop,646,-1.0934339622641565,stop,646,-1.0934339622641565,stop,646
2025-11-20,TSLQ,2.0,target,2.0000000000000075,target,832,2.0000000000000075,target,832,2.0000000000000075,target,832,2.0000000000000075,target,832
2025-11-20,TSLR,-1.1054594594594622,stop,-1.1054594594594622,stop,661,-1.1054594594594622,stop,661,-1.1054594594594622,stop,661,-1.1054594594594622,stop,661
2025-11-20,TSLT,-1.0786129032258105,stop,-1.0786129032258103,stop,660,-1.0786129032258103,stop,660,-1.0786129032258103,stop,660,-1.0786129032258103,stop,660
2025-11-20,VIXY,2.0,target,2.0,target,714,2.0,target,714,2.0,target,714,2.0,target,714
2025-11-20,VXX,2.0,target,2.0,target,714,2.0,target,714,2.0,target,714,2.0,target,714
2025-11-28,APLD,1.4759523809523694,eod,1.4759523809523694,eod,955,1.4759523809523694,eod,955,1.4759523809523694,eod,955,1.4759523809523694,eod,955
2025-11-28,APLX,2.0,target,2.0,target,620,2.0,target,620,2.0,target,620,2.0,target,620
2025-11-28,CLSX,-1.0284244604316546,stop,-1.0284244604316546,stop,646,-1.0284244604316546,stop,646,-1.0284244604316546,stop,646,-1.0284244604316546,stop,646
2025-11-28,CORD,-1.0533554610517577,stop,-1.0533554610517575,stop,633,-1.0533554610517575,stop,633,-1.0533554610517575,stop,633,-1.0533554610517575,stop,633
2025-11-28,CRCL,1.1400895230102102,eod,1.1400895230102102,eod,956,1.1400895230102102,eod,956,1.1400895230102102,eod,956,1.1400895230102102,eod,956
2025-11-28,CRDU,2.0,target,2.0,target,792,2.0,target,792,2.0,target,792,2.0,target,792
2025-11-28,INTW,2.0,target,2.0,target,666,2.0,target,666,2.0,target,666,2.0,target,666
2025-11-28,MFI,-1.0622195121951234,stop,-1.0622195121951234,stop,630,-1.0622195121951234,stop,630,-1.0622195121951234,stop,630,-1.0622195121951234,stop,630
2025-11-28,MVLL,1.670886075949369,eod,1.6708860759493693,eod,907,1.6708860759493693,eod,907,1.6708860759493693,eod,907,1.6708860759493693,eod,907
2025-11-28,NVTX,2.0,target,2.0,target,607,2.0,target,607,2.0,target,607,2.0,target,607
2025-11-28,OKLL,-0.6092715231788098,eod,-0.6092715231788098,eod,955,-0.6092715231788098,eod,955,-0.6092715231788098,eod,955,-0.6092715231788098,eod,955
2025-11-28,RIOX,-1.021999999999999,stop,-1.021999999999999,stop,749,-1.021999999999999,stop,749,-1.021999999999999,stop,749,-1.021999999999999,stop,749
2025-11-28,SMST,2.0,target,2.0,target,761,2.0,target,761,2.0,target,761,2.0,target,761
2025-11-28,WULX,-1.2386964633806736,stop,-1.2386964633806736,stop,650,-1.2386964633806736,stop,650,-1.2386964633806736,stop,650,-1.2386964633806736,stop,650
2026-01-23,APLD,-1.0668867924528258,stop,-1.0668867924528258,stop,646,-1.0668867924528258,stop,646,-1.0668867924528258,stop,646,-1.0668867924528258,stop,646
2026-01-23,APLX,2.0,target,2.0,target,636,2.0,target,636,2.0,target,636,2.0,target,636
2026-01-23,APPX,-1.0955221318879846,stop,-1.0955221318879846,stop,747,-1.0955221318879846,stop,747,-1.0955221318879846,stop,747,-1.0955221318879846,stop,747
2026-01-23,BEX,-1.0554306273892538,stop,-1.0554306273892538,stop,752,-1.0554306273892538,stop,752,-1.0554306273892538,stop,752,-1.0554306273892538,stop,752
2026-01-23,CIFU,-1.804129032258064,stop,-1.804129032258064,stop,715,-1.804129032258064,stop,715,-1.804129032258064,stop,715,-1.804129032258064,stop,715
2026-01-23,CLSX,-1.2452015426367675,stop,-1.2452015426367675,stop,720,-1.2452015426367675,stop,720,-1.2452015426367675,stop,720,-1.2452015426367675,stop,720
2026-01-23,CRMX,2.0,target,2.0,target,855,2.0,target,855,2.0,target,855,2.0,target,855
2026-01-23,CRVS,-1.046192982456143,stop,-1.046192982456143,stop,629,-1.046192982456143,stop,629,-1.046192982456143,stop,629,-1.046192982456143,stop,629
2026-01-23,CRWV,-1.067151079136689,stop,-1.067151079136689,stop,672,-1.067151079136689,stop,672,-1.067151079136689,stop,672,-1.067151079136689,stop,672
2026-01-23,HYMC,-1.0486176470588258,stop,-1.0486176470588258,stop,755,-1.0486176470588258,stop,755,-1.0486176470588258,stop,755,-1.0486176470588258,stop,755
2026-01-23,IREN,2.0,target,2.0000000000000115,target,705,2.0000000000000115,target,705,2.0000000000000115,target,705,2.0000000000000115,target,705
2026-01-23,KOLD,-1.0571578947368376,stop,-1.0571578947368376,stop,753,-1.0571578947368376,stop,753,-1.0571578947368376,stop,753,-1.0571578947368376,stop,753
2026-01-23,MUU,-1.0510874172185454,stop,-1.0510874172185454,stop,687,-1.0510874172185454,stop,687,-1.0510874172185454,stop,687,-1.0510874172185454,stop,687
2026-01-23,RKLX,-1.0454539007092152,stop,-1.0454539007092152,stop,667,-1.0454539007092152,stop,667,-1.0454539007092152,stop,667,-1.0454539007092152,stop,667
2026-01-23,SMCZ,-1.428076923076926,stop,-1.4280769230769261,stop,592,-1.4280769230769261,stop,592,-1.4280769230769261,stop,592,-1.4280769230769261,stop,592
2026-01-23,TECX,-0.6813186813186758,eod,-0.6813186813186758,eod,957,-0.6813186813186758,eod,957,-0.6813186813186758,eod,957,-0.6813186813186758,eod,957
2026-01-23,USAR,-1.0476108412667595,stop,-1.0476108412667597,stop,893,-1.0476108412667597,stop,893,-1.0476108412667597,stop,893,-1.0476108412667597,stop,893
2026-01-23,USAU,0.7692307692307699,eod,0.7692307692307699,eod,955,0.7692307692307699,eod,955,0.7692307692307699,eod,955,0.7692307692307699,eod,955
2026-01-23,UUUG,2.0,target,2.0,target,705,2.0,target,705,2.0,target,705,2.0,target,705
2026-01-23,VOYG,2.0,target,2.0,target,746,2.0,target,742,2.0,target,742,2.0,target,746
2026-01-23,WYFI,2.0,target,2.0,target,751,2.0,target,751,2.0,target,751,2.0,target,751
2026-02-13,AKAM,1.0988023952095844,eod,1.0988023952095844,eod,955,1.0988023952095844,eod,955,1.0988023952095844,eod,955,1.0988023952095844,eod,955
2026-02-13,AMSC,-1.083987341772151,stop,-1.083987341772151,stop,643,-1.083987341772151,stop,643,-1.083987341772151,stop,643,-1.083987341772151,stop,643
2026-02-13,APLX,-1.026837322023628,stop,-1.026837322023628,stop,646,-1.026837322023628,stop,646,-1.026837322023628,stop,646,-1.026837322023628,stop,646
2026-02-13,ASTX,-1.0342391742601391,stop,-1.0342391742601391,stop,656,-1.0342391742601391,stop,656,-1.0342391742601391,stop,656,-1.0342391742601391,stop,656
2026-02-13,BE,-1.0813131313131323,stop,-1.0813131313131323,stop,648,-1.0813131313131323,stop,648,-1.0813131313131323,stop,648,-1.0813131313131323,stop,648
2026-02-13,BETR,-1.0551724137931036,stop,-1.0551724137931036,stop,809,-1.0551724137931036,stop,809,-1.0551724137931036,stop,809,-1.0551724137931036,stop,809
2026-02-13,CLMT,2.0,target,2.0,target,645,2.0,target,645,2.0,target,645,2.0,target,645
2026-02-13,CRWL,-1.1271379310344838,stop,-1.1271379310344838,stop,643,-1.1271379310344838,stop,643,-1.1271379310344838,stop,643,-1.1271379310344838,stop,643
2026-02-13,CRWV,-1.037370656370656,stop,-1.037370656370656,stop,781,-1.037370656370656,stop,781,-1.037370656370656,stop,781,-1.037370656370656,stop,781
2026-02-13,CWVX,-1.031626168224297,stop,-1.0316261682242973,stop,594,-1.0316261682242973,stop,594,-1.0316261682242973,stop,594,-1.0316261682242973,stop,594
2026-02-13,DKNG,-1.0442000000000036,stop,-1.0442000000000036,stop,613,-1.0442000000000036,stop,613,-1.0442000000000036,stop,613,-1.0442000000000036,stop,613
2026-02-13,ETHU,0.6338028169014148,eod,0.6338028169014148,eod,955,0.6338028169014148,eod,955,0.6338028169014148,eod,955,0.6338028169014148,eod,955
2026-02-13,FIGR,-1.076425531914888,stop,-1.076425531914888,stop,728,-1.076425531914888,stop,728,-1.076425531914888,stop,728,-1.076425531914888,stop,728
2026-02-13,HOOG,2.0,target,2.000000000000009,target,619,2.000000000000009,target,616,2.000000000000009,target,616,2.000000000000009,target,619
2026-02-13,HUT,-1.043064516129035,stop,-1.043064516129035,stop,869,-1.043064516129035,stop,869,-1.043064516129035,stop,869,-1.043064516129035,stop,869
2026-02-13,IONQ,0.5883737349964685,eod,0.5883737349964685,eod,955,0.5883737349964685,eod,955,0.5883737349964685,eod,955,0.5883737349964685,eod,955
2026-02-13,IPGP,-1.0726857142857091,stop,-1.0726857142857091,stop,648,-1.0726857142857091,stop,648,-1.0726857142857091,stop,648,-1.0726857142857091,stop,648
2026-02-13,NBIS,-1.2085515435501653,stop,-1.2085515435501653,stop,597,-1.2085515435501653,stop,597,-1.0639884233737609,stop,596,-1.0639884233737609,stop,596
2026-02-13,NEBX,-1.1853154761904752,stop,-1.1853154761904752,stop,597,-1.1853154761904752,stop,597,-1.0366547619047615,stop,596,-1.0366547619047615,stop,596
2026-02-13,PDFS,-1.068778971286922,stop,-1.068778971286922,stop,646,-1.068778971286922,stop,646,-1.068778971286922,stop,646,-1.068778971286922,stop,646
2026-02-13,PLTU,-1.1698462222222332,stop,-1.1698462222222332,stop,639,-1.1698462222222332,stop,639,-1.1698462222222332,stop,639,-1.1698462222222332,stop,639
2026-02-13,RGTZ,-1.026824834105989,stop,-1.026824834105989,stop,585,-1.026824834105989,stop,585,-1.026824834105989,stop,585,-1.026824834105989,stop,585
2026-02-13,RKLX,-1.0386610568435914,stop,-1.0386610568435914,stop,649,-1.0386610568435914,stop,649,-1.0386610568435914,stop,649,-1.0386610568435914,stop,649
2026-02-13,ROBN,2.0,target,1.9999999999999918,target,620,1.9999999999999918,target,620,1.9999999999999918,target,620,1.9999999999999918,target,620
2026-02-13,UTSL,2.0,target,2.0,target,639,2.0,target,639,2.0,target,639,2.0,target,639
2026-02-13,VAL,2.0,target,2.0,target,705,2.0,target,705,2.0,target,705,2.0,target,705
2026-02-13,WYNN,-1.0807299333526497,stop,-1.0807299333526497,stop,614,-1.0807299333526497,stop,614,-1.0807299333526497,stop,614,-1.0807299333526497,stop,614
2026-02-18,APLD,-1.0350000000000037,stop,-1.0350000000000037,stop,862,-1.0350000000000037,stop,862,-1.0350000000000037,stop,862,-1.0350000000000037,stop,862
2026-02-18,BEX,2.0,target,1.9999999999999951,target,620,1.9999999999999951,target,604,1.9999999999999951,target,604,1.9999999999999951,target,620
2026-02-18,CAPR,2.0,target,2.000000000000005,target,699,2.000000000000005,target,698,2.000000000000005,target,698,2.000000000000005,target,699
2026-02-18,CCOI,2.0,target,2.0,target,751,2.0,target,751,2.0,target,751,2.0,target,751
2026-02-18,CNK,-1.0517777777777768,stop,-1.0517777777777768,stop,608,-1.0517777777777768,stop,608,-1.0517777777777768,stop,608,-1.0517777777777768,stop,608
2026-02-18,CWVX,2.0,target,2.0,target,683,2.0,target,681,2.0,target,681,2.0,target,683
2026-02-18,DFIN,1.2764227642276451,eod,1.2764227642276451,eod,955,1.2764227642276451,eod,955,1.2764227642276451,eod,955,1.2764227642276451,eod,955
2026-02-18,FIGR,-1.0298110037799268,stop,-1.0298110037799268,stop,949,-1.0298110037799268,stop,949,-1.0298110037799268,stop,949,-1.0298110037799268,stop,949
2026-02-18,GKOS,-1.0672844574780092,stop,-1.0672844574780092,stop,592,-1.0672844574780092,stop,592,-1.0672844574780092,stop,592,-1.0672844574780092,stop,592
2026-02-18,GRAL,-1.0484633569739985,stop,-1.0484633569739983,stop,915,2.0,target,605,2.0,target,605,-1.0484633569739983,stop,915
2026-02-18,HOOG,-1.0414025974025989,stop,-1.0414025974025987,stop,802,-1.0414025974025987,stop,802,-1.0414025974025987,stop,802,-1.0414025974025987,stop,802
2026-02-18,ICLR,-1.0807652173912987,stop,-1.0807652173912987,stop,601,-1.0807652173912987,stop,601,-1.0807652173912987,stop,601,-1.0807652173912987,stop,601
2026-02-18,ISSC,2.0,target,2.0,target,675,2.0,target,668,2.0,target,668,2.0,target,675
2026-02-18,JACK,-1.183544337349392,stop,-1.183544337349392,stop,645,-1.183544337349392,stop,645,-1.183544337349392,stop,645,-1.183544337349392,stop,645
2026-02-18,KLAR,-1.0568667051356029,stop,-1.0568667051356029,stop,607,-1.0568667051356029,stop,607,-1.0568667051356029,stop,607,-1.0568667051356029,stop,607
2026-02-18,KNTK,0.8145161290322551,eod,0.8145161290322551,eod,955,0.8145161290322551,eod,955,0.8145161290322551,eod,955,0.8145161290322551,eod,955
2026-02-18,KOD,2.0,target,1.9999999999999873,target,670,1.9999999999999873,target,662,1.9999999999999873,target,662,1.9999999999999873,target,670
2026-02-18,MSGS,0.0287015945330294,eod,0.028701594533029496,eod,955,0.028701594533029496,eod,955,0.028701594533029496,eod,955,0.028701594533029496,eod,955
2026-02-18,MULL,2.0,target,2.0,target,616,2.0,target,616,2.0,target,616,2.0,target,616
2026-02-18,MUU,2.0,target,2.0000000000000044,target,676,2.0000000000000044,target,676,2.0000000000000044,target,676,2.0000000000000044,target,676
2026-02-18,NEBX,2.0,target,2.0,target,693,2.0,target,693,2.0,target,693,2.0,target,693
2026-02-18,NPO,2.0,target,2.0,target,617,2.0,target,615,2.0,target,615,2.0,target,617
2026-02-18,PL,2.0,target,2.0,target,617,2.0,target,617,2.0,target,617,2.0,target,617
2026-02-18,PLSE,-0.1304347826086996,eod,-0.13043478260869967,eod,955,-0.13043478260869967,eod,955,-0.13043478260869967,eod,955,-0.13043478260869967,eod,955
2026-02-18,QURE,2.0,target,2.0,target,640,2.0,target,640,2.0,target,640,2.0,target,640
2026-02-18,RKLX,0.9098548510313196,eod,0.9098548510313196,eod,955,0.9098548510313196,eod,955,0.9098548510313196,eod,955,0.9098548510313196,eod,955
2026-02-18,ROBN,-1.039577639751555,stop,-1.039577639751555,stop,805,-1.039577639751555,stop,805,-1.039577639751555,stop,805,-1.039577639751555,stop,805
2026-02-18,SAH,2.0,target,2.0,target,816,2.0,target,816,2.0,target,816,2.0,target,816
2026-02-18,SHOP,0.9336801967143024,eod,0.9336801967143024,eod,955,2.0,target,789,2.0,target,789,0.9336801967143024,eod,955
2026-02-18,SNXX,-0.0234375000000008,eod,-0.023437500000000867,eod,955,-0.023437500000000867,eod,955,-0.023437500000000867,eod,955,-0.023437500000000867,eod,955
2026-02-18,WDCX,2.0,target,2.0,target,716,2.0,target,715,2.0,target,715,2.0,target,716
2026-02-18,WULX,-1.1339547704770478,stop,-1.1339547704770478,stop,654,-1.1339547704770478,stop,654,-1.1339547704770478,stop,654,-1.1339547704770478,stop,654
2026-02-26,ASTX,-1.0495940698905748,stop,-1.0495940698905748,stop,616,-1.0495940698905748,stop,616,-1.0495940698905748,stop,616,-1.0495940698905748,stop,616
2026-02-26,BMNZ,2.0,target,2.0,target,715,2.0,target,715,2.0,target,715,2.0,target,715
2026-02-26,CBZ,-1.039500000000002,stop,-1.0395000000000019,stop,660,-1.0395000000000019,stop,660,-1.0395000000000019,stop,660,-1.0395000000000019,stop,660
2026-02-26,CNXC,-1.0396785714285706,stop,-1.0396785714285706,stop,719,-1.0396785714285706,stop,719,-1.0396785714285706,stop,719,-1.0396785714285706,stop,719
2026-02-26,CRSP,2.0,target,2.0,target,694,2.0,target,694,2.0,target,694,2.0,target,694
2026-02-26,EFXT,1.246575342465742,eod,1.246575342465742,eod,955,1.246575342465742,eod,955,1.246575342465742,eod,955,1.246575342465742,eod,955
2026-02-26,ENOV,2.0,target,2.0000000000000067,target,616,2.0000000000000067,target,602,2.0000000000000067,target,602,2.0000000000000067,target,616
2026-02-26,ETHD,-1.2507562189054724,stop,-1.2507562189054724,stop,645,-1.2507562189054724,stop,645,-1.2507562189054724,stop,645,-1.2507562189054724,stop,645
2026-02-26,FTAI,-0.2290502793296078,eod,-0.22905027932960784,eod,955,-0.22905027932960784,eod,955,-0.22905027932960784,eod,955,-0.22905027932960784,eod,955
2026-02-26,FTDR,1.9999999999999956,target,1.9999999999999953,target,899,1.9999999999999953,target,899,1.9999999999999953,target,899,1.9999999999999953,target,899
2026-02-26,IONL,-1.054476190476192,stop,-1.054476190476192,stop,893,-1.054476190476192,stop,893,-1.054476190476192,stop,893,-1.054476190476192,stop,893
2026-02-26,LB,0.2072649572649567,eod,0.20726495726495672,eod,955,0.20726495726495672,eod,955,0.20726495726495672,eod,955,0.20726495726495672,eod,955
2026-02-26,LSTR,2.0,target,2.0,target,885,2.0,target,885,2.0,target,885,2.0,target,885
2026-02-26,MEG,-1.059622222222223,stop,-1.0596222222222227,stop,670,-1.0596222222222227,stop,670,-1.0596222222222227,stop,670,-1.0596222222222227,stop,670
2026-02-26,MIDD,1.6455981941309212,eod,1.6455981941309212,eod,955,1.6455981941309212,eod,955,1.6455981941309212,eod,955,1.6455981941309212,eod,955
2026-02-26,NUTX,-1.1802583246073282,stop,-1.1802583246073282,stop,628,-1.1802583246073282,stop,628,-1.1802583246073282,stop,628,-1.1802583246073282,stop,628
2026-02-26,NXST,2.0,target,2.0,target,640,2.0,target,640,2.0,target,640,2.0,target,640
2026-02-26,PPTA,2.0,target,2.0,target,852,2.0,target,852,2.0,target,852,2.0,target,852
2026-02-26,PRVA,1.1604938271605068,eod,1.1604938271605068,eod,955,1.1604938271605068,eod,955,1.1604938271605068,eod,955,1.1604938271605068,eod,955
2026-02-26,PVLA,-1.095491669389093,stop,-1.095491669389093,stop,823,-1.095491669389093,stop,823,-1.095491669389093,stop,823,-1.095491669389093,stop,823
2026-02-26,RDTL,-1.0342456140350875,stop,-1.0342456140350877,stop,708,-1.0342456140350877,stop,708,-1.0342456140350877,stop,708,-1.0342456140350877,stop,708
2026-02-26,RKLX,-1.0321296296296305,stop,-1.0321296296296305,stop,616,-1.0321296296296305,stop,616,-1.0321296296296305,stop,616,-1.0321296296296305,stop,616
2026-02-26,RNG,2.0,target,2.0000000000000147,target,643,2.0000000000000147,target,643,2.0000000000000147,target,643,2.0000000000000147,target,643
2026-02-26,RVMD,0.6121212121212137,eod,0.6121212121212137,eod,955,0.6121212121212137,eod,955,0.6121212121212137,eod,955,0.6121212121212137,eod,955
2026-02-26,SMCZ,2.0,target,2.0,target,620,2.0,target,620,2.0,target,620,2.0,target,620
2026-02-26,SSG,-0.0588235294117671,eod,-0.05882352941176716,eod,955,-0.05882352941176716,eod,955,-0.05882352941176716,eod,955,-0.05882352941176716,eod,955
2026-02-26,VRDN,2.0,target,2.0000000000000075,target,951,2.0000000000000075,target,623,2.0000000000000075,target,623,2.0000000000000075,target,951
2026-02-26,WRBY,-1.0853548387096783,stop,-1.0853548387096783,stop,721,-1.0853548387096783,stop,721,-1.0853548387096783,stop,721,-1.0853548387096783,stop,721
2026-02-26,XMTR,-1.0675419596811992,stop,-1.0675419596811992,stop,708,-1.0675419596811992,stop,708,-1.0675419596811992,stop,708,-1.0675419596811992,stop,708
2026-03-03,AEHR,-1.0341600000000029,stop,-1.0341600000000029,stop,832,-1.0341600000000029,stop,832,-1.0341600000000029,stop,832,-1.0341600000000029,stop,832
2026-03-03,AGQ,-1.0611097560975602,stop,-1.0611097560975602,stop,847,-1.0611097560975602,stop,847,-1.0611097560975602,stop,847,-1.0611097560975602,stop,847
2026-03-03,ASTS,-1.0505611111111095,stop,-1.0505611111111095,stop,693,-1.0505611111111095,stop,693,-1.0505611111111095,stop,693,-1.0505611111111095,stop,693
2026-03-03,ASTX,2.0,target,2.0,target,740,2.0,target,740,2.0,target,740,2.0,target,740
2026-03-03,BKSY,2.0,target,2.000000000000008,target,816,2.000000000000008,target,816,2.000000000000008,target,816,2.000000000000008,target,816
2026-03-03,BNAI,2.0,target,1.9999999999999938,target,634,1.9999999999999938,target,634,1.9999999999999938,target,634,1.9999999999999938,target,634
2026-03-03,CENX,0.043875387375628,eod,0.043875387375628086,eod,955,0.043875387375628086,eod,955,0.043875387375628086,eod,955,0.043875387375628086,eod,955
2026-03-03,CGON,2.0,target,2.0,target,823,2.0,target,790,2.0,target,790,2.0,target,823
2026-03-03,CORD,2.0,target,2.0,target,599,2.0,target,599,2.0,target,599,2.0,target,599
2026-03-03,CRCL,2.0,target,1.9999999999999918,target,677,1.9999999999999918,target,677,1.9999999999999918,target,677,1.9999999999999918,target,677
2026-03-03,ETHU,-1.0466844670950604,stop,-1.0466844670950604,stop,693,-1.0466844670950604,stop,693,-1.0466844670950604,stop,693,-1.0466844670950604,stop,693
2026-03-03,GDXD,0.386792452830188,eod,0.386792452830188,eod,955,0.386792452830188,eod,955,0.386792452830188,eod,955,0.386792452830188,eod,955
2026-03-03,HOOG,2.0,target,2.0,target,813,2.0,target,813,2.0,target,813,2.0,target,813
2026-03-03,IBTA,-1.0979230769230734,stop,-1.0979230769230734,stop,850,-1.0979230769230734,stop,850,-1.0979230769230734,stop,850,-1.0979230769230734,stop,850
2026-03-03,INTA,2.0,target,2.0,target,682,2.0,target,682,2.0,target,682,2.0,target,682
2026-03-03,IREZ,-1.1280878378378405,stop,-1.1280878378378403,stop,743,-1.1280878378378403,stop,743,-1.1280878378378403,stop,743,-1.1280878378378403,stop,743
2026-03-03,NEBX,-1.0679056603773616,stop,-1.0679056603773616,stop,876,-1.0679056603773616,stop,876,-1.0679056603773616,stop,876,-1.0679056603773616,stop,876
2026-03-03,RKLB,-1.0512805755395696,stop,-1.0512805755395696,stop,868,-1.0512805755395696,stop,868,-1.0512805755395696,stop,868,-1.0512805755395696,stop,868
2026-03-03,RKLX,-1.0563395256261374,stop,-1.0563395256261374,stop,721,-1.0563395256261374,stop,721,-1.0563395256261374,stop,721,-1.0563395256261374,stop,721
2026-03-03,ROBN,-1.063939393939396,stop,-1.063939393939396,stop,702,-1.063939393939396,stop,702,-1.063939393939396,stop,702,-1.063939393939396,stop,702
2026-03-03,SLG,-1.1141176470588157,stop,-1.1141176470588157,stop,845,-1.1141176470588157,stop,845,-1.1141176470588157,stop,845,-1.1141176470588157,stop,845
2026-03-03,SVIX,-1.055136932925134,stop,-1.055136932925134,stop,951,-1.055136932925134,stop,951,-1.055136932925134,stop,951,-1.055136932925134,stop,951
2026-03-03,TEAM,2.0,target,2.0,target,829,2.0,target,822,2.0,target,822,2.0,target,829
2026-03-03,TREE,2.0,target,2.0000000000000058,target,901,2.0000000000000058,target,901,2.0000000000000058,target,901,2.0000000000000058,target,901
2026-03-03,TYRA,0.3139534883721051,eod,0.3139534883721051,eod,955,0.3139534883721051,eod,955,0.3139534883721051,eod,955,0.3139534883721051,eod,955
2026-03-03,UVXY,-1.0370623742454737,stop,-1.0370623742454737,stop,685,-1.0370623742454737,stop,685,-1.0370623742454737,stop,685,-1.0370623742454737,stop,685
2026-03-03,WGS,2.0,target,2.0,target,777,2.0,target,749,2.0,target,749,2.0,target,777
2026-03-09,AEHR,2.0,target,2.0,target,772,2.0,target,772,2.0,target,772,2.0,target,772
2026-03-09,APLX,-1.0814081632653052,stop,-1.0814081632653052,stop,591,-1.0814081632653052,stop,591,-1.0814081632653052,stop,591,-1.0814081632653052,stop,591
2026-03-09,AVGG,2.0,target,2.0,target,747,2.0,target,747,2.0,target,747,2.0,target,747
2026-03-09,AVGU,2.0,target,2.0,target,762,2.0,target,762,2.0,target,762,2.0,target,762
2026-03-09,AVGX,2.0,target,2.0,target,724,2.0,target,724,2.0,target,724,2.0,target,724
2026-03-09,AVL,2.0,target,2.0,target,762,2.0,target,762,2.0,target,762,2.0,target,762
2026-03-09,AXTI,-1.061303571428566,stop,-1.061303571428566,stop,593,-1.061303571428566,stop,593,-1.061303571428566,stop,593,-1.061303571428566,stop,593
2026-03-09,BE,2.0,target,2.0,target,925,2.0,target,925,2.0,target,925,2.0,target,925
2026-03-09,BETA,2.0,target,2.0,target,927,2.0,target,924,2.0,target,924,2.0,target,927
2026-03-09,CCL,0.699186991869916,eod,0.699186991869916,eod,955,0.699186991869916,eod,955,0.699186991869916,eod,955,0.699186991869916,eod,955
2026-03-09,CIEN,1.0991902834007996,eod,1.0991902834007996,eod,955,1.0991902834007996,eod,955,1.0991902834007996,eod,955,1.0991902834007996,eod,955
2026-03-09,CLDX,-1.0714823529411786,stop,-1.0714823529411786,stop,790,-1.0714823529411786,stop,790,-1.0714823529411786,stop,790,-1.0714823529411786,stop,790
2026-03-09,CLS,1.3554301833568363,eod,1.3554301833568365,eod,955,2.0,target,946,2.0,target,946,1.3554301833568365,eod,955
2026-03-09,COHX,0.9042553191489326,eod,0.9042553191489326,eod,955,0.9042553191489326,eod,955,0.9042553191489326,eod,955,0.9042553191489326,eod,955
2026-03-09,CUK,0.8545454545454514,eod,0.8545454545454514,eod,955,0.8545454545454514,eod,955,0.8545454545454514,eod,955,0.8545454545454514,eod,955
2026-03-09,FIGR,-1.0436428571428595,stop,-1.0436428571428595,stop,806,-1.0436428571428595,stop,806,-1.0436428571428595,stop,806,-1.0436428571428595,stop,806
2026-03-09,FSLY,2.0,target,2.0,target,689,2.0,target,689,2.0,target,689,2.0,target,689
2026-03-09,GDXD,-1.0321295664475325,stop,-1.0321295664475325,stop,629,-1.0321295664475325,stop,629,-1.0321295664475325,stop,629,-1.0321295664475325,stop,629
2026-03-09,GEVX,2.0,target,2.000000000000006,target,765,2.000000000000006,target,765,2.000000000000006,target,765,2.000000000000006,target,765
2026-03-09,ISSC,1.1327612317011655,eod,1.1327612317011657,eod,955,1.1327612317011657,eod,955,1.1327612317011657,eod,955,1.1327612317011657,eod,955
2026-03-09,JNUG,-0.0473684210526189,eod,-0.04736842105261898,eod,955,-0.04736842105261898,eod,955,-0.04736842105261898,eod,955,-0.04736842105261898,eod,955
2026-03-09,KORU,2.0,target,2.0,target,673,2.0,target,672,2.0,target,672,2.0,target,673
2026-03-09,LABU,1.0,eod,1.0,eod,955,1.0,eod,955,1.0,eod,955,1.0,eod,955
2026-03-09,LITE,0.3648982696330117,eod,0.3648982696330117,eod,955,0.3648982696330117,eod,955,0.3648982696330117,eod,955,0.3648982696330117,eod,955
2026-03-09,LITX,0.9414893617021354,eod,0.9414893617021354,eod,955,0.9414893617021354,eod,955,0.9414893617021354,eod,955,0.9414893617021354,eod,955
2026-03-09,LNTH,1.3669632606199786,eod,1.3669632606199786,eod,955,1.3669632606199786,eod,955,1.3669632606199786,eod,955,1.3669632606199786,eod,955
2026-03-09,LYEL,-1.078145161290327,stop,-1.078145161290327,stop,628,-1.078145161290327,stop,628,-1.078145161290327,stop,628,-1.078145161290327,stop,628
2026-03-09,MVLL,-1.0818518518518585,stop,-1.0818518518518585,stop,801,-1.0818518518518585,stop,801,-1.0818518518518585,stop,801,-1.0818518518518585,stop,801
2026-03-09,NCLH,0.875,eod,0.875,eod,955,0.875,eod,955,0.875,eod,955,0.875,eod,955
2026-03-09,NUTX,2.0,target,2.0,target,954,2.0,target,954,2.0,target,954,2.0,target,954
2026-03-09,PZZA,-1.0649795918367329,stop,-1.0649795918367329,stop,852,-1.0649795918367329,stop,852,-1.0649795918367329,stop,852,-1.0649795918367329,stop,852
2026-03-09,RCL,0.8611599297012266,eod,0.8611599297012266,eod,955,0.8611599297012266,eod,955,0.8611599297012266,eod,955,0.8611599297012266,eod,955
2026-03-09,RKLX,-1.0369119687771045,stop,-1.0369119687771045,stop,606,-1.0369119687771045,stop,606,-1.0369119687771045,stop,606,-1.0369119687771045,stop,606
2026-03-09,ROBN,-1.0631969696969672,stop,-1.0631969696969672,stop,611,-1.0631969696969672,stop,611,-1.0631969696969672,stop,611,-1.0631969696969672,stop,611
2026-03-09,RRX,0.4108983799705383,eod,0.4108983799705383,eod,955,0.4108983799705383,eod,955,0.4108983799705383,eod,955,0.4108983799705383,eod,955
2026-03-09,SNDK,2.0,target,2.0,target,630,2.0,target,623,2.0,target,623,2.0,target,630
2026-03-09,SNXX,2.0,target,2.0,target,586,2.0,target,586,2.0,target,586,2.0,target,586
2026-03-09,SOXL,2.0,target,2.0,target,756,2.0,target,755,2.0,target,755,2.0,target,756
2026-03-09,SPYU,0.3913043478260856,eod,0.3913043478260856,eod,955,0.3913043478260856,eod,955,0.3913043478260856,eod,955,0.3913043478260856,eod,955
2026-03-09,TER,2.0,target,2.0,target,666,2.0,target,660,2.0,target,660,2.0,target,666
2026-03-09,TNA,0.5567765567765545,eod,0.5567765567765545,eod,955,0.5567765567765545,eod,955,0.5567765567765545,eod,955,0.5567765567765545,eod,955
2026-03-09,TSAT,0.2666666666666704,eod,0.26666666666667044,eod,956,0.26666666666667044,eod,956,0.26666666666667044,eod,956,0.26666666666667044,eod,956
2026-03-09,TSLR,-0.7012987012986973,eod,-0.7012987012986973,eod,955,-0.7012987012986973,eod,955,-0.7012987012986973,eod,955,-0.7012987012986973,eod,955
2026-03-09,TSLT,-0.7031250000000038,eod,-0.7031250000000038,eod,955,-0.7031250000000038,eod,955,-0.7031250000000038,eod,955,-0.7031250000000038,eod,955
2026-03-09,TSMG,-1.682906249999992,stop,-1.682906249999992,stop,803,-1.682906249999992,stop,803,-1.682906249999992,stop,803,-1.682906249999992,stop,803
2026-03-09,TTMI,2.0,target,2.0,target,919,2.0,target,919,2.0,target,919,2.0,target,919
2026-03-09,UAL,0.4670928612408844,eod,0.4670928612408844,eod,955,0.4670928612408844,eod,955,0.4670928612408844,eod,955,0.4670928612408844,eod,955
2026-03-09,UNFI,0.7439613526569984,eod,0.7439613526569984,eod,955,0.7439613526569984,eod,955,0.7439613526569984,eod,955,0.7439613526569984,eod,955
2026-03-09,URTY,0.5521472392638044,eod,0.5521472392638044,eod,955,0.5521472392638044,eod,955,0.5521472392638044,eod,955,0.5521472392638044,eod,955
2026-03-09,UVXY,-1.0624065934065925,stop,-1.0624065934065925,stop,615,-1.0624065934065925,stop,615,-1.0624065934065925,stop,615,-1.0624065934065925,stop,615
2026-03-09,WDC,2.0,target,2.0,target,764,2.0,target,763,2.0,target,763,2.0,target,764
2026-03-09,XOMA,-1.093899999999998,stop,-1.0938999999999979,stop,882,-1.0938999999999979,stop,882,-1.0938999999999979,stop,882,-1.0938999999999979,stop,882
2026-03-17,ASTX,2.0,target,2.0000000000000053,target,620,2.0000000000000053,target,620,2.0000000000000053,target,620,2.0000000000000053,target,620
2026-03-17,ATAT,-1.0410674157303352,stop,-1.0410674157303352,stop,636,-1.0410674157303352,stop,636,-1.0410674157303352,stop,636,-1.0410674157303352,stop,636
2026-03-17,AXTI,-1.0594713375796136,stop,-1.0594713375796136,stop,653,-1.0594713375796136,stop,653,-1.0594713375796136,stop,653,-1.0594713375796136,stop,653
2026-03-17,BEX,-1.043690909090909,stop,-1.043690909090909,stop,602,-1.043690909090909,stop,602,-1.043690909090909,stop,602,-1.043690909090909,stop,602
2026-03-17,BKSY,-1.053063829787236,stop,-1.053063829787236,stop,696,-1.053063829787236,stop,696,-1.053063829787236,stop,696,-1.053063829787236,stop,696
2026-03-17,COHX,-1.031982088145179,stop,-1.0319820881451793,stop,697,-1.0319820881451793,stop,697,-1.0319820881451793,stop,697,-1.0319820881451793,stop,697
2026-03-17,FPS,-0.7919075144508678,eod,-0.7919075144508678,eod,955,-0.7919075144508678,eod,955,-0.7919075144508678,eod,955,-0.7919075144508678,eod,955
2026-03-17,FSLY,-1.0447843137254873,stop,-1.0447843137254873,stop,602,-1.0447843137254873,stop,602,-1.0447843137254873,stop,602,-1.0447843137254873,stop,602
2026-03-17,GLSI,-1.0617723577235785,stop,-1.0617723577235785,stop,757,-1.0617723577235785,stop,757,-1.0617723577235785,stop,757,-1.0617723577235785,stop,757
2026-03-17,ICHR,0.0714285714285725,eod,0.07142857142857252,eod,955,0.07142857142857252,eod,955,0.07142857142857252,eod,955,0.07142857142857252,eod,955
2026-03-17,KMTS,-1.0734000000000048,stop,-1.0734000000000048,stop,671,-1.0734000000000048,stop,671,-1.0734000000000048,stop,671,-1.0734000000000048,stop,671
2026-03-17,LITX,2.0,target,2.0000000000000044,target,847,2.0000000000000044,target,847,2.0000000000000044,target,847,2.0000000000000044,target,847
2026-03-17,MANE,0.788659793814428,eod,0.788659793814428,eod,955,0.788659793814428,eod,955,0.788659793814428,eod,955,0.788659793814428,eod,955
2026-03-17,NP,-1.0723015873015849,stop,-1.0723015873015849,stop,593,-1.0723015873015849,stop,593,-1.0723015873015849,stop,593,-1.0723015873015849,stop,593
2026-03-17,NSP,0.1117318435754206,eod,0.11173184357542064,eod,955,0.11173184357542064,eod,955,0.11173184357542064,eod,955,0.11173184357542064,eod,955
2026-03-17,ONDL,-1.077566666666667,stop,-1.077566666666667,stop,742,-1.077566666666667,stop,742,-1.077566666666667,stop,742,-1.077566666666667,stop,742
2026-03-17,OPEX,-1.2700725190839743,stop,-1.2700725190839743,stop,592,-1.2700725190839743,stop,592,-1.2700725190839743,stop,592,-1.2700725190839743,stop,592
2026-03-17,PL,-1.064000000000002,stop,-1.064000000000002,stop,697,-1.064000000000002,stop,697,-1.064000000000002,stop,697,-1.064000000000002,stop,697
2026-03-17,RCAX,2.0,target,2.0,target,622,2.0,target,621,2.0,target,621,2.0,target,622
2026-03-17,RKLB,2.0,target,2.0,target,954,2.0,target,649,2.0,target,649,2.0,target,954
2026-03-17,RKLX,2.0,target,2.0,target,644,2.0,target,643,2.0,target,643,2.0,target,644
2026-03-17,SEI,-1.073348314606743,stop,-1.073348314606743,stop,664,-1.073348314606743,stop,664,-1.073348314606743,stop,664,-1.073348314606743,stop,664
2026-03-17,TGTX,2.0,target,2.00000000000001,target,791,2.00000000000001,target,791,2.00000000000001,target,791,2.00000000000001,target,791
2026-03-17,TNDM,-1.0650405405405416,stop,-1.0650405405405416,stop,667,-1.0650405405405416,stop,667,-1.0650405405405416,stop,667,-1.0650405405405416,stop,667
2026-03-17,WDCX,2.0,target,2.0,target,777,2.0,target,777,2.0,target,777,2.0,target,777
2026-03-20,BWET,2.0,target,2.0,target,710,2.0,target,710,2.0,target,710,2.0,target,710
2026-03-20,CWVX,-1.0355121951219528,stop,-1.0355121951219528,stop,620,-1.0355121951219528,stop,620,-1.0355121951219528,stop,620,-1.0355121951219528,stop,620
2026-03-20,ETON,-1.0565897435897418,stop,-1.0565897435897418,stop,952,-1.0565897435897418,stop,952,-1.0565897435897418,stop,952,-1.0565897435897418,stop,952
2026-03-20,NEBX,-1.0294263565891475,stop,-1.0294263565891477,stop,595,-1.0294263565891477,stop,595,-1.0294263565891477,stop,595,-1.0294263565891477,stop,595
2026-03-20,PLTZ,-1.0837941176470631,stop,-1.0837941176470631,stop,605,-1.0837941176470631,stop,605,-1.0837941176470631,stop,605,-1.0837941176470631,stop,605
2026-03-20,SEDG,-1.0616190820383082,stop,-1.0616190820383082,stop,741,-1.0616190820383082,stop,741,-1.0616190820383082,stop,741,-1.0616190820383082,stop,741
2026-03-20,UVXY,-1.0464997706211587,stop,-1.0464997706211587,stop,683,-1.0464997706211587,stop,683,-1.0464997706211587,stop,683,-1.0464997706211587,stop,683
2026-03-23,AAOI,-1.0647291666666656,stop,-1.0647291666666656,stop,680,-1.0647291666666656,stop,680,-1.0647291666666656,stop,680,-1.0647291666666656,stop,680
2026-03-23,AGI,-0.0584795321637395,eod,-0.05847953216373958,eod,955,-0.05847953216373958,eod,955,-0.05847953216373958,eod,955,-0.05847953216373958,eod,955
2026-03-23,AGQ,-1.035402595565615,stop,-1.035402595565615,stop,704,-1.035402595565615,stop,704,-1.035402595565615,stop,704,-1.035402595565615,stop,704
2026-03-23,ALB,-1.093365222284747,stop,-1.093365222284747,stop,749,-1.093365222284747,stop,749,-1.093365222284747,stop,749,-1.093365222284747,stop,749
2026-03-23,APPX,-1.0237096774193537,stop,-1.0237096774193535,stop,759,-1.0237096774193535,stop,759,-1.0237096774193535,stop,759,-1.0237096774193535,stop,759
2026-03-23,BKSY,-1.0400000000000025,stop,-1.0400000000000023,stop,703,-1.0400000000000023,stop,703,-1.0400000000000023,stop,703,-1.0400000000000023,stop,703
2026-03-23,BWMN,2.0,target,2.0,target,685,2.0,target,685,2.0,target,685,2.0,target,685
2026-03-23,CLDX,-1.0264560000000018,stop,-1.0264560000000018,stop,592,-1.0264560000000018,stop,592,-1.0264560000000018,stop,592,-1.0264560000000018,stop,592
2026-03-23,CLS,-1.0668891509433984,stop,-1.0668891509433984,stop,696,-1.0668891509433984,stop,696,-1.0668891509433984,stop,696,-1.0668891509433984,stop,696
2026-03-23,CRDU,-1.082646049481243,stop,-1.0826460494812433,stop,649,-1.0826460494812433,stop,649,-1.0826460494812433,stop,649,-1.0826460494812433,stop,649
2026-03-23,CWVX,-1.026674529425782,stop,-1.026674529425782,stop,737,-1.026674529425782,stop,737,-1.026674529425782,stop,737,-1.026674529425782,stop,737
2026-03-23,EGO,0.733333333333325,eod,0.733333333333325,eod,955,0.733333333333325,eod,955,0.733333333333325,eod,955,0.733333333333325,eod,955
2026-03-23,ERX,-1.0899453754282014,stop,-1.0899453754282014,stop,664,-1.0899453754282014,stop,664,-1.0899453754282014,stop,664,-1.0899453754282014,stop,664
2026-03-23,FIX,-1.0547249386871664,stop,-1.0547249386871664,stop,719,-1.0547249386871664,stop,719,-1.0547249386871664,stop,719,-1.0547249386871664,stop,719
2026-03-23,FLY,-1.0634324324324314,stop,-1.0634324324324314,stop,696,-1.0634324324324314,stop,696,-1.0634324324324314,stop,696,-1.0634324324324314,stop,696
2026-03-23,FN,-1.0936695501730165,stop,-1.0936695501730163,stop,627,-1.0936695501730163,stop,627,-1.0936695501730163,stop,627,-1.0936695501730163,stop,627
2026-03-23,FSLY,2.0,target,2.0000000000000084,target,621,2.0000000000000084,target,620,2.0000000000000084,target,620,2.0000000000000084,target,621
2026-03-23,FTAI,-1.0960515014781438,stop,-1.0960515014781438,stop,631,-1.0960515014781438,stop,631,-1.0960515014781438,stop,631,-1.0960515014781438,stop,631
2026-03-23,HYMC,-1.0871430536451163,stop,-1.0871430536451163,stop,697,-1.0871430536451163,stop,697,-1.0871430536451163,stop,697,-1.0871430536451163,stop,697
2026-03-23,IDR,-0.3030303030303042,eod,-0.3030303030303042,eod,955,-0.3030303030303042,eod,955,-0.3030303030303042,eod,955,-0.3030303030303042,eod,955
2026-03-23,IREX,2.0,target,2.0,target,597,2.0,target,594,2.0,target,594,2.0,target,597
2026-03-23,ISSC,-1.0500000000000018,stop,-1.0500000000000018,stop,638,-1.0500000000000018,stop,638,-1.0500000000000018,stop,638,-1.0500000000000018,stop,638
2026-03-23,JNUG,2.0,target,2.0000000000000084,target,670,2.0000000000000084,target,666,2.0000000000000084,target,666,2.0000000000000084,target,670
2026-03-23,KORU,-1.050157612340709,stop,-1.050157612340709,stop,694,-1.050157612340709,stop,694,-1.050157612340709,stop,694,-1.050157612340709,stop,694
2026-03-23,MOD,-1.1641442369607231,stop,-1.1641442369607233,stop,777,-1.1641442369607233,stop,777,-1.1641442369607233,stop,777,-1.1641442369607233,stop,777
2026-03-23,NAIL,-1.0977037037036976,stop,-1.0977037037036976,stop,637,-1.0977037037036976,stop,637,-1.0977037037036976,stop,637,-1.0977037037036976,stop,637
2026-03-23,NBR,-1.09528901734104,stop,-1.0952890173410401,stop,600,-1.0952890173410401,stop,600,-1.0952890173410401,stop,600,-1.0952890173410401,stop,600
2026-03-23,NUGT,2.0,target,2.0,target,666,2.0,target,625,2.0,target,625,2.0,target,666
2026-03-23,OILU,1.1296928327645033,eod,1.1296928327645033,eod,958,1.1296928327645033,eod,958,1.1296928327645033,eod,958,1.1296928327645033,eod,958
2026-03-23,ONDL,-1.0427878787878808,stop,-1.0427878787878808,stop,697,-1.0427878787878808,stop,697,-1.0427878787878808,stop,697,-1.0427878787878808,stop,697
2026-03-23,PAYP,2.0,target,2.0,target,633,2.0,target,633,2.0,target,633,2.0,target,633
2026-03-23,PLTU,0.7588235294117661,eod,0.7588235294117661,eod,955,0.7588235294117661,eod,955,0.7588235294117661,eod,955,0.7588235294117661,eod,955
2026-03-23,SITM,-1.0367295861916337,stop,-1.0367295861916337,stop,800,-1.0367295861916337,stop,800,-1.0367295861916337,stop,800,-1.0367295861916337,stop,800
2026-03-23,SMCI,2.0,target,2.0,target,685,2.0,target,685,2.0,target,685,2.0,target,685
2026-03-23,SNXX,2.0,target,2.0,target,633,2.0,target,633,2.0,target,633,2.0,target,633
2026-03-23,TSEM,-1.0569098228663445,stop,-1.0569098228663443,stop,686,-1.0569098228663443,stop,686,-1.0569098228663443,stop,686,-1.0569098228663443,stop,686
2026-03-23,UVXY,-1.0368370370370346,stop,-1.0368370370370346,stop,815,-1.0368370370370346,stop,815,-1.0368370370370346,stop,815,-1.0368370370370346,stop,815
2026-03-23,VICR,-1.08819289340102,stop,-1.08819289340102,stop,648,-1.08819289340102,stop,648,-1.08819289340102,stop,648,-1.08819289340102,stop,648
2026-03-23,VOYG,2.0,target,2.000000000000006,target,670,2.000000000000006,target,669,2.000000000000006,target,669,2.000000000000006,target,670
2026-03-23,VSTL,-1.0511206896551726,stop,-1.0511206896551726,stop,702,-1.0511206896551726,stop,702,-1.0511206896551726,stop,702,-1.0511206896551726,stop,702
2026-03-23,WPM,-1.084501779359429,stop,-1.084501779359429,stop,650,-1.084501779359429,stop,650,-1.084501779359429,stop,650,-1.084501779359429,stop,650
2026-03-23,YSS,-1.059000000000001,stop,-1.059000000000001,stop,676,-1.059000000000001,stop,676,-1.059000000000001,stop,676,-1.059000000000001,stop,676
2026-04-23,APLX,-1.02537837837838,stop,-1.0253783783783799,stop,706,-1.0253783783783799,stop,706,-1.0253783783783799,stop,706,-1.0253783783783799,stop,706
2026-04-23,BEX,-1.0407030567685585,stop,-1.0407030567685585,stop,598,-1.0407030567685585,stop,598,-1.0407030567685585,stop,598,-1.0407030567685585,stop,598
2026-04-23,CIFR,-1.0948333333333378,stop,-1.0948333333333378,stop,661,-1.0948333333333378,stop,661,-1.0948333333333378,stop,661,-1.0948333333333378,stop,661
2026-04-23,EQPT,-1.1837714285714238,stop,-1.1837714285714238,stop,639,-1.1837714285714238,stop,639,-1.1837714285714238,stop,639,-1.1837714285714238,stop,639
2026-04-23,ERAS,-1.0271219512195122,stop,-1.0271219512195122,stop,824,-1.0271219512195122,stop,824,-1.0271219512195122,stop,824,-1.0271219512195122,stop,824
2026-04-23,INBX,-1.042846416382253,stop,-1.042846416382253,stop,606,-1.042846416382253,stop,606,-1.042846416382253,stop,606,-1.042846416382253,stop,606
2026-04-23,IREG,2.0,target,2.0,target,658,2.0,target,658,2.0,target,658,2.0,target,658
2026-04-23,IREN,0.7746228926353116,eod,0.7746228926353116,eod,955,0.7746228926353116,eod,955,0.7746228926353116,eod,955,0.7746228926353116,eod,955
2026-04-23,JDST,-1.059890909090915,stop,-1.059890909090915,stop,834,-1.059890909090915,stop,834,-1.059890909090915,stop,834,-1.059890909090915,stop,834
2026-04-23,MRVU,2.0,target,1.9999999999999898,target,772,1.9999999999999898,target,772,1.9999999999999898,target,772,1.9999999999999898,target,772
2026-04-23,MVLL,-1.04353548387097,stop,-1.04353548387097,stop,599,-1.04353548387097,stop,599,-1.04353548387097,stop,599,-1.04353548387097,stop,599
2026-04-23,NBIL,-1.0234020618556705,stop,-1.0234020618556705,stop,820,-1.0234020618556705,stop,820,-1.0234020618556705,stop,820,-1.0234020618556705,stop,820
2026-04-23,NEBX,2.0,target,2.0,target,658,2.0,target,658,2.0,target,658,2.0,target,658
2026-04-23,NEU,-1.0715520262869682,stop,-1.0715520262869682,stop,717,-1.0715520262869682,stop,717,-1.0715520262869682,stop,717,-1.0715520262869682,stop,717
2026-04-23,OII,2.0,target,2.0000000000000107,target,686,2.0000000000000107,target,685,2.0000000000000107,target,685,2.0000000000000107,target,686
2026-04-23,PLTZ,2.0,target,2.0,target,785,2.0,target,785,2.0,target,785,2.0,target,785
2026-04-23,SHAZ,2.0,target,2.0,target,633,2.0,target,626,2.0,target,626,2.0,target,633
2026-04-23,TXN,2.0,target,2.0,target,743,2.0,target,695,2.0,target,695,2.0,target,743
2026-04-23,VC,-1.0402906976744175,stop,-1.0402906976744177,stop,596,-1.0402906976744177,stop,596,-1.0402906976744177,stop,596,-1.0402906976744177,stop,596
2026-04-23,WEBS,-1.06520539546291,stop,-1.06520539546291,stop,841,-1.06520539546291,stop,841,-1.06520539546291,stop,841,-1.06520539546291,stop,841
2026-04-24,AAOI,2.0,target,2.0,target,636,2.0,target,636,2.0,target,636,2.0,target,636
2026-04-24,AIP,2.0,target,2.000000000000012,target,841,2.000000000000012,target,841,2.000000000000012,target,841,2.000000000000012,target,841
2026-04-24,AMDL,-1.065384615384613,stop,-1.065384615384613,stop,868,-1.065384615384613,stop,868,-1.065384615384613,stop,868,-1.065384615384613,stop,868
2026-04-24,CRDU,-1.0488330114498534,stop,-1.0488330114498534,stop,685,-1.0488330114498534,stop,685,-1.0488330114498534,stop,685,-1.0488330114498534,stop,685
2026-04-24,GLWG,-1.0721111111111148,stop,-1.0721111111111148,stop,697,-1.0721111111111148,stop,697,-1.0721111111111148,stop,697,-1.0721111111111148,stop,697
2026-04-24,HIMZ,2.0,target,2.0,target,766,2.0,target,766,2.0,target,766,2.0,target,766
2026-04-24,NVDL,2.0,target,2.0,target,668,2.0,target,659,2.0,target,659,2.0,target,668
2026-04-24,OKLS,-1.0569166048007912,stop,-1.0569166048007912,stop,753,-1.0569166048007912,stop,753,-1.0569166048007912,stop,753,-1.0569166048007912,stop,753
2026-04-24,OUST,-1.0601015443198667,stop,-1.0601015443198667,stop,763,-1.0601015443198667,stop,763,-1.0601015443198667,stop,763,-1.0601015443198667,stop,763
2026-04-24,SLM,-1.0514838709677412,stop,-1.0514838709677412,stop,628,-1.0514838709677412,stop,628,-1.0514838709677412,stop,628,-1.0514838709677412,stop,628
2026-04-24,SMCI,-1.0783561643835644,stop,-1.0783561643835644,stop,728,-1.0783561643835644,stop,728,-1.0783561643835644,stop,728,-1.0783561643835644,stop,728
2026-04-24,SMST,2.0,target,2.0,target,629,2.0,target,629,2.0,target,629,2.0,target,629
2026-04-24,SMZ,2.0,target,2.0,target,626,2.0,target,626,2.0,target,626,2.0,target,626
2026-04-24,WOLF,-1.046510948905112,stop,-1.0465109489051119,stop,819,-1.0465109489051119,stop,819,-1.0465109489051119,stop,819,-1.0465109489051119,stop,819
2026-05-11,AAOI,2.0,target,2.0,target,650,2.0,target,650,2.0,target,650,2.0,target,650
2026-05-11,ADEA,2.0,target,2.0,target,777,2.0,target,777,2.0,target,777,2.0,target,777
2026-05-11,ALM,-1.0909130434782637,stop,-1.0909130434782635,stop,588,-1.0909130434782635,stop,588,-1.0909130434782635,stop,588,-1.0909130434782635,stop,588
2026-05-11,AMSC,0.4545454545454567,eod,0.4545454545454567,eod,955,0.4545454545454567,eod,955,0.4545454545454567,eod,955,0.4545454545454567,eod,955
2026-05-11,APLD,2.0,target,2.0,target,610,2.0,target,610,2.0,target,610,2.0,target,610
2026-05-11,APPX,2.0,target,1.9999999999999833,target,913,1.9999999999999833,target,913,1.9999999999999833,target,913,1.9999999999999833,target,913
2026-05-11,ARWR,2.0,target,2.0,target,665,2.0,target,664,2.0,target,664,2.0,target,665
2026-05-11,ASIX,2.0,target,2.0000000000000058,target,697,2.0000000000000058,target,697,2.0000000000000058,target,697,2.0000000000000058,target,697
2026-05-11,ASTX,0.1612903225806448,eod,0.1612903225806448,eod,955,0.1612903225806448,eod,955,0.1612903225806448,eod,955,0.1612903225806448,eod,955
2026-05-11,AXTI,-1.0368393939393954,stop,-1.0368393939393954,stop,651,-1.0368393939393954,stop,651,-1.0368393939393954,stop,651,-1.0368393939393954,stop,651
2026-05-11,BE,-1.066888125148136,stop,-1.0668881251481361,stop,598,-1.0668881251481361,stop,598,-1.0668881251481361,stop,598,-1.0668881251481361,stop,598
2026-05-11,BEX,-1.0343835616438362,stop,-1.0343835616438362,stop,599,-1.0343835616438362,stop,599,-1.0343835616438362,stop,599,-1.0343835616438362,stop,599
2026-05-11,BKSY,0.6122448979591831,eod,0.6122448979591831,eod,955,0.6122448979591831,eod,955,0.6122448979591831,eod,955,0.6122448979591831,eod,955
2026-05-11,BLLN,1.9157303370786485,eod,1.9157303370786485,eod,955,1.9157303370786485,eod,955,1.9157303370786485,eod,955,1.9157303370786485,eod,955
2026-05-11,CDNL,2.0,target,2.0,target,824,2.0,target,824,2.0,target,824,2.0,target,824
2026-05-11,CDRE,0.1422764227642279,eod,0.14227642276422797,eod,955,0.14227642276422797,eod,955,0.14227642276422797,eod,955,0.14227642276422797,eod,955
2026-05-11,CIFR,-1.058056338028173,stop,-1.0580563380281727,stop,921,-1.0580563380281727,stop,921,-1.0580563380281727,stop,921,-1.0580563380281727,stop,921
2026-05-11,CLFD,2.0,target,2.0,target,686,2.0,target,686,2.0,target,686,2.0,target,686
2026-05-11,CLSX,2.0,target,2.0000000000000067,target,624,2.0000000000000067,target,624,2.0000000000000067,target,624,2.0000000000000067,target,624
2026-05-11,CMP,-1.1447868852459069,stop,-1.1447868852459069,stop,706,-1.1447868852459069,stop,706,-1.1447868852459069,stop,706,-1.1447868852459069,stop,706
2026-05-11,CRCA,1.999999999999997,target,1.9999999999999971,target,705,1.9999999999999971,target,705,1.9999999999999971,target,705,1.9999999999999971,target,705
2026-05-11,CRCL,-1.0596650485436914,stop,-1.0596650485436914,stop,675,-1.0596650485436914,stop,675,-1.0596650485436914,stop,675,-1.0596650485436914,stop,675
2026-05-11,CRDO,2.0,target,2.0,target,655,2.0,target,654,2.0,target,654,2.0,target,655
2026-05-11,CSEX,-0.4461538461538458,eod,-0.4461538461538458,eod,959,-0.4461538461538458,eod,959,-0.4461538461538458,eod,959,-0.4461538461538458,eod,959
2026-05-11,CWVX,-1.0366197183098609,stop,-1.0366197183098607,stop,759,-1.0366197183098607,stop,759,-1.0366197183098607,stop,759,-1.0366197183098607,stop,759
2026-05-11,FLNC,2.0,target,2.0,target,689,2.0,target,689,2.0,target,689,2.0,target,689
2026-05-11,FLYT,-1.1295950920245377,stop,-1.1295950920245375,stop,743,-1.1295950920245375,stop,743,-1.1295950920245375,stop,743,-1.1295950920245375,stop,743
2026-05-11,GLUE,-0.6666666666666666,eod,-0.6666666666666666,eod,955,-0.6666666666666666,eod,955,-0.6666666666666666,eod,955,-0.6666666666666666,eod,955
2026-05-11,GLWG,1.036363636363631,eod,1.036363636363631,eod,955,1.036363636363631,eod,955,1.036363636363631,eod,955,1.036363636363631,eod,955
2026-05-11,HIMZ,-1.066314960629923,stop,-1.066314960629923,stop,876,-1.066314960629923,stop,876,-1.066314960629923,stop,876,-1.066314960629923,stop,876
2026-05-11,HL,1.0167796610169522,eod,1.0167796610169522,eod,955,1.0167796610169522,eod,955,1.0167796610169522,eod,955,1.0167796610169522,eod,955
2026-05-11,HUTG,2.0,target,2.0,target,634,2.0,target,634,2.0,target,634,2.0,target,634
2026-05-11,IONQ,2.0,target,2.0,target,595,2.0,target,595,2.0,target,595,2.0,target,595
2026-05-11,IPI,2.0,target,2.0,target,626,2.0,target,623,2.0,target,623,2.0,target,626
2026-05-11,IREG,-1.0617856281649405,stop,-1.0617856281649405,stop,840,-1.0617856281649405,stop,840,-1.0617856281649405,stop,840,-1.0617856281649405,stop,840
2026-05-11,LINC,2.0,target,2.0,target,596,2.0,target,596,2.0,target,596,2.0,target,596
2026-05-11,LITE,2.0,target,2.0,target,657,2.0,target,657,2.0,target,657,2.0,target,657
2026-05-11,LUNR,2.0,target,2.0,target,609,2.0,target,609,2.0,target,609,2.0,target,609
2026-05-11,MRVU,0.3729508196721359,eod,0.37295081967213595,eod,955,0.37295081967213595,eod,955,0.37295081967213595,eod,955,0.37295081967213595,eod,955
2026-05-11,MUX,-1.0518571428571446,stop,-1.0518571428571446,stop,600,-1.0518571428571446,stop,600,-1.0518571428571446,stop,600,-1.0518571428571446,stop,600
2026-05-11,MVLL,-1.054109803921568,stop,-1.054109803921568,stop,592,-1.054109803921568,stop,592,-1.054109803921568,stop,592,-1.054109803921568,stop,592
2026-05-11,NAMS,-0.3868613138686146,eod,-0.38686131386861466,eod,955,-0.38686131386861466,eod,955,-0.38686131386861466,eod,955,-0.38686131386861466,eod,955
2026-05-11,NESR,-1.0900357142857195,stop,-1.0900357142857195,stop,779,-1.0900357142857195,stop,779,-1.0900357142857195,stop,779,-1.0900357142857195,stop,779
2026-05-11,NVTS,-1.0286967741935484,stop,-1.0286967741935484,stop,660,-1.0286967741935484,stop,660,-1.0286967741935484,stop,660,-1.0286967741935484,stop,660
2026-05-11,NVTX,-1.0280392670157084,stop,-1.0280392670157084,stop,656,-1.0280392670157084,stop,656,-1.0280392670157084,stop,656,-1.0280392670157084,stop,656
2026-05-11,OKLO,2.0,target,2.0,target,641,2.0,target,641,2.0,target,641,2.0,target,641
2026-05-11,OUST,2.0,target,2.0,target,608,2.0,target,608,2.0,target,608,2.0,target,608
2026-05-11,PBT,2.0,target,2.000000000000009,target,911,2.000000000000009,target,911,2.000000000000009,target,911,2.000000000000009,target,911
2026-05-11,PL,2.0,target,2.0000000000000093,target,634,2.0000000000000093,target,634,2.0000000000000093,target,634,2.0000000000000093,target,634
2026-05-11,PLU,2.0,target,2.0,target,634,2.0,target,634,2.0,target,634,2.0,target,634
2026-05-11,PRCT,-1.1287222222222244,stop,-1.1287222222222244,stop,793,-1.1287222222222244,stop,793,-1.1287222222222244,stop,793,-1.1287222222222244,stop,793
2026-05-11,PRIM,-1.0619457364341085,stop,-1.0619457364341083,stop,675,-1.0619457364341083,stop,675,-1.0619457364341083,stop,675,-1.0619457364341083,stop,675
2026-05-11,QBTS,2.0,target,2.0,target,684,2.0,target,684,2.0,target,684,2.0,target,684
2026-05-11,QUIK,-1.0339707349517808,stop,-1.0339707349517808,stop,623,-1.0339707349517808,stop,623,-1.0339707349517808,stop,623,-1.0339707349517808,stop,623
2026-05-11,RIOX,2.0,target,2.0,target,792,2.0,target,792,2.0,target,792,2.0,target,792
2026-05-11,RKLB,2.0,target,1.999999999999996,target,868,1.999999999999996,target,868,1.999999999999996,target,868,1.999999999999996,target,868
2026-05-11,RKLX,2.0,target,2.0,target,665,2.0,target,639,2.0,target,639,2.0,target,665
2026-05-11,ROBN,2.0,target,2.000000000000016,target,737,2.000000000000016,target,736,2.000000000000016,target,736,2.000000000000016,target,737
2026-05-11,SATG,-1.073296296296298,stop,-1.073296296296298,stop,765,-1.073296296296298,stop,765,-1.073296296296298,stop,765,-1.073296296296298,stop,765
2026-05-11,SHAZ,-1.029255319148936,stop,-1.029255319148936,stop,632,-1.029255319148936,stop,632,-1.029255319148936,stop,632,-1.029255319148936,stop,632
2026-05-11,SOLT,0.1849315068493171,eod,0.1849315068493171,eod,955,0.1849315068493171,eod,955,0.1849315068493171,eod,955,0.1849315068493171,eod,955
2026-05-11,TSLR,2.0,target,2.0,target,700,2.0,target,697,2.0,target,697,2.0,target,700
2026-05-11,TSLT,2.0,target,2.0000000000000124,target,700,2.0000000000000124,target,697,2.0000000000000124,target,697,2.0000000000000124,target,700
2026-05-11,USAX,2.0,target,2.0,target,689,2.0,target,689,2.0,target,689,2.0,target,689
2026-05-11,USGG,2.0,target,2.000000000000005,target,811,2.000000000000005,target,811,2.000000000000005,target,811,2.000000000000005,target,811
2026-05-11,WOLF,2.0,target,2.0,target,663,2.0,target,663,2.0,target,663,2.0,target,663
2026-05-11,WULF,-1.0561647058823498,stop,-1.0561647058823498,stop,648,-1.0561647058823498,stop,648,-1.0561647058823498,stop,648,-1.0561647058823498,stop,648
2026-05-11,XE,2.0,target,2.000000000000012,target,720,2.000000000000012,target,625,2.000000000000012,target,625,2.000000000000012,target,720
2026-05-11,ZLAB,-1.067299999999999,stop,-1.067299999999999,stop,842,2.000000000000012,target,682,2.000000000000012,target,682,-1.067299999999999,stop,842
