symbol,date,vol_open5,n_prior,rvol_open5
APM,2025-01-02,261632.0,9,
ATCH,2025-01-02,30253.0,14,0.4353383636395406
CALY,2025-01-02,681417.0,14,8.133485206439715
ETHT,2025-01-02,159888.0,14,2.95441340870605
ETHU,2025-01-02,2241253.0,14,2.856934924249329
GRRR,2025-01-02,377318.0,14,1.3765856612804956
HOLO,2025-01-02,2964845.0,14,2.26651516460369
ICG,2025-01-02,15510.0,10,1.1797009294613383
INTZ,2025-01-02,872698.0,14,0.8246365335515486
IVDA,2025-01-02,39585.0,14,1.0843232053657554
KULR,2025-01-02,2926306.0,14,0.802511761344592
LAES,2025-01-02,5292266.0,14,0.9466143399191662
MLGO,2025-01-02,618930.0,14,1.1882485845955617
MSTU,2025-01-02,3235950.0,14,1.9883153507040625
NUAI,2025-01-02,154792.0,14,7.499145263653289
OST,2025-01-02,52503.0,14,2.078703415666024
PONY,2025-01-02,97408.0,14,1.953467851218597
RGTI,2025-01-02,8699637.0,14,0.8133701378420727
RGTIW,2025-01-02,67576.0,14,0.5592469002615751
SATL,2025-01-02,28361.0,14,0.379504207431536
SPCB,2025-01-02,682140.0,14,53.670456397489
TSLQ,2025-01-02,3370684.0,14,6.576284470408544
U,2025-01-02,4795404.0,14,16.4611721436584
XPON,2025-01-02,3192471.0,14,362.5806697601973
ZVIA,2025-01-02,84899.0,14,1.6837308265479005
CRNC,2025-01-03,9790053.0,14,85.06258141753237
KC,2025-01-03,234897.0,14,0.5945657450472562
KORU,2025-01-03,386638.0,14,1.935472475040208
MNSO,2025-01-03,138496.0,14,3.2197621724307997
ONDS,2025-01-03,5418156.0,14,6.586686960242745
QSI,2025-01-03,12112981.0,14,5.5961483396442535
RGP,2025-01-03,68075.0,14,6.501377974241432
SIDU,2025-01-03,349283.0,14,0.21354361793299964
SPCB,2025-01-03,3037099.0,14,49.473131466389894
ZYME,2025-01-03,155416.0,14,8.893437697982874
ALLT,2025-01-06,165362.0,14,3.1168662614186373
AMDL,2025-01-06,2082796.0,14,3.605708414518769
AMPG,2025-01-06,1898303.0,14,2.342509164445978
AMPX,2025-01-06,830218.0,14,3.687607751714668
ARBE,2025-01-06,9988550.0,14,139.51254308646224
ASAN,2025-01-06,385621.0,14,2.0285462964250245
ASPN,2025-01-06,150443.0,14,3.031780258756197
CMTL,2025-01-06,148349.0,14,4.204188630051578
CPRI,2025-01-06,277322.0,14,2.8104606105618086
CRNC,2025-01-06,7656726.0,14,9.507180529369474
DFNS,2025-01-06,46301.0,14,0.1293961708982679
FUBO,2025-01-06,25052498.0,14,55.42055567353832
GXAI,2025-01-06,163233.0,14,0.884290075804186
IDAI,2025-01-06,26239.0,14,0.07405148161019731
KITT,2025-01-06,2588354.0,14,15.115654901967327
KORU,2025-01-06,832546.0,14,3.8107326272233766
KTOS,2025-01-06,391727.0,14,5.511121874846123
KULR,2025-01-06,6902182.0,14,1.7633883492900855
LAES,2025-01-06,12813232.0,14,2.9968102228968183
LCID,2025-01-06,15521567.0,14,4.566905162912748
LTBR,2025-01-06,241501.0,14,5.3738625689213695
MP,2025-01-06,437597.0,14,6.755788013422567
MSTU,2025-01-06,4163160.0,14,2.125418967532138
NUAI,2025-01-06,73845.0,14,2.357280154320073
NVDX,2025-01-06,1599878.0,14,2.6765731324220816
ONDS,2025-01-06,1445645.0,14,1.2161123135951168
OPTX,2025-01-06,48772.0,14,0.15134417229804611
OSCR,2025-01-06,179958.0,14,1.7166299867134536
PATH,2025-01-06,1373274.0,14,4.505888101808722
PBYI,2025-01-06,226315.0,14,6.599548006123788
PDYN,2025-01-06,617976.0,14,0.6672702565688992
PPTA,2025-01-06,347667.0,14,11.073305790388483
PTLE,2025-01-06,75346.0,14,1.2205042642973427
QS,2025-01-06,3031839.0,14,3.3968360722685484
RR,2025-01-06,7764314.0,14,4.743780738452537
SEDG,2025-01-06,764707.0,14,2.6571813703651213
SERV,2025-01-06,3087511.0,14,4.4202448024599885
SKYT,2025-01-06,179234.0,14,1.3066226348383616
SMR,2025-01-06,1273275.0,14,2.346960459189719
SOWG,2025-01-06,49054.0,14,4.975987943252134
STM,2025-01-06,565364.0,14,3.4623020464297167
SYM,2025-01-06,273588.0,14,4.683024879660887
TSLL,2025-01-06,6859315.0,14,1.7087361292784768
UNG,2025-01-06,1697383.0,14,5.712083000015384
VECO,2025-01-06,30942.0,14,1.725353683405557
VUZI,2025-01-06,358022.0,14,1.6729056338277315
WOLF,2025-01-06,1247739.0,14,3.0041930260694745
ARBE,2025-01-07,5351345.0,14,6.821567781374261
AUR,2025-01-07,14560941.0,14,41.086077266823764
BMEA,2025-01-07,131027.0,14,2.422059171097611
DHT,2025-01-07,74374.0,14,1.1030579879951778
ENVX,2025-01-07,3304067.0,14,9.021964457036242
FRO,2025-01-07,789009.0,14,5.095370351150319
FUBO,2025-01-07,21355113.0,14,9.590098574734194
GETY,2025-01-07,2498311.0,14,110.34246324689255
IMRX,2025-01-07,13876817.0,14,770.2343426013663
MOB,2025-01-07,74670.0,14,1.8264761997945307
MSAI,2025-01-07,1462553.0,13,291.430066982419
MSTZ,2025-01-07,1089767.0,14,1.7831303644137306
MUU,2025-01-07,45492.0,14,1.0094560024852517
NRXP,2025-01-07,234287.0,14,1.6425459121613333
NVNI,2025-01-07,74121.0,13,0.2524111493621175
PBYI,2025-01-07,176155.0,14,3.645220080142015
SATL,2025-01-07,129878.0,14,2.029047092445189
SMST,2025-01-07,879413.0,14,0.8770081184523296
ZENA,2025-01-07,344077.0,14,4.6526127904696875
ABSI,2025-01-08,7029001.0,14,68.00781350964526
ANGO,2025-01-08,439604.0,14,28.56399736380429
SANA,2025-01-08,22715831.0,14,322.67427436202604
SLDB,2025-01-08,227267.0,14,18.073127783331817
VIR,2025-01-08,6200919.0,14,209.81910859429945
AIV,2025-01-10,194221.0,14,6.217672763693156
AMPX,2025-01-10,307181.0,14,0.9802021472878553
API,2025-01-10,106843.0,14,2.327676248334931
ARHS,2025-01-10,602943.0,14,25.886587505060046
BAER,2025-01-10,3141940.0,14,439.5331594672102
BCRX,2025-01-10,479855.0,14,8.716180536544417
CDZI,2025-01-10,211143.0,14,7.535112427574006
CPRI,2025-01-10,404595.0,14,5.533771723722222
DHT,2025-01-10,77864.0,14,1.2260213038994165
FRO,2025-01-10,1152455.0,14,5.694649009212386
FUBO,2025-01-10,8293444.0,14,2.0576225391441634
GFI,2025-01-10,423564.0,14,4.567737343563807
HAFN,2025-01-10,487272.0,14,3.0058227889374503
HMY,2025-01-10,1116524.0,14,6.443690340154899
INDO,2025-01-10,503444.0,14,16.336113106964888
KITT,2025-01-10,641675.0,14,1.5737652132797897
LABD,2025-01-10,681594.0,14,1.4180467595167745
LAES,2025-01-10,8324802.0,14,1.7174626948062368
MYSE,2025-01-10,311171.0,14,3.029984816669808
PENG,2025-01-10,273361.0,14,9.422968870416925
PRM,2025-01-10,16143.0,14,0.6093669111302847
RPRX,2025-01-10,225536.0,14,4.352890412073103
SANA,2025-01-10,3944420.0,14,2.3386440315766333
UCO,2025-01-10,436131.0,14,9.121516967737694
UNG,2025-01-10,1065760.0,14,2.5787741082136484
UVIX,2025-01-10,7550697.0,14,4.043128201956609
UVXY,2025-01-10,1549623.0,14,2.732762966461974
WKEY,2025-01-10,111297.0,14,0.6001513707138111
ZENA,2025-01-10,53076.0,14,0.686014359822778
ZNTL,2025-01-10,196347.0,14,5.979665043147611
AEO,2025-01-13,601984.0,14,6.715321906571039
ARQT,2025-01-13,160764.0,14,2.0496331380561097
BAER,2025-01-13,830350.0,14,3.589138448077147
BTCZ,2025-01-13,103834.0,14,7.338869844859879
GRRR,2025-01-13,1106171.0,14,2.662856639786014
INTZ,2025-01-13,1126057.0,14,0.8935709115560349
JELD,2025-01-13,50836.0,14,2.2314597370673575
MSTZ,2025-01-13,1278852.0,14,1.3683362030244908
MYSE,2025-01-13,971081.0,14,7.779877697751154
NUS,2025-01-13,64533.0,14,1.9169980266926945
NVDQ,2025-01-13,2891523.0,14,2.870095278663112
NVDS,2025-01-13,196899.0,14,4.533150247905343
OPCH,2025-01-13,230821.0,14,5.83873392380271
OPFI,2025-01-13,244187.0,14,4.467094130452678
ORIC,2025-01-13,64510.0,14,5.275196401974242
SBIT,2025-01-13,886480.0,14,5.372545590395952
SMST,2025-01-13,1766829.0,14,1.9517128020228196
SOXS,2025-01-13,4554162.0,14,2.0184417010493303
TSLQ,2025-01-13,243149.0,14,0.37544331853509333
TXG,2025-01-13,311506.0,14,7.823105431401603
UVIX,2025-01-13,2488074.0,14,1.0450638268929902
UVXY,2025-01-13,409343.0,14,0.6328874291690457
VRME,2025-01-13,2024997.0,14,6.167582269360364
ACHR,2025-01-14,2876041.0,14,1.060135865753916
ACMR,2025-01-14,299313.0,14,5.02957094109217
AISP,2025-01-14,196841.0,14,0.5420826137920982
AMPX,2025-01-14,500893.0,14,1.4326508231023538
APLD,2025-01-14,3971887.0,14,5.458521058771965
ARBE,2025-01-14,844743.0,14,0.6154411463947647
ATOM,2025-01-14,34371.0,14,0.38255003144231586
AUR,2025-01-14,682101.0,14,0.45676582489364836
BBAI,2025-01-14,1704297.0,14,0.5323027550255428
BILI,2025-01-14,409217.0,14,1.7019591859288212
BTBT,2025-01-14,730936.0,14,1.1010787083045863
BTDR,2025-01-14,697718.0,14,1.2396373191792753
CIFR,2025-01-14,361543.0,14,0.995805758145759
ETHT,2025-01-14,41814.0,14,0.7292782164329157
ETHU,2025-01-14,459143.0,14,0.5366522162443941
GDS,2025-01-14,186382.0,14,2.5772025525618956
HIVE,2025-01-14,390627.0,14,1.0738572401121695
HSAI,2025-01-14,386121.0,14,1.9889552647380877
HUT,2025-01-14,499536.0,14,1.8389164295986098
IREN,2025-01-14,1141901.0,14,1.6059480681697065
KC,2025-01-14,130870.0,14,0.3628026044766869
LUNR,2025-01-14,845698.0,14,0.7642651152474602
MBLY,2025-01-14,542196.0,14,1.6472275255772653
MSTU,2025-01-14,5339938.0,14,1.875945091082006
NNE,2025-01-14,458929.0,14,2.024719517521607
NVTS,2025-01-14,512586.0,14,1.2465422290654256
OKLO,2025-01-14,537247.0,14,0.696470569497854
OPFI,2025-01-14,309326.0,14,4.383721000856385
PDYN,2025-01-14,383145.0,14,0.3641143057294057
PLTU,2025-01-14,46046.0,14,1.2891513499569045
POET,2025-01-14,196835.0,14,0.8119069112953787
QBTS,2025-01-14,7802352.0,14,1.3054364395159397
QMCO,2025-01-14,126575.0,14,0.7303955936790414
QTRX,2025-01-14,118024.0,14,6.969764459742188
QUBT,2025-01-14,3609105.0,14,1.210943034655843
RCAT,2025-01-14,542064.0,14,0.6270244723841881
RGTI,2025-01-14,19690197.0,14,1.573872518263784
RILY,2025-01-14,633854.0,14,20.528924319747563
SERV,2025-01-14,1051620.0,14,0.9190509105843219
SOUN,2025-01-14,5993880.0,14,1.3805520225962569
SPRY,2025-01-14,50156.0,14,1.234368325478456
TDOC,2025-01-14,1066987.0,14,6.616791919778947
TGTX,2025-01-14,967411.0,14,12.727991564639147
TIGR,2025-01-14,584526.0,14,2.9477861968477415
TSLL,2025-01-14,8791790.0,14,1.9859906286975109
UMAC,2025-01-14,63219.0,14,0.2853289016623602
VRME,2025-01-14,1081616.0,14,2.3036584093150254
WGMI,2025-01-14,22285.0,14,0.7081475899512452
WOLF,2025-01-14,920381.0,14,1.3694530088393058
WULF,2025-01-14,3053232.0,14,2.4799935391161956
XPEV,2025-01-14,1403117.0,14,2.0145316824890243
YINN,2025-01-14,1172458.0,14,2.723685747586013
ACHR,2025-01-15,1677082.0,14,0.6019809224092529
AIOT,2025-01-15,111252.0,14,1.487062076445551
AMSC,2025-01-15,56336.0,14,1.1085290384785667
ARQQ,2025-01-15,206143.0,14,2.4420909225529392
ASAN,2025-01-15,419892.0,14,3.137258334285071
ASPN,2025-01-15,65288.0,14,1.1359034838953415
ATOM,2025-01-15,67930.0,14,0.7675991199027566
BBAI,2025-01-15,1104789.0,14,0.3512611730675708
BCS,2025-01-15,451211.0,14,2.2882498582738204
BEAM,2025-01-15,97073.0,14,3.019720074925175
BFLY,2025-01-15,112537.0,14,0.7238692170953397
BTBT,2025-01-15,733554.0,14,1.144935180301474
BTDR,2025-01-15,915372.0,14,1.6151048862210788
CDNA,2025-01-15,78261.0,14,2.6440675511967218
CERT,2025-01-15,87409.0,14,7.540133707138236
CIFR,2025-01-15,394195.0,14,1.1714967000556376
COGT,2025-01-15,136877.0,14,7.019076224314127
COMP,2025-01-15,746825.0,14,6.878438627226658
CWK,2025-01-15,45981.0,14,1.7022074378067356
DBI,2025-01-15,80508.0,14,4.572870601027272
DFH,2025-01-15,31530.0,14,2.425411268255695
DNA,2025-01-15,71296.0,14,1.0889861343405547
DRN,2025-01-15,170417.0,14,3.3684003953127206
EYPT,2025-01-15,20959.0,14,1.1190880278870026
FCEL,2025-01-15,80439.0,14,1.2355909385652986
FSLY,2025-01-15,110419.0,14,1.3193483936437056
FUBO,2025-01-15,4814133.0,14,0.9845261613771078
GCT,2025-01-15,90626.0,14,1.2548216763540303
GLUE,2025-01-15,47989.0,14,2.6644167278063096
HIMX,2025-01-15,394438.0,14,4.641617214423804
HIVE,2025-01-15,755475.0,14,2.0415393758747573
HTZ,2025-01-15,403441.0,14,2.6779499331718455
HUT,2025-01-15,441315.0,14,1.575705347861437
IREN,2025-01-15,1236426.0,14,1.6867824582055169
JELD,2025-01-15,59774.0,14,3.198963286900411
JOBY,2025-01-15,1362380.0,14,1.067316054888212
LAES,2025-01-15,21301293.0,14,3.4632521259297215
LUMN,2025-01-15,779630.0,14,2.538662029781567
MSTU,2025-01-15,2194673.0,14,0.7151927454637559
NEO,2025-01-15,165031.0,14,6.511309513744456
NNE,2025-01-15,391773.0,14,1.657123520889951
NNOX,2025-01-15,256129.0,14,1.002390100121434
NTLA,2025-01-15,202547.0,14,1.4374888157891403
NVTS,2025-01-15,536404.0,14,1.2753077394007477
OKLO,2025-01-15,863707.0,14,1.1612736740437106
OMER,2025-01-15,30250.0,14,1.6116878767582048
OPFI,2025-01-15,349522.0,14,3.940334226891954
OUST,2025-01-15,98798.0,14,0.8856364808683409
PDYN,2025-01-15,1423917.0,14,1.331379558859977
PGY,2025-01-15,174235.0,14,2.410477561704941
PL,2025-01-15,237000.0,14,0.7752597283646926
PLTU,2025-01-15,101129.0,14,2.6917794415693552
POET,2025-01-15,240642.0,14,0.9730463187871682
PRCH,2025-01-15,173557.0,14,2.895871074159532
QBTS,2025-01-15,22659524.0,14,3.7136400295819114
QMCO,2025-01-15,441139.0,14,2.6135541219062692
QUBT,2025-01-15,8920730.0,14,3.126306724569033
RCAT,2025-01-15,1190530.0,14,1.3913376948685585
RGTI,2025-01-15,59329862.0,14,4.461438825263503
RGTIW,2025-01-15,447929.0,14,2.895580953366
RKT,2025-01-15,1018310.0,14,14.612145748987855
RUM,2025-01-15,226711.0,14,0.32041508791301865
RUN,2025-01-15,1128062.0,14,2.7082723982670207
SERV,2025-01-15,1100019.0,14,0.9285198569887064
SKYT,2025-01-15,32901.0,14,0.37768155180910196
SMX,2025-01-15,42302.0,14,0.03085853214747409
SOFI,2025-01-15,4883750.0,14,2.2897186950520676
SOXL,2025-01-15,9852330.0,14,2.9283261160477863
TALK,2025-01-15,80918.0,14,1.241141605039715
TSLL,2025-01-15,2249808.0,14,0.469707457336186
URGN,2025-01-15,27844.0,14,2.0100964786081503
VNET,2025-01-15,282776.0,14,0.646073001086889
VRME,2025-01-15,244999.0,14,0.44812623676160446
VUZI,2025-01-15,121366.0,14,0.5313118066128639
WKEY,2025-01-15,201597.0,14,1.3155576893496226
WOLF,2025-01-15,2654230.0,14,3.7367604181478433
WULF,2025-01-15,1875743.0,14,1.360072628631069
WVE,2025-01-15,53781.0,14,2.9878570464844962
XXII,2025-01-15,1626139.0,14,24.44494719831636
API,2025-01-16,117971.0,14,2.4849489722992484
ARQQ,2025-01-16,109456.0,14,1.213110341628232
BBAI,2025-01-16,2800862.0,14,0.9225643262931107
DAN,2025-01-16,163563.0,14,6.819143423803313
HUYA,2025-01-16,435916.0,14,9.498558754863813
IMNM,2025-01-16,42843.0,14,3.2488638764157534
INTZ,2025-01-16,1147697.0,14,0.8293995708097127
LTH,2025-01-16,164543.0,14,10.67268035266701
MBIO,2025-01-16,16398.0,14,0.031146144244858086
QUBT,2025-01-16,5828706.0,14,1.8608345869352725
BMBL,2025-01-17,580507.0,14,10.666700791297695
BZAI,2025-01-17,51101.0,3,
CIFR,2025-01-17,817727.0,14,2.3696192543887884
CLSK,2025-01-17,2066713.0,14,1.6031065069742436
ETHT,2025-01-17,54461.0,14,0.9043018901939296
ETHU,2025-01-17,2297276.0,14,3.1269109048294847
IBRX,2025-01-17,1508200.0,14,6.769256416668269
INTC,2025-01-17,28077980.0,14,11.722781132885281
IREN,2025-01-17,1384321.0,14,1.7842640393051012
ISPC,2025-01-17,752678.0,14,170.95772088646615
LAES,2025-01-17,5735788.0,14,0.8219532014317729
MARA,2025-01-17,2662340.0,14,1.440109889982515
MSTU,2025-01-17,6061073.0,14,1.991922826044677
SSL,2025-01-17,219932.0,14,2.349552035394584
VS,2025-01-17,7442178.0,13,1671.5038440939168
WKEY,2025-01-17,89063.0,14,0.6672685316990575
WULF,2025-01-17,1347043.0,14,1.1003085526567593
XXII,2025-01-17,61976.0,14,0.32591452924675574
AMPX,2025-01-21,502725.0,14,1.3047107619103762
BAK,2025-01-21,355773.0,14,9.820523083293079
BKSY,2025-01-21,177316.0,14,4.07306640326971
BTCS,2025-01-21,606192.0,14,23.436703110372235
BTCT,2025-01-21,1239552.0,14,18.130720005850733
EOLS,2025-01-21,196264.0,14,14.5561730193627
KROS,2025-01-21,316061.0,14,1.5986691408016949
LUNR,2025-01-21,1965803.0,14,2.2204325275135237
MRNY,2025-01-21,76477.0,14,1.439106544729216
NNE,2025-01-21,424646.0,14,1.6513139584299716
OKLO,2025-01-21,1645671.0,14,2.191642488047672
OPFI,2025-01-21,247250.0,14,1.652357216574076
PL,2025-01-21,710802.0,14,3.190415443424243
RDW,2025-01-21,214018.0,14,2.4441841304542895
REPL,2025-01-21,110234.0,14,7.612282043061138
RGTI,2025-01-21,10324676.0,14,0.6104560598711521
RGTIW,2025-01-21,58009.0,14,0.331184367260735
RKLB,2025-01-21,3653704.0,14,3.472929581048853
SMR,2025-01-21,1210854.0,14,2.1790504935076287
SPCB,2025-01-21,128501.0,14,0.41617224909161105
UMAC,2025-01-21,82509.0,14,0.5150719015450471
VATE,2025-01-21,825382.0,9,
VSAT,2025-01-21,508704.0,14,4.348112452447282
XPEV,2025-01-21,1361767.0,14,1.623841437306381
ABSI,2025-01-22,557151.0,14,0.8283025133198124
CRNC,2025-01-22,1206144.0,14,0.7543683609470937
FCEL,2025-01-22,388806.0,14,5.343572929142207
GNLX,2025-01-22,51306.0,14,11.596260958008427
MGX,2025-01-22,1729812.0,14,76.5142366069736
MOB,2025-01-22,69525.0,14,2.5860282474467837
NUAI,2025-01-22,1439904.0,14,34.132502539790046
NVDX,2025-01-22,1482076.0,14,2.2683938139914064
PDYN,2025-01-22,1964210.0,14,2.9961982770868945
QBTS,2025-01-22,6766705.0,14,0.9695338506289073
QUBT,2025-01-22,2150910.0,14,0.6377144530049331
RCAT,2025-01-22,653276.0,14,0.8159247032861664
RZLV,2025-01-22,1250239.0,14,1.388371447023607
SNCY,2025-01-22,52022.0,14,3.994230558297686
TSSI,2025-01-22,84596.0,14,1.5117419552480758
DXST,2025-01-23,375353.0,0,
EVLV,2025-01-23,565402.0,14,9.03385687123524
NTRB,2025-01-23,123163.0,10,3.4018417447410285
PDYN,2025-01-23,614192.0,14,0.9481637000787316
TAL,2025-01-23,3801974.0,14,14.66320001432501
TJGC,2025-01-23,96743.0,0,
VNCE,2025-01-23,21092894.0,14,724.1822395413112
XCUR,2025-01-23,103597.0,14,26.543887262079064
DAN,2025-01-24,623652.0,14,15.429401494320311
DDD,2025-01-24,311168.0,14,3.5023636632599904
DWTX,2025-01-24,1272520.0,11,11.121340880127375
ETHT,2025-01-24,62507.0,14,1.023775847445234
ETHU,2025-01-24,2494092.0,14,2.7827087916917734
EVAX,2025-01-24,1122157.0,14,101.35611612903226
GRND,2025-01-24,323262.0,14,16.731183431733907
HSAI,2025-01-24,305211.0,14,1.6557376985656966
KC,2025-01-24,326092.0,14,2.67633878846005
LAES,2025-01-24,1043018.0,14,0.16287992981448485
RNAZ,2025-01-24,1164703.0,14,135.38560278977084
SGHC,2025-01-24,104554.0,13,7.2632552074983705
VNCE,2025-01-24,319982.0,14,0.2087391803068853
WKEY,2025-01-24,513693.0,14,4.52505241274819
WULF,2025-01-24,1189578.0,14,1.0280292281156724
BNGO,2025-01-27,23194.0,14,0.02163668131651686
BTCZ,2025-01-27,161277.0,14,6.603411264425636
CDT,2025-01-27,43994.0,14,0.01175472333317811
EVER,2025-01-27,60930.0,14,6.094654263300039
FNGD,2025-01-27,1105398.0,14,2.7870359981695385
KC,2025-01-27,373575.0,14,2.762803198904609
MSTZ,2025-01-27,802574.0,14,0.599112169370963
NVDD,2025-01-27,2044150.0,14,17.560057604739935
NVDQ,2025-01-27,5734677.0,14,4.738842434323877
NVDS,2025-01-27,327580.0,14,5.3223438589813075
PLTD,2025-01-27,109444.0,14,9.673080808080808
SBIT,2025-01-27,1931746.0,14,7.546194429903913
SMST,2025-01-27,1586595.0,14,1.4774731593370467
SOXS,2025-01-27,10489482.0,14,3.5675148974059248
SPXS,2025-01-27,4833347.0,14,3.612334182318439
SPXU,2025-01-27,1887879.0,14,4.446279871151901
TSLQ,2025-01-27,759737.0,14,2.346050135948173
UVXY,2025-01-27,4304796.0,14,8.062739028997937
APLD,2025-01-28,2638777.0,14,1.9325679446899664
AVGX,2025-01-28,100412.0,14,1.6150456101652075
AVL,2025-01-28,34083.0,14,0.9624703490342257
BKSY,2025-01-28,519673.0,14,6.512227956827552
BTDR,2025-01-28,337439.0,14,0.6600792126465256
CDT,2025-01-28,165257.0,14,0.044277601202232834
DFTX,2025-01-28,191616.0,14,2.0532920423207366
HIMX,2025-01-28,679112.0,14,1.965937367534092
IVZ,2025-01-28,365419.0,14,4.5788084046068525
LUNR,2025-01-28,946790.0,14,0.8724765597447259
NBIS,2025-01-28,2586205.0,14,4.0768718355346145
NVDG,2025-01-28,23345.0,12,3.0736652695793376
NVDX,2025-01-28,1526164.0,14,1.6837602291193494
NVNI,2025-01-28,1059398.0,14,1.3788961075183246
NVTS,2025-01-28,248864.0,14,0.7857943837548029
QBTS,2025-01-28,3876065.0,14,0.530215902925373
RDW,2025-01-28,186678.0,14,1.645471178509772
REVB,2025-01-28,21720.0,14,0.6464904168128328
RGTI,2025-01-28,7178308.0,14,0.44194718751023554
RGTIW,2025-01-28,22192.0,14,0.12752766558302958
SERV,2025-01-28,524545.0,14,0.4217051505403599
SGRY,2025-01-28,973803.0,14,86.05812434114596
SMR,2025-01-28,1044617.0,14,1.2384042691921424
WULF,2025-01-28,3422713.0,14,2.5801233934595964
YIBO,2025-01-28,4620479.0,7,
ARRY,2025-01-29,757378.0,14,5.00139240816804
BABX,2025-01-29,70406.0,14,2.5461383673142546
EXTR,2025-01-29,138193.0,14,6.6154514245072695
NVNI,2025-01-29,2737478.0,14,3.2590215458558434
PL,2025-01-29,2821575.0,14,7.997308589797422
SRFM,2025-01-29,57239.0,14,3.5655629021206163
TH,2025-01-29,63211.0,14,3.8854500990072927
ACMR,2025-01-30,282337.0,14,4.2630096860160505
ACON,2025-01-30,28210.0,14,0.0013608124836817673
AVGX,2025-01-30,396395.0,14,6.595284982036725
AVL,2025-01-30,104511.0,14,2.939872572047427
BBAI,2025-01-30,5025683.0,14,2.9600525879586197
BLRX,2025-01-30,44105.0,14,0.0847793316757425
CORZ,2025-01-30,1093381.0,14,2.1427637143264295
ETHT,2025-01-30,99094.0,14,1.9636016735643638
ETHU,2025-01-30,3214419.0,14,3.427920934092574
FLG,2025-01-30,483593.0,14,2.3565204134482047
FLNC,2025-01-30,302897.0,14,1.4908518042206649
JG,2025-01-30,43246.0,10,0.20603517357627246
LAES,2025-01-30,1031628.0,14,0.21641973812399998
NOK,2025-01-30,5253822.0,14,7.547231616620971
NVNI,2025-01-30,327670.0,14,0.3180616528115271
TSLL,2025-01-30,3018355.0,14,0.9036426917660978
TSLY,2025-01-30,595285.0,14,2.3013165346781537
ASTS,2025-01-31,1037767.0,14,1.6224190213607281
CIFR,2025-01-31,3240282.0,14,7.764063524228924
CYCN,2025-01-31,916491.0,13,439.7262594574645
ETHU,2025-01-31,586545.0,14,0.5149465712588798
TSSI,2025-01-31,109913.0,14,1.2191578300194585
VIAV,2025-01-31,1742328.0,14,50.03834429451175
BITI,2025-02-03,360290.0,14,5.002826702319483
BTCZ,2025-02-03,66663.0,14,1.8507695328070248
EDZ,2025-02-03,59077.0,14,4.8558243848597105
FNGD,2025-02-03,732940.0,14,1.6944767787971928
KC,2025-02-03,779950.0,14,5.617822604336393
LABD,2025-02-03,1099404.0,14,1.4514235622456981
MSTZ,2025-02-03,691385.0,14,0.7116134771912405
NVDQ,2025-02-03,4151858.0,14,2.7141693047154747
NVDS,2025-02-03,242489.0,14,2.2714563673248724
REBN,2025-02-03,1719302.0,14,168.52243560571583
SBIT,2025-02-03,325941.0,14,0.8311515299216802
SMST,2025-02-03,1340150.0,14,1.2846631063935992
SOXS,2025-02-03,6221692.0,14,1.8305051719774006
SRTY,2025-02-03,395603.0,14,2.236858696174582
TSLQ,2025-02-03,1129555.0,14,3.1466713626654172
TZA,2025-02-03,2481291.0,14,2.7725116645090853
UNG,2025-02-03,1258526.0,14,6.636915237280167
UVXY,2025-02-03,1913440.0,14,2.5913737216849517
BBAI,2025-02-04,4167588.0,14,2.178151767961496
BILI,2025-02-04,784457.0,14,2.814171718727298
ETHT,2025-02-04,143908.0,14,1.625378569688286
ETHU,2025-02-04,3416526.0,14,2.3035401411606515
EVAX,2025-02-04,1855084.0,14,17.081917139681266
GHRS,2025-02-04,25545.0,14,0.6193789065138439
GRAB,2025-02-04,7915596.0,14,6.736053389339493
IMNM,2025-02-04,239947.0,14,6.208901761240872
KC,2025-02-04,617314.0,14,3.3687103170504207
LI,2025-02-04,683055.0,14,2.7320014398848094
RGTIW,2025-02-04,74038.0,14,0.6172901412309094
SNCY,2025-02-04,62071.0,14,4.518009774357908
VNET,2025-02-04,257452.0,14,0.9305206491468982
XPEV,2025-02-04,2451963.0,14,4.058763333093314
ACB,2025-02-05,2149740.0,14,41.30331138915307
AMTM,2025-02-05,169163.0,14,4.712164412671189
BBAI,2025-02-05,11088879.0,14,5.3074381251382885
ETHT,2025-02-05,138934.0,14,1.4497878696628275
ETHU,2025-02-05,5175392.0,14,3.0544010648829585
GGLS,2025-02-05,74591.0,14,15.120818974255018
HMC,2025-02-05,95492.0,14,2.5374297498230103
LUMN,2025-02-05,2856928.0,14,5.537574437520109
MAT,2025-02-05,1246454.0,14,18.717673521092618
NOV,2025-02-05,436171.0,14,7.145558244360919
NVDX,2025-02-05,2128470.0,14,2.4042255713192238
NVNI,2025-02-05,68621.0,14,0.06420907519773805
OI,2025-02-05,65484.0,14,1.964026187701378
REBN,2025-02-05,142674.0,14,0.9683270553672974
SAN,2025-02-05,1271116.0,14,7.710956931081758
TNXP,2025-02-05,124419.0,14,0.011730023949676023
AMSC,2025-02-06,384108.0,14,8.81578131992977
APPS,2025-02-06,5399195.0,14,42.72927589647346
BBAI,2025-02-06,10907629.0,14,3.8921644256326164
CX,2025-02-06,758287.0,14,3.259695936226012
HSAI,2025-02-06,841631.0,14,6.555097699202284
KC,2025-02-06,710561.0,14,3.087450175029461
LAES,2025-02-06,3231921.0,14,2.4082288201162707
LI,2025-02-06,641472.0,14,2.2310645009747203
MT,2025-02-06,608808.0,14,8.011346877775742
PDYN,2025-02-06,714530.0,14,1.7855909945590223
PTON,2025-02-06,5539784.0,14,17.40253181257936
QNTM,2025-02-06,2829462.0,13,4.3811579390325575
QUCY,2025-02-06,26070.0,14,2.991345113595384
RDCM,2025-02-06,39148.0,14,9.69301239764427
RNAZ,2025-02-06,981506.0,14,7.55025772700224
SNDX,2025-02-06,569530.0,14,18.95580935354419
WKEY,2025-02-06,480024.0,14,5.911058844639281
BABX,2025-02-07,270945.0,14,6.934163261948504
BYRN,2025-02-07,115101.0,14,4.394162255908507
CLSK,2025-02-07,6230091.0,14,5.476600714421609
CRML,2025-02-07,31158.0,14,4.468698458228756
ETHT,2025-02-07,77039.0,14,0.7893455700463999
ETHU,2025-02-07,5897753.0,14,2.8438104012557486
GRRR,2025-02-07,268784.0,14,2.2781669931878556
LI,2025-02-07,872286.0,14,2.6979447288248304
MSTU,2025-02-07,3140870.0,14,1.566399284130102
PGY,2025-02-07,788792.0,14,11.85489967483288
RZLV,2025-02-07,2308992.0,14,5.25971849686012
TNXP,2025-02-07,298127.0,14,0.029798202535933356
ULCC,2025-02-07,371480.0,14,3.1624527750025693
AIOT,2025-02-10,468637.0,14,14.321458663488446
ASAN,2025-02-10,587951.0,14,4.275725185922799
BABX,2025-02-10,148637.0,14,2.6115152154051584
BBAI,2025-02-10,15949568.0,14,4.484323511033231
BBAI.WS,2025-02-10,104302.0,14,2.7243415492366507
BFRG,2025-02-10,341451.0,14,17.171654980171276
BZAI,2025-02-10,35879.0,14,1.3310738295938458
CENX,2025-02-10,378898.0,14,8.703810295772938
CLF,2025-02-10,5690935.0,14,11.742684099265533
DOMH,2025-02-10,240305.0,14,15.149183162520938
ETHT,2025-02-10,71882.0,14,0.7245345071629236
ETHU,2025-02-10,4756817.0,14,2.0406170047377423
GRRR,2025-02-10,247174.0,14,1.9448868285927539
HSAI,2025-02-10,1951427.0,14,10.189105778443459
KC,2025-02-10,587217.0,14,1.920272952656533
LFVN,2025-02-10,19345.0,14,0.6767941304358691
LYFT,2025-02-10,3128517.0,14,5.8941481394757345
MBLY,2025-02-10,1660181.0,14,5.360516306278131
NOTV,2025-02-10,73104.0,14,4.255180442374854
PBK,2025-02-10,70567.0,14,3.9812611073275117
PDYN,2025-02-10,687762.0,14,1.5419734225015134
RIME,2025-02-10,101514.0,14,0.01602782470680118
SATL,2025-02-10,232116.0,14,3.9029177986437893
SLDB,2025-02-10,792606.0,14,54.73987361442039
SPRY,2025-02-10,55012.0,14,1.5491880605781436
SUUN,2025-02-10,70567.0,9,
TALK,2025-02-10,314058.0,14,7.0546295880318075
UBRL,2025-02-10,86716.0,14,1.6287382089868618
BZH,2025-02-11,67209.0,14,4.48666768391539
COMP,2025-02-11,659991.0,14,5.9356055106810235
JG,2025-02-11,43180.0,13,0.24586293800385609
SATL,2025-02-11,317317.0,14,4.266819957374426
SLQT,2025-02-11,1722284.0,14,75.30685889007223
TIMB,2025-02-11,37004.0,14,2.8317891365069996
TVTX,2025-02-11,473410.0,14,9.533737636437912
AIFF,2025-02-12,10479195.0,14,11.018067428813213
BABX,2025-02-12,167517.0,14,2.0836799117213536
BEKE,2025-02-12,2405080.0,14,5.724097154434642
BZAI,2025-02-12,42322.0,14,1.5302455074664643
CLMT,2025-02-12,306784.0,14,13.28562237070032
FRSH,2025-02-12,602806.0,14,4.341108383113713
PROP,2025-02-12,81326.0,14,8.712810976682965
PUK,2025-02-12,290289.0,14,7.815082322806937
SMCL,2025-02-12,46612.0,14,3.288158822936612
AIFF,2025-02-13,6787130.0,14,4.00148773759826
AUR,2025-02-13,976622.0,14,2.527965837989669
BBAI,2025-02-13,6411372.0,14,1.3177840297054866
BBAI.WS,2025-02-13,74080.0,14,1.5262942566762128
BKSY,2025-02-13,187027.0,14,1.5133339690961476
DOMH,2025-02-13,320049.0,14,0.4045365438746158
GRRR,2025-02-13,414820.0,14,2.8797773724835647
HIMX,2025-02-13,1409145.0,14,3.699263186199339
OGN,2025-02-13,288948.0,14,4.288957710221664
OPRT,2025-02-13,200785.0,14,14.879339822887056
OPTU,2025-02-13,193094.0,14,4.487360336238794
PGY,2025-02-13,1082524.0,14,6.28306975151435
PLRX,2025-02-13,903685.0,14,6.987431384038956
RBBN,2025-02-13,336503.0,14,18.55712636931937
RDW,2025-02-13,233076.0,14,1.969198311217753
SATL,2025-02-13,49323.0,14,0.4638650246166434
SOC,2025-02-13,176939.0,14,7.467198413200819
SONY,2025-02-13,506340.0,14,2.9700110483626676
TANH,2025-02-13,32047.0,14,0.2277372010828047
TSLL,2025-02-13,12013273.0,14,4.67794740397926
TSLT,2025-02-13,360868.0,14,2.2418915812670126
U,2025-02-13,1271976.0,14,4.174481034094348
APLD,2025-02-14,2791322.0,14,2.4992853293193162
BILI,2025-02-14,2515011.0,14,6.793181612533355
BZAI,2025-02-14,147985.0,14,4.912202084578105
CAE,2025-02-14,76701.0,14,5.357684919545965
CERT,2025-02-14,142812.0,14,6.001134572959344
DCH,2025-02-14,679368.0,14,7.8480290713217755
DFTX,2025-02-14,405462.0,14,3.8819508272058822
EH,2025-02-14,698662.0,14,3.6747729111924787
FRO,2025-02-14,390288.0,14,2.53921823765159
GCL,2025-02-14,157555.0,11,99.10819465888946
GME,2025-02-14,1891457.0,14,7.440960184155377
GT,2025-02-14,1582944.0,14,11.796659322549068
HLF,2025-02-14,95847.0,14,1.6457225695121547
HSAI,2025-02-14,345598.0,14,0.9109193855023962
KC,2025-02-14,1330521.0,14,3.338450285978103
LEG,2025-02-14,124132.0,14,3.888368554711535
NMRK,2025-02-14,103113.0,14,7.3157211923416074
NUS,2025-02-14,499020.0,14,44.08498608595786
PHAT,2025-02-14,60351.0,14,3.5653388471600977
PONY,2025-02-14,257517.0,14,5.198320498198371
PROP,2025-02-14,87277.0,14,4.451999591920016
RXRX,2025-02-14,7996908.0,14,7.590670496375003
TDOC,2025-02-14,958372.0,14,3.1670307228139283
TIGR,2025-02-14,1299350.0,14,3.183001826417223
TME,2025-02-14,706838.0,14,2.6222730179189093
TUYA,2025-02-14,484517.0,14,1.2185314471758297
UDMY,2025-02-14,181746.0,14,13.251829360387903
VNET,2025-02-14,1395440.0,14,2.573737448258236
WB,2025-02-14,594741.0,14,9.594796502884877
ZH,2025-02-14,364401.0,14,17.734011415699715
ABSI,2025-02-18,1238179.0,14,5.422374163551098
ACHR,2025-02-18,7745214.0,14,4.203384214210605
AIFF,2025-02-18,988162.0,14,0.44626254935881404
AMTM,2025-02-18,171853.0,14,2.589579436134007
CSAI,2025-02-18,48705.0,11,2.047570455639891
CYN,2025-02-18,74088.0,14,0.0035648259984678663
EGHT,2025-02-18,179462.0,14,2.0607884984801235
FLNC,2025-02-18,1098034.0,14,1.7300672254135088
GCL,2025-02-18,332017.0,11,21.250200737784088
GPGI,2025-02-18,81364.0,14,3.5577071432363976
GRAB,2025-02-18,21529066.0,14,10.675525425496161
GRRR,2025-02-18,366908.0,14,2.06197098065725
HIMX,2025-02-18,793670.0,14,2.214195073659173
INDV,2025-02-18,24162.0,14,1.415981213346561
LTBR,2025-02-18,233597.0,14,1.2399696676714251
MUU,2025-02-18,41894.0,14,1.6035937017260378
OSCR,2025-02-18,716078.0,14,3.580023047637617
PCT,2025-02-18,415546.0,14,5.626571266365493
PGY,2025-02-18,1123015.0,14,4.208080681013706
PONY,2025-02-18,213458.0,14,3.4788255111294264
PSNL,2025-02-18,122926.0,14,4.148710642472982
RPID,2025-02-18,161620.0,14,4.410716652761425
RXRX,2025-02-18,4857943.0,14,3.2602903462308674
SDGR,2025-02-18,89075.0,14,2.475228855207895
SLDB,2025-02-18,4154222.0,14,52.77754052526074
STIM,2025-02-18,116648.0,14,0.929981674531015
TALK,2025-02-18,243224.0,14,3.0642807326983044
TEVA,2025-02-18,1630518.0,14,2.870760245685167
ZETA,2025-02-18,869330.0,14,4.344336640738806
BEKE,2025-02-19,933144.0,14,1.4376849514935992
BKD,2025-02-19,298584.0,14,12.80514634930846
BKSY,2025-02-19,304616.0,14,2.9916059290228896
CELH,2025-02-19,2523520.0,14,6.430986445687183
COMP,2025-02-19,1596987.0,14,9.764966293165385
CRK,2025-02-19,101700.0,14,2.8692802818093512
ETHT,2025-02-19,50279.0,14,0.5487638690524451
ETHU,2025-02-19,2292735.0,14,0.9119408048996729
GRRR,2025-02-19,258938.0,14,1.3079715164845314
JTAI,2025-02-19,3743691.0,14,7.691023830259932
ORIC,2025-02-19,43572.0,14,1.7420189449215104
REBN,2025-02-19,70763.0,14,0.38584615648260195
SEDG,2025-02-19,2813221.0,14,19.55160922490229
SERV,2025-02-19,2182854.0,14,2.5272996723437267
UIS,2025-02-19,24240.0,14,3.03324991061852
ALIT,2025-02-20,598940.0,14,12.082067153974615
AMPL,2025-02-20,403811.0,14,19.45548026526349
ATYR,2025-02-20,208121.0,14,4.519618351515565
BHC,2025-02-20,454330.0,14,9.801704344074091
BILI,2025-02-20,2442045.0,14,4.273288166404685
BORR,2025-02-20,834886.0,14,3.8046047537036487
CADL,2025-02-20,221813.0,14,4.025284230474588
CMRC,2025-02-20,127691.0,14,6.89907300920816
COLD,2025-02-20,390770.0,14,20.939983158539384
HLF,2025-02-20,1031610.0,14,14.982431934769416
KC,2025-02-20,367419.0,14,0.7282749938341364
KOLD,2025-02-20,567520.0,14,3.098082337068838
LAES,2025-02-20,2109713.0,14,2.180255316497809
LUNG,2025-02-20,206099.0,14,89.48043168144886
MCW,2025-02-20,250552.0,14,16.069266290405338
OPLN,2025-02-20,35673.0,14,3.457236409450563
PCLA,2025-02-20,767563.0,14,9.180128468535118
PLTD,2025-02-20,1881049.0,14,8.313146892705305
QBTS,2025-02-20,9071279.0,14,4.375722622021708
QUBT,2025-02-20,2838812.0,14,3.3231413349200114
REBN,2025-02-20,112151.0,14,0.599553155310796
RGTI,2025-02-20,6684951.0,14,1.4705380360852787
SABR,2025-02-20,412025.0,14,5.311590406199672
STIM,2025-02-20,111734.0,14,0.9078065714992067
TIGR,2025-02-20,595378.0,14,1.1161362337486347
TUYA,2025-02-20,691582.0,14,1.4597594554616589
U,2025-02-20,4934484.0,14,11.999989577729552
VNET,2025-02-20,2212937.0,14,2.8279988805252843
WOLF,2025-02-20,1539772.0,14,1.923295710799129
XOS,2025-02-20,4231403.0,13,3291.9353081986833
AGNT,2025-02-21,75826.0,14,3.216529206081798
BILI,2025-02-21,1911655.0,14,2.5989155765170535
CDLX,2025-02-21,37527.0,14,1.7781154706585123
CNSP,2025-02-21,82256.0,14,0.013894650924260503
CYD,2025-02-21,249949.0,13,9.220776235623296
ETHU,2025-02-21,5581969.0,14,2.243166603694345
EXPI,2025-02-21,73997.0,0,
FUBO,2025-02-21,1663236.0,14,1.7675750727573287
GDYN,2025-02-21,334372.0,14,17.460874235817634
MLGO,2025-02-21,8048826.0,14,98.45624305375954
MP,2025-02-21,199642.0,14,1.2299047226783963
OSRH,2025-02-21,1675455.0,11,25.60099820251315
OSS,2025-02-21,40527.0,14,2.0539611057211946
RCUS,2025-02-21,94844.0,14,3.16313107611386
ROBN,2025-02-21,20056.0,14,0.9296806192926343
SINT,2025-02-21,173466.0,10,0.20929275467444736
TUYA,2025-02-21,1022965.0,14,1.967605797120564
VNET,2025-02-21,1091548.0,14,1.1862926154998876
WKC,2025-02-21,36367.0,14,1.937801628986831
WRD,2025-02-21,288374.0,14,1.7880253152223495
AMRX,2025-02-24,349256.0,14,16.05948756351263
ATCH,2025-02-24,2838461.0,14,405.0232790427462
CENX,2025-02-24,158752.0,14,1.560719108508814
CRML,2025-02-24,86328.0,14,4.3239205332131245
DOMH,2025-02-24,110186.0,14,0.12963192812833274
KOLD,2025-02-24,1633399.0,14,6.813106618945057
MITK,2025-02-24,70109.0,14,2.0342170492509966
MLGO,2025-02-24,3034753.0,14,4.667917185793611
PLTD,2025-02-24,629008.0,14,1.644345603214705
RILY,2025-02-24,125343.0,14,3.551784998643895
SEPN,2025-02-24,69736.0,14,1.5301587202076354
UNIT,2025-02-24,356497.0,14,7.81998680728451
WRD,2025-02-24,519516.0,14,2.859609040222408
AHCO,2025-02-25,701193.0,14,38.254889658746826
BGC,2025-02-25,253804.0,14,5.253971985763694
BITI,2025-02-25,343641.0,14,6.270183688311147
CADL,2025-02-25,142697.0,14,1.7314250105952127
CYD,2025-02-25,193359.0,13,3.295786891414741
DOMH,2025-02-25,259272.0,14,0.30374428566527284
EVER,2025-02-25,269466.0,14,24.381177656707447
HLX,2025-02-25,145198.0,0,
HOS,2025-02-25,125175.0,14,5.359961095206636
LI,2025-02-25,2780367.0,14,5.151989845619533
MSTZ,2025-02-25,531987.0,14,1.6275267653622898
NNOX,2025-02-25,396392.0,14,2.174601756456616
PTLO,2025-02-25,125720.0,14,3.8184579337874776
SBIT,2025-02-25,315249.0,14,3.3448372555498636
SMST,2025-02-25,664588.0,14,1.0794898447065417
SNN,2025-02-25,169088.0,14,8.85897018483382
SXTC,2025-02-25,51413.0,8,
UMAC,2025-02-25,142437.0,14,2.1320806764090783
WAFU,2025-02-25,6723659.0,3,
WVE,2025-02-25,34021.0,14,1.1536005967893508
XPEV,2025-02-25,950075.0,14,1.0591405251473065
XPRO,2025-02-25,40243.0,14,3.84170905669126
AAOI,2025-02-26,444786.0,14,2.014957987489601
ABSI,2025-02-26,603994.0,14,1.9099853971401888
ACHR,2025-02-26,2167486.0,14,0.8418024748292637
ACMR,2025-02-26,621897.0,14,8.724521790366364
ARQT,2025-02-26,221884.0,14,3.4114556564445206
ASPI,2025-02-26,128618.0,14,1.2858089522737723
ASTS,2025-02-26,1173534.0,14,1.6133999545719644
BBAI,2025-02-26,2659837.0,14,0.4672406290774309
BEKE,2025-02-26,2409322.0,14,2.7548572514583247
BLZE,2025-02-26,42668.0,14,1.693366594852024
BTCZ,2025-02-26,48159.0,14,3.2887468903955903
BTDR,2025-02-26,712712.0,14,1.6481045910546845
CADL,2025-02-26,114559.0,14,1.2509972403314098
CPNG,2025-02-26,1371374.0,14,6.123617147703377
CSAI,2025-02-26,86880.0,14,2.5372296819493148
DLO,2025-02-26,159831.0,14,4.609221186110751
DQ,2025-02-26,89543.0,14,1.8013981793491929
EYE,2025-02-26,225060.0,14,11.924972182482913
GNL,2025-02-26,230069.0,14,5.553810978763906
GRRR,2025-02-26,157953.0,14,0.6025597882020636
GTM,2025-02-26,3009111.0,14,32.09241598391096
HBM,2025-02-26,978912.0,14,4.835009945365756
HUMA,2025-02-26,359534.0,14,4.866383844321382
LFMD,2025-02-26,119887.0,14,1.422229038785492
LTBR,2025-02-26,129499.0,14,0.6882726993177961
LUMN,2025-02-26,49683.0,14,0.07728767229836717
LUNR,2025-02-26,1184274.0,14,1.4975084933416212
LX,2025-02-26,761077.0,14,1.9700670335593053
NNE,2025-02-26,223571.0,14,0.8315539461693982
NVDX,2025-02-26,1345341.0,14,1.8063917977031743
ORIC,2025-02-26,60176.0,14,1.8908914615588344
PDYN,2025-02-26,166945.0,14,0.4027501492286293
PRCH,2025-02-26,1134009.0,14,38.05928436839254
RCUS,2025-02-26,134625.0,14,3.79275718707112
ROBN,2025-02-26,35363.0,14,1.305372233135143
SBIT,2025-02-26,234730.0,14,2.1883128212162903
SKYT,2025-02-26,78053.0,14,2.310608046958919
SMR,2025-02-26,723438.0,14,1.4455407333740005
SOUN,2025-02-26,2642909.0,14,0.8455519708664159
TIGR,2025-02-26,1368147.0,14,1.9721709949651822
TSSI,2025-02-26,113799.0,14,1.7099958140583242
VISN,2025-02-26,1548364.0,14,20.46122842339651
WDS,2025-02-26,75350.0,14,2.459037411215672
WWW,2025-02-26,112227.0,14,3.559718789153037
XPEV,2025-02-26,2004971.0,14,2.538751706582264
YOU,2025-02-26,167808.0,14,3.374192649574368
ADT,2025-02-27,398697.0,14,5.195155321588659
ADTN,2025-02-27,230827.0,14,5.687054980870557
APLD,2025-02-27,1859396.0,14,1.2753532587580905
ATCH,2025-02-27,685713.0,14,2.9610199499093186
BTDR,2025-02-27,709841.0,14,1.540763087326571
CDNA,2025-02-27,102127.0,14,4.365241178859183
CERT,2025-02-27,66648.0,14,2.274060407836982
CIFR,2025-02-27,1549035.0,14,3.0732591399263547
CMPS,2025-02-27,107048.0,14,2.2306147812432555
CORZ,2025-02-27,1733778.0,14,4.778556347074393
CORZW,2025-02-27,45389.0,13,3.031514429128498
CPRX,2025-02-27,110692.0,14,3.9512899096884735
DFNS,2025-02-27,38824.0,14,4.27610730863032
EFXT,2025-02-27,17702.0,14,4.061622170870413
GTN,2025-02-27,127232.0,14,3.6359271854370876
HAYW,2025-02-27,87199.0,14,5.141060734951023
HIT,2025-02-27,33072.0,14,0.7545332322960718
JOBY,2025-02-27,1001461.0,14,1.4867665624090352
LAES,2025-02-27,2664755.0,14,2.7651029563751006
LFST,2025-02-27,321881.0,14,13.356058091286307
LZ,2025-02-27,271927.0,14,8.434964870727379
MARA,2025-02-27,5510428.0,14,3.4585588873217845
MQ,2025-02-27,1221870.0,14,10.305269150483902
MSW,2025-02-27,35053.0,12,0.6297144071894476
NVDX,2025-02-27,1025482.0,14,1.4887318637659406
OPRA,2025-02-27,111482.0,14,3.5104148626308747
PDYN,2025-02-27,256349.0,14,0.6227532711636121
PEB,2025-02-27,174548.0,14,7.70957137358581
PMA,2025-02-27,35053.0,14,0.7302817006205449
RILY,2025-02-27,1671219.0,14,29.036435367834763
RIOT,2025-02-27,1762723.0,14,1.334681926176954
ROBN,2025-02-27,88179.0,14,3.061087554861266
RRGB,2025-02-27,312528.0,14,41.364304149295215
SPCE,2025-02-27,255499.0,14,3.8729154711506184
TALO,2025-02-27,159107.0,14,5.256682068975283
TEAD,2025-02-27,61404.0,14,3.4237648605054063
TWI,2025-02-27,50146.0,14,5.175407298193882
VYX,2025-02-27,95991.0,14,5.230811747075881
WBD,2025-02-27,6250730.0,14,8.830779837334841
WGMI,2025-02-27,19287.0,14,0.8638917327873048
WULF,2025-02-27,1944600.0,14,1.848138772925572
ACDC,2025-02-28,44414.0,14,6.488667195391743
AES,2025-02-28,1137708.0,14,2.489862523750978
ALHC,2025-02-28,153686.0,14,5.466404136126319
ARLO,2025-02-28,143676.0,14,13.234534759780507
AXIA,2025-02-28,66523.0,0,
EXFY,2025-02-28,176289.0,14,10.139085280935342
FOXF,2025-02-28,33860.0,14,3.1643803611361436
GDXD,2025-02-28,130978.0,14,1.2082124808096515
IBRX,2025-02-28,408476.0,14,2.133285385371793
KAZR,2025-02-28,189198.0,13,7.539548100532458
MLGO,2025-02-28,498313.0,14,0.5342115997666321
ORGO,2025-02-28,2473292.0,14,472.62076872679626
OSUR,2025-02-28,234821.0,14,6.608891613979716
PGNY,2025-02-28,347244.0,14,12.788824875700417
PLTD,2025-02-28,543423.0,14,1.3060346181689337
RKT,2025-02-28,445646.0,14,4.206911990592335
SKBL,2025-02-28,189198.0,10,17.201851127860564
ALGM,2025-03-03,798277.0,14,18.077714315292628
ASTS,2025-03-03,749322.0,14,1.0339554638105515
AUR,2025-03-03,853173.0,14,1.1268548012469684
BBAI,2025-03-03,3293091.0,14,0.7651989842464186
BITO,2025-03-03,1427246.0,14,4.309739609597731
BTDR,2025-03-03,948265.0,14,2.025569173569254
CIFR,2025-03-03,1075205.0,14,2.2916422766207996
CLSK,2025-03-03,2590171.0,14,2.3106880043065425
CONL,2025-03-03,512210.0,14,1.3765404145934086
CONY,2025-03-03,977677.0,14,2.2841208994853357
CPRI,2025-03-03,443139.0,14,6.9698878898829015
DAPP,2025-03-03,119645.0,14,7.151493674777241
EDBL,2025-03-03,17239.0,14,0.06443775359352893
ETH,2025-03-03,100565.0,14,1.4089751852400414
ETHA,2025-03-03,519228.0,14,1.4082884371317241
ETHE,2025-03-03,208181.0,14,1.6195580539079544
ETHT,2025-03-03,94617.0,14,1.2905934357581361
ETHU,2025-03-03,1419402.0,14,0.7961812075360571
ETHW,2025-03-03,44086.0,14,3.3660593037777935
FETH,2025-03-03,200466.0,14,3.6845529736116585
FIHL,2025-03-03,79320.0,0,
GEL,2025-03-03,181537.0,14,28.468736698254812
HODL,2025-03-03,116797.0,14,4.643488385301301
HUT,2025-03-03,649384.0,14,3.6401206303142124
ING,2025-03-03,336488.0,14,2.8498698426314837
INTC,2025-03-03,6815570.0,14,0.9663688812829081
IREN,2025-03-03,1135520.0,14,1.9118903123216318
LICN,2025-03-03,16622.0,14,0.004803191207312538
LTBR,2025-03-03,121687.0,14,0.5943143043829693
MARA,2025-03-03,4572822.0,14,2.602990200857896
MLCO,2025-03-03,442078.0,14,3.8397563041111273
MSTU,2025-03-03,7167163.0,14,4.536388911657171
MSTY,2025-03-03,662379.0,14,1.277240634222088
NOK,2025-03-03,2637142.0,14,4.964672150667898
NOMD,2025-03-03,106863.0,14,15.53773614298919
PLGO,2025-03-03,79320.0,14,2.453665650271775
RIOT,2025-03-03,2819563.0,14,2.2156857594306127
ROBN,2025-03-03,38615.0,14,1.1015883689417325
SBSW,2025-03-03,763823.0,14,1.6182090706382708
TRNR,2025-03-03,3207099.0,14,1.4877061768615916
TSLT,2025-03-03,317926.0,14,1.9160619464264574
WGMI,2025-03-03,65818.0,14,3.8140832477896622
BTCZ,2025-03-04,69515.0,14,2.9503728854665616
CAPR,2025-03-04,210123.0,14,7.138386649809876
GENI,2025-03-04,315878.0,14,5.685758513931889
MSTZ,2025-03-04,611627.0,14,1.408049192064994
NVDQ,2025-03-04,6772371.0,14,6.607331654087421
SBIT,2025-03-04,421834.0,14,2.6445437061019055
SMST,2025-03-04,573897.0,14,0.7753764715351213
TSLS,2025-03-04,1882128.0,14,6.434757636054073
TSLZ,2025-03-04,2066853.0,14,1.491838001617742
UNG,2025-03-04,870385.0,14,4.465300576384611
UVXY,2025-03-04,1582074.0,14,2.5525618406627317
API,2025-03-05,39839.0,14,0.4264106629806376
ATRO,2025-03-05,94693.0,14,10.829040769149083
BTAI,2025-03-05,1229679.0,14,14.885314251177864
BYRN,2025-03-05,46554.0,14,1.5784303753323938
CTOS,2025-03-05,82324.0,14,10.2216861486067
DAWN,2025-03-05,104265.0,14,3.2888277055418746
DB,2025-03-05,553936.0,14,2.311783408921128
EOSE,2025-03-05,609727.0,14,2.018383553449044
ETHT,2025-03-05,59265.0,14,0.7281562344499665
KC,2025-03-05,287556.0,14,0.6554950808365192
KGEI,2025-03-05,41884.0,14,3.0101437371663247
LX,2025-03-05,217017.0,14,0.5041875151841817
LZMH,2025-03-05,19004.0,3,
MP,2025-03-05,346055.0,14,2.9413332491467
MRNY,2025-03-05,61668.0,14,0.4455403237958802
NAGE,2025-03-05,647020.0,14,28.35506277800907
NEXN,2025-03-05,55118.0,14,2.5052090942441865
OPFI,2025-03-05,329738.0,14,2.2901812069815737
STIM,2025-03-05,197980.0,14,3.0313887612922983
STLA,2025-03-05,2653057.0,14,4.089267691989261
SWIM,2025-03-05,80544.0,14,9.898835963972822
TKNO,2025-03-05,133077.0,14,10.054387479762546
TMCI,2025-03-05,41796.0,14,4.802600152660478
VNET,2025-03-05,1075244.0,14,0.9886977752714559
WRD,2025-03-05,285082.0,14,0.9574510245137716
XNET,2025-03-05,70619.0,14,0.22585303171348778
XPEV,2025-03-05,872228.0,14,0.8677988168245573
YMM,2025-03-05,2432044.0,14,4.1679789499326425
ACDC,2025-03-06,35175.0,14,2.0931804270946683
ALGM,2025-03-06,1097236.0,14,9.954046793008395
DDL,2025-03-06,208778.0,14,4.170733865098957
FNGD,2025-03-06,183827.0,14,0.9243025112539893
GV,2025-03-06,7224093.0,13,8.052020309843433
MSTZ,2025-03-06,1066181.0,14,2.176088001431041
NVDQ,2025-03-06,2951946.0,14,2.029848174618467
NVDS,2025-03-06,192415.0,14,2.2358182767381307
SMST,2025-03-06,778901.0,14,1.0431465666588033
SOXS,2025-03-06,4266257.0,14,2.231401993988982
TH,2025-03-06,189958.0,14,2.530560900089255
TRMD,2025-03-06,327211.0,14,4.701905825453978
TSLZ,2025-03-06,2700961.0,14,1.777787044891534
TUYA,2025-03-06,247999.0,14,0.5027698793289501
UVXY,2025-03-06,690301.0,14,1.0581766369101226
XERS,2025-03-06,404533.0,14,7.432481876355008
AMRC,2025-03-07,125695.0,14,4.04313492127314
ATYR,2025-03-07,132542.0,14,1.5961690319184259
AVGX,2025-03-07,421331.0,14,8.139942841608327
AVL,2025-03-07,185906.0,14,5.800912924478679
DOMO,2025-03-07,62620.0,14,8.64175382219287
GAP,2025-03-07,1526677.0,14,9.31519323592543
HE,2025-03-07,416973.0,14,4.262873792363134
KOLD,2025-03-07,585503.0,14,1.2203354453747484
BTCZ,2025-03-10,20831.0,14,0.7059817473189861
DWTX,2025-03-10,310382.0,14,86.78372710750735
EVH,2025-03-10,153251.0,14,2.476975419743865
FAZ,2025-03-10,816482.0,14,1.6760027940349347
FNGD,2025-03-10,304732.0,14,1.467245964706291
GV,2025-03-10,529669.0,13,0.2942685033202606
KAZR,2025-03-10,38916.0,14,0.7798406893442212
MLYS,2025-03-10,234278.0,14,62.73823141223053
MSTZ,2025-03-10,1096861.0,14,1.790224564205544
SBIT,2025-03-10,226278.0,14,1.0390295500501001
SKBL,2025-03-10,38916.0,10,0.9322738368736391
SMST,2025-03-10,1482827.0,14,1.9118466078445693
SOXS,2025-03-10,1181608.0,14,0.5810289964255283
TNXP,2025-03-10,166710.0,14,2.7837692775610976
TRVI,2025-03-10,6431123.0,14,255.8080098645892
TSLZ,2025-03-10,1762895.0,14,1.0599551074845697
UVXY,2025-03-10,877512.0,14,1.2803561144323603
XNET,2025-03-10,332341.0,14,1.0326704138761422
BILI,2025-03-11,348797.0,14,0.48134012267418125
BVS,2025-03-11,61834.0,14,9.843267459577467
BZ,2025-03-11,562413.0,14,1.8928429851205537
CMRC,2025-03-11,59751.0,14,1.6613388200620436
CONL,2025-03-11,195701.0,14,0.6011078247831642
FVRR,2025-03-11,28735.0,14,0.6109892713509835
HSAI,2025-03-11,1903500.0,14,8.601307189542483
KC,2025-03-11,251542.0,14,0.8134384105189291
LFMD,2025-03-11,690409.0,14,6.612122294210159
METC,2025-03-11,131304.0,14,11.225785176454783
MLGO,2025-03-11,1953592.0,14,1.9806466428175666
MYO,2025-03-11,378765.0,14,42.941095491059855
NIO,2025-03-11,9059586.0,14,2.5342988486096654
RERE,2025-03-11,350534.0,14,6.045074364324833
SNOA,2025-03-11,4723822.0,12,937.9176015089844
XPEV,2025-03-11,1999694.0,14,2.0680179144349276
AAOI,2025-03-12,294080.0,14,0.8675379581571054
ACHR,2025-03-12,1505674.0,14,0.8217085297693514
ACVA,2025-03-12,128202.0,14,2.0753031447035384
AMTM,2025-03-12,831400.0,14,21.606510391529365
APLD,2025-03-12,992759.0,14,0.705921151072004
APPS,2025-03-12,201830.0,14,0.9173057450994969
ARCO,2025-03-12,44831.0,14,3.5757934857540037
AVGX,2025-03-12,171117.0,14,2.1545192834331464
AVL,2025-03-12,61755.0,14,1.5568216399594483
BBAI,2025-03-12,3883972.0,14,1.2479042442774102
BKSY,2025-03-12,96591.0,14,0.802048129744144
DWTX,2025-03-12,356855.0,14,9.5101917278348
EH,2025-03-12,867031.0,14,5.275467519310745
FNGU,2025-03-12,149136.0,13,3.698216860851054
GPCR,2025-03-12,102842.0,14,8.207755190459359
GRPN,2025-03-12,861776.0,14,42.06438206673896
GRRR,2025-03-12,404568.0,14,1.2927716698008582
GV,2025-03-12,4496526.0,13,2.432175809164104
INTC,2025-03-12,8849994.0,14,1.922725232554861
IONQ,2025-03-12,1102305.0,14,1.105013783430969
KOLD,2025-03-12,863023.0,14,1.6253906645171152
LTBR,2025-03-12,103284.0,14,0.7021540365058176
LUNR,2025-03-12,972772.0,14,0.8586187045588132
MNSO,2025-03-12,164008.0,14,2.1817573692482237
MYGN,2025-03-12,66982.0,14,2.415288920941134
NCMI,2025-03-12,35082.0,14,1.8794815571653254
NNE,2025-03-12,159533.0,14,0.972975351307364
NVDX,2025-03-12,933222.0,14,1.1348284976923173
OKLO,2025-03-12,1258573.0,14,1.6930802876503304
PL,2025-03-12,123257.0,14,0.6302713976036072
PLTU,2025-03-12,184455.0,14,0.9626843638022896
QUBT,2025-03-12,519910.0,14,0.7810364989601187
RCKT,2025-03-12,79284.0,14,2.260233888358322
RKLB,2025-03-12,1086574.0,14,0.9699883929418017
ROBN,2025-03-12,55560.0,14,1.2630717468400472
SATL,2025-03-12,51444.0,14,1.5060758207219886
SEI,2025-03-12,24050.0,14,0.5955602723976298
SFIX,2025-03-12,572718.0,14,13.69329138957486
SMCL,2025-03-12,56389.0,14,1.1495458291711929
SOFI,2025-03-12,4030139.0,14,2.0020729718009482
SOUN,2025-03-12,2516778.0,14,1.0905934471522054
SOXL,2025-03-12,7266410.0,14,2.0927041723768927
SPHL,2025-03-12,80314.0,14,1.4579388840841105
TSL,2025-03-12,24426.0,14,2.038886007118965
TSLG,2025-03-12,168939.0,14,9.019632220027304
TSLL,2025-03-12,16871876.0,14,4.192972742743163
TSLR,2025-03-12,484956.0,14,5.542485495574998
TSLT,2025-03-12,1045958.0,14,5.526925405402141
TSLY,2025-03-12,301641.0,14,1.3582581510464409
TSMX,2025-03-12,54465.0,14,1.1575490946187197
TSSI,2025-03-12,86225.0,14,1.0420893064017942
UEC,2025-03-12,857956.0,14,2.6581644711858075
UMAC,2025-03-12,51452.0,14,0.7663716060941357
XNET,2025-03-12,106958.0,14,0.3086646803777494
CMTG,2025-03-13,81339.0,14,3.045891141942369
CRVO,2025-03-13,4195468.0,14,421.23776875744056
GIII,2025-03-13,65918.0,14,7.278357020048267
INTC,2025-03-13,34193508.0,14,7.199117715064284
NABL,2025-03-13,114813.0,14,3.548140152443264
SHLS,2025-03-13,273004.0,14,1.0017282310766036
SRTA,2025-03-13,174177.0,14,7.425419310832044
AAOI,2025-03-14,1213452.0,14,3.7558588542419735
AGRO,2025-03-14,36569.0,14,2.5127658947905727
BBBY,2025-03-14,359617.0,7,
BEKE,2025-03-14,1145658.0,14,1.405051355222843
BKSY,2025-03-14,39004.0,14,0.34483442382877255
CONL,2025-03-14,172060.0,14,0.6027366411401963
EGY,2025-03-14,133150.0,14,3.9878744314802694
ETHT,2025-03-14,16851.0,14,0.19007480075155256
FNGU,2025-03-14,48805.0,14,0.9576461585252191
GMAB,2025-03-14,29645.0,14,0.5735698758000031
GOGO,2025-03-14,334809.0,14,13.94983527423046
MLGO,2025-03-14,272557.0,14,0.48892098421314084
MSTU,2025-03-14,3523141.0,14,1.080591050578935
MSTX,2025-03-14,465084.0,14,0.8292581784985064
NCMI,2025-03-14,49048.0,14,2.3254786949424617
NVDX,2025-03-14,820474.0,14,0.9700047332191337
PD,2025-03-14,172927.0,14,9.840893940133002
PLTU,2025-03-14,167892.0,14,0.9657211412043123
PTON,2025-03-14,848044.0,14,2.16644167643814
QBTS,2025-03-14,9667718.0,14,4.6934932128545235
QMCO,2025-03-14,514221.0,14,18.53020030578678
QUBT,2025-03-14,2084062.0,14,4.131446201040363
RGNX,2025-03-14,106594.0,14,6.105714507820779
ROBN,2025-03-14,80359.0,14,1.8105340066754858
RVLV,2025-03-14,68333.0,14,1.7938567295269632
SATL,2025-03-14,18734.0,14,0.46386623583115355
SMCL,2025-03-14,28608.0,14,0.6068437193178099
SOXL,2025-03-14,4404856.0,14,1.1019142468268184
TAL,2025-03-14,388726.0,14,0.884917665461771
TSLL,2025-03-14,6650891.0,14,1.2634633120885992
TSLR,2025-03-14,112692.0,14,0.9249379881727572
TSLT,2025-03-14,285989.0,14,1.041892778759975
VNET,2025-03-14,1160625.0,14,1.1891937663302588
ADTX,2025-03-17,43099.0,14,0.0134914295460487
AEO,2025-03-17,961714.0,14,6.71555496367145
ANNX,2025-03-17,623976.0,14,21.468981093495405
ARQQ,2025-03-17,81562.0,14,4.4705854716582225
ATEN,2025-03-17,244742.0,14,7.014717774543102
CRVO,2025-03-17,671262.0,14,2.0528948193921748
FEED,2025-03-17,4285502.0,14,469.00158686730504
LAES,2025-03-17,3241754.0,14,4.78907002916101
QBTS,2025-03-17,12314938.0,14,4.849207124908031
QUBT,2025-03-17,5682253.0,14,9.272957351634101
RDW,2025-03-17,106971.0,14,0.8338529159078014
RGTIW,2025-03-17,72686.0,14,5.54386423687723
UMAC,2025-03-17,77465.0,14,1.3003389602899686
ABVX,2025-03-18,20833.0,14,3.352475315808228
ADTX,2025-03-18,1884486.0,14,0.6142663303322232
AIFF,2025-03-18,301628.0,14,5.416099549298809
CDE,2025-03-18,1236938.0,14,2.0243615921552114
CRVO,2025-03-18,378782.0,14,1.0111723918055906
DQ,2025-03-18,150414.0,14,2.362307118457733
DRD,2025-03-18,59554.0,14,1.337912021785143
FINV,2025-03-18,446995.0,14,11.582796264145495
HROW,2025-03-18,261849.0,14,30.104012350748107
KC,2025-03-18,321317.0,14,1.2843161382678094
MSTZ,2025-03-18,1060647.0,14,1.3883060749957228
NIU,2025-03-18,533240.0,14,5.25884380049902
SBSW,2025-03-18,907377.0,14,1.8003379226797083
SCNX,2025-03-18,5152918.0,12,8.24234336019331
SMST,2025-03-18,989697.0,14,1.1002974015422697
TME,2025-03-18,3126299.0,14,6.997069166425402
TSLZ,2025-03-18,2329534.0,14,1.0665082607974088
WKSP,2025-03-18,28642.0,14,0.30488051519506093
ADTX,2025-03-19,3281537.0,14,1.0637220460640333
AIFF,2025-03-19,67021.0,14,0.9186244140464377
AISP,2025-03-19,181870.0,14,4.014328215137646
BTDR,2025-03-19,212957.0,14,0.8749756046166484
ETH,2025-03-19,48348.0,14,1.0322135942465704
ETHA,2025-03-19,312313.0,14,0.7577884908016119
ETHE,2025-03-19,187220.0,14,1.209247392192957
ETHT,2025-03-19,32499.0,14,0.6233701110180975
FETH,2025-03-19,33681.0,14,0.6014847885706996
KC,2025-03-19,926126.0,14,3.656542696539222
LSE,2025-03-19,608291.0,12,985.219597786476
MSTU,2025-03-19,1858760.0,14,0.5569853820938763
QMCO,2025-03-19,338900.0,14,3.5033415614037287
SPIR,2025-03-19,47398.0,14,1.9100544025790853
STNE,2025-03-19,2041022.0,14,14.681325569554174
TRVI,2025-03-19,64184.0,14,0.12757341807788888
TSLG,2025-03-19,27010.0,14,0.7177633814259221
TSLL,2025-03-19,5474119.0,14,0.9191872141770235
TSLR,2025-03-19,110008.0,14,0.8252539346746486
TSLT,2025-03-19,173970.0,14,0.5792724548405893
VG,2025-03-19,371054.0,14,0.9291626429381306
ADTX,2025-03-20,710615.0,14,0.22159793902496694
DBI,2025-03-20,101975.0,14,5.3278872062039575
SPRY,2025-03-20,413799.0,14,12.589093279730537
ELAB,2025-03-21,81872.0,14,1.9929442407234501
IBO,2025-03-21,3373425.0,14,2087.4232044198893
SCHL,2025-03-21,80760.0,14,17.347756041426926
SOXS,2025-03-21,2005536.0,14,1.2227044524638575
VIVS,2025-03-21,57165.0,14,0.9108902552008759
WGRX,2025-03-21,66222.0,8,
ALLT,2025-03-24,57653.0,14,1.8846700773115836
AMDL,2025-03-24,776436.0,14,1.5333130586241899
AMPX,2025-03-24,568315.0,14,3.1220217541436464
ANAB,2025-03-24,131846.0,14,7.1781107451322
BTDR,2025-03-24,223113.0,14,1.6030634721540789
CADL,2025-03-24,151988.0,14,4.714194879111676
CONL,2025-03-24,374983.0,14,1.6012050147744548
DMRA,2025-03-24,102208.0,5,
ETH,2025-03-24,18596.0,14,0.4522318551574032
ETHA,2025-03-24,216782.0,14,0.609973835995223
ETHE,2025-03-24,101728.0,14,0.7409917128336615
ETHT,2025-03-24,102592.0,14,2.3558411011840814
FNGU,2025-03-24,142907.0,14,2.1446995627411276
GRRR,2025-03-24,345109.0,14,1.2126255944820123
HUHU,2025-03-24,81643.0,5,
IHS,2025-03-24,196497.0,14,5.063731093550684
KC,2025-03-24,455576.0,14,1.6356677653073681
LUNR,2025-03-24,2777650.0,14,2.8456906671143227
MLGO,2025-03-24,6807015.0,14,26.879737008000607
MSTU,2025-03-24,4115032.0,14,1.4481561490818533
OKLO,2025-03-24,1539995.0,14,2.459518206654045
OPFI,2025-03-24,112775.0,14,1.3511640027351046
OSUR,2025-03-24,192070.0,14,12.750809675323751
PBK,2025-03-24,40391.0,14,1.9061799476155643
QBTS,2025-03-24,4007936.0,14,1.0019496116579714
QMCO,2025-03-24,128293.0,14,0.9795500542921326
RCAT,2025-03-24,362466.0,14,1.7025010492751698
ROBN,2025-03-24,44340.0,14,0.8946305736064092
SOXL,2025-03-24,5982685.0,14,1.3804137062016704
SUUN,2025-03-24,44142.0,14,2.1030372122305216
TNXP,2025-03-24,539707.0,14,5.997772634038851
TSLG,2025-03-24,70003.0,14,1.5926992495132724
TSLL,2025-03-24,11183725.0,14,1.8389903974471495
TSLR,2025-03-24,118194.0,14,0.8207285650160826
TSLT,2025-03-24,249687.0,14,0.797028328150715
VSAT,2025-03-24,257875.0,14,3.4961462740537095
VSTM,2025-03-24,60672.0,14,2.4155888475582707
WGRX,2025-03-24,17384.0,9,
BBAI,2025-03-25,5274772.0,14,1.7261175183186734
DJT,2025-03-25,1475316.0,14,9.281514778264247
MBLY,2025-03-25,862487.0,14,11.380933844438433
TNON,2025-03-25,13841901.0,14,107.32467513766808
GME,2025-03-26,4283069.0,14,25.50992480985495
GV,2025-03-26,336459.0,14,0.22485677059838285
IMNM,2025-03-26,72354.0,14,3.448983135680651
JYD,2025-03-26,81847.0,12,53.47729500163345
MYSE,2025-03-26,792464.0,14,2.263566612681364
PLTK,2025-03-26,916346.0,14,19.55366081172533
PRM,2025-03-26,97243.0,14,3.2182694557979117
PROP,2025-03-26,63546.0,14,1.7493014741304558
SMMT,2025-03-26,230049.0,14,2.3883364256443795
TH,2025-03-26,73969.0,14,2.142201683036416
VIVO,2025-03-26,7023006.0,14,12.964575628142923
VVPR,2025-03-26,7023006.0,7,
WVE,2025-03-26,277498.0,14,8.431715633186258
GDHG,2025-03-27,116206.0,13,3.4367958867958865
HMR,2025-03-27,47035.0,14,0.3689604570360455
IMNM,2025-03-27,85785.0,14,3.3591870755529696
JYD,2025-03-27,157090.0,13,20.378294233283107
LBRT,2025-03-27,157143.0,14,2.547622549218286
MLKN,2025-03-27,75038.0,14,5.121523393509197
PARR,2025-03-27,72649.0,14,3.126369015599785
PROP,2025-03-27,40908.0,14,1.0067378124346302
QNTM,2025-03-27,41485.0,14,2.4493298808208435
VIVO,2025-03-27,4940747.0,14,4.736548636746513
VVPR,2025-03-27,4940747.0,8,
XYF,2025-03-27,93281.0,14,7.70367093162499
ZGN,2025-03-27,68624.0,14,2.7363600113927657
ATON,2025-03-28,3163698.0,4,
BIYA,2025-03-28,39948.0,4,
GFI,2025-03-28,392671.0,14,2.37510179975486
HERE,2025-03-28,64050.0,14,4.95255663930895
HPP,2025-03-28,274373.0,14,5.034591318617081
IBIO,2025-03-28,37934.0,14,3.693593818462544
QNTM,2025-03-28,202088.0,14,10.363601065213171
RKLB,2025-03-28,1499326.0,14,2.300609332726138
TSSI,2025-03-28,151839.0,14,4.732693326683914
EBS,2025-03-31,230158.0,14,9.44260085218115
FNGD,2025-03-31,321453.0,14,1.3266614213477796
LABD,2025-03-31,771295.0,14,2.1457264134390246
MLGO,2025-03-31,1101033.0,14,1.0766419082769658
NVDQ,2025-03-31,945918.0,14,1.0901011649552308
PLTD,2025-03-31,135310.0,14,1.7908723499799106
SMST,2025-03-31,2074760.0,14,2.429172645171563
TSLS,2025-03-31,860223.0,14,1.9213524984827803
TSLZ,2025-03-31,4231315.0,14,1.9024204871907207
UVXY,2025-03-31,1213001.0,14,2.347281878299437
ETHT,2025-04-01,37646.0,14,0.8648359492299993
HERE,2025-04-01,373359.0,14,3.9158240607350505
HSAI,2025-04-01,324705.0,14,1.166161170340077
IONQ,2025-04-01,1825593.0,14,1.3335518847976726
OKLO,2025-04-01,492692.0,14,0.6471662957661232
OMER,2025-04-01,56339.0,14,2.922656212366557
SRAD,2025-04-01,115019.0,14,2.9398793570578317
TNXP,2025-04-01,84324.0,14,0.7385504707685571
ANGO,2025-04-02,265224.0,14,25.92972067039106
CGNT,2025-04-02,182646.0,14,29.364645896255123
HERE,2025-04-02,1127396.0,14,9.25508270239335
MSTZ,2025-04-02,802119.0,14,1.0066063306395878
NVDQ,2025-04-02,800748.0,14,0.9878832105081674
SBFM,2025-04-02,4787448.0,11,5013.989145958298
SMST,2025-04-02,517563.0,14,0.5091200083416659
TSLS,2025-04-02,386796.0,14,0.8796498777944588
TSLZ,2025-04-02,3287725.0,14,1.507164903958335
TTEC,2025-04-02,629561.0,14,48.206337920322035
UVXY,2025-04-02,734357.0,14,1.3400416676007814
WOOF,2025-04-02,733352.0,14,3.6395981985865484
AAPD,2025-04-03,237289.0,14,4.2051747490474565
BITI,2025-04-03,97571.0,14,2.6260984579774336
BTCZ,2025-04-03,152460.0,14,7.3301097572702165
DRIP,2025-04-03,169618.0,14,3.7264641265457286
DXD,2025-04-03,104062.0,14,1.2841351311091191
FAZ,2025-04-03,1353601.0,14,3.377883102843153
FNGD,2025-04-03,284246.0,14,1.0843750783420587
GDXD,2025-04-03,589513.0,14,2.4230741565301335
JDST,2025-04-03,177813.0,14,2.0294382359558987
LABD,2025-04-03,383864.0,14,0.9412610360622292
MSTZ,2025-04-03,1796805.0,14,2.1865394063107257
NVDD,2025-04-03,189477.0,14,1.0820363025843533
NVDQ,2025-04-03,686654.0,14,0.8409912775581362
PLTD,2025-04-03,91032.0,14,1.0699172658699676
SBIT,2025-04-03,489731.0,14,2.981457411534489
SCO,2025-04-03,534956.0,14,22.956247739435888
SDS,2025-04-03,876431.0,14,2.356571522515759
SMST,2025-04-03,1805156.0,14,1.8286326389013003
SPXS,2025-04-03,6248062.0,14,4.728437959544018
SPXU,2025-04-03,1505464.0,14,2.588471355485309
SRTY,2025-04-03,248014.0,14,1.6980182428850599
TIVC,2025-04-03,2237076.0,9,
TSLS,2025-04-03,920970.0,14,2.103470496780414
TSLZ,2025-04-03,2547003.0,14,1.103326951673173
TZA,2025-04-03,1369697.0,14,1.7774564218282856
UVXY,2025-04-03,2054461.0,14,3.5173331888692014
VBIO,2025-04-03,2237076.0,14,989.6064206268959
CDNA,2025-04-04,37138.0,14,2.591522618976414
DRIP,2025-04-04,157705.0,14,2.862527080867262
EDZ,2025-04-04,19040.0,14,0.8852902201601467
ERY,2025-04-04,58202.0,14,3.040221479314668
FAZ,2025-04-04,1051417.0,14,2.2814638169340724
FNGD,2025-04-04,284771.0,14,1.1404701600173468
GDXD,2025-04-04,411998.0,14,1.6171796451944467
JDST,2025-04-04,185823.0,14,1.9931750707737805
KOLD,2025-04-04,675137.0,14,3.644947700793936
LABD,2025-04-04,249100.0,14,0.593054188256017
MP,2025-04-04,523521.0,14,4.178271465585798
NVDQ,2025-04-04,1025658.0,14,1.2485592739525024
SCO,2025-04-04,762135.0,14,12.905621078833958
SDS,2025-04-04,1278469.0,14,3.32882312954902
SPXS,2025-04-04,3352307.0,14,2.061982632128809
TSLZ,2025-04-04,3036637.0,14,1.3069294725230713
TZA,2025-04-04,1451808.0,14,1.790567356674221
VIXM,2025-04-04,49854.0,14,5.62940379403794
AAPD,2025-04-07,295026.0,14,4.116532450964758
BITI,2025-04-07,272937.0,14,6.495175088942565
BTCZ,2025-04-07,90979.0,14,2.944419914790919
CONI,2025-04-07,19452.0,14,1.6068918719575158
CRSH,2025-04-07,33836.0,14,0.9918612369161061
DRIP,2025-04-07,325139.0,14,5.1110831650016895
EDZ,2025-04-07,53773.0,14,2.4077205999936035
ERY,2025-04-07,56973.0,14,2.5612585014353697
FAZ,2025-04-07,1164656.0,14,2.2843955617798386
FIAT,2025-04-07,149395.0,14,4.2391095058868355
FNGD,2025-04-07,359259.0,14,1.445551122138609
FWDI,2025-04-07,36731.0,14,17.55604110477621
GDXD,2025-04-07,380447.0,14,1.3733720038553632
LABD,2025-04-07,396326.0,14,0.9632358378970124
MSTZ,2025-04-07,1076699.0,14,1.169525582047799
NVDD,2025-04-07,560148.0,14,2.4284552138070747
NVDQ,2025-04-07,2064070.0,14,2.4364576678572267
OILD,2025-04-07,48515.0,14,6.029329522152489
PLTD,2025-04-07,84793.0,14,0.9873970059571439
SBIT,2025-04-07,239578.0,14,1.4015848255233547
SDS,2025-04-07,1665692.0,14,3.818444611426308
SMST,2025-04-07,1158068.0,14,1.1295212858230272
SPXS,2025-04-07,5919761.0,14,3.301817814129873
TAIL,2025-04-07,150976.0,13,17.158613454561348
TSLS,2025-04-07,390124.0,14,0.8472767933599578
TSLZ,2025-04-07,3081537.0,14,1.3059790697730034
TZA,2025-04-07,1123379.0,14,1.3321537560296002
VIXM,2025-04-07,38827.0,14,3.1747528019670717
AAOI,2025-04-08,423073.0,14,2.92229381697618
AAPU,2025-04-08,108106.0,14,2.1163908407621044
ABEO,2025-04-08,45580.0,14,2.651949314903397
ACDC,2025-04-08,45849.0,14,3.4047611470035966
ACH,2025-04-08,53667.0,14,2.0662383877940522
ACHR,2025-04-08,1489285.0,14,1.1695170643839927
ACMR,2025-04-08,62325.0,14,0.8433392581166148
ADTN,2025-04-08,25438.0,14,0.7913710310009133
AG,2025-04-08,718245.0,14,1.0807824250688667
AGL,2025-04-08,1067618.0,14,10.81101654275214
AI,2025-04-08,176150.0,14,1.1161257794686443
AIFF,2025-04-08,30325.0,14,1.1449012723222713
AIOT,2025-04-08,119549.0,14,2.4439223405311634
AISP,2025-04-08,73242.0,14,1.2406313331437802
AIYY,2025-04-08,29462.0,14,1.3906353252147645
ALHC,2025-04-08,600888.0,14,6.406514020954897
ALIT,2025-04-08,84717.0,14,0.5345308965634731
AMDL,2025-04-08,858012.0,14,1.4979340097718503
AMRC,2025-04-08,30992.0,14,1.686691908786279
AMSC,2025-04-08,30419.0,14,0.7252708700198576
AMZU,2025-04-08,124712.0,14,1.525762348983025
AMZZ,2025-04-08,37660.0,14,1.6093525838649614
APLD,2025-04-08,1119376.0,14,1.38495863576228
AROC,2025-04-08,45429.0,14,1.1493530432268326
ARQT,2025-04-08,88492.0,14,0.7962225177173919
ARVN,2025-04-08,34787.0,14,0.5713263431538395
ARWR,2025-04-08,53030.0,14,1.1348135648143902
AS,2025-04-08,91592.0,14,0.8683969755149447
ASAN,2025-04-08,130416.0,14,1.2025734654842637
ASTS,2025-04-08,412161.0,14,0.8587136024515566
ATYR,2025-04-08,176971.0,14,4.318675667996646
AUR,2025-04-08,637143.0,14,1.2609790680348947
AVGX,2025-04-08,194529.0,14,5.178198149207985
AVL,2025-04-08,123841.0,14,3.408519263396499
BBAI,2025-04-08,1221339.0,14,0.7959514845490763
BBBY,2025-04-08,185831.0,9,
BE,2025-04-08,188020.0,14,0.7080387744485444
BEAM,2025-04-08,76155.0,14,0.9495365290622284
BGC,2025-04-08,158822.0,14,1.8091980322245202
BHVN,2025-04-08,28226.0,14,0.9395825704870011
BKSY,2025-04-08,54838.0,14,0.8734609547257308
BLMN,2025-04-08,70457.0,14,0.8613084510387415
BTU,2025-04-08,55580.0,14,0.30733088349137233
BWLP,2025-04-08,76404.0,14,2.931447833593686
BYRN,2025-04-08,22217.0,14,0.8638144830937998
BZ,2025-04-08,655201.0,14,2.0940265044800017
CADL,2025-04-08,45417.0,14,0.8402419879164618
CARG,2025-04-08,33558.0,14,0.7620570798290363
CC,2025-04-08,74195.0,14,0.9656415562490647
CCL,2025-04-08,2129400.0,14,1.566101567766873
CENX,2025-04-08,42764.0,14,0.696074772440045
CGON,2025-04-08,63884.0,14,3.477788838424687
CHAU,2025-04-08,47131.0,14,0.9793934248356506
CLF,2025-04-08,1533139.0,14,1.7051891776461403
CLM,2025-04-08,176187.0,14,1.4210217040383546
CLOV,2025-04-08,879403.0,14,4.785154241370479
CONL,2025-04-08,264457.0,14,1.0738666587774086
CORZ,2025-04-08,725169.0,14,1.282148506392515
CPRI,2025-04-08,98265.0,14,1.0662137403160252
CRBG,2025-04-08,90309.0,14,2.1665592805587734
CRF,2025-04-08,78827.0,14,1.138067124198846
CRGY,2025-04-08,86517.0,14,0.9547629050934593
CRMD,2025-04-08,318448.0,14,3.0694205772196517
CRNC,2025-04-08,29696.0,14,0.6031201673528481
CRSR,2025-04-08,56517.0,14,2.0825888979548863
CUK,2025-04-08,162159.0,14,1.6293386691853113
CWH,2025-04-08,40649.0,14,0.5849293976651585
DB,2025-04-08,441307.0,14,2.254716685047548
DBRG,2025-04-08,108171.0,14,1.3596727578643428
DFEN,2025-04-08,20796.0,14,1.8736943720436336
DNA,2025-04-08,68883.0,14,1.4913152669441987
DOW,2025-04-08,520888.0,14,1.2057018448856933
DRN,2025-04-08,30793.0,14,0.7297660561329858
ECC,2025-04-08,103900.0,14,1.4973647368854484
ENVX,2025-04-08,136999.0,14,0.746179304538694
EOSE,2025-04-08,178180.0,14,1.0421219429559263
EQX,2025-04-08,401300.0,14,1.144735879631375
ET,2025-04-08,1382482.0,14,1.6962185883263763
EVLV,2025-04-08,117064.0,14,2.0488171986553705
EWA,2025-04-08,173617.0,14,4.826774217890518
EXK,2025-04-08,356315.0,14,0.7467352105663628
FBL,2025-04-08,117637.0,14,2.0700066615552846
FENI,2025-04-08,19822.0,14,0.9103308916393028
FINV,2025-04-08,65454.0,14,0.773300770553075
FIP,2025-04-08,58437.0,14,1.5951948274786298
FIVN,2025-04-08,26902.0,14,1.0012308428482182
FNGU,2025-04-08,211437.0,14,1.8227653080011899
FNKO,2025-04-08,34336.0,14,1.3780663656561314
FSCO,2025-04-08,155903.0,14,1.1820818342766808
GCT,2025-04-08,38018.0,14,0.8334734847595111
GENI,2025-04-08,60369.0,14,0.4119479458558134
GGLL,2025-04-08,35249.0,14,0.7609523971066027
GLPG,2025-04-08,22144.0,0,
GOF,2025-04-08,135787.0,14,1.2595745977814206
GRAB,2025-04-08,5690469.0,14,3.9874529213017946
GRAL,2025-04-08,75246.0,14,1.6835736169111055
GRRR,2025-04-08,229291.0,14,1.155284675735982
GSAT,2025-04-08,18824.0,14,0.6034631994980605
GTES,2025-04-08,49577.0,14,2.3964216537594387
GUSH,2025-04-08,106542.0,14,2.048116571670239
HERE,2025-04-08,69127.0,14,0.3001777906809396
HIBL,2025-04-08,34285.0,14,3.129233517396945
HIMS,2025-04-08,906125.0,14,1.30191963551279
HL,2025-04-08,418421.0,14,0.6485778306372985
HMY,2025-04-08,315623.0,14,0.9571789799023092
HPK,2025-04-08,19633.0,14,2.1959621945081373
HSAI,2025-04-08,144943.0,14,0.6921996624967125
HUT,2025-04-08,249169.0,14,1.0419253285543608
ICL,2025-04-08,115500.0,14,4.5751892889075005
IE,2025-04-08,17414.0,14,0.6412798451223266
IONQ,2025-04-08,1052681.0,14,0.8668070964443669
IONX,2025-04-08,21249.0,14,1.2083643054726245
IREN,2025-04-08,349034.0,14,0.6314929463448702
JOBY,2025-04-08,585320.0,14,1.3133210780974787
KRP,2025-04-08,75419.0,14,1.5281277769576556
LEVI,2025-04-08,847560.0,14,23.261928613577417
LKFT,2025-04-08,22144.0,14,2.536789735532862
LQDA,2025-04-08,26961.0,14,0.880392037953603
LSPD,2025-04-08,33360.0,14,1.098310346043952
LTBR,2025-04-08,95901.0,14,1.5789941632159117
LUMN,2025-04-08,685234.0,14,1.3584295969121645
LUNR,2025-04-08,522944.0,14,0.7672599577364477
LX,2025-04-08,164135.0,14,0.5533633483504744
MAGX,2025-04-08,22979.0,14,1.7145400087404203
MARA,2025-04-08,1461133.0,14,0.8706761397459954
METC,2025-04-08,51078.0,14,2.196282463942603
METU,2025-04-08,75786.0,14,1.858980805788925
MFG,2025-04-08,97339.0,14,0.9888047599180074
MGNI,2025-04-08,178558.0,14,2.2045208422255693
MP,2025-04-08,219698.0,14,1.4029969616204447
MSFU,2025-04-08,33889.0,14,1.384508086214041
MSTU,2025-04-08,2136240.0,14,0.8061441422932542
MSTX,2025-04-08,382078.0,14,0.9683593262768084
MUFG,2025-04-08,200077.0,14,0.9535162699182674
MUU,2025-04-08,75876.0,14,1.4275190053390994
MXL,2025-04-08,33517.0,14,0.9708861204736514
NAGE,2025-04-08,19561.0,14,0.7982080294736597
NBIS,2025-04-08,618105.0,14,1.0216136345015356
NCLH,2025-04-08,1197259.0,14,2.083585697049675
NEOG,2025-04-08,270515.0,14,2.02179812074489
NEXT,2025-04-08,152725.0,14,1.7606825501261132
NFE,2025-04-08,322635.0,14,1.4372659652731286
NGD,2025-04-08,355140.0,14,0.3563124716388184
NGNE,2025-04-08,26710.0,14,5.069066952242812
NML,2025-04-08,43825.0,14,4.165026135360804
NMR,2025-04-08,28942.0,14,1.4933512206628141
NNE,2025-04-08,125815.0,14,1.2254531590686777
NTLA,2025-04-08,118974.0,14,0.7766035518960076
NU,2025-04-08,4437205.0,14,2.202153358194299
NVDX,2025-04-08,932365.0,14,1.6288200768569991
NWTG,2025-04-08,493379.0,14,1.419657657128094
NXE,2025-04-08,413173.0,14,1.6869653520729146
OCUL,2025-04-08,63729.0,14,1.2152961191695941
OII,2025-04-08,52978.0,14,2.1573544853503663
OIS,2025-04-08,19797.0,14,0.781744128979122
OKLO,2025-04-08,1107816.0,14,1.7210782095416746
ORIC,2025-04-08,22660.0,14,0.856919045946895
ORLA,2025-04-08,63929.0,14,0.7084728830853432
OSCR,2025-04-08,142906.0,14,1.0433863835606008
OUST,2025-04-08,22124.0,14,0.19021358312264064
PCN,2025-04-08,86079.0,14,2.964765447406489
PCRX,2025-04-08,411173.0,14,28.60717711196036
PCT,2025-04-08,78773.0,14,0.9935646619488001
PDI,2025-04-08,476247.0,14,1.8029741757307196
PDYN,2025-04-08,63165.0,14,0.9900492388025947
PEB,2025-04-08,31641.0,14,0.8155512474247872
PENG,2025-04-08,22748.0,14,0.5417194684048574
PGY,2025-04-08,109150.0,14,1.3734816740279747
PINS,2025-04-08,607256.0,14,1.3779911627251846
PL,2025-04-08,136091.0,14,0.6803524611647815
PLAY,2025-04-08,217477.0,14,6.171723826184255
PLTU,2025-04-08,367820.0,14,2.743319741430655
POET,2025-04-08,45000.0,14,0.4690773769193083
PPTA,2025-04-08,18869.0,14,0.5520595180873963
PRM,2025-04-08,21090.0,14,0.4777809062399876
PROP,2025-04-08,53632.0,14,1.0485385915178258
PTON,2025-04-08,349455.0,14,0.8348752841509754
PTY,2025-04-08,110460.0,14,1.3584555610116473
QBTS,2025-04-08,1227390.0,14,0.4621425104136615
QMCO,2025-04-08,54296.0,14,0.6698106557261486
QQQU,2025-04-08,34762.0,14,2.4755732801595216
RBBN,2025-04-08,20415.0,14,0.9908854211809083
RCAT,2025-04-08,187784.0,14,0.8895511802817626
RDW,2025-04-08,90476.0,14,1.2028949310217443
RES,2025-04-08,38873.0,14,1.199149479992949
RETL,2025-04-08,90556.0,14,2.507464339680857
RGTI,2025-04-08,2731049.0,14,1.4332613529213618
RKLB,2025-04-08,833349.0,14,1.0850620915108664
ROBN,2025-04-08,165900.0,14,1.9273089370176748
RPC,2025-04-08,42117.0,14,2.8105302293656695
RXRX,2025-04-08,927611.0,14,1.235104576159219
SAN,2025-04-08,371413.0,14,2.2526183453997874
SARO,2025-04-08,23017.0,14,0.11385487935349928
SBSW,2025-04-08,479411.0,14,1.3971349773030102
SDGR,2025-04-08,29049.0,14,0.9166014933883869
SEI,2025-04-08,20178.0,14,0.8489616829451541
SERV,2025-04-08,200775.0,14,1.0052949791580608
SG,2025-04-08,43732.0,14,0.5380720742098071
SGHC,2025-04-08,22222.0,14,0.7390844710728683
SIGA,2025-04-08,44539.0,14,3.524650952461704
SKE,2025-04-08,16649.0,14,1.2923375471279663
SLM,2025-04-08,54822.0,14,1.1476514884174387
SLQT,2025-04-08,63779.0,14,1.442809913616195
SMCL,2025-04-08,158505.0,14,3.411696877450302
SMCY,2025-04-08,32649.0,14,1.659325141125007
SMFG,2025-04-08,104328.0,14,2.2090586116097963
SMR,2025-04-08,344070.0,14,1.2046069843988119
SOBR,2025-04-08,156129.0,14,12.313290069627525
SOC,2025-04-08,51978.0,14,1.2559818150750541
SOFI,2025-04-08,3110030.0,14,1.5126678631705408
SOFX,2025-04-08,69546.0,14,3.616563528441635
SOUN,2025-04-08,1240662.0,14,0.9540921705061477
SOXL,2025-04-08,18681244.0,14,3.4556193816314535
SPIR,2025-04-08,91688.0,14,4.587447375756753
SPYU,2025-04-08,127617.0,14,1.8010445553986336
STIM,2025-04-08,34286.0,14,0.7351819943177033
SUPV,2025-04-08,17143.0,14,0.5802419588805292
SVOL,2025-04-08,137820.0,14,1.6365130672194426
SYM,2025-04-08,84292.0,14,1.507571789558672
SYRE,2025-04-08,27189.0,14,1.883957118675945
TDC,2025-04-08,32033.0,14,1.5283232345263331
TEAD,2025-04-08,18422.0,14,1.1785715917763022
TIGR,2025-04-08,150516.0,14,0.36324941101068275
TKNO,2025-04-08,151779.0,14,11.259092450510787
TNA,2025-04-08,1093464.0,14,1.4464624047234709
TNXP,2025-04-08,116690.0,14,0.9473332007332053
TROX,2025-04-08,110383.0,14,2.17262792656129
TSL,2025-04-08,33274.0,14,1.432231008571815
TSLG,2025-04-08,72538.0,14,1.2360433739573686
TSLL,2025-04-08,9221007.0,14,1.1148147239163355
TSLR,2025-04-08,360596.0,14,1.790472272269432
TSLT,2025-04-08,487568.0,14,1.5344452332278742
TSMX,2025-04-08,32018.0,14,0.9285905167145548
TSSI,2025-04-08,47068.0,14,0.9425044697132231
TXG,2025-04-08,129372.0,14,2.4772077921189797
U,2025-04-08,308613.0,14,1.0251823961929094
UAA,2025-04-08,367040.0,14,1.337464497805319
UEC,2025-04-08,597836.0,14,1.6551531565203375
ULCC,2025-04-08,111133.0,14,1.262394429393356
UMAC,2025-04-08,42695.0,14,1.3079144876479727
UMC,2025-04-08,589105.0,14,2.479401129630988
URTY,2025-04-08,159313.0,14,1.7431832107843137
USAR,2025-04-08,143388.0,14,1.2145019163462671
UWM,2025-04-08,30979.0,14,1.1344146349756878
VG,2025-04-08,542681.0,14,2.123242237170476
VISN,2025-04-08,160428.0,14,1.0591259397654165
VKTX,2025-04-08,157238.0,14,1.287631361290783
WDS,2025-04-08,54084.0,14,1.4560152913372806
WEBL,2025-04-08,59876.0,14,3.1344471200586312
WGMI,2025-04-08,57297.0,14,1.6197685923712215
WRD,2025-04-08,52896.0,14,0.9504852898519103
WVE,2025-04-08,79010.0,14,1.0909722133182367
XFLT,2025-04-08,113029.0,14,2.6776735599352244
XMTR,2025-04-08,51532.0,14,3.478249130977692
YALA,2025-04-08,154246.0,14,2.780910828255147
YINN,2025-04-08,1486649.0,14,4.360316569448748
YPF,2025-04-08,47998.0,14,0.9995805156979356
ZETA,2025-04-08,129815.0,14,0.8338047373465298
ZYME,2025-04-08,35325.0,14,2.3275131777108435
AGI,2025-04-09,314815.0,14,1.8453067542327786
BTU,2025-04-09,68278.0,14,0.38781600838686014
CDE,2025-04-09,822864.0,14,1.105661911176354
CHAU,2025-04-09,30459.0,14,0.6280354176239793
CWEB,2025-04-09,47326.0,14,0.6800075537692899
DRD,2025-04-09,45469.0,14,0.8393339820521137
DRIP,2025-04-09,127484.0,14,1.1400509606054974
EGO,2025-04-09,66258.0,14,0.7464776944792266
ETHU,2025-04-09,219146.0,14,0.23627519196121383
EXK,2025-04-09,385826.0,14,0.8339067097702481
FSM,2025-04-09,173720.0,14,0.6434206843421637
GFI,2025-04-09,318691.0,14,1.3070993983739456
HMY,2025-04-09,93813.0,14,0.2764401912586536
IAG,2025-04-09,565704.0,14,1.8134108290529265
IONX,2025-04-09,23307.0,14,1.2906744932993688
LABD,2025-04-09,408850.0,14,1.0572385348383175
NGD,2025-04-09,605983.0,14,0.610181791661665
SBSW,2025-04-09,1187992.0,14,3.615551585107879
SSRM,2025-04-09,151389.0,14,1.2667997951073204
VIVO,2025-04-09,72046.0,14,0.04908866770913483
VVPR,2025-04-09,72046.0,14,0.04908866770913483
YINN,2025-04-09,944290.0,14,2.183321907554078
AREB,2025-04-10,113784.0,14,0.4872492028170953
DRIP,2025-04-10,189732.0,14,1.6703525020248617
ERY,2025-04-10,49362.0,14,1.768975579788051
FIAT,2025-04-10,31420.0,14,0.7152229584163246
FNGD,2025-04-10,254728.0,14,1.0107721078197125
GDS,2025-04-10,262083.0,14,1.9588546571595138
HIBS,2025-04-10,20560.0,14,0.4622821810005621
HMY,2025-04-10,556489.0,14,1.7070757068311768
KROS,2025-04-10,232152.0,14,12.404311187103078
LABD,2025-04-10,530698.0,14,1.356343070033446
LOVE,2025-04-10,224287.0,14,10.87245026921279
MSTZ,2025-04-10,1064180.0,14,1.1428144501688005
NVD,2025-04-10,144732.0,14,1.0116389140741393
NVDQ,2025-04-10,838087.0,14,0.9918877717549122
NVDS,2025-04-10,39231.0,14,0.6945304685514271
SCO,2025-04-10,131506.0,14,1.1163334998763055
SOXS,2025-04-10,3359475.0,14,1.6810009523229157
SPXS,2025-04-10,2626615.0,14,1.0137395377140994
SPXU,2025-04-10,587637.0,14,0.6588547249692573
SRTY,2025-04-10,131351.0,14,0.9004326587851865
TSLZ,2025-04-10,2357627.0,14,0.9302591781449994
TZA,2025-04-10,851522.0,14,0.883973028730272
WHLR,2025-04-10,1843731.0,14,166.3877704937054
BTG,2025-04-11,1798091.0,14,1.6627653019078756
CBLL,2025-04-11,70270.0,14,28.497190197555184
CDE,2025-04-11,789896.0,14,1.1533904653156106
EGO,2025-04-11,164481.0,14,1.765536097231476
EQX,2025-04-11,986686.0,14,2.530350143162867
ETHT,2025-04-11,34400.0,14,0.26795614999980527
ETHU,2025-04-11,63741.0,14,0.07315438024203623
GFI,2025-04-11,383019.0,14,1.4357010784091657
GNK,2025-04-11,53096.0,14,1.846565065643204
IAG,2025-04-11,1423044.0,14,3.961771538409223
KC,2025-04-11,230952.0,14,1.1069962736389742
MSTU,2025-04-11,1956352.0,14,0.6850464048938288
MSTX,2025-04-11,305881.0,14,0.6997517888685723
ORLA,2025-04-11,128622.0,14,1.4927938839411177
RXRX,2025-04-11,2678225.0,14,3.453822226922075
SBSW,2025-04-11,594356.0,14,1.5656194500697014
SDGR,2025-04-11,134418.0,14,5.372744169314707
SILJ,2025-04-11,508545.0,14,2.1388485247036324
SLP,2025-04-11,54979.0,14,8.832778683069014
TSMX,2025-04-11,76001.0,14,2.132262673669908
XPEV,2025-04-11,1123368.0,14,1.9138846627606452
YINN,2025-04-11,595057.0,14,1.1940145042383454
ZLAB,2025-04-11,219765.0,14,4.71402896712126
AAOI,2025-04-14,278749.0,14,1.5315037635294764
AAPU,2025-04-14,537775.0,14,8.338797390543489
ALT,2025-04-14,164552.0,14,2.256897379377908
AMDL,2025-04-14,1122338.0,14,1.9474782929868886
APLD,2025-04-14,1047005.0,14,1.2303165401830978
BABX,2025-04-14,223032.0,14,4.20550408300975
BBAR,2025-04-14,18665.0,14,1.1203529426896874
BTDR,2025-04-14,112796.0,14,0.46424780046279435
CERT,2025-04-14,347091.0,14,5.806139176982268
CONL,2025-04-14,173374.0,14,0.8828576053133621
CRSR,2025-04-14,54608.0,14,2.2712235003327312
EH,2025-04-14,246271.0,14,1.9751578129663567
ENVX,2025-04-14,193428.0,14,0.9697635567651772
ETH,2025-04-14,30170.0,14,0.39517718791546325
ETHA,2025-04-14,619869.0,14,1.6297769081293285
ETHE,2025-04-14,120371.0,14,0.7156156537447445
ETHT,2025-04-14,97789.0,14,0.7917601874251424
ETHU,2025-04-14,186470.0,14,0.21981321543409443
FETH,2025-04-14,113591.0,14,1.639518580071013
FLD,2025-04-14,61635.0,14,8.2501362449924
FNGU,2025-04-14,219517.0,14,1.524268613558641
GPCR,2025-04-14,29923.0,14,2.0957626694682077
GRAL,2025-04-14,87759.0,14,1.8706014543062812
GRRR,2025-04-14,178163.0,14,1.1129438946044385
HELP,2025-04-14,40679.0,14,3.0576518340348766
HIMS,2025-04-14,938126.0,14,1.387275160526063
HPE,2025-04-14,707859.0,14,1.300740186164177
HPQ,2025-04-14,844335.0,14,2.537786552405668
IONQ,2025-04-14,1199259.0,14,1.1123023780878836
JKS,2025-04-14,52607.0,14,0.8769764769621881
MB,2025-04-14,49721.0,1,
MP,2025-04-14,667350.0,14,3.688231915410169
MSTU,2025-04-14,4768914.0,14,1.7652161488859737
MSTX,2025-04-14,718270.0,14,1.7226255264906578
MUU,2025-04-14,129357.0,14,2.9756786066381857
NEXT,2025-04-14,202273.0,14,2.72836775159502
NVDX,2025-04-14,1494070.0,14,2.1977781583700473
OKLO,2025-04-14,872273.0,14,1.4768570157354324
PTON,2025-04-14,272935.0,14,0.8178879723213195
QUBT,2025-04-14,1128911.0,14,1.5984837581711808
ROBN,2025-04-14,117945.0,14,1.16414892544492
SERV,2025-04-14,539302.0,14,3.503646234297294
SLQT,2025-04-14,52396.0,14,1.779030286567975
SMCL,2025-04-14,73241.0,14,1.34030736089743
SOUN,2025-04-14,1151807.0,14,1.0206311795702339
SOXL,2025-04-14,15889330.0,14,1.904963930813821
SPYU,2025-04-14,228078.0,14,2.605293497071271
SVIX,2025-04-14,1117799.0,14,1.4637241754992751
TETH,2025-04-14,27067.0,14,0.893706943517442
TNA,2025-04-14,1239025.0,14,1.3367745374018054
TSLG,2025-04-14,148883.0,14,2.5367478552747036
UAMY,2025-04-14,490142.0,14,2.0992042466284797
URTY,2025-04-14,169566.0,14,1.5361425668767552
USAR,2025-04-14,101856.0,14,0.7908684176519818
VKTX,2025-04-14,737639.0,14,6.204833270145085
WIMI,2025-04-14,104763.0,14,0.16645245594437308
WRD,2025-04-14,58346.0,14,1.0309000959159977
CRVO,2025-04-15,113981.0,14,2.6689870877099087
ERIC,2025-04-15,2963738.0,14,6.351946649708682
IE,2025-04-15,122126.0,14,7.215716395864106
MP,2025-04-15,1071032.0,14,4.745189602541325
NMAX,2025-04-15,499643.0,10,2.761296105835416
SCLX,2025-04-15,22674.0,14,0.39889969451317514
TMC,2025-04-15,4028015.0,14,11.356893146477235
USAR,2025-04-15,561196.0,14,4.244108184259825
FNGD,2025-04-16,140707.0,14,0.6258681192642332
GFI,2025-04-16,420806.0,14,1.2977474120648345
GO,2025-04-16,247995.0,14,6.2922132291375945
HMY,2025-04-16,553568.0,14,1.2609591451587736
HTZ,2025-04-16,2663234.0,14,12.465072646915264
IAG,2025-04-16,1460091.0,14,2.82017341329949
NB,2025-04-16,1205364.0,14,21.134368734086692
NG,2025-04-16,55341.0,14,0.5039954100271651
NVDD,2025-04-16,488965.0,14,1.942269661709921
NVDQ,2025-04-16,1357743.0,14,1.4103623080927992
NVDS,2025-04-16,144093.0,14,2.711194198348529
SBEV,2025-04-16,2705889.0,13,19.094821746125834
SBSW,2025-04-16,860514.0,14,1.9481055882893705
SOXS,2025-04-16,3118577.0,14,1.2992880979322219
TGL,2025-04-16,8915209.0,14,29.563562419318547
TSLZ,2025-04-16,1193123.0,14,0.5017584215878425
USAR,2025-04-16,309568.0,14,1.8321675365401833
BABX,2025-04-17,35220.0,14,0.5174699092318236
CAPR,2025-04-17,52739.0,14,1.352641269201528
FNB,2025-04-17,196978.0,14,3.1377808018733213
GPCR,2025-04-17,289208.0,14,16.465283482306248
HTZ,2025-04-17,11259487.0,14,31.82878427242352
HTZWW,2025-04-17,42567.0,14,4.758443922771043
LBRT,2025-04-17,187900.0,14,2.9111601481143747
NNOX,2025-04-17,355641.0,14,5.323278318352737
QURE,2025-04-17,601965.0,14,15.27677624602333
RF,2025-04-17,2848684.0,14,10.434043777822255
TSMX,2025-04-17,152367.0,14,2.933523479734143
UUUU,2025-04-17,1286963.0,14,4.911755156496159
CDE,2025-04-21,872442.0,14,1.0522900136940334
DWTX,2025-04-21,1324991.0,14,100.09536914127843
ETHT,2025-04-21,94307.0,14,0.6393781610598109
ETHU,2025-04-21,48737.0,14,0.07064196247574756
EXK,2025-04-21,582383.0,14,1.115847256284488
FNGD,2025-04-21,147897.0,14,0.6560749156046082
FSM,2025-04-21,543844.0,14,1.6949486238282945
HMY,2025-04-21,457549.0,14,0.9815938303972187
HOLO,2025-04-21,35883.0,14,0.03335455553518691
KOLD,2025-04-21,466001.0,14,2.306859781485262
MLGO,2025-04-21,1553168.0,14,4.318284852049901
MSTU,2025-04-21,2349414.0,14,0.7872095791449342
NVDQ,2025-04-21,922161.0,14,0.9496838556553077
PPTA,2025-04-21,108016.0,14,2.889060831322562
SHFS,2025-04-21,1396754.0,14,1987.049690072147
SOXS,2025-04-21,1695180.0,14,0.6466376681511959
SUNE,2025-04-21,87380.0,14,0.0076391507286642756
TSLZ,2025-04-21,1748324.0,14,0.7734218192444471
BABX,2025-04-22,81882.0,14,1.251908963830159
BHC,2025-04-22,281318.0,14,4.184269462375645
ETHT,2025-04-22,59907.0,14,0.4127395945034195
ETHU,2025-04-22,55286.0,14,0.08943617485074694
GELS,2025-04-22,2741833.0,6,
HOLO,2025-04-22,328537.0,14,0.3241622681107119
IVZ,2025-04-22,449803.0,14,3.6081970594639197
MSTU,2025-04-22,3952380.0,14,1.3381745274886467
MSTX,2025-04-22,624066.0,14,1.4116961587214643
NG,2025-04-22,577791.0,14,5.093593050259179
PAGS,2025-04-22,431053.0,14,4.0179674407549175
ROBN,2025-04-22,49266.0,14,0.5316304075537143
SBEV,2025-04-22,872976.0,14,2.6414162633760223
SEDG,2025-04-22,350600.0,14,3.405567385260534
AAL,2025-04-23,4475703.0,14,1.948714955153008
AAOI,2025-04-23,256035.0,14,1.351687983763861
AAPU,2025-04-23,57063.0,14,0.5468135364211757
ABEO,2025-04-23,75811.0,14,3.2114460000423612
ACHR,2025-04-23,1578394.0,14,1.4916806839658974
ACMR,2025-04-23,220407.0,14,4.032047856180574
ADMA,2025-04-23,252384.0,14,2.097740879093217
ADPT,2025-04-23,124378.0,14,2.6882451836608037
AIOT,2025-04-23,34254.0,14,0.6903781592449484
ALGM,2025-04-23,56761.0,14,0.724822432395701
AMDL,2025-04-23,743644.0,14,1.397436055754539
AMKR,2025-04-23,57565.0,14,1.1555988276388165
AMZU,2025-04-23,151200.0,14,1.8894534081212222
AOSL,2025-04-23,78197.0,14,4.325841453487913
APLD,2025-04-23,909431.0,14,0.7539628839488884
APPN,2025-04-23,46862.0,14,3.261991298943443
APPS,2025-04-23,161654.0,14,1.262307627092174
ASPI,2025-04-23,92764.0,14,0.8552244781843661
ASTS,2025-04-23,651581.0,14,1.7494200648361375
AUR,2025-04-23,527932.0,14,1.092419153969649
AVGX,2025-04-23,45750.0,14,0.8341494670820266
AVL,2025-04-23,44029.0,14,1.013100824245811
BABX,2025-04-23,72712.0,14,1.043190253960251
BBBY,2025-04-23,113151.0,7,
BDN,2025-04-23,77530.0,14,1.006125256300449
BE,2025-04-23,500537.0,14,2.315435713823124
BHVN,2025-04-23,35940.0,14,1.3783581660242765
BTDR,2025-04-23,457805.0,14,1.6507836835574035
BULL,2025-04-23,298879.0,12,2.0254389239367927
CADL,2025-04-23,17932.0,14,0.5112483682891117
CC,2025-04-23,43526.0,14,0.6904278208769881
CCL,2025-04-23,1605772.0,14,1.2125074275546108
CLF,2025-04-23,1302050.0,14,1.7269869914404308
CONL,2025-04-23,312240.0,14,1.4871621628517686
CORZ,2025-04-23,1878194.0,14,5.126978865582986
CRNC,2025-04-23,53859.0,14,1.5495966871833864
CRSR,2025-04-23,110100.0,14,3.4491709369195998
CSTM,2025-04-23,43277.0,14,1.7086575313105448
CUK,2025-04-23,93201.0,14,0.8126016675343957
CWH,2025-04-23,120967.0,14,2.605607430622547
DJT,2025-04-23,1078508.0,14,3.9019281827264143
DNA,2025-04-23,73362.0,14,1.3610995153640335
DOCN,2025-04-23,41195.0,14,1.0665036882797954
DULL,2025-04-23,133132.0,14,6.043742886511692
EH,2025-04-23,70304.0,14,0.6623691168622637
ENVX,2025-04-23,302020.0,14,1.4903953762734758
ETH,2025-04-23,85635.0,14,1.351533550755925
ETHA,2025-04-23,422745.0,14,1.078704729771108
ETHE,2025-04-23,130168.0,14,0.8566502138861467
ETHT,2025-04-23,172904.0,14,1.1783430560856123
FBL,2025-04-23,113131.0,14,2.417362265354683
FETH,2025-04-23,66700.0,14,0.9522954828682676
FIVN,2025-04-23,134738.0,14,4.963979326533405
FNGU,2025-04-23,434883.0,14,2.7595274635522
FOXF,2025-04-23,17500.0,14,1.2733358280320985
FRSH,2025-04-23,107984.0,14,1.7698150316085226
FTRE,2025-04-23,53496.0,14,1.3750947858161862
FWRD,2025-04-23,31640.0,14,1.7818325167539562
GAP,2025-04-23,19207.0,14,0.09920619694697945
GDS,2025-04-23,104471.0,14,0.7436047744238767
GDXD,2025-04-23,1345358.0,14,2.2855153509237613
GGLL,2025-04-23,74430.0,14,1.82889457555366
GRAB,2025-04-23,3395811.0,14,1.9201613665085009
HCSG,2025-04-23,102495.0,14,11.656431252132379
HIMS,2025-04-23,1412878.0,14,1.9517009493631856
HIMX,2025-04-23,31796.0,14,0.6305370154226205
HSAI,2025-04-23,882093.0,14,3.35243160042186
HUT,2025-04-23,471856.0,14,1.9732979815615976
INTC,2025-04-23,5964894.0,14,1.1894542431710424
IONQ,2025-04-23,850465.0,14,1.0335380269019137
IREN,2025-04-23,1037500.0,14,1.8726002675916777
JBLU,2025-04-23,2603888.0,14,2.5874884979003077
JDST,2025-04-23,485233.0,14,2.1746663858137705
KC,2025-04-23,256428.0,14,1.01926326691924
KOD,2025-04-23,56812.0,14,4.7272986627043085
KSS,2025-04-23,686895.0,14,1.9151467089611418
KVYO,2025-04-23,60375.0,14,2.7170855741319953
LMND,2025-04-23,117384.0,14,1.9091663162101438
LUNR,2025-04-23,533775.0,14,1.5274152316585388
LX,2025-04-23,144309.0,14,0.6277201217704816
MBLY,2025-04-23,354475.0,14,3.1793720249344926
METU,2025-04-23,177166.0,14,4.776320248952428
MSTU,2025-04-23,3067001.0,14,1.0830258690700898
MUU,2025-04-23,45455.0,14,0.9194410852343573
MXL,2025-04-23,64689.0,14,1.923746526981214
NBIS,2025-04-23,461939.0,14,1.2709556537481634
NCLH,2025-04-23,1039462.0,14,1.394881222763093
NDRA,2025-04-23,31614.0,12,7.128163694782136
NFE,2025-04-23,268031.0,14,1.0122833061902652
NNE,2025-04-23,129297.0,14,1.3304311396610269
NVAX,2025-04-23,1144256.0,14,4.801394538616563
NVDX,2025-04-23,1321407.0,14,1.5541246174585817
NWL,2025-04-23,367996.0,14,1.7347985446659921
NXE,2025-04-23,255104.0,14,1.125429150975116
OUST,2025-04-23,47658.0,14,1.029390800448036
OWL,2025-04-23,304665.0,14,1.5007552490069875
PCT,2025-04-23,192726.0,14,2.198336926393594
PGY,2025-04-23,81605.0,14,1.1082860258196197
PINS,2025-04-23,507000.0,14,1.0790653269311021
PL,2025-04-23,200986.0,14,1.4022465414822787
PONY,2025-04-23,352214.0,14,4.461390080162134
PRCH,2025-04-23,76885.0,14,0.9349855850706674
PTEN,2025-04-23,209533.0,14,0.9534761946397269
QBTS,2025-04-23,974427.0,14,0.8358756546870905
QDEL,2025-04-23,46000.0,14,1.4235032769310683
QS,2025-04-23,825438.0,14,1.9682052305699862
QUBT,2025-04-23,556814.0,14,1.0370825655387585
RCAT,2025-04-23,212502.0,14,0.8088242850536388
RDW,2025-04-23,102838.0,14,1.4888599104656346
REAL,2025-04-23,59838.0,14,0.7547420713216175
RETL,2025-04-23,102455.0,14,2.6200309427303763
RGTI,2025-04-23,1494853.0,14,1.0763133921827277
RKLB,2025-04-23,997102.0,14,1.2407172812957317
ROBN,2025-04-23,84486.0,14,0.930475730461885
RUM,2025-04-23,181560.0,14,2.37408479434667
RXRX,2025-04-23,1028231.0,14,1.0186154159895466
RZLT,2025-04-23,2244245.0,14,159.21873970659033
S,2025-04-23,242397.0,14,1.1221530420624115
SERV,2025-04-23,373407.0,14,2.3216331598817446
SLQT,2025-04-23,36299.0,14,1.1692866280728558
SMCL,2025-04-23,189961.0,14,3.451904193886279
SMCX,2025-04-23,309526.0,14,2.4746666362094465
SMMT,2025-04-23,519003.0,14,3.168113078223077
SMR,2025-04-23,329671.0,14,1.3213504852792937
SMTC,2025-04-23,200372.0,14,3.026773903266947
SNCY,2025-04-23,45109.0,14,2.9015933985150335
SNOA,2025-04-23,1947802.0,14,521.0713698813369
SOFI,2025-04-23,2774429.0,14,1.3234051049316782
SOUN,2025-04-23,1654042.0,14,1.6645969715973314
SOXL,2025-04-23,13361238.0,14,1.162245006730132
SPHR,2025-04-23,45684.0,14,2.121989091053868
SPYU,2025-04-23,161133.0,14,1.4879374711430644
SVIX,2025-04-23,595446.0,14,0.6347851791745993
SYM,2025-04-23,57507.0,14,1.0143260844093749
TNA,2025-04-23,1703839.0,14,1.6878238423541312
TROX,2025-04-23,34615.0,14,0.5168467665214777
TSLG,2025-04-23,101286.0,14,1.8819148230235305
TSLL,2025-04-23,12443137.0,14,1.7262606398733655
TSLR,2025-04-23,291694.0,14,1.5353262381590445
TSLT,2025-04-23,515150.0,14,1.7734086324853366
TSLY,2025-04-23,989127.0,14,4.842852376665806
TSMX,2025-04-23,38663.0,14,0.6712085006863593
TSSI,2025-04-23,44292.0,14,1.3448132276142062
TXG,2025-04-23,62695.0,14,0.8598123700211296
ULCC,2025-04-23,296803.0,14,2.249010195460349
UPXI,2025-04-23,483379.0,12,1.102842936540047
URTY,2025-04-23,211915.0,14,1.482835591133005
VFC,2025-04-23,736657.0,14,1.8493576237152205
VISN,2025-04-23,197067.0,14,1.410298116833991
VNET,2025-04-23,652626.0,14,1.9020520918013128
VSH,2025-04-23,40743.0,14,0.8015418102921317
WGMI,2025-04-23,124332.0,14,4.197204834151564
WRBY,2025-04-23,92226.0,14,1.895598248813016
WWW,2025-04-23,40702.0,14,1.350220128617668
XPEV,2025-04-23,755579.0,14,1.4686826487394211
YMM,2025-04-23,369360.0,14,0.4981370819103077
ZETA,2025-04-23,333153.0,14,2.9503789704604197
ZIM,2025-04-23,358010.0,14,0.8413664066818608
AREB,2025-04-24,2807026.0,14,7.88909122116372
BCTX,2025-04-24,3443496.0,14,54.45984501027993
CADL,2025-04-24,110536.0,14,3.686859566154836
EPSM,2025-04-24,110233.0,10,10.147471716176781
ESI,2025-04-24,92741.0,14,1.4705970965772595
INDV,2025-04-24,74518.0,14,2.867250605330204
MBLY,2025-04-24,431449.0,14,3.2395600199298595
MLGO,2025-04-24,282222.0,14,0.8178321024789509
MUU,2025-04-24,56443.0,14,1.1078022615819858
NVCR,2025-04-24,82293.0,14,3.6609881886385955
OII,2025-04-24,63753.0,14,3.0920611385178205
PONY,2025-04-24,828259.0,14,8.917620096823438
PTEN,2025-04-24,688810.0,14,2.994009707911942
RES,2025-04-24,38564.0,14,0.9804917205132954
SOXL,2025-04-24,8893641.0,14,0.7318427177619883
STM,2025-04-24,505625.0,14,1.585657302692487
WRD,2025-04-24,1076120.0,14,15.092726165288195
XXI,2025-04-24,1434195.0,3,
AREB,2025-04-25,1220870.0,14,2.2292140564212675
COUR,2025-04-25,249331.0,14,7.409932600965877
EPSM,2025-04-25,51259.0,10,2.404279569791603
GDXD,2025-04-25,1155088.0,14,1.6535705404238052
JDST,2025-04-25,275477.0,14,1.0604921457359404
METU,2025-04-25,60753.0,14,1.3455579795320758
PONY,2025-04-25,2713266.0,14,19.28243598236517
SPHR,2025-04-25,82571.0,14,3.4533054518297237
XXI,2025-04-25,1532379.0,4,
ADMA,2025-04-28,821566.0,14,6.325751401057049
AMPY,2025-04-28,235668.0,14,8.654196929517393
BBAI,2025-04-28,7117333.0,14,5.45675600798032
BULL,2025-04-28,231697.0,12,1.223607426588765
DEA,2025-04-28,16730.0,14,0.24088851681087545
HIMS,2025-04-28,1702046.0,14,2.1497339248400147
MLGO,2025-04-28,2285019.0,14,6.7155016799110765
PONY,2025-04-28,635378.0,14,1.926960311769561
QMCO,2025-04-28,65483.0,14,1.9332079339038166
SERV,2025-04-28,388988.0,14,2.0321671458664126
SKYA,2025-04-28,27270.0,14,0.0016188712849298733
STSS,2025-04-28,19717.0,2,
TMC,2025-04-28,1353535.0,14,1.7629047870897938
WOLF,2025-04-28,2222811.0,14,3.535355366825159
XFOR,2025-04-28,15664.0,14,0.15747224079258884
BBBY,2025-04-29,505996.0,6,
CLVT,2025-04-29,299578.0,14,5.679342218226037
EVLV,2025-04-29,197925.0,14,3.6527684951930492
HIMZ,2025-04-29,195396.0,14,19.526768123804356
KNSA,2025-04-29,80364.0,14,5.687013485917629
LEG,2025-04-29,523922.0,14,15.989109394346302
LFMD,2025-04-29,1423593.0,14,96.40833365581828
NE,2025-04-29,269531.0,14,5.275869831172009
NOV,2025-04-29,221438.0,14,3.552492139013412
NWBI,2025-04-29,198837.0,14,7.0410058731579985
SEI,2025-04-29,130593.0,14,6.632284604250781
SOFI,2025-04-29,12879607.0,14,6.0641577331788055
SOFX,2025-04-29,68941.0,14,3.0251970725132815
TMC,2025-04-29,1515578.0,14,1.8348551086458158
TRS,2025-04-29,24228.0,14,2.093777777777778
WOLF,2025-04-29,5165588.0,14,6.644696489268902
EXTR,2025-04-30,110810.0,14,6.9307302253892376
FNGD,2025-04-30,512157.0,14,2.3811652044657072
KC,2025-04-30,1336334.0,14,5.78252459833182
KRG,2025-04-30,39004.0,14,1.7218571446590063
NOG,2025-04-30,155709.0,14,3.6808525008695887
NVDQ,2025-04-30,1502043.0,14,2.0718912274451324
NVDS,2025-04-30,98835.0,14,2.2293632968456465
OMH,2025-04-30,111947.0,9,
SNN,2025-04-30,54112.0,14,1.821435956125967
SOXS,2025-04-30,3183122.0,14,1.2811477346601579
TSLQ,2025-04-30,1406935.0,14,2.9091466300975743
VNET,2025-04-30,350065.0,14,1.1478535610814051
ADAM,2025-05-01,149643.0,14,6.726672595979412
ALKT,2025-05-01,68387.0,14,3.2299808377415524
AMZU,2025-05-01,174906.0,14,2.61653470107389
AUR,2025-05-01,982974.0,14,2.1060599568064173
AVGX,2025-05-01,41536.0,14,0.966844848656153
AVL,2025-05-01,56137.0,14,1.5352689638197414
BTDR,2025-05-01,77834.0,14,0.2597676033556696
BULL,2025-05-01,393725.0,13,1.6561732631443389
CLSK,2025-05-01,1122716.0,14,1.1651430185297338
CONL,2025-05-01,302728.0,14,1.5400216712438874
CORZ,2025-05-01,1243213.0,14,3.3256791997419706
CWH,2025-05-01,210680.0,14,6.1317012731067635
ETHT,2025-05-01,99945.0,14,0.9959336428595323
EVER,2025-05-01,68621.0,14,5.107439246771612
FEED,2025-05-01,1045373.0,14,59.273268505655885
FNGU,2025-05-01,650349.0,14,3.0730141093783963
GDS,2025-05-01,128382.0,14,1.1089764037990357
GDXD,2025-05-01,1190094.0,14,1.5654379356642674
GTX,2025-05-01,29446.0,14,1.4621122109870155
HIMZ,2025-05-01,43215.0,14,1.5166540907620998
INN,2025-05-01,28511.0,14,1.7674272379881242
JDST,2025-05-01,335331.0,14,1.214863008664887
KSS,2025-05-01,1662024.0,14,4.925709193021378
MSTU,2025-05-01,3159996.0,14,1.2158784137636731
NBIS,2025-05-01,1030106.0,14,4.089814658576738
NTGR,2025-05-01,57552.0,14,9.839390386869871
NTRB,2025-05-01,23682.0,14,2.3388474643227495
NVDX,2025-05-01,1127314.0,14,1.5085004188368378
OBIO,2025-05-01,36556.0,14,0.7776016968595639
ROBN,2025-05-01,275246.0,14,3.288263795378017
SHC,2025-05-01,57244.0,14,4.728927073068548
SNDR,2025-05-01,44489.0,14,5.242855579592421
SOFX,2025-05-01,20519.0,14,0.8398141841027426
TNDM,2025-05-01,192296.0,14,9.214117518208203
TSMX,2025-05-01,75278.0,14,1.2490468227226559
TSSI,2025-05-01,24953.0,14,1.1912323834400074
TTMI,2025-05-01,202381.0,14,24.03839921267191
UPBD,2025-05-01,42231.0,14,5.345937881459379
VISN,2025-05-01,700930.0,14,6.45965701285741
ZETA,2025-05-01,73851.0,14,0.5382526989058609
ADPT,2025-05-02,752826.0,14,17.902689591210674
ASTS,2025-05-02,1226343.0,14,3.2957717116672316
ATEN,2025-05-02,89887.0,14,5.01831595318326
AVGX,2025-05-02,66257.0,14,1.6427025667725679
BTSG,2025-05-02,143157.0,14,12.634499366446237
CRVO,2025-05-02,135040.0,14,5.71211031682247
FIVN,2025-05-02,237425.0,14,6.759293151130634
FLGT,2025-05-02,82062.0,14,13.841116090790806
FNUC,2025-05-02,41064.0,14,0.2126335302737662
FRGT,2025-05-02,9672797.0,13,137.3030187884009
GDS,2025-05-02,144263.0,14,1.3582022103177753
HSAI,2025-05-02,338982.0,14,0.9038085957028151
ING,2025-05-02,381631.0,14,3.3723263715531675
KC,2025-05-02,399828.0,14,1.2436454041420097
KIDZ,2025-05-02,2967538.0,14,4.438438856146318
LITM,2025-05-02,41064.0,12,0.19943427894038804
LLYX,2025-05-02,56644.0,14,3.1233152948775516
MSTU,2025-05-02,3274306.0,14,1.2671676167923105
OLN,2025-05-02,173436.0,14,6.906773923778424
PONY,2025-05-02,484809.0,14,0.939984713344746
SMMT,2025-05-02,487735.0,14,1.857869749489366
SOXL,2025-05-02,19323024.0,14,1.9020581135890549
SVV,2025-05-02,179024.0,14,15.896086763493372
TSMX,2025-05-02,101866.0,14,1.5952348460273604
VNET,2025-05-02,239276.0,14,0.7393403756707855
WOLF,2025-05-02,2095143.0,14,1.7808563300385791
XHR,2025-05-02,58897.0,14,4.549712248872997
XPEV,2025-05-02,631693.0,14,1.271548067042345
ZETA,2025-05-02,820145.0,14,6.078756806951005
BCRX,2025-05-05,1423195.0,14,19.96792061228437
DFSC,2025-05-05,145698.0,13,11.108156610678428
FNGR,2025-05-05,221748.0,14,7.656496550907715
FRO,2025-05-05,659137.0,14,5.0454482577247495
GFI,2025-05-05,571456.0,14,2.0653790162917023
HIMZ,2025-05-05,130479.0,14,3.616473341292043
HL,2025-05-05,2680018.0,14,3.719121020594494
HMY,2025-05-05,514604.0,14,1.335649746726484
KIDZ,2025-05-05,1650938.0,14,1.875521368511756
MSTZ,2025-05-05,2797947.0,14,2.4633925958217624
NIVF,2025-05-05,21670.0,14,1.0896448184583778
QURE,2025-05-05,140792.0,14,1.5997026357799602
SBIT,2025-05-05,244171.0,14,2.2325022172239444
ACEL,2025-05-06,27074.0,14,2.8691373724528417
AMRC,2025-05-06,154890.0,14,9.490393452667513
AORT,2025-05-06,52070.0,14,13.975039779153805
AREB,2025-05-06,4948102.0,14,11.764321040195068
ARRY,2025-05-06,829198.0,14,6.063839500717186
BULL,2025-05-06,573099.0,14,1.9665296722624568
CRMD,2025-05-06,178080.0,14,4.920725461209456
ERO,2025-05-06,65445.0,14,4.244320708568041
EVGO,2025-05-06,1205921.0,14,10.810995612948174
PLTD,2025-05-06,856279.0,14,6.143117097810486
PONY,2025-05-06,1226245.0,14,2.0923864125411824
SBET,2025-05-06,21373.0,14,0.6327250428199869
SEDG,2025-05-06,1711318.0,14,11.9232166896006
SEE,2025-05-06,96326.0,14,5.764670679160112
SHLS,2025-05-06,550980.0,14,4.597035597031425
SIBN,2025-05-06,104475.0,14,15.446231506024732
SOXS,2025-05-06,3523560.0,14,1.3062370918306982
TALO,2025-05-06,196892.0,14,5.985897845154257
TDUP,2025-05-06,946918.0,14,12.205955821625508
TSLQ,2025-05-06,1066418.0,14,1.8524400835777635
UCO,2025-05-06,528025.0,14,8.972539890227532
UPWK,2025-05-06,382278.0,14,15.35949168010745
WRD,2025-05-06,2397529.0,14,5.8407652467099656
AGL,2025-05-07,123058.0,14,0.8342107301956228
AMLX,2025-05-07,63919.0,14,3.5026303017018683
ANGI,2025-05-07,203232.0,14,5.6461287205141995
ATOM,2025-05-07,70870.0,14,5.518887078023574
BLMN,2025-05-07,92661.0,14,2.0062759241445227
DAWN,2025-05-07,37470.0,14,2.0197594369407526
DNA,2025-05-07,40576.0,14,0.9660656646565241
EHTH,2025-05-07,220345.0,14,40.85380550662835
EOSE,2025-05-07,1938674.0,14,8.548798806129234
EYE,2025-05-07,362559.0,14,13.672369069649047
GDXD,2025-05-07,535146.0,14,0.6724263552964393
GPUS,2025-05-07,727824.0,14,1.325321213180666
JDST,2025-05-07,275250.0,14,1.0592707840830373
KMT,2025-05-07,48064.0,14,5.695557963163597
MLGO,2025-05-07,1034395.0,14,1.6716667076458782
NBIS,2025-05-07,1780791.0,14,6.035049710158224
NRDS,2025-05-07,303607.0,14,35.786434741610115
NVOX,2025-05-07,26988.0,13,0.913889482211606
OPFI,2025-05-07,169484.0,14,8.421296214140453
OSCR,2025-05-07,1547516.0,14,12.618259798925319
PGY,2025-05-07,613430.0,14,11.479790776354466
PRCH,2025-05-07,1127469.0,14,16.62478250795189
PRGO,2025-05-07,154100.0,14,11.932984131022772
PSNL,2025-05-07,116853.0,14,6.278682044098176
SHOO,2025-05-07,58085.0,14,1.770514004040967
SMCZ,2025-05-07,31189.0,14,2.413702370883844
UEC,2025-05-07,626871.0,14,2.7602720833397547
VTEX,2025-05-07,194083.0,14,29.389975338554063
AAOI,2025-05-08,341086.0,14,2.420004652291862
ACH,2025-05-08,54106.0,14,2.444569230372034
ALGM,2025-05-08,249048.0,14,5.623383346961684
AMPL,2025-05-08,105079.0,14,5.797324989359857
ASST,2025-05-08,16497909.0,14,21.05628100041498
BKSY,2025-05-08,133313.0,14,3.7599484271281365
BMBL,2025-05-08,755195.0,14,6.115066594793182
BTDR,2025-05-08,280539.0,14,1.7689521125161973
BULLW,2025-05-08,46026.0,14,2.8224688783957808
CDE,2025-05-08,1413307.0,14,2.286559115491915
CERT,2025-05-08,98852.0,14,1.7394814969368952
CLSK,2025-05-08,1585418.0,14,1.4780657666405204
CMP,2025-05-08,169670.0,14,11.823987655242789
CMRE,2025-05-08,32924.0,14,3.446688551068173
CONL,2025-05-08,677778.0,14,3.463305298818871
CORZ,2025-05-08,1141814.0,14,2.6096322019819977
CSAN,2025-05-08,23602.0,14,1.0531133371366286
ETH,2025-05-08,71568.0,14,1.6001022070331214
ETHA,2025-05-08,499434.0,14,2.233483359260454
ETHE,2025-05-08,174290.0,14,2.634248928243312
ETHT,2025-05-08,245447.0,14,2.2293444299119747
FA,2025-05-08,24062.0,14,1.7449960631552774
FETH,2025-05-08,145471.0,14,3.717321388806752
FSLY,2025-05-08,411269.0,14,8.917464413100749
GDRX,2025-05-08,94944.0,14,4.659387192097505
GPUS,2025-05-08,1457992.0,14,2.4258828814588655
GRPN,2025-05-08,266112.0,14,3.5710281842963894
GTN,2025-05-08,179516.0,14,4.475313181676535
HCAT,2025-05-08,77372.0,14,8.250938811574994
HDSN,2025-05-08,226238.0,14,23.88582460426989
JOBY,2025-05-08,962694.0,14,2.6314135467352253
KIDZ,2025-05-08,253924.0,14,0.25756812908344306
KVUE,2025-05-08,2564407.0,14,8.58681529366237
KW,2025-05-08,34477.0,14,2.0509466992997485
LXEO,2025-05-08,50867.0,14,2.2823399707071
LZ,2025-05-08,265074.0,14,9.053405057269368
MGNI,2025-05-08,273863.0,14,4.255854171846695
MSTU,2025-05-08,3607447.0,14,1.3717013194844283
NAGE,2025-05-08,82916.0,14,1.9428049251965276
NAKA,2025-05-08,16280.0,13,1.5365850116891981
NTLA,2025-05-08,374372.0,14,2.94455346644067
NVAX,2025-05-08,2579573.0,14,9.50071227675747
PCT,2025-05-08,528755.0,14,7.78378884234257
PGY,2025-05-08,496633.0,14,5.266338243024406
PRM,2025-05-08,19025.0,14,1.4655229333568096
PRVA,2025-05-08,86703.0,14,6.059514776357827
QBTS,2025-05-08,11615798.0,14,9.059182238381787
QDEL,2025-05-08,186131.0,14,11.21107066952339
QUBT,2025-05-08,1242307.0,14,2.649901209377613
RELY,2025-05-08,303608.0,14,7.898627291022851
RGTI,2025-05-08,3292435.0,14,2.2016290705030044
RIOX,2025-05-08,80309.0,14,2.335412577244638
ROBN,2025-05-08,224429.0,14,1.9896213141100736
RUN,2025-05-08,1095530.0,14,3.2354081540093955
STKL,2025-05-08,195491.0,14,9.594953039710282
SYM,2025-05-08,271082.0,14,5.835277837571882
VRRM,2025-05-08,99151.0,14,4.754205825136312
VYX,2025-05-08,232718.0,14,9.255172217882253
XRAY,2025-05-08,418383.0,14,6.837895734663549
ALVO,2025-05-09,31011.0,14,3.8595926640411777
AMN,2025-05-09,156104.0,14,13.042904290429043
ARKO,2025-05-09,77444.0,14,12.879580903054134
ARLO,2025-05-09,122650.0,14,9.54628594937483
AVPT,2025-05-09,208420.0,14,10.440837591423705
CRVS,2025-05-09,645746.0,14,32.54826735792335
DH,2025-05-09,277185.0,14,36.91616168342545
ETH,2025-05-09,136004.0,14,2.7883140275601503
ETHA,2025-05-09,1043766.0,14,4.104114415198289
ETHE,2025-05-09,247457.0,14,3.2408384799744057
ETHT,2025-05-09,341323.0,14,2.844422671465188
FETH,2025-05-09,70110.0,14,1.4716006884681583
FOXF,2025-05-09,53278.0,14,5.3655504801640115
GDOT,2025-05-09,188169.0,14,25.78338700047958
GOGO,2025-05-09,1087724.0,14,76.1064321055525
GPUS,2025-05-09,769698.0,14,1.0915834159686353
HIND,2025-05-09,33535.0,14,0.020773137332211308
HNST,2025-05-09,613360.0,14,8.746541938795882
JMIA,2025-05-09,307052.0,14,2.8830013547409226
LYFT,2025-05-09,7840798.0,14,19.700076757154683
MGTX,2025-05-09,64124.0,14,7.129528740926635
NUS,2025-05-09,69771.0,14,8.799866667867857
OPRT,2025-05-09,55495.0,14,6.183729833414252
OUST,2025-05-09,422180.0,14,9.93159397301062
PUBM,2025-05-09,94434.0,14,7.267428181928121
SNBR,2025-05-09,81092.0,14,5.091571214581072
SPT,2025-05-09,58897.0,14,7.076779154794191
TKNO,2025-05-09,66866.0,14,6.682065741104251
TRVI,2025-05-09,47234.0,14,2.8327328961065112
TXG,2025-05-09,218475.0,14,4.048998621938579
WBUY,2025-05-09,788521.0,1,
ZKIN,2025-05-09,1536470.0,10,16.68973113420696
AA,2025-05-12,929547.0,14,3.976881894749516
AAL,2025-05-12,5016629.0,14,2.2362102059319895
AAOI,2025-05-12,506830.0,14,2.811355695954775
AAPU,2025-05-12,396336.0,14,4.08078157497595
ABEO,2025-05-12,158550.0,14,1.4705551102071643
ACDC,2025-05-12,18144.0,14,1.2473042248541628
ACH,2025-05-12,33737.0,14,1.4116026144884741
ACMR,2025-05-12,123137.0,14,1.5118228592525942
ADNT,2025-05-12,86585.0,14,4.176120606200499
ADPT,2025-05-12,39479.0,14,0.3572628545683837
ADTN,2025-05-12,20792.0,14,0.5941432329990672
AEO,2025-05-12,78902.0,14,0.7835663780090569
AESI,2025-05-12,59277.0,14,1.5171610657520924
AGEN,2025-05-12,201708.0,14,7.238517083073799
AI,2025-05-12,303297.0,14,2.300919358107486
ALGM,2025-05-12,168470.0,14,2.6708474741332355
AMDL,2025-05-12,1085749.0,14,1.8550412184302216
AMPL,2025-05-12,46594.0,14,2.028383614122154
AMPY,2025-05-12,35190.0,14,0.7797066722797865
APA,2025-05-12,486557.0,14,1.5960556667865542
APPS,2025-05-12,173526.0,14,1.3452901686704555
ARHS,2025-05-12,84498.0,14,3.3937957764459834
ARKO,2025-05-12,90644.0,14,7.989372820106019
AROC,2025-05-12,26075.0,14,1.2077350625289487
ARRY,2025-05-12,915549.0,14,4.323050911596536
ARWR,2025-05-12,53000.0,14,1.9788671918754435
AS,2025-05-12,491236.0,14,11.479526550969549
ASB,2025-05-12,39204.0,14,1.7433906886770578
ASPN,2025-05-12,130581.0,14,1.5562507661504517
ASTS,2025-05-12,715920.0,14,1.3642440462141672
ASX,2025-05-12,241361.0,14,1.4521373883088264
ATOM,2025-05-12,38699.0,14,1.6877647909086377
AUR,2025-05-12,2441209.0,14,4.287343859470859
BANC,2025-05-12,58704.0,14,1.6097242815199868
BBAI,2025-05-12,2228104.0,14,1.0185962862286542
BBBY,2025-05-12,118364.0,5,
BE,2025-05-12,292733.0,14,1.3564300038492614
BEAM,2025-05-12,67584.0,14,1.1790487369951812
BHVN,2025-05-12,36465.0,14,0.7401248546600132
BILI,2025-05-12,349748.0,14,2.729198832176025
BKSY,2025-05-12,70671.0,14,1.5095088650237016
BLMN,2025-05-12,144531.0,14,2.8964750173565132
BMBL,2025-05-12,213329.0,14,0.8750405056274256
BTCT,2025-05-12,95746.0,14,8.914363997898503
BTDR,2025-05-12,362997.0,14,1.78317319028531
BZ,2025-05-12,644395.0,14,8.909237964693009
CC,2025-05-12,578519.0,14,13.959895274061026
CCL,2025-05-12,3035916.0,14,2.835065387605731
CENX,2025-05-12,121523.0,14,2.571425548572759
CGON,2025-05-12,45013.0,14,0.5226568512964782
CIFR,2025-05-12,628566.0,14,1.3327348090772746
CLF,2025-05-12,2584302.0,14,3.38233746652741
CLMT,2025-05-12,42006.0,14,2.0610516871574167
CLSK,2025-05-12,1468737.0,14,1.160236169467471
CMRE,2025-05-12,35932.0,14,3.4635876038805002
COGT,2025-05-12,19912.0,14,1.225865746135749
CONL,2025-05-12,411559.0,14,1.441813246264735
CORZ,2025-05-12,512975.0,14,1.0069337680941792
CPRI,2025-05-12,289223.0,14,5.213150803449923
CRGY,2025-05-12,175318.0,14,2.8245239528227954
CRNC,2025-05-12,78408.0,14,1.7410016716732277
CRSR,2025-05-12,48889.0,14,1.37418536201448
CSIQ,2025-05-12,111484.0,14,1.3038116694943642
CSTM,2025-05-12,126896.0,14,4.778828953633192
CUK,2025-05-12,276008.0,14,1.8179453860622579
CWK,2025-05-12,47801.0,14,0.8621180968870613
CZR,2025-05-12,345415.0,14,2.409328993447822
DAN,2025-05-12,42272.0,14,1.1315034759133356
DBI,2025-05-12,101760.0,14,7.058124095836389
DBRG,2025-05-12,210963.0,14,4.799358456656012
DCH,2025-05-12,133051.0,14,1.6014984004051216
DEI,2025-05-12,36388.0,14,1.6384190602999398
DJT,2025-05-12,418551.0,14,1.4858451131186496
DNA,2025-05-12,62064.0,14,1.4976266068233761
DNLI,2025-05-12,25633.0,14,1.086163792320684
DQ,2025-05-12,153325.0,14,4.116320499814948
DRH,2025-05-12,130081.0,14,2.7773339860579247
DYN,2025-05-12,57602.0,14,1.8126091539877591
EGY,2025-05-12,112072.0,14,3.950738147216494
EH,2025-05-12,122274.0,14,3.0854343453277866
ENVX,2025-05-12,402127.0,14,2.170110198146969
ESI,2025-05-12,36023.0,14,0.6151356032469156
ETH,2025-05-12,164179.0,14,2.9433007908539586
ETHA,2025-05-12,1177127.0,14,3.76546030173442
ETHE,2025-05-12,298937.0,14,3.4096703182106296
ETHT,2025-05-12,228506.0,14,1.660155954037877
EWCZ,2025-05-12,27279.0,14,5.054274030253703
EYE,2025-05-12,237687.0,14,3.5314272615455797
FETH,2025-05-12,206260.0,14,4.130262521776692
FIVN,2025-05-12,63240.0,14,1.1566816603978674
FLNC,2025-05-12,919125.0,14,5.082487354756452
FLWS,2025-05-12,30345.0,14,1.1971358687075904
FNB,2025-05-12,62179.0,14,1.6598866975442235
FNGU,2025-05-12,1182716.0,14,4.259819270521801
FNKO,2025-05-12,329874.0,14,10.526157920768384
FOXF,2025-05-12,47118.0,14,3.5499897749410714
FRSH,2025-05-12,68407.0,14,0.7174676045132304
FTK,2025-05-12,26862.0,14,2.969700319816796
FTRE,2025-05-12,223046.0,14,9.147040127950133
FWRD,2025-05-12,51605.0,14,2.895183977045948
GAP,2025-05-12,715829.0,14,4.958554709030941
GCT,2025-05-12,118936.0,14,4.406179379839218
GDS,2025-05-12,163159.0,14,1.7801332162281587
GDXD,2025-05-12,1312264.0,14,1.8927946712394508
GGLL,2025-05-12,366700.0,14,3.878473783019117
GLDD,2025-05-12,50466.0,14,2.8010989925901257
GLL,2025-05-12,456227.0,14,1.2900786285757682
GOGO,2025-05-12,514835.0,14,5.724114106005496
GPRE,2025-05-12,74719.0,14,2.0161357779846467
GRRR,2025-05-12,92972.0,14,1.0625423471461901
GTES,2025-05-12,92270.0,14,3.0579596242708886
GTM,2025-05-12,141418.0,14,2.5864122213193776
GUSH,2025-05-12,253350.0,14,2.259599427407605
HAL,2025-05-12,945812.0,14,1.6140327353943604
HBM,2025-05-12,498233.0,14,5.554008011803516
HIMX,2025-05-12,120589.0,14,2.472015966193372
HNST,2025-05-12,430818.0,14,4.073854782790183
HP,2025-05-12,84440.0,14,1.7817702249519576
HPE,2025-05-12,974983.0,14,2.757979539678117
HPK,2025-05-12,19191.0,14,1.9752391174892114
HPQ,2025-05-12,708782.0,14,4.284880635459375
HSAI,2025-05-12,541605.0,14,1.6910242774731483
HUN,2025-05-12,315529.0,14,3.0448112004565764
HUT,2025-05-12,1031099.0,14,3.3105570347742526
IART,2025-05-12,37875.0,14,0.9080680627196317
INFY,2025-05-12,1209153.0,14,4.580063040272724
INN,2025-05-12,77409.0,14,4.617494674051981
IREN,2025-05-12,2012635.0,14,3.221890278296619
IVZ,2025-05-12,205380.0,14,1.8391136906296233
JBI,2025-05-12,19615.0,14,1.585032207420405
JDST,2025-05-12,318601.0,14,1.4851783963226934
JMIA,2025-05-12,496710.0,14,4.009132183162538
JOBY,2025-05-12,744167.0,14,1.8653423368661726
KC,2025-05-12,137221.0,14,0.5304741229104456
KEY,2025-05-12,415447.0,14,2.0678212437876566
KSS,2025-05-12,1313961.0,14,3.2075255287970967
LASR,2025-05-12,81656.0,14,6.214003446232789
LBRT,2025-05-12,114378.0,14,2.365838847938727
LC,2025-05-12,93121.0,14,2.0878947351562926
LI,2025-05-12,415721.0,14,2.4986976500171085
LTBR,2025-05-12,113045.0,14,2.3891170880677746
LUNR,2025-05-12,681519.0,14,2.4276622119632756
LX,2025-05-12,261492.0,14,3.4455448899246024
M,2025-05-12,628436.0,14,3.5189192669951432
MAT,2025-05-12,274784.0,14,2.2807626225317277
MBC,2025-05-12,70693.0,14,5.706110259100815
MBLY,2025-05-12,221204.0,14,1.7840111297054257
METC,2025-05-12,58654.0,14,4.615050862698815
MGNI,2025-05-12,189903.0,14,2.272788434659433
MGY,2025-05-12,54425.0,14,1.5505193156103994
MNRO,2025-05-12,93236.0,14,8.844182154496607
MTUS,2025-05-12,27296.0,14,3.3530815667555807
MUR,2025-05-12,155242.0,14,1.4509411742714544
MXL,2025-05-12,45353.0,14,1.2427035871420296
NCLH,2025-05-12,1412847.0,14,1.7665385544895318
NE,2025-05-12,151425.0,14,2.473545853270933
NFE,2025-05-12,747226.0,14,4.651351520791585
NIO,2025-05-12,3122741.0,14,1.4777757350002128
NOG,2025-05-12,108741.0,14,2.57656980670319
NOV,2025-05-12,86490.0,14,0.9603353869385632
NVDX,2025-05-12,1667720.0,14,2.4374886728364387
NVST,2025-05-12,66088.0,14,1.7605793803172816
NWL,2025-05-12,729873.0,14,3.755856958549737
NXTT,2025-05-12,4695101.0,14,2254.3956511300885
OBE,2025-05-12,98668.0,14,5.094344911009979
OIS,2025-05-12,32362.0,14,1.4739478957915833
OKLO,2025-05-12,1349444.0,14,2.0572728096371438
OLN,2025-05-12,81723.0,14,2.363644251626898
OPRT,2025-05-12,54445.0,14,4.910579685869271
OUST,2025-05-12,138667.0,14,1.948970167174656
OWL,2025-05-12,276095.0,14,1.736561219451599
PAYO,2025-05-12,371181.0,14,3.456107423615637
PBF,2025-05-12,113374.0,14,1.5486120664506542
PBW,2025-05-12,20978.0,14,1.668638179163329
PCT,2025-05-12,142885.0,14,1.3251459694931378
PDYN,2025-05-12,100662.0,14,3.507116175705707
PEB,2025-05-12,98242.0,14,3.9044572064463567
PENN,2025-05-12,119517.0,14,2.0784506627612753
PHAT,2025-05-12,136036.0,14,2.7699257524743115
PK,2025-05-12,414756.0,14,3.766881632817229
PL,2025-05-12,326445.0,14,2.4864395216265827
PLAY,2025-05-12,157258.0,14,8.402265424041888
PLCE,2025-05-12,60499.0,14,3.641572222126679
PONY,2025-05-12,2481685.0,14,2.8383783276833054
PR,2025-05-12,309411.0,14,1.638126651171902
PRAA,2025-05-12,45088.0,14,4.022225620635163
PTEN,2025-05-12,759676.0,14,3.215657011549858
PTON,2025-05-12,818508.0,14,1.6537133070161842
PUMP,2025-05-12,56149.0,14,1.7887014674394104
PWP,2025-05-12,37941.0,14,2.676843065417547
QBTS,2025-05-12,822576.0,14,0.3560632069899309
QNST,2025-05-12,104158.0,14,4.492307502726416
QS,2025-05-12,638593.0,14,1.3442777502783192
QUBT,2025-05-12,1632629.0,14,2.769430280330711
RCAT,2025-05-12,445974.0,14,2.5807176417049105
RCEL,2025-05-12,20011.0,14,2.421131775442478
REAL,2025-05-12,563845.0,14,4.853118383226318
REZI,2025-05-12,44452.0,14,2.402115217601081
RGNX,2025-05-12,23266.0,14,0.9837513288876003
RGTI,2025-05-12,6301469.0,14,3.3539874575664568
RIOT,2025-05-12,2888817.0,14,2.34127219959976
RIOX,2025-05-12,56618.0,14,1.362253982002791
RKLB,2025-05-12,1400377.0,14,1.9291112585981005
RLJ,2025-05-12,90444.0,14,2.729066714945234
ROBN,2025-05-12,170124.0,14,1.2881629474185208
RUM,2025-05-12,301586.0,14,3.0659043181996415
RUN,2025-05-12,1261810.0,14,3.154496271551813
RVLV,2025-05-12,122292.0,14,3.316547403656538
RXRX,2025-05-12,1583484.0,14,1.935799172930637
RXST,2025-05-12,17076.0,14,0.9141921889997439
SBH,2025-05-12,109686.0,14,4.240805077022496
SBLK,2025-05-12,100492.0,14,2.9741165726655447
SEDG,2025-05-12,663763.0,14,2.1540156509322874
SEI,2025-05-12,59710.0,14,1.3233264101719815
SERV,2025-05-12,972031.0,14,3.759015770347151
SFIX,2025-05-12,215878.0,14,9.171049956455377
SFL,2025-05-12,98290.0,14,3.4069914556578103
SGML,2025-05-12,70255.0,14,5.096059189869745
SHO,2025-05-12,74958.0,14,2.0292648591577893
SHOO,2025-05-12,100772.0,14,2.5458082281758814
SKYT,2025-05-12,41627.0,14,2.2929571923197987
SM,2025-05-12,124805.0,14,2.039637801360404
SMCL,2025-05-12,115286.0,14,1.311574576319393
SMCX,2025-05-12,380848.0,14,2.1236992925744818
SMR,2025-05-12,523276.0,14,1.9295015625144036
SNAP,2025-05-12,1803349.0,14,1.1544172537392872
SNBR,2025-05-12,44543.0,14,2.1007027023385234
SNCY,2025-05-12,17120.0,14,0.7581307370645208
SOC,2025-05-12,317033.0,14,13.214939246785185
SOFI,2025-05-12,4016761.0,14,1.213489677484245
SONO,2025-05-12,166217.0,14,4.92959083157683
SOUN,2025-05-12,3346393.0,14,2.83997822559184
SOXL,2025-05-12,21884174.0,14,2.321829771860077
SPCE,2025-05-12,121883.0,14,1.6219431052575548
SRTA,2025-05-12,204717.0,14,9.12428409065585
SSL,2025-05-12,37672.0,14,1.3637487265148656
STLA,2025-05-12,1027908.0,14,2.4155966975609386
STM,2025-05-12,270907.0,14,1.0462632489874466
SVIX,2025-05-12,607381.0,14,2.818201492663452
SWIM,2025-05-12,16007.0,14,1.3980174301452928
SYM,2025-05-12,196000.0,14,3.0035223523797225
SYRE,2025-05-12,19827.0,14,2.4586182462356065
TAL,2025-05-12,488697.0,14,0.8602967915151266
TALO,2025-05-12,69617.0,14,1.7342560036441799
TDAY,2025-05-12,102359.0,14,2.33111287879897
TEAD,2025-05-12,16993.0,14,0.8674513407279384
TIGR,2025-05-12,1090029.0,14,5.543549855384764
TRIP,2025-05-12,97179.0,14,1.0681065039980215
TRMD,2025-05-12,190412.0,14,4.919934296735138
TROX,2025-05-12,262788.0,14,5.011834037399754
TSLG,2025-05-12,167326.0,14,1.3001495755550807
TSLL,2025-05-12,15434760.0,14,2.1390908614576247
TSLR,2025-05-12,474970.0,14,3.0663913349836016
TSLT,2025-05-12,551139.0,14,1.7971720196339391
TSLY,2025-05-12,798354.0,14,3.4261221306842216
TSMX,2025-05-12,57088.0,14,1.2026646562867258
TSSI,2025-05-12,53653.0,14,1.8194285991110464
TTI,2025-05-12,61592.0,14,0.8570250094171691
TXG,2025-05-12,131492.0,14,1.9609971121202534
U,2025-05-12,911303.0,14,2.3364740897666647
UA,2025-05-12,306332.0,14,4.761651403853158
UAA,2025-05-12,1348746.0,14,4.658968191853585
UCO,2025-05-12,201963.0,14,2.0509881437260398
UIS,2025-05-12,62150.0,14,5.688675606231979
ULCC,2025-05-12,259332.0,14,1.4125424611124102
VECO,2025-05-12,36842.0,14,4.700348114531503
VET,2025-05-12,134438.0,14,2.283869151484411
VFC,2025-05-12,735593.0,14,2.963350830536869
VG,2025-05-12,383442.0,14,2.745454917403979
VIPS,2025-05-12,166351.0,14,1.775622825181991
VISN,2025-05-12,518567.0,14,3.4033517206527555
VNET,2025-05-12,1041818.0,14,3.78637363093801
VSH,2025-05-12,58477.0,14,2.003274035285193
VSTS,2025-05-12,97634.0,14,1.173114949947132
WBD,2025-05-12,1612843.0,14,1.5424522021772267
WBUY,2025-05-12,67971.0,2,
WERN,2025-05-12,43272.0,14,2.2486887771199493
WGMI,2025-05-12,45706.0,14,0.9833673220051421
WIT,2025-05-12,136142.0,14,0.8748232900906591
WNC,2025-05-12,36209.0,14,1.492104232955298
WRBY,2025-05-12,27252.0,14,0.4786871259551084
WRD,2025-05-12,1373701.0,14,1.4683595313695006
WSC,2025-05-12,143055.0,14,2.8392579938615086
WTTR,2025-05-12,36625.0,14,1.7158355474945957
XPEV,2025-05-12,609495.0,14,1.6676546032862816
XPOF,2025-05-12,34106.0,14,2.9662181470299553
XPRO,2025-05-12,20124.0,14,1.3416127772645454
XRX,2025-05-12,260102.0,14,2.173955716455406
YMM,2025-05-12,1261211.0,14,4.997391624783414
ZETA,2025-05-12,313088.0,14,1.4967105184531602
ZIM,2025-05-12,2323682.0,14,10.997342914167339
ARCT,2025-05-13,59901.0,14,4.878045091789013
ARRY,2025-05-13,1373816.0,14,5.078230967416921
ARWR,2025-05-13,322269.0,14,11.373186926206573
CONL,2025-05-13,1396791.0,14,4.794969310350916
CONY,2025-05-13,683978.0,14,2.122045002718016
ETHT,2025-05-13,81305.0,14,0.5431773683333994
FLNC,2025-05-13,537014.0,14,2.2292523778220374
GCT,2025-05-13,265247.0,14,7.553144144950411
HNRG,2025-05-13,47314.0,14,2.809036126695758
IMNM,2025-05-13,56116.0,14,3.036650509829387
INHD,2025-05-13,418011.0,8,
LICN,2025-05-13,327361.0,11,61.31086442034291
LUNR,2025-05-13,3515492.0,14,11.348635668005823
MLGO,2025-05-13,1750919.0,14,2.5831423250389136
OMER,2025-05-13,209452.0,14,9.00998915357978
OST,2025-05-13,771088.0,13,213.384081571833
PBF,2025-05-13,220451.0,14,2.8294144826346996
PERI,2025-05-13,290267.0,14,15.704842767538654
RUN,2025-05-13,2639279.0,14,5.848268773504916
SMCL,2025-05-13,112291.0,14,1.2076610657491331
SMCX,2025-05-13,292741.0,14,1.4593966525962996
SOLT,2025-05-13,28981.0,14,1.9162530167711223
STOK,2025-05-13,37505.0,14,2.8377100301027385
WULF,2025-05-13,1698680.0,14,1.502858503161394
ABSI,2025-05-14,755458.0,14,7.498124478480243
ALMS,2025-05-14,19846.0,14,0.8782304152126638
AMDL,2025-05-14,5115271.0,14,7.913926546164612
BBAI,2025-05-14,7863035.0,14,3.3216581059765407
CAPR,2025-05-14,289361.0,14,4.035641883646354
ETHD,2025-05-14,21341.0,14,2.0991786635190297
EWCZ,2025-05-14,78353.0,14,12.699027552674231
FNGR,2025-05-14,379918.0,14,5.543976243312177
FTK,2025-05-14,77136.0,14,6.925613580539862
GDXD,2025-05-14,660961.0,14,0.985818882006476
KOLD,2025-05-14,482526.0,14,2.0315967700705233
LUCY,2025-05-14,4442059.0,14,1292.4501943180164
MP,2025-05-14,515566.0,14,2.4789925663784897
NNE,2025-05-14,326453.0,14,3.149336277087778
NVDG,2025-05-14,39238.0,14,2.1856218095878477
NVDX,2025-05-14,1460586.0,14,2.017392337261066
OMCL,2025-05-14,40656.0,14,2.716039014334523
PONY,2025-05-14,1104637.0,14,1.027119485413398
RCAT,2025-05-14,873030.0,14,4.353378774748706
RGTX,2025-05-14,57074.0,14,3.2105916624811655
SERV,2025-05-14,902944.0,14,2.7201854712601534
SMCL,2025-05-14,386513.0,14,4.420607786576215
SMCY,2025-05-14,77404.0,14,1.6361517091436164
TSLG,2025-05-14,231078.0,14,1.7410546777875726
TSLL,2025-05-14,12899765.0,14,1.7200484769159956
TSLR,2025-05-14,315877.0,14,1.844993568795118
TSLT,2025-05-14,455906.0,14,1.4162621033387763
VNET,2025-05-14,263197.0,14,0.8266880969063233
WRD,2025-05-14,2973730.0,14,2.6426893640186337
ZIM,2025-05-14,1075265.0,14,2.9217552684897163
ZVRA,2025-05-14,203313.0,14,15.05886772089283
ANTA,2025-05-15,52411.0,0,
BNGO,2025-05-15,43439.0,14,12.17046568872701
CONI,2025-05-15,172756.0,14,4.1824259476060615
DLO,2025-05-15,559630.0,14,39.28212584607671
FULC,2025-05-15,47893.0,14,3.3471712618373695
GOTU,2025-05-15,869319.0,14,20.883250455570312
HCWB,2025-05-15,39688.0,13,0.2581428905935729
NAKA,2025-05-15,512569.0,13,4.096402659214113
ACHR,2025-05-16,5238515.0,14,2.9365989701371813
AMDL,2025-05-16,796035.0,14,0.793613458591136
BULL,2025-05-16,2240030.0,14,5.217168379858007
EBS,2025-05-16,165623.0,14,4.662819061331767
ETHT,2025-05-16,164661.0,14,0.9715287058261277
EVLV,2025-05-16,738540.0,14,8.599287742416253
EVTL,2025-05-16,91049.0,14,6.951366620858146
GDXD,2025-05-16,320895.0,14,0.5326263311864418
HSAI,2025-05-16,626509.0,14,2.2756965020522744
JDST,2025-05-16,81132.0,14,0.4548143900747501
MX,2025-05-16,177475.0,14,17.69340872190731
QUBT,2025-05-16,9951198.0,14,11.994142259918535
RDTL,2025-05-16,28228.0,14,1.4584937204521717
RPAY,2025-05-16,202385.0,14,4.431388618232036
SHLS,2025-05-16,718690.0,14,1.6364648302683684
SMCL,2025-05-16,75909.0,14,0.6396788622217086
SPCE,2025-05-16,1412462.0,14,15.646548606885615
STAA,2025-05-16,55462.0,14,3.7857466736225214
TNXP,2025-05-16,108151.0,14,4.394455392670461
TSSI,2025-05-16,1924501.0,14,51.20668919458266
ARIS,2025-05-19,38766.0,14,0.9721811218549262
CONI,2025-05-19,258523.0,14,3.9257290804588973
ETHD,2025-05-19,23277.0,14,1.679939375818375
KOLD,2025-05-19,305156.0,14,1.293508001873568
NVAX,2025-05-19,5852281.0,14,13.27255296624756
RXST,2025-05-19,181917.0,14,10.798000525731148
SMCZ,2025-05-19,258125.0,14,1.9808207764872257
SOXS,2025-05-19,5974925.0,14,1.5564577479680899
TSDD,2025-05-19,308452.0,14,1.9104771848482973
TSLQ,2025-05-19,1430408.0,14,1.6085656024833925
UVXY,2025-05-19,914869.0,14,2.321505914253296
BULL,2025-05-20,602211.0,14,1.0230866197839408
CHAI,2025-05-20,3085752.0,14,5.461884289119793
CVM,2025-05-20,15272.0,14,0.39755821369534944
GDS,2025-05-20,321133.0,14,3.000678109995315
LAES,2025-05-20,2514101.0,14,7.3851196949385765
MGNI,2025-05-20,351689.0,14,3.776236530275722
PONY,2025-05-20,913459.0,14,1.1313302578122706
QBTS,2025-05-20,15289687.0,14,4.534620596526024
QUBT,2025-05-20,4022266.0,14,2.322857584231947
SNDX,2025-05-20,215103.0,14,3.214642785088211
SSL,2025-05-20,55091.0,14,0.6302421852400852
AIRS,2025-05-21,27613.0,14,0.7166796129824048
ASST,2025-05-21,2285463.0,14,1.0069541922994847
DFNS,2025-05-21,46103.0,14,10.89979059713591
EDBL,2025-05-21,4260192.0,13,120.05769793561227
EVLV,2025-05-21,1039168.0,14,7.301501870751287
FINV,2025-05-21,99963.0,14,4.43830533523194
GOOS,2025-05-21,716388.0,14,31.197491616949005
IDN,2025-05-21,111022.0,13,10.523795982354443
NAKA,2025-05-21,611113.0,14,3.350191619491111
SBSW,2025-05-21,2598086.0,14,7.85345283981922
XPEV,2025-05-21,3525912.0,14,9.750595106526587
AMSC,2025-05-22,206543.0,14,7.805878970626742
ASST,2025-05-22,493334.0,14,0.20278589866348223
CLSK,2025-05-22,3158346.0,14,2.444412270100631
DOMO,2025-05-22,169253.0,14,20.53703013546659
ETH,2025-05-22,42111.0,14,0.6091220457187138
ETHA,2025-05-22,1013732.0,14,2.360155968461071
ETHE,2025-05-22,278778.0,14,1.9639386135206045
ETHT,2025-05-22,235863.0,14,1.2638880702186832
FETH,2025-05-22,66617.0,14,1.1268234924547222
GLXY,2025-05-22,134716.0,4,
GTX,2025-05-22,195155.0,14,4.4672863578021405
IREN,2025-05-22,1425526.0,14,1.7060646984833339
KIDZ,2025-05-22,341226.0,14,0.8362288755304584
LAES,2025-05-22,1857340.0,14,3.4416659177425912
LUMN,2025-05-22,2456828.0,14,5.78004513046091
MARA,2025-05-22,4971095.0,14,2.2146738992077557
MRAL,2025-05-22,44229.0,14,2.732944639870063
MSTU,2025-05-22,5881111.0,14,2.4199190015193643
NAKA,2025-05-22,1010700.0,14,4.471824264619437
NVTS,2025-05-22,12149728.0,14,87.35667073758209
PBI,2025-05-22,246127.0,14,4.512306846157876
RIOX,2025-05-22,67252.0,14,1.1043591271423812
SERV,2025-05-22,1044587.0,14,2.22171281721109
SOLT,2025-05-22,44237.0,14,2.8768824846474725
CONI,2025-05-23,191511.0,14,1.8538328783717632
ETHD,2025-05-23,49755.0,14,1.963828587538765
FIP,2025-05-23,180035.0,14,4.805189358193447
LTBR,2025-05-23,551088.0,14,9.99564946447473
NXE,2025-05-23,1044246.0,14,5.527877138825323
SMCZ,2025-05-23,190348.0,14,1.0862937789267635
SMR,2025-05-23,1743980.0,14,2.843135953436128
SMST,2025-05-23,70139.0,14,0.11486215549401164
SOBR,2025-05-23,41349.0,13,32.917146356399265
SOXS,2025-05-23,8134979.0,14,2.1308092368134064
SRTY,2025-05-23,148170.0,14,1.563670983688487
TZA,2025-05-23,1404167.0,14,1.8950939235317974
UEC,2025-05-23,2338012.0,14,7.359760761784843
UUUU,2025-05-23,1602506.0,14,6.872546370751581
UVXY,2025-05-23,1580904.0,14,3.4531863874347186
AMC,2025-05-27,2062465.0,14,3.9854951739147775
AMDL,2025-05-27,951838.0,14,0.8843691021794037
ARQQ,2025-05-27,390753.0,14,5.75066252211473
ASST,2025-05-27,654893.0,14,0.2617559844353933
ATYR,2025-05-27,154357.0,14,3.394865124287368
BAK,2025-05-27,53198.0,14,3.361764360708128
BKKT,2025-05-27,54870.0,14,2.033852532585644
BTM,2025-05-27,247143.0,14,1.768962396789284
CREX,2025-05-27,59316.0,11,3.8821450458437208
ETHT,2025-05-27,192612.0,14,0.9557136340905249
FLD,2025-05-27,85621.0,14,4.360044666402354
FNUC,2025-05-27,130341.0,14,2.5640336049437877
GDXD,2025-05-27,460406.0,14,0.8896949201671538
GRDN,2025-05-27,20157.0,14,1.472511531798543
GYRE,2025-05-27,228463.0,14,11.649482808857808
HOLO,2025-05-27,1667198.0,14,27.403763607502793
IDN,2025-05-27,140866.0,13,6.575857685595478
LAES,2025-05-27,4572001.0,14,5.953120765326669
LFST,2025-05-27,115359.0,14,2.934356859289407
LITM,2025-05-27,130341.0,8,
LUNR,2025-05-27,785464.0,14,1.1950208695395137
MSTU,2025-05-27,4117004.0,14,1.5757736478454696
NAKA,2025-05-27,124843.0,14,0.41993302895151174
NESR,2025-05-27,36072.0,14,6.950767325029248
PDYN,2025-05-27,383564.0,14,5.013201686783656
PONY,2025-05-27,677143.0,14,0.8409036376969216
PROP,2025-05-27,138500.0,14,4.069126890024448
QMCO,2025-05-27,150180.0,14,1.4039206573691612
RDTL,2025-05-27,35726.0,14,1.415343518578782
REPL,2025-05-27,76605.0,14,1.9834183437577444
RGTI,2025-05-27,7007905.0,14,1.6570579300354757
RGTIW,2025-05-27,40597.0,14,1.7690866306431934
RIOX,2025-05-27,26574.0,14,0.46129124251404197
ROBN,2025-05-27,55604.0,14,0.5428173569122999
RUM,2025-05-27,169556.0,14,1.2050533591761436
SATL,2025-05-27,175962.0,14,1.693060937240127
SERV,2025-05-27,544629.0,14,0.9954800790555324
SMCL,2025-05-27,95363.0,14,0.7804270398145328
SOUN,2025-05-27,3249167.0,14,1.4815408861762103
SOXL,2025-05-27,9444352.0,14,1.1303986866470144
STLA,2025-05-27,721323.0,14,1.688430036851617
STM,2025-05-27,487058.0,14,2.3911032656168523
SVIX,2025-05-27,223070.0,14,1.0040235141691034
UEC,2025-05-27,3911767.0,14,8.24708173286375
URNJ,2025-05-27,27003.0,14,2.9722853391409636
VFC,2025-05-27,586439.0,14,1.4495918262130978
VIVO,2025-05-27,115102.0,14,4.4870200567480945
VTEX,2025-05-27,141507.0,14,3.7170910182561867
VVPR,2025-05-27,115102.0,10,3.8486384549539907
XRX,2025-05-27,334480.0,14,2.297434206685281
ANAB,2025-05-28,32872.0,14,4.680525609210366
CMCO,2025-05-28,22046.0,14,3.380732789309382
EDBL,2025-05-28,31462.0,14,0.08302319107031547
FMST,2025-05-28,226386.0,14,3.6911778236123745
JOBY,2025-05-28,8033373.0,14,12.928107966564262
LAES,2025-05-28,1319762.0,14,1.226287369351623
LVWR,2025-05-28,1412283.0,14,498.59947043248013
MNRO,2025-05-28,189041.0,14,8.53037359832137
NVTS,2025-05-28,9177062.0,14,6.191546488741025
AGNT,2025-05-29,253024.0,14,6.721190042501519
AI,2025-05-29,3998341.0,14,20.581905851657606
AIYY,2025-05-29,271840.0,14,9.732181900477945
AMPX,2025-05-29,298854.0,14,1.6940313917359229
AVGX,2025-05-29,112467.0,14,5.45702759466822
BBAI,2025-05-29,3667991.0,14,1.1509363539734152
ETHT,2025-05-29,108975.0,14,0.5933239245675733
EXPI,2025-05-29,243292.0,1,
FMST,2025-05-29,321493.0,14,4.270094834030959
IMCC,2025-05-29,34521.0,10,7.5942099126647165
KSS,2025-05-29,1385704.0,14,3.6079961226772426
MDCX,2025-05-29,56970.0,14,3.071750433275563
NCNO,2025-05-29,95032.0,14,3.0185453241915066
NVDG,2025-05-29,134916.0,14,4.562420892955488
NVDX,2025-05-29,4481189.0,14,5.431758821170862
NVTS,2025-05-29,5833577.0,14,2.736712706192776
ORIC,2025-05-29,385191.0,14,21.097190652984416
PDYN,2025-05-29,334898.0,14,3.148909534296293
QUBT,2025-05-29,6055441.0,14,2.45957501105234
QURE,2025-05-29,69761.0,14,1.0435664363311148
SERV,2025-05-29,1148469.0,14,1.9265356505585294
SMCL,2025-05-29,101390.0,14,0.8364841101844737
SOXL,2025-05-29,9554965.0,14,1.1542699372947915
STEX,2025-05-29,30924.0,14,0.7162288697792762
TALK,2025-05-29,546827.0,14,10.612480332697972
TEMT,2025-05-29,92371.0,10,4.50939997363809
TIGR,2025-05-29,508356.0,14,2.3555416251982955
TIL,2025-05-29,65257.0,14,3.9994659195377142
VSTS,2025-05-29,126500.0,14,1.7731561578879917
WRD,2025-05-29,2854534.0,14,1.47096517251787
XPEV,2025-05-29,488486.0,14,0.7025091152117151
DFDV,2025-05-30,106308.0,14,1.4985380234721741
EJH,2025-05-30,31244.0,14,0.028443843768506276
HOLO,2025-05-30,674424.0,14,3.0560393112504243
LVWR,2025-05-30,926165.0,14,7.459430321634938
PATH,2025-05-30,4605578.0,14,20.07345707972991
RRGB,2025-05-30,3877081.0,14,542.4550178889089
TROX,2025-05-30,402363.0,14,5.025799561576078
U,2025-05-30,2796309.0,14,5.724776928878998
VIVO,2025-05-30,717766.0,14,18.451398720173337
VVPR,2025-05-30,717766.0,10,14.813165313509966
APLD,2025-06-02,16558211.0,14,10.631685175291558
BMGL,2025-06-02,1293480.0,13,7.667195132460704
BNBX,2025-06-02,27126.0,14,0.5961159318373036
CENX,2025-06-02,737020.0,14,15.917744610281922
CLF,2025-06-02,8912765.0,14,8.103536050035403
COGT,2025-06-02,79067.0,14,2.4110255600448687
GPRK,2025-06-02,102348.0,14,1.5628699604393879
GUSH,2025-06-02,124464.0,14,1.3271589517362403
LQDA,2025-06-02,382481.0,14,6.59174802637815
PDYN,2025-06-02,234911.0,14,1.7881194524867812
RCAT,2025-06-02,1311114.0,14,4.0807089331832564
TRVI,2025-06-02,319819.0,14,11.876284120538235
UCO,2025-06-02,212412.0,14,3.4760056246953583
UMAC,2025-06-02,398405.0,14,6.921233735131125
UNG,2025-06-02,574302.0,14,4.377082593859629
USAR,2025-06-02,231964.0,14,8.002030386808398
WETO,2025-06-02,238384.0,9,
AGEN,2025-06-03,450210.0,14,10.785521288046148
ALZN,2025-06-03,51526.0,14,0.1541604014952638
ANGO,2025-06-03,91324.0,14,10.547149421304889
APLD,2025-06-03,12980706.0,14,4.950070500347497
BMGL,2025-06-03,536450.0,14,2.154033948628199
ETHT,2025-06-03,102838.0,14,0.7111417134592816
FMST,2025-06-03,232673.0,14,2.371448747815958
GILT,2025-06-03,58802.0,14,1.487506956641153
JOBY,2025-06-03,4578764.0,14,3.29302531639197
LI,2025-06-03,741513.0,14,2.9371562567461313
LTBR,2025-06-03,495409.0,14,3.1666974095611007
NIVF,2025-06-03,7072253.0,14,237.29150619402432
NVTS,2025-06-03,3242164.0,14,1.1094556265006672
QMCO,2025-06-03,175482.0,14,1.2023356186741825
SOLT,2025-06-03,19789.0,14,1.19071482602118
UEC,2025-06-03,1073133.0,14,1.422807441548253
UUUU,2025-06-03,964633.0,14,1.9223991900929878
AGEN,2025-06-04,288540.0,14,4.110975872863382
BAOS,2025-06-04,959163.0,13,377.1092998639044
CXM,2025-06-04,437592.0,14,20.70475314984048
HPE,2025-06-04,3256220.0,14,8.604797250516624
ICL,2025-06-04,95926.0,14,3.3697517156586
MAMA,2025-06-04,126237.0,14,19.52751259612835
NG,2025-06-04,761386.0,14,4.883666931786111
NOTV,2025-06-04,48253.0,14,2.601029566342344
RITR,2025-06-04,49683.0,12,0.8841020713218023
SGMT,2025-06-04,1188911.0,14,69.06078434626747
STM,2025-06-04,1052995.0,14,4.428166903815925
TTGT,2025-06-04,35750.0,14,6.532066508313539
VCIG,2025-06-04,363799.0,14,6.660075268001684
VIVO,2025-06-04,59990.0,14,0.6927497428562709
VVPR,2025-06-04,59990.0,11,0.5576098547775695
YEXT,2025-06-04,22591.0,14,1.3002174744190063
ABX,2025-06-05,67451.0,14,14.440155975227464
AG,2025-06-05,4425554.0,14,6.4123209613282475
APLD,2025-06-05,15132037.0,14,3.5363198109426968
ATLX,2025-06-05,135777.0,14,7.115688836148972
CDE,2025-06-05,2059976.0,14,3.550885995777795
EXK,2025-06-05,1831239.0,14,4.00500114585509
FMST,2025-06-05,258126.0,14,2.2134183315346347
GDS,2025-06-05,174304.0,14,0.9648877032032097
HL,2025-06-05,3132452.0,14,3.907551379675022
KC,2025-06-05,380631.0,14,4.175178032347865
KWM,2025-06-05,521846.0,13,1.2975724256597319
MOMO,2025-06-05,165721.0,14,11.132087421730683
PL,2025-06-05,6313829.0,14,37.30023246815009
SBSW,2025-06-05,1355300.0,14,2.282191014992973
STEX,2025-06-05,91967.0,14,2.063600287212627
SXTP,2025-06-05,27769.0,14,2.8996807685422756
TJGC,2025-06-05,293324.0,9,
TSDD,2025-06-05,293083.0,14,1.4174989782871774
TSLQ,2025-06-05,1816105.0,14,1.613521190900683
UAMY,2025-06-05,1551393.0,14,10.394120391750555
USAR,2025-06-05,148307.0,14,3.103909228170362
VNET,2025-06-05,515172.0,14,1.9252386592320143
VZLA,2025-06-05,296111.0,14,2.023914640784852
ZENA,2025-06-05,5157409.0,14,174.28557704376706
BKKT,2025-06-06,72746.0,14,3.4220873696696
CONL,2025-06-06,362735.0,14,1.0248124446051692
HYMC,2025-06-06,53247.0,14,3.7114236638370968
HYPD,2025-06-06,1500187.0,14,6.327193206285072
KWM,2025-06-06,46828.0,13,0.1062181788995788
NVTS,2025-06-06,2877545.0,14,0.7888561482753008
QXO,2025-06-06,662309.0,14,2.132905325750039
RIOX,2025-06-06,50592.0,14,1.1067034584483078
RKLB,2025-06-06,2913721.0,14,2.5064622422597824
SEI,2025-06-06,45062.0,14,1.6299645518339
SKYA,2025-06-06,48166.0,14,0.4560680662265989
SMCL,2025-06-06,63011.0,14,0.5991799053026314
SOLT,2025-06-06,21670.0,14,1.2595332693976344
SPCE,2025-06-06,592030.0,14,1.15883513888819
STEX,2025-06-06,91803.0,14,1.8785309000342019
STSS,2025-06-06,43596.0,6,
TGE,2025-06-06,71263.0,7,
TSLG,2025-06-06,181491.0,14,1.6089362763784283
TSLL,2025-06-06,14792434.0,14,1.9671258879747227
TSLR,2025-06-06,637649.0,14,3.9099541032661183
TSLT,2025-06-06,540909.0,14,2.327760400144595
ACHR,2025-06-09,6374980.0,14,3.2159877866309903
AMPY,2025-06-09,58874.0,14,2.1229079632615426
ASST,2025-06-09,178406.0,14,0.40517272145052663
BLRX,2025-06-09,26595.0,14,0.45061759772276727
CALY,2025-06-09,162429.0,14,2.745707579292058
CURI,2025-06-09,102132.0,14,2.7074044970414204
DFDV,2025-06-09,80826.0,14,0.8451217982039471
DPRO,2025-06-09,217129.0,14,6.5859389895138225
DUO,2025-06-09,30959.0,14,0.6549832561625784
EPSN,2025-06-09,137488.0,14,40.46485031954255
EVTL,2025-06-09,89185.0,14,3.194583032703418
FCEL,2025-06-09,474153.0,14,4.569841070963887
HERE,2025-06-09,253399.0,14,6.845027321560879
IREN,2025-06-09,1066425.0,14,1.6037525572312241
JOBY,2025-06-09,5557256.0,14,3.3058968180073713
KC,2025-06-09,302002.0,14,2.6311689394679574
KIDZ,2025-06-09,37066.0,14,0.42901562457371184
KOLD,2025-06-09,1227021.0,14,5.635207734451039
KWM,2025-06-09,210259.0,13,0.4741157661960432
MRAL,2025-06-09,16724.0,14,0.8454486038340849
NAMS,2025-06-09,83452.0,14,7.737066567773039
NKTR,2025-06-09,26069.0,14,0.4322121613331849
OMDA,2025-06-09,223970.0,0,
ORGO,2025-06-09,203682.0,14,8.409463030245837
PDYN,2025-06-09,465046.0,14,2.50036733714176
QMCO,2025-06-09,243294.0,14,1.5173516122091415
QUBT,2025-06-09,3911317.0,14,1.8805664732757734
RBBN,2025-06-09,91663.0,14,3.5046645765285502
RCAT,2025-06-09,811447.0,14,1.9306606074304953
RDW,2025-06-09,260298.0,14,2.0041731471072852
RIOX,2025-06-09,56693.0,14,1.2998190378710337
RXRX,2025-06-09,3937124.0,14,3.8352061363592087
SDRL,2025-06-09,60110.0,14,6.483758629191321
SRTA,2025-06-09,442982.0,14,14.129595665715087
TEMT,2025-06-09,40060.0,14,1.0585521820700694
TJGC,2025-06-09,472451.0,9,
TSDD,2025-06-09,413147.0,14,1.8275884731637249
TSLQ,2025-06-09,1904911.0,14,1.4672907886420996
TSSI,2025-06-09,406579.0,14,2.112060300202334
TWAV,2025-06-09,32456.0,11,5.636857395478085
UMAC,2025-06-09,622138.0,14,4.9588384726885995
USBC,2025-06-09,4735178.0,14,10.681827879022253
VFS,2025-06-09,178912.0,14,10.243193064245695
VUZI,2025-06-09,95984.0,14,1.024743599813624
WBD,2025-06-09,8098441.0,14,12.724408969853956
ZENA,2025-06-09,573106.0,14,1.3863701238068054
ALAR,2025-06-10,115112.0,14,7.126322725001437
BTM,2025-06-10,332807.0,14,2.527791175160547
BULL,2025-06-10,4162394.0,14,6.481739604176137
DFDV,2025-06-10,88502.0,14,0.8861023106794728
DPRO,2025-06-10,615239.0,14,12.814637825839212
ETH,2025-06-10,164411.0,14,3.379187733793727
ETHA,2025-06-10,1664468.0,14,2.7589986192309794
ETHE,2025-06-10,152998.0,14,1.266495551538824
ETHT,2025-06-10,303092.0,14,2.370239454462987
FETH,2025-06-10,136621.0,14,3.2581560621959365
HERE,2025-06-10,285633.0,14,5.546317999872398
INUV,2025-06-10,28253.0,14,0.6994504017655048
MFI,2025-06-10,78177.0,14,2.5954132943796138
NVTS,2025-06-10,6468740.0,14,1.4563893905505336
QTRX,2025-06-10,169847.0,14,9.948072811858076
RUM,2025-06-10,560121.0,14,6.828852286561736
ZENA,2025-06-10,1007190.0,14,2.222736457744999
ABCL,2025-06-11,1245872.0,14,7.898820942268015
BILI,2025-06-11,987660.0,14,3.946359890815561
DNA,2025-06-11,44575.0,14,1.181527987095113
DV,2025-06-11,191601.0,14,6.483019141531322
FMST,2025-06-11,176306.0,14,1.223374469605765
HERE,2025-06-11,290734.0,14,4.273654966185816
LAES,2025-06-11,2283791.0,14,2.0235832054817946
NVTS,2025-06-11,8872720.0,14,1.811186026887707
OUST,2025-06-11,1265020.0,14,13.254342393691902
PLAY,2025-06-11,632803.0,14,24.388022969647253
QUBT,2025-06-11,6162491.0,14,2.899337054818369
RGTI,2025-06-11,10120549.0,14,2.8073298401725695
RGTIW,2025-06-11,43266.0,14,2.456261861121474
SAIL,2025-06-11,980831.0,14,46.62488243303351
TSLG,2025-06-11,363745.0,14,3.0128051154199764
TSLL,2025-06-11,11478848.0,14,1.4977484220360997
TSLT,2025-06-11,344500.0,14,1.358002444010204
USBC,2025-06-11,452187.0,14,0.5432929607948982
VIVO,2025-06-11,139097.0,14,1.3962728447969897
VVPR,2025-06-11,139097.0,14,1.3962728447969897
AAOI,2025-06-12,1210460.0,14,9.777533143857438
AGIG,2025-06-12,78970.0,14,4.77308442848015
ARAI,2025-06-12,41364.0,14,1.2925990326087198
CVGW,2025-06-12,93801.0,14,5.797009707194978
ETHD,2025-06-12,40795.0,14,0.9533658171790468
INDO,2025-06-12,295279.0,14,21.69619389511693
PL,2025-06-12,2678975.0,14,3.4617574956526878
ZENA,2025-06-12,153206.0,14,0.27569086146549765
AGIG,2025-06-13,749046.0,14,34.590663799131825
ALZN,2025-06-13,75918.0,14,0.2335690519006444
AMPY,2025-06-13,98497.0,14,3.036014971378248
BHC,2025-06-13,176795.0,14,7.7644073166676595
ETHD,2025-06-13,82548.0,14,1.952036538442049
FRO,2025-06-13,538207.0,14,2.7673922951964247
GLL,2025-06-13,62719.0,14,0.9106990801386066
INDO,2025-06-13,636844.0,14,20.125177758014345
MUR,2025-06-13,444214.0,14,5.498597277666521
PUMP,2025-06-13,190833.0,14,7.075076267954748
SM,2025-06-13,124734.0,14,2.922285515385594
SMCZ,2025-06-13,97473.0,14,1.109608455850964
SOXS,2025-06-13,7436445.0,14,1.5842776396984435
SSL,2025-06-13,243614.0,14,4.6365259049501555
UCO,2025-06-13,498427.0,14,7.784290364539757
UMAC,2025-06-13,468270.0,14,1.9155544088595318
URGN,2025-06-13,1048222.0,14,12.230836483045726
UVIX,2025-06-13,1257226.0,14,3.595732393057018
UVXY,2025-06-13,1163085.0,14,2.0282408345647167
ZDGE,2025-06-13,134553.0,12,97.70277139053611
ZENA,2025-06-13,1167332.0,14,2.0623506331551553
AIOT,2025-06-16,244147.0,14,6.218053880396363
ALMU,2025-06-16,25584.0,14,1.176913598501651
AQST,2025-06-16,139068.0,14,3.278961080955453
ARCX,2025-06-16,21159.0,4,
ARQQ,2025-06-16,106695.0,14,1.3869758553867382
BRR,2025-06-16,31513.0,3,
DFDV,2025-06-16,119270.0,14,1.5313842143926895
ELVN,2025-06-16,40729.0,14,2.8248576934700003
GDS,2025-06-16,228225.0,14,1.5726252996215049
GMEU,2025-06-16,51757.0,14,1.5951384027438393
KWM,2025-06-16,265938.0,13,0.5306839206269117
LTBR,2025-06-16,192568.0,14,0.8931790517953682
NAKA,2025-06-16,67977.0,14,1.6190093822035843
NEON,2025-06-16,303832.0,14,78.51680664513151
PRTA,2025-06-16,194441.0,14,1.0056671373272243
QTRX,2025-06-16,59636.0,14,1.6108073484412924
RDTL,2025-06-16,35010.0,14,1.2929076573665454
SATS,2025-06-16,913349.0,14,6.949976248012062
SBET,2025-06-16,1574131.0,14,3.3260693933960166
SG,2025-06-16,223046.0,14,2.188492529332157
SOLT,2025-06-16,38979.0,14,1.8521739130434782
TMC,2025-06-16,1897582.0,14,4.448066443019993
TRON,2025-06-16,11807697.0,14,477.13512421383194
UEC,2025-06-16,2735878.0,14,3.0978154752261977
UMAC,2025-06-16,387328.0,14,1.413081275355551
URGN,2025-06-16,379305.0,14,2.436511679978857
URNJ,2025-06-16,50294.0,14,3.3531409087229207
USAR,2025-06-16,271071.0,14,2.011138385617715
USBC,2025-06-16,85790.0,14,0.09624832204922876
VSCO,2025-06-16,184071.0,14,1.4619956826491856
XXRP,2025-06-16,24090.0,14,0.9870350317539289
ZENA,2025-06-16,267664.0,14,0.41255226818116914
AGIG,2025-06-17,222143.0,14,2.7499898312338513
APPS,2025-06-17,4719271.0,14,21.407291267729033
BEAM,2025-06-17,194796.0,14,2.671651134289669
BGSF,2025-06-17,101304.0,7,
BTCZ,2025-06-17,51807.0,14,2.469948816444122
ETHD,2025-06-17,54976.0,14,1.3330492872000843
FLNC,2025-06-17,1224632.0,14,12.69117280208331
INDO,2025-06-17,208861.0,14,1.8047543659868102
MFI,2025-06-17,32210.0,14,0.5529952786804831
NTLA,2025-06-17,1033927.0,14,2.438944244723111
OSCR,2025-06-17,1333409.0,14,2.228497128326574
PCT,2025-06-17,1373645.0,14,15.781365527892458
RBNE,2025-06-17,443510.0,10,1.136924103888167
RDTL,2025-06-17,139633.0,14,5.166357896628549
SAFX,2025-06-17,628217.0,6,
UMAC,2025-06-17,713531.0,14,2.3769793519449385
XTIA,2025-06-17,577171.0,14,2.8648129488904
BATL,2025-06-18,198284.0,11,1.8815964278443185
EZRA,2025-06-18,1647210.0,14,98.08616428975496
GOGO,2025-06-18,300114.0,14,6.475789746245469
HERE,2025-06-18,108904.0,14,0.7060115747193607
LSE,2025-06-18,451875.0,8,
QNTM,2025-06-18,28157.0,14,2.579357185855995
TJGC,2025-06-18,31225.0,13,0.18149662224245186
TMC,2025-06-18,1674566.0,14,3.4384425992797785
ABX,2025-06-20,265073.0,14,5.575378337732813
ATYR,2025-06-20,277686.0,14,2.300365563428036
CADL,2025-06-20,46404.0,14,1.3984449668070158
DFSC,2025-06-20,257700.0,12,2.81333925283299
FMST,2025-06-20,57840.0,14,0.4872322361742979
GLXY,2025-06-20,763221.0,14,2.7721075251744582
GRRR,2025-06-20,1196420.0,14,14.342271558087045
HOLO,2025-06-20,126078.0,14,0.7178444802873505
LGHL,2025-06-20,169510.0,12,0.8076940028883085
MVLL,2025-06-20,39559.0,14,1.6357315848543919
OSCR,2025-06-20,4839425.0,14,6.840802399492574
OUST,2025-06-20,483973.0,14,2.0630614665848217
QUBT,2025-06-20,2742373.0,14,0.9795721866382819
SBET,2025-06-20,665030.0,14,1.1271442467692914
SMCL,2025-06-20,80782.0,14,1.0186187938854845
SSII,2025-06-20,24957.0,13,7.60598743435859
TMC,2025-06-20,2270134.0,14,4.004968488882773
TRON,2025-06-20,2411938.0,14,2.3962524736294037
UNCY,2025-06-20,79752.0,14,0.14068725987529865
WHLR,2025-06-20,3771390.0,14,982.0597425786772
YSXT,2025-06-20,37787.0,10,15.19869680637117
ZETA,2025-06-20,969556.0,14,7.4823090241698855
AGIG,2025-06-23,1286231.0,14,9.092037060412512
AISP,2025-06-23,189176.0,14,4.441957741707171
CRMD,2025-06-23,538806.0,14,5.115186711186939
ETHD,2025-06-23,121809.0,14,3.2758129858753966
GEOS,2025-06-23,186894.0,14,19.58704635285663
HYPD,2025-06-23,250374.0,14,1.1409515774343109
INDO,2025-06-23,5279529.0,14,28.525901374629594
KOLD,2025-06-23,938593.0,14,3.3983343372068457
KULR,2025-06-23,232965.0,14,0.2067816436284789
MIND,2025-06-23,192249.0,14,9.337720911191445
RBNE,2025-06-23,1266680.0,10,2.207036038137878
SLE,2025-06-23,16250.0,14,0.09803714552030575
SMCZ,2025-06-23,461579.0,14,5.131669393135652
SOC,2025-06-23,110639.0,14,1.6213421706017075
ZETA,2025-06-23,1689728.0,14,8.764581242333
AISP,2025-06-24,86650.0,14,1.6048546489322577
AMDL,2025-06-24,2378064.0,14,2.366036086551438
AMLX,2025-06-24,85579.0,14,2.607735888891549
AMPX,2025-06-24,308474.0,14,1.588087640113937
BKKT,2025-06-24,28102.0,14,1.1992708561952838
DEFT,2025-06-24,337384.0,14,2.7501333327122786
DLO,2025-06-24,162588.0,14,3.4191878604164194
GDXD,2025-06-24,806714.0,14,1.7802316351088159
GRRR,2025-06-24,535759.0,14,2.7638912635898403
HYPD,2025-06-24,177247.0,14,0.7500121654243829
KEP,2025-06-24,120881.0,14,6.181319443937148
LAES,2025-06-24,1066537.0,14,1.3623098411542163
LYFT,2025-06-24,1849143.0,14,4.149022796865539
NEXT,2025-06-24,451506.0,14,8.395202805004383
NKTR,2025-06-24,1017012.0,14,25.63509579289075
OCUL,2025-06-24,180373.0,14,3.7629560972411387
OILD,2025-06-24,27766.0,14,1.382857468107662
ORIC,2025-06-24,198098.0,14,5.131151514254473
PGY,2025-06-24,187045.0,14,2.1372541177949302
QMCO,2025-06-24,110650.0,14,0.6659819547307676
QNTM,2025-06-24,85581.0,14,3.9048025655398977
RGTX,2025-06-24,68363.0,14,1.187291978092184
SBET,2025-06-24,1301648.0,14,2.06293424549013
SCO,2025-06-24,809076.0,14,6.529748899800886
SERV,2025-06-24,396247.0,14,0.9848753251134014
SKYE,2025-06-24,494672.0,14,6.936186834340565
SOLT,2025-06-24,68834.0,14,2.283029774652692
SOXL,2025-06-24,9774766.0,14,1.5219765495668691
STEX,2025-06-24,51317.0,14,0.9055191650102912
TEMT,2025-06-24,35713.0,14,0.7838477650127929
TSSI,2025-06-24,233841.0,14,1.2837886378823005
VISN,2025-06-24,911318.0,14,7.000096016099979
VIVO,2025-06-24,18114.0,14,0.42026658181655474
VVPR,2025-06-24,15345.0,13,0.3437399304197389
WFF,2025-06-24,117679.0,9,
XXRP,2025-06-24,74142.0,14,2.377418386955655
ZENA,2025-06-24,104630.0,14,0.15332500217455178
ZETA,2025-06-24,1149278.0,14,3.8858485093360007
ABCL,2025-06-25,669580.0,14,2.0287176521713537
AISP,2025-06-25,142791.0,14,2.4347447997164644
ARAI,2025-06-25,34033.0,14,0.8088376593613662
BB,2025-06-25,2292483.0,14,6.464261703129576
BBAI,2025-06-25,18511576.0,14,3.748124455831361
BMBL,2025-06-25,819601.0,14,10.867641000044514
INDI,2025-06-25,1240373.0,14,9.662263016067584
KEP,2025-06-25,104346.0,14,3.725958497418841
LAES,2025-06-25,1038279.0,14,1.2476442151626832
PONY,2025-06-25,1555855.0,14,2.5958670812210056
QS,2025-06-25,13150426.0,14,33.36683150785282
RDTL,2025-06-25,66693.0,14,2.0976080983629393
RGC,2025-06-25,124338.0,12,1.6895146451189917
RZLV,2025-06-25,1395552.0,14,2.69702297691817
SOLT,2025-06-25,32984.0,14,0.9801060810911197
SRFM,2025-06-25,2047683.0,14,26.446017215819516
TIGR,2025-06-25,3360931.0,14,14.794634783166458
TMC,2025-06-25,2259188.0,14,3.099169988154446
AXG,2025-06-26,38946.0,13,6.1791886350322205
EGG,2025-06-26,24073.0,4,
FMFC,2025-06-26,89310.0,0,
FWRD,2025-06-26,74383.0,14,4.990257764317445
KEP,2025-06-26,146977.0,14,4.203056987092676
LZMH,2025-06-26,31695.0,14,0.39761999704291806
MFI,2025-06-26,49770.0,14,0.8453780105626754
MLKN,2025-06-26,254549.0,14,23.43050441826215
POET,2025-06-26,563263.0,14,9.67257397008569
RDTL,2025-06-26,31941.0,14,0.8979577903170747
RUN,2025-06-26,2066214.0,14,1.2804202657973482
SEDG,2025-06-26,536252.0,14,1.2773146531050923
SERV,2025-06-26,330473.0,14,0.8488744293435483
SLDB,2025-06-26,87455.0,14,1.261722018639813
TLS,2025-06-26,186829.0,14,17.03323152664448
TMC,2025-06-26,1409824.0,14,1.612184342232847
VERA,2025-06-26,221370.0,14,2.4007938659754684
CYN,2025-06-27,3524654.0,14,57.530611388331856
DUST,2025-06-27,217639.0,14,1.888067290002237
EDHL,2025-06-27,54175.0,14,1.2588527999495431
GCTK,2025-06-27,142484.0,14,0.3993745432704339
GDXD,2025-06-27,501956.0,14,1.2142536989776083
GNLN,2025-06-27,24916.0,14,0.0011366561160324569
HYPD,2025-06-27,81201.0,14,0.3206791499060654
INMB,2025-06-27,1215533.0,14,33.04566885709403
JDST,2025-06-27,231010.0,14,1.3182960070077812
SKYE,2025-06-27,268360.0,14,2.2179428902020746
SRFM,2025-06-27,2828542.0,14,6.545798669304629
TLS,2025-06-27,73393.0,14,3.063110385041915
UNFI,2025-06-27,159102.0,14,2.9436855738224876
BBAI,2025-06-30,13980511.0,14,2.1546606009588043
BE,2025-06-30,986734.0,14,6.687338556330529
DFDV,2025-06-30,31921.0,14,0.32596040720433955
FCEL,2025-06-30,217887.0,14,1.680708114779389
FUBO,2025-06-30,1292396.0,14,3.106704084043494
HPE,2025-06-30,4231480.0,14,10.760924730753091
HYPD,2025-06-30,397806.0,14,2.619564879959587
JOBY,2025-06-30,3492326.0,14,2.0658603487415306
KOLD,2025-06-30,580332.0,14,1.995414155405903
LGHL,2025-06-30,36677.0,13,0.17070448030297117
LIMN,2025-06-30,40927.0,14,4.749643555820816
NFE,2025-06-30,1991104.0,14,5.76324739567504
NKTR,2025-06-30,174548.0,14,0.9269960878093895
OKLL,2025-06-30,28869.0,3,
RDTL,2025-06-30,40260.0,14,1.0591869869809674
RITR,2025-06-30,48493.0,14,1.4298061795918882
RUN,2025-06-30,3138261.0,14,1.7849522658826291
SNPX,2025-06-30,62261.0,14,0.5837818361065048
SOLT,2025-06-30,34558.0,14,0.9937272267934093
SXC,2025-06-30,249936.0,14,11.567362428842504
TAOX,2025-06-30,62261.0,14,0.5837818361065048
TRON,2025-06-30,280940.0,14,0.1975461874132286
XXRP,2025-06-30,25088.0,14,0.7345951937757514
BBAI,2025-07-01,14368350.0,14,1.9931074634295656
CHAI,2025-07-01,341053.0,14,4.5204786380458355
CLRO,2025-07-01,1786414.0,10,1901.0471427051186
HBNB,2025-07-01,83966.0,9,
HERE,2025-07-01,187367.0,14,0.9643258639691961
HSDT,2025-07-01,21027.0,14,0.03129159214781705
HYPD,2025-07-01,115713.0,14,0.6989513886851456
METC,2025-07-01,314493.0,14,14.403301416154433
MLCO,2025-07-01,1198492.0,14,22.571138774620717
PL,2025-07-01,5703599.0,14,9.632710911619188
TSDD,2025-07-01,645906.0,14,3.5947101889723654
TSLQ,2025-07-01,3851268.0,14,3.491124585249798
TSLS,2025-07-01,1316681.0,14,5.10176922448878
CIFR,2025-07-02,3746681.0,14,4.274944781948088
CYN,2025-07-02,1695777.0,14,4.6461835088504175
DQ,2025-07-02,398196.0,14,13.375426473763765
EOSE,2025-07-02,779543.0,14,1.3825604803591087
MSTU,2025-07-02,965246.0,14,0.5340632260603542
TSL,2025-07-02,264867.0,14,21.897719958190375
TSLG,2025-07-02,801824.0,14,3.8093676446234994
TSLL,2025-07-02,45701356.0,14,5.049154076741471
TSLR,2025-07-02,926701.0,14,4.476728373527505
TSLT,2025-07-02,1293257.0,14,4.660744288942701
AEBI,2025-07-03,138611.0,1,
CV,2025-07-03,187836.0,0,
EMPG,2025-07-03,385665.0,0,
FIEE,2025-07-03,450687.0,12,56.972063037249285
HBNB,2025-07-03,42009.0,11,3.2970803544672287
HELP,2025-07-03,46357.0,14,1.4404700075020087
LIXT,2025-07-03,6709880.0,9,
NMAD,2025-07-03,6709880.0,13,295.81697883495605
PRME,2025-07-03,203742.0,14,1.2618472310821656
RGC,2025-07-03,207891.0,13,2.130165048237594
RNW,2025-07-03,550396.0,14,12.706612578740808
SBET,2025-07-03,3031783.0,14,3.6365563472680096
SY,2025-07-03,222174.0,14,1.33203888151826
TRIP,2025-07-03,1074587.0,14,23.138116125698254
XPOF,2025-07-03,182974.0,14,20.547992235252593
ASST,2025-07-07,336292.0,14,3.761366977285219
BILI,2025-07-07,441753.0,14,2.4244767583854494
BTBT,2025-07-07,11551159.0,14,7.16608988459233
DAIC,2025-07-07,50630.0,9,
ENVX,2025-07-07,688010.0,14,2.2958226502780237
GDXD,2025-07-07,457762.0,14,1.025364896176626
GEO,2025-07-07,627423.0,14,10.285237555501432
MBIO,2025-07-07,16062035.0,14,648.5649391290303
PRME,2025-07-07,1347197.0,14,7.8894739990370715
RGC,2025-07-07,505966.0,14,4.797149689390096
SBET,2025-07-07,2583045.0,14,2.515757122428041
SY,2025-07-07,632725.0,14,3.532595799799565
TSDD,2025-07-07,784222.0,14,3.5866415820922537
TSLQ,2025-07-07,4344567.0,14,3.058130687053421
TSLS,2025-07-07,1521382.0,14,4.121112564186358
AMPX,2025-07-08,942341.0,14,4.14246258594823
AMST,2025-07-08,47484.0,14,12.56760435571688
ARTL,2025-07-08,40233.0,12,0.6216687075802233
ASST,2025-07-08,587692.0,14,5.529397374982358
BNZI,2025-07-08,37134.0,1,
BTBT,2025-07-08,6631421.0,14,2.7546388672926287
BTCS,2025-07-08,853817.0,14,12.875296342851849
CC,2025-07-08,500473.0,14,6.1521769098723755
CHAI,2025-07-08,353767.0,14,2.6209525361822243
CLOV,2025-07-08,1576634.0,14,4.919829925786447
DC,2025-07-08,189814.0,14,8.455316319160513
DQ,2025-07-08,570235.0,14,6.602797009619735
EYE,2025-07-08,187202.0,14,3.1465165139927724
KSCP,2025-07-08,49713.0,14,2.2942066487564485
LZMH,2025-07-08,15720.0,14,0.21409955707229947
MDCX,2025-07-08,77942.0,14,2.4286725395843254
NDRA,2025-07-08,6305425.0,12,6749.78590544157
OCC,2025-07-08,250398.0,11,141.6788231058073
PARA,2025-07-08,37134.0,14,0.36471316184920005
RERE,2025-07-08,397636.0,14,3.6768831223729017
RGC,2025-07-08,220250.0,14,1.555540645593509
SBET,2025-07-08,2576136.0,14,2.570442103534656
SOFX,2025-07-08,59066.0,14,2.808759243093791
SOUN,2025-07-08,8464546.0,14,4.230281292918409
SRFM,2025-07-08,806586.0,14,1.0631478852288005
STEX,2025-07-08,331034.0,14,8.044750185301872
SY,2025-07-08,726240.0,14,3.265708862101196
VIOT,2025-07-08,574755.0,13,25.62834210842237
VOR,2025-07-08,2918989.0,14,1.457200761914977
WOLF,2025-07-08,19550020.0,14,4.488654024266094
AES,2025-07-09,4993120.0,14,7.807777499661291
ARTL,2025-07-09,49465.0,12,0.7292737854344277
BAK,2025-07-09,261649.0,14,9.197956057752668
BE,2025-07-09,969011.0,14,3.8398126251583276
BEAM,2025-07-09,286911.0,14,3.2391453358127715
BMGL,2025-07-09,1571106.0,14,60.38849857096968
BTCT,2025-07-09,411589.0,14,33.8235404609009
BZAI,2025-07-09,73739.0,14,2.9744776239814676
DFDV,2025-07-09,77601.0,14,0.8171100519637389
EDIT,2025-07-09,616683.0,14,3.6355360729670663
HIMZ,2025-07-09,457228.0,14,1.4581359426676597
HYPD,2025-07-09,51922.0,14,0.3023385330774014
KOLD,2025-07-09,540078.0,14,2.1725839958853297
LASE,2025-07-09,133269.0,14,4.758526763056347
MBIO,2025-07-09,661105.0,14,0.542145403218253
MDCX,2025-07-09,290216.0,14,7.813507692307692
MNTN,2025-07-09,122577.0,14,10.086092287076164
MRAL,2025-07-09,28879.0,14,1.8030298300458891
PROK,2025-07-09,8106315.0,14,9.927998476443353
SANA,2025-07-09,954328.0,14,3.3682705327455253
SBET,2025-07-09,2907183.0,14,2.7074114264621665
SOBR,2025-07-09,648916.0,13,827.6989795918367
SRFM,2025-07-09,2221732.0,14,2.7515412719053813
UPXI,2025-07-09,1250221.0,14,8.647705354107874
WKHS,2025-07-09,2549043.0,14,58.086025635808745
ZEPP,2025-07-09,57966.0,12,11.56794332374316
AAL,2025-07-10,8972021.0,14,5.413668973587867
AMDL,2025-07-10,2672868.0,14,1.8800603727036238
AMPX,2025-07-10,1051707.0,14,3.432462498851875
BEKE,2025-07-10,734471.0,14,2.321905650088122
CHAI,2025-07-10,236778.0,14,1.461298786487373
CRML,2025-07-10,533853.0,14,2.1968329382883263
FCEL,2025-07-10,464932.0,14,5.092083976130201
METC,2025-07-10,396168.0,14,5.846240766350727
NRIX,2025-07-10,339792.0,14,20.653806577662
POET,2025-07-10,851513.0,14,5.281922110007275
PROK,2025-07-10,2064928.0,14,1.481175630260669
RCUS,2025-07-10,36508.0,14,2.545086967130259
SAFX,2025-07-10,8661366.0,14,79.64139701188259
SRFM,2025-07-10,858237.0,14,0.893626193004018
TIGR,2025-07-10,777307.0,14,1.62976038895124
TMC,2025-07-10,2173656.0,14,2.1394970950233003
ULCC,2025-07-10,545301.0,14,4.866223402729573
USAR,2025-07-10,990791.0,14,7.775047784535187
UUUU,2025-07-10,5064224.0,14,10.062295593824599
ZEPP,2025-07-10,47863.0,12,4.873825788111502
ZTO,2025-07-10,211097.0,14,4.991897383751864
ABVE,2025-07-11,9080503.0,14,75.05385311584351
AIRO,2025-07-11,312701.0,14,3.4649352335091996
AMC,2025-07-11,2520294.0,14,4.529067367409306
BTCS,2025-07-11,506010.0,14,1.9879953719125154
BTCT,2025-07-11,508026.0,14,11.716505391754717
BTDR,2025-07-11,359366.0,14,2.157879454242803
BYRN,2025-07-11,149043.0,14,4.42545493107105
ETH,2025-07-11,225805.0,14,2.3342533685398172
ETHA,2025-07-11,2500349.0,14,3.7745092933239435
ETHE,2025-07-11,308446.0,14,2.6721757323470317
ETHW,2025-07-11,29033.0,14,3.315918713645894
KWM,2025-07-11,80744.0,14,1.848955070569743
LASE,2025-07-11,61620.0,14,1.585826314260819
LEVI,2025-07-11,819562.0,14,20.52790639424625
LZMH,2025-07-11,44255.0,14,0.5698788442930254
PDYN,2025-07-11,699135.0,14,5.654853620955316
RCAT,2025-07-11,5244028.0,14,17.50741323484313
SBET,2025-07-11,2159131.0,14,1.6302448649000227
SOLT,2025-07-11,110156.0,14,2.4844522774650657
TETH,2025-07-11,38161.0,14,2.8446666560175498
UMAC,2025-07-11,2448980.0,14,11.915330470146095
UPXI,2025-07-11,1066744.0,14,4.260829449174604
XRPI,2025-07-11,52591.0,14,3.2679425837320575
XRPT,2025-07-11,23920.0,14,3.725400763146477
ZENA,2025-07-11,277200.0,14,3.4766093920771146
ZEPP,2025-07-11,85284.0,13,6.690636541386053
BTCS,2025-07-14,748427.0,14,2.5939191060936926
DARE,2025-07-14,6181582.0,14,523.6473364474672
DCH,2025-07-14,58479.0,14,0.7511078001977985
DEFT,2025-07-14,1674385.0,14,9.820608565124077
DTCX,2025-07-14,26999.0,14,1.5387615360502842
HTOO,2025-07-14,47866.0,14,0.6816715154720973
HUBC,2025-07-14,1559461.0,14,18.904079722436524
HYPD,2025-07-14,204955.0,14,1.6099163445191913
KC,2025-07-14,334973.0,14,2.864484311561294
KVUE,2025-07-14,5264506.0,14,27.244040199727053
LGHL,2025-07-14,70808.0,14,2.777212175545252
METC,2025-07-14,721031.0,14,6.845846891289044
METCB,2025-07-14,132185.0,13,20.336635186631636
MSTU,2025-07-14,5107030.0,14,2.6593138052567875
NB,2025-07-14,178535.0,14,2.10802901239774
NIO,2025-07-14,4992522.0,14,2.494088470792763
PROK,2025-07-14,590137.0,14,0.3661211472423851
RBNE,2025-07-14,65425.0,14,0.4151219600627249
RIOX,2025-07-14,89982.0,14,2.7695108197413285
SBET,2025-07-14,3483156.0,14,2.433828430516492
SFIX,2025-07-14,277916.0,14,6.100162584290626
SLAI,2025-07-14,866974.0,14,1.6104384164635313
SQNS,2025-07-14,851504.0,14,2.2158743294181633
UPXI,2025-07-14,602178.0,14,1.8553893163102313
XRPT,2025-07-14,121468.0,14,15.655974958571166
YHC,2025-07-14,846650.0,14,51.836092099796645
ZENA,2025-07-14,329716.0,14,3.461717695989873
ALM,2025-07-15,310646.0,0,
AMDL,2025-07-15,3811507.0,14,2.523061136447327
AMPX,2025-07-15,1551494.0,14,3.603078876895352
ANGO,2025-07-15,256263.0,14,18.020945932370257
BABX,2025-07-15,209112.0,14,3.286850321828782
BILI,2025-07-15,468795.0,14,2.4947022362169764
BTCS,2025-07-15,391220.0,14,1.1491025298348985
CORZW,2025-07-15,18935.0,13,0.6679882334424236
CRML,2025-07-15,721269.0,14,2.9423286719644186
DTCX,2025-07-15,88902.0,14,4.721277895160098
HERE,2025-07-15,230379.0,14,3.0722232594291636
IDR,2025-07-15,50521.0,14,2.340181114945457
ISSC,2025-07-15,59131.0,14,1.9198376623376623
JOBY,2025-07-15,2010613.0,14,1.4732500832703006
KC,2025-07-15,749641.0,14,5.98188274454818
LAES,2025-07-15,1216568.0,14,1.871266150455628
NB,2025-07-15,477300.0,14,5.043204067046493
NVDX,2025-07-15,1722733.0,14,2.5478688953040933
NVTS,2025-07-15,3308636.0,14,2.0506863821498142
PDYN,2025-07-15,1000844.0,14,6.0933788211862066
PROK,2025-07-15,1837218.0,14,1.1111869440701398
SBET,2025-07-15,3015594.0,14,1.8465674781565362
SMCL,2025-07-15,131927.0,14,1.5053752398277969
SOXL,2025-07-15,7528805.0,14,1.3095918326447236
SY,2025-07-15,261821.0,14,0.8388622121648608
TSSI,2025-07-15,312171.0,14,2.2178245255069964
UAMY,2025-07-15,584160.0,14,1.9235495008984769
USAR,2025-07-15,624022.0,14,3.1409468168295027
VIOT,2025-07-15,136301.0,14,1.1458370487796823
VNET,2025-07-15,1538068.0,14,4.092281699669983
ZENA,2025-07-15,554804.0,14,4.938784489917378
ZEPP,2025-07-15,50769.0,13,1.7395992577676096
ABVX,2025-07-16,53057.0,14,5.9055804228050786
BTBT,2025-07-16,5913374.0,14,1.5871813429125932
BTCS,2025-07-16,2228940.0,14,6.072843387806034
BTCT,2025-07-16,55337.0,14,0.5989501028249811
DFDV,2025-07-16,214155.0,14,2.5547432194074493
DPRO,2025-07-16,2007015.0,14,26.915644254053888
DTST,2025-07-16,586962.0,14,302.8476450210069
DYN,2025-07-16,219088.0,14,1.6701599246388492
HELE,2025-07-16,270436.0,14,5.483499262803894
HUYA,2025-07-16,551822.0,14,3.6141155028108716
JOBY,2025-07-16,5288811.0,14,3.632896358809492
LZMH,2025-07-16,60708.0,14,0.7775109571784957
METC,2025-07-16,1134516.0,14,6.144596966469613
MRAL,2025-07-16,30783.0,14,1.2190942264716698
PEW,2025-07-16,112032.0,14,1.1260386678057852
REPL,2025-07-16,273858.0,14,4.62807934101378
RGC,2025-07-16,69928.0,14,0.6191410375598434
RGTI,2025-07-16,16068596.0,14,6.41672814738166
RIOX,2025-07-16,65123.0,14,2.039628280731269
SLAI,2025-07-16,211562.0,14,0.34884247917687405
SOLT,2025-07-16,23972.0,14,0.4418144502529578
SQNS,2025-07-16,177556.0,14,0.42286385016458417
STLN,2025-07-16,291925.0,14,3.180760792499321
TEMT,2025-07-16,219112.0,14,4.204480567986349
TOI,2025-07-16,291925.0,7,
TRON,2025-07-16,878409.0,14,5.651718095322132
UPXI,2025-07-16,692494.0,14,1.8050983344914362
USAR,2025-07-16,920264.0,14,3.8725409806500637
WVE,2025-07-16,55389.0,14,2.0681041725007
XRPT,2025-07-16,29913.0,14,1.6901773390266934
YHC,2025-07-16,203740.0,14,2.052651198404143
BTCS,2025-07-17,2628696.0,14,5.004490773679367
BTCT,2025-07-17,354294.0,14,3.7087419583494095
CARS,2025-07-17,101561.0,14,8.510834171335537
DGXX,2025-07-17,956775.0,14,9.489771194413901
DPRO,2025-07-17,1807527.0,14,8.610786035116375
EVTL,2025-07-17,421734.0,14,2.3904096583582493
FOLD,2025-07-17,487631.0,14,5.850983558225001
JOBY.WS,2025-07-17,184883.0,14,11.377915512769793
LCID,2025-07-17,60992783.0,14,13.384839220752179
PDYN,2025-07-17,1132877.0,14,4.936793344348062
PGY,2025-07-17,545417.0,14,6.072594331594861
RCKT,2025-07-17,919027.0,14,12.274852841564982
RGC,2025-07-17,67436.0,14,0.6183547288446424
SHOO,2025-07-17,189481.0,14,10.404510511452777
SPCE,2025-07-17,1129803.0,14,7.462402888104356
SRPT,2025-07-17,2718417.0,14,19.187049064868113
TRON,2025-07-17,812454.0,14,4.37790102881688
UPXI,2025-07-17,1418037.0,14,3.337967447427796
VIVO,2025-07-17,170660.0,14,4.404047851652504
VVPR,2025-07-17,170660.0,13,4.196411852048006
XRPI,2025-07-17,127232.0,14,3.7800210938677115
XRPT,2025-07-17,63697.0,14,3.2469715230317178
XXII,2025-07-17,897445.0,14,213.35444650104432
APLD,2025-07-18,3626566.0,14,2.3143517189005673
AUDC,2025-07-18,41555.0,14,5.288866262420568
BABX,2025-07-18,216273.0,14,2.593641264962712
BTCS,2025-07-18,2666325.0,14,3.7438214016497127
BZAI,2025-07-18,2548759.0,14,86.89600035067554
DFDV,2025-07-18,175908.0,14,1.5269687520732436
EOSE,2025-07-18,5660239.0,14,9.595756006842198
ETHA,2025-07-18,3488153.0,14,2.999346132897536
ETHE,2025-07-18,568568.0,14,3.1348168405266525
ETHW,2025-07-18,95249.0,14,5.835365266631075
FNUC,2025-07-18,86006.0,14,6.052285282009781
GLXY,2025-07-18,1077947.0,14,3.7208628822226864
KC,2025-07-18,306825.0,14,1.645495042886568
KSCP,2025-07-18,282610.0,14,7.380516677579237
LAWR,2025-07-18,670255.0,0,
LITM,2025-07-18,55928.0,8,
MLGO,2025-07-18,131458.0,14,0.10251807117105244
SBSW,2025-07-18,958868.0,14,1.7019309166373906
SOLT,2025-07-18,226393.0,14,3.7419800427856984
TELO,2025-07-18,5343600.0,14,438.15905070927386
TETH,2025-07-18,47836.0,14,2.7585036535435665
UPXI,2025-07-18,949946.0,14,1.8286380725664084
VIVO,2025-07-18,312488.0,14,6.2556134668868735
VSAT,2025-07-18,341673.0,14,5.09443197781354
VVPR,2025-07-18,312488.0,14,6.2556134668868735
VZLA,2025-07-18,243532.0,14,1.1287443715037608
XRPI,2025-07-18,176694.0,14,4.182304487786404
XRPT,2025-07-18,108036.0,14,4.558920691567601
ZTO,2025-07-18,139751.0,14,1.9978229858790206
ABCL,2025-07-21,1538423.0,14,6.719419091667771
ABVE,2025-07-21,307721.0,14,0.2652358771595581
ATAI,2025-07-21,1640106.0,14,3.305966898986058
BTCS,2025-07-21,1581162.0,14,1.7547704668159292
BZAI,2025-07-21,1262449.0,14,5.989360703530087
CLF,2025-07-21,2583342.0,14,2.9660910501058853
CTNM,2025-07-21,40861.0,14,3.989107695740705
CWVX,2025-07-21,34052.0,6,
DFDV,2025-07-21,177163.0,14,1.3963892803276188
DJT,2025-07-21,3864306.0,14,8.850503028213978
DPRO,2025-07-21,971704.0,14,2.34103274641119
ETHA,2025-07-21,3375412.0,14,2.4079243397678636
ETHW,2025-07-21,29641.0,14,1.2936525997811563
GCTK,2025-07-21,703286.0,14,166.26708095511498
GLXY,2025-07-21,1261261.0,14,3.6927743132796294
GVH,2025-07-21,28783.0,14,0.006111230701666079
KOLD,2025-07-21,743947.0,14,3.812526447259954
LITS,2025-07-21,649226.0,10,2.2697114729110366
LMFA,2025-07-21,530323.0,14,15.502084825352812
LX,2025-07-21,486351.0,14,3.8702294371925277
MOB,2025-07-21,122552.0,14,4.548565490108748
NVTS,2025-07-21,6925826.0,14,4.917503514619397
PWCM,2025-07-21,530323.0,14,15.502084825352812
REPL,2025-07-21,297412.0,14,3.51301677297425
S,2025-07-21,792830.0,14,4.739287562488152
SLDP,2025-07-21,2131933.0,14,4.281242953542292
SOLT,2025-07-21,297181.0,14,3.9756275620873187
SOLZ,2025-07-21,65054.0,14,2.503906701050768
SPCE,2025-07-21,403156.0,14,1.6786421167807881
SQNS,2025-07-21,604223.0,14,1.3094103280475238
SSL,2025-07-21,75455.0,14,1.0182370234710105
STEM,2025-07-21,264874.0,14,17.96547631159494
TETH,2025-07-21,61899.0,14,3.0096793351231015
UAMY,2025-07-21,570839.0,14,1.139060926160651
UPXI,2025-07-21,668740.0,14,1.1745044238550966
VIOT,2025-07-21,67259.0,14,0.49180778242389356
VIVO,2025-07-21,249325.0,14,3.524529993668963
VVPR,2025-07-21,249325.0,14,3.524529993668963
WRD,2025-07-21,1730205.0,14,4.454229389171694
ZENA,2025-07-21,163148.0,14,1.061627781049426
ABVX,2025-07-22,64153.0,14,3.4706375611999243
AEHR,2025-07-22,943876.0,14,6.113607942072247
BTU,2025-07-22,296686.0,14,1.4239422689601386
CLF,2025-07-22,4087628.0,14,4.027033797736009
CLOV,2025-07-22,936070.0,14,2.0673850229282107
DFDV,2025-07-22,144752.0,14,1.0546851783520075
DJTU,2025-07-22,29784.0,14,1.4879883523416646
DPRO,2025-07-22,560541.0,14,1.169707928286811
DQ,2025-07-22,179482.0,14,0.9797988344956532
DYNC,2025-07-22,293163.0,2,
EMPD,2025-07-22,22832.0,13,0.2391016449435306
ETHM,2025-07-22,260393.0,1,
FTRE,2025-07-22,125883.0,14,5.279140892956101
GVH,2025-07-22,142222.0,14,0.03712185812955732
KSS,2025-07-22,19712726.0,14,86.24703041417163
M,2025-07-22,1758416.0,14,10.188746027817487
OPAD,2025-07-22,234965.0,14,13.036177809833676
OPEN,2025-07-22,48703605.0,14,4.261048918476414
PLCE,2025-07-22,641761.0,14,38.47768122893496
SATL,2025-07-22,102430.0,14,1.5732822224879675
SEMR,2025-07-22,203883.0,14,18.32267962486279
SOLT,2025-07-22,469830.0,14,5.02440928461814
STOK,2025-07-22,153952.0,14,8.44286363422698
TIGR,2025-07-22,908996.0,14,2.867546312789254
TWG,2025-07-22,34911.0,14,0.35093662513382157
ATYR,2025-07-23,1535221.0,14,6.916297813007525
BYND,2025-07-23,1103066.0,14,10.922442004963678
CDLX,2025-07-23,439200.0,14,7.925263711448634
CWVX,2025-07-23,24818.0,8,
DNUT,2025-07-23,13103670.0,14,107.95270947787648
FLWS,2025-07-23,673888.0,14,107.28504173394892
IOVA,2025-07-23,4852385.0,14,6.52873460927382
KOLD,2025-07-23,312502.0,14,1.557058072378002
LBRT,2025-07-23,377813.0,14,6.180079824647495
LIMN,2025-07-23,34783.0,14,1.5495710503538518
LVLU,2025-07-23,31955.0,13,1.529144350578838
MUFG,2025-07-23,138493.0,14,1.9735114706609818
NVOX,2025-07-23,59233.0,14,3.065323623997339
OKLL,2025-07-23,140030.0,14,3.1417138223420946
RKT,2025-07-23,6840437.0,14,9.368112282604665
RZLV,2025-07-23,4262496.0,14,11.340210628813606
STLA,2025-07-23,1257574.0,14,2.1226761048358243
STOK,2025-07-23,144744.0,14,5.100249926381202
WEN,2025-07-23,4901740.0,14,25.19917540552232
AEO,2025-07-24,3364999.0,14,13.855275123318162
BGMS,2025-07-24,309688.0,14,4.220726930056151
DQ,2025-07-24,46099.0,14,0.25549014872905346
GTX,2025-07-24,200830.0,14,5.040967881897754
LAWR,2025-07-24,58313.0,4,
LIMN,2025-07-24,232496.0,14,9.964531169161159
MBLY,2025-07-24,1238509.0,14,2.4004205793140874
MERC,2025-07-24,128725.0,14,11.963131132087996
MNSO,2025-07-24,132881.0,14,4.944816715795853
MXL,2025-07-24,1177879.0,14,31.872161951645666
RUN,2025-07-24,2460759.0,14,2.1001889587056097
TSDD,2025-07-24,720753.0,14,3.588174382308868
TSLQ,2025-07-24,6103014.0,14,4.774637535867536
TSLS,2025-07-24,1900531.0,14,4.124278782251645
UAVS,2025-07-24,3322914.0,14,2.364864970655741
VLN,2025-07-24,918558.0,14,75.76673402895203
ABAT,2025-07-25,1662754.0,14,3.2961688014978674
ALMS,2025-07-25,78339.0,14,6.078781966722462
COUR,2025-07-25,2069276.0,14,35.06814412748062
FFAI,2025-07-25,2977424.0,14,2.5195271207105217
GNTX,2025-07-25,188758.0,14,4.294213903725936
KN,2025-07-25,76780.0,14,8.082834541462388
LHAI,2025-07-25,2101084.0,0,
LIDR,2025-07-25,7336327.0,14,11.666457816271476
NEOV,2025-07-25,34751.0,14,2.5333597163135337
NXTC,2025-07-25,120440.0,12,23.753081550142984
OMER,2025-07-25,219968.0,14,8.40420271265999
SBET,2025-07-25,2156857.0,14,0.7931120696898555
STEX,2025-07-25,56784.0,14,0.5099402870761836
UDMY,2025-07-25,272873.0,14,14.897718675661974
VCYT,2025-07-25,341723.0,14,25.320049114561833
VLN,2025-07-25,445375.0,14,5.789026080675455
VRCA,2025-07-25,22363.0,14,1.4147082081290527
ABSI,2025-07-28,941139.0,14,2.2260252750189813
ASMG,2025-07-28,116744.0,14,2.6452981838839733
BKKT,2025-07-28,52099.0,14,1.4126134431322117
BTCS,2025-07-28,928192.0,14,0.8129490407909398
ETHA,2025-07-28,2515271.0,14,1.3735291296636791
ETHW,2025-07-28,72760.0,14,2.5793643759859615
IE,2025-07-28,339912.0,14,8.255257583879345
LIDR,2025-07-28,12371151.0,14,10.786848767540622
MBOT,2025-07-28,531176.0,14,4.217219768884009
MCVT,2025-07-28,1519075.0,5,
MSTU,2025-07-28,1546896.0,14,0.807097419123368
NFE,2025-07-28,407741.0,14,2.1593763488125153
PD,2025-07-28,308768.0,14,14.693991875860428
PONY,2025-07-28,2791895.0,14,4.529832038293632
SBET,2025-07-28,2370788.0,14,0.8816472281317843
SOLT,2025-07-28,190686.0,14,1.2463864604610446
STEM,2025-07-28,137876.0,14,3.648223293649369
SUIG,2025-07-28,1519075.0,14,15.389282739686774
UPXI,2025-07-28,496123.0,14,0.5724682206017849
VG,2025-07-28,573387.0,14,3.160107171144728
WRD,2025-07-28,3125886.0,14,5.743452646482479
XRPT,2025-07-28,90258.0,14,1.6968409461718712
ABSI,2025-07-29,1083570.0,14,2.249162122992413
ALKS,2025-07-29,116092.0,14,2.9259373942348543
AMKR,2025-07-29,751010.0,14,31.88392876095863
ATAI,2025-07-29,640088.0,14,1.4184813793721327
BBBY,2025-07-29,325432.0,6,
CLLS,2025-07-29,66512.0,13,5.3051262386109155
FUBO,2025-07-29,5925673.0,14,13.18578303291335
PHG,2025-07-29,256917.0,14,5.196668896456368
RCT,2025-07-29,28148.0,14,2.7996618285413866
SOFI,2025-07-29,24201613.0,14,5.833096951988186
SRPT,2025-07-29,4601456.0,14,6.3491121595220195
XPRO,2025-07-29,148371.0,14,5.933093975201584
CAPR,2025-07-30,543597.0,14,2.627272777487023
CGON,2025-07-30,56364.0,14,2.685991653675174
CLVT,2025-07-30,488570.0,14,11.184113280355799
CRTO,2025-07-30,59417.0,14,2.8378268656716417
DPRO,2025-07-30,386889.0,14,0.690889605289105
FUBO,2025-07-30,3396343.0,14,4.046469963841263
HOG,2025-07-30,1649127.0,14,51.54108615043231
LC,2025-07-30,818459.0,14,23.005191937038227
MNRO,2025-07-30,28201.0,14,2.233325602574908
MRAL,2025-07-30,68956.0,14,2.1111487735058905
OSW,2025-07-30,22618.0,14,2.8694202294434277
PTON,2025-07-30,2377151.0,14,8.146809010124482
QURE,2025-07-30,114019.0,14,3.0185260474676783
RCKT,2025-07-30,468196.0,14,2.927767305991549
REPL,2025-07-30,5353268.0,14,8.726486288102382
SRPT,2025-07-30,3083158.0,14,2.9727082972341083
SUPX,2025-07-30,136348.0,9,
TTI,2025-07-30,238737.0,14,7.249251177186335
VFC,2025-07-30,2068722.0,14,8.93535910988581
ALHC,2025-07-31,2379332.0,14,51.26734221477997
APLD,2025-07-31,12686929.0,14,8.633798053896866
APLS,2025-07-31,322366.0,14,6.644529639706489
ATAI,2025-07-31,508953.0,14,1.1502488696219568
AUR,2025-07-31,1443969.0,14,2.581255692425596
BBVA,2025-07-31,136065.0,14,2.431260984266892
CMRC,2025-07-31,119509.0,14,7.259814981949458
CWVX,2025-07-31,145850.0,14,5.1620878912520824
EZPW,2025-07-31,52812.0,14,6.7673607615212115
FNGU,2025-07-31,1583276.0,14,4.46504878326372
FUBO,2025-07-31,2194348.0,14,2.085070356231489
HDSN,2025-07-31,268994.0,14,35.95798760634387
HERE,2025-07-31,62589.0,14,1.157318047640117
IART,2025-07-31,32527.0,14,2.0288616618400535
INDV,2025-07-31,864737.0,14,20.60867359619228
KC,2025-07-31,107188.0,14,0.5003964805597811
LIDR,2025-07-31,1128217.0,14,0.5175888694182296
LXEO,2025-07-31,48871.0,14,4.921019887078793
MDXG,2025-07-31,226557.0,14,10.398485370051635
NCLH,2025-07-31,4626529.0,14,7.913039090810689
RSI,2025-07-31,349182.0,14,19.930804481482085
STGW,2025-07-31,160863.0,14,6.224109531495279
TAL,2025-07-31,1332888.0,14,7.074541037454013
TSSI,2025-07-31,184021.0,14,1.1549164193248904
UDMY,2025-07-31,147449.0,14,3.3912414922680876
VWAV,2025-07-31,315153.0,12,0.8939677959074261
WRD,2025-07-31,1374855.0,14,1.8395736020776663
YMAT,2025-07-31,30389.0,0,
ALM,2025-08-01,60049.0,13,0.730533368894379
AMZD,2025-08-01,154784.0,14,26.656366476818423
ASX,2025-08-01,424895.0,14,1.7116958724411016
ATEC,2025-08-01,625924.0,14,32.80106605179035
BERZ,2025-08-01,48234.0,14,3.553523127927169
CCC,2025-08-01,524499.0,14,9.216196338114436
CHAI,2025-08-01,74098.0,14,0.9961608266034165
CNK,2025-08-01,113534.0,14,1.8808052026732804
COHU,2025-08-01,34147.0,14,4.8720279649011955
FDMT,2025-08-01,1112540.0,14,127.02403379574127
FIAT,2025-08-01,249247.0,14,3.3662985994408565
HCTI,2025-08-01,163966.0,14,0.004955994713819234
HIBS,2025-08-01,87963.0,14,4.434720606717539
HMY,2025-08-01,308419.0,14,1.8220396843950413
IONZ,2025-08-01,89893.0,14,6.336804261789911
LBTYK,2025-08-01,48127.0,14,3.7387038958588814
MCVT,2025-08-01,407543.0,9,
MPU,2025-08-01,148225.0,14,1.2580509440459389
MSTZ,2025-08-01,633467.0,14,0.5593226325116263
NAMM,2025-08-01,1076657.0,14,345.55703805593765
NVST,2025-08-01,404215.0,14,15.344262383982777
PSO,2025-08-01,105479.0,14,5.542691349127707
RKT,2025-08-01,4278766.0,14,3.6669289513708976
SM,2025-08-01,66076.0,14,2.0142226944733554
SMCZ,2025-08-01,808066.0,14,4.709622923732571
SMST,2025-08-01,55432.0,14,0.7747046621158911
SOXS,2025-08-01,10589716.0,14,1.714308126993561
SUIG,2025-08-01,407543.0,14,1.7819854501638597
SVV,2025-08-01,206670.0,14,23.067871066499773
UVIX,2025-08-01,1754694.0,14,5.179146221599857
UVXY,2025-08-01,2445361.0,14,4.135428517174292
AAOI,2025-08-04,227593.0,14,0.9421674598633603
AEO,2025-08-04,1190278.0,14,1.6643480435593787
AMPX,2025-08-04,368419.0,14,0.6149781473200658
BCRX,2025-08-04,637705.0,14,6.991870109711621
BNZI,2025-08-04,130556.0,8,
CRML,2025-08-04,235684.0,14,0.7828964960879804
ENR,2025-08-04,170798.0,14,12.74938150486265
FTRE,2025-08-04,181330.0,14,5.699653569047079
HCTI,2025-08-04,104074.0,14,0.003174765860429485
HMY,2025-08-04,365012.0,14,2.02111141653104
JOBY,2025-08-04,5590336.0,14,2.315002979803005
KC,2025-08-04,70617.0,14,0.3475381667380863
NB,2025-08-04,590992.0,14,2.8705345046456867
NBP,2025-08-04,908397.0,14,21.269095689170747
PARA,2025-08-04,130556.0,14,4.396216113506974
PBM,2025-08-04,4475448.0,12,28.908921789008605
PEW,2025-08-04,116322.0,14,0.5244545667095847
PRME,2025-08-04,309556.0,14,1.477597798562765
PTIR,2025-08-04,415262.0,14,1.9003156586911392
RCON,2025-08-04,47494.0,5,
SEMR,2025-08-04,180097.0,14,5.1706587808739455
SMCL,2025-08-04,80488.0,14,1.2212770154346044
SNGX,2025-08-04,6030897.0,14,13.789403336892043
SRTA,2025-08-04,1092662.0,14,33.614237402847394
TMC,2025-08-04,2243884.0,14,3.4168868589348604
UIS,2025-08-04,108329.0,14,7.200708388132124
UNIT,2025-08-04,79997.0,14,1.2053459095805992
USAR,2025-08-04,943950.0,14,2.8786028278281712
VISN,2025-08-04,5239652.0,14,24.22984472183044
VSAT,2025-08-04,567179.0,14,6.51739928017696
ZVIA,2025-08-04,91937.0,14,5.52233401265687
AIP,2025-08-05,1196875.0,14,71.73236470114814
ARDX,2025-08-05,1719028.0,14,21.199013441854728
ATLX,2025-08-05,132520.0,14,4.252478901261111
AXGN,2025-08-05,345799.0,14,7.701720531033989
CLDI,2025-08-05,36217.0,14,0.027129757792224853
CSTL,2025-08-05,143874.0,14,17.99839159339481
CWK,2025-08-05,198805.0,14,6.104077250865738
DAN,2025-08-05,261022.0,14,11.231065693430658
EVGO,2025-08-05,1359690.0,14,8.202190449680757
FLGT,2025-08-05,139440.0,14,14.524135468126897
FRMM,2025-08-05,77572.0,13,0.5986218654205518
FWRG,2025-08-05,135726.0,14,8.79127610552322
GLDD,2025-08-05,28248.0,14,1.9248032473316103
HLMN,2025-08-05,180814.0,14,8.107342226207825
LRMR,2025-08-05,377130.0,14,9.958429683167793
MBI,2025-08-05,63910.0,14,9.512641136320143
MWA,2025-08-05,61225.0,14,2.464838346978154
NB,2025-08-05,409854.0,14,1.9151781199402012
OGN,2025-08-05,402899.0,14,3.7768324773848825
QS,2025-08-05,5561572.0,14,1.1735718672445608
QUBT,2025-08-05,3832556.0,14,3.9630109609572126
SBH,2025-08-05,132209.0,14,4.808186973474684
SHLS,2025-08-05,827302.0,14,9.698709515886327
SLDP,2025-08-05,1334329.0,14,1.3462421855806717
SNDX,2025-08-05,791241.0,14,20.365290641879344
STAA,2025-08-05,5194246.0,14,448.83835646876565
TDUP,2025-08-05,761508.0,14,15.96598671037636
YALA,2025-08-05,195713.0,14,12.776012645537925
ADPT,2025-08-06,177152.0,14,4.800207482130795
AMDD,2025-08-06,201668.0,14,5.905543993222962
ANGI,2025-08-06,162707.0,14,14.60284633630361
ATEN,2025-08-06,145407.0,14,10.003675765989335
BTAI,2025-08-06,1305988.0,14,2.9856326132575783
BVS,2025-08-06,37334.0,14,5.488852717248621
CLVT,2025-08-06,177111.0,14,1.9674159532178592
CRCT,2025-08-06,150951.0,14,9.983767568205977
CURI,2025-08-06,149816.0,14,7.6923392893818034
CYRX,2025-08-06,1161408.0,14,134.8089509422699
DCTH,2025-08-06,323572.0,14,13.35789057754345
DNOW,2025-08-06,102213.0,14,5.794082753985253
ELDN,2025-08-06,29592.0,14,1.6762749445676275
EXTR,2025-08-06,178328.0,14,8.92070105229307
FLYW,2025-08-06,384962.0,14,12.989267733064684
GILT,2025-08-06,311606.0,14,11.167758913760265
GO,2025-08-06,856064.0,14,17.468147500364378
INTR,2025-08-06,179993.0,14,3.6408034352027374
JELD,2025-08-06,180931.0,14,5.343919764220901
MYGN,2025-08-06,674478.0,14,26.452562841943372
NB,2025-08-06,1716867.0,14,7.989048193267648
NCMI,2025-08-06,32079.0,14,3.699603766279769
NVAX,2025-08-06,1785254.0,14,7.0437935365832
OPFI,2025-08-06,455568.0,14,10.027107036793064
OPLN,2025-08-06,36330.0,14,2.7729346919415776
PAYO,2025-08-06,747316.0,14,13.195419752977426
PRCH,2025-08-06,714593.0,14,15.526939295597366
PRTA,2025-08-06,52404.0,14,1.9463468987106702
QDEL,2025-08-06,121730.0,14,5.812225242400576
RIGL,2025-08-06,130471.0,14,29.223633687444003
RNG,2025-08-06,465928.0,14,17.615330189953063
RVLV,2025-08-06,164266.0,14,7.1045137612411535
SEAT,2025-08-06,20414.0,14,0.5336724385511842
SMCZ,2025-08-06,841735.0,14,3.700979868722716
SSRM,2025-08-06,1009917.0,14,9.557724885250556
TBLA,2025-08-06,620504.0,14,16.526154987586914
TDC,2025-08-06,146005.0,14,7.420946392396331
ZETA,2025-08-06,5884104.0,14,12.627444247759394
AAPB,2025-08-07,42748.0,14,1.9031555381714222
AAPU,2025-08-07,653644.0,14,2.6716110799701047
AMKR,2025-08-07,112881.0,14,1.204077760888696
AMPL,2025-08-07,261588.0,14,15.056352909737496
APA,2025-08-07,1049929.0,14,6.022526592072426
ARHS,2025-08-07,452304.0,14,23.69138098106487
ARQT,2025-08-07,176820.0,14,5.329710550565378
ASPN,2025-08-07,340316.0,14,4.410654244367751
AXIA,2025-08-07,76810.0,0,
BTCS,2025-08-07,305289.0,14,0.4620152729319904
CALY,2025-08-07,449118.0,14,6.4856591746005545
CERT,2025-08-07,93074.0,14,3.9149255794110043
CRNC,2025-08-07,931363.0,14,19.575849747778044
CWVX,2025-08-07,138232.0,14,2.893365846511287
CXW,2025-08-07,74294.0,14,4.758426966292135
EBS,2025-08-07,169407.0,14,6.021402566276867
EFXT,2025-08-07,27372.0,14,9.298005532100744
ELAN,2025-08-07,370267.0,14,5.958203115571305
ENOV,2025-08-07,54322.0,14,2.9648972335714063
FLNC,2025-08-07,90551.0,14,0.4793077959911301
FSLY,2025-08-07,1087869.0,14,18.467881030794825
GPCR,2025-08-07,181232.0,14,12.938145696715042
HL,2025-08-07,4121028.0,14,4.942583104506044
HP,2025-08-07,234924.0,14,4.3199079522528585
HTZ,2025-08-07,1347231.0,14,5.654404765937648
ICL,2025-08-07,52050.0,14,2.084895025664208
IONZ,2025-08-07,42740.0,14,2.2911274141918487
JMIA,2025-08-07,1197429.0,14,10.19703432100087
LILAK,2025-08-07,200393.0,14,6.389966472914123
MQ,2025-08-07,1373768.0,14,19.636297550969985
NABL,2025-08-07,100520.0,14,6.359840199569768
NAGE,2025-08-07,280947.0,14,5.78978838408818
NB,2025-08-07,871838.0,14,2.8922603442163948
NEO,2025-08-07,120644.0,14,1.759109476188195
OPRT,2025-08-07,78401.0,14,4.64474658609556
PHAT,2025-08-07,115754.0,14,4.564946478873239
REAX,2025-08-07,151495.0,14,4.218523130044593
RELY,2025-08-07,1259970.0,14,18.855535792165146
RUN,2025-08-07,6403610.0,14,10.81348260071073
SDGR,2025-08-07,145890.0,14,3.8297010618370546
SEDG,2025-08-07,554223.0,14,2.6174554105147254
SHLS,2025-08-07,346752.0,14,2.3864696871675575
SIFY,2025-08-07,50347.0,14,5.403115274349579
SKYT,2025-08-07,380546.0,14,15.921046890735711
SMX,2025-08-07,28731.0,14,0.10331581839015094
SONO,2025-08-07,133733.0,14,2.668952254963314
SOXL,2025-08-07,7557215.0,14,1.547048022939023
SPT,2025-08-07,45084.0,14,4.1063314856741355
SRPT,2025-08-07,2242486.0,14,1.9264670986880734
STKL,2025-08-07,209610.0,14,9.34578784443114
STLN,2025-08-07,330774.0,14,3.5024989562470883
TEMT,2025-08-07,67817.0,14,1.6023810287299773
TOI,2025-08-07,330774.0,6,
UPWK,2025-08-07,959295.0,14,14.537069710149005
UPXI,2025-08-07,554153.0,14,0.8564935829844623
UWMC,2025-08-07,887418.0,14,3.1481784995902555
VCYT,2025-08-07,85084.0,14,1.6093536785389064
VECO,2025-08-07,69169.0,14,5.673077711708017
WRBY,2025-08-07,335593.0,14,11.11345497897142
XERS,2025-08-07,733407.0,14,11.17422973577415
AAOI,2025-08-08,1601074.0,14,6.702377538654103
ABCL,2025-08-08,1027974.0,14,2.853850862691044
ABX,2025-08-08,87176.0,14,7.372622931013653
ACH,2025-08-08,93193.0,14,5.883157700129414
AMCX,2025-08-08,139791.0,14,41.11586377865081
AMPX,2025-08-08,2011362.0,14,4.3306652312661
ARLO,2025-08-08,169843.0,14,7.181261929498176
ARRY,2025-08-08,1470206.0,14,7.818349503425842
CRSR,2025-08-08,140530.0,14,8.751868327402136
CWVX,2025-08-08,103844.0,14,1.899027898604678
CYD,2025-08-08,21455.0,14,4.274512594279209
DH,2025-08-08,77271.0,14,14.913685429504943
EGY,2025-08-08,159678.0,14,7.23373576626747
EMBC,2025-08-08,95794.0,14,10.996810298880733
FIGS,2025-08-08,198776.0,14,2.7477342180225817
GCT,2025-08-08,381078.0,14,14.431922266435471
GPGI,2025-08-08,142204.0,14,16.471324089088924
GSAT,2025-08-08,129529.0,14,6.744319935733173
HGTY,2025-08-08,318089.0,14,173.7648665522085
HNST,2025-08-08,825239.0,14,3.0114153019522654
ICHR,2025-08-08,239414.0,14,6.2491069497580005
LASR,2025-08-08,352092.0,14,18.635826786537923
LHAI,2025-08-08,31733.0,10,0.13225058971601944
LZ,2025-08-08,788957.0,14,20.875507457834694
NVOX,2025-08-08,818954.0,14,2.347668099795218
OUST,2025-08-08,1205883.0,14,9.073957997967245
PCT,2025-08-08,349938.0,14,5.340200521906332
PGNY,2025-08-08,170999.0,14,12.333776403915508
PTON,2025-08-08,2664396.0,14,4.024727419624233
REAL,2025-08-08,937278.0,14,10.91283878356025
SHC,2025-08-08,50619.0,14,4.0214616873130895
SOLT,2025-08-08,125181.0,14,0.8065633886694884
SOUN,2025-08-08,16176142.0,14,9.482266210913588
STNE,2025-08-08,628745.0,14,4.5649269761455065
TEMT,2025-08-08,253508.0,14,6.0651785317570175
TRIP,2025-08-08,450129.0,14,9.171279128658
TTEC,2025-08-08,174851.0,14,8.32856102722528
TXG,2025-08-08,176598.0,14,2.408083397535982
UAMY,2025-08-08,360549.0,14,1.5937054820816956
VIAV,2025-08-08,346862.0,14,13.536304439934884
VIVO,2025-08-08,134683.0,14,1.7121269629110378
VREX,2025-08-08,199363.0,14,32.693944008433874
VVPR,2025-08-08,134683.0,8,
XIFR,2025-08-08,52142.0,14,2.538020520059384
XRPI,2025-08-08,88075.0,14,1.8777544611992165
XRPT,2025-08-08,52375.0,14,1.2207547452522505
ACB,2025-08-11,348383.0,14,5.4706606142791925
AIOT,2025-08-11,277563.0,14,10.25664022804957
AMC,2025-08-11,4113150.0,14,8.856714620459584
AUUD,2025-08-11,849856.0,13,7.253659122677205
AVAH,2025-08-11,283815.0,14,2.4662822071723975
AVTR,2025-08-11,723477.0,14,2.441364180006739
AXG,2025-08-11,64042.0,14,9.377456568804844
BTAI,2025-08-11,883339.0,14,1.1400156380872417
CWVX,2025-08-11,117727.0,14,1.9730388459926975
GPRE,2025-08-11,557041.0,14,20.984046517760323
GTN,2025-08-11,156622.0,14,6.063619796635667
INFU,2025-08-11,132817.0,14,12.600464867282424
KYIV,2025-08-11,266019.0,14,4.366781065657673
LAC,2025-08-11,2238045.0,14,5.3913576890516275
LAR,2025-08-11,337281.0,14,3.7404805340992895
LINC,2025-08-11,33128.0,14,9.898875205429748
MNTN,2025-08-11,98153.0,14,4.275568305568865
MSOS,2025-08-11,2102493.0,14,8.877127004108193
MSOX,2025-08-11,379391.0,14,9.444333016831497
MUU,2025-08-11,150966.0,14,5.9622549959941775
NA,2025-08-11,38569.0,14,2.1543144858843615
NAKA,2025-08-11,33675.0,14,3.158095697433733
NCNA,2025-08-11,115564.0,14,0.012390855337750362
NIU,2025-08-11,491286.0,14,19.200127293587585
PERI,2025-08-11,64274.0,14,5.824709035122924
PTLO,2025-08-11,244372.0,14,2.2571533754959696
RIOX,2025-08-11,75456.0,14,2.7785905357100584
RUM,2025-08-11,858650.0,14,9.162332995176115
SGML,2025-08-11,808215.0,14,6.541405935648578
SLDP,2025-08-11,598852.0,14,0.631738215803447
SLI,2025-08-11,375317.0,14,4.786303967819481
UAMY,2025-08-11,342493.0,14,1.6215570377013797
VIVO,2025-08-11,305987.0,14,4.341754370317517
VVPR,2025-08-11,305987.0,8,
WIMI,2025-08-11,107462.0,14,9.40057485628593
ZIM,2025-08-11,2550220.0,14,11.60861343335605
ALTS,2025-08-12,681333.0,14,6.11798201420161
ARCT,2025-08-12,60650.0,14,4.232653895427378
CWAN,2025-08-12,207373.0,14,2.0669754196109142
FRMM,2025-08-12,5793886.0,13,49.08329048675666
FTRE,2025-08-12,105681.0,14,2.068352625398423
GDOT,2025-08-12,274269.0,14,21.501416716130404
HNRG,2025-08-12,106109.0,14,4.376737553548175
HURA,2025-08-12,631558.0,14,87.53922616926063
ICHR,2025-08-12,108695.0,14,1.8278885342705826
LQDA,2025-08-12,729995.0,14,11.424724301181048
MSOS,2025-08-12,1791907.0,14,4.947527025158794
MSOX,2025-08-12,219280.0,14,3.346764346764347
NCNA,2025-08-12,39293.0,14,0.004760704833418472
ONDS,2025-08-12,7558605.0,14,5.047854709438626
REZI,2025-08-12,239334.0,14,3.9259446729234773
SBET,2025-08-12,3274613.0,14,1.7425236899101315
SBGI,2025-08-12,92226.0,14,4.9387194620501305
SBS,2025-08-12,147416.0,14,3.1333201755051845
TME,2025-08-12,1791430.0,14,5.164438217471273
TNDM,2025-08-12,202186.0,14,2.53748854788017
VG,2025-08-12,492668.0,14,2.266764558379765
VIVO,2025-08-12,173339.0,14,2.420392469766862
VVPR,2025-08-12,173339.0,8,
ZENA,2025-08-12,2038751.0,14,26.132329271307327
ZIP,2025-08-12,226497.0,14,17.229160101279028
ALTS,2025-08-13,1248449.0,14,7.8032730529415595
AMDL,2025-08-13,4126577.0,14,2.299841855234044
BILI,2025-08-13,295862.0,14,1.5074629473000771
BTAI,2025-08-13,847011.0,14,0.913125316775214
CRNC,2025-08-13,708311.0,14,5.596221838594606
DFDV,2025-08-13,634565.0,14,5.579581439225031
FRMM,2025-08-13,3180677.0,13,5.653361762751537
HBM,2025-08-13,2753401.0,14,16.926023648721337
LFST,2025-08-13,325757.0,14,5.958255870921384
LITS,2025-08-13,27189.0,14,1.3850940265486724
LPL,2025-08-13,84606.0,14,4.145277399621338
SAIL,2025-08-13,605061.0,14,12.694107351050343
SLAI,2025-08-13,110153.0,14,4.558140497211277
SOLT,2025-08-13,495967.0,14,4.805968269085684
SOLZ,2025-08-13,162392.0,14,5.197268647742885
SRFM,2025-08-13,702341.0,14,3.168376344609206
TGEN,2025-08-13,176782.0,14,5.136558537243426
TIGR,2025-08-13,679322.0,14,3.3948652817355653
TSHA,2025-08-13,332588.0,14,8.51844290037065
UPXI,2025-08-13,2538602.0,14,5.342511599604473
VG,2025-08-13,1457431.0,14,7.350458196049838
WBTN,2025-08-13,1184245.0,14,155.01458570974438
WYFI,2025-08-13,141769.0,3,
XFOR,2025-08-13,3642439.0,14,13.043448879157756
XPOF,2025-08-13,102513.0,14,6.346740135055653
AIRO,2025-08-14,193222.0,14,5.8092661074531735
ALTS,2025-08-14,1500588.0,14,6.026998981836292
CDXS,2025-08-14,289477.0,14,18.501746232474904
DLO,2025-08-14,1994873.0,14,40.58308218561003
ETHD,2025-08-14,1258016.0,14,4.74836160422052
JEM,2025-08-14,54256.0,13,12.21981981981982
KOD,2025-08-14,92182.0,14,5.572867771842627
MSTZ,2025-08-14,1798553.0,14,2.215942363787012
SBIT,2025-08-14,288303.0,14,9.929401171973018
SMST,2025-08-14,149429.0,14,2.2743645495857887
SNOA,2025-08-14,2051910.0,13,712.6590969810313
WULF,2025-08-14,15344907.0,14,9.011881761783853
XPON,2025-08-14,18767500.0,14,4872.415391747798
ACH,2025-08-15,153128.0,14,3.0481076154632536
AIOT,2025-08-15,104506.0,14,2.0030283282861197
AREN,2025-08-15,26625.0,14,3.0218889339278476
BHC,2025-08-15,603292.0,14,6.250439768545208
BZAI,2025-08-15,240696.0,14,3.9684244864503926
EVLV,2025-08-15,1035022.0,14,9.273577521684286
HCTI,2025-08-15,113123.0,14,0.011710053895075678
HSAI,2025-08-15,1055582.0,14,6.702554773492836
INTW,2025-08-15,282919.0,14,4.418217817364485
JOBY,2025-08-15,2758380.0,14,1.364935153481563
KULR,2025-08-15,851169.0,14,13.512549411820736
KURA,2025-08-15,143294.0,14,3.4130679256518226
MSOX,2025-08-15,79189.0,14,0.8738943755729619
MUFG,2025-08-15,94688.0,14,1.0813885097902618
NU,2025-08-15,13619000.0,14,11.826950107547052
OPEN,2025-08-15,29122315.0,14,3.4841467474523156
PPSI,2025-08-15,5886335.0,14,2853.8817703283007
REPL,2025-08-15,272596.0,14,0.34362271753697304
SVRA,2025-08-15,188504.0,14,11.230933564841413
UA,2025-08-15,4762534.0,14,25.010888051801707
UAA,2025-08-15,2692331.0,14,5.115511552050934
UNHG,2025-08-15,2215218.0,14,11.630966002743001
VIOT,2025-08-15,197280.0,14,6.676706997207885
XNET,2025-08-15,658340.0,14,51.12526209520851
APLD,2025-08-18,5222957.0,14,2.390628562109857
ARRY,2025-08-18,1008519.0,14,3.0608532290103327
BTAI,2025-08-18,1386357.0,14,1.3265206839923813
CRWU,2025-08-18,16413.0,14,1.3810176336951425
CWVX,2025-08-18,351577.0,14,2.220266626249613
GDRX,2025-08-18,2937922.0,14,36.10127795527156
KC,2025-08-18,209236.0,14,2.361203226186081
KE,2025-08-18,122182.0,14,23.653797223297747
KYIV,2025-08-18,492805.0,14,4.994176463647597
NVOX,2025-08-18,2966228.0,14,6.121690573536381
PPCB,2025-08-18,3305721.0,0,
RUN,2025-08-18,7009880.0,14,7.941072896639673
SY,2025-08-18,332289.0,14,3.7008322016949515
TGEN,2025-08-18,74313.0,14,1.6988186115624209
UNHG,2025-08-18,842077.0,14,2.4595843457223463
WBTN,2025-08-18,61353.0,14,0.5072876586119224
WULF,2025-08-18,8245930.0,14,2.558312667624487
XNET,2025-08-18,519657.0,14,8.858774879998832
YEXT,2025-08-18,218407.0,14,11.032646581273678
ALTS,2025-08-19,781945.0,14,1.8344529399896643
FMST,2025-08-19,105748.0,14,2.446988354065499
GPCR,2025-08-19,37769.0,14,1.387167352249832
INTC,2025-08-19,20383089.0,14,2.88947187998986
INTW,2025-08-19,307461.0,14,3.594833806580925
KYIV,2025-08-19,436878.0,14,3.436644251256372
KYIVW,2025-08-19,67189.0,5,
LASE,2025-08-19,9395428.0,14,2275.0794243807945
OPEN,2025-08-19,32648261.0,14,3.4477253696948966
PALU,2025-08-19,88310.0,14,8.880732099758648
SSYS,2025-08-19,386832.0,14,8.767397924245147
UA,2025-08-19,2838360.0,14,5.232527730907423
UMAC,2025-08-19,194207.0,14,1.1009346755603173
ZH,2025-08-19,129452.0,14,15.517835431115678
ALM,2025-08-20,177264.0,14,2.8995671147408824
GIBO,2025-08-20,22636.0,14,0.006641809969924655
HTZ,2025-08-20,5328980.0,14,17.882954727953038
PLTZ,2025-08-20,1335092.0,14,2.2835616758013018
PPCB,2025-08-20,925966.0,2,
RCKT,2025-08-20,5676270.0,14,77.20812966897802
SOLT,2025-08-20,39503.0,14,0.2891651813001197
AEG,2025-08-21,1200256.0,14,14.513022659669657
BLND,2025-08-21,179904.0,14,3.031730994926363
CNTN,2025-08-21,4398059.0,11,37.22027199715647
CRWG,2025-08-21,85718.0,8,
LZMH,2025-08-21,98728.0,14,5.416494893840475
MNSO,2025-08-21,472162.0,14,22.447789780387335
NCNA,2025-08-21,35499.0,14,0.0139421009475257
VELO,2025-08-21,1882117.0,1,
XPEV,2025-08-21,1844513.0,14,3.0267288644144497
ACMR,2025-08-22,527420.0,14,6.353807140232627
BHVN,2025-08-22,359430.0,14,8.390279852737168
DFDV,2025-08-22,94692.0,14,0.7220275121278519
FMFC,2025-08-22,1280852.0,14,85.9982639138671
HERE,2025-08-22,73753.0,14,1.7735207377546167
LIMN,2025-08-22,3034318.0,14,147.44832421625526
LPTH,2025-08-22,96326.0,14,10.414345398521904
MNSO,2025-08-22,663903.0,14,12.338091325304084
NIO,2025-08-22,7276633.0,14,1.6660087858520758
ZNB,2025-08-22,2077622.0,14,0.960782554627116
ACHV,2025-08-25,341390.0,14,7.2598216130169035
AEHR,2025-08-25,1153411.0,14,28.191649571828872
ASST,2025-08-25,752608.0,14,12.72791537362275
AVTR,2025-08-25,246059.0,14,1.3655102648351651
BCTX,2025-08-25,23220.0,14,0.5880852495671853
BTCZ,2025-08-25,16261.0,14,0.5265356344914678
CGTX,2025-08-25,2932042.0,14,5.854483483441938
DYN,2025-08-25,105103.0,14,4.069467145674136
ETHD,2025-08-25,1136299.0,14,2.4279337316758625
FRMM,2025-08-25,2572245.0,14,2.4972938966577467
INTW,2025-08-25,320801.0,14,2.6372908427360513
MSTZ,2025-08-25,1067173.0,14,1.0142755592088357
NIO,2025-08-25,17565571.0,14,4.0520920521154835
NTLA,2025-08-25,438466.0,14,2.2865906149018
SMST,2025-08-25,100326.0,14,1.3294060300889228
SMU,2025-08-25,54584.0,14,2.404589064156904
SSL,2025-08-25,241046.0,14,3.77575786055858
VELO,2025-08-25,1260476.0,3,
AAOI,2025-08-26,601285.0,14,1.5014073257991776
AEHR,2025-08-26,408570.0,14,3.4721616041928316
AMDL,2025-08-26,2602928.0,14,1.5076907927862848
ASST,2025-08-26,318305.0,14,2.8658145629350953
BKKT,2025-08-26,167009.0,14,2.486947420595878
CCLD,2025-08-26,246401.0,14,9.298376510481386
DJT,2025-08-26,2763061.0,14,9.735304813612114
GOOS,2025-08-26,91373.0,14,3.997293936041897
LHAI,2025-08-26,101737.0,14,12.10454839038651
LLYX,2025-08-26,402588.0,14,2.0935530062012826
MNKD,2025-08-26,270143.0,14,1.815715968786217
OPAD,2025-08-26,2440604.0,14,16.43449042119794
OTLK,2025-08-26,564253.0,14,3.2774279577494303
PACK,2025-08-26,683623.0,14,73.13990294600895
SER,2025-08-26,200388.0,13,186.28747139588103
SMMT,2025-08-26,501790.0,14,4.299383892840072
UUUU,2025-08-26,2896377.0,14,3.83317226790863
VFC,2025-08-26,570978.0,14,2.46646417472397
CRWG,2025-08-27,48176.0,12,1.187366241789659
DEVS,2025-08-27,2079244.0,14,205.6287024151791
DFDV,2025-08-27,96252.0,14,0.6226368016678464
DOMO,2025-08-27,85769.0,14,3.5384293502283777
ELAN,2025-08-27,581703.0,14,5.7835309624467985
GOOS,2025-08-27,612322.0,14,23.076509763595542
INHD,2025-08-27,509912.0,14,9.722689373200515
KSS,2025-08-27,3650324.0,14,15.507294153631783
PLAB,2025-08-27,195358.0,14,15.903544119784854
SERV,2025-08-27,1632064.0,14,5.8597219921247685
SKYA,2025-08-27,137597.0,14,1.7769272988068388
SOLT,2025-08-27,422588.0,14,3.0360031426224063
STSS,2025-08-27,115992.0,10,1.0752624377509892
VIR,2025-08-27,494319.0,14,14.796204558720087
YANG,2025-08-27,427080.0,14,4.104153767797008
CRWG,2025-08-28,349537.0,13,8.492438259491424
CURX,2025-08-28,97198.0,1,
CWVX,2025-08-28,787372.0,14,2.6149056535741195
DFDV,2025-08-28,137349.0,14,0.8954088368075362
DPRO,2025-08-28,248445.0,14,1.997255247616286
GPRE,2025-08-28,190003.0,14,2.320056308447488
MCGA,2025-08-28,193551.0,10,4.587310127107296
MCGAU,2025-08-28,20457.0,10,1.837840265923996
MTA,2025-08-28,355193.0,14,36.89030171294613
OPAD,2025-08-28,766822.0,14,2.0189351547209724
OPEN,2025-08-28,12123066.0,14,0.879440295121233
SKYA,2025-08-28,773829.0,14,8.884068286970598
SOLT,2025-08-28,755418.0,14,4.566846115945796
STSS,2025-08-28,541272.0,10,4.5390675184532325
TIC,2025-08-28,65154.0,14,1.5760114033951018
TONX,2025-08-28,39642.0,14,1.8859950793154538
TVTX,2025-08-28,262730.0,14,10.178401937046004
UPXI,2025-08-28,385002.0,14,0.7655541617523741
VELO,2025-08-28,148141.0,6,
VSCO,2025-08-28,607563.0,14,10.938957813824226
XNET,2025-08-28,172482.0,14,1.1490083950603185
AMPG,2025-08-29,118480.0,14,1.9971825220040216
CNTN,2025-08-29,249710.0,12,0.39714334373511057
DFNS,2025-08-29,6331327.0,14,141.6578549933437
IREN,2025-08-29,7592744.0,14,5.989554242053721
NEO,2025-08-29,618686.0,14,15.99663874237253
ONDS,2025-08-29,6346906.0,14,2.0725161415521174
OPEN,2025-08-29,19787397.0,14,1.3723649378548408
PRVA,2025-08-29,37556.0,14,2.049888106544403
PXLW,2025-08-29,42919.0,14,12.527959634710813
RR,2025-08-29,2998113.0,14,1.9389062453229093
S,2025-08-29,1719233.0,14,8.4976679241153
SEGG,2025-08-29,375762.0,14,18.49528008353461
SMCZ,2025-08-29,450523.0,14,4.315525657148409
SOGP,2025-08-29,667766.0,10,21.75707597118458
WOOF,2025-08-29,1807880.0,14,41.83586202108792
YDKG,2025-08-29,63157.0,14,2.1323754262590016
ASM,2025-09-02,874771.0,14,3.2528324979554912
BERZ,2025-09-02,23418.0,14,1.4254124910328037
DFNS,2025-09-02,2933307.0,14,5.906634826167184
FNGD,2025-09-02,294754.0,14,1.614914066135244
GROY,2025-09-02,608993.0,14,3.149837722012358
HMY,2025-09-02,720401.0,14,3.1287987695278203
IDYA,2025-09-02,70744.0,14,3.699157021151038
IONZ,2025-09-02,59295.0,14,1.8407164809238505
LCID,2025-09-02,1368117.0,14,0.5172866089617696
MLYS,2025-09-02,703690.0,14,59.28663416982609
MNKD,2025-09-02,1248620.0,14,10.12709942304428
MUX,2025-09-02,343994.0,14,13.543375554005713
PLTZ,2025-09-02,748516.0,14,0.9004902621694847
PMI,2025-09-02,40655.0,0,
QCLS,2025-09-02,79660.0,14,0.02656491120713444
SBSW,2025-09-02,1319738.0,14,3.5839830107205257
SMCZ,2025-09-02,408692.0,14,3.464540115046927
SOXS,2025-09-02,12716988.0,14,2.211466603907484
TECS,2025-09-02,270683.0,14,4.681818237975046
ULCC,2025-09-02,876577.0,14,7.230732065724297
UVIX,2025-09-02,3114222.0,14,4.349219982361357
UVXY,2025-09-02,3085002.0,14,4.2573978276934925
AAPU,2025-09-03,474444.0,14,2.767728386419321
ACHV,2025-09-03,202798.0,14,2.529955748506089
AIRO,2025-09-03,126151.0,14,2.001096793126461
AXG,2025-09-03,798921.0,14,51.506025594385626
GEG,2025-09-03,804363.0,10,1465.1420765027322
HELP,2025-09-03,55880.0,14,2.6817128518736886
HIMZ,2025-09-03,283788.0,14,2.343146396225046
HMY,2025-09-03,631187.0,14,2.295898122878599
LPTH,2025-09-03,654269.0,14,12.03469918395823
M,2025-09-03,4980868.0,14,31.078728864397878
QVCGA,2025-09-03,35048.0,14,2.635626769225811
SBSW,2025-09-03,902152.0,14,2.0063924317674626
SMU,2025-09-03,91946.0,14,4.069423149269255
STI,2025-09-03,2452067.0,14,1710.46028898854
TECX,2025-09-03,56878.0,14,5.589269169216947
AEO,2025-09-04,11922417.0,14,25.31391628264186
AQST,2025-09-04,649358.0,14,11.695342581359776
ASAN,2025-09-04,1315917.0,14,12.535382505016441
BRIA,2025-09-04,1049407.0,4,
HOLO,2025-09-04,402059.0,14,2.5506456337252086
HWH,2025-09-04,7496354.0,12,43.201318569225606
NEXT,2025-09-04,295911.0,14,7.266510675020522
SKYA,2025-09-04,87586.0,14,0.5739322704091185
STSS,2025-09-04,73596.0,10,0.39209982466431287
YDKG,2025-09-04,27789.0,14,0.8742135255626663
ABTC,2025-09-05,893848.0,13,1.382607687901589
AIOT,2025-09-05,227168.0,14,5.15220321410057
ASST,2025-09-05,164999.0,14,0.8348579522147542
CIFR,2025-09-05,1320181.0,14,1.0635745060695998
CIGL,2025-09-05,224110.0,13,0.32886910221149607
CNTN,2025-09-05,72030.0,12,0.10875476075739293
CRWG,2025-09-05,127769.0,14,1.2295648324576092
CSIQ,2025-09-05,401716.0,14,4.043416211987988
CWVX,2025-09-05,187829.0,14,0.40401668116786615
DFNS,2025-09-05,206523.0,14,0.28429584438409117
DLTH,2025-09-05,375958.0,9,
FBIO,2025-09-05,697888.0,14,18.12356497205533
FNGU,2025-09-05,831212.0,14,3.184451013857887
HMY,2025-09-05,695272.0,14,1.9132683076597696
HWH,2025-09-05,259529.0,12,0.3251884503964475
INHD,2025-09-05,519717.0,14,4.285684498460908
KITT,2025-09-05,42862.0,14,0.2550587291183704
NAKA,2025-09-05,143375.0,14,3.0653696082099526
OPAD,2025-09-05,824474.0,14,1.2971292903232767
OPEN,2025-09-05,27513589.0,14,1.6044619884874187
RERE,2025-09-05,102289.0,14,0.4422207166339438
SBSW,2025-09-05,559689.0,14,1.0652418028686155
SMU,2025-09-05,33968.0,14,1.0538151471301913
SOLT,2025-09-05,425471.0,14,2.4136569537062513
TSLG,2025-09-05,385215.0,14,1.8073447162661727
TSLL,2025-09-05,18428762.0,14,3.454519498445375
TSLR,2025-09-05,148189.0,14,1.8688888168230493
TSLT,2025-09-05,609477.0,14,2.927614211456314
UGP,2025-09-05,50023.0,14,1.279893708011375
UWMC,2025-09-05,526725.0,14,2.282181305001106
VNET,2025-09-05,771212.0,14,2.3313844971216593
YOOV,2025-09-05,224110.0,4,
ASX,2025-09-08,628644.0,14,3.5141722584135744
CNTA,2025-09-08,35696.0,14,2.6479168764008034
DMAC,2025-09-08,258864.0,14,42.27632868274929
DUO,2025-09-08,608183.0,14,7.04632608085775
HSAI,2025-09-08,1222582.0,14,6.271928014894784
LDI,2025-09-08,3137926.0,14,29.869587063550178
MBOT,2025-09-08,2408593.0,14,17.814811097069775
NVCR,2025-09-08,138287.0,14,6.982730886033946
OPEN,2025-09-08,25611738.0,14,1.5036308119015134
OXLC,2025-09-08,154684.0,14,0.654202168715099
PL,2025-09-08,5687975.0,14,19.354509023491314
PLCE,2025-09-08,398728.0,14,19.989443415921535
QS,2025-09-08,8540217.0,14,12.25748616992713
SBSW,2025-09-08,517653.0,14,0.9651699921783741
SOLT,2025-09-08,411717.0,14,2.0542871378380516
XMAX,2025-09-08,153377.0,14,11.295458729833088
XRPT,2025-09-08,153702.0,14,5.434279609973407
XWIN,2025-09-08,153377.0,10,8.97855127439617
ABTC,2025-09-09,837337.0,13,1.1165235392054773
APLD,2025-09-09,2029771.0,14,1.5725469180413618
CIFR,2025-09-09,1972915.0,14,1.5781428032227909
CRWG,2025-09-09,476246.0,14,4.114520073534358
CRWU,2025-09-09,27505.0,14,1.3896577732707318
CWVX,2025-09-09,408152.0,14,1.022453572360947
DC,2025-09-09,96517.0,14,4.7928478193013815
ERO,2025-09-09,210470.0,14,11.617952630479095
GLXY,2025-09-09,736644.0,14,3.6434967763953496
GP,2025-09-09,72526.0,14,7.910221952150575
IREN,2025-09-09,2832935.0,14,1.447403210672506
MAX,2025-09-09,99101.0,14,15.28005815042016
OPAD,2025-09-09,729815.0,14,0.996730538951363
RZLV,2025-09-09,2795530.0,14,4.190611063278651
STIM,2025-09-09,104828.0,14,2.585504815696334
TGEN,2025-09-09,63617.0,14,3.6450168614739873
UNHG,2025-09-09,344928.0,14,1.7152039281041016
WYFI,2025-09-09,211482.0,14,12.695031751000123
ZONE,2025-09-09,726911.0,14,25.95322848421015
ABTC,2025-09-10,774028.0,13,0.9639650850719668
AMDL,2025-09-10,3462890.0,14,2.660414970311521
AMLX,2025-09-10,282717.0,14,8.88795623880034
ASST,2025-09-10,3553690.0,14,16.2871723891388
ASTX,2025-09-10,87580.0,14,2.330499373715832
CORZ,2025-09-10,1973030.0,14,5.8320992408800665
CORZW,2025-09-10,48374.0,11,6.31147327094379
CRWG,2025-09-10,565208.0,14,3.987870449465666
CRWU,2025-09-10,114717.0,14,5.956672353682961
CWD,2025-09-10,334602.0,14,0.28340984215925497
CWVX,2025-09-10,1837994.0,14,4.824213536451409
DUO,2025-09-10,377697.0,14,2.635628166026255
GME,2025-09-10,4164352.0,14,22.095142518980484
GMEU,2025-09-10,111424.0,14,14.74670548864646
GVH,2025-09-10,44424.0,14,16.100235574309455
HIMZ,2025-09-10,339738.0,14,1.8378486152761857
HYPD,2025-09-10,147836.0,14,6.211969505972748
IMRX,2025-09-10,216014.0,14,3.9451163433855094
JOBY,2025-09-10,3432035.0,14,4.369532569909716
KURA,2025-09-10,238537.0,14,3.9177000016423866
LDI,2025-09-10,1391748.0,14,3.101169133450816
MIMI,2025-09-10,196307.0,14,8.326661819063201
MULL,2025-09-10,24613.0,14,2.238403024535374
MUU,2025-09-10,150354.0,14,3.4933782088303826
NVDX,2025-09-10,1549618.0,14,1.966685740062253
PTNM,2025-09-10,557075.0,13,3.981104257245531
SEI,2025-09-10,199873.0,14,9.953799253702144
SMCL,2025-09-10,52541.0,14,0.9035359031870542
SMU,2025-09-10,44338.0,14,1.2774523886942957
SOC,2025-09-10,166357.0,14,1.983329458641712
SOLT,2025-09-10,953762.0,14,4.039568363823712
STKE,2025-09-10,84776.0,1,
TVTX,2025-09-10,643123.0,14,13.017291382934735
ZGM,2025-09-10,83113.0,0,
ZTG,2025-09-10,83113.0,0,
DC,2025-09-11,184285.0,14,6.303559081435947
DPU,2025-09-11,31530.0,14,0.03690991237094136
DUO,2025-09-11,112711.0,14,0.6625746520436908
FCHL,2025-09-11,121782.0,4,
KALV,2025-09-11,255774.0,14,12.881724453014268
KC,2025-09-11,283457.0,14,1.780448082351822
MIMI,2025-09-11,239405.0,14,6.526307385851395
MOGU,2025-09-11,4181505.0,4,
MULL,2025-09-11,260987.0,14,21.708471716385542
OPAD,2025-09-11,792180.0,14,1.002898230948766
OPEN,2025-09-11,38240349.0,14,2.283042273615744
PACS,2025-09-11,214490.0,14,9.718748381751332
PTNM,2025-09-11,192668.0,13,1.0549262637757901
RCAT,2025-09-11,1843638.0,14,7.0906972093166365
RZLV,2025-09-11,2636196.0,14,2.871689067065341
SKYA,2025-09-11,122481.0,14,0.7396313692031835
STSS,2025-09-11,82055.0,13,0.526054807166909
VNCE,2025-09-11,2764873.0,10,1395.6251577406492
VNET,2025-09-11,680639.0,14,1.8256350579094953
WAI,2025-09-11,31530.0,3,
WLDS,2025-09-11,2750826.0,14,26.77221530910886
ADBG,2025-09-12,448767.0,13,28.990116279069767
AISP,2025-09-12,262675.0,14,9.812525515581516
ANGX,2025-09-12,90845.0,0,
ASST,2025-09-12,338871.0,14,0.6927842259599174
BBAI,2025-09-12,10608719.0,14,5.8470811908211235
BGSF,2025-09-12,96934.0,11,144.2275125118355
CAMP,2025-09-12,189708.0,14,2.73979351835805
CNTN,2025-09-12,106946.0,14,0.5662916588658236
DFDV,2025-09-12,174395.0,14,1.3089629216615555
DUO,2025-09-12,132002.0,14,0.7421125632773893
GALT,2025-09-12,95546.0,14,9.961083351329616
HCWB,2025-09-12,401945.0,13,1.4433607782508306
HIVE,2025-09-12,1430523.0,14,2.042383857156377
HOUR,2025-09-12,73586.0,12,0.1572692913716787
HUIZ,2025-09-12,148185.0,3,
JOBY,2025-09-12,4785264.0,14,4.907778630737175
ORBS,2025-09-12,225053.0,13,1.1468190224425685
SHO,2025-09-12,399602.0,14,15.766013510276434
SMCL,2025-09-12,121038.0,14,1.9289099957654707
SMMT,2025-09-12,431051.0,14,1.4646752611298752
SOLZ,2025-09-12,86127.0,14,1.0686612774714683
STKE,2025-09-12,36358.0,3,
UPXI,2025-09-12,449684.0,14,1.5461225468141246
WBD,2025-09-12,11475709.0,14,17.985254905226977
WLDS,2025-09-12,2295376.0,14,7.676870318455513
ZONE,2025-09-12,167219.0,14,1.794235156973906
ACHR,2025-09-15,4769063.0,14,3.7750916224786364
ANGX,2025-09-15,61200.0,1,
AZIO,2025-09-15,312663.0,13,28.35431214292192
BDSX,2025-09-15,18860.0,14,0.06516923540177287
BILI,2025-09-15,803947.0,14,2.4601619188779384
CCUP,2025-09-15,19869.0,14,1.647971183639132
CRCA,2025-09-15,183788.0,14,2.018374589348637
CRCG,2025-09-15,70136.0,14,1.0655693051309683
CRWG,2025-09-15,854654.0,14,4.577138019664797
CRWU,2025-09-15,140442.0,14,5.106822644489003
CWVX,2025-09-15,1835339.0,14,3.47133368756283
ETHD,2025-09-15,1206236.0,14,1.8518171595125292
EVTV,2025-09-15,312663.0,6,
FTHM,2025-09-15,39361.0,14,0.8018281636733227
HITI,2025-09-15,77280.0,14,2.1730799358873933
HIVE,2025-09-15,4328920.0,14,5.537388111052056
IHT,2025-09-15,219624.0,3,
LDI,2025-09-15,2391938.0,14,3.2462073847897557
LPTH,2025-09-15,280517.0,14,2.6104421995248708
NVOX,2025-09-15,635113.0,14,2.570273785183577
OPEN,2025-09-15,19800417.0,14,0.9822311361796983
QMCO,2025-09-15,163740.0,14,3.7072328203535876
RDW,2025-09-15,736460.0,14,5.64379485489607
RZLV,2025-09-15,2825740.0,14,2.391483928267984
SGML,2025-09-15,207841.0,14,1.9539464053323377
SMU,2025-09-15,116984.0,14,3.031621658142535
TSL,2025-09-15,67181.0,14,12.42038956751403
TSLG,2025-09-15,665967.0,14,2.768647052168302
TSLL,2025-09-15,17906041.0,14,2.4636630240636657
TSLT,2025-09-15,521647.0,14,2.0182037604118506
TSLY,2025-09-15,853353.0,14,2.1653311883515602
ZIM,2025-09-15,1160229.0,14,5.088916591136444
AMKR,2025-09-16,428284.0,14,10.800329991389964
ANGX,2025-09-16,39549.0,2,
BLNE,2025-09-16,345238.0,14,1.8813862213203676
BORR,2025-09-16,427280.0,14,2.9153816462038127
CCUP,2025-09-16,73924.0,14,6.166426349845681
CRCA,2025-09-16,307728.0,14,3.186468909274741
CRCG,2025-09-16,117257.0,14,1.7218445659983532
DFNS,2025-09-16,1521955.0,14,2.004501701308562
HERE,2025-09-16,117187.0,14,2.0635769952555605
JMIA,2025-09-16,1285257.0,14,6.148197629641576
LPL,2025-09-16,83108.0,14,3.0821591580375047
NB,2025-09-16,394754.0,14,2.0408761959767836
NVOX,2025-09-16,861552.0,14,3.130514405310834
NXTT,2025-09-16,30077.0,14,0.009065581834509761
ORN,2025-09-16,73870.0,14,13.33943865442163
RZLV,2025-09-16,4128298.0,14,3.079762991745635
STEX,2025-09-16,32246.0,14,1.1120049855532266
TMC,2025-09-16,1244138.0,14,2.853186299803595
USAR,2025-09-16,1441796.0,14,7.089088325512036
WBTN,2025-09-16,530315.0,14,25.983187454285204
WOLF,2025-09-16,6516276.0,14,3.39192787037602
CWD,2025-09-17,2138860.0,14,1.7456505848102368
GOSS,2025-09-17,86679.0,14,0.408238195969513
KC,2025-09-17,259440.0,14,1.4954834847347591
LPTH,2025-09-17,224677.0,14,1.8746806971202843
LYFT,2025-09-17,18000001.0,14,19.919614400552437
NTLA,2025-09-17,573650.0,14,2.531152868887851
ROIV,2025-09-17,2683823.0,14,23.491805523339238
SPRC,2025-09-17,4445916.0,14,111.70943941419816
SQNS,2025-09-17,107084.0,14,0.5899092889771528
VTEX,2025-09-17,279235.0,14,11.37420060634627
AMDD,2025-09-18,42780.0,14,1.7812541823427068
BAIG,2025-09-18,36748.0,14,2.6920625618109226
BITF,2025-09-18,13715402.0,8,
CCUP,2025-09-18,22945.0,14,1.3228051391862954
CRCA,2025-09-18,129120.0,14,1.0866204210197286
CRCG,2025-09-18,142105.0,14,1.8340997426044887
CYRX,2025-09-18,69461.0,14,6.12878300876032
DFNS,2025-09-18,75928.0,14,0.09006612326645767
DNUT,2025-09-18,554040.0,14,6.3517706452445
FCEL,2025-09-18,506911.0,14,3.144935268899735
FOLD,2025-09-18,363614.0,14,6.473669619535222
KEEL,2025-09-18,15287243.0,14,4.396763861656389
LAES,2025-09-18,1315203.0,14,4.2506351883495626
LASE,2025-09-18,6460605.0,14,133.13580228741333
MLGO,2025-09-18,296769.0,14,14.94138547349418
MRAL,2025-09-18,19969.0,14,0.7269573809709546
MVLL,2025-09-18,107570.0,14,0.9134292871396426
NTLA,2025-09-18,680687.0,14,2.673031148091862
NUTR,2025-09-18,875635.0,14,24.199603611713194
NVOX,2025-09-18,848600.0,14,2.737136181072511
QMCO,2025-09-18,108599.0,14,2.0536792724256845
QUBX,2025-09-18,76014.0,14,7.3461222517516305
RGTIW,2025-09-18,57388.0,14,2.490366255858358
RR,2025-09-18,2468585.0,14,1.1925528520403739
SLDE,2025-09-18,94122.0,14,3.7829842819206205
SMU,2025-09-18,56058.0,14,1.1345181407370786
STM,2025-09-18,346479.0,14,1.7892648667191686
TURB,2025-09-18,303464.0,9,
UPXI,2025-09-18,273861.0,14,0.9857563555193094
XRPT,2025-09-18,32969.0,14,0.6880705771512734
AGMH,2025-09-19,6958434.0,14,1093.1603303559405
AQST,2025-09-19,1210972.0,14,8.962134976447024
ASST,2025-09-19,1057955.0,14,2.0041364472829617
BIAF,2025-09-19,19106.0,14,0.044687327870405344
CCUP,2025-09-19,49323.0,14,2.6617711682124106
CDLX,2025-09-19,2410157.0,14,37.76284597366174
CRCA,2025-09-19,174008.0,14,1.4790337181113196
CRCG,2025-09-19,120220.0,14,1.4047193991458577
NTSK,2025-09-19,647673.0,0,
ORBS,2025-09-19,333943.0,13,1.1791919933810557
SMU,2025-09-19,161226.0,14,3.0938702779757663
TIC,2025-09-19,1263513.0,14,73.36956494688859
WLDS,2025-09-19,1345831.0,14,2.592499273158718
AIXC,2025-09-22,1866983.0,14,782.0292014481047
ALM,2025-09-22,134942.0,14,2.3831267699798797
ANGX,2025-09-22,92531.0,6,
ARBB,2025-09-22,98847.0,5,
ASTX,2025-09-22,113504.0,14,1.967021064580138
AVX,2025-09-22,6678900.0,14,2370.926517571885
AXTI,2025-09-22,366593.0,14,4.2809924111112405
BBAR,2025-09-22,58919.0,14,1.7430146584932413
BKKT,2025-09-22,953501.0,14,27.740458967064345
BOXL,2025-09-22,9409912.0,14,1170.6990846885274
CEPU,2025-09-22,43033.0,14,3.699717514124294
DGNX,2025-09-22,102789.0,14,4.932073906769989
EOSE,2025-09-22,2241914.0,14,3.1504212198865167
ETHD,2025-09-22,1188653.0,14,2.048622894227281
GPCR,2025-09-22,50092.0,14,4.093343606266489
IONZ,2025-09-22,2439713.0,14,10.40552252164975
IRS,2025-09-22,26934.0,14,3.6335568917668826
LASE,2025-09-22,731883.0,14,1.3950340665739671
LOMA,2025-09-22,90999.0,14,5.488882091140572
MBX,2025-09-22,652925.0,14,72.64292639509195
PLTS,2025-09-22,51508.0,0,
QMCO,2025-09-22,957614.0,14,15.354885261523096
SLMT,2025-09-22,198802.0,8,
SNAP,2025-09-22,17060646.0,14,6.423531179154468
SRPT,2025-09-22,618324.0,14,2.405774167487208
SUPV,2025-09-22,39865.0,14,0.41608887934607897
SVM,2025-09-22,699559.0,14,1.9556420396626588
TGS,2025-09-22,16491.0,14,1.4392653870370486
UROY,2025-09-22,553167.0,14,4.809174043019861
VERI,2025-09-22,1156576.0,14,3.0318640310225575
WYFI,2025-09-22,162592.0,14,2.3356532999241724
YPF,2025-09-22,813579.0,14,5.611304283567751
BAIG,2025-09-23,59324.0,14,3.0164234504499925
BBAR,2025-09-23,326604.0,14,9.404514210260018
BKKT,2025-09-23,294033.0,14,3.014784407785122
BLDP,2025-09-23,1159096.0,14,5.240728318871874
CLSK,2025-09-23,2672825.0,14,2.3296152633346705
CPSH,2025-09-23,86054.0,14,20.589544203852135
FCHL,2025-09-23,593554.0,12,5.845706111334073
FLD,2025-09-23,832154.0,14,32.24769217567975
HOLO,2025-09-23,1769309.0,14,19.12177329147236
IMRX,2025-09-23,37819.0,14,0.7269529447947102
IMSR,2025-09-23,711618.0,14,22.4668431663502
IPDN,2025-09-23,1790752.0,14,13.45253881139369
KAZR,2025-09-23,167941.0,14,3.0731850140054195
KVUE,2025-09-23,7262188.0,14,7.090678664463946
LAES,2025-09-23,1649095.0,14,3.0369015023811987
QUBX,2025-09-23,146911.0,14,4.672678035104938
RGTIW,2025-09-23,101927.0,14,3.475246704918512
SERV,2025-09-23,2148599.0,14,3.5653304039842055
SKBL,2025-09-23,167941.0,14,3.074800662779095
UAMY,2025-09-23,1895358.0,14,6.72313881128068
VERI,2025-09-23,746906.0,14,1.659319390313008
YPF,2025-09-23,346901.0,14,1.7582718112544133
ABAT,2025-09-24,2389245.0,14,5.01260215130464
AQMS,2025-09-24,282189.0,14,86.20030110623813
BBAR,2025-09-24,150136.0,14,2.6483382871196937
BKKT,2025-09-24,440806.0,14,3.8084683453765744
CRCA,2025-09-24,101507.0,14,0.7261763142833784
CRCG,2025-09-24,67396.0,14,0.6614306143622242
CYCN,2025-09-24,414496.0,13,293.9046580124359
DBGI,2025-09-24,131868.0,14,6.449101357134124
DFDV,2025-09-24,319455.0,14,2.79284860103724
FOFO,2025-09-24,15979.0,6,
IMSR,2025-09-24,345255.0,14,4.201558904854997
LAC,2025-09-24,20062594.0,14,52.02017271264645
MVLL,2025-09-24,87598.0,14,1.818922326209157
OPEN,2025-09-24,11000336.0,14,0.5755399064640186
POET,2025-09-24,656096.0,14,8.01192541556218
RDW,2025-09-24,1330199.0,14,3.506085310890716
RGTIW,2025-09-24,48217.0,14,1.3480700717332608
SHFS,2025-09-24,1851064.0,14,827.238356689118
SLI,2025-09-24,837329.0,14,8.94049410417021
STI,2025-09-24,46100.0,14,1.7779467387321868
SUPV,2025-09-24,15485.0,14,0.13229639420773812
UAMY,2025-09-24,925975.0,14,2.2744131438101625
VNET,2025-09-24,1164703.0,14,2.7110538280580663
YPF,2025-09-24,239370.0,14,1.083889372244737
AMPY,2025-09-25,81921.0,14,5.218396662101474
BOIL,2025-09-25,529214.0,14,4.805790562379636
CAPR,2025-09-25,275894.0,14,8.005679086040226
ETHD,2025-09-25,1315512.0,14,2.439455962704758
IONZ,2025-09-25,2403581.0,14,3.1568968681080944
KOD,2025-09-25,172897.0,14,7.649826180393148
LAC,2025-09-25,10268795.0,14,5.708200944945569
PEPG,2025-09-25,5188741.0,14,222.02096660319634
SOXS,2025-09-25,11821343.0,14,1.7875099500490501
AMPY,2025-09-26,947846.0,14,44.44809025044633
AQST,2025-09-26,807632.0,14,4.295661919605799
CTMX,2025-09-26,949934.0,14,12.936051584387338
DGNX,2025-09-26,44490.0,14,1.092196492261723
DPU,2025-09-26,494430.0,14,52.30442568818432
GRRR,2025-09-26,389243.0,14,1.9223408991334054
HYPD,2025-09-26,41735.0,14,0.4687768269611862
IONR,2025-09-26,27473.0,14,7.3812466415905424
LPTH,2025-09-26,246212.0,14,3.3219529448273137
MBC,2025-09-26,76129.0,14,2.12222328419074
MIR,2025-09-26,1979898.0,14,13.665839213020096
MRM,2025-09-26,3443680.0,14,359.48431546531657
POET,2025-09-26,307536.0,14,1.853262867370121
QCLS,2025-09-26,40946.0,14,0.5810757388076495
RIOT,2025-09-26,3153522.0,14,2.191708984936394
RIOX,2025-09-26,85609.0,14,2.48259733911109
WAI,2025-09-26,494430.0,9,
ABAT,2025-09-29,1059343.0,14,1.5085837128153716
ACB,2025-09-29,1136558.0,14,28.16259880565949
ANGX,2025-09-29,66079.0,11,0.9348965769158544
ASM,2025-09-29,507498.0,14,1.6955136603337013
ASTL,2025-09-29,156705.0,14,7.811786740540021
AUID,2025-09-29,44532.0,14,9.627797081306463
BKKT,2025-09-29,235206.0,14,1.4848388241538082
BMNU,2025-09-29,232318.0,1,
BTQ,2025-09-29,367316.0,1,
CETX,2025-09-29,25168.0,14,0.35684359027073775
CUK,2025-09-29,652784.0,14,6.317538179073194
HITI,2025-09-29,120989.0,14,2.072441727159163
IBG,2025-09-29,219678.0,14,0.20323322399703267
JFB,2025-09-29,444835.0,9,
KDK,2025-09-29,62837.0,14,2.2852073711171492
LTBR,2025-09-29,339785.0,14,2.977542261221828
MOB,2025-09-29,217918.0,14,10.375847691083344
MSOS,2025-09-29,2791496.0,14,16.239838503112008
MSOX,2025-09-29,247797.0,14,12.459310656912287
NVTS,2025-09-29,3912921.0,14,3.3487263830157916
PONY,2025-09-29,780560.0,14,1.7573852914603783
PTNM,2025-09-29,103476.0,14,0.889418802831083
QUBX,2025-09-29,130943.0,14,2.242838511398922
RR,2025-09-29,3271988.0,14,1.2180438348483067
RZLV,2025-09-29,1200711.0,14,0.6692762273389058
SMU,2025-09-29,79059.0,14,1.031369943559261
SOLT,2025-09-29,357552.0,14,1.0588689962345283
STKH,2025-09-29,242825.0,14,31.22376626835787
UPXI,2025-09-29,252956.0,14,0.80199414682488
UROY,2025-09-29,345493.0,14,1.7795701792887977
USAR,2025-09-29,808370.0,14,1.9876457757886221
VFF,2025-09-29,994038.0,14,13.084267888169325
VUZI,2025-09-29,306446.0,14,1.9349374811703854
ZURA,2025-09-29,2035190.0,14,234.13941869160413
AIXC,2025-09-30,134457.0,14,0.871006744016565
BILI,2025-09-30,512421.0,14,1.5592994655614474
BTQ,2025-09-30,433512.0,2,
CRWG,2025-09-30,772893.0,14,3.6245665879370508
CWVX,2025-09-30,1635373.0,14,1.9976480419967073
DPRO,2025-09-30,5674982.0,14,35.19170704460923
EFTY,2025-09-30,200717.0,14,7.426752333052301
IBG,2025-09-30,1539546.0,14,1.407590889365408
MGN,2025-09-30,24239.0,1,
PATH,2025-09-30,7805098.0,14,17.21758279643627
QS,2025-09-30,5800859.0,14,3.0736239271774055
SPRC,2025-09-30,1857304.0,14,2.4618394499212988
TONX,2025-09-30,82812.0,14,3.332494006864081
WOLF,2025-09-30,2389260.0,13,0.8147715380752037
YAAS,2025-09-30,35737.0,14,0.008529400773786404
ZURA,2025-09-30,183688.0,14,1.1977485439357631
AES,2025-10-01,6010763.0,14,23.31892605785042
BBNX,2025-10-01,56349.0,14,3.9619218851228175
BMNU,2025-10-01,252719.0,3,
BTM,2025-10-01,190557.0,14,4.614218334085709
LAC,2025-10-01,17268831.0,14,5.361246091334249
MRAL,2025-10-01,43640.0,14,1.3318074311436636
MSTU,2025-10-01,3313735.0,14,1.893440208587305
MSTX,2025-10-01,483976.0,14,1.5267244098746293
PEPG,2025-10-01,144933.0,14,0.32116916566314263
RUN,2025-10-01,1954590.0,14,4.876924066742863
RZLV,2025-10-01,7447731.0,14,4.62952141339769
SOLT,2025-10-01,350469.0,14,1.1921458652787602
SOLZ,2025-10-01,87488.0,14,0.9311175018605898
TWG,2025-10-01,20869.0,14,4.498598835956025
UAMY,2025-10-01,2338836.0,14,4.344582769534678
UPSX,2025-10-01,216582.0,14,5.470821304849885
UPXI,2025-10-01,368869.0,14,1.2431410979972446
XRPT,2025-10-01,18759.0,14,0.3850341233130768
ABSI,2025-10-02,474388.0,14,2.4843199892269596
AMDL,2025-10-02,2201213.0,14,1.4524884879485616
ANGO,2025-10-02,247860.0,14,23.129436701393747
ANGX,2025-10-02,539799.0,14,7.801537970782891
APLD,2025-10-02,3240539.0,14,2.0612725859452223
BMNU,2025-10-02,211558.0,4,
CCUP,2025-10-02,38180.0,14,1.1470927812042628
CIGL,2025-10-02,2588538.0,14,488.2388952509262
CRCA,2025-10-02,303317.0,14,1.812935923210487
CRCG,2025-10-02,158030.0,14,1.6335767727625465
CWVX,2025-10-02,635476.0,14,0.8113122187213284
KDK,2025-10-02,283736.0,14,6.948875792228421
MRAL,2025-10-02,23830.0,14,0.6888150654809958
MST,2025-10-02,81934.0,14,2.5778610788993466
MSTU,2025-10-02,5362718.0,14,2.8136569487549616
MSTX,2025-10-02,864544.0,14,2.563085151168375
NVTS,2025-10-02,6526952.0,14,4.853364048480459
ONDS,2025-10-02,1931674.0,14,0.7513696653870833
OSG,2025-10-02,101670.0,14,7.026608086093696
POET,2025-10-02,467455.0,14,2.345892804782139
RZLV,2025-10-02,2448019.0,14,1.2538328089558792
SHLS,2025-10-02,595790.0,14,4.20124107223806
SLMT,2025-10-02,160416.0,13,1.342765839766295
SOLT,2025-10-02,213140.0,14,0.7336936610870123
STLA,2025-10-02,2297326.0,14,3.445233509508986
TSHA,2025-10-02,8291717.0,14,137.14708773422177
VERI,2025-10-02,270252.0,14,0.5864124732970024
VNET,2025-10-02,1149683.0,14,2.211425505590885
YOOV,2025-10-02,2588538.0,2,
AREB,2025-10-03,51249.0,14,0.7244281953964844
BTQ,2025-10-03,154459.0,5,
CLPT,2025-10-03,298305.0,14,3.8294623969454307
DGNX,2025-10-03,70118.0,14,1.3904931343080624
DPRO,2025-10-03,601503.0,14,0.973943751645929
ESPR,2025-10-03,501101.0,14,1.9074608449811181
KDK,2025-10-03,465924.0,14,7.641426944758138
KULR,2025-10-03,270694.0,14,5.18490000191541
NB,2025-10-03,1136540.0,14,2.379705421053647
NBP,2025-10-03,200937.0,14,4.476963622416663
PLUG,2025-10-03,33997779.0,14,4.770811108813644
QCLS,2025-10-03,629703.0,14,8.23366429844953
QMCO,2025-10-03,318558.0,14,1.9631951423398488
QUBT,2025-10-03,4798540.0,14,2.494776457949781
QUBX,2025-10-03,150184.0,14,1.9638129751741915
RCAT,2025-10-03,1537597.0,14,1.574571193228769
RGTIW,2025-10-03,54437.0,14,1.190578700376802
RUM,2025-10-03,1130203.0,14,8.408180508534471
RZLV,2025-10-03,4727707.0,14,2.3851415699811014
UMAC,2025-10-03,1039557.0,14,5.1004680692389215
USAR,2025-10-03,2783875.0,14,5.336372511299361
VERI,2025-10-03,613610.0,14,1.3980028205659814
ABAT,2025-10-06,1800593.0,14,1.9927832828292251
ABVE,2025-10-06,413033.0,14,3.088379232495998
AEVA,2025-10-06,126146.0,14,1.3205913649235443
AI,2025-10-06,1058045.0,14,3.0166826944030003
AISP,2025-10-06,395999.0,14,7.180268716795706
AMDL,2025-10-06,9711004.0,14,6.1714600616991415
ARCX,2025-10-06,56187.0,14,3.3208708537558422
AREC,2025-10-06,635329.0,14,2.1204219385543874
ARRY,2025-10-06,266615.0,14,1.6889309393527636
ARX,2025-10-06,56734.0,14,3.045840459555017
ASPN,2025-10-06,376406.0,14,6.394991462720546
ATLX,2025-10-06,165148.0,14,2.682961981338213
BITF,2025-10-06,4200203.0,7,
BLDP,2025-10-06,1478261.0,14,3.771831369928874
BTDR,2025-10-06,485086.0,14,2.236339507697374
BTQ,2025-10-06,131139.0,6,
BTTC,2025-10-06,71365.0,7,
BZAI,2025-10-06,194385.0,14,1.821215830327966
CCUP,2025-10-06,57163.0,14,1.5816099859286312
CIFR,2025-10-06,2696141.0,14,0.98897418525643
CLSK,2025-10-06,2197039.0,14,1.2092820004765803
CRCA,2025-10-06,264342.0,14,1.4401735311995802
CRCG,2025-10-06,100164.0,14,1.071306282320531
CRML,2025-10-06,5710751.0,14,24.547641307688504
DGNX,2025-10-06,70366.0,14,1.290087872081298
DPRO,2025-10-06,455626.0,14,0.6981567934953327
EGAN,2025-10-06,79765.0,14,11.183315807921486
EOSE,2025-10-06,2098192.0,14,2.2672505056311767
FCEL,2025-10-06,535618.0,14,1.9062621546058236
FNUC,2025-10-06,359709.0,14,5.417502361317001
GPRE,2025-10-06,63905.0,14,1.1617250253855884
HIVE,2025-10-06,2081952.0,14,1.5736724383717136
IMSR,2025-10-06,230209.0,14,1.4735801091836829
INFQ,2025-10-06,444989.0,14,3.8508253517905544
KDK,2025-10-06,181766.0,14,1.9582783750298198
KEEL,2025-10-06,4925845.0,14,1.0081002417987643
KITT,2025-10-06,29113.0,14,0.857428358654813
KOPN,2025-10-06,1796288.0,14,6.759989236932375
KSCP,2025-10-06,168788.0,14,6.2300472454230995
KULR,2025-10-06,423808.0,14,6.117175957762466
LAR,2025-10-06,460175.0,14,3.2663363716285616
LITM,2025-10-06,359709.0,12,4.872719144958752
LODE,2025-10-06,61270.0,14,1.2221264470169189
LTBR,2025-10-06,330108.0,14,2.3997706943661226
MBLY,2025-10-06,382564.0,14,2.0679342726992624
MBOT,2025-10-06,1158866.0,14,4.389868421301847
MLTX,2025-10-06,696371.0,14,1.1807313897412726
MRAL,2025-10-06,75935.0,14,2.010374393440267
MST,2025-10-06,133365.0,14,3.784961189709242
MSTU,2025-10-06,3568705.0,14,1.597734691438004
MSTX,2025-10-06,765618.0,14,2.0647046552039314
NAGE,2025-10-06,132825.0,14,2.9946518035870437
NB,2025-10-06,1065727.0,14,1.9990214022699877
NTLA,2025-10-06,294692.0,14,0.7796436762733615
NVNI,2025-10-06,61873.0,14,0.08226468098078814
ONDS,2025-10-06,6724612.0,14,2.7180820222149547
ORBS,2025-10-06,221380.0,14,1.3859669128415648
ORIC,2025-10-06,73311.0,14,2.8553933296980896
PATH,2025-10-06,5389797.0,14,4.318788381415003
PLUG,2025-10-06,24494457.0,14,2.638424818771327
PPTA,2025-10-06,431014.0,14,2.9298741807033704
RCAT,2025-10-06,1412729.0,14,1.3730608789053171
RDW,2025-10-06,785452.0,14,1.356744246532176
RIOT,2025-10-06,1441445.0,14,0.9338404272775659
RR,2025-10-06,5564283.0,14,1.8944130958239114
SERV,2025-10-06,854996.0,14,1.2417121807659233
SLAI,2025-10-06,26012.0,14,2.021684218707496
SLI,2025-10-06,410106.0,14,1.675618695071277
SMCL,2025-10-06,147923.0,14,2.263532796229562
SMU,2025-10-06,98521.0,14,1.1248707367596928
SOPA,2025-10-06,4899911.0,14,1048.1413335778022
SPWH,2025-10-06,113042.0,14,8.49871385226754
SRFM,2025-10-06,432279.0,14,2.834661535593541
STEX,2025-10-06,446863.0,14,13.82599279095311
STOK,2025-10-06,77253.0,14,3.2106763087116827
TSLL,2025-10-06,13806832.0,14,1.7991095817270164
UAMY,2025-10-06,1018064.0,14,1.40768064132158
USAR,2025-10-06,1695896.0,14,2.4216329216216512
UUUU,2025-10-06,1422151.0,14,1.0357431294755253
VFF,2025-10-06,1581931.0,14,11.374462529608378
YAAS,2025-10-06,89353.0,14,0.023087397714256417
ALM,2025-10-07,264370.0,14,2.580652808563362
AMDL,2025-10-07,3943816.0,14,1.789422559560158
AMDY,2025-10-07,192967.0,14,3.352000377195551
AMTX,2025-10-07,215382.0,14,3.8945103428323447
BITF,2025-10-07,7153318.0,7,
BNC,2025-10-07,203039.0,14,4.289994400836705
BTQ,2025-10-07,770670.0,7,
CHAI,2025-10-07,36916.0,14,1.3859921532029467
DGNX,2025-10-07,86025.0,14,1.5549409900959419
GRRR,2025-10-07,241342.0,14,0.9759794058024014
HIVE,2025-10-07,3658490.0,14,2.7248809673468255
INFQ,2025-10-07,487140.0,14,3.3303285324884735
JHX,2025-10-07,1057327.0,14,10.486538833462385
KEEL,2025-10-07,9716799.0,14,1.9680546688338603
LAR,2025-10-07,878874.0,14,5.1865573621230086
LIDR,2025-10-07,1431294.0,14,15.848802132354686
ORBS,2025-10-07,410330.0,14,2.4665078036109143
OSCR,2025-10-07,1855174.0,14,2.577707413285451
POET,2025-10-07,1235339.0,14,4.876442194772388
PYPG,2025-10-07,145038.0,14,12.586748324789397
QUBT,2025-10-07,4186790.0,14,1.6974252707226194
SGML,2025-10-07,141386.0,14,1.2338708521196866
SLI,2025-10-07,282935.0,14,1.0594563221572726
SMCL,2025-10-07,69444.0,14,0.9527849046544766
TMQ,2025-10-07,15086194.0,14,917.3846508011659
TSSI,2025-10-07,217151.0,14,1.9390695749068292
VTGN,2025-10-07,26644.0,14,0.9810143726905729
ACXP,2025-10-08,399826.0,14,92.92721960289528
ALM,2025-10-08,462258.0,14,3.8696486432994917
ATON,2025-10-08,798494.0,14,223.73493445411788
BGMS,2025-10-08,33722.0,14,55.84433404305654
BIAF,2025-10-08,1400927.0,14,1.7794786764902686
BTQ,2025-10-08,1153592.0,8,
CRML,2025-10-08,2198799.0,14,2.74590534047397
DPRO,2025-10-08,548156.0,14,0.7844145452768776
FTRE,2025-10-08,29443.0,14,1.1039833733732929
GMEX,2025-10-08,27966.0,14,1.5883262136867597
HIT,2025-10-08,19019.0,14,1.058274113289137
INFQ,2025-10-08,346215.0,14,1.9318069950638785
KYTX,2025-10-08,251316.0,14,9.455536385184708
NMG,2025-10-08,61106.0,14,5.397171085006246
ORBS,2025-10-08,233024.0,14,1.2747309254523325
PL,2025-10-08,738289.0,14,1.2188982157301087
POET,2025-10-08,3872587.0,14,11.426025758612898
PUBM,2025-10-08,153113.0,14,9.697315979714904
QS,2025-10-08,6058278.0,14,2.610739950688423
SEM,2025-10-08,178286.0,14,10.252719266537412
SOPA,2025-10-08,740391.0,14,1.9280370076894746
TMQ,2025-10-08,4350296.0,14,3.979056040047617
UAMY,2025-10-08,2534250.0,14,2.995800584949284
UPC,2025-10-08,172533.0,11,48.924082285007216
AAL,2025-10-09,6348174.0,14,2.9560096081648446
AMBO,2025-10-09,93110.0,8,
BAOS,2025-10-09,262007.0,10,147.5015481619096
BJDX,2025-10-09,5323505.0,14,86.30175072112016
BULG,2025-10-09,60355.0,14,4.951450621443765
BYRN,2025-10-09,170941.0,14,9.038417089033077
CRML,2025-10-09,2715600.0,14,2.8716577806695307
CRMLW,2025-10-09,74463.0,12,3.7057945289560554
DMRA,2025-10-09,1481782.0,14,10.393265728089043
GME.WS,2025-10-09,234607.0,1,
IE,2025-10-09,504489.0,14,10.00879455378197
INFQ,2025-10-09,350273.0,14,1.8098282704403794
INMD,2025-10-09,248949.0,14,11.39444088454145
KYTX,2025-10-09,112352.0,14,2.6256908821089286
LAES,2025-10-09,2842713.0,14,2.6413763516336015
NEOG,2025-10-09,440048.0,14,4.796764717103506
NKLR,2025-10-09,103716.0,14,0.7845233181113832
NMG,2025-10-09,21313.0,14,1.3961873923785282
OMEX,2025-10-09,240746.0,14,1.6183921159634072
PATH,2025-10-09,5910102.0,14,3.0566588148266747
PLG,2025-10-09,399040.0,14,1.330895746468096
RELL,2025-10-09,165604.0,14,86.20077334919691
SERV,2025-10-09,3424637.0,14,4.649071628891259
SUGP,2025-10-09,35183.0,7,
TE,2025-10-09,294987.0,14,2.6704183494923392
TMC,2025-10-09,1824619.0,14,3.1279399897876843
TMQ,2025-10-09,2000305.0,14,1.424732867706658
UAMY,2025-10-09,1521635.0,14,1.5048053642918573
USAR,2025-10-09,953326.0,14,1.2397756273718556
UUUU,2025-10-09,2238041.0,14,1.5464320652628574
ZETA,2025-10-09,846448.0,14,2.5025763273539674
BITF,2025-10-10,10109379.0,8,
CABA,2025-10-10,616161.0,14,7.7400562586642385
CATX,2025-10-10,241452.0,14,7.7633911244112
CRML,2025-10-10,2757118.0,14,2.4476413719039436
CRMLW,2025-10-10,34550.0,13,1.4232208551049315
DPRO,2025-10-10,426992.0,14,0.5619860194662518
DPU,2025-10-10,92098.0,13,2.262653407566154
FMFC,2025-10-10,41310.0,14,4.8542075842272245
GWH,2025-10-10,4298488.0,14,202.11058867782583
HYPD,2025-10-10,87090.0,14,1.9797006239841788
INFQ,2025-10-10,688408.0,14,3.4205297543164273
KEEL,2025-10-10,11097883.0,14,2.518042925911415
LAES,2025-10-10,5302949.0,14,4.250779873478508
LFS,2025-10-10,151650.0,0,
MVLL,2025-10-10,33662.0,14,1.0639953219859886
NB,2025-10-10,994904.0,14,1.6256383113438602
NMG,2025-10-10,77269.0,14,4.63253324197589
OLOX,2025-10-10,2193366.0,14,121.85608444611995
ORBS,2025-10-10,635283.0,14,4.169064881408019
PDYN,2025-10-10,128712.0,14,0.9364526108627315
PLG,2025-10-10,191178.0,14,0.587644219168566
QTTB,2025-10-10,132555.0,14,6.585976094486401
SHPH,2025-10-10,73118.0,13,29.400080418174507
SLI,2025-10-10,175907.0,14,0.548750409162203
TALK,2025-10-10,328182.0,14,8.89967845659164
TE,2025-10-10,1243186.0,14,10.7081269180319
TRON,2025-10-10,378156.0,14,1.95913781689174
UAMY,2025-10-10,1495223.0,14,1.4018216275581272
UUUU,2025-10-10,1787699.0,14,1.1536537713825687
WAI,2025-10-10,92098.0,6,
WKEY,2025-10-10,91533.0,14,10.488913262341107
WULF,2025-10-10,3978400.0,14,2.1478265815597095
YDDL,2025-10-10,393468.0,0,
YHGJ,2025-10-10,50363.0,13,32.2807908490287
ZBIO,2025-10-10,26797.0,14,2.6961464936110273
ABAT,2025-10-13,2581908.0,14,2.403154981295903
ACON,2025-10-13,111778.0,11,132.0969058874087
AEC,2025-10-13,65621.0,14,6.589257152693602
AG,2025-10-13,1315827.0,14,0.7174307337511575
ALM,2025-10-13,265838.0,14,1.6251473196019892
AMDL,2025-10-13,2791144.0,14,1.2436489145797247
AMPX,2025-10-13,1416364.0,14,3.353544475895575
ARAI,2025-10-13,21357.0,14,0.6269826624504072
AREC,2025-10-13,1606677.0,14,4.516988500027411
ASPI,2025-10-13,1568477.0,14,6.785761897507196
ATLX,2025-10-13,147764.0,14,2.27038073152342
AXTI,2025-10-13,288631.0,14,2.3150539112898603
BABO,2025-10-13,24184.0,14,0.9570593073972418
BAIG,2025-10-13,159854.0,14,3.9922864227482746
BBAI,2025-10-13,7984940.0,14,1.5810336315209588
BITF,2025-10-13,6715150.0,8,
BLDP,2025-10-13,310509.0,14,0.7085792655862952
BMNU,2025-10-13,534474.0,11,2.5965369579004456
BNC,2025-10-13,54164.0,14,0.7362833370715711
BRUN,2025-10-13,27280.0,14,2.029039404548763
BTQ,2025-10-13,470642.0,11,0.9367219935781845
BW,2025-10-13,66150.0,14,0.7706749085026388
BZ,2025-10-13,156860.0,14,1.7833757648845416
CATX,2025-10-13,193271.0,14,4.154444719108369
CCUP,2025-10-13,64263.0,14,1.5468526755395695
CDE,2025-10-13,796997.0,14,1.1845391055432775
CHAU,2025-10-13,67872.0,14,4.625413762218154
CIFR,2025-10-13,1968634.0,14,0.595538714090843
CODI,2025-10-13,265544.0,14,19.020122072885595
CRCA,2025-10-13,201654.0,14,1.0161612176847634
CRCG,2025-10-13,112263.0,14,1.2854212569252585
CRML,2025-10-13,1862802.0,14,1.4264280195074182
CRMLW,2025-10-13,40343.0,13,1.5068972155419365
CRWU,2025-10-13,28050.0,14,0.7627405050752252
CSIQ,2025-10-13,82519.0,14,0.8276670893602998
CWVX,2025-10-13,296693.0,14,0.5540688767428443
DGNX,2025-10-13,139559.0,14,1.764800033239726
DGXX,2025-10-13,102443.0,14,1.4368731471806089
DNN,2025-10-13,3275131.0,14,1.207156485110485
DPRO,2025-10-13,222595.0,14,0.2915131419122977
DQ,2025-10-13,83202.0,14,2.5647344282219695
ELBM,2025-10-13,6934086.0,14,22.688263673823677
EOSE,2025-10-13,4060318.0,14,4.1168097455012855
ERO,2025-10-13,27797.0,14,0.4741417437189542
FCEL,2025-10-13,503629.0,14,1.6466701246678719
FEAM,2025-10-13,26553.0,14,2.28674245220344
FLNC,2025-10-13,477860.0,14,1.2467501294730154
FNGU,2025-10-13,515801.0,14,1.9509681470188303
FNUC,2025-10-13,30958.0,14,0.5442754706081802
FTRE,2025-10-13,38487.0,14,1.997034939531298
FWDI,2025-10-13,40765.0,14,1.847825031163491
GME.WS,2025-10-13,67002.0,3,
GWH,2025-10-13,1863693.0,14,5.683274293432555
HBM,2025-10-13,178879.0,14,0.7209233369835694
HL,2025-10-13,1138033.0,14,1.1146532281574846
HMY,2025-10-13,210370.0,14,0.9877016028964549
HOVR,2025-10-13,92281.0,14,1.0996671038889518
HSAI,2025-10-13,252882.0,14,2.062225318492207
HSDT,2025-10-13,18650.0,14,0.35839686378722946
HYPD,2025-10-13,44528.0,14,1.0446661684022134
ICHR,2025-10-13,97763.0,14,2.4341255119698233
IMSR,2025-10-13,174590.0,14,0.996959678004857
IMSRW,2025-10-13,30589.0,14,2.1130837247858523
INDI,2025-10-13,380580.0,14,3.5584258594493514
INFQ,2025-10-13,434538.0,14,1.9022385541874824
INV,2025-10-13,48827.0,11,6.467541694262147
KC,2025-10-13,195182.0,14,0.9444040077279058
KEEL,2025-10-13,8008403.0,14,1.6966453036492246
KOPN,2025-10-13,320601.0,14,0.8017749603124061
LAES,2025-10-13,2315766.0,14,1.5701064224587424
LAR,2025-10-13,276840.0,14,0.9791678982814993
LIDR,2025-10-13,369525.0,14,1.3480828057195704
LITM,2025-10-13,30958.0,11,0.47535546479132756
LPSN,2025-10-13,23706.0,14,0.09597418201850462
LPTH,2025-10-13,83152.0,14,1.2452697787856746
MEME,2025-10-13,164480.0,2,
MRAL,2025-10-13,39748.0,14,0.8892596321332118
MSOX,2025-10-13,28394.0,14,0.49944089998768726
MVLL,2025-10-13,68858.0,14,2.131327021971851
NIOBW,2025-10-13,50403.0,13,4.573296108881522
NVDX,2025-10-13,2143402.0,14,3.6442498639825898
NVNI,2025-10-13,34993.0,14,0.06472719297318437
NVX,2025-10-13,1124361.0,14,8.465262480854946
ONDS,2025-10-13,3048588.0,14,1.0172961573515016
OUST,2025-10-13,128002.0,14,1.1417870982622425
PDYN,2025-10-13,148563.0,14,1.1671799556895395
PGEN,2025-10-13,391744.0,14,1.4929406467721011
PLUG,2025-10-13,8074683.0,14,0.683290451270587
PMAX,2025-10-13,399613.0,14,23.593188460192216
POM,2025-10-13,28556.0,2,
PONY,2025-10-13,367836.0,14,0.880630738857457
PPTA,2025-10-13,673898.0,14,3.6983673133386383
QMCO,2025-10-13,129022.0,14,0.9523861747230459
QUBX,2025-10-13,121254.0,14,1.1223161990999286
RCAT,2025-10-13,567352.0,14,0.5260096689175201
RCUS,2025-10-13,67999.0,14,3.587999623103741
SBSW,2025-10-13,525774.0,14,0.9881534395781923
SERV,2025-10-13,670936.0,14,0.6766632779848639
SES,2025-10-13,1469773.0,14,1.013414449217509
SGML,2025-10-13,791165.0,14,6.6469093276763775
SLDP,2025-10-13,1866451.0,14,2.9850910601766794
SLI,2025-10-13,230346.0,14,0.7136113623931413
SMCL,2025-10-13,93398.0,14,1.3264850234645578
SMU,2025-10-13,381432.0,14,4.296694552017296
STEM,2025-10-13,19765.0,14,0.9555992222870701
STUB,2025-10-13,281377.0,14,3.264047713546375
SVIX,2025-10-13,414499.0,14,8.388666671485257
SVM,2025-10-13,590061.0,14,1.607744635582795
TAOX,2025-10-13,29738.0,14,1.6778244364023243
TE,2025-10-13,228605.0,14,1.1687897170373924
TGEN,2025-10-13,43714.0,14,2.085556066724599
TMQ,2025-10-13,1975320.0,14,1.1290892795907488
TRON,2025-10-13,133809.0,14,0.6667891095589813
TROX,2025-10-13,105444.0,14,1.3828229065382216
TSLL,2025-10-13,6637458.0,14,0.8422303542918671
UAMY,2025-10-13,2696537.0,14,2.3689071569431697
UEC,2025-10-13,1629363.0,14,1.7409504634936723
USAS,2025-10-13,266441.0,14,1.6045960714609875
UUUU,2025-10-13,3103651.0,14,1.9544702423903788
VNET,2025-10-13,346701.0,14,0.8147094427335003
VUZI,2025-10-13,128046.0,14,0.5577709374435079
VZLA,2025-10-13,309797.0,14,1.8897789644806826
WBD,2025-10-13,1056018.0,14,1.2679981220499434
WLAC,2025-10-13,27280.0,1,
WRD,2025-10-13,729229.0,14,1.6616578678213563
WULF,2025-10-13,2123222.0,14,1.0656437766378608
XNET,2025-10-13,71650.0,14,1.6237671202940942
YMM,2025-10-13,400653.0,14,1.5553942307399014
ZENA,2025-10-13,138512.0,14,1.2891587090117615
ABAT,2025-10-14,2601615.0,14,2.199116516023087
ACI,2025-10-14,1157930.0,14,9.556429197563942
AKA,2025-10-14,17081.0,9,
ALM,2025-10-14,420938.0,14,2.3927128037515986
AQMS,2025-10-14,396173.0,14,10.999829442236448
AREC,2025-10-14,2810699.0,14,6.122267718966001
CRMLW,2025-10-14,113007.0,13,3.803156761122703
ELAB,2025-10-14,468706.0,14,74.77504415702809
ERIC,2025-10-14,4253377.0,14,12.037435203597608
ETHD,2025-10-14,927112.0,14,1.756108226409662
FEAM,2025-10-14,49563.0,14,3.725300920209168
FNUC,2025-10-14,485758.0,14,8.342569034679883
GWAV,2025-10-14,519485.0,13,252.49775667389517
GWH,2025-10-14,1328795.0,14,2.9077508689351745
HIBS,2025-10-14,61715.0,14,2.1791854884068167
KOPN,2025-10-14,850703.0,14,2.149737425313232
LITM,2025-10-14,485758.0,11,7.267415259654592
MSTZ,2025-10-14,794860.0,14,0.8899461003938445
NB,2025-10-14,2094567.0,14,2.836467037608417
NMG,2025-10-14,934596.0,14,38.64133959422344
NVTS,2025-10-14,8982033.0,14,4.3036884686946895
NVX,2025-10-14,1838791.0,14,8.640781430781475
OMEX,2025-10-14,1056529.0,14,6.480662603383907
RCKT,2025-10-14,831326.0,14,9.277097408787865
SDST,2025-10-14,194586.0,14,13.731282196034154
SES,2025-10-14,3463001.0,14,2.5653099837738185
SETH,2025-10-14,139542.0,14,9.47763989016427
SOXS,2025-10-14,11682970.0,14,1.5879096122348788
TMCWW,2025-10-14,91348.0,14,3.2940752226749845
TMQ,2025-10-14,6288737.0,14,3.327412302847319
UAMY,2025-10-14,5022395.0,14,4.200973291133327
UUUU,2025-10-14,4688714.0,14,2.6454256142357293
UVIX,2025-10-14,1651704.0,14,3.2099707944144162
UVXY,2025-10-14,1365840.0,14,2.075307856932849
AAOI,2025-10-15,291833.0,14,1.1112669926942973
ABVE,2025-10-15,225280.0,14,0.8546842709715954
AEVA,2025-10-15,359546.0,14,3.4571279633026766
ALMU,2025-10-15,53735.0,14,5.22336555018608
ALOY,2025-10-15,78383.0,13,3.37418085849672
AMPX,2025-10-15,1754709.0,14,3.6086072725862537
ARAI,2025-10-15,91523.0,14,3.634739490697008
ARCX,2025-10-15,84088.0,14,2.891438901224137
ARMG,2025-10-15,36336.0,14,0.979167588979976
ATLX,2025-10-15,217091.0,14,2.5717242453063283
AVX,2025-10-15,21887.0,14,0.9892014217320984
BITF,2025-10-15,6801878.0,9,
BMNU,2025-10-15,213614.0,13,0.9016257290650694
BRUN,2025-10-15,92722.0,14,7.220536210924464
BTDR,2025-10-15,1706925.0,14,6.993682055316257
BTQ,2025-10-15,490525.0,13,0.9825246939868517
BZAI,2025-10-15,1242570.0,14,8.758775904779167
CEPU,2025-10-15,41935.0,14,3.410934231931211
COOT,2025-10-15,4958900.0,13,1123.1545202710945
CRWG,2025-10-15,89628.0,14,0.43398345954949546
CWVX,2025-10-15,300093.0,14,0.6436684719036156
DFNS,2025-10-15,351815.0,14,4.950414543861043
DGXX,2025-10-15,385148.0,14,4.515579882489297
EOSE,2025-10-15,1328071.0,14,1.0997515103769602
EU,2025-10-15,895883.0,14,5.043489694962527
EVAX,2025-10-15,168044.0,14,1.0948648368161737
FLNC,2025-10-15,1553288.0,14,4.784330756803625
FMST,2025-10-15,176143.0,14,3.9226946631671042
GIG,2025-10-15,217836.0,0,
GRO,2025-10-15,159341.0,14,8.308561553273666
HDRN,2025-10-15,217836.0,11,6.756928386929402
IMSR,2025-10-15,652872.0,14,5.394158860855114
INFQ,2025-10-15,347507.0,14,1.2869519718669764
KEEL,2025-10-15,7775989.0,14,1.3805872224153588
LABX,2025-10-15,85708.0,14,1.8950387405912323
LAES,2025-10-15,4364843.0,14,2.4072897925311136
LODE,2025-10-15,301634.0,14,5.32574112329396
LTBR,2025-10-15,412741.0,14,2.8096855427258025
LWLG,2025-10-15,174340.0,14,1.3620791355946107
LXEO,2025-10-15,27683.0,14,0.6855476074236024
NKLR,2025-10-15,214944.0,14,1.617322435150509
NUAI,2025-10-15,1532121.0,14,0.8666101146680925
NVDX,2025-10-15,774921.0,14,1.0608047821456863
OMER,2025-10-15,6083359.0,14,227.8807871887835
OMEX,2025-10-15,779420.0,14,3.4056713540938417
PFAI,2025-10-15,632794.0,5,
PLG,2025-10-15,144080.0,14,0.451872909624074
PONY,2025-10-15,531329.0,14,1.3255693398229498
PPTA,2025-10-15,690019.0,14,3.0334753312394764
QCLS,2025-10-15,53528.0,14,0.6695196453491384
QUBT,2025-10-15,3800701.0,14,1.668838338616543
RKDA,2025-10-15,296425.0,13,209.3169473112439
SHLS,2025-10-15,442596.0,14,2.4020896554611557
SKYT,2025-10-15,76744.0,14,0.7779540489718546
SLNH,2025-10-15,3333057.0,14,5.240966445449596
SMCL,2025-10-15,36160.0,14,0.49227944715804495
TE,2025-10-15,2737892.0,14,12.202117723310554
TGEN,2025-10-15,103335.0,14,4.730976385832153
THM,2025-10-15,287992.0,14,3.682297993128378
UEC,2025-10-15,1313827.0,14,1.3514970851843306
UMAC,2025-10-15,627538.0,14,2.6805156163759976
UPSX,2025-10-15,77794.0,14,1.1570683075667818
VELO,2025-10-15,166038.0,14,7.05157941677006
VERI,2025-10-15,3328241.0,14,10.391864369583875
WKEY,2025-10-15,108462.0,14,6.1648904424929665
WLAC,2025-10-15,92722.0,2,
ABVE,2025-10-16,190516.0,14,0.7154657177997052
AIRO,2025-10-16,365700.0,14,9.444487487409933
AMPX,2025-10-16,764396.0,14,1.3903244263205787
AQMS,2025-10-16,296300.0,14,4.259317063553997
ARCX,2025-10-16,49040.0,14,1.519361591948198
AREC,2025-10-16,687032.0,14,0.8633787036350518
ASMG,2025-10-16,30679.0,14,2.661622358554874
ASX,2025-10-16,601548.0,14,3.37693960046947
BTQ,2025-10-16,733304.0,14,1.4706482910407148
CRMG,2025-10-16,187571.0,14,6.516793313447059
CRML,2025-10-16,3204999.0,14,1.6022136193127827
CRMLW,2025-10-16,65876.0,13,1.4474228616241651
DFNS,2025-10-16,207597.0,14,2.188814322390861
DGXX,2025-10-16,306878.0,14,2.9318480374126423
EVLV,2025-10-16,348161.0,14,3.6660627079163723
IMSR,2025-10-16,323820.0,14,2.077056929983149
IMSRW,2025-10-16,19272.0,14,1.6289409179274787
MUX,2025-10-16,325013.0,14,2.978298562815695
MVST,2025-10-16,2190316.0,14,4.392284731392384
NUAI,2025-10-16,773609.0,14,0.4552161368847042
OLOX,2025-10-16,42677.0,14,0.2503985569806564
OMEX,2025-10-16,370627.0,14,1.3310569208301493
RGP,2025-10-16,59152.0,14,3.0035652757376274
RGTZ,2025-10-16,784414.0,4,
RYOJ,2025-10-16,1952950.0,9,
SBET,2025-10-16,1154856.0,14,1.889967498324885
SLI,2025-10-16,1281278.0,14,4.5743474923560665
SLNH,2025-10-16,1519242.0,14,1.9134975270009287
SMUP,2025-10-16,86316.0,14,8.982361205057495
SOAR,2025-10-16,152186.0,14,2.237951835703174
STI,2025-10-16,36309.0,14,0.2070905851731051
UROY,2025-10-16,1498448.0,14,8.14574710769153
VELO,2025-10-16,28028.0,14,0.8125201891777725
WLDS,2025-10-16,80100.0,14,2.4774819557393672
ZENA,2025-10-16,368564.0,14,2.6982684193214554
ACHV,2025-10-17,950533.0,14,33.43751444796221
ARTV,2025-10-17,2190294.0,12,1913.8955799898054
BTCZ,2025-10-17,53482.0,14,1.4500812435000359
DUST,2025-10-17,1022986.0,14,1.5104967885420046
GWH,2025-10-17,456389.0,14,0.7354618300774719
JDST,2025-10-17,1161228.0,14,1.6333402020487393
KZR,2025-10-17,217812.0,10,85.8812396498699
NUAI,2025-10-17,954314.0,14,0.6284367675412622
OLOX,2025-10-17,283393.0,14,1.6369372064190184
QBTZ,2025-10-17,94871.0,7,
RGTZ,2025-10-17,1921811.0,5,
ABAT,2025-10-20,3303808.0,14,2.1324008547249305
ABTC,2025-10-20,228313.0,14,1.3781197467080628
ACHR,2025-10-20,2935082.0,14,0.8581790100541561
ALM,2025-10-20,318175.0,14,1.1857884803262586
ARCX,2025-10-20,21602.0,14,0.5791920023747738
AREC,2025-10-20,701817.0,14,0.8278788170884771
AXTI,2025-10-20,482141.0,14,4.819447796254382
BAIG,2025-10-20,25689.0,14,0.5006835488855786
BITF,2025-10-20,8321765.0,11,1.0656427560119184
BMNU,2025-10-20,310319.0,14,1.0876334767917553
BOIL,2025-10-20,749246.0,14,3.579809758348327
BTBT,2025-10-20,1805437.0,14,0.8900058158559239
BTDR,2025-10-20,353265.0,14,0.822429325299017
BTQ,2025-10-20,358775.0,14,0.7760709612396369
BW,2025-10-20,257140.0,14,3.6313054284584534
BZAI,2025-10-20,443779.0,14,1.7122665234290275
CIFR,2025-10-20,1846569.0,14,0.7133984473546189
CLF,2025-10-20,5976047.0,14,11.653970452157516
CLSK,2025-10-20,2527424.0,14,1.1989494196873043
CRCG,2025-10-20,83391.0,14,0.8767195914207979
CRMD,2025-10-20,419467.0,14,6.353552773365992
CRML,2025-10-20,1612459.0,14,0.6813370384925828
CRMLW,2025-10-20,38574.0,13,0.7396838367940572
DAPP,2025-10-20,15721.0,14,0.3361594303614767
DFDV,2025-10-20,75487.0,14,0.8925315100146276
DGNX,2025-10-20,97579.0,14,1.1952675975498042
DGXX,2025-10-20,806348.0,14,6.284303814380191
DPRO,2025-10-20,269202.0,14,0.3479285031070815
EOSE,2025-10-20,923234.0,14,0.7114959547708515
FGI,2025-10-20,168750.0,14,138.02068119413448
FLNC,2025-10-20,410369.0,14,0.9965568178822053
FRMM,2025-10-20,60429.0,14,0.14553692508806557
HIMZ,2025-10-20,322962.0,14,1.7345982582154709
HIVE,2025-10-20,1871260.0,14,0.8879125640506993
HYMC,2025-10-20,124177.0,14,1.1698162722594259
KDK,2025-10-20,63642.0,14,0.5431995800663187
KEEL,2025-10-20,8321765.0,14,1.144592398290105
KOD,2025-10-20,210433.0,14,13.38370819950664
LAC,2025-10-20,3064919.0,14,0.5605518243596186
LAES,2025-10-20,5525291.0,14,2.4116876668859986
LPTH,2025-10-20,75499.0,14,1.1633153495825437
MEME,2025-10-20,77613.0,7,
MRAL,2025-10-20,64896.0,14,1.1788066409595033
MSTU,2025-10-20,2535657.0,14,0.9686208064286005
MSTX,2025-10-20,495884.0,14,1.3344605088743928
NB,2025-10-20,853439.0,14,0.9265812022019296
NUAI,2025-10-20,2641512.0,14,2.310055357122779
ONDS,2025-10-20,2365292.0,14,0.8988262387620215
PL,2025-10-20,473645.0,14,0.7548707498868724
PLUG,2025-10-20,4773543.0,14,0.4529895116815154
PRM,2025-10-20,242401.0,14,12.340010690559218
QUBX,2025-10-20,100686.0,14,0.8706515414861565
RCAT,2025-10-20,576254.0,14,0.6726395476625281
REAL,2025-10-20,164911.0,14,2.589900666894761
REKR,2025-10-20,1918684.0,14,3.6145500922894165
REPL,2025-10-20,4413413.0,14,68.96419626314263
RIOT,2025-10-20,1049358.0,14,0.9124973462380183
RXRX,2025-10-20,5649948.0,14,2.535171729017455
SENS,2025-10-20,81491.0,14,0.15786594801360979
SLNH,2025-10-20,707548.0,14,0.8285962674458708
SMCL,2025-10-20,90705.0,14,1.3688487127193076
SMU,2025-10-20,133282.0,14,0.8307106157179637
SOC,2025-10-20,538294.0,14,4.669373076918311
SOLT,2025-10-20,275998.0,14,1.0311093605607953
SOLZ,2025-10-20,113854.0,14,1.3526855878149706
SOPA,2025-10-20,65795.0,14,0.14540802030689232
SSK,2025-10-20,37559.0,14,0.8864646342039071
STKE,2025-10-20,138197.0,14,6.238377754419
SUIG,2025-10-20,145607.0,14,1.729620620050722
TE,2025-10-20,365550.0,14,0.8031292175386837
TGEN,2025-10-20,54356.0,14,1.6950004232021703
TMQ,2025-10-20,619014.0,14,0.22917938736440913
UAMY,2025-10-20,2063649.0,14,1.1511514169408135
UEC,2025-10-20,989489.0,14,1.0680401488256825
UMAC,2025-10-20,124372.0,14,0.49401395273750626
UNG,2025-10-20,2058132.0,14,7.6339317790911725
UPXI,2025-10-20,129607.0,14,0.6055708575420103
UROY,2025-10-20,262381.0,14,0.8787939249353823
USAR,2025-10-20,1267168.0,14,0.7551939305067646
UUUU,2025-10-20,1669345.0,14,0.7603201416455073
VELO,2025-10-20,57574.0,14,1.4842512507849055
XRPT,2025-10-20,53861.0,14,0.9709308164763143
XXRP,2025-10-20,75943.0,14,1.6056596678441282
ZENA,2025-10-20,90685.0,14,0.5456504491680656
BILI,2025-10-21,386914.0,14,2.18909267844788
DUST,2025-10-21,2658090.0,14,3.6123865367343932
EOSE,2025-10-21,3080177.0,14,2.3309737364302365
ETHD,2025-10-21,507224.0,14,0.7641690049905168
FNUC,2025-10-21,194565.0,14,1.642496725751871
GLL,2025-10-21,1798423.0,14,8.164852177387136
GNPX,2025-10-21,29565.0,14,0.014794866394753673
GSIT,2025-10-21,3800732.0,14,63.252537043751154
HAL,2025-10-21,3099387.0,14,8.377289271917846
IMSRW,2025-10-21,20828.0,14,1.4359610763109167
JDST,2025-10-21,2480642.0,14,3.1952339300489276
LITM,2025-10-21,194565.0,11,1.4436993575508683
RUN,2025-10-21,689726.0,14,1.4443056569123345
TSLQ,2025-10-21,277958.0,14,0.13205938982329332
VELO,2025-10-21,63747.0,14,1.4923996909709332
WBD,2025-10-21,8437603.0,14,10.290112918509573
ZSL,2025-10-21,395172.0,14,5.074207098963588
BCS,2025-10-22,1044694.0,14,4.736828536820764
BTCZ,2025-10-22,38380.0,14,1.2666815969070828
BYND,2025-10-22,67038703.0,14,6.272138447036565
DNUT,2025-10-22,6679563.0,14,76.56142220999604
DUST,2025-10-22,2026283.0,14,2.248649900642485
ETHD,2025-10-22,783995.0,14,1.1702877651050292
FLWS,2025-10-22,3120743.0,14,364.4693761783206
GDXD,2025-10-22,224484.0,14,0.10640755229882426
HHS,2025-10-22,28540.0,3,
JDST,2025-10-22,1427749.0,14,1.6099574267307164
MSTZ,2025-10-22,692904.0,14,0.8992826156786274
NRIX,2025-10-22,153404.0,14,4.104572515217828
PMT,2025-10-22,183953.0,14,5.91150674051817
QBTZ,2025-10-22,103544.0,10,1.471368117704902
RANI,2025-10-22,2828631.0,14,1.5757990535615949
RGTZ,2025-10-22,1094813.0,8,
SLP,2025-10-22,76410.0,14,8.183883775905993
WOK,2025-10-22,103496.0,14,0.12331539049170104
AAL,2025-10-23,7866030.0,14,3.1329798412560184
ABVE,2025-10-23,155533.0,14,0.5244918482548148
AGIG,2025-10-23,52596.0,14,9.242192991264183
AMBP,2025-10-23,127361.0,14,6.893401015228426
AMPY,2025-10-23,24962.0,14,0.3844219502482746
AVTX,2025-10-23,20570.0,14,1.8101475875593995
BIOA,2025-10-23,744493.0,14,53.75206671239305
BORR,2025-10-23,405888.0,14,3.2022270748510167
BTQ,2025-10-23,592055.0,14,1.0986299946372537
BW,2025-10-23,61489.0,14,0.7555316831535442
CRGY,2025-10-23,538364.0,14,2.7091683530608504
DOW,2025-10-23,3418672.0,14,6.572424587560219
FLNC,2025-10-23,774892.0,14,1.969051989854611
FRMM,2025-10-23,193628.0,14,0.49983939744724915
GTX,2025-10-23,471419.0,14,14.324708670748569
GUSH,2025-10-23,278304.0,14,3.333580882793316
HLX,2025-10-23,217204.0,14,7.782320167682263
HRMY,2025-10-23,136734.0,14,7.097218617687842
INFQ,2025-10-23,369909.0,14,0.9776620991566817
IRE,2025-10-23,185957.0,2,
LAES,2025-10-23,2651342.0,14,0.9229476648711367
LC,2025-10-23,872943.0,14,32.90293243446984
LTBR,2025-10-23,121799.0,14,0.8166443171586751
MUR,2025-10-23,172544.0,14,3.0117346658886777
NOK,2025-10-23,5287721.0,14,3.475439283737793
NUAI,2025-10-23,684103.0,14,0.5741413559865216
OLOX,2025-10-23,689555.0,14,3.4934923379453546
PTEN,2025-10-23,628919.0,14,2.7960459085652083
QMCO,2025-10-23,132670.0,14,1.0878061208055263
QS,2025-10-23,2468755.0,14,1.0674094617021366
QUBT,2025-10-23,4323321.0,14,1.7891161638465392
QUBX,2025-10-23,446216.0,14,3.221653222104984
RGTIW,2025-10-23,49256.0,14,1.2032650839129357
SLMT,2025-10-23,223312.0,14,13.499756031210731
SM,2025-10-23,175727.0,14,3.5352159630754727
SMX,2025-10-23,20531.0,14,0.06966181902962919
SOLT,2025-10-23,599586.0,14,2.2060913342717448
SOLZ,2025-10-23,45461.0,14,0.5809484429182605
SUIG,2025-10-23,394790.0,14,4.493767577091222
TNGX,2025-10-23,1572045.0,14,50.12133716838948
TSDD,2025-10-23,635443.0,14,1.999989658561677
TSLQ,2025-10-23,2015719.0,14,1.0762154389112448
ABVE,2025-10-24,460298.0,14,1.6209563638824138
AIXC,2025-10-24,1906679.0,14,268.4977167112595
AMDL,2025-10-24,2048504.0,14,1.0070076768604035
AMPX,2025-10-24,197207.0,14,0.3208717154905178
ARRY,2025-10-24,553919.0,14,3.0853030412741504
ARTV,2025-10-24,167138.0,14,0.9111984087053909
ATAI,2025-10-24,329299.0,14,0.9783106042681058
AXG,2025-10-24,434647.0,14,34.128582485501795
AXTI,2025-10-24,438186.0,14,3.2041630170278177
BITF,2025-10-24,9857407.0,13,1.2214899986098537
BMNU,2025-10-24,165272.0,14,0.5670774193532576
BTBT,2025-10-24,1275340.0,14,0.8262828392839069
BTDR,2025-10-24,296179.0,14,0.6491521348017683
BYND,2025-10-24,22595983.0,14,1.3157902569589601
CIFR,2025-10-24,2511629.0,14,1.1749404924759688
CRCA,2025-10-24,177636.0,14,0.9331771348892639
CRCG,2025-10-24,122905.0,14,1.3734134072772144
CRWG,2025-10-24,139795.0,14,0.8341929027132271
CWVX,2025-10-24,266199.0,14,0.8195021485954638
CYH,2025-10-24,445884.0,14,11.837770491554577
FCEL,2025-10-24,154442.0,14,0.5554275996799248
FDMT,2025-10-24,57311.0,14,2.5724801939089255
FLNC,2025-10-24,403754.0,14,0.9203318795408627
FLUX,2025-10-24,84936.0,14,2.2939246215548326
FRMI,2025-10-24,117652.0,14,0.5667775128968855
GRND,2025-10-24,248479.0,14,3.9237936895914243
HIMZ,2025-10-24,361834.0,14,1.538386036902368
HITI,2025-10-24,185662.0,14,7.196121859115625
HIVE,2025-10-24,948953.0,14,0.44295758416052466
IRE,2025-10-24,430331.0,3,
KEEL,2025-10-24,9857407.0,14,1.2074585727252671
KOD,2025-10-24,90377.0,14,2.8396138973609735
LABX,2025-10-24,78339.0,14,1.6160129900364535
LDI,2025-10-24,777725.0,14,1.95214723376408
MEME,2025-10-24,58041.0,11,0.5392090374485559
MNTN,2025-10-24,59824.0,14,10.95161880851509
MRAL,2025-10-24,57530.0,14,1.1191362827923523
NBIL,2025-10-24,58662.0,13,3.139200592763347
NKLR,2025-10-24,108284.0,14,0.8441109522345908
NUAI,2025-10-24,1061917.0,14,0.8996165922645926
ONDS,2025-10-24,4673523.0,14,1.8516848724013741
QUBX,2025-10-24,134532.0,14,0.8426660748975663
RCAT,2025-10-24,818090.0,14,1.05958168335426
SHLS,2025-10-24,187974.0,14,1.109689792056187
SLM,2025-10-24,467282.0,14,14.411894423552686
SMMT,2025-10-24,345781.0,14,2.619526097945963
SMU,2025-10-24,348824.0,14,1.6732391972622602
TMQ,2025-10-24,535487.0,14,0.18558403105826757
UPSX,2025-10-24,89976.0,14,1.6812938203979322
UPXI,2025-10-24,224729.0,14,1.2689548304245275
WU,2025-10-24,2905875.0,14,13.364277304586176
WULF,2025-10-24,2471720.0,14,1.364026996981914
XRPT,2025-10-24,124942.0,14,2.262156978631445
XXRP,2025-10-24,72028.0,14,1.5547808657441313
ABTC,2025-10-27,556562.0,14,4.37608210459867
BBAR,2025-10-27,306546.0,14,7.162337532293273
BBBY,2025-10-27,166292.0,14,3.4542287479487586
BITF,2025-10-27,7455776.0,13,0.876618434683326
BLNE,2025-10-27,80630.0,14,2.2178560973261634
BMNU,2025-10-27,272935.0,14,0.9689418471080772
BTCS,2025-10-27,146035.0,14,1.2762388691388389
BTQ,2025-10-27,373031.0,14,0.6468889358483685
CCUP,2025-10-27,33134.0,14,1.0276771610805013
CLIK,2025-10-27,220838.0,12,12.597778084132363
CRCA,2025-10-27,264929.0,14,1.438558263648634
CRCG,2025-10-27,188854.0,14,2.07274320839961
CYCU,2025-10-27,41895.0,14,0.04759016231431658
DGNX,2025-10-27,68266.0,14,0.8371200011211538
DGXX,2025-10-27,476043.0,14,1.728109265552486
DQ,2025-10-27,77451.0,14,2.59489690425593
DUST,2025-10-27,687026.0,14,0.7329542761439803
DYN,2025-10-27,1130394.0,14,29.890369665238776
ETHW,2025-10-27,19290.0,14,0.32554999698631787
FRMI,2025-10-27,740431.0,14,4.511906938198481
FRMM,2025-10-27,128755.0,14,0.3511608996694832
GDXD,2025-10-27,114294.0,14,0.05790316990359315
GME,2025-10-27,868105.0,14,3.59604908522215
GME.WS,2025-10-27,41183.0,13,0.5219080317914313
GMEU,2025-10-27,29039.0,13,3.6699266028289506
GSIT,2025-10-27,723113.0,14,1.5669724174225304
HIMZ,2025-10-27,329970.0,14,1.3659221122978762
HOLO,2025-10-27,113954.0,14,2.4798331188251166
HYPD,2025-10-27,36435.0,14,0.9534018290870825
IMSR,2025-10-27,78346.0,14,0.3731797669012896
INFQ,2025-10-27,312489.0,14,0.8317302080216216
IRE,2025-10-27,241200.0,4,
JDST,2025-10-27,904747.0,14,0.9047156580647028
KDP,2025-10-27,3840293.0,14,11.720599693142532
KEEL,2025-10-27,7455776.0,14,0.8755002044047077
KITT,2025-10-27,5086929.0,14,265.56366972066536
KYTX,2025-10-27,163300.0,14,3.6603387518472204
LABX,2025-10-27,27052.0,14,0.636308039704568
LUMN,2025-10-27,1851245.0,14,3.4648447155811684
MCW,2025-10-27,83436.0,14,2.21391991933558
MRAL,2025-10-27,55229.0,14,1.1025717443228407
MSTU,2025-10-27,2756482.0,14,1.2233450671587256
MSTX,2025-10-27,334501.0,14,1.0938851001288459
NBIL,2025-10-27,34205.0,14,1.5878073688957268
NVTS,2025-10-27,2910845.0,14,0.7535303762837825
ONDS,2025-10-27,3353733.0,14,1.4106585547242
OWLS,2025-10-27,68214.0,6,
PEPG,2025-10-27,120297.0,14,6.905031918426587
PLUG,2025-10-27,6752040.0,14,0.9861091068891895
PONY,2025-10-27,323150.0,14,1.0575033981246327
PUMP,2025-10-27,359970.0,14,9.427070667769078
QUBX,2025-10-27,111262.0,14,0.7207898727335743
RCAT,2025-10-27,1161148.0,14,1.5914562984374603
RDW,2025-10-27,301027.0,14,0.6519782066359673
REPL,2025-10-27,249519.0,14,0.5676083297044697
SBET,2025-10-27,905403.0,14,1.455778447140347
SMCL,2025-10-27,125371.0,14,1.7997024410701046
SOLT,2025-10-27,367798.0,14,1.1887198890965314
SUPV,2025-10-27,1027393.0,14,11.781663087158165
TE,2025-10-27,541930.0,14,1.0010198844482794
UMAC,2025-10-27,1475823.0,14,9.70413583662182
UPSX,2025-10-27,94646.0,14,1.6700747664493751
UPXI,2025-10-27,280033.0,14,1.8136667743018902
VELO,2025-10-27,48077.0,14,1.0037880030661945
XRPT,2025-10-27,94037.0,14,1.581743101519726
XXRP,2025-10-27,105127.0,14,2.2746145940390545
ZBIO,2025-10-27,130317.0,14,8.830646215205007
ALM,2025-10-28,334516.0,14,1.0824424354460176
ARQT,2025-10-28,632531.0,14,22.781654142301825
CRMD,2025-10-28,207378.0,14,2.611329674421617
DDD,2025-10-28,391006.0,14,1.8766979673417055
DVLT,2025-10-28,4469688.0,14,1.6085678644007566
EU,2025-10-28,174666.0,14,0.6867253774172268
FRMI,2025-10-28,520077.0,14,3.1410791460635767
FRMM,2025-10-28,122440.0,14,0.3456102920154538
GDXD,2025-10-28,143390.0,14,0.07629363422495354
HELP,2025-10-28,283639.0,14,13.626569942212399
MIR,2025-10-28,133410.0,14,2.1436023270734035
NEO,2025-10-28,394988.0,14,10.876995733649098
NEUP,2025-10-28,33215.0,14,0.1187542057876746
NOV,2025-10-28,432698.0,14,6.960884058653803
NXE,2025-10-28,1895594.0,14,4.6371944416535245
PONY,2025-10-28,689532.0,14,2.1616497730070776
PRE,2025-10-28,39280.0,14,3.392578426231531
SEV,2025-10-28,40610.0,7,
SFD,2025-10-28,65478.0,14,6.872784525416105
UEC,2025-10-28,1016042.0,14,1.081103421690732
UNHG,2025-10-28,644157.0,14,4.7370978899943745
UPWK,2025-10-28,223224.0,14,5.498157097943866
WULF,2025-10-28,6685623.0,14,3.638731042088486
XFOR,2025-10-28,64892.0,14,0.38623497341171786
ALM,2025-10-29,180467.0,14,0.6017297356001441
ASM,2025-10-29,159462.0,14,0.3110529820341861
ASX,2025-10-29,670869.0,14,2.5784470127797237
BBNX,2025-10-29,203408.0,14,14.170823463842831
BLCO,2025-10-29,32058.0,14,6.138943221764762
CGAU,2025-10-29,27527.0,14,0.38228910403936195
CLSK,2025-10-29,2091867.0,14,1.203084179632611
CRTO,2025-10-29,97541.0,14,9.86993068655724
CRWU,2025-10-29,15504.0,14,0.727823865122424
CSIQ,2025-10-29,727726.0,14,5.696912153328793
DGNX,2025-10-29,40981.0,14,0.5315058594654685
ERIC,2025-10-29,1545260.0,14,1.8193771006464303
FUBO,2025-10-29,4630977.0,14,14.774111791957306
HAYW,2025-10-29,374739.0,14,34.70379361666942
HCTI,2025-10-29,231752.0,14,4.269368581034404
IMSR,2025-10-29,202202.0,14,0.9529347528244736
JOBY,2025-10-29,2540603.0,14,2.7680509810629625
KYTX,2025-10-29,109837.0,14,2.6465016057469564
NESR,2025-10-29,276096.0,14,7.568821190030018
NGD,2025-10-29,2661580.0,14,4.020137086858934
NVDG,2025-10-29,90855.0,14,4.054759673316374
NVDQ,2025-10-29,406894.0,14,0.35636736896459004
NVDX,2025-10-29,1462059.0,14,2.3669323248644254
OPFI,2025-10-29,51820.0,14,1.627684182422321
PUMP,2025-10-29,866752.0,14,13.07388676399289
SBSW,2025-10-29,569899.0,14,1.151496879294524
SMCL,2025-10-29,170467.0,14,2.266863476485881
SOLT,2025-10-29,181782.0,14,0.541619349379498
TSLZ,2025-10-29,122096.0,14,0.030639031508169608
VNET,2025-10-29,1462393.0,14,6.6441324042874745
WKEY,2025-10-29,471432.0,14,9.163704219993946
XNCR,2025-10-29,103553.0,14,3.9055759998706887
ARBB,2025-10-30,49104.0,12,45.75262054507338
BHC,2025-10-30,237260.0,14,4.704992478561776
CMCO,2025-10-30,35205.0,14,9.144834496066498
CRML,2025-10-30,1509760.0,14,0.7482982624577391
EBS,2025-10-30,479709.0,14,20.02972281373584
GPRK,2025-10-30,306656.0,14,4.794405538177712
INDV,2025-10-30,595829.0,14,26.151530541865743
ING,2025-10-30,281319.0,14,4.065433555367688
IONZ,2025-10-30,2222006.0,14,1.2429056024374117
LLYX,2025-10-30,225282.0,14,8.004090934468914
LXU,2025-10-30,37654.0,14,4.670180816286755
MCW,2025-10-30,205619.0,14,4.748902544644698
MDXG,2025-10-30,128358.0,14,8.12554034256362
METD,2025-10-30,584557.0,14,31.355307622163814
NVA,2025-10-30,60867.0,14,0.9506893054732762
QBTZ,2025-10-30,247645.0,14,1.6024987115873937
RES,2025-10-30,130856.0,14,4.0976006906933105
RGTZ,2025-10-30,744659.0,14,0.7453376299120349
RWT,2025-10-30,97588.0,14,3.541240934562967
SIRI,2025-10-30,841982.0,14,10.801951137262304
TAL,2025-10-30,697032.0,14,3.1279442932221797
TECX,2025-10-30,225247.0,14,26.977765610697144
UAMY,2025-10-30,1686477.0,14,0.9080603560886622
VCIG,2025-10-30,1211213.0,14,57.16234838831469
VIAV,2025-10-30,1123367.0,14,13.36694915470321
VRRM,2025-10-30,94556.0,14,5.551318233855986
YANG,2025-10-30,195782.0,14,1.2953183348912736
ALHC,2025-10-31,221262.0,14,5.861943807871137
AMPL,2025-10-31,165668.0,14,9.344162698316776
AMZY,2025-10-31,89534.0,14,3.2390397684694694
ARDX,2025-10-31,2492538.0,14,26.54322764378535
ASPN,2025-10-31,157276.0,14,2.504884941094027
ASX,2025-10-31,685638.0,14,1.9970835175466428
ATEC,2025-10-31,1425384.0,14,48.14173741233689
AXTI,2025-10-31,1023416.0,14,4.438043495095108
BMNU,2025-10-31,382069.0,14,1.3290218322231577
CCC,2025-10-31,35446.0,14,0.33098136410657963
CIFR,2025-10-31,1036054.0,14,0.5710469559279765
CORZ,2025-10-31,1582591.0,14,3.1192246803700057
CORZW,2025-10-31,332788.0,14,14.389143513657084
CRCA,2025-10-31,140130.0,14,0.8280624978631749
CRCG,2025-10-31,161411.0,14,1.6261048462480021
DGNX,2025-10-31,106524.0,14,1.8609134015472921
DLHC,2025-10-31,283189.0,9,
DPU,2025-10-31,37469.0,11,12.583086551671501
DXC,2025-10-31,179085.0,14,7.374934183626945
FDMT,2025-10-31,47694.0,14,1.7027186233733778
FINV,2025-10-31,265848.0,14,2.92605980939862
FIP,2025-10-31,110064.0,14,2.733713701779784
GETY,2025-10-31,4832787.0,14,198.7761194906839
GWH,2025-10-31,25382.0,14,0.06190485813455493
HIMZ,2025-10-31,460032.0,14,1.7637587575895914
IRE,2025-10-31,220570.0,8,
LABX,2025-10-31,132095.0,14,2.960946180916913
LOCO,2025-10-31,139828.0,14,42.105996730620326
LX,2025-10-31,1194038.0,14,4.528896261612107
MRAL,2025-10-31,17256.0,14,0.36992959234611533
MST,2025-10-31,54849.0,14,1.9470367938091266
MSTU,2025-10-31,3698098.0,14,1.6356914516598091
MSTX,2025-10-31,763920.0,14,2.3707542075540458
MSTY,2025-10-31,921933.0,14,1.6648404717201626
NUAI,2025-10-31,624011.0,14,0.5466104523766216
OLMA,2025-10-31,91063.0,14,1.7203492294820932
PHAT,2025-10-31,81643.0,14,2.761855054814149
QFIN,2025-10-31,387655.0,14,4.395961058853166
SLDP,2025-10-31,1712673.0,14,2.369087377443606
SMU,2025-10-31,73032.0,14,0.2978462219671668
SOLT,2025-10-31,201202.0,14,0.5789126464684995
TALK,2025-10-31,354695.0,14,4.801439156385943
UPSX,2025-10-31,51983.0,14,0.8670604662688958
WAI,2025-10-31,37469.0,8,
WKEY,2025-10-31,172325.0,14,2.0280261095069374
WT,2025-10-31,141682.0,14,4.4024352079759055
XRPI,2025-10-31,54800.0,14,1.9660553068373725
XRPT,2025-10-31,103044.0,14,1.5462089041609772
XXRP,2025-10-31,44464.0,14,0.850562399571505
ABVE,2025-11-03,104830.0,14,0.5231599198516806
AREC,2025-11-03,3701331.0,14,4.398307549110495
AXTI,2025-11-03,555016.0,14,1.960595933331567
BBAR,2025-11-03,184519.0,14,3.2925295443190277
BITF,2025-11-03,7377163.0,11,0.9242912326329615
BTDR,2025-11-03,714567.0,14,1.8248098703782307
CHAC,2025-11-03,2037569.0,8,
CIFR,2025-11-03,6093970.0,14,3.4868646860478054
CLSK,2025-11-03,2884888.0,14,1.852156580489967
CORZ,2025-11-03,2792337.0,14,4.74410932172691
CRBU,2025-11-03,1835192.0,14,48.17038796634988
CRNC,2025-11-03,229025.0,14,3.3502849416637583
CSIQ,2025-11-03,1499662.0,14,7.545328173561536
DCX,2025-11-03,22653.0,14,0.03081299687392974
DGNX,2025-11-03,162010.0,14,2.9519043683665966
DGXX,2025-11-03,651347.0,14,1.6957281823850168
ETHD,2025-11-03,750848.0,14,1.0342278286431272
FRMI,2025-11-03,221335.0,14,1.1180439093525305
HIMZ,2025-11-03,222985.0,14,0.7885341144774954
IRE,2025-11-03,437524.0,9,
KEEL,2025-11-03,14606850.0,14,2.110225467097453
KVUE,2025-11-03,28032442.0,14,39.768594545543905
LABX,2025-11-03,77669.0,14,1.4921711398436148
LGCL,2025-11-03,75424.0,12,48.423733347600454
LQDA,2025-11-03,685371.0,14,30.081901375995788
NBIL,2025-11-03,41896.0,14,1.5768880238088196
NMG,2025-11-03,137559.0,14,1.2686742868661902
NVDX,2025-11-03,1780070.0,14,3.148046740339685
POET,2025-11-03,1458150.0,14,2.1166997397220704
PUMP,2025-11-03,432351.0,14,2.4939305117553845
RIOT,2025-11-03,3040554.0,14,3.0824959815732766
SLDP,2025-11-03,2383692.0,14,3.348159132351945
SUPV,2025-11-03,356095.0,14,2.1813102309147987
TERN,2025-11-03,2782632.0,14,44.045165776307975
VIVO,2025-11-03,87569.0,14,5.660647252478333
VVPR,2025-11-03,181524.0,7,
XNDU,2025-11-03,2037569.0,9,
AHCO,2025-11-04,157795.0,14,13.687553052411134
BTCZ,2025-11-04,268505.0,14,7.36466047568669
CMPS,2025-11-04,441126.0,14,9.13159851960722
DEC,2025-11-04,58501.0,14,4.450316515880131
DUST,2025-11-04,1248180.0,14,1.1528409585329364
ETHD,2025-11-04,1085534.0,14,1.5216166016718335
EVER,2025-11-04,108174.0,14,8.46469772849222
FWRG,2025-11-04,126804.0,14,7.840682637269451
GDXD,2025-11-04,177253.0,14,0.13243341684440232
GT,2025-11-04,2150639.0,14,9.490596541595075
HIBS,2025-11-04,237016.0,14,4.9593311482662195
HIMZ,2025-11-04,536762.0,14,1.910642072747955
HLIT,2025-11-04,64972.0,14,4.561931080139023
HTZ,2025-11-04,2878592.0,14,8.120455927094543
IHRT,2025-11-04,842296.0,14,81.16336405371364
IONZ,2025-11-04,1115100.0,14,0.7535282449043542
JDST,2025-11-04,1653449.0,14,1.4815679618662891
MSTZ,2025-11-04,2880694.0,14,3.464588528892535
PLTD,2025-11-04,2066092.0,14,7.100294932391382
PLTZ,2025-11-04,6698195.0,14,15.083265818334066
QBTZ,2025-11-04,211770.0,14,1.1825592081331011
RGTZ,2025-11-04,1132767.0,14,1.1651055018661538
SGHC,2025-11-04,406236.0,14,7.476241493222841
SHC,2025-11-04,71447.0,14,2.8902090526893685
SMCZ,2025-11-04,208808.0,14,0.7987003584068789
SOXS,2025-11-04,36659790.0,14,3.8138825078179317
TCMD,2025-11-04,269499.0,14,32.83027043959486
TECS,2025-11-04,427168.0,14,3.0683577556130195
TERN,2025-11-04,924442.0,14,3.549492513866461
TSDD,2025-11-04,1073228.0,14,2.7938548251627062
TSLQ,2025-11-04,3039043.0,14,2.9082105031763206
TSLZ,2025-11-04,988268.0,14,0.3456666278921493
UPWK,2025-11-04,740055.0,14,13.322887559842453
UVIX,2025-11-04,4894606.0,14,5.246729373690078
UVXY,2025-11-04,5135741.0,14,4.732079104155613
ACB,2025-11-05,296561.0,14,4.082661060349202
AIP,2025-11-05,133527.0,14,6.0150587387341
APPS,2025-11-05,3129140.0,14,26.49433559683674
BKKT,2025-11-05,47258.0,14,0.6015759257609125
BKSY,2025-11-05,130612.0,14,1.5914028279529933
BMNU,2025-11-05,474631.0,14,1.5133266027143997
BQ,2025-11-05,257778.0,14,12.178995076285515
BTQ,2025-11-05,134065.0,14,0.3491022786665402
BW,2025-11-05,2634232.0,14,45.39118447806458
CDNA,2025-11-05,312348.0,14,19.63394396551724
CNK,2025-11-05,203397.0,14,5.979538739692199
CRCT,2025-11-05,151087.0,14,7.790313016768624
CSIQ,2025-11-05,1356307.0,14,4.267703623557948
CWVX,2025-11-05,306703.0,14,1.2060832199955396
DAWN,2025-11-05,269359.0,14,10.535446181869993
DFDV,2025-11-05,98736.0,14,1.572347332716059
FLYW,2025-11-05,210575.0,14,8.227078013590635
FTRE,2025-11-05,147354.0,14,6.083190809261509
FWDI,2025-11-05,68296.0,14,2.182160104435782
GPRE,2025-11-05,119217.0,14,2.391278122667339
HG,2025-11-05,56288.0,14,8.030244667950639
HIMZ,2025-11-05,426464.0,14,1.3798629773536382
HSDT,2025-11-05,33687.0,14,0.5000386995673071
IAG,2025-11-05,1275912.0,14,3.5175711488859926
IMSR,2025-11-05,137392.0,14,0.7553843314208069
INFQ,2025-11-05,96394.0,14,0.38336899943723973
IRE,2025-11-05,176299.0,11,0.7884237290340625
KW,2025-11-05,195031.0,14,8.60711155943637
LOMA,2025-11-05,68936.0,14,4.381578469472996
MNKD,2025-11-05,827106.0,14,9.44118726181954
MNRO,2025-11-05,296941.0,14,18.7169877581526
MRAL,2025-11-05,30960.0,14,0.6331343832987143
NAGE,2025-11-05,117908.0,14,4.223627785112633
NBIL,2025-11-05,34703.0,14,1.0525994228319366
NVA,2025-11-05,140462.0,14,2.002097323977504
OEC,2025-11-05,48860.0,14,2.3104151748922543
OSS,2025-11-05,85026.0,14,4.36943067944059
QUBX,2025-11-05,110176.0,14,0.8713028781627479
REAL,2025-11-05,174652.0,14,2.1153565984424176
RIVN,2025-11-05,3635301.0,14,3.628104137143385
RVLV,2025-11-05,95380.0,14,9.424701622636448
SLDP,2025-11-05,1420720.0,14,1.7227127810223468
SLNH,2025-11-05,187839.0,14,0.3806024520112368
SMCZ,2025-11-05,815470.0,14,3.0294027661797207
SMU,2025-11-05,161058.0,14,0.7204153005324808
SOLT,2025-11-05,2067943.0,14,6.568304696789469
SRPU,2025-11-05,22744.0,9,
SY,2025-11-05,241083.0,14,4.423402147245696
TBLA,2025-11-05,386537.0,14,9.92687723108644
TEVA,2025-11-05,2949232.0,14,13.61336738990166
TSHA,2025-11-05,114614.0,14,0.6970388589489744
VELO,2025-11-05,41819.0,14,1.0870265914585011
XRPT,2025-11-05,153563.0,14,2.119766477651998
XXRP,2025-11-05,75468.0,14,1.5438496000654625
ZETA,2025-11-05,1737987.0,14,5.141960333152156
ACAD,2025-11-06,58844.0,14,2.147053917684834
APA,2025-11-06,873207.0,14,3.7273985132967855
AQST,2025-11-06,299932.0,14,3.1053453631119656
ARMG,2025-11-06,108054.0,14,3.8829037408173637
ARRY,2025-11-06,1032771.0,14,5.323228663890698
BGS,2025-11-06,433461.0,14,7.090839619731344
BLMN,2025-11-06,378079.0,14,9.299480132048918
BW,2025-11-06,605802.0,14,2.484364537081681
CCLD,2025-11-06,109740.0,14,5.84645242308351
CMRC,2025-11-06,130855.0,14,6.294283171793453
CPRX,2025-11-06,165446.0,14,4.100417787848746
CRK,2025-11-06,332859.0,14,3.994347943479435
CSAN,2025-11-06,1416385.0,14,24.04223950105059
CTKB,2025-11-06,66775.0,14,3.3348434690790785
DNUT,2025-11-06,1246469.0,14,1.6918292822203527
EOLS,2025-11-06,506986.0,14,25.400645590729834
EOSE,2025-11-06,2318052.0,14,1.886622090318989
EQX,2025-11-06,2465498.0,14,5.807964643016933
FA,2025-11-06,21149.0,14,1.9206284339100033
FDMT,2025-11-06,88952.0,14,2.9364710320922445
FIGG,2025-11-06,66252.0,14,4.653461770018062
FSLY,2025-11-06,1364749.0,14,27.48921091023144
FWRD,2025-11-06,73639.0,14,6.044583335776309
GPRK,2025-11-06,154681.0,14,2.303512069447857
HL,2025-11-06,2115593.0,14,2.3131065223971845
INVA,2025-11-06,64496.0,14,5.276486331708799
KVYO,2025-11-06,448727.0,14,12.88060050356349
LAC,2025-11-06,1873245.0,14,1.005382551660098
LFST,2025-11-06,300166.0,14,9.062455386698929
LSPD,2025-11-06,123107.0,14,12.342172539976941
LZ,2025-11-06,527596.0,14,23.183899459506964
MQ,2025-11-06,846313.0,14,7.672143015324365
MRNA,2025-11-06,2688842.0,14,6.2793712052744075
NUAI,2025-11-06,2519958.0,14,2.609582044947841
OSCR,2025-11-06,1062192.0,14,2.2402119169542
OSPN,2025-11-06,39693.0,14,2.2620868765239623
PENN,2025-11-06,529923.0,14,7.126185428771496
PLTK,2025-11-06,450068.0,14,12.589817774936062
RAMP,2025-11-06,29015.0,14,3.460227950321141
RXST,2025-11-06,191263.0,14,13.751801350692036
SBSW,2025-11-06,458503.0,14,0.9777568251366703
SKYT,2025-11-06,492318.0,14,4.6106873701405995
SNAP,2025-11-06,17343689.0,14,13.603715653175897
SPT,2025-11-06,99177.0,14,4.602211483006186
STGW,2025-11-06,2518364.0,14,73.40243084904836
TDUP,2025-11-06,79484.0,14,1.547986100098212
TRIP,2025-11-06,215626.0,14,3.699556361675531
TWI,2025-11-06,23174.0,14,3.138164512884005
UAMY,2025-11-06,607591.0,14,0.4831397551742879
XPEV,2025-11-06,1602235.0,14,3.7780611862497264
ZIP,2025-11-06,59009.0,14,4.855822865909211
ABX,2025-11-07,101192.0,14,4.207680038967481
AGNT,2025-11-07,153522.0,14,5.252489015097825
ALVO,2025-11-07,117977.0,14,3.5411741752622627
AMN,2025-11-07,247353.0,14,27.707969275084015
AMPH,2025-11-07,43139.0,14,5.599818267795385
AMPX,2025-11-07,422705.0,14,1.012829223794308
CALY,2025-11-07,209988.0,14,4.828000059121746
CLMT,2025-11-07,202679.0,14,17.138734363769245
CON,2025-11-07,156785.0,14,19.25125857320774
EXPI,2025-11-07,150670.0,1,
FIGS,2025-11-07,372632.0,14,14.08896534775129
FNKO,2025-11-07,303931.0,14,10.391412439312683
GCT,2025-11-07,180580.0,14,8.973460687956328
GRND,2025-11-07,324834.0,14,4.597471210682907
HLLY,2025-11-07,830611.0,14,164.09677692481375
IONZ,2025-11-07,1920584.0,14,1.290371400704152
MSGM,2025-11-07,9218813.0,9,
MSTZ,2025-11-07,1633524.0,14,1.6400394079852374
NRDS,2025-11-07,129493.0,14,13.726410951436316
NWS,2025-11-07,43796.0,14,2.3975474900093063
ORGO,2025-11-07,1670127.0,14,131.2808624126218
OS,2025-11-07,203134.0,14,8.119189416043806
PCT,2025-11-07,721340.0,14,7.025981931964838
PGNY,2025-11-07,133687.0,14,7.686663463236533
QBTZ,2025-11-07,135458.0,14,0.6845190096844173
QNST,2025-11-07,131467.0,14,12.39477955189807
RGTZ,2025-11-07,867344.0,14,0.9793859641694003
SOXS,2025-11-07,12276338.0,14,1.1051078413686397
TNDM,2025-11-07,278405.0,14,8.535018875857297
TXG,2025-11-07,546573.0,14,9.155622399862164
UVIX,2025-11-07,1460852.0,14,1.2372785124825398
ABCL,2025-11-10,348655.0,14,1.5927519746369363
ABVE,2025-11-10,81176.0,14,0.6162903190820155
AG,2025-11-10,1544507.0,14,1.2029510470182994
AIOT,2025-11-10,447250.0,14,18.58982732821889
AMDL,2025-11-10,1311206.0,14,1.3997750676806235
AMLX,2025-11-10,59053.0,14,1.379402283815079
AMPX,2025-11-10,614962.0,14,1.5273390176563142
APPS,2025-11-10,191345.0,14,0.5873974099809517
ARCX,2025-11-10,60179.0,14,2.697495269411422
ARIS,2025-11-10,220953.0,14,3.8323207445253304
ASM,2025-11-10,471965.0,14,1.1480803326621802
BITF,2025-11-10,4748401.0,10,0.8644911027928569
BKKT,2025-11-10,193065.0,14,2.583145062330126
BKSY,2025-11-10,84674.0,14,0.9055959762018988
BLZE,2025-11-10,78736.0,14,2.437479960462684
BMNU,2025-11-10,615071.0,14,1.9841320021290667
BTBT,2025-11-10,1254385.0,14,1.217968101748603
BTQ,2025-11-10,244968.0,14,0.7890650290623233
BULG,2025-11-10,90788.0,14,2.1929468599033815
BW,2025-11-10,509310.0,14,1.7556372844122354
BZAI,2025-11-10,145152.0,14,1.3229310973386803
CCUP,2025-11-10,48810.0,14,2.1070580617310597
CIFR,2025-11-10,2718598.0,14,1.2857382850911996
CLSK,2025-11-10,1216275.0,14,0.8782545295649136
CRCA,2025-11-10,383608.0,14,2.215991995131059
CRCG,2025-11-10,488946.0,14,4.172786840675937
CRWG,2025-11-10,347958.0,14,2.6700100630750914
CRWU,2025-11-10,37964.0,14,2.140772456126925
CWVX,2025-11-10,337624.0,14,1.328652572099661
DGNX,2025-11-10,50244.0,14,0.8114415969139619
DGXX,2025-11-10,489218.0,14,1.1469455709883416
DPRO,2025-11-10,183255.0,14,0.8273603555085443
EVGO,2025-11-10,650895.0,14,5.992274676418233
EXK,2025-11-10,1572264.0,14,2.5020325032287487
FLNC,2025-11-10,624148.0,14,1.4299695450744354
FNKO,2025-11-10,143805.0,14,2.9853156403332783
GROY,2025-11-10,87354.0,14,0.3613809088864783
HIMZ,2025-11-10,212485.0,14,0.6578199303656742
HIVE,2025-11-10,1315865.0,14,1.0125121060208495
HLLY,2025-11-10,202630.0,14,3.1725237758671594
HMY,2025-11-10,484214.0,14,2.045563065781533
HSAI,2025-11-10,274319.0,14,2.617768949938517
IRE,2025-11-10,455500.0,14,1.7683792057240357
KEEL,2025-11-10,4748401.0,14,0.9168612181851497
KYIV,2025-11-10,57437.0,14,2.084805965196109
LABX,2025-11-10,53315.0,14,0.9299286241999968
LTBR,2025-11-10,188883.0,14,1.5484806003815625
MPL,2025-11-10,42698.0,13,1.9474845713122892
MRAL,2025-11-10,145156.0,14,3.63057914285357
MST,2025-11-10,141574.0,14,3.0421814899972066
MSTX,2025-11-10,558243.0,14,1.3249255604748669
MVLL,2025-11-10,41701.0,14,2.1396884735202493
NBIL,2025-11-10,37692.0,14,1.0182879174699109
NKLR,2025-11-10,41816.0,14,0.5555293016882502
NTLA,2025-11-10,885312.0,14,1.1907646520757975
NVA,2025-11-10,329050.0,14,4.187185849716867
NVDX,2025-11-10,1088790.0,14,1.6389965892274383
NVTS,2025-11-10,2381455.0,14,1.10307941018264
ONDS,2025-11-10,6257618.0,14,2.699142360260205
OPEX,2025-11-10,38624.0,12,1.5543743271749229
ORCX,2025-11-10,183301.0,14,1.6848901071844786
ORLA,2025-11-10,99373.0,14,1.0397205533629332
OUST,2025-11-10,173817.0,14,1.3800139848004613
PGY,2025-11-10,2421163.0,14,14.191433713920393
POET,2025-11-10,990550.0,14,1.2931804609521549
PRME,2025-11-10,227309.0,14,1.6536331253945944
PRTH,2025-11-10,181766.0,14,11.228639003124062
PSNL,2025-11-10,268841.0,14,4.821790575165006
QUBX,2025-11-10,46627.0,14,0.37937894364277663
RR,2025-11-10,2351093.0,14,1.5762423311833134
RUM,2025-11-10,882292.0,14,8.599019947050131
RUN,2025-11-10,653350.0,14,1.9301150189785115
RXRX,2025-11-10,3112043.0,14,1.8240636082316515
SBSW,2025-11-10,623955.0,14,1.4533434134138496
SENS,2025-11-10,71148.0,14,3.163931249821327
SERV,2025-11-10,653632.0,14,1.5551212193875565
SHLS,2025-11-10,114970.0,14,0.7194425323833618
SKYT,2025-11-10,365027.0,14,2.6142019958544176
SLDP,2025-11-10,1531095.0,14,1.7156889111294031
SLMT,2025-11-10,26563.0,14,0.989632176444603
SMCL,2025-11-10,203648.0,14,2.0842616994601233
SMCX,2025-11-10,461301.0,14,3.943569379912888
SMU,2025-11-10,427111.0,14,2.061839808613892
SMUP,2025-11-10,35719.0,14,1.2290438809066198
SOC,2025-11-10,1080869.0,14,4.607603192645454
SOLT,2025-11-10,1499712.0,14,3.4549383759230774
SOUN,2025-11-10,3196125.0,14,1.9267792245137498
SPRY,2025-11-10,205011.0,14,5.538656590840673
SRFM,2025-11-10,401855.0,14,3.768163603203425
SRTA,2025-11-10,63503.0,14,2.7315551923212817
SSRM,2025-11-10,200690.0,14,0.9641121579990158
SUPV,2025-11-10,170569.0,14,0.8909918619345918
SVM,2025-11-10,454536.0,14,1.3213914314666844
TE,2025-11-10,524812.0,14,1.3093267079647342
TEMT,2025-11-10,85097.0,14,2.1991649007258203
TLS,2025-11-10,258810.0,14,8.347786419935122
TMC,2025-11-10,775139.0,14,1.6049026974833573
UEC,2025-11-10,976070.0,14,1.4107217279441102
UMAC,2025-11-10,391726.0,14,1.4735400795483644
UPSX,2025-11-10,142822.0,14,2.063741968778222
UROY,2025-11-10,277004.0,14,0.9377557300085964
USAS,2025-11-10,253395.0,14,1.2019377206710196
VERA,2025-11-10,252241.0,14,12.262353942045593
VFF,2025-11-10,502918.0,14,5.279531618243073
VG,2025-11-10,1613367.0,14,7.935337948052961
VVPR,2025-11-10,16655.0,10,0.3740469158815537
VZLA,2025-11-10,238226.0,14,1.4878836019199222
WKEY,2025-11-10,85145.0,14,0.7782561233896641
XPEV,2025-11-10,1226037.0,14,2.0067212142284445
XRPI,2025-11-10,66425.0,14,2.696687535704033
XRPT,2025-11-10,519890.0,14,6.852211341302911
XXRP,2025-11-10,372220.0,14,7.837742716621295
BAIG,2025-11-11,120630.0,14,5.367842907907367
BBAI,2025-11-11,12403604.0,14,4.992809424490303
CAPR,2025-11-11,312724.0,14,6.948981017078281
CNNE,2025-11-11,18798.0,14,3.821674919768235
CYCU,2025-11-11,252187.0,14,1.0374388150467528
DMRA,2025-11-11,119861.0,14,5.769363533844927
HCAT,2025-11-11,79493.0,14,7.97979421360198
HSAI,2025-11-11,408244.0,14,3.360890432949971
NBIL,2025-11-11,77815.0,14,2.046143934968756
NRGV,2025-11-11,673401.0,14,7.781101746115067
PSKY,2025-11-11,942506.0,14,7.056511629399395
PUBM,2025-11-11,548135.0,14,42.88191378790081
REAL,2025-11-11,1517149.0,14,19.110042448594733
RGTZ,2025-11-11,648605.0,14,0.7850330306300057
SIBN,2025-11-11,56001.0,14,11.755742817729264
SONY,2025-11-11,772281.0,14,5.755991735427195
TTGT,2025-11-11,36149.0,14,6.156314624236673
VOD,2025-11-11,1000975.0,14,4.4431357006975265
XPEV,2025-11-11,5689950.0,14,8.414501167065442
ZENA,2025-11-11,332094.0,14,5.068479232530252
ABEO,2025-11-12,426742.0,14,10.856720225915602
AMDL,2025-11-12,2093927.0,14,2.112103612827449
ARQ,2025-11-12,89627.0,14,3.3072519385770236
BAIG,2025-11-12,142363.0,14,4.835066251995323
BBAI,2025-11-12,13422843.0,14,4.309212807208593
BMNU,2025-11-12,253770.0,14,0.7369099636479488
BZAI,2025-11-12,258825.0,14,2.1761912883883614
CRWG,2025-11-12,1165339.0,14,6.591169432657723
CRWU,2025-11-12,31891.0,14,1.4698635729147462
CURI,2025-11-12,48535.0,14,2.8843770163344318
CWAN,2025-11-12,1683574.0,14,21.81001167763797
CWVX,2025-11-12,493688.0,14,1.6690465691684218
ENGN,2025-11-12,167344.0,14,1.7204538595021233
ICHR,2025-11-12,111657.0,14,2.114927630742255
KOPN,2025-11-12,330158.0,14,1.839094198126852
PERI,2025-11-12,193851.0,14,25.547528946625246
PRMB,2025-11-12,320730.0,14,3.0676286752524176
SOLT,2025-11-12,262358.0,14,0.49374659147260885
UPXI,2025-11-12,341960.0,14,2.1317797010172113
VZLA,2025-11-12,401482.0,14,2.8488794547098584
ACVA,2025-11-13,522000.0,14,5.869648503793826
CLBT,2025-11-13,403154.0,14,13.526290941422042
CURI,2025-11-13,722623.0,14,36.144445992633
DUOT,2025-11-13,61735.0,14,3.7669871599299154
ENGN,2025-11-13,186848.0,14,1.7133922963003718
FLY,2025-11-13,1137537.0,14,23.160549377994048
JMIA,2025-11-13,592986.0,14,3.1018837046378027
LVLU,2025-11-13,209311.0,8,
NMG,2025-11-13,213372.0,14,4.423488018764827
OLOX,2025-11-13,5581349.0,14,252.60769601298293
ONDS,2025-11-13,11055914.0,14,4.182714691153796
QBTZ,2025-11-13,194853.0,14,1.246171071679658
RGTZ,2025-11-13,1008982.0,14,1.4566789602141974
SBH,2025-11-13,146850.0,14,5.04277739077539
XNET,2025-11-13,79420.0,14,4.971184584087809
XRPT,2025-11-13,94721.0,14,0.8046306060756833
XXRP,2025-11-13,100118.0,14,1.3466947345766611
BERZ,2025-11-14,132941.0,14,3.1254601268203555
BTCZ,2025-11-14,69706.0,14,1.082528181247407
CTKB,2025-11-14,212528.0,14,8.927041923066538
DUST,2025-11-14,1703076.0,14,2.1563281726779855
GDXD,2025-11-14,176552.0,14,1.3553488433303138
GLL,2025-11-14,1080730.0,14,8.510575347027304
HIBS,2025-11-14,56089.0,14,1.0349928891243805
IONZ,2025-11-14,1958763.0,14,1.4503248843687933
JDST,2025-11-14,2461913.0,14,2.2763006785884983
MRVI,2025-11-14,229867.0,14,5.77110946525378
MSTZ,2025-11-14,977560.0,14,0.9081182112211041
OMER,2025-11-14,183599.0,14,3.884424738105169
PLTZ,2025-11-14,1248496.0,14,1.0193062315622285
POAS,2025-11-14,20139.0,0,
QBTZ,2025-11-14,155491.0,14,0.9866287523069505
QMCO,2025-11-14,264174.0,14,4.291430103072687
SOXS,2025-11-14,16633392.0,14,1.5052016502338377
SSG,2025-11-14,28579.0,14,0.9511251206420296
TECS,2025-11-14,348526.0,14,1.852080692920296
TRVI,2025-11-14,82577.0,14,3.7925459847980343
TSDD,2025-11-14,739089.0,14,1.6101495363402436
TSLQ,2025-11-14,1344698.0,14,1.4931079140833126
TSLZ,2025-11-14,409030.0,14,0.6635038032224037
UVIX,2025-11-14,1418013.0,14,1.2765491101662327
ZSL,2025-11-14,728556.0,14,8.960919023204
CDZI,2025-11-17,560072.0,14,21.305060659991575
CTKB,2025-11-17,891044.0,14,23.936525479992476
CYPH,2025-11-17,3458470.0,14,3.598007141978687
DFNS,2025-11-17,69545.0,14,2.0355371762600454
DGNX,2025-11-17,101030.0,14,1.5480203481245403
INV,2025-11-17,174097.0,14,5.500595791545177
LAR,2025-11-17,438078.0,14,3.4020266522296723
LFMD,2025-11-17,137498.0,14,2.5647621864615893
QUBT,2025-11-17,5804987.0,14,4.578543377697097
QUBX,2025-11-17,549370.0,14,7.683780519359856
SLI,2025-11-17,794788.0,14,3.6571618638686463
SMCZ,2025-11-17,396605.0,14,1.4756956072005298
SSP,2025-11-17,414665.0,14,16.23436075549366
WPP,2025-11-17,117016.0,14,3.287447800339937
ZYME,2025-11-17,496782.0,14,14.191541329219694
ALMS,2025-11-18,70338.0,14,2.67040172687779
ARVN,2025-11-18,670791.0,14,13.589375741614331
BSOL,2025-11-18,145960.0,14,1.4331592357849365
CLIK,2025-11-18,182602.0,13,90.91635388739945
DGNX,2025-11-18,186100.0,14,2.7339388699075746
GRRR,2025-11-18,439397.0,14,8.110461559556583
GSM,2025-11-18,953307.0,14,21.20425600874461
GSOL,2025-11-18,34642.0,14,0.8958531133974915
JHX,2025-11-18,590984.0,14,4.360491841380048
MRVI,2025-11-18,115486.0,14,2.1673760310359755
QBTZ,2025-11-18,82713.0,14,0.5418765222966001
SOLT,2025-11-18,1806614.0,14,3.49350556431106
SOLZ,2025-11-18,176384.0,14,2.9426409428363742
SSK,2025-11-18,73673.0,14,2.741109655335536
UVIX,2025-11-18,1352947.0,14,1.1730642211243936
VNDA,2025-11-18,140749.0,14,3.4680847693588444
ANNX,2025-11-19,600916.0,14,8.263543094006769
ATLX,2025-11-19,109782.0,14,3.011149663315825
CYPH,2025-11-19,969903.0,14,0.78161429394319
ETHD,2025-11-19,680670.0,14,0.8002867446844444
FULC,2025-11-19,236302.0,14,24.32699463195823
GOGO,2025-11-19,175035.0,14,3.5267069446403334
KZIA,2025-11-19,1494298.0,11,1513.9797365754812
NBIL,2025-11-19,70341.0,14,1.1385118027760628
OLOX,2025-11-19,1063695.0,14,2.1531674126691303
RDW,2025-11-19,548924.0,14,1.6741751378237764
RLMD,2025-11-19,212029.0,14,4.461789131137315
SBSW,2025-11-19,442159.0,14,1.3678585310266056
SCO,2025-11-19,638913.0,14,9.379060645047641
SEMR,2025-11-19,18353577.0,14,472.0665614568196
SGML,2025-11-19,2229180.0,14,4.318647436772958
SLI,2025-11-19,245340.0,14,1.0507612815594571
TMC,2025-11-19,1536160.0,14,3.266655679711524
TNXP,2025-11-19,179237.0,14,4.763484705248091
AAOI,2025-11-20,232950.0,14,0.5901626172797327
AEHR,2025-11-20,25608.0,14,0.616277430733423
AISP,2025-11-20,35666.0,14,0.6986122168014249
ALLT,2025-11-20,241908.0,14,15.89736945868304
ALMS,2025-11-20,104731.0,14,2.977941161536665
AMDL,2025-11-20,556867.0,14,0.6698941773254802
AMPX,2025-11-20,317444.0,14,0.60651198997093
ANNX,2025-11-20,466300.0,14,4.174334512018109
APLD,2025-11-20,2858441.0,14,2.021126738156134
ATLX,2025-11-20,102963.0,14,2.4857938084595648
AXTI,2025-11-20,172439.0,14,0.40070921573798984
BAIG,2025-11-20,35089.0,14,0.7749826465577081
BBAI,2025-11-20,2995018.0,14,0.7392844119001402
BKSY,2025-11-20,92507.0,14,0.8767545611481569
BMNG,2025-11-20,153351.0,14,12.736340661817923
BMNU,2025-11-20,410037.0,14,0.8423653951129607
BSOL,2025-11-20,186475.0,14,1.7636107052213523
BTCS,2025-11-20,93324.0,14,1.0737934231245911
BTQ,2025-11-20,171863.0,14,0.7196314511893553
BULG,2025-11-20,39347.0,14,0.8916676378799062
CCUP,2025-11-20,70195.0,14,1.6570973774245714
CIFR,2025-11-20,3607469.0,14,1.6192339522853936
CLSK,2025-11-20,1089646.0,14,0.7168906612607643
CORZ,2025-11-20,685003.0,14,0.9198313426121753
CRCA,2025-11-20,398521.0,14,1.0326709582844387
CRNC,2025-11-20,552117.0,14,8.336546954860824
CRWG,2025-11-20,598615.0,14,1.829897031022576
CRWU,2025-11-20,104563.0,14,3.43900674231212
CWVX,2025-11-20,1035820.0,14,2.6703996885711008
CYPH,2025-11-20,711003.0,14,0.5457460334343421
DAPP,2025-11-20,18126.0,14,0.8499398794910354
DFDV,2025-11-20,86264.0,14,1.1069948889426637
DGXX,2025-11-20,79639.0,14,0.2214525408192552
DPRO,2025-11-20,313778.0,14,1.8367997002844536
FLNC,2025-11-20,260028.0,14,0.7440679743275137
FNGU,2025-11-20,357145.0,14,1.1113931563042843
FRMI,2025-11-20,110928.0,14,0.7254192318831102
GLL,2025-11-20,20513.0,14,0.1217770729266493
HIMZ,2025-11-20,258538.0,14,0.8788817236467721
HIVE,2025-11-20,1733965.0,14,1.545659313154631
HSDT,2025-11-20,48605.0,14,2.542558438452801
INFQ,2025-11-20,36618.0,14,0.3466570194983247
INV,2025-11-20,97856.0,14,2.158471469242998
IRE,2025-11-20,439808.0,14,1.2483599506195968
IREX,2025-11-20,59248.0,14,1.6043139029758657
LAES,2025-11-20,1173483.0,14,0.9813235223054083
LUMN,2025-11-20,770669.0,14,0.7276860900127072
LXEO,2025-11-20,42890.0,14,1.5346788972067238
MAGN,2025-11-20,771281.0,14,154.60516594599238
METC,2025-11-20,186969.0,14,1.0742773794284866
MRAL,2025-11-20,45894.0,14,0.7668371767727521
MSTX,2025-11-20,665616.0,14,1.1210699762844252
NBIG,2025-11-20,86726.0,14,10.964591141012328
NBIL,2025-11-20,206361.0,14,3.1735012654223347
NKLR,2025-11-20,41650.0,14,0.5635460781793334
NNOX,2025-11-20,536205.0,14,8.496384418535952
NUAI,2025-11-20,474291.0,14,0.6913333892085518
NVDG,2025-11-20,38949.0,14,1.888750337718478
NVDX,2025-11-20,1360369.0,14,2.1096026792662035
NVTS,2025-11-20,1602417.0,14,0.9959658518961357
OLMA,2025-11-20,195297.0,14,0.7580831419981795
OLOX,2025-11-20,3642254.0,14,6.423033335142997
ONDS,2025-11-20,3054233.0,14,0.826524446854044
ORBS,2025-11-20,160686.0,14,1.8138793453081197
ORGO,2025-11-20,125935.0,14,0.7746413896611962
ORIC,2025-11-20,41460.0,14,1.3140748454868578
OUST,2025-11-20,113679.0,14,0.8760654214456043
PACS,2025-11-20,749107.0,14,38.48383036654594
PDYN,2025-11-20,64518.0,14,0.9500425454036765
POET,2025-11-20,363736.0,14,0.6381873153430898
PTIR,2025-11-20,271367.0,14,0.8455349077056168
QUBX,2025-11-20,234583.0,14,1.8426063177407754
RCAT,2025-11-20,565235.0,14,0.9414752911351802
RERE,2025-11-20,255402.0,14,6.644049278109148
RIOT,2025-11-20,1032468.0,14,0.8213951455320913
RIOX,2025-11-20,27160.0,14,0.7413516448593392
RR,2025-11-20,991244.0,14,0.9728617085272554
RZLV,2025-11-20,888629.0,14,1.824872307552619
SKYT,2025-11-20,72344.0,14,0.43723256191439913
SLDP,2025-11-20,505411.0,14,0.4878668212413402
SLI,2025-11-20,595902.0,14,2.4520625813790122
SMCL,2025-11-20,124854.0,14,1.2026618852543611
SMCX,2025-11-20,360729.0,14,2.4120743996687235
SMR,2025-11-20,1307005.0,14,1.2538846256502643
SMU,2025-11-20,366018.0,14,1.80171745438704
SMUP,2025-11-20,53076.0,14,1.6950960509716877
SOLT,2025-11-20,424509.0,14,0.6684435212628692
SOLZ,2025-11-20,66665.0,14,0.9192736112301272
SOUN,2025-11-20,2322465.0,14,1.2700003163819034
SVIX,2025-11-20,179698.0,14,1.2300060674716538
TSLG,2025-11-20,199856.0,14,0.8591293144397496
TSLL,2025-11-20,7828819.0,14,1.3199913167550799
TSLR,2025-11-20,147085.0,14,1.041637896540857
TSLT,2025-11-20,469423.0,14,1.214971540636215
TSSI,2025-11-20,194495.0,14,1.552180661828542
UXRP,2025-11-20,32643.0,14,1.4786550445535904
VERI,2025-11-20,271016.0,14,0.8400065708811667
VNET,2025-11-20,417540.0,14,2.1098428001879728
WKEY,2025-11-20,24684.0,14,0.336797704626612
WULF,2025-11-20,3352153.0,14,1.986155274212389
WYFI,2025-11-20,84717.0,14,1.8722343596090218
XRPT,2025-11-20,37168.0,14,0.2811958084773983
XXRP,2025-11-20,60997.0,14,0.7156974244520748
ASTX,2025-11-21,99839.0,14,2.380300878385052
BGDE,2025-11-21,18813.0,14,0.15202845446800256
BTCZ,2025-11-21,532854.0,14,5.659701247948726
DCTH,2025-11-21,223915.0,14,8.693437235679918
EPSM,2025-11-21,175413.0,14,8.995867980512108
GAP,2025-11-21,1665838.0,14,7.086526996690363
MIGI,2025-11-21,23786.0,14,0.13840484718709034
MNDR,2025-11-21,1197299.0,14,16.257661975901836
MSTZ,2025-11-21,1242503.0,14,1.342727644082549
NVRI,2025-11-21,1367822.0,14,59.987306798318436
OLOX,2025-11-21,2366935.0,14,2.865385857568824
OPEX,2025-11-21,28230.0,14,0.9360478610778216
QDEL,2025-11-21,79248.0,14,2.4414907663327643
ASTX,2025-11-24,35906.0,14,0.7771633177133015
BILI,2025-11-24,247136.0,14,1.100713988713233
BMNG,2025-11-24,52867.0,14,2.17074093518027
BMNU,2025-11-24,648549.0,14,1.2570332960594381
CIFR,2025-11-24,1971308.0,14,0.9298524267634095
CLSK,2025-11-24,1604232.0,14,1.1306170163860385
CLSX,2025-11-24,39065.0,14,2.2254096526243403
EPSM,2025-11-24,210452.0,14,6.674704417818073
GDOT,2025-11-24,114170.0,14,6.730361112982551
GRAB,2025-11-24,4991472.0,14,1.7745309437235568
HSAI,2025-11-24,548645.0,14,3.2485977498018537
KYIV,2025-11-24,490348.0,14,13.383460346982183
MAGN,2025-11-24,124101.0,14,1.9470794044275694
MFI,2025-11-24,171416.0,8,
MRAL,2025-11-24,75844.0,14,1.2524575777377782
MXL,2025-11-24,81771.0,14,2.216106345786414
NAVN,2025-11-24,82356.0,14,4.687269800229284
NBIL,2025-11-24,52107.0,14,0.6556189257346636
OSCR,2025-11-24,9510734.0,14,14.626844966969653
PONY,2025-11-24,562494.0,14,1.4205211302742708
PYXS,2025-11-24,133357.0,14,4.2174127150498775
RUM,2025-11-24,347208.0,14,1.7226513079416335
TSLG,2025-11-24,404461.0,14,1.6312857949503912
TSLL,2025-11-24,9311994.0,14,1.4975962489490697
TSLR,2025-11-24,286238.0,14,1.8885574774694958
TSLT,2025-11-24,654903.0,14,1.6182822734073665
UXRP,2025-11-24,21053.0,14,1.01105241492865
WRD,2025-11-24,744799.0,14,1.8387754083562184
XRP,2025-11-24,52232.0,1,
XRPC,2025-11-24,38069.0,7,
XRPI,2025-11-24,27552.0,14,1.0356031541049275
XRPT,2025-11-24,105548.0,14,0.8063791216047341
XXRP,2025-11-24,60487.0,14,0.688406674833938
AISP,2025-11-25,148719.0,14,3.3983204798628965
AMDD,2025-11-25,619811.0,14,2.1067920573999115
AVXL,2025-11-25,301263.0,14,1.405627867790365
BGDE,2025-11-25,56268.0,14,0.502265368866831
BMNZ,2025-11-25,69920.0,7,
FLNA,2025-11-25,239172.0,14,4.084993625600078
FLNC,2025-11-25,1222557.0,14,4.352094056788937
GBTG,2025-11-25,53097.0,14,2.6396250199740785
HSAI,2025-11-25,579350.0,14,2.88131029298715
JMIA,2025-11-25,416691.0,14,1.6925870756182466
KSS,2025-11-25,2818241.0,14,31.223192071259902
KYIV,2025-11-25,153288.0,14,2.2420992255156698
MIGI,2025-11-25,87485.0,14,0.6058820706812124
MSTZ,2025-11-25,360820.0,14,0.45143261947149244
NG,2025-11-25,343265.0,14,2.636073713588612
NVD,2025-11-25,2969870.0,14,3.171530885182658
NVDQ,2025-11-25,391150.0,14,3.710192884500336
PONY,2025-11-25,2597624.0,14,6.8295558324514705
QBTZ,2025-11-25,79789.0,14,0.7016889466242111
QFIN,2025-11-25,300952.0,14,3.2694582805990255
RGTZ,2025-11-25,374406.0,14,0.5824773537443094
SGML,2025-11-25,674240.0,14,0.8701732416676415
SMCZ,2025-11-25,218833.0,14,0.7508644226480204
STEX,2025-11-25,80910.0,14,4.485601596654628
UPWK,2025-11-25,426664.0,14,5.329678673686897
ZIM,2025-11-25,2324496.0,14,7.007278598963904
AEHL,2025-11-26,968530.0,13,9.886032079044977
BMNG,2025-11-26,38968.0,14,1.2168997999165763
BMNU,2025-11-26,611169.0,14,1.1134161558414046
BULL,2025-11-26,4139090.0,14,5.206486249868709
CIFR,2025-11-26,2605025.0,14,1.2725095426832311
CLSX,2025-11-26,33259.0,14,1.7309452381217916
CRWG,2025-11-26,433913.0,14,1.0627421761437221
CRWU,2025-11-26,99850.0,14,2.155682897642458
CWVX,2025-11-26,2232400.0,14,4.161211115132042
FLNC,2025-11-26,966084.0,14,2.7234731129748395
FOXX,2025-11-26,20913.0,4,
HLF,2025-11-26,242635.0,14,3.4813332185491275
IRE,2025-11-26,720423.0,14,1.7224724621726855
IREX,2025-11-26,34624.0,14,0.7569600169901245
IRWD,2025-11-26,289653.0,14,1.4638957468368505
NBIL,2025-11-26,128086.0,14,1.629313031476782
OKLL,2025-11-26,222752.0,14,1.8594465416155128
ORCX,2025-11-26,933087.0,14,7.459610676835734
OSCR,2025-11-26,1734625.0,14,1.3245743441844096
WOOF,2025-11-26,2673846.0,14,43.325807168452144
WULX,2025-11-26,142127.0,14,13.261119923223545
ADTX,2025-11-28,929705.0,14,162.20971822385064
ASTL,2025-11-28,391213.0,14,18.951888274497048
BITF,2025-11-28,6769504.0,12,1.9820822641000448
BMNG,2025-11-28,82836.0,14,2.394855528572137
BMNU,2025-11-28,1188498.0,14,2.116355349876521
CCUP,2025-11-28,90859.0,14,1.7528358982273569
CLSK,2025-11-28,2850073.0,14,1.7630205786951356
CODI,2025-11-28,104569.0,14,3.156173869550407
CONL,2025-11-28,1028139.0,14,3.225192987990962
CRCA,2025-11-28,512794.0,14,1.0373227881352651
CRSR,2025-11-28,221160.0,14,6.710184125663164
INV,2025-11-28,62613.0,14,0.6860200394590927
KEEL,2025-11-28,9472394.0,14,2.859276074899533
MARA,2025-11-28,2769357.0,14,1.4775342451762628
MRAL,2025-11-28,72029.0,14,1.1710849194100017
MSTX,2025-11-28,1319758.0,14,1.7674843960767277
QNTM,2025-11-28,75971.0,14,7.1434405034555475
RIOT,2025-11-28,1695669.0,14,1.7439255372392775
RIOX,2025-11-28,40860.0,14,1.551029925734722
TMC,2025-11-28,1329578.0,14,2.964261508552268
UPSX,2025-11-28,72154.0,14,1.5225047212965517
VRCA,2025-11-28,82872.0,13,8.022219905580295
WYFI,2025-11-28,54713.0,14,1.1462369324422603
BERZ,2025-12-01,59987.0,14,1.4527536512670238
BMNZ,2025-12-01,135582.0,10,3.2983907263018333
BTCZ,2025-12-01,258262.0,14,2.180087151197741
CSIQ,2025-12-01,1206319.0,14,2.0523973972410796
HYMC,2025-12-01,283229.0,14,3.3079246750018143
KXIN,2025-12-01,18930.0,14,0.031485645589389974
LEG,2025-12-01,398912.0,14,11.974279422895087
MSTZ,2025-12-01,764652.0,14,1.134529416496401
OLOX,2025-12-01,103501.0,14,0.09997720348593474
RGTZ,2025-12-01,340233.0,14,0.647001686349803
ALMS,2025-12-02,95168.0,14,1.9379778209618674
BITU,2025-12-02,619282.0,14,4.187130605452092
BITX,2025-12-02,1242272.0,14,3.138645870141064
BMNG,2025-12-02,168240.0,14,3.3832094927972354
BMNU,2025-12-02,1285546.0,14,1.7467284830685883
BNC,2025-12-02,128986.0,14,5.042412802305353
BSOL,2025-12-02,43462.0,14,0.3631671271402472
CCUP,2025-12-02,61122.0,14,1.0010411572989806
CONL,2025-12-02,698568.0,14,1.9182913706671019
CRCA,2025-12-02,651983.0,14,1.204027423732279
CRDU,2025-12-02,115954.0,14,6.814438572262124
CWVX,2025-12-02,125680.0,14,0.1729550521518185
FOSL,2025-12-02,59771.0,14,0.5306556002704029
FRMM,2025-12-02,161251.0,14,4.7639641844966905
LABX,2025-12-02,105481.0,14,3.1953357437904764
MRAL,2025-12-02,29490.0,14,0.5208466059689328
MSTX,2025-12-02,2009442.0,14,2.246657588096787
QUBX,2025-12-02,21177.0,14,0.11926001013684744
RUBI,2025-12-02,60995.0,14,0.015361159674823283
SMU,2025-12-02,35120.0,14,0.13028967246064588
SOLT,2025-12-02,481061.0,14,1.0800722116493486
SOLZ,2025-12-02,83384.0,14,1.1122008290706349
TAOP,2025-12-02,449910.0,7,
TLRY,2025-12-02,750609.0,14,0.35757509662432047
TMC,2025-12-02,1201746.0,14,2.298985693619048
XXRP,2025-12-02,56452.0,14,0.8917020378782238
AEO,2025-12-03,3196010.0,14,17.010477925871744
AEVA,2025-12-03,215613.0,14,3.5629384207351835
AHMA,2025-12-03,723262.0,9,
BMNG,2025-12-03,154102.0,14,2.522425490968655
BMNU,2025-12-03,2170755.0,14,2.690066590955562
CMCT,2025-12-03,92098.0,14,0.519119129033336
GENI,2025-12-03,1133033.0,14,11.394808336889168
GLNK,2025-12-03,81268.0,1,
GME.WS,2025-12-03,52551.0,14,1.553801217758235
IE,2025-12-03,111222.0,14,2.746566148494785
KXIN,2025-12-03,150783.0,14,0.270157421041841
LABX,2025-12-03,90830.0,14,2.3196617243593485
LTRX,2025-12-03,47839.0,14,4.102126564911679
MSTU,2025-12-03,927542.0,14,0.2247881785432859
POET,2025-12-03,821942.0,14,2.7083026584096994
RR,2025-12-03,2845491.0,14,4.85368464876194
RUBI,2025-12-03,31477.0,14,0.007968118125120853
SERV,2025-12-03,696668.0,14,2.589949087150912
TARA,2025-12-03,448095.0,14,11.216435603202585
XXI,2025-12-03,68758.0,14,4.537989751229239
ANGX,2025-12-04,55585.0,14,1.371578939947265
ASPI,2025-12-04,644040.0,14,2.274232847205057
CLNN,2025-12-04,57163.0,14,0.33967005042747267
GNPX,2025-12-04,69900.0,14,3.2575913929814986
HIMZ,2025-12-04,217588.0,14,1.062310247688448
HRL,2025-12-04,662346.0,14,5.615630768336345
NCNO,2025-12-04,350807.0,14,18.235446130540197
PATH,2025-12-04,5577638.0,14,10.049125669839341
PLRZ,2025-12-04,5347058.0,14,2.8129037601146463
QCLS,2025-12-04,9381653.0,13,10.511869838507382
TIGR,2025-12-04,1564695.0,14,8.606287546894945
TSHA,2025-12-04,358451.0,14,4.329323768812357
UTI,2025-12-04,77901.0,14,3.338242991340759
XXI,2025-12-04,61403.0,14,3.0819052672335907
BMNZ,2025-12-05,147080.0,14,2.096637226531556
CAPR,2025-12-05,808162.0,14,3.25662044835181
CHPT,2025-12-05,157716.0,14,8.303276900745331
DNA,2025-12-05,78219.0,14,3.1456114901256735
FOSL,2025-12-05,188408.0,14,1.618531074833021
FTH,2025-12-05,47251.0,9,
GME.WS,2025-12-05,33516.0,14,0.7858737541305669
JFBR,2025-12-05,19986169.0,9,
LGHL,2025-12-05,68114.0,14,11.368845227592455
NEXR,2025-12-05,2776171.0,14,388.54737578726383
OKLS,2025-12-05,120029.0,5,
QCLS,2025-12-05,2415135.0,13,1.500832187515954
SNSE,2025-12-05,47251.0,5,
SWBI,2025-12-05,197187.0,14,11.956886881120576
TMQ,2025-12-05,711920.0,14,2.997855426252831
UAMY,2025-12-05,1233732.0,14,4.11421988989046
XXI,2025-12-05,43140.0,14,1.8268215736508906
ADNT,2025-12-08,43089.0,14,2.0011079560532883
BMNG,2025-12-08,81045.0,14,0.9651127678848632
BMNU,2025-12-08,1005344.0,14,0.9215467049249408
CMCT,2025-12-08,17888.0,14,0.5254784621227541
DXYZ,2025-12-08,323470.0,14,5.350262634950415
DYN,2025-12-08,805525.0,14,18.08339881019194
FULC,2025-12-08,660067.0,14,19.620450757455117
GME.WS,2025-12-08,58083.0,14,1.3510794020546273
HE,2025-12-08,412945.0,14,13.951955633532592
HLIT,2025-12-08,32581.0,14,1.8012921264009225
HYMC,2025-12-08,219080.0,14,2.39832725760014
IMMX,2025-12-08,424536.0,14,30.53305797860864
KOLD,2025-12-08,1851881.0,14,8.62350755303891
MRAL,2025-12-08,22798.0,14,0.4080220698965282
MTVA,2025-12-08,62255.0,14,5.1189028866766515
NRIX,2025-12-08,373188.0,14,8.627398916091192
OCUL,2025-12-08,1366569.0,14,31.916558370604417
OLOX,2025-12-08,633798.0,14,0.9708301448897337
ORIC,2025-12-08,185411.0,14,4.002180130591981
PMI,2025-12-08,97430.0,14,1.0096896212238977
PRME,2025-12-08,167090.0,14,1.3163904185982649
PSKY,2025-12-08,1707417.0,14,8.276631238677725
RXRX,2025-12-08,5520465.0,14,6.390812921816628
SMU,2025-12-08,138353.0,14,0.5620771418116373
SOLT,2025-12-08,446425.0,14,1.0548878577722987
SUGP,2025-12-08,101067.0,11,21.17271653843224
TWG,2025-12-08,665566.0,6,
VIR,2025-12-08,185394.0,14,2.954196857222856
VSTS,2025-12-08,279990.0,14,5.8801575098443655
WBD,2025-12-08,20314468.0,14,14.294541408939587
WKHS,2025-12-08,1543826.0,14,14.47479684379575
WVE,2025-12-08,5684345.0,14,127.59799834531589
XRPT,2025-12-08,56776.0,14,0.725720937664057
XXI,2025-12-08,69502.0,14,2.6753661681775314
XXRP,2025-12-08,58404.0,14,1.022067444831388
BRR,2025-12-09,62299.0,14,1.7292377115485271
CBLL,2025-12-09,152030.0,14,6.955598184319659
DBI,2025-12-09,675840.0,14,36.88752178337095
IONZ,2025-12-09,44764.0,14,0.0682824219091765
KOLD,2025-12-09,705528.0,14,2.0752837775431145
MAMA,2025-12-09,171716.0,14,25.069336253193597
NVOX,2025-12-09,32490.0,14,0.10322768642530733
PLTZ,2025-12-09,61614.0,14,0.12269632178162827
PSNY,2025-12-09,16312.0,14,0.11523709418521154
STAA,2025-12-09,3018927.0,14,273.72094890841856
TROX,2025-12-09,665444.0,14,7.708168682195172
WVE,2025-12-09,2407745.0,14,5.399377096540746
XCUR,2025-12-09,4176646.0,10,963.9155319639972
YANG,2025-12-09,233894.0,14,2.6604085691629726
ABSI,2025-12-10,505728.0,14,2.341746081567948
AHT,2025-12-10,202995.0,14,79.91929133858268
BDRX,2025-12-10,256707.0,13,25.017549514970685
BGDE,2025-12-10,80537.0,14,1.0474216652577406
CMPS,2025-12-10,183568.0,14,2.814159098225842
CVU,2025-12-10,217697.0,14,29.531107988954023
DRTS,2025-12-10,119969.0,14,23.33378716310086
DYN,2025-12-10,1189692.0,14,11.082882295402674
ENVB,2025-12-10,1387381.0,13,1237.967808360217
JMIA,2025-12-10,668848.0,14,4.14988541568336
MIGI,2025-12-10,130018.0,10,0.9053484760916642
MRVI,2025-12-10,385651.0,14,7.499196482021893
MVLL,2025-12-10,92912.0,14,2.277406410090307
OLMA,2025-12-10,557918.0,14,3.2755548230743328
SVRE,2025-12-10,59471.0,12,17.54867583052598
VELO,2025-12-10,531351.0,14,52.202172601086296
XXI,2025-12-10,652152.0,14,21.180249983761264
AIRJ,2025-12-11,57437.0,14,5.413040551456729
BGDE,2025-12-11,2352598.0,14,79.18215584784004
BMNZ,2025-12-11,306145.0,14,3.065022941028399
BNKK,2025-12-11,37474.0,14,0.0030574691561810327
BTCZ,2025-12-11,140960.0,14,0.953165707595515
DOMH,2025-12-11,67647.0,14,5.965381490183234
FTRE,2025-12-11,173901.0,14,5.207919860187429
GEMI,2025-12-11,547478.0,14,9.59062345936991
GLXG,2025-12-11,198518.0,7,
KOLD,2025-12-11,529529.0,14,1.4257690615249219
MICC,2025-12-11,518022.0,3,
MIGI,2025-12-11,5278151.0,10,99.83715924309028
MSTZ,2025-12-11,488762.0,14,0.9644906993946939
PL,2025-12-11,4176573.0,14,20.087866173471124
STAA,2025-12-11,105120.0,14,0.4432004828080928
ACB,2025-12-12,529544.0,14,23.18928995933688
ACIU,2025-12-12,178207.0,14,1.648586320733522
AVS,2025-12-12,520176.0,14,8.113976163231836
CRON,2025-12-12,1281098.0,14,15.274754212287002
ENVB,2025-12-12,27911.0,13,0.25252864099596406
HYMC,2025-12-12,169301.0,14,1.7970161610708948
JZXN,2025-12-12,169466.0,14,3.488400542258843
MITK,2025-12-12,290626.0,14,14.10752017086727
MSOS,2025-12-12,3205713.0,14,25.877492396177185
MSOX,2025-12-12,522577.0,14,16.17774544425305
MUX,2025-12-12,201285.0,14,5.454962523616316
NX,2025-12-12,231599.0,14,23.452045480847126
PL,2025-12-12,2539729.0,14,5.13984828023662
RLAY,2025-12-12,169123.0,14,2.9693809342859545
TLRY,2025-12-12,5875529.0,14,4.189654730697707
VELO,2025-12-12,375109.0,14,6.956861446341754
VFF,2025-12-12,430137.0,14,4.203952411336725
WHLR,2025-12-12,92260.0,14,0.33818753745777047
ZYME,2025-12-12,44443.0,14,1.278233734004154
ACIU,2025-12-15,119746.0,14,0.9941263641156131
AIRJ,2025-12-15,35502.0,14,2.4551382110608366
AMCI,2025-12-15,1626818.0,8,
ASM,2025-12-15,462035.0,14,1.5693841871045597
ASTI,2025-12-15,101890.0,14,7.141119282313657
CMND,2025-12-15,49882.0,14,0.10167911154027369
FSLY,2025-12-15,317557.0,14,2.0585362059074246
HYMC,2025-12-15,386394.0,14,3.9412188563031263
IMNM,2025-12-15,846400.0,14,38.47197781861392
KSCP,2025-12-15,66859.0,14,2.882350405242283
KYTX,2025-12-15,1112135.0,14,49.60111754624055
LENZ,2025-12-15,141043.0,14,11.7152299021062
NEWP,2025-12-15,39219.0,14,0.6677547287526893
NVVE,2025-12-15,81806.0,14,0.1417564554672675
ORLA,2025-12-15,416483.0,14,5.232259529229971
SKE,2025-12-15,93570.0,14,3.234183121750337
VNDA,2025-12-15,146747.0,14,3.6018983768772506
YOLO,2025-12-15,123809.0,14,21.049559778978686
ZDGE,2025-12-15,232215.0,12,3.726041831023205
AMCI,2025-12-16,10525888.0,9,
CCUP,2025-12-16,61858.0,14,1.0809543721252441
CLPT,2025-12-16,94657.0,14,4.590622672555642
CRCA,2025-12-16,662479.0,14,1.4412356575024483
ORGO,2025-12-16,226499.0,14,7.605869809768465
QURE,2025-12-16,282475.0,14,3.097095286203197
RILY,2025-12-16,903773.0,14,60.292302414013285
RKLZ,2025-12-16,33244.0,11,5.880203894579426
SOLT,2025-12-16,1113904.0,14,4.155764528308322
TNDM,2025-12-16,239691.0,14,5.264355626395244
AXTI,2025-12-17,562606.0,14,2.5175786575123977
BEAT,2025-12-17,2391856.0,14,0.8689893479854534
COUR,2025-12-17,280655.0,14,8.271118436702052
DBVT,2025-12-17,182025.0,14,8.605888888513661
GALT,2025-12-17,42444.0,14,2.5313254808409127
GOGO,2025-12-17,461387.0,14,4.5339335136307515
HYMC,2025-12-17,234761.0,14,1.8957444219043538
KOD,2025-12-17,170042.0,14,8.374302167282858
LABX,2025-12-17,25204.0,14,0.6178446108266737
MSOS,2025-12-17,4525685.0,14,7.1735392961575695
MSOX,2025-12-17,454140.0,14,3.8208205380912603
NBIL,2025-12-17,67571.0,14,0.9173906761095795
NEBX,2025-12-17,64331.0,14,0.857043890676312
QS,2025-12-17,2076691.0,14,3.298681397629107
RILY,2025-12-17,664604.0,14,8.4802363850298
RXRX,2025-12-17,4184011.0,14,4.093830064425797
RZLV,2025-12-17,3594928.0,14,4.1416640408720395
SGML,2025-12-17,686571.0,14,2.8455017686705086
TWO,2025-12-17,955202.0,14,32.32478450672223
UDMY,2025-12-17,2014869.0,14,67.73091717610222
ULCC,2025-12-17,176698.0,14,1.2091912873501753
VFF,2025-12-17,330333.0,14,2.3432881801479346
ACVA,2025-12-18,128757.0,14,2.7762644985514924
AMDL,2025-12-18,362219.0,14,0.7225168277549995
AVGG,2025-12-18,85783.0,14,3.803449498980225
AXTI,2025-12-18,285924.0,14,1.1088615884259925
BEX,2025-12-18,79297.0,14,1.677175977193653
BITU,2025-12-18,192421.0,14,1.2599935828536846
BITX,2025-12-18,346682.0,14,0.9286323400404282
BKKT,2025-12-18,79020.0,14,1.4756735558466434
BMNG,2025-12-18,214625.0,14,1.819359229520515
BMNU,2025-12-18,1867564.0,14,1.461597717246519
BRR,2025-12-18,169743.0,14,4.3747632118142805
BTDR,2025-12-18,254878.0,14,1.0481790994093605
CCUP,2025-12-18,55917.0,14,0.9447787456824451
CIFR,2025-12-18,2477875.0,14,1.723048797890316
CLSX,2025-12-18,29944.0,14,0.9981689822255556
CONL,2025-12-18,245830.0,14,0.6868951207697747
CORZ,2025-12-18,964816.0,14,3.4930289017281244
CRCA,2025-12-18,342441.0,14,0.7060250289601133
CRDU,2025-12-18,43903.0,14,1.8635623565509776
CRWU,2025-12-18,65175.0,14,0.9349390232656316
CWVX,2025-12-18,231049.0,14,1.394918983348182
DFLI,2025-12-18,150086.0,14,0.1842402947628665
DJT,2025-12-18,4301199.0,14,24.286847740117665
ETH,2025-12-18,613856.0,14,3.057636955279575
ETHA,2025-12-18,4603846.0,14,3.662183936011229
ETHE,2025-12-18,831351.0,14,3.722469148437712
FCEL,2025-12-18,1538670.0,14,18.66019059202029
FLNC,2025-12-18,350272.0,14,1.4989414686900315
IA,2025-12-18,240573.0,14,23.969980784285816
IONX,2025-12-18,96664.0,14,1.444582027480551
IRE,2025-12-18,882767.0,14,1.4588074400638635
IREX,2025-12-18,122500.0,14,1.8673861819955662
ISSC,2025-12-18,240573.0,1,
KSCP,2025-12-18,50276.0,14,1.4147877910774767
LABX,2025-12-18,27047.0,14,0.6568563845473312
LAES,2025-12-18,1473386.0,14,3.012058804890108
LHAI,2025-12-18,409047.0,14,49.56386044780641
LUNR,2025-12-18,281803.0,14,1.2253796114309567
LXEO,2025-12-18,50063.0,14,2.77356243149018
MRAL,2025-12-18,70312.0,14,1.6702689586949626
MSOS,2025-12-18,1255941.0,14,1.3265436317105295
MSOX,2025-12-18,203212.0,14,1.360887509543062
MST,2025-12-18,46226.0,14,0.8284059722279113
MSTU,2025-12-18,1029880.0,14,0.46500586049830633
MSTX,2025-12-18,1063303.0,14,0.9352028542384463
NBIG,2025-12-18,30536.0,14,1.197631093854179
NBIL,2025-12-18,67219.0,14,0.9695074711743714
NEBX,2025-12-18,192341.0,14,2.626356081065924
OKLL,2025-12-18,128828.0,14,1.025117653745595
ONDS,2025-12-18,2869612.0,14,0.7836403549297966
PCT,2025-12-18,575280.0,14,5.592852410839158
QSU,2025-12-18,22859.0,14,1.587186494140286
RCAT,2025-12-18,327267.0,14,1.218994737430227
RDW,2025-12-18,1162416.0,14,2.9472632660427376
RGTI,2025-12-18,2741653.0,14,1.8728195185491299
RGTX,2025-12-18,162974.0,14,2.8040157158078562
SERV,2025-12-18,734637.0,14,1.6051501931579946
SKYT,2025-12-18,60722.0,14,1.0183129297333557
SMCL,2025-12-18,39219.0,14,0.5627515550676911
SMCX,2025-12-18,103266.0,14,1.2324676564663197
SMU,2025-12-18,96330.0,14,0.9490934272419413
SOC,2025-12-18,1797781.0,14,11.509628804466127
SOLT,2025-12-18,205972.0,14,0.63739877653196
SPAI,2025-12-18,463346.0,14,55.565164506651364
SPCE,2025-12-18,211465.0,14,1.053491045089478
SPIR,2025-12-18,104193.0,14,3.758843719722113
TE,2025-12-18,1716294.0,14,1.998624891493525
TSSI,2025-12-18,76003.0,14,1.4821528813781248
VFF,2025-12-18,429053.0,14,2.6482511180711334
WULF,2025-12-18,2101284.0,14,1.588475020618658
ASTI,2025-12-19,26044.0,14,0.8325364532672083
BITU,2025-12-19,310849.0,14,2.0249957656378252
BITX,2025-12-19,910779.0,14,2.5306832974663407
BMNG,2025-12-19,75192.0,14,0.5902927777889927
BMNR,2025-12-19,3847148.0,14,1.8784085388027383
BMNU,2025-12-19,1118838.0,14,0.8436039091240362
BSOL,2025-12-19,94331.0,14,0.9116811752279835
BTF,2025-12-19,52508.0,14,5.083797260008714
CLSX,2025-12-19,15967.0,14,0.5610978076979071
CRWU,2025-12-19,107608.0,14,1.5057470804831146
CWVX,2025-12-19,194038.0,14,1.5184291472358655
DJTU,2025-12-19,319433.0,14,6.853766377469935
DJTWW,2025-12-19,53583.0,14,5.5285802723896
ETH,2025-12-19,320451.0,14,1.4108362629355604
ETHA,2025-12-19,2774869.0,14,1.902767749204057
ETHE,2025-12-19,493882.0,14,1.8886232700327665
ETHW,2025-12-19,21323.0,14,0.39100224105705594
FETH,2025-12-19,123204.0,14,1.155269843332331
FOLD,2025-12-19,71692417.0,14,664.1586619076168
IRE,2025-12-19,609391.0,14,0.9651113147839238
IREX,2025-12-19,30875.0,14,0.4446097051947077
LHAI,2025-12-19,144053.0,14,3.869539356542027
LUNR,2025-12-19,1307184.0,14,5.364988308797835
MSOS,2025-12-19,1364450.0,14,1.3208653129219907
MSOX,2025-12-19,514113.0,14,3.1628324946081956
MSTU,2025-12-19,1279718.0,14,0.6425408277276148
MSTX,2025-12-19,2959848.0,14,2.6458927875669347
NBIL,2025-12-19,34089.0,14,0.49820082489594847
NEBX,2025-12-19,61716.0,14,0.7350686938345273
ORCU,2025-12-19,157284.0,14,4.471289621702844
ORCX,2025-12-19,1189204.0,14,2.8478851161178795
SBET,2025-12-19,417297.0,14,1.162345558654883
SOLT,2025-12-19,1880431.0,14,5.978247980021968
SOLZ,2025-12-19,71230.0,14,1.8350950284864633
TLS,2025-12-19,408112.0,14,14.836505653047764
VLRS,2025-12-19,228843.0,14,45.309036911327965
WYFI,2025-12-19,475455.0,14,17.506765873172426
XPEV,2025-12-19,1025904.0,14,2.650929407139574
XRPT,2025-12-19,372680.0,14,5.833724669376949
XXRP,2025-12-19,263860.0,14,5.994113046384911
YOLO,2025-12-19,89597.0,14,3.2085034326815842
ADEA,2025-12-22,209642.0,14,12.54874362405777
ADUR,2025-12-22,38504.0,14,1.6754033448641323
AMDL,2025-12-22,1467610.0,14,3.1085044698139104
ASM,2025-12-22,568433.0,14,1.7450661916123889
ATLX,2025-12-22,52925.0,14,0.945400399621304
AZI,2025-12-22,1606190.0,14,2.455954181623654
BEX,2025-12-22,54378.0,14,1.2216971064426625
BGL,2025-12-22,37965.0,14,2.725482655180371
BKKT,2025-12-22,63456.0,14,1.2154991243432576
BMNG,2025-12-22,517226.0,14,4.2420410076157
BMNU,2025-12-22,1843077.0,14,1.4723912496297349
CDE,2025-12-22,1654543.0,14,2.167487410924365
CLSX,2025-12-22,95944.0,14,3.9046749728199255
CONL,2025-12-22,689624.0,14,2.3125160479349423
CRWU,2025-12-22,312934.0,14,4.089426295460358
CWAN,2025-12-22,13684397.0,14,165.02065799277318
DFLI,2025-12-22,123622.0,14,0.1721972433843114
DJTWW,2025-12-22,49800.0,14,3.803994958560898
EXK,2025-12-22,1235154.0,14,1.791858247592536
FJET,2025-12-22,380232.0,1,
GTE,2025-12-22,93358.0,14,7.461476982097187
HYMC,2025-12-22,1329049.0,14,10.21817632651268
IONX,2025-12-22,64931.0,14,0.8782258376164161
IRE,2025-12-22,992219.0,14,1.552020136055577
IREX,2025-12-22,101392.0,14,1.4976914571252522
KOD,2025-12-22,92638.0,14,2.8688298674783277
KURA,2025-12-22,199787.0,14,3.729640786033072
MENS,2025-12-22,42569.0,12,1.7023798018442549
MSTU,2025-12-22,1124345.0,14,0.9986417538777327
MSTX,2025-12-22,3398037.0,14,2.909876351175165
NBIG,2025-12-22,44917.0,14,1.876361010571796
NBIL,2025-12-22,57959.0,14,0.9393994473072145
NEWP,2025-12-22,58677.0,14,1.250984900976906
NFGC,2025-12-22,445658.0,14,6.593124320394454
NGD,2025-12-22,942749.0,14,2.1092941044859606
NVA,2025-12-22,207154.0,8,
OKLL,2025-12-22,273818.0,14,2.147493504500073
PLTM,2025-12-22,170268.0,14,5.763451467366863
RDW,2025-12-22,2982944.0,14,5.5295430672790475
RGTX,2025-12-22,122713.0,14,1.6343957334023376
RLMD,2025-12-22,132952.0,14,4.980408316164076
TE,2025-12-22,1132585.0,14,1.183911893400823
UAMY,2025-12-22,714823.0,14,2.082866150726124
USAS,2025-12-22,419649.0,14,2.505657799113586
VELO,2025-12-22,1126414.0,14,10.763513605748624
ASTI,2025-12-23,141965.0,14,3.771072838735506
BMNZ,2025-12-23,709302.0,14,5.006505282422427
BOXL,2025-12-23,29531.0,14,2.8404751599095848
HYMC,2025-12-23,1080186.0,14,4.882035845792972
NVOX,2025-12-23,1038686.0,14,15.136719254198052
PLTM,2025-12-23,223776.0,14,5.449643835616438
QBTZ,2025-12-23,421534.0,14,3.2659729777891906
RGTZ,2025-12-23,364995.0,14,1.3255977204595193
RKLZ,2025-12-23,878694.0,13,17.30808112948535
SOC,2025-12-23,1065941.0,14,3.317897718429981
ZIM,2025-12-23,1152414.0,14,5.748532206653332
AGIO,2025-12-24,373371.0,14,19.21437551002404
AIRI,2025-12-24,377805.0,13,255.64569019362898
BMNZ,2025-12-24,397547.0,14,2.2400971439220045
FJET,2025-12-24,433288.0,3,
LFMD,2025-12-24,114502.0,14,4.721578976822548
MENS,2025-12-24,105903.0,13,2.3177112092766428
MSOX,2025-12-24,547813.0,14,2.6890703797294377
PATH,2025-12-24,4395179.0,14,3.0263045138053473
RBNE,2025-12-24,20211.0,14,0.850472795474629
ZLAB,2025-12-24,37175.0,14,1.5146664648857562
AMCI,2025-12-26,4008440.0,14,3.883108512292358
BOIL,2025-12-26,555995.0,14,1.5067451843340451
CPNG,2025-12-26,3486945.0,14,7.515087987861874
HYMC,2025-12-26,410542.0,14,1.1812820377383773
PLTM,2025-12-26,335841.0,14,4.243562597813314
SGML,2025-12-26,721005.0,14,2.230837725250835
SIDU,2025-12-26,12268837.0,14,5.525515387275042
DBRG,2025-12-29,17826626.0,14,139.30674159686615
DUST,2025-12-29,3593728.0,14,6.376956652399518
GDXD,2025-12-29,1369228.0,14,9.651961867856706
GLL,2025-12-29,570603.0,14,11.837710238134049
SUPX,2025-12-29,62865.0,14,1.9016864554185888
TII,2025-12-29,201788.0,14,51.04587752741991
WOK,2025-12-29,2554495.0,14,1.6488513712699755
YANG,2025-12-29,162253.0,14,2.32426326360843
ZSL,2025-12-29,21294411.0,14,32.146468723854596
AISP,2025-12-30,447873.0,14,12.706595441999585
APVO,2025-12-30,18421.0,14,0.103856721909204
AXTI,2025-12-30,485834.0,14,1.654399801520943
BOIL,2025-12-30,1144317.0,14,3.065401480077731
CHRN,2025-12-30,3002116.0,13,1485.1215038623995
EKSO,2025-12-30,7824811.0,4,
FLYE,2025-12-30,89564.0,14,71.26838695009663
NKLR,2025-12-30,95346.0,14,4.446930426555442
PLTM,2025-12-30,168083.0,14,1.2962001860715169
SBSW,2025-12-30,770261.0,14,2.1418577398544505
SOPA,2025-12-30,3113167.0,14,12.298910534472464
AIRJ,2025-12-31,123741.0,14,7.2714886543934325
ANGH,2025-12-31,8638991.0,10,18463.327634109854
OSS,2025-12-31,54410.0,14,2.4787590259902963
ULY,2025-12-31,1927569.0,11,626.0003838091583
VNDA,2025-12-31,1342270.0,14,23.34318813647329
WULF,2025-12-31,1525754.0,14,1.3796669766961194
XERS,2025-12-31,497672.0,14,12.430191089393299
ZSL,2025-12-31,1829234.0,14,0.7307966619369478
AMPX,2026-01-02,280772.0,14,1.14585749803743
AXTI,2026-01-02,757860.0,14,2.408205936466274
BILI,2026-01-02,494601.0,14,6.368682743777938
BMNG,2026-01-02,56416.0,14,0.4125141865992848
BMNU,2026-01-02,1041423.0,14,0.8571505166123183
CRWU,2026-01-02,112881.0,14,1.14944750898998
CWVX,2026-01-02,169866.0,14,1.6523734780787052
DGNX,2026-01-02,123510.0,14,4.4475824498047745
GRRR,2026-01-02,93724.0,14,1.9223379770368885
IRE,2026-01-02,465633.0,14,0.8268500733957546
IREX,2026-01-02,30965.0,14,0.44973649265499216
IRWD,2026-01-02,6258427.0,14,90.60420189009567
NBIL,2026-01-02,19980.0,14,0.4190900836921639
NVTS,2026-01-02,1013819.0,14,1.8378402945523735
OKLL,2026-01-02,97312.0,14,0.7288465561137828
ONDL,2026-01-02,81343.0,2,
PLTM,2026-01-02,85763.0,14,0.6171766533380829
POET,2026-01-02,352054.0,14,0.9636534695588521
RVYL,2026-01-02,15438.0,14,0.21793321804715976
SIDU,2026-01-02,5269108.0,14,1.3525347800363607
SLS,2026-01-02,1243616.0,14,2.94946948721389
SMX,2026-01-02,1069730.0,14,30.17780786916694
SOC,2026-01-02,813845.0,14,1.8584697261790912
SOLT,2026-01-02,170544.0,14,0.39770612585925336
SOPA,2026-01-02,317718.0,14,0.6236026934610807
STM,2026-01-02,764938.0,14,4.974670325892865
ULY,2026-01-02,313813.0,11,1.7603637261171508
XRPT,2026-01-02,114375.0,14,1.646805582838049
XXRP,2026-01-02,19863.0,14,0.3238471007344969
ACDC,2026-01-05,50835.0,14,2.8432003132078636
ALCY,2026-01-05,26648.0,4,
ALT,2026-01-05,1984667.0,14,7.474429074623943
AMDL,2026-01-05,692460.0,14,1.2457198794325357
AMPX,2026-01-05,505799.0,14,2.0410364076627503
ARMG,2026-01-05,26440.0,14,1.4120914334543901
ASPI,2026-01-05,446819.0,14,1.8754882502143684
ASTI,2026-01-05,191369.0,14,3.0088721976770567
BBBY,2026-01-05,271812.0,14,7.3277951727882975
BEX,2026-01-05,51780.0,14,1.7819664756679425
BITU,2026-01-05,562733.0,14,3.4989274398633516
BMNG,2026-01-05,333601.0,14,2.5836522966743543
BMNU,2026-01-05,1861932.0,14,1.5730082491811375
CANF,2026-01-05,27374.0,14,0.017522604185003395
CLSK,2026-01-05,3218446.0,14,3.0768979262497687
CLSX,2026-01-05,98544.0,14,2.9203970305266433
CONL,2026-01-05,1139003.0,14,4.01975589109732
CRML,2026-01-05,1379993.0,14,4.33505038399721
CRWG,2026-01-05,725080.0,14,1.5424146869084105
CRWU,2026-01-05,85462.0,14,0.8753962801430816
CWVX,2026-01-05,69396.0,14,0.6760499871615466
DGNX,2026-01-05,88820.0,14,2.7116293370957294
DJTU,2026-01-05,93622.0,14,0.8126466313842003
GHRS,2026-01-05,250108.0,14,32.10629011553274
HELP,2026-01-05,70256.0,14,1.1552548743246418
HLX,2026-01-05,133132.0,14,4.5967139693297225
HTLD,2026-01-05,109354.0,14,8.546953769197701
IRE,2026-01-05,893416.0,14,1.6393613740421795
IREX,2026-01-05,93737.0,14,1.4169054595945092
IRWD,2026-01-05,1451043.0,14,2.8309696166835243
LABX,2026-01-05,53374.0,14,1.8905305982006417
LBRT,2026-01-05,209587.0,14,3.297048271088473
LTBR,2026-01-05,156495.0,14,3.116108991918623
MBLY,2026-01-05,1096803.0,14,7.572085064414719
MNTS,2026-01-05,23145219.0,14,87.98033405764893
MRAL,2026-01-05,268120.0,14,5.533299920398597
MSTU,2026-01-05,1307051.0,14,2.125079100886685
MSTX,2026-01-05,2600957.0,14,2.285169865909257
NBIL,2026-01-05,49034.0,14,1.3120367574262157
NOV,2026-01-05,322045.0,14,5.047732924018052
OII,2026-01-05,27709.0,14,2.011511358392143
OIS,2026-01-05,33598.0,14,2.9294985177250195
OKLL,2026-01-05,258920.0,14,1.991613518586078
PLTG,2026-01-05,127296.0,14,16.895723319333708
PLTM,2026-01-05,192687.0,14,1.3312301064444017
PSLV,2026-01-05,3822319.0,14,3.48681606397462
PTIR,2026-01-05,728915.0,14,5.6735530780362975
PUMP,2026-01-05,20465.0,14,0.49686112652608216
PURR,2026-01-05,123511.0,14,5.8940059650617815
RIOX,2026-01-05,37601.0,14,1.6185501079209688
SBSW,2026-01-05,775019.0,14,1.6805874756088457
SIDU,2026-01-05,5325809.0,14,1.2565338852816426
SLS,2026-01-05,1246120.0,14,2.559662610149602
SMR,2026-01-05,4392863.0,14,3.68112024180678
SMU,2026-01-05,348864.0,14,3.844606636145519
UAMY,2026-01-05,820854.0,14,2.1955138137168553
USAS,2026-01-05,222908.0,14,0.9094743272008337
UXRP,2026-01-05,31196.0,14,2.1429293400128553
VELO,2026-01-05,208635.0,14,1.2561471170961567
XPRO,2026-01-05,37145.0,14,2.167478034710992
XRP,2026-01-05,52228.0,14,2.189309036687496
XRPT,2026-01-05,127902.0,14,1.7333242986854587
XXRP,2026-01-05,72043.0,14,1.22925589093453
AEVA,2026-01-06,1193366.0,14,25.938429484542166
AIRO,2026-01-06,133894.0,14,4.673717699388645
ALMS,2026-01-06,3927410.0,14,107.19749668564299
ARVN,2026-01-06,111594.0,14,5.885316055149551
BKKT,2026-01-06,252620.0,14,5.425137980015524
BNAI,2026-01-06,2258773.0,14,2.5564091428822726
CRML,2026-01-06,1640232.0,14,4.124282842680146
DFLI,2026-01-06,35890.0,14,0.06990784786062174
ELAB,2026-01-06,2125800.0,14,32.18053242793192
FTRE,2026-01-06,159003.0,14,4.335848571495353
GNLX,2026-01-06,15894.0,14,3.795841080841337
HSAI,2026-01-06,752785.0,14,8.301463371599343
HSDT,2026-01-06,46223.0,14,2.8915450540219303
IMSR,2026-01-06,1145329.0,14,19.461646203216866
MBLY,2026-01-06,644659.0,14,2.9837864607922095
NBIL,2026-01-06,40592.0,14,1.0056468181568827
NBP,2026-01-06,369461.0,14,9.048430745870222
NVOX,2026-01-06,288015.0,14,2.5779580720026085
OKLL,2026-01-06,400545.0,14,2.8267541095993995
OS,2026-01-06,726429.0,14,52.63869278068777
SMU,2026-01-06,425452.0,14,3.740627280457492
SOLT,2026-01-06,301567.0,14,0.7315675876490447
TRN,2026-01-06,41003.0,14,4.884216795711733
UAMY,2026-01-06,1182543.0,14,2.8663028703711237
UXRP,2026-01-06,49159.0,14,2.9579871662074986
WVE,2026-01-06,795155.0,14,7.170248945283566
XRPT,2026-01-06,318474.0,14,3.9452556617580696
XXRP,2026-01-06,96148.0,14,1.5656605955007694
ZETA,2026-01-06,2510088.0,14,9.072198121186274
ACRV,2026-01-07,331391.0,14,21.38706212631783
ALMS,2026-01-07,586058.0,14,1.8548831001243853
AZI,2026-01-07,940549.0,14,1.4466069238622559
BEX,2026-01-07,22780.0,14,0.8928831401534241
COMP,2026-01-07,4624687.0,14,22.312972071917766
DUST,2026-01-07,2462751.0,14,2.6106601908196208
FRO,2026-01-07,397732.0,14,3.3634008460074383
GDXD,2026-01-07,678652.0,14,2.5958231334149326
GLUE,2026-01-07,1852280.0,14,46.29493025032759
MBLY,2026-01-07,4210289.0,14,16.312802955475526
MNTS,2026-01-07,745812.0,14,0.4176097684845203
MSTP,2026-01-07,35955.0,14,5.600404979917892
MSTU,2026-01-07,1048160.0,14,1.489803076919953
MSTX,2026-01-07,1909633.0,14,1.5243838529541012
OKLS,2026-01-07,114531.0,14,3.153684268496082
OSS,2026-01-07,49647.0,14,1.7612769332519076
PBF,2026-01-07,356871.0,14,3.997511653622184
PENG,2026-01-07,383561.0,14,22.84548459695981
UMC,2026-01-07,1447053.0,14,8.439479219303863
ZLAB,2026-01-07,40903.0,14,1.3121170599368508
ZSL,2026-01-07,30738948.0,14,9.502008724854177
AIRO,2026-01-08,121083.0,14,2.9938010398711463
ARDX,2026-01-08,945847.0,14,9.729027299905148
BEX,2026-01-08,98732.0,14,3.7357953086613276
BMNZ,2026-01-08,118362.0,14,0.6817074981867819
DPRO,2026-01-08,504112.0,14,5.08080471396227
DUST,2026-01-08,1668565.0,14,1.5336630152521928
ELVN,2026-01-08,537790.0,14,37.55853977312408
GDXD,2026-01-08,431883.0,14,1.4300423358009509
GMEX,2026-01-08,24035.0,14,0.3285922844434028
HUYA,2026-01-08,613016.0,14,13.51854932204244
ICON,2026-01-08,50561.0,14,4.8852219162577555
MLTX,2026-01-08,1984194.0,14,58.50725055866687
MNTS,2026-01-08,519277.0,14,0.2866432530005093
NEOG,2026-01-08,953557.0,14,21.762438603726896
NRIX,2026-01-08,99958.0,14,4.0016699694315525
NTLA,2026-01-08,672714.0,14,4.117124324267612
ONDS,2026-01-08,9651508.0,14,2.931182255473252
OSCR,2026-01-08,1063941.0,14,4.53346461306213
OSS,2026-01-08,737041.0,14,24.002098147721696
RCAT,2026-01-08,1928306.0,14,4.289223035344885
SMPL,2026-01-08,124402.0,14,4.129076615235801
VWAV,2026-01-08,149861.0,14,12.328005828916597
XERS,2026-01-08,142814.0,14,1.6450166443699576
ZSL,2026-01-08,16133577.0,14,2.9798980634310537
AEHR,2026-01-09,309407.0,14,11.065041024226263
ASPI,2026-01-09,1747127.0,14,7.303425445114379
CETX,2026-01-09,1027874.0,14,2.185767439373669
CLPT,2026-01-09,77512.0,14,3.6827551567558765
CRML,2026-01-09,1751132.0,14,1.9966791849465289
ICON,2026-01-09,150574.0,14,13.256670670431463
IMSR,2026-01-09,471361.0,14,2.834721901838409
INBS,2026-01-09,158265.0,14,0.32878679599848526
KALV,2026-01-09,334586.0,14,15.537723112849244
KUST,2026-01-09,88688.0,14,5.13523059552416
LTBR,2026-01-09,180793.0,14,2.320464184148137
MLTX,2026-01-09,586417.0,14,3.403982779902257
NKLR,2026-01-09,90557.0,14,2.6069856963076896
NVA,2026-01-09,86365.0,13,0.9066254406974283
NVOX,2026-01-09,171628.0,14,1.2802484205972133
OPEN,2026-01-09,13631354.0,14,6.969631174333035
OPEX,2026-01-09,215368.0,14,17.93356291894914
OSCR,2026-01-09,1122716.0,14,3.7157210598890202
QURE,2026-01-09,449884.0,14,10.735715685856734
RZLV,2026-01-09,2204639.0,14,2.02177838728551
SATL,2026-01-09,710094.0,14,3.270456977635865
SMR,2026-01-09,7776420.0,14,4.559595257261845
SMU,2026-01-09,242797.0,14,1.676167135534423
SPRY,2026-01-09,759954.0,14,15.036683814800158
TLRY,2026-01-09,1648465.0,14,2.8746668945290357
UWMC,2026-01-09,2247489.0,14,7.163528457435365
ZNTL,2026-01-09,663192.0,14,11.553076880004479
ABCL,2026-01-12,531161.0,14,3.295055104768184
ADPT,2026-01-12,301072.0,14,8.58172371177679
AG,2026-01-12,3339014.0,14,2.5938541683659877
AMPG,2026-01-12,328373.0,14,16.840628022155148
ASM,2026-01-12,884940.0,14,2.388330278158135
BEAM,2026-01-12,305817.0,14,7.240402079394446
CDE,2026-01-12,1863943.0,14,1.5912487666316832
CRML,2026-01-12,3542464.0,14,3.5978691286560873
DAWN,2026-01-12,355101.0,14,9.974827245804542
EXK,2026-01-12,1621583.0,14,1.7895631579959685
FULC,2026-01-12,39840.0,14,3.2543512127382734
GOVX,2026-01-12,40925.0,14,0.22475299530095796
HL,2026-01-12,2860120.0,14,2.549733639152689
HMY,2026-01-12,814740.0,14,4.868788872569044
HYMC,2026-01-12,432010.0,14,0.9706058314599962
INBS,2026-01-12,626089.0,14,1.2818362106446015
KC,2026-01-12,389695.0,14,7.799415300819866
LAR,2026-01-12,928209.0,14,5.053575595232539
LFMD,2026-01-12,86462.0,14,1.289575733815157
NVA,2026-01-12,249659.0,14,2.6384181686561092
OM,2026-01-12,14899842.0,14,2087.2511031729355
OPTX,2026-01-12,714629.0,14,0.8121446595278267
OSS,2026-01-12,232946.0,14,2.072973900662336
PSLV,2026-01-12,3175490.0,14,1.9478731434036023
RXST,2026-01-12,98559.0,14,6.186839202604181
SATL,2026-01-12,972345.0,14,3.929585271015735
SBSW,2026-01-12,696960.0,14,1.3604043022362213
SGML,2026-01-12,377881.0,14,1.0230310554442024
SNCY,2026-01-12,661015.0,14,38.58782763883213
SOLT,2026-01-12,848943.0,14,2.5042397522814848
STKL,2026-01-12,205716.0,14,13.05541251133273
TEMT,2026-01-12,160532.0,14,5.425067166178661
TLS,2026-01-12,106578.0,14,2.166445969962017
TMQ,2026-01-12,855228.0,14,3.0799564239328814
VELO,2026-01-12,121913.0,14,0.7512043030534832
VWAV,2026-01-12,209976.0,14,8.55117766665794
ZBIO,2026-01-12,109695.0,14,1.7699838183972376
AKTS,2026-01-13,34644.0,1,
AMDL,2026-01-13,3334699.0,14,5.615633921442351
AZIO,2026-01-13,12929853.0,14,3.260455541718905
BGDE,2026-01-13,24674.0,14,3.8671383471777534
BKSY,2026-01-13,105584.0,14,1.267460664523044
DFNS,2026-01-13,278717.0,14,4.966225667067575
DGXX,2026-01-13,653123.0,14,4.642930334632215
EVTV,2026-01-13,12929853.0,12,3.164453668789903
INUV,2026-01-13,109369.0,14,26.459632266537636
KELYA,2026-01-13,92864.0,14,8.985948396817827
MIGI,2026-01-13,24674.0,10,3.540333457686458
NVA,2026-01-13,191905.0,14,2.101926624596892
OSS,2026-01-13,1356148.0,14,10.554989306623334
PDYN,2026-01-13,984209.0,14,8.85980357737629
RCAT,2026-01-13,3348409.0,14,5.314655931326961
ADNT,2026-01-14,105748.0,14,12.525779650405267
AGIG,2026-01-14,103149.0,14,5.743765362861847
AZI,2026-01-14,1454345.0,14,5.913564979181382
BMNG,2026-01-14,518997.0,14,3.396266048922219
BMNU,2026-01-14,1756240.0,14,1.2998183495165494
BNAI,2026-01-14,147342.0,14,0.1394517596726799
CLSK,2026-01-14,5636994.0,14,5.355923912110307
CLSX,2026-01-14,69043.0,14,2.0036565723986826
FLYX,2026-01-14,352737.0,11,0.13029349748607644
GCDT,2026-01-14,27876.0,0,
GSIT,2026-01-14,681465.0,14,8.324260606975429
KULR,2026-01-14,1271494.0,14,22.079175819337138
MSTP,2026-01-14,69051.0,14,5.439993247235587
MSTU,2026-01-14,1539213.0,14,2.168191163202478
MSTX,2026-01-14,3325905.0,14,2.8320457772488945
OKLS,2026-01-14,178039.0,14,0.9903600115702111
RIOX,2026-01-14,31076.0,14,1.2503168440322678
SPT,2026-01-14,125695.0,14,6.407266080700247
UVIX,2026-01-14,2647020.0,14,4.432961326897386
VMAR,2026-01-14,29762.0,14,0.06148417704848268
AEHR,2026-01-15,71353.0,14,1.1131513260530421
AEVA,2026-01-15,444608.0,14,1.7484584269662922
AMPL,2026-01-15,107554.0,14,8.317623403597153
ARMG,2026-01-15,141465.0,14,5.923233132852618
BDSX,2026-01-15,22807.0,13,0.10530923851117696
CRDU,2026-01-15,24480.0,14,0.8435021880060841
CRWG,2026-01-15,1896220.0,14,3.074569701096949
CRWU,2026-01-15,255727.0,14,3.905988193155696
EYPT,2026-01-15,96704.0,14,3.8956633834874212
GNPX,2026-01-15,227267.0,14,4.502024096726496
ICHR,2026-01-15,203033.0,14,7.390677611342665
LABX,2026-01-15,64549.0,14,1.701411494919409
LPTH,2026-01-15,420848.0,14,3.8876310338934625
LTRX,2026-01-15,204245.0,14,7.305123803100442
NBIG,2026-01-15,59780.0,14,3.2715574023618443
NBIL,2026-01-15,33654.0,14,1.0213413510625151
OCUL,2026-01-15,2361206.0,14,34.17378584269686
RFIL,2026-01-15,184578.0,14,60.05745229739466
RILY,2026-01-15,1232197.0,14,41.23828465835881
ROLR,2026-01-15,1148375.0,12,0.7804402712730076
SIDU,2026-01-15,8119655.0,14,2.0207128669701517
ZSL,2026-01-15,29088248.0,14,3.5179263292044234
ACCL,2026-01-16,424260.0,9,
AISP,2026-01-16,269999.0,14,3.562636662494534
AMDL,2026-01-16,1171594.0,14,1.428483616604892
AZIO,2026-01-16,1551907.0,14,0.30824548337903546
BNAI,2026-01-16,233872.0,14,0.2181455012680484
CGTL,2026-01-16,39308.0,14,0.7557040473159565
CRWU,2026-01-16,34471.0,14,0.43852288825341956
DFNS,2026-01-16,1309329.0,14,16.330030316015282
EVTV,2026-01-16,1551907.0,12,0.29095427628895204
IBRX,2026-01-16,11111874.0,14,12.996777085551974
KOPN,2026-01-16,1359790.0,14,10.210418595271374
NVOX,2026-01-16,34836.0,14,0.523696621395253
RIOT,2026-01-16,2541532.0,14,3.9829891419268892
RIOX,2026-01-16,95779.0,14,3.3509665004810634
ROLR,2026-01-16,1180619.0,13,0.8161373382433298
SMU,2026-01-16,74841.0,14,0.4488367779419394
TII,2026-01-16,241330.0,14,6.669812102954473
UMC,2026-01-16,2207236.0,14,5.976073892872662
VOR,2026-01-16,44355.0,14,0.704695587439244
ZSL,2026-01-16,23445754.0,14,2.2871718625715283
ZURA,2026-01-16,49728.0,14,2.256722107508339
ACHC,2026-01-20,590197.0,14,14.837804737893089
AG,2026-01-20,3621538.0,14,2.3424780543697215
AZIO,2026-01-20,1055340.0,14,0.2051126309451977
BMNZ,2026-01-20,100193.0,14,0.9485214662943002
BOIL,2026-01-20,8736786.0,14,18.782800259517895
BTCZ,2026-01-20,477912.0,14,4.424868211599496
BTOG,2026-01-20,15658.0,14,0.14006995446697737
CGAU,2026-01-20,60352.0,14,1.2250695231826103
CMCL,2026-01-20,188284.0,14,5.368881791870429
CORD,2026-01-20,132346.0,14,3.8578814221019204
CRK,2026-01-20,146498.0,14,1.7133295685792285
CRML,2026-01-20,3888623.0,14,2.4856828348206674
CRVS,2026-01-20,3064944.0,14,87.67145589172755
EVTV,2026-01-20,1055340.0,13,0.20927107300453923
FNGD,2026-01-20,1293553.0,14,2.973714843449171
HIBS,2026-01-20,105962.0,14,3.3037316158457823
HL,2026-01-20,3790281.0,14,2.8713875538744325
HMY,2026-01-20,394450.0,14,1.7562388889418934
IAG,2026-01-20,1240008.0,14,7.6743039349562725
IBRX,2026-01-20,14055398.0,14,8.645345687167994
IONZ,2026-01-20,132448.0,14,2.1269221504685656
IVF,2026-01-20,11431285.0,13,2995.37823510441
MSTZ,2026-01-20,1822358.0,14,4.352837464173518
OKLS,2026-01-20,196378.0,14,0.9637758332147291
ORLA,2026-01-20,220202.0,14,3.258672484614783
PLTM,2026-01-20,170966.0,14,1.3918928506214752
QBTZ,2026-01-20,172146.0,14,0.8499037439868644
RGTZ,2026-01-20,274890.0,14,1.277824982144796
SHPH,2026-01-20,5738834.0,13,143.7417479095218
SKM,2026-01-20,60545.0,14,7.588587083027449
SVM,2026-01-20,1450951.0,14,4.504890812475647
TECS,2026-01-20,294850.0,14,2.84996057735193
TII,2026-01-20,315748.0,14,5.954500084189257
TZA,2026-01-20,4525173.0,14,2.8555638026434162
UMC,2026-01-20,1721018.0,14,3.293526648868267
UNG,2026-01-20,12803115.0,14,18.235422663333406
USAS,2026-01-20,597234.0,14,1.6388074673528223
UVIX,2026-01-20,3135721.0,14,3.565555604558151
VIXY,2026-01-20,616174.0,14,6.020843657215923
VXX,2026-01-20,1998639.0,14,6.253717573067459
VZLA,2026-01-20,1049977.0,14,2.299931391700195
AGIG,2026-01-21,70730.0,14,1.6137717036665222
APLS,2026-01-21,78368.0,14,2.1132970957266073
ARMG,2026-01-21,96445.0,14,2.6934408930327565
AVR,2026-01-21,1234724.0,14,92.66022706562175
BHVN,2026-01-21,277733.0,14,4.072975512465838
BNAI,2026-01-21,735556.0,14,2.1496499178469146
BOIL,2026-01-21,1083739.0,14,1.0058075909826751
CYH,2026-01-21,155575.0,14,4.65404249227015
FCEL,2026-01-21,447299.0,14,4.199066871942323
GMEU,2026-01-21,57461.0,14,5.763720517009142
IMSR,2026-01-21,328673.0,14,1.2220205921197125
IRE,2026-01-21,1028940.0,14,1.6412055714465075
IREX,2026-01-21,94665.0,14,1.2236266272735667
KEP,2026-01-21,107579.0,14,4.389802152192415
LPTH,2026-01-21,333213.0,14,1.9784813347696641
LTBR,2026-01-21,116755.0,14,1.4679120709381124
NUAI,2026-01-21,945328.0,14,2.443360565289401
OKLL,2026-01-21,715918.0,14,3.282941097474296
ONDS,2026-01-21,8714915.0,14,1.562045191210868
OPTX,2026-01-21,235169.0,14,0.6026500842829233
RZLV,2026-01-21,4849827.0,14,3.0265529991290436
SATL,2026-01-21,1166749.0,14,2.8175814334256226
SBH,2026-01-21,151027.0,14,5.755711808532937
SGHC,2026-01-21,214357.0,14,4.585715966584304
SLGB,2026-01-21,2865693.0,13,127.859836082453
SMR,2026-01-21,3469190.0,14,1.6545053027216767
SMU,2026-01-21,352358.0,14,2.337114019428368
TII,2026-01-21,206877.0,14,3.382178703427981
TROX,2026-01-21,199519.0,14,2.2978987704574134
UNG,2026-01-21,5517004.0,14,3.4745303631618896
VELO,2026-01-21,89334.0,14,0.7475979212469649
ZENA,2026-01-21,186953.0,14,2.672971890995396
ADTN,2026-01-22,284021.0,14,12.725036642579639
ARMG,2026-01-22,220126.0,14,5.251034696628142
BOIL,2026-01-22,977321.0,14,0.9106993122145514
CRDU,2026-01-22,34126.0,14,1.083411756969121
CRVS,2026-01-22,1447453.0,14,4.5085161772326
CRWG,2026-01-22,1416144.0,14,1.5925147849287467
CRWU,2026-01-22,41899.0,14,0.4980446230104485
EGBN,2026-01-22,65860.0,14,9.276429634995372
FBL,2026-01-22,195899.0,14,2.574175702983698
GLDD,2026-01-22,188880.0,14,9.978001245212534
GLSI,2026-01-22,251153.0,14,14.414494262721833
GME.WS,2026-01-22,27242.0,14,1.0182348261150476
IBRX,2026-01-22,6677149.0,14,2.1551481122333156
IMSR,2026-01-22,707523.0,14,2.460537539800789
IRDM,2026-01-22,511980.0,14,6.895234137359815
IRE,2026-01-22,938557.0,14,1.3772600802785169
IREX,2026-01-22,97402.0,14,1.2079872931842603
LABX,2026-01-22,33424.0,14,0.7280648253027795
METU,2026-01-22,694464.0,14,4.552828046087891
NBIG,2026-01-22,28418.0,14,0.9059736805550812
NBIL,2026-01-22,111573.0,14,2.149603113440197
OPRT,2026-01-22,133660.0,14,7.789725209080048
OPTX,2026-01-22,106967.0,14,0.26405480915801716
ORCU,2026-01-22,58329.0,14,3.9632025702873617
ORCX,2026-01-22,894795.0,14,3.2313367540557025
RGTU,2026-01-22,33455.0,14,1.8600430490139233
RGTX,2026-01-22,633847.0,14,5.197019016216786
ROLR,2026-01-22,319310.0,14,0.2197378819842699
SHMD,2026-01-22,33388.0,14,2.320694671307076
SMCX,2026-01-22,439752.0,14,2.4670182814579964
SMU,2026-01-22,132560.0,14,0.7754158609612977
SPHL,2026-01-22,32602.0,11,0.041370266201216276
SSL,2026-01-22,123860.0,14,1.344897843637128
SXTP,2026-01-22,36187213.0,14,676.8103620104149
TMC,2026-01-22,4767378.0,14,12.180259681861616
VELO,2026-01-22,123920.0,14,0.9983312041800458
VG,2026-01-22,3560125.0,14,7.1998234776208765
AMDL,2026-01-23,2487539.0,14,2.3847713661550336
ASTI,2026-01-23,855268.0,14,8.209865344174913
BGL,2026-01-23,1058147.0,14,125.43337595149997
BNAI,2026-01-23,122834.0,14,0.36691415279562317
BOIL,2026-01-23,2125321.0,14,1.8817305739714196
CSIQ,2026-01-23,615896.0,14,2.15271799076352
DBVT,2026-01-23,99285.0,14,10.262470098343226
DQ,2026-01-23,85943.0,14,2.8548562371576764
DRCT,2026-01-23,4720730.0,14,16.92305171103032
ERIC,2026-01-23,4317346.0,14,13.595114086520597
KUST,2026-01-23,7735701.0,14,422.02899262324786
LAC,2026-01-23,3904536.0,14,3.2867205699984217
MOVE,2026-01-23,9521648.0,14,7976.965591526539
NAMM,2026-01-23,3702470.0,14,11.492602637189552
NB,2026-01-23,1808327.0,14,6.326125356673528
QURE,2026-01-23,359235.0,14,4.69320928322804
RDW,2026-01-23,3905008.0,14,2.625791812454969
SGML,2026-01-23,846801.0,14,1.8752992040839183
SIDU,2026-01-23,3460372.0,14,1.1821557112858478
SLM,2026-01-23,374614.0,14,11.520001757237623
SMCL,2026-01-23,185259.0,14,0.8497941065456033
SMCX,2026-01-23,188626.0,14,0.9361480075564991
SPIR,2026-01-23,89374.0,14,2.0023236015183423
TMC,2026-01-23,1299594.0,14,1.8023739330971684
UNG,2026-01-23,4406015.0,14,2.17693036218148
VNET,2026-01-23,169369.0,14,0.46049157870164836
AG,2026-01-26,3771835.0,14,2.1232012382076015
ALM,2026-01-26,1466940.0,14,6.7273059604835685
AREC,2026-01-26,1076922.0,14,3.0099107861550847
ASM,2026-01-26,1061254.0,14,2.073644927171129
ATLX,2026-01-26,144900.0,14,1.812112371333858
BATL,2026-01-26,28954192.0,14,6305.747744384295
BGL,2026-01-26,297549.0,14,3.588550231860561
BMNZ,2026-01-26,450884.0,14,3.9515970712847683
CDE,2026-01-26,2524540.0,14,1.958465757037839
CRML,2026-01-26,2932912.0,14,1.3674086801386207
CRWG,2026-01-26,4302641.0,14,4.148311657706327
CRWU,2026-01-26,214067.0,14,2.6007817259411863
DC,2026-01-26,195411.0,14,2.4097275071875526
EXK,2026-01-26,2120619.0,14,2.0918900282963917
FSM,2026-01-26,741153.0,14,2.0743687815769145
GRI,2026-01-26,57338.0,14,0.29607046395309683
IE,2026-01-26,127124.0,14,2.3073031792353396
ITRG,2026-01-26,457961.0,14,2.9724781275687446
KC,2026-01-26,134481.0,14,1.6262991500241863
LAC,2026-01-26,3270255.0,14,2.2791214209059683
LRHC,2026-01-26,40659.0,13,0.08855784942784807
MICC,2026-01-26,150543.0,14,3.4152665966631663
MUX,2026-01-26,165643.0,14,2.138424851813464
NB,2026-01-26,1113389.0,14,2.75468505733476
NBIG,2026-01-26,86555.0,14,2.294232469551158
NBIL,2026-01-26,98760.0,14,1.5918468850163947
NEXA,2026-01-26,54756.0,14,1.7175620237452418
NGD,2026-01-26,966152.0,14,1.5254067590690978
OPTX,2026-01-26,178856.0,14,0.4297365152573742
ORLA,2026-01-26,221485.0,14,2.7666752322522847
PLG,2026-01-26,1361246.0,14,4.4621203908555005
SCZM,2026-01-26,118732.0,3,
SLI,2026-01-26,401890.0,14,2.867310340328944
SSRM,2026-01-26,382561.0,14,1.9678731179587647
SVM,2026-01-26,918378.0,14,2.3502040776037787
TGB,2026-01-26,876196.0,14,2.4167338323988576
TMQ,2026-01-26,1706663.0,14,4.406228729127921
UAMY,2026-01-26,2236262.0,14,2.399548535499562
UMC,2026-01-26,1008969.0,14,1.3008761245335683
USAS,2026-01-26,1139266.0,14,2.5910163441540055
VGZ,2026-01-26,359635.0,14,4.127510478859061
VZLA,2026-01-26,1504151.0,14,2.9764594120019163
BAK,2026-01-27,150470.0,14,2.588915707663342
CODI,2026-01-27,52153.0,14,1.2890219638402558
CRWG,2026-01-27,1115997.0,14,0.8632783159529775
CRWU,2026-01-27,67368.0,14,0.7363042546530755
FSLY,2026-01-27,650629.0,14,7.185918801884835
HSHP,2026-01-27,468973.0,14,25.890085017113833
KC,2026-01-27,440235.0,14,4.892952352523686
KOLD,2026-01-27,617901.0,14,2.288119077432389
NAMM,2026-01-27,4003036.0,14,3.572591314707135
NBIG,2026-01-27,120902.0,14,2.862495602998079
NBIL,2026-01-27,72444.0,14,1.1044471208818014
NTLA,2026-01-27,1677364.0,14,4.718385110514805
NUWE,2026-01-27,5267224.0,14,712.6124468496328
PURR,2026-01-27,278911.0,14,6.628450661189292
QBTX,2026-01-27,107401.0,14,1.5577601863161636
RDW,2026-01-27,2918187.0,14,1.6116529097954304
RR,2026-01-27,5844725.0,14,3.865611090550449
SATL,2026-01-27,889121.0,14,1.3125801797629495
SKM,2026-01-27,269343.0,14,17.870760743872154
UMC,2026-01-27,2785316.0,14,3.4170999482542035
VNET,2026-01-27,384879.0,14,1.1011534274519452
AI,2026-01-28,1876354.0,14,9.123423958778684
ARI,2026-01-28,529119.0,14,15.231768552217629
BATL,2026-01-28,761744.0,14,0.3604456237409484
CCUP,2026-01-28,34678.0,14,0.982469063350568
CRCA,2026-01-28,594210.0,14,1.19996555429245
CRWG,2026-01-28,1252581.0,14,0.9328013172313566
CRWU,2026-01-28,74379.0,14,0.8098500467801784
EXTR,2026-01-28,318993.0,14,10.350314618459933
KRRO,2026-01-28,49268.0,14,7.938677562294988
LTRX,2026-01-28,680027.0,14,10.256253965791581
LZ,2026-01-28,358835.0,14,15.644081414033208
NVA,2026-01-28,196969.0,14,1.783056230719044
ONDS,2026-01-28,14853606.0,14,2.5843236818917337
PDYN,2026-01-28,3621881.0,14,16.088055714195065
PURR,2026-01-28,413107.0,14,7.446982641513321
SNXX,2026-01-28,263890.0,1,
STEX,2026-01-28,489047.0,14,7.3911651355348535
SUPX,2026-01-28,171715.0,14,11.449793056805788
THM,2026-01-28,465914.0,14,3.7212219544699416
AGIG,2026-01-29,79562.0,14,1.4183258206636618
AMPX,2026-01-29,1223224.0,14,3.6668022034469168
ASM,2026-01-29,568799.0,14,0.977291841883936
AUST,2026-01-29,2091275.0,14,26.579499237417387
BEKE,2026-01-29,1023488.0,14,3.9092521233907465
BMNZ,2026-01-29,102723.0,14,0.7619132891199747
GUSH,2026-01-29,266481.0,14,2.2424804527837354
IE,2026-01-29,195547.0,14,3.129599674426102
INMD,2026-01-29,329137.0,14,8.402384364868363
KRRO,2026-01-29,146958.0,14,15.506572203798614
LBRT,2026-01-29,325865.0,14,4.771322969569692
MSFD,2026-01-29,130766.0,14,7.889963453316784
NAMM,2026-01-29,2586315.0,14,1.7054612151622113
ROLR,2026-01-29,82847.0,14,0.05544050242892589
SER,2026-01-29,2383412.0,13,391.94904619743966
SLGB,2026-01-29,152094.0,13,0.6095177674363547
SUPX,2026-01-29,159529.0,14,5.877585285812409
TAL,2026-01-29,866725.0,14,7.023044840666712
TGB,2026-01-29,728230.0,14,1.8255097440187422
THM,2026-01-29,433358.0,14,2.809081459497126
UCO,2026-01-29,905299.0,14,6.721798322492025
VENU,2026-01-29,150961.0,14,16.737843317388414
VIAV,2026-01-29,1374070.0,14,8.280726252774844
VTIX,2026-01-29,338282.0,1,
XHLD,2026-01-29,4356585.0,13,241.68030775664522
AMDD,2026-01-30,1144302.0,14,4.233627366285214
ANL,2026-01-30,462796.0,12,127.2349706744868
BMNZ,2026-01-30,45540.0,14,0.34059966611018366
CATX,2026-01-30,642001.0,14,14.532706623463136
DUST,2026-01-30,5589586.0,14,3.392539865295874
FEED,2026-01-30,3362683.0,14,3.258806223894627
GDXD,2026-01-30,1947969.0,14,4.203329271016249
GLL,2026-01-30,711960.0,14,5.57163938824792
GMEU,2026-01-30,50920.0,14,1.9839365923979895
IREZ,2026-01-30,28025.0,6,
JOBX,2026-01-30,39630.0,14,2.242548685157191
LRHC,2026-01-30,676655.0,14,1.5788224592422622
MRAM,2026-01-30,341799.0,14,4.998972038185021
RSI,2026-01-30,275924.0,14,15.10452126515658
SOFX,2026-01-30,103950.0,14,3.989746682750302
SUPX,2026-01-30,116739.0,14,3.143456685643945
UNG,2026-01-30,2353780.0,14,1.051615211231468
YANG,2026-01-30,150661.0,14,1.5976473707133254
APPX,2026-02-02,100510.0,14,1.3486878678091514
AQST,2026-02-02,2326756.0,14,8.136414761380824
AREB,2026-02-02,162236.0,14,0.7612338179865764
ATOS,2026-02-02,27149.0,14,0.24412404347507735
AVTX,2026-02-02,64388.0,14,17.55192959227384
BITI,2026-02-02,532067.0,14,7.529929926287145
BMNZ,2026-02-02,139178.0,14,1.0757850474926405
BTCZ,2026-02-02,317805.0,14,2.210180420052854
CATX,2026-02-02,323824.0,14,3.7704183979321293
CNTN,2026-02-02,93319.0,14,2.26639558262541
CRML,2026-02-02,1591192.0,14,0.7745310513350183
CRMX,2026-02-02,89148.0,13,2.8510306450541583
DPRO,2026-02-02,113409.0,14,0.6976393487282802
DRIP,2026-02-02,511325.0,14,1.3449226775845406
GLL,2026-02-02,3546189.0,14,20.45652910215111
GME.WS,2026-02-02,93152.0,14,3.1475966934170034
IREZ,2026-02-02,44768.0,7,
KOLD,2026-02-02,2767147.0,14,6.414002903019063
MSTZ,2026-02-02,737619.0,14,1.42866376534459
NAMM,2026-02-02,707099.0,14,0.4055348867866859
NB,2026-02-02,287944.0,14,0.551315249265659
OILD,2026-02-02,54350.0,14,1.8359625713610106
ONDL,2026-02-02,63263.0,14,1.3391788460782446
OPRA,2026-02-02,335737.0,14,12.296932515337422
ORCX,2026-02-02,650284.0,14,1.5791030553053509
PTIR,2026-02-02,450677.0,14,2.350071122536737
SCO,2026-02-02,491183.0,14,6.5512404992864335
SGML,2026-02-02,543109.0,14,1.196161284811423
SMX,2026-02-02,24661.0,14,0.44930435088148524
TMC,2026-02-02,582099.0,14,0.5856269001072317
UAMY,2026-02-02,996351.0,14,0.9546702339664852
USAR,2026-02-02,3993387.0,14,1.7383792793281332
UUUG,2026-02-02,16423.0,13,0.9467594953548703
VHUB,2026-02-02,262156.0,0,
AES,2026-02-03,1981380.0,14,5.638371133433881
AG,2026-02-03,2290586.0,14,1.1259232200946454
AMPX,2026-02-03,1740804.0,14,4.0883082757722935
ANL,2026-02-03,227742.0,12,4.845866594794722
AREC,2026-02-03,375654.0,14,1.0042239549668848
ARIS,2026-02-03,115849.0,14,0.8886652154068779
ASM,2026-02-03,885918.0,14,1.344658245331775
ASPI,2026-02-03,282448.0,14,0.8381089966952714
BTG,2026-02-03,3057186.0,14,1.332550336145089
CDE,2026-02-03,2259855.0,14,1.4829886444717209
CGAU,2026-02-03,150626.0,14,1.3526666358770674
CRML,2026-02-03,1744647.0,14,0.9110344944628443
CRMX,2026-02-03,71677.0,14,2.0246065196382057
EQX,2026-02-03,644218.0,14,1.3662831027096909
EXK,2026-02-03,1445960.0,14,1.2992986070920536
FATN,2026-02-03,2355023.0,11,930.6050580163093
FIEE,2026-02-03,377125.0,13,91.36290788468348
FSM,2026-02-03,461006.0,14,1.029623710454565
HBM,2026-02-03,240096.0,14,0.8910867308999956
HL,2026-02-03,3057743.0,14,1.6409877067760985
HMY,2026-02-03,553921.0,14,2.069467820603108
IAG,2026-02-03,538715.0,14,1.6773407401328482
IE,2026-02-03,125599.0,14,1.6282482579808784
IONX,2026-02-03,159490.0,14,1.0844774972594948
IRE,2026-02-03,527838.0,14,0.6608522674225398
IREX,2026-02-03,150141.0,14,1.4463445631703273
ITRG,2026-02-03,251423.0,14,1.3520428975843222
LAC,2026-02-03,1436044.0,14,0.8936510492032641
NAMM,2026-02-03,451535.0,14,0.2517487636155218
NG,2026-02-03,340158.0,14,1.4477602819997173
NGD,2026-02-03,1332748.0,14,1.4930906891609943
NGL,2026-02-03,54645.0,14,3.9092776551385824
NVA,2026-02-03,101418.0,14,0.9020689392278882
ODV,2026-02-03,301946.0,14,2.8749212791743117
OKLL,2026-02-03,196539.0,14,0.7952897896209697
ONDL,2026-02-03,79504.0,14,1.6286415793370461
ORLA,2026-02-03,225221.0,14,1.5966997458421468
PDYN,2026-02-03,408132.0,14,0.8346097963944891
PLTG,2026-02-03,101555.0,14,9.550413112111237
PLTM,2026-02-03,84033.0,14,0.7444831164886346
POET,2026-02-03,785818.0,14,1.1134472199020031
PPTA,2026-02-03,236968.0,14,1.9701691082325945
PSLV,2026-02-03,2630631.0,14,1.517830331529285
PTIR,2026-02-03,1148727.0,14,5.370720911616518
PURR,2026-02-03,487835.0,14,3.5705308569558456
QBTX,2026-02-03,67036.0,14,0.9526083187676742
RDW,2026-02-03,3047761.0,14,1.303713666237612
RGTX,2026-02-03,111556.0,14,0.6522105352833311
RKT,2026-02-03,3700719.0,14,3.7159210986374616
SCZM,2026-02-03,44385.0,9,
SERV,2026-02-03,365769.0,14,0.9137717639652333
SGML,2026-02-03,568847.0,14,1.2211071302949446
SGMT,2026-02-03,95506.0,14,3.174064042273883
SMU,2026-02-03,114590.0,14,1.0275958282783897
SOFX,2026-02-03,48189.0,14,1.411160080237785
SSRM,2026-02-03,205799.0,14,0.8895297590397527
SVM,2026-02-03,623391.0,14,1.1834769714561182
TII,2026-02-03,36242.0,14,0.3161360950100532
TMQ,2026-02-03,230032.0,14,0.39877565662217884
UEC,2026-02-03,625667.0,14,0.9419174738358885
USAR,2026-02-03,3014250.0,14,1.188661722864461
USAS,2026-02-03,824213.0,14,1.3853609892109997
UUUU,2026-02-03,916662.0,14,0.9165805552706602
VELO,2026-02-03,215043.0,14,1.500553997429133
VZLA,2026-02-03,933437.0,14,1.0483496784183508
WRN,2026-02-03,237172.0,14,1.2119608759940417
WULF,2026-02-03,3704822.0,14,4.103808639236843
AMDD,2026-02-04,776818.0,14,2.1082966117252866
ANL,2026-02-04,49429.0,12,0.7492960522077243
APPS,2026-02-04,1712718.0,14,14.283736900546614
AXTI,2026-02-04,325412.0,14,0.7150002801449723
BMNZ,2026-02-04,47770.0,14,0.37189878133888676
BOIL,2026-02-04,1930589.0,14,1.5706969930619852
CIGL,2026-02-04,563377.0,11,190.24826548781235
DAMD,2026-02-04,37092.0,14,1.777768648515411
DBVT,2026-02-04,48435.0,14,2.3036000013588755
DQ,2026-02-04,128102.0,14,3.6909785035861655
FEED,2026-02-04,5734771.0,14,4.31956165431883
HIMS,2026-02-04,1342599.0,14,1.8607558358533438
HIMZ,2026-02-04,624278.0,14,2.930747983744543
IREZ,2026-02-04,32540.0,9,
JKS,2026-02-04,288342.0,14,7.233000123632206
LLYX,2026-02-04,367369.0,14,18.10846419266249
PSLV,2026-02-04,1982573.0,14,1.0879463781930814
RUN,2026-02-04,1100137.0,14,2.3375485417258886
RVSN,2026-02-04,36449.0,14,0.053756585441394444
SMCL,2026-02-04,1441205.0,14,6.120811652095885
SMCX,2026-02-04,660666.0,14,3.3760008292794033
SMCY,2026-02-04,396240.0,14,6.5636647175334435
SONO,2026-02-04,249844.0,14,9.38451714682793
TLF,2026-02-04,21324.0,6,
YOOV,2026-02-04,563377.0,3,
ZBIO,2026-02-04,108110.0,14,5.30601226993865
BNAI,2026-02-05,313880.0,14,1.7554515304553056
BTCZ,2026-02-05,386954.0,14,2.3929741207380846
BYRN,2026-02-05,204126.0,14,11.290913185541065
CORD,2026-02-05,27276.0,14,0.2787741541264874
DUST,2026-02-05,2841511.0,14,1.3362099641558134
EMBC,2026-02-05,54992.0,14,5.334220189842722
EZPW,2026-02-05,160192.0,14,11.259039108388976
GDXD,2026-02-05,551514.0,14,0.8037693023093129
GGLS,2026-02-05,1422998.0,14,12.612722647599199
HIMS,2026-02-05,3111366.0,14,4.144462345574998
HIMZ,2026-02-05,1018540.0,14,4.460954029169784
MSTZ,2026-02-05,1066934.0,14,1.9000940056454272
NIO,2026-02-05,13871707.0,14,4.502479153905165
OSW,2026-02-05,184213.0,14,21.275394121383613
QBTZ,2026-02-05,155639.0,14,0.8882171950718418
RKLZ,2026-02-05,866372.0,14,1.006877764528958
SIRI,2026-02-05,2581442.0,14,16.72680602513636
TENB,2026-02-05,512392.0,14,19.05830280262595
UVIX,2026-02-05,2116828.0,14,1.83902546938892
ABAT,2026-02-06,189680.0,14,0.5067846222607977
ADIL,2026-02-06,32542.0,14,0.7921478622224541
ADPT,2026-02-06,79132.0,14,2.2638202917622827
AEVA,2026-02-06,97594.0,14,0.6644132414262616
AMPX,2026-02-06,315531.0,14,0.5424626588545964
AMZD,2026-02-06,1118448.0,14,10.891286565652631
APLD,2026-02-06,1470538.0,14,0.9577795608228735
APPX,2026-02-06,129857.0,14,1.2350529891304347
ARKB,2026-02-06,661759.0,14,1.925451169189875
ASST,2026-02-06,433056.0,14,0.12334647428000109
ASTI,2026-02-06,113838.0,14,0.6207472732576912
BEX,2026-02-06,128540.0,14,3.777366363983661
BHVN,2026-02-06,116884.0,14,1.664797421581235
BITO,2026-02-06,3796264.0,14,3.387482457944
BITU,2026-02-06,499618.0,14,2.76680507313708
BITX,2026-02-06,933892.0,14,2.4620468385327396
BKKT,2026-02-06,61927.0,14,0.8484329525237362
BMNR,2026-02-06,3107622.0,14,1.5228430084526108
BRRR,2026-02-06,36801.0,14,0.451246631288444
BTC,2026-02-06,616984.0,14,3.9410910690315655
BTCL,2026-02-06,31128.0,14,4.3837843275324415
BTDR,2026-02-06,186715.0,14,1.0961776924918825
CDE,2026-02-06,1948155.0,14,1.1969245453797417
CIFR,2026-02-06,1666958.0,14,1.5389547768808851
CLSK,2026-02-06,2344294.0,14,1.4629209248123707
CLSX,2026-02-06,43850.0,14,1.2282569115711044
CNTN,2026-02-06,27986.0,14,0.48400621616747086
CONL,2026-02-06,1199448.0,14,2.6069673769523414
CONY,2026-02-06,72349.0,14,1.3548338770667556
CORZ,2026-02-06,824312.0,14,1.7144090595161747
CRDU,2026-02-06,45235.0,14,1.1084487074020268
CRML,2026-02-06,1206106.0,14,0.6558811332741782
CRMX,2026-02-06,44431.0,14,1.0579565207038597
CRWU,2026-02-06,39960.0,14,0.48192314418154303
CWVX,2026-02-06,77741.0,14,0.7029913370589406
DAWN,2026-02-06,69428.0,14,1.1623028134656042
DFDV,2026-02-06,140079.0,14,2.222871327529924
DNA,2026-02-06,68981.0,14,2.1608799844266384
DPRO,2026-02-06,45171.0,14,0.30368619179953066
ELIL,2026-02-06,22925.0,14,2.294663539909057
EOSE,2026-02-06,763892.0,14,0.8921172929721649
ETHT,2026-02-06,78617.0,14,0.9084552089927852
ETHU,2026-02-06,475300.0,14,2.213872116962395
ETU,2026-02-06,16944.0,14,1.6997298672265175
EVTL,2026-02-06,155241.0,14,1.7287292725394108
FEED,2026-02-06,128803.0,14,0.07648290005272498
FLNC,2026-02-06,873353.0,14,2.3806661808088228
FWDI,2026-02-06,17449.0,14,0.6341895252781715
GEN,2026-02-06,431379.0,14,3.1624138483563504
GLXY,2026-02-06,910822.0,14,2.504593765615032
GSOL,2026-02-06,137534.0,14,2.6395185611668586
GWAV,2026-02-06,15195.0,10,0.6640097536674576
HODL,2026-02-06,162899.0,14,1.1956215844416205
HOOG,2026-02-06,42859.0,14,3.2868591587100733
HOOW,2026-02-06,70319.0,14,2.674648778910705
HOOX,2026-02-06,42014.0,14,3.7125382649035883
IMVT,2026-02-06,62309.0,14,2.355428827559019
INFQ,2026-02-06,320065.0,14,3.965937041144436
IONL,2026-02-06,57773.0,14,2.5624988119301224
IONX,2026-02-06,299546.0,14,1.835206038401686
JMIA,2026-02-06,298663.0,14,2.166076790298951
KN,2026-02-06,116750.0,14,12.388394548954812
LAES,2026-02-06,851915.0,14,1.2077280842010611
LLYX,2026-02-06,63386.0,14,1.294416413954662
LUMN,2026-02-06,1549319.0,14,2.5305444975431266
LUNR,2026-02-06,287381.0,14,0.7407206799851537
MARA,2026-02-06,3240320.0,14,1.8356111182214685
MAX,2026-02-06,195375.0,14,20.017930327868854
MITK,2026-02-06,251713.0,14,17.936580325649338
MSTU,2026-02-06,4603742.0,14,4.0190710796115745
MSTW,2026-02-06,36287.0,14,1.5095726693826126
MSTY,2026-02-06,124429.0,14,1.1089625124853342
NBIG,2026-02-06,32160.0,14,0.7626985135306823
NBIL,2026-02-06,74984.0,14,0.8209584584584585
NEBX,2026-02-06,44812.0,14,0.7372430123448086
NEWP,2026-02-06,31029.0,14,0.4191623237714053
NG,2026-02-06,145413.0,14,0.5454482612644717
NGD,2026-02-06,1627568.0,14,1.679805264260995
NIO,2026-02-06,10786270.0,14,2.6942192954397886
NNE,2026-02-06,80825.0,14,0.6722052585930353
NUAI,2026-02-06,141375.0,14,0.243058241875647
NVDX,2026-02-06,941775.0,14,1.7099209614572815
NVOX,2026-02-06,235288.0,14,5.8088938344146275
NVST,2026-02-06,393149.0,14,14.361382470202685
OKLL,2026-02-06,230468.0,14,0.9369853052638182
ONDL,2026-02-06,85158.0,14,1.4760268757497985
ONDS,2026-02-06,5166724.0,14,0.9000712388110824
OTEX,2026-02-06,172126.0,14,3.9101264343943094
OUST,2026-02-06,77884.0,14,0.6996465116040314
OWL,2026-02-06,3481335.0,14,6.342152033043578
PDYN,2026-02-06,161263.0,14,0.3616714007225156
PSNL,2026-02-06,113218.0,14,2.158157089619809
PTIR,2026-02-06,441330.0,14,1.3283012864611998
PURR,2026-02-06,187326.0,14,0.9854828485076452
QBTX,2026-02-06,110389.0,14,1.694681332852307
QNST,2026-02-06,179338.0,14,15.384198723054865
QSU,2026-02-06,15397.0,14,1.1265292897197239
QUBT,2026-02-06,910559.0,14,1.3463133028300003
RCAT,2026-02-06,479374.0,14,0.6364270604466857
RDTL,2026-02-06,114984.0,14,5.468806479229232
RGTU,2026-02-06,24037.0,14,1.1857826451581077
RGTX,2026-02-06,214500.0,14,1.2587574391600571
RIOT,2026-02-06,1069601.0,14,1.1467777500634293
RIOX,2026-02-06,42157.0,14,1.3252512641799223
ROBN,2026-02-06,201841.0,14,5.5256947757866826
ROIV,2026-02-06,1776835.0,14,11.793680090307452
RXRX,2026-02-06,1791593.0,14,1.950190577089914
SBET,2026-02-06,992195.0,14,2.7586336325899645
SERV,2026-02-06,227806.0,14,0.5747401059885686
SLI,2026-02-06,117048.0,14,0.6497260018151562
SMCL,2026-02-06,303150.0,14,0.8987580532139477
SMCX,2026-02-06,118628.0,14,0.5578265885857947
SMFG,2026-02-06,128988.0,14,2.1603522922082505
SMR,2026-02-06,1122589.0,14,0.9381441058956861
SMU,2026-02-06,69275.0,14,0.6675646915167626
SOFX,2026-02-06,23996.0,14,0.6494432415712961
SONY,2026-02-06,762891.0,14,2.7087417717377655
SSK,2026-02-06,33120.0,14,2.4281524926686218
STKL,2026-02-06,10784260.0,14,588.5480394029524
STUB,2026-02-06,119359.0,14,2.0112198081006003
TMC,2026-02-06,838488.0,14,0.8163855280919505
TMQ,2026-02-06,226700.0,14,0.38751843392638546
UDMY,2026-02-06,203702.0,14,5.046277438134251
UEC,2026-02-06,605335.0,14,0.9049911419750779
UMAC,2026-02-06,113426.0,14,0.635023288047575
UXRP,2026-02-06,51031.0,14,1.111663666168226
WULF,2026-02-06,2196019.0,14,1.7915038327850987
XRPC,2026-02-06,107941.0,14,6.108246193396093
XRPI,2026-02-06,107402.0,14,5.088436847502022
XRPZ,2026-02-06,41350.0,14,2.009329899412022
XXI,2026-02-06,74577.0,14,1.6593263384073564
XXRP,2026-02-06,275991.0,14,3.2544737839545164
YBTC,2026-02-06,53037.0,14,2.504960883074297
APPX,2026-02-09,220506.0,14,1.982790591025082
BMNZ,2026-02-09,114621.0,14,0.9769350655675827
BOBS,2026-02-09,125044.0,1,
DBGI,2026-02-09,43991.0,14,1.231454913730532
FEED,2026-02-09,111215.0,14,0.06573070736974122
GPRE,2026-02-09,128434.0,14,3.2507529929889394
KOLD,2026-02-09,2648781.0,14,3.463526016419625
LMRI,2026-02-09,34494.0,14,7.7804343623123025
MNTS,2026-02-09,10572907.0,14,351.9333369789797
MSTZ,2026-02-09,1182005.0,14,1.8184420540528186
NVOX,2026-02-09,175361.0,14,3.198688240942569
OFRM,2026-02-09,250211.0,0,
ORCU,2026-02-09,97685.0,14,3.0224519699343833
ORCX,2026-02-09,884189.0,14,1.833211352699573
PFSA,2026-02-09,17554.0,14,0.06195920952315642
QS,2026-02-09,3619230.0,14,4.58909696375889
RGTZ,2026-02-09,142677.0,14,0.7935988545034202
ROBN,2026-02-09,126789.0,14,2.841150964445718
WULF,2026-02-09,3888949.0,14,2.9844073278833174
APPX,2026-02-10,606243.0,14,5.229768649000371
BMNZ,2026-02-10,31204.0,14,0.2636414549597829
CRDU,2026-02-10,221656.0,14,4.676646336593078
DBGI,2026-02-10,77950.0,14,2.1024908920318044
DDL,2026-02-10,1226799.0,14,5.325406238052848
GCMG,2026-02-10,49710.0,14,7.975384192250834
HCTI,2026-02-10,21431.0,14,0.0024907037752756513
HELP,2026-02-10,47287.0,14,3.2465389990927593
INFQ,2026-02-10,489494.0,14,5.0730850035311414
MSTZ,2026-02-10,860450.0,14,1.4239490540123783
OSCR,2026-02-10,2060818.0,14,6.2071175381723895
PSNL,2026-02-10,221038.0,14,3.8214949924052513
RNG,2026-02-10,166298.0,14,5.3389378866889565
TROO,2026-02-10,78859.0,14,6.621719207331702
UAMY,2026-02-10,1006443.0,14,1.0764612694940598
USAS,2026-02-10,1074651.0,14,1.7542622010372748
VELO,2026-02-10,1424978.0,14,10.688816164525656
VSTS,2026-02-10,31837.0,14,1.1501183100626773
YEXT,2026-02-10,794850.0,14,30.84263683632856
AXTI,2026-02-11,920636.0,14,1.793001330467255
BETA,2026-02-11,198402.0,14,6.895542618820054
CIM,2026-02-11,235686.0,14,9.28741235711853
EOSE,2026-02-11,838747.0,14,1.0263591473597413
INFQ,2026-02-11,224317.0,14,1.8067194837875293
IONX,2026-02-11,255205.0,14,1.4347688504485172
JAGU,2026-02-11,65421.0,0,
JHX,2026-02-11,630194.0,14,6.861478901225897
KC,2026-02-11,261697.0,14,2.7923133145896575
MNTN,2026-02-11,606912.0,14,38.03047175722854
NETG,2026-02-11,67127.0,10,59.806664290805415
NG,2026-02-11,364595.0,14,1.4171872262602474
NRGV,2026-02-11,247541.0,14,3.148835759761364
OKLL,2026-02-11,184636.0,14,0.8753612057337781
OMDA,2026-02-11,25507.0,14,1.2370500469395744
QXO,2026-02-11,657582.0,14,3.301306229062359
SGML,2026-02-11,176105.0,14,0.625991970041394
SUZ,2026-02-11,443577.0,14,5.561067998201854
SY,2026-02-11,132892.0,14,3.659107805229185
TIMB,2026-02-11,56035.0,14,4.579519450800915
ULCC,2026-02-11,166235.0,14,1.266068002282664
UUUU,2026-02-11,1340563.0,14,1.6708316347892338
VELO,2026-02-11,232890.0,14,1.0182408030850216
VIV,2026-02-11,58376.0,14,3.039839911326348
VRNS,2026-02-11,318882.0,14,2.114777418552599
BGC,2026-02-12,108999.0,14,2.4663755260895144
BOIL,2026-02-12,839479.0,14,1.3991896330943234
CXW,2026-02-12,27528.0,14,3.3351102495759632
FSLY,2026-02-12,7581804.0,14,45.35482431964723
LPTH,2026-02-12,200660.0,14,1.3594587793499933
MH,2026-02-12,190868.0,14,24.710573526419946
NVCR,2026-02-12,1273697.0,14,54.27526381630411
PRCH,2026-02-12,371911.0,14,10.061224292618263
RGTZ,2026-02-12,142671.0,14,1.1197937339800732
RKLZ,2026-02-12,503544.0,14,0.7282525738157762
RWT,2026-02-12,261254.0,14,7.478502318658041
SMR,2026-02-12,1501076.0,14,1.5150140207758505
SMU,2026-02-12,295557.0,14,3.48728948191249
SSL,2026-02-12,371064.0,14,2.511096416431745
UUUG,2026-02-12,17929.0,14,0.5924298247063294
ASTL,2026-02-13,140428.0,14,2.4553569086855793
BITU,2026-02-13,707329.0,14,3.7968382577635453
BITX,2026-02-13,1519710.0,14,3.2247906403810225
BKKT,2026-02-13,28669.0,14,0.5171889033352103
CONL,2026-02-13,2212492.0,14,3.621367819245918
CRSR,2026-02-13,4909465.0,14,145.31093883125476
DBGI,2026-02-13,218173.0,14,3.4676910117015565
ETHT,2026-02-13,40294.0,14,0.4968070856190714
ETHU,2026-02-13,186144.0,14,0.7590157321500605
EVMN,2026-02-13,42607.0,14,0.9085935108079578
IONX,2026-02-13,345634.0,14,1.8349468689824222
MITK,2026-02-13,273781.0,14,8.59888098207956
MST,2026-02-13,16526.0,14,0.49222089136905073
MSTU,2026-02-13,2101174.0,14,1.276976177732168
NP,2026-02-13,33716.0,14,20.122948373619813
ONDL,2026-02-13,69711.0,14,1.2771542197149037
RDTL,2026-02-13,191364.0,14,5.395550793695548
RGTU,2026-02-13,45902.0,14,2.113233606382174
RGTX,2026-02-13,143904.0,14,0.9380838124275656
RIVN,2026-02-13,9059850.0,14,11.689424434693061
TXG,2026-02-13,313878.0,14,6.3247607862102315
CMPS,2026-02-17,2274955.0,14,51.825767597921725
CORD,2026-02-17,35400.0,14,0.5229861708358176
DUST,2026-02-17,2636477.0,14,1.3232238403344487
GBTG,2026-02-17,61871.0,14,4.119848370265733
GLL,2026-02-17,919169.0,14,1.6455174415668032
IBRX,2026-02-17,1333427.0,14,1.0368072563708348
IONZ,2026-02-17,49673.0,14,0.935080267257225
IREZ,2026-02-17,16467.0,14,0.3043691223863887
KD,2026-02-17,842829.0,14,2.7008562229004087
KOLD,2026-02-17,1899245.0,14,2.3566176998457307
KW,2026-02-17,1502791.0,14,156.47436726983346
MSTZ,2026-02-17,503110.0,14,0.6968264624566656
NCLH,2026-02-17,4369916.0,14,5.197949769575504
OKLS,2026-02-17,65857.0,14,0.9774486626310601
QBTZ,2026-02-17,50809.0,14,0.39484856087872655
RGTZ,2026-02-17,127887.0,14,1.0548624285630117
RIME,2026-02-17,4238009.0,14,12.32102673066532
XXRP,2026-02-17,202242.0,14,1.8533009895572194
ZBIO,2026-02-17,67021.0,14,2.905717639116418
ZIM,2026-02-17,8445382.0,14,43.556936615606325
BENF,2026-02-18,2313788.0,8,
CGTL,2026-02-18,36469.0,14,1.6363717945841654
CMPS,2026-02-18,583507.0,14,2.8891470663961814
CNVS,2026-02-18,92687.0,14,1.5224182837834668
CZR,2026-02-18,1109424.0,14,7.3116477966815
GSM,2026-02-18,273952.0,14,7.759565096880052
HL,2026-02-18,1622981.0,14,1.0538618189259417
INDO,2026-02-18,115753.0,14,1.5249978356037535
JFB,2026-02-18,80028.0,14,15.522409565108966
MCW,2026-02-18,2310836.0,14,78.1172300388996
PERI,2026-02-18,209223.0,14,17.41058500457685
QMCO,2026-02-18,218675.0,14,7.841146006751461
RSI,2026-02-18,258464.0,14,6.545641359599139
SATL,2026-02-18,257109.0,14,0.6334669831368241
UCO,2026-02-18,253569.0,14,1.4616943876574169
UPWK,2026-02-18,406904.0,14,2.1164398269890796
WEN,2026-02-18,1202637.0,14,3.1852135902603917
WTTR,2026-02-18,110582.0,14,6.221134565385991
AGIG,2026-02-19,138569.0,14,4.320521500538961
APPN,2026-02-19,219039.0,14,7.08511950833497
BAND,2026-02-19,103437.0,14,30.526539904717737
BATL,2026-02-19,395635.0,14,1.7738377593156354
DAVA,2026-02-19,65227.0,14,3.07002185241217
FIG,2026-02-19,4923946.0,14,8.107481049190307
INDO,2026-02-19,131825.0,14,1.661129717620099
INTS,2026-02-19,22636.0,14,0.13573417168506985
IREZ,2026-02-19,45050.0,14,0.883505332270568
JFB,2026-02-19,28761.0,14,2.6682968529452697
MLEC,2026-02-19,200870.0,13,2.1349616308483728
MPT,2026-02-19,1077125.0,14,5.825295412658329
NABL,2026-02-19,649995.0,14,28.072427419877283
OSS,2026-02-19,279746.0,14,4.056763388857181
RBNE,2026-02-19,42364.0,14,2.497519728475538
RELY,2026-02-19,1729663.0,14,17.419662588338205
SMCL,2026-02-19,1162005.0,14,3.472846462335746
SMCX,2026-02-19,855240.0,14,5.0679709043810615
SSL,2026-02-19,185315.0,14,1.0325960632227826
TALK,2026-02-19,680981.0,14,13.745647955108408
TEMT,2026-02-19,300386.0,14,11.13182735016491
TROX,2026-02-19,17401.0,14,0.14095413988489408
UVIX,2026-02-19,3253685.0,14,3.1212003025300232
VERX,2026-02-19,118179.0,14,1.6015600270652501
XRAY,2026-02-19,474492.0,14,5.591105926436538
AMN,2026-02-20,160848.0,14,9.321086638878427
AXTI,2026-02-20,807994.0,14,1.6767212385773258
CDIO,2026-02-20,18513853.0,14,52.098646026651735
CMRC,2026-02-20,222994.0,14,3.8021512814641962
CORD,2026-02-20,257344.0,14,6.218420443993386
FNKO,2026-02-20,142287.0,14,7.481251971697687
HLIT,2026-02-20,219947.0,14,11.327839723946129
INDI,2026-02-20,511211.0,14,5.8466305480853125
MLEC,2026-02-20,49304.0,13,0.4512300636063796
NAMM,2026-02-20,613213.0,14,2.186796358269572
OPEN,2026-02-20,9796304.0,14,5.940240292813608
OPEX,2026-02-20,60662.0,14,7.681859707837727
RMNI,2026-02-20,88864.0,14,15.20360752300529
TEMT,2026-02-20,61523.0,14,1.3461605786482786
TNDM,2026-02-20,598251.0,14,26.14627278488323
YANG,2026-02-20,92327.0,14,1.0233758995069882
AMPX,2026-02-23,1184805.0,14,2.8639532962379692
BMNZ,2026-02-23,77293.0,14,1.2379202611971458
CORD,2026-02-23,41877.0,14,0.7417672511956275
EHAB,2026-02-23,2551454.0,14,196.10945126135772
IBRX,2026-02-23,6174600.0,14,4.723832955975998
LEGN,2026-02-23,473734.0,14,7.673154794133844
MSTZ,2026-02-23,353743.0,14,0.4469615982670272
OKLS,2026-02-23,60066.0,14,0.964879126780053
QBTZ,2026-02-23,82128.0,14,0.7015628155697019
RGTZ,2026-02-23,122155.0,14,1.1041789341019204
RKLZ,2026-02-23,766603.0,14,1.1620798597072657
SCZM,2026-02-23,76992.0,14,2.204296985239083
SPAI,2026-02-23,88940.0,14,0.5005531507078399
VNDA,2026-02-23,1913094.0,14,30.162580732348687
VRE,2026-02-23,1410473.0,14,179.65847223233132
ADEA,2026-02-24,121297.0,14,6.471392096337793
AMDL,2026-02-24,6542220.0,14,5.910718040197055
ARDX,2026-02-24,529244.0,14,3.4065982871873763
BEAM,2026-02-24,169905.0,14,3.176973562951269
BNAI,2026-02-24,17636.0,14,0.3221229239781341
CDIO,2026-02-24,2563702.0,14,1.4898170648462463
DUST,2026-02-24,2312965.0,14,1.118082399244601
FWRD,2026-02-24,29016.0,14,2.7992475141091107
IOVA,2026-02-24,3580951.0,14,11.664514624933746
LRMR,2026-02-24,3791468.0,14,124.37159258651796
MAX,2026-02-24,146260.0,14,5.1641312242756845
MYGN,2026-02-24,478222.0,14,17.809785514586764
SGHC,2026-02-24,413314.0,14,5.429885976444578
SPAI,2026-02-24,102702.0,14,0.558713515101447
VIR,2026-02-24,2594440.0,14,65.30871456286938
ACHC,2026-02-25,937075.0,14,14.542192593807814
ANPA,2026-02-25,77288.0,12,6.37843265362264
BITU,2026-02-25,929329.0,14,4.435228734307402
BITX,2026-02-25,1880438.0,14,3.4426317444729007
BKKT,2026-02-25,138036.0,14,3.1956106538875577
BLMN,2026-02-25,248522.0,14,4.535616888365133
BMNR,2026-02-25,3010008.0,14,1.706716356524242
BSOL,2026-02-25,161926.0,14,1.5083399148210224
BTDR,2026-02-25,325477.0,14,1.200816729030801
CCC,2026-02-25,1137279.0,14,3.104499327796469
CCUP,2026-02-25,426313.0,14,10.180626320897776
CLSK,2026-02-25,1722162.0,14,1.4683028246214898
CONL,2026-02-25,1830159.0,14,1.606586432107869
ETH,2026-02-25,473677.0,14,1.1504577905585642
ETHA,2026-02-25,3299030.0,14,2.1954015060794614
ETHE,2026-02-25,407211.0,14,1.5248655935549102
ETHT,2026-02-25,93449.0,14,1.2561543387860405
ETHU,2026-02-25,254864.0,14,1.1505340423803032
ETHW,2026-02-25,57647.0,14,1.0361390098201457
FETH,2026-02-25,201580.0,14,1.0794324461607192
FLYW,2026-02-25,374606.0,14,10.213549426173797
GSOL,2026-02-25,49033.0,14,0.9963164005805515
IBRX,2026-02-25,4003624.0,14,2.378664596612003
IOVA,2026-02-25,2588660.0,14,4.839268734599895
IRE,2026-02-25,1707733.0,14,1.8594669653851899
IREX,2026-02-25,272049.0,14,1.8682640193895583
LAR,2026-02-25,401549.0,14,4.391249193486653
LFST,2026-02-25,347680.0,14,12.01898337226472
LUMN,2026-02-25,715193.0,14,1.168227830924995
MRAL,2026-02-25,83158.0,14,1.0329764712354244
MST,2026-02-25,71770.0,14,2.221991251619866
MSTU,2026-02-25,1624914.0,14,0.956781229372913
NVCR,2026-02-25,142846.0,14,1.106683172289148
RIOX,2026-02-25,87919.0,14,3.018130369963514
ROBN,2026-02-25,188098.0,14,1.7080685595680163
RXRX,2026-02-25,8085286.0,14,6.739576472583177
SBET,2026-02-25,682476.0,14,1.94109627139979
SGML,2026-02-25,2281026.0,14,15.559461861384287
SHLS,2026-02-25,742287.0,14,3.815617716302411
SOLZ,2026-02-25,92843.0,14,1.4511771956306214
XXRP,2026-02-25,543556.0,14,4.692496478986145
ARHS,2026-02-26,123070.0,14,5.037776452288224
BCRX,2026-02-26,382096.0,14,5.607425771115595
BFLY,2026-02-26,4957184.0,14,24.60412190071291
BTQ,2026-02-26,374615.0,14,3.368692785772461
CHYM,2026-02-26,842954.0,14,10.249366219017684
DNUT,2026-02-26,1463508.0,14,21.978036028807598
EFXT,2026-02-26,26564.0,14,2.7936689177515195
FA,2026-02-26,305810.0,14,16.54707289641605
FRSH,2026-02-26,357993.0,14,1.4328554577365131
HCTI,2026-02-26,1236336.0,14,11.012888780582779
HPP,2026-02-26,51921.0,14,2.994858145801231
IONL,2026-02-26,174225.0,14,5.419634802625439
IONX,2026-02-26,1289195.0,14,6.060828810338453
JOBY,2026-02-26,4097070.0,14,4.191917217224906
MEG,2026-02-26,39600.0,2,
MNKD,2026-02-26,1559126.0,14,15.035908711732173
MRVI,2026-02-26,545770.0,14,15.759482052731126
NOWL,2026-02-26,206910.0,14,2.553975990294549
NPKI,2026-02-26,36074.0,14,3.826987049792751
ONT,2026-02-26,41470.0,14,7.455568111773165
OPRA,2026-02-26,169346.0,14,7.911014418280285
PEB,2026-02-26,75806.0,14,2.851151169975553
PENN,2026-02-26,449159.0,14,5.073781000954527
PHAT,2026-02-26,77735.0,14,4.576974030070445
PLTK,2026-02-26,342205.0,14,5.7148463593854375
PRMB,2026-02-26,603420.0,14,13.322063246005925
QBTS,2026-02-26,2893602.0,14,3.0142472460220318
QBTX,2026-02-26,282927.0,14,3.8315853623146348
RGTX,2026-02-26,539824.0,14,3.052585405338596
RRGB,2026-02-26,207929.0,14,33.38386201518384
SDGR,2026-02-26,213379.0,14,3.854235289412196
STLA,2026-02-26,2805279.0,14,2.260004618536559
YANG,2026-02-26,218236.0,14,3.070413504857403
ZSL,2026-02-26,723660.0,14,0.16139845139536496
AGIG,2026-02-27,154562.0,14,3.0100880267975385
ARLO,2026-02-27,356304.0,14,21.975180070045596
AVPT,2026-02-27,83662.0,14,1.6931098534949443
BATL,2026-02-27,9493854.0,14,35.8482717364304
BMNZ,2026-02-27,199518.0,14,3.4631584428723396
BWIN,2026-02-27,174480.0,14,5.189205724713266
CADL,2026-02-27,383278.0,14,6.834738902878774
CAI,2026-02-27,135168.0,14,5.434217138721933
CDIO,2026-02-27,511642.0,14,0.2654145806409252
CORD,2026-02-27,388347.0,14,7.124876651364665
CRCD,2026-02-27,357363.0,14,11.693186837842953
FIGS,2026-02-27,2481348.0,14,53.88653677014645
HCTI,2026-02-27,62429.0,14,0.3992346076473458
INDO,2026-02-27,524277.0,14,5.9587911084266345
IONZ,2026-02-27,380969.0,14,5.167928716701017
IREZ,2026-02-27,79922.0,14,1.5027028043357682
IXHL,2026-02-27,41599.0,14,0.041645619296114905
KC,2026-02-27,366233.0,14,4.3027551499089896
MARA,2026-02-27,7183437.0,14,3.881372283171881
MRAL,2026-02-27,404134.0,14,5.585052500446676
MSTZ,2026-02-27,1668186.0,14,2.317157635270525
NEXA,2026-02-27,75673.0,14,3.8724819703410738
NFXL,2026-02-27,532058.0,14,7.7560363561015375
NIQ,2026-02-27,73396.0,14,7.582175456202359
OKLS,2026-02-27,55369.0,14,1.0119105740938485
PRAA,2026-02-27,116186.0,14,14.957140623994261
PUBM,2026-02-27,207407.0,14,15.915732123085691
QBTZ,2026-02-27,92435.0,14,0.9843481277007791
RBNE,2026-02-27,92963.0,14,4.839824328495301
REAL,2026-02-27,885143.0,14,12.368649988821106
RGTZ,2026-02-27,154722.0,14,1.465643338658374
RKLZ,2026-02-27,744196.0,14,1.1887199468320273
RLAY,2026-02-27,142776.0,14,1.5414876560775685
SSL,2026-02-27,127725.0,14,0.7238702923534863
TECS,2026-02-27,222821.0,14,0.7063187060134907
UVIX,2026-02-27,2342723.0,14,1.8624860319745833
VIXY,2026-02-27,307431.0,14,2.0460490505960545
VXX,2026-02-27,713072.0,14,1.8348004557314999
AGIG,2026-03-02,351081.0,14,5.770765383396147
ASTH,2026-03-02,52693.0,14,6.7680324409622195
BATL,2026-03-02,4258199.0,14,5.1302096900598695
BOIL,2026-03-02,685021.0,14,2.0310015792194456
CORD,2026-03-02,113876.0,14,1.403842580811047
CRCD,2026-03-02,157068.0,14,2.8619331159830543
CRGY,2026-03-02,420894.0,14,2.697203612801166
CRK,2026-03-02,238960.0,14,3.282829868743327
DBO,2026-03-02,203864.0,14,11.029725927872502
DPRO,2026-03-02,436183.0,14,4.168270408891128
EGY,2026-03-02,178877.0,14,4.857412745025778
GTE,2026-03-02,157707.0,14,6.887219686879053
HIBS,2026-03-02,138737.0,14,2.010206700695902
HPK,2026-03-02,122805.0,14,3.2262404719817153
ICL,2026-03-02,91825.0,14,1.2734181453294462
INDO,2026-03-02,2628720.0,14,22.15951540842255
IONZ,2026-03-02,97509.0,14,1.0112433960419216
LABD,2026-03-02,170195.0,14,1.1228873964580977
MYGN,2026-03-02,114924.0,14,1.9132794486111226
NAMM,2026-03-02,180667.0,14,0.9441189139716152
NAT,2026-03-02,454466.0,14,1.6743365244510104
NEXT,2026-03-02,791139.0,14,9.200834359252964
NOG,2026-03-02,306600.0,14,6.971271358897694
OKLS,2026-03-02,15620.0,14,0.279662685979267
ONDG,2026-03-02,141589.0,14,3.4243489016494264
ONDL,2026-03-02,205594.0,14,3.299122355576085
PTEN,2026-03-02,495019.0,14,2.4871255817425433
PTIR,2026-03-02,498775.0,14,1.492540025106332
QBTZ,2026-03-02,130243.0,14,1.4009519455723773
RBNE,2026-03-02,587833.0,14,23.270837869400843
RCAT,2026-03-02,2504837.0,14,5.677746900107896
RGTZ,2026-03-02,81536.0,14,0.7365677675460925
RKLZ,2026-03-02,551134.0,14,0.8682845421824159
SM,2026-03-02,776232.0,14,2.5877117097295215
SOC,2026-03-02,274972.0,14,2.80815366614437
TK,2026-03-02,99866.0,14,3.6354379560145818
TSDD,2026-03-02,1060278.0,14,1.5249524784407813
TSLQ,2026-03-02,1290825.0,14,1.7611356450276061
TSLZ,2026-03-02,749798.0,14,1.5235706907364734
UCO,2026-03-02,1109276.0,14,9.094699904484317
UMAC,2026-03-02,470231.0,14,4.824394755278578
UVIX,2026-03-02,2793901.0,14,2.209315864456527
VET,2026-03-02,704281.0,14,12.435468817790154
VG,2026-03-02,263673.0,14,1.1607876605177005
VIXY,2026-03-02,384379.0,14,2.3515788461706535
WDS,2026-03-02,160388.0,14,4.57574405216771
WTI,2026-03-02,81720.0,14,0.3901478195365136
XERS,2026-03-02,296826.0,14,7.6541141496245295
YANG,2026-03-02,121298.0,14,1.5488871579431256
ZSL,2026-03-02,1280403.0,14,0.3686404701450576
ACVA,2026-03-03,315445.0,14,2.1100705709221046
AVXX,2026-03-03,210382.0,14,10.975443251179394
BATL,2026-03-03,5170392.0,14,4.594627422882379
BMNZ,2026-03-03,113203.0,14,1.9298652369221851
BOIL,2026-03-03,1102066.0,14,3.0420690509107917
BTCZ,2026-03-03,269916.0,14,2.011488213961198
CORD,2026-03-03,35475.0,14,0.4173764405222815
CRCD,2026-03-03,141848.0,14,2.156706911138165
DBO,2026-03-03,164089.0,14,5.062154038712407
DUST,2026-03-03,4752014.0,14,2.3179087819454502
GDXD,2026-03-03,147424.0,14,1.9213470699014068
GLL,2026-03-03,1196778.0,14,5.839695406773742
GTE,2026-03-03,103296.0,14,3.156685679110977
HIBS,2026-03-03,77684.0,14,1.067634718723679
IONZ,2026-03-03,51853.0,14,0.5363379524143046
IREZ,2026-03-03,19858.0,14,0.43789554594397073
LABD,2026-03-03,273534.0,14,1.7881779195648764
LRMR,2026-03-03,297336.0,14,0.626490560585629
MRDN,2026-03-03,24246.0,13,2.598371061612781
MSTZ,2026-03-03,585197.0,14,0.8136654950451144
MUD,2026-03-03,1955406.0,14,2.72611788703907
OUST,2026-03-03,437476.0,14,7.498575498575499
PSFE,2026-03-03,59947.0,14,8.076078484204043
QBTZ,2026-03-03,99435.0,14,1.095881891722533
RCAT,2026-03-03,2262171.0,14,3.787329334623425
RCAX,2026-03-03,63096.0,13,6.97039328325232
RGTZ,2026-03-03,110093.0,14,1.035389824132418
RKLZ,2026-03-03,453714.0,14,0.7107870393631022
SEM,2026-03-03,1503654.0,14,66.99282691022499
SRTA,2026-03-03,109256.0,14,3.266799225152225
TECS,2026-03-03,420652.0,14,1.9243573116309496
TMDE,2026-03-03,3546119.0,13,3.74948897460473
TOPS,2026-03-03,17337.0,11,1.4995518022268353
TWM,2026-03-03,176798.0,14,3.884493395250732
TZA,2026-03-03,6103256.0,14,3.4298873714493463
UMAC,2026-03-03,298975.0,14,2.4055611845822016
UNG,2026-03-03,2590049.0,14,7.789788395024598
UVIX,2026-03-03,3477586.0,14,2.507193177430989
VG,2026-03-03,3575822.0,14,15.491475303507416
WTI,2026-03-03,1717716.0,14,8.386580229549622
YANG,2026-03-03,280993.0,14,3.468327579092887
ZSL,2026-03-03,1099213.0,14,0.3264000929167067
ALOY,2026-03-04,157731.0,14,8.018133294602494
ANNA,2026-03-04,38726.0,6,
ARKB,2026-03-04,441468.0,14,2.56357640890784
ASST,2026-03-04,514926.0,14,3.2301395163772786
BGS,2026-03-04,637047.0,14,9.143374720505872
BITO,2026-03-04,2140166.0,14,2.0055538018361307
BITU,2026-03-04,1027186.0,14,4.156265552826576
BITX,2026-03-04,3552512.0,14,5.823529673497041
BKKT,2026-03-04,98191.0,14,1.7219542991424512
BMNR,2026-03-04,5899971.0,14,3.7187803925124467
BOX,2026-03-04,328751.0,14,6.468711349479413
BSOL,2026-03-04,264902.0,14,3.062718949800726
BW,2026-03-04,1444827.0,14,17.84341258415548
CCUP,2026-03-04,257515.0,14,2.549895110286265
CONL,2026-03-04,3674718.0,14,2.8781182006582195
CRCG,2026-03-04,2209390.0,14,2.3329255745887387
CRDU,2026-03-04,80328.0,14,1.243899363556122
CRWU,2026-03-04,104638.0,14,1.2447600815376942
CWVX,2026-03-04,100005.0,14,1.192610613363045
DFDV,2026-03-04,135801.0,14,4.082320025594833
EOLS,2026-03-04,1455471.0,14,94.72815263172575
ETH,2026-03-04,661167.0,14,2.1779044881640766
ETHA,2026-03-04,5178278.0,14,3.6411107815230834
ETHE,2026-03-04,621545.0,14,2.678049218863969
ETHT,2026-03-04,200511.0,14,3.2515272188979005
ETHU,2026-03-04,422006.0,14,2.258501466590671
ETHW,2026-03-04,172740.0,14,3.2530723371284678
FETH,2026-03-04,384790.0,14,1.9543208438857138
FIGR,2026-03-04,354871.0,14,1.5834300894150495
FSOL,2026-03-04,70362.0,14,6.065689655172414
FWDI,2026-03-04,31280.0,14,0.9503389727519727
GLXY,2026-03-04,212378.0,14,1.4355365907592001
GSOL,2026-03-04,47422.0,14,1.5413804231489843
HODL,2026-03-04,84021.0,14,1.3186635053557314
HOOG,2026-03-04,68403.0,14,2.6304293487665595
INV,2026-03-04,427210.0,14,7.929441711853845
IRE,2026-03-04,1433826.0,14,1.8636138163683138
IREX,2026-03-04,207675.0,14,1.4978802633429553
KOLD,2026-03-04,1163460.0,14,3.1327278710431097
MARA,2026-03-04,4615236.0,14,2.0712121395226144
MRAL,2026-03-04,211378.0,14,2.4522033263478535
MSTU,2026-03-04,5877297.0,14,4.062019206014553
MSTY,2026-03-04,114859.0,14,1.9946735139426417
NBIG,2026-03-04,73132.0,14,1.8523507903511487
NBIL,2026-03-04,249688.0,14,2.1321147608376627
NEBX,2026-03-04,59582.0,14,1.2619943840623562
NVOX,2026-03-04,267974.0,14,5.923723086445484
ONDG,2026-03-04,124282.0,14,2.410037135072767
ONDL,2026-03-04,210843.0,14,2.7728583586808875
OUST,2026-03-04,192456.0,14,2.354938460435855
PURR,2026-03-04,682107.0,14,5.667996984823215
RIOX,2026-03-04,18570.0,14,0.596647044648697
ROBN,2026-03-04,340506.0,14,3.0319214296526487
SBET,2026-03-04,807858.0,14,2.6458254136057042
SOLZ,2026-03-04,168022.0,14,3.6785275306112872
STNE,2026-03-04,470210.0,14,3.510491307948565
SWIM,2026-03-04,225118.0,14,27.88307632419425
TARA,2026-03-04,85674.0,14,1.2167861537665572
THRY,2026-03-04,128939.0,14,2.664528328066211
UUUG,2026-03-04,33540.0,14,1.3101233506971086
XXI,2026-03-04,76792.0,14,3.001270201082602
XXRP,2026-03-04,281969.0,14,2.457259953526039
ALTO,2026-03-05,2770608.0,14,153.6349060489876
AMPX,2026-03-05,2340037.0,14,6.6587217204433955
AVGG,2026-03-05,142291.0,14,11.666407032380105
AVXX,2026-03-05,62391.0,14,1.611456719061324
CORD,2026-03-05,51848.0,14,0.6142233865754139
CRDU,2026-03-05,340905.0,14,5.334249074014052
DUOG,2026-03-05,61552.0,14,0.8431162096715016
GPK,2026-03-05,531598.0,14,3.172669513201601
GPRK,2026-03-05,117452.0,14,6.617546683837734
IREZ,2026-03-05,182974.0,14,4.0235857725141555
JDST,2026-03-05,55668.0,14,0.04581285618250652
LABX,2026-03-05,178111.0,14,2.097388729776219
NAGE,2026-03-05,449655.0,14,14.655608325185081
PDYN,2026-03-05,1658419.0,14,21.56800025267163
RGTZ,2026-03-05,207962.0,14,1.9277402319140358
SOC,2026-03-05,620429.0,14,5.241210147883364
SSP,2026-03-05,64587.0,14,5.844372915535562
UVIX,2026-03-05,3431189.0,14,2.1403362861699313
ANNA,2026-03-06,145883.0,8,
BATL,2026-03-06,4473294.0,14,2.598446420201276
BMNZ,2026-03-06,183253.0,14,2.701218818832309
BOIL,2026-03-06,393845.0,14,0.9891191742376202
BTCZ,2026-03-06,569200.0,14,3.561915821534107
CRCD,2026-03-06,141349.0,14,1.193900200121026
DAWN,2026-03-06,33221869.0,14,716.5467035591147
DBO,2026-03-06,323756.0,14,5.612690078755758
GTE,2026-03-06,98368.0,14,1.8066103885029876
INDO,2026-03-06,3092322.0,14,6.831366542886552
IREZ,2026-03-06,59568.0,14,1.0681777427106123
MSTZ,2026-03-06,2598451.0,14,3.5835291083622542
MVLL,2026-03-06,266721.0,14,31.1358720576341
QBTZ,2026-03-06,180963.0,14,1.9797994164102195
SLDB,2026-03-06,186810.0,14,6.948631974961608
SSL,2026-03-06,226713.0,14,1.3905634793199606
SWBI,2026-03-06,492895.0,14,48.843973187426116
TMDE,2026-03-06,627243.0,13,0.47615073795210006
TURB,2026-03-06,1483135.0,10,0.49353143339362987
TZA,2026-03-06,5840706.0,14,2.6422553421408854
UVIX,2026-03-06,2318290.0,14,1.2999768290853657
AGRO,2026-03-09,104003.0,14,4.3322205560316105
AMPY,2026-03-09,73046.0,14,2.586987703103695
ANNA,2026-03-09,58967.0,9,
ANTX,2026-03-09,239287.0,10,24.75246193313472
ATRA,2026-03-09,81807.0,14,14.302816109896971
BATL,2026-03-09,909858.0,14,0.4460067153043919
BHVN,2026-03-09,391830.0,14,7.938875397622514
CCUP,2026-03-09,202501.0,14,1.5333716268695143
CLPT,2026-03-09,201665.0,14,4.002185863614585
CRCG,2026-03-09,2119828.0,14,1.741397455757405
DBO,2026-03-09,159212.0,14,1.9760880165252623
GENB,2026-03-09,27141.0,5,
GTE,2026-03-09,145872.0,14,2.400425967565814
HIMS,2026-03-09,8754942.0,14,5.568258616774884
ICL,2026-03-09,199746.0,14,2.788299377518269
IONZ,2026-03-09,26385.0,14,0.24944204907267034
KC,2026-03-09,213479.0,14,2.5872703128056944
QURE,2026-03-09,1189655.0,14,3.963740533408601
RCAT,2026-03-09,2146942.0,14,2.315732606939881
RCAX,2026-03-09,33936.0,13,1.7947155381079267
RGNX,2026-03-09,213444.0,14,8.323304124027207
RVPH,2026-03-09,22196.0,14,0.10965017830186616
TALK,2026-03-09,2362597.0,14,18.36312469534842
TURB,2026-03-09,367113.0,11,0.1280574695457674
UMAC,2026-03-09,544348.0,14,3.570153930046107
WTI,2026-03-09,1604068.0,14,3.8802140109251657
ADCT,2026-03-10,26662.0,14,1.7822617996036958
ARVN,2026-03-10,104679.0,14,3.28854232115609
BITU,2026-03-10,136058.0,14,0.47753664045262406
BITX,2026-03-10,400108.0,14,0.5293370104765318
HIMS,2026-03-10,10376381.0,14,4.974870197997111
IREX,2026-03-10,65945.0,14,0.43914755249312304
KIDZ,2026-03-10,56900.0,14,0.007844068350174808
KPTI,2026-03-10,18522.0,14,1.7960229673290438
LABX,2026-03-10,28634.0,14,0.3753587376554452
LFMD,2026-03-10,410045.0,14,17.60519020105742
MYGN,2026-03-10,183940.0,14,2.397270539608362
NIO,2026-03-10,8863318.0,14,4.255630615104879
PRCT,2026-03-10,140129.0,14,1.8432707855909998
RDTL,2026-03-10,48311.0,14,1.6919424640400251
RIVN,2026-03-10,3109821.0,14,2.3482445376305194
SEV,2026-03-10,89204.0,14,2.204546938962843
SMU,2026-03-10,31610.0,14,0.24473994928672357
STGW,2026-03-10,229769.0,14,6.443997051211166
TDOC,2026-03-10,1134454.0,14,4.4936142425308985
TENX,2026-03-10,177719.0,14,30.442878292894807
UWMC,2026-03-10,3002935.0,14,6.76238800688446
ZVRA,2026-03-10,1363343.0,14,64.78183632463548
ACXP,2026-03-11,744762.0,14,29.16264981050806
ATOM,2026-03-11,208010.0,14,2.5492180264468653
ATPC,2026-03-11,598626.0,14,1.086660116181643
AUNA,2026-03-11,162984.0,14,15.520596397671001
CLYM,2026-03-11,50726.0,14,2.711770950275315
CRWU,2026-03-11,50903.0,14,0.5027410683358813
CWVX,2026-03-11,112176.0,14,1.0744702613612185
DOMO,2026-03-11,2073782.0,14,98.65655848282096
IRE,2026-03-11,1422888.0,14,1.5045596913181765
IREX,2026-03-11,64170.0,14,0.4342742011501948
MIND,2026-03-11,72485.0,14,8.654187276138495
MSGM,2026-03-11,26179.0,14,4.467732891240217
NBIG,2026-03-11,232771.0,14,7.902482200710032
NBIL,2026-03-11,156808.0,14,1.7020073079001454
ORCU,2026-03-11,259779.0,14,5.845057769049162
ORCX,2026-03-11,2366703.0,14,4.783833067772109
SERV,2026-03-11,2614754.0,14,14.03198950625826
SEV,2026-03-11,221660.0,14,4.793618477251768
SHMD,2026-03-11,195541.0,14,3.4075408240362366
SSP,2026-03-11,37555.0,14,1.618964333332307
TH,2026-03-11,67322.0,14,5.757672759261069
TSSI,2026-03-11,736128.0,14,16.5848756913857
VELO,2026-03-11,244221.0,14,2.9086072501358986
ZSL,2026-03-11,871037.0,14,0.42829099763821277
AGH,2026-03-12,116821.0,7,
ATPC,2026-03-12,947564.0,14,1.5967368826362711
BATL,2026-03-12,1119842.0,14,0.5321433454299884
BMBL,2026-03-12,3598530.0,14,34.38546702458542
CORD,2026-03-12,53906.0,14,0.6333893131436734
EH,2026-03-12,113359.0,14,4.256838457370621
ELPW,2026-03-12,48120.0,14,0.005749028976648948
FLY,2026-03-12,982396.0,14,10.685949771107666
FOSL,2026-03-12,268942.0,14,8.788277280228181
HIMX,2026-03-12,2969712.0,14,63.54276561633137
IREZ,2026-03-12,71933.0,14,1.1120900041742219
LWLG,2026-03-12,1845630.0,14,10.496724092544385
LXU,2026-03-12,733552.0,14,11.624032389690443
NBIZ,2026-03-12,56113.0,14,6.416580903373356
ODD,2026-03-12,376511.0,14,1.4051700536646783
PUSA,2026-03-12,116821.0,8,
ROMA,2026-03-12,146049.0,13,95.06970106654649
SABS,2026-03-12,63365.0,14,2.038204121394813
SNBR,2026-03-12,197597.0,14,13.396536528198821
TURB,2026-03-12,293683.0,11,0.10048826117996228
UVIX,2026-03-12,1524936.0,14,0.8101633278124805
WTI,2026-03-12,1329314.0,14,2.118958123287492
AHCO,2026-03-13,93073.0,14,2.5156030395230666
APLX,2026-03-13,31620.0,14,0.889110267106656
ASST,2026-03-13,152033.0,14,1.0284482017176382
BBBY,2026-03-13,175873.0,14,2.4410289863405907
BITU,2026-03-13,413282.0,14,1.5182003312991643
BITX,2026-03-13,887187.0,14,1.1519985531172903
BMNR,2026-03-13,3294524.0,14,1.715562718177237
BSOL,2026-03-13,61164.0,14,0.8228907500036037
CCUP,2026-03-13,84177.0,14,0.47806634475859533
CONL,2026-03-13,2277064.0,14,1.6626394940519202
CRCG,2026-03-13,920182.0,14,0.5959443461063479
DFDV,2026-03-13,58128.0,14,0.8906877450975027
ELPW,2026-03-13,1196861.0,14,0.14294615303334496
ETH,2026-03-13,581530.0,14,2.208209199737014
ETHA,2026-03-13,2908705.0,14,1.8248042514552616
ETHB,2026-03-13,51383.0,0,
ETHE,2026-03-13,437218.0,14,1.9351892571193716
ETHT,2026-03-13,66233.0,14,0.8130617813736072
ETHU,2026-03-13,249935.0,14,0.8182498462459458
ETHW,2026-03-13,49842.0,14,0.8805195886799929
FETH,2026-03-13,331831.0,14,1.6893662995417698
FWDI,2026-03-13,54801.0,14,1.6758898633667907
GSOL,2026-03-13,32836.0,14,1.177336532970002
INMD,2026-03-13,136301.0,14,2.159006334864155
IRE,2026-03-13,1129921.0,14,1.1500505817721687
IREX,2026-03-13,67777.0,14,0.5081684251340608
KLAR,2026-03-13,505404.0,14,1.7189426191195747
KODK,2026-03-13,297229.0,14,13.396279746574637
KYIV,2026-03-13,658647.0,14,8.833590231668332
LITX,2026-03-13,130352.0,14,1.1370133313063584
MRAL,2026-03-13,122630.0,14,1.1101986021800196
MST,2026-03-13,64197.0,14,1.9786059290504097
MSTU,2026-03-13,2386036.0,14,1.4006343850553509
NBIG,2026-03-13,34681.0,14,0.8432513355610052
PAYP,2026-03-13,965551.0,0,
PEW,2026-03-13,116128.0,14,2.8936818536172093
RILY,2026-03-13,27175.0,14,1.028866124356367
SOLZ,2026-03-13,40017.0,14,0.7153794880569609
SSL,2026-03-13,485836.0,14,2.192259395345839
STLN,2026-03-13,752376.0,14,16.192042993231578
TETH,2026-03-13,20215.0,14,0.1309021242860189
TOI,2026-03-13,752376.0,6,
XXRP,2026-03-13,94678.0,14,0.7417958451347021
ALDX,2026-03-16,64537.0,14,1.6948886104253738
ALM,2026-03-16,399217.0,14,1.050292882956375
ALOY,2026-03-16,174181.0,14,1.9189722604760968
APLD,2026-03-16,1343400.0,14,1.5384440460466555
APLX,2026-03-16,89872.0,14,2.419295789813718
ASST,2026-03-16,350147.0,14,2.4045443486518625
AVXX,2026-03-16,37571.0,14,0.5287152976369374
BEX,2026-03-16,28806.0,14,0.5175031567276797
BITU,2026-03-16,204781.0,14,0.7059403775673725
BITX,2026-03-16,588384.0,14,0.7327435300329742
BKKT,2026-03-16,53496.0,14,0.801628637300675
BMNR,2026-03-16,4160278.0,14,2.055890215456593
BSOL,2026-03-16,62024.0,14,0.8434860572668611
BTDR,2026-03-16,481153.0,14,2.619680635928069
CCUP,2026-03-16,246866.0,14,1.374463417757462
CING,2026-03-16,145734.0,14,5.485055246390838
CLIK,2026-03-16,156808.0,7,
CONL,2026-03-16,1377592.0,14,0.9744182401741901
CPNG,2026-03-16,1661750.0,14,1.6906658198015996
CRCG,2026-03-16,1658752.0,14,1.053055810326206
CRWG,2026-03-16,1845721.0,14,1.825201433625527
CRWU,2026-03-16,193281.0,14,1.9484939847961915
CTMX,2026-03-16,3852612.0,14,43.70320121605372
CWVX,2026-03-16,90940.0,14,0.8466792134121606
DFDV,2026-03-16,116931.0,14,1.8311280834628072
DFLI,2026-03-16,108792.0,14,7.704659962364177
DXST,2026-03-16,19881.0,14,0.009634120516397776
ETH,2026-03-16,321846.0,14,1.0883933540487896
ETHA,2026-03-16,1739139.0,14,1.0127268283528204
ETHB,2026-03-16,40538.0,1,
ETHE,2026-03-16,193756.0,14,0.7828956805411208
ETHT,2026-03-16,158779.0,14,1.9206926882712687
ETHU,2026-03-16,517935.0,14,1.6415479666315542
ETHW,2026-03-16,39999.0,14,0.7102599616450032
FBL,2026-03-16,73390.0,14,1.1958569943772166
FETH,2026-03-16,127478.0,14,0.6010492729921658
FWDI,2026-03-16,34797.0,14,1.117219553027784
GOGO,2026-03-16,102337.0,14,2.7667568501814293
GSOL,2026-03-16,23252.0,14,0.8128587944755327
HIMX,2026-03-16,361890.0,14,1.0928619684915044
HOOG,2026-03-16,21462.0,14,0.8154388097939068
IRE,2026-03-16,1448677.0,14,1.4257874089369267
LFMD,2026-03-16,295449.0,14,3.5994716034728667
LITX,2026-03-16,258092.0,14,2.1200623587788994
METU,2026-03-16,465784.0,14,2.545406852833488
MRAL,2026-03-16,157546.0,14,1.357370338209619
MST,2026-03-16,37219.0,14,1.0607222175854016
MSTU,2026-03-16,2037908.0,14,1.1524845662617655
NAT,2026-03-16,537113.0,14,1.236105289148003
NBIG,2026-03-16,177492.0,14,4.195922089106152
NBIL,2026-03-16,232551.0,14,2.2925884301431445
NIU,2026-03-16,49995.0,14,2.7481968062759385
NOWL,2026-03-16,15139.0,14,0.21278202055877546
NVTS,2026-03-16,3507807.0,14,3.350037692726276
ONDG,2026-03-16,78573.0,14,1.2457371162215511
PTLO,2026-03-16,205624.0,14,4.448679413814578
PURR,2026-03-16,392056.0,14,1.4747322929107158
RGTX,2026-03-16,216621.0,14,0.8929776256058682
RIOX,2026-03-16,34638.0,14,0.9209994530205422
RKT,2026-03-16,1012879.0,14,1.1510030677871794
SBET,2026-03-16,295066.0,14,0.9223266547706442
SBSW,2026-03-16,469468.0,14,1.5434543844442634
SOC,2026-03-16,602515.0,14,2.4561814739517303
SOLZ,2026-03-16,42586.0,14,0.7467587855043093
SOUX,2026-03-16,26708.0,14,0.8532186921688493
TETH,2026-03-16,24527.0,14,0.1580554527561592
TLS,2026-03-16,266227.0,14,14.880795627402991
TURB,2026-03-16,171765.0,12,0.06336843451516468
ULY,2026-03-16,305228.0,10,244.29966383864254
UPST,2026-03-16,556972.0,14,2.9894814648965555
UXRP,2026-03-16,27569.0,14,1.006818798388948
WULF,2026-03-16,2079330.0,14,1.3379866024017797
XRP,2026-03-16,29799.0,14,1.0164583084611056
XXRP,2026-03-16,147273.0,14,1.1269237790514002
ZVRA,2026-03-16,271366.0,14,2.0000600156356523
AGRO,2026-03-17,365131.0,14,7.678297141123333
BW,2026-03-17,380384.0,14,1.2779548790192143
CSIQ,2026-03-17,164473.0,14,1.6807950597097727
GDOT,2026-03-17,69804.0,14,4.090974167053888
GRO,2026-03-17,279074.0,14,4.4305296628428605
GRPN,2026-03-17,333304.0,14,4.069244876442492
IBRX,2026-03-17,2866516.0,14,1.6843812589192781
IREZ,2026-03-17,138645.0,14,1.8058663232999674
JVA,2026-03-17,97759.0,13,75.99970099270422
NBIZ,2026-03-17,141870.0,14,5.0603698881774895
NUAI,2026-03-17,572059.0,14,4.209851655881174
OKLL,2026-03-17,1047617.0,14,5.39915728806671
PURR,2026-03-17,815139.0,14,2.807784676440159
TNDM,2026-03-17,75935.0,14,1.1910611871286652
AIB,2026-03-18,188305.0,0,
BATL,2026-03-18,1050929.0,14,0.4876839064442796
BMNZ,2026-03-18,241877.0,14,2.6683650553250238
BTCZ,2026-03-18,184461.0,14,1.0370464070972585
GLL,2026-03-18,420821.0,14,2.2735283312443273
KC,2026-03-18,359408.0,14,3.7584139660856923
LNSR,2026-03-18,30040.0,12,1.6688502580958773
MSTZ,2026-03-18,1733319.0,14,1.8903486413370318
PDYN,2026-03-18,1452666.0,14,5.81720586350822
TOI,2026-03-18,149507.0,7,
TRVI,2026-03-18,115956.0,14,3.9845075400565504
UVIX,2026-03-18,1696692.0,14,0.8882342196035949
VNDA,2026-03-18,90195.0,14,1.1236262000589072
VNET,2026-03-18,1150988.0,14,4.0976665638467304
ZSL,2026-03-18,689146.0,14,1.1234199504640199
ANNA,2026-03-19,74826.0,14,1.1446697706538806
BATL,2026-03-19,406596.0,14,0.18279429081738985
BMNZ,2026-03-19,224495.0,14,2.138820213287929
CCRN,2026-03-19,98087.0,14,4.008599752457906
CORD,2026-03-19,70726.0,14,1.057797453587476
CRCD,2026-03-19,383641.0,14,1.5195001100518346
DLO,2026-03-19,855686.0,14,16.862445473240893
EQPT,2026-03-19,131746.0,14,9.473553370930794
FDMT,2026-03-19,56900.0,14,2.62742136041453
GLL,2026-03-19,632900.0,14,3.1172535689432803
HIMZ,2026-03-19,96656.0,14,0.05366623608640175
IONX,2026-03-19,51874.0,14,0.2685830707856239
IREZ,2026-03-19,83214.0,14,0.9573552252052363
MLTX,2026-03-19,89503.0,14,3.2258315312532178
MSTX,2026-03-19,345342.0,14,0.17845018574396948
MSTZ,2026-03-19,1380575.0,14,1.3708954013344776
NBIZ,2026-03-19,57205.0,14,1.292793403584896
QBTZ,2026-03-19,73967.0,14,0.9691366343601779
RGTX,2026-03-19,35469.0,14,0.15352997811599697
RGTZ,2026-03-19,69126.0,14,0.7805291148673825
RIVN,2026-03-19,3172420.0,14,2.2328609710744334
SMCX,2026-03-19,35040.0,14,0.26185866486030307
TWO,2026-03-19,1203520.0,14,8.72740683418824
UVIX,2026-03-19,4183844.0,14,2.1314222788947195
VG,2026-03-19,5626236.0,14,4.529861620269124
ZSL,2026-03-19,1112155.0,14,1.82030883651502
ANNA,2026-03-20,237204.0,14,5.328092184323723
ARMG,2026-03-20,79930.0,14,4.7430371001445355
ARTL,2026-03-20,446600.0,13,2.935017900889433
BIAF,2026-03-20,686585.0,14,0.7911966217263467
FLY,2026-03-20,1016966.0,14,4.9204568664579025
IDN,2026-03-20,105146.0,14,43.559330058590284
IRE,2026-03-20,47026.0,14,0.04865953535880609
NSP,2026-03-20,144523.0,14,3.522882906725494
ORCX,2026-03-20,107151.0,14,0.1668654439251245
SLS,2026-03-20,845339.0,14,3.020232033316924
TSSI,2026-03-20,124710.0,14,1.1772241772127148
UAMY,2026-03-20,807639.0,14,1.195889724204746
YSS,2026-03-20,130059.0,14,3.6774408543949724
AAL,2026-03-23,6211672.0,14,2.061878151807322
AERO,2026-03-23,21879.0,14,2.3488282927427764
ASPI,2026-03-23,668099.0,14,3.001314324403243
BEX,2026-03-23,69214.0,14,1.3153893038996227
CABA,2026-03-23,97552.0,14,1.1917908871796752
CCL,2026-03-23,2418608.0,14,1.5938723173183282
CDZI,2026-03-23,52151.0,14,2.822634769430613
CUK,2026-03-23,330753.0,14,1.4048650577231836
DBI,2026-03-23,18275.0,14,1.4223608354597863
DKNG,2026-03-23,1091644.0,14,3.251510441288416
DRN,2026-03-23,63870.0,14,0.8120589178178358
GO,2026-03-23,313475.0,14,1.228334498604194
JBI,2026-03-23,45597.0,14,1.1461099002114985
KOLD,2026-03-23,502649.0,14,1.5286913415042123
LUNL,2026-03-23,24479.0,14,1.1623496213187536
MRLN,2026-03-23,43073.0,14,3.442771015551851
NCLH,2026-03-23,1072146.0,14,1.3611905312925994
QDEL,2026-03-23,46714.0,14,1.5628376909051371
RETL,2026-03-23,72409.0,14,1.571278442556885
RKLZ,2026-03-23,89284.0,14,0.1771952933758308
RKT,2026-03-23,1295192.0,14,1.8015425594803425
SCO,2026-03-23,4519226.0,14,3.6915031816370174
SGML,2026-03-23,154411.0,14,1.3739816315505133
SNBR,2026-03-23,21510.0,14,0.3387252977653399
SNCY,2026-03-23,26530.0,14,1.7388006947337868
SPIR,2026-03-23,56408.0,14,1.9488427302632392
SPYU,2026-03-23,180065.0,14,1.2572396096981968
SVIX,2026-03-23,796557.0,14,2.441621378061004
TDUP,2026-03-23,66085.0,14,0.9001373765362432
TWO,2026-03-23,514824.0,14,2.0906382513388575
ULCC,2026-03-23,490144.0,14,2.920996218293516
WRD,2026-03-23,1199972.0,14,8.401664968790588
ANNA,2026-03-24,3167914.0,14,34.99410673523863
FLZH,2026-03-24,2278194.0,14,6.605055381899647
NTGR,2026-03-24,350453.0,14,47.74517569895194
SFD,2026-03-24,282036.0,14,20.103273238260584
UGRO,2026-03-24,2278194.0,14,6.605196272064027
UVIX,2026-03-24,1416034.0,14,0.7459167082685351
VG,2026-03-24,2355659.0,14,1.3542367848662253
VWAV,2026-03-24,86485.0,14,2.5180830134057626
AG,2026-03-25,1575380.0,14,1.3091708596031826
AMDL,2026-03-25,1248692.0,14,1.456858201965552
APLX,2026-03-25,48002.0,14,1.0838427074294967
ARIS,2026-03-25,76653.0,14,0.9649967448033754
ARMG,2026-03-25,156203.0,14,8.003198582961874
ASM,2026-03-25,463158.0,14,1.41755206119847
BIAF,2026-03-25,690250.0,14,0.7334634670905754
BITU,2026-03-25,215010.0,14,0.9897651209183541
BITX,2026-03-25,637390.0,14,1.510283207085153
BRZE,2026-03-25,831184.0,14,17.436755928967766
BSOL,2026-03-25,40703.0,14,0.8148620570818992
BTG,2026-03-25,1306914.0,14,0.9026978370680568
CCUP,2026-03-25,225232.0,14,1.7676960317700572
CGNT,2026-03-25,135623.0,14,8.138437996939603
CHWY,2026-03-25,1528101.0,14,8.758517209643559
CIFR,2026-03-25,3904238.0,14,3.8477286086271554
CLSK,2026-03-25,2230766.0,14,2.6249626394862555
CLSX,2026-03-25,83304.0,14,3.3145172979256134
CRCG,2026-03-25,1186674.0,14,1.0811822733191938
CWVX,2026-03-25,57737.0,14,0.7650853236183007
DNLI,2026-03-25,208195.0,14,4.244787456983868
EQX,2026-03-25,392526.0,14,1.0523704918390675
ERO,2026-03-25,29207.0,14,0.5483029210783209
ETHT,2026-03-25,74196.0,14,0.9389572565205364
ETHU,2026-03-25,229987.0,14,0.6390931985524714
EXK,2026-03-25,755157.0,14,1.1351849859457455
FSM,2026-03-25,173409.0,14,0.5825721206338754
GLWG,2026-03-25,38183.0,11,2.798929775692714
GROY,2026-03-25,97574.0,14,0.7491581789903412
HBM,2026-03-25,237727.0,14,1.2365849045877892
HL,2026-03-25,768345.0,14,0.8296384517777852
HMY,2026-03-25,392149.0,14,1.2345930707806532
HOOG,2026-03-25,83573.0,14,3.522549916905513
IAG,2026-03-25,34651.0,14,0.1547923127461138
IE,2026-03-25,50553.0,14,0.8778913994820041
IMMX,2026-03-25,40966.0,14,1.5109118307217297
IRE,2026-03-25,159899.0,14,0.2053362629355271
IREX,2026-03-25,34419.0,14,0.5239365316846851
KDK,2026-03-25,29415.0,14,2.9804804261447937
KGC,2026-03-25,468094.0,14,1.0278494076387816
LODE,2026-03-25,96647.0,14,3.112345568260497
LUNL,2026-03-25,56600.0,14,2.7898363206833054
LUNR,2026-03-25,1137359.0,14,2.6434414520094887
MRAL,2026-03-25,156190.0,14,1.5794910170990055
MRLN,2026-03-25,215418.0,14,9.384565117950729
MSTU,2026-03-25,2434628.0,14,1.780861895394089
MSTX,2026-03-25,210379.0,14,0.14646130068986302
NEWP,2026-03-25,28438.0,14,0.610022814643661
NG,2026-03-25,95276.0,14,0.5373727688598195
NUCL,2026-03-25,74609.0,14,5.838537299750701
ODV,2026-03-25,88213.0,14,1.159317954388857
OKLL,2026-03-25,213361.0,14,0.6953841712751234
PAYP,2026-03-25,305583.0,8,
PAYS,2026-03-25,766298.0,14,90.92518794124877
PGY,2026-03-25,202290.0,14,1.7876830489954911
PPTA,2026-03-25,45801.0,14,0.6314399411509248
PSLV,2026-03-25,769384.0,14,1.0048733396286156
ROBN,2026-03-25,171066.0,14,3.368193957873034
ROMA,2026-03-25,57867.0,13,3.134958868487511
SBSW,2026-03-25,247446.0,14,0.5397210785809078
SCO,2026-03-25,1245508.0,14,0.8025223256898831
SHNY,2026-03-25,68508.0,14,1.3472736697050531
SILJ,2026-03-25,445879.0,14,0.8719563691181101
SMU,2026-03-25,56000.0,14,1.3481190815594848
SOLZ,2026-03-25,49654.0,14,0.829595224513274
SRPT,2026-03-25,930975.0,14,11.018051695104385
SSRM,2026-03-25,238008.0,14,1.2811400378946332
SVM,2026-03-25,361380.0,14,1.2638599874596248
TGB,2026-03-25,335691.0,14,1.2086084608460845
TGEN,2026-03-25,86051.0,14,2.8717238485944283
UGRO,2026-03-25,1106052.0,14,2.1821059658289026
USAS,2026-03-25,252434.0,14,0.9179351422898743
VZLA,2026-03-25,259818.0,14,0.5827363577816156
XXRP,2026-03-25,95376.0,14,0.682632508048103
ANNA,2026-03-26,1334203.0,14,3.8850531201635317
ASTN,2026-03-26,37429.0,14,1.713025711436931
BATL,2026-03-26,1902862.0,14,2.5389038367847343
BMNZ,2026-03-26,38378.0,14,0.3896913392657041
FCHL,2026-03-26,510411.0,13,113.3859022556391
HCTI,2026-03-26,182383.0,14,49.34032850241546
HNRG,2026-03-26,308009.0,14,11.921302900618166
LOVE,2026-03-26,133071.0,14,26.140313460270246
MRAL,2026-03-26,242413.0,14,2.4195001137109773
NAVN,2026-03-26,961995.0,14,15.31154749980957
NEXT,2026-03-26,1213135.0,14,4.3981051564129
PGEN,2026-03-26,1947728.0,14,16.367914120077746
RGTZ,2026-03-26,40208.0,14,0.6026624070437946
SND,2026-03-26,35385.0,14,3.1231244483671667
ZSL,2026-03-26,687366.0,14,1.4564692631129355
ADMA,2026-03-27,1667302.0,14,6.1049932456554465
ANNA,2026-03-27,162390.0,14,0.3791505710373232
BATL,2026-03-27,906680.0,14,1.602249444354123
BOIL,2026-03-27,664568.0,14,1.9761178217479003
BTCZ,2026-03-27,101654.0,14,0.7650191798259194
NMAX,2026-03-27,223548.0,14,10.460588194005755
SGML,2026-03-27,410462.0,14,4.281383013994199
SIGA,2026-03-27,44749.0,14,2.586006769586395
U,2026-03-27,4570314.0,14,13.192275441064497
BITU,2026-03-30,204321.0,14,0.9725509209078657
BITX,2026-03-30,391974.0,14,0.8759626171565976
CCUP,2026-03-30,76441.0,14,0.6605094971377432
EEIQ,2026-03-30,837094.0,9,
ELAB,2026-03-30,9068042.0,14,181.58107190006163
ETHT,2026-03-30,108748.0,14,1.5772482546352269
ETHU,2026-03-30,293093.0,14,1.0136928635395115
FLZH,2026-03-30,290827.0,14,0.44203065961023447
GLND,2026-03-30,95643.0,13,4.588650152787824
KOLD,2026-03-30,662577.0,14,3.1210129277351615
LENZ,2026-03-30,179276.0,14,5.655929583241316
LUNL,2026-03-30,24132.0,14,1.0404222688946236
MSTU,2026-03-30,1389114.0,14,0.9546858435134897
MSTX,2026-03-30,140100.0,14,0.13415564024127496
RPAY,2026-03-30,81912.0,14,3.7961640062763586
SGML,2026-03-30,2186188.0,14,18.164065495160266
SND,2026-03-30,52318.0,14,4.55436999452818
TSSI,2026-03-30,126252.0,14,1.0310199381806155
UGRO,2026-03-30,290827.0,14,0.471276253919221
VELO,2026-03-30,255788.0,14,2.208525906930676
WRD,2026-03-30,191155.0,14,0.5672641144088014
AAOX,2026-03-31,20930.0,5,
ANNX,2026-03-31,321786.0,14,3.9652746115266604
APLX,2026-03-31,52191.0,14,0.871468441391155
ARTL,2026-03-31,188546.0,13,0.6687646465470505
BIRD,2026-03-31,101175.0,13,73.43802345058627
BKSY,2026-03-31,49511.0,14,0.7964101715635585
BOIL,2026-03-31,1146777.0,14,3.1579162904872335
CRWU,2026-03-31,127568.0,14,1.5818435615642428
CWVX,2026-03-31,149174.0,14,2.2864243431460456
ELAB,2026-03-31,1030766.0,14,1.4817725957700236
GO,2026-03-31,184472.0,14,1.045821888491095
IAG,2026-03-31,259610.0,14,1.264498782831117
IBRX,2026-03-31,1254955.0,14,0.8362999563747072
IMNM,2026-03-31,104422.0,14,3.311709964751402
INV,2026-03-31,54512.0,14,0.899791431108009
IONL,2026-03-31,19482.0,14,1.1960900395995315
IRE,2026-03-31,210819.0,14,0.40755308193216216
IREX,2026-03-31,66410.0,14,1.702477522843383
LITX,2026-03-31,311020.0,14,1.0082000710834906
LUNL,2026-03-31,22198.0,14,1.0103186626701084
LXEO,2026-03-31,32519.0,14,1.4446330713358697
NBIG,2026-03-31,74915.0,14,1.0127979435221817
NBIL,2026-03-31,188493.0,14,1.8542774689542794
NEBX,2026-03-31,44842.0,14,0.8591702922302314
ONDG,2026-03-31,28543.0,14,0.44545192075097734
ONDL,2026-03-31,67036.0,14,0.5645350771187119
PDYN,2026-03-31,83178.0,14,0.4625851637252881
POET,2026-03-31,612378.0,14,1.053417494096922
RKLX,2026-03-31,176227.0,14,1.6521594717756922
SBSW,2026-03-31,340415.0,14,0.7360922292683545
SST,2026-03-31,569176.0,14,19.01223268587026
TXG,2026-03-31,55185.0,14,0.9231624038857922
USAS,2026-03-31,341508.0,14,1.1109948736490782
WRD,2026-03-31,832751.0,14,2.400851649024885
WVE,2026-03-31,749165.0,14,2.267668176094537
XNDU,2026-03-31,31132.0,14,0.7856726964641412
AAOX,2026-04-01,62166.0,6,
APLX,2026-04-01,172163.0,14,3.1315784686943755
BAK,2026-04-01,229927.0,14,0.9341610732217227
BARK,2026-04-01,15743.0,14,0.2540431569762684
BCG,2026-04-01,1859867.0,2,
BIAF,2026-04-01,533613.0,14,0.5345964665711814
CAI,2026-04-01,123497.0,14,5.723131413439259
CCUP,2026-04-01,81709.0,14,0.7490819223838062
ELAB,2026-04-01,842726.0,14,1.0961751655760814
FLZH,2026-04-01,199434.0,14,0.2913359749023811
HMY,2026-04-01,195085.0,14,0.6462527166872328
IONX,2026-04-01,48291.0,14,0.4930560366863551
IRE,2026-04-01,416720.0,14,0.9675333495084205
IREX,2026-04-01,44246.0,14,1.129650770493298
ISSC,2026-04-01,86679.0,14,2.060656180324779
LTBR,2026-04-01,49988.0,14,1.1324453908926297
LUNL,2026-04-01,23019.0,14,1.0042411305526557
MRLN,2026-04-01,115179.0,14,2.4423619862349746
NCNO,2026-04-01,1516571.0,14,51.42948427587644
OKLL,2026-04-01,583671.0,14,1.926244266452435
OMER,2026-04-01,348194.0,14,13.55624151816503
ONDG,2026-04-01,75009.0,14,1.1730184510418504
ONDL,2026-04-01,61867.0,14,0.5133122865367075
OSS,2026-04-01,67032.0,14,0.8310747982196214
PDYN,2026-04-01,95580.0,14,0.5275980394669451
PLAY,2026-04-01,241683.0,14,5.158104791377655
QBTX,2026-04-01,81992.0,14,1.1499452520559281
ROBN,2026-04-01,34966.0,14,0.7092299690388123
SATL,2026-04-01,1050183.0,14,1.6903273559057332
SCZM,2026-04-01,57608.0,14,2.0185205578191794
SNDU,2026-04-01,24824.0,13,1.6322492539578168
SST,2026-04-01,111242.0,14,1.5764456514807506
TH,2026-04-01,841994.0,14,36.06488543779619
UGRO,2026-04-01,199434.0,14,0.30981434503457245
UMAC,2026-04-01,339715.0,14,0.9778037373570407
ZLAB,2026-04-01,43562.0,14,2.20688407370417
AESI,2026-04-02,279256.0,14,6.73393973946698
ANNA,2026-04-02,533370.0,14,1.1104884871576375
ASTN,2026-04-02,58257.0,14,2.5011438559906773
BATL,2026-04-02,1434954.0,14,2.6111660627474613
BMNZ,2026-04-02,87419.0,14,0.9954314130410912
BTCZ,2026-04-02,237503.0,14,1.8100244146073932
CNSY,2026-04-02,67474.0,14,0.1287607866785236
CORD,2026-04-02,100863.0,14,2.45741453932244
CRCD,2026-04-02,265389.0,14,1.1107438639141862
CRGY,2026-04-02,362798.0,14,1.382365220553134
GLL,2026-04-02,170146.0,14,0.8341962307073797
GPRK,2026-04-02,78776.0,14,1.9539221452919373
HPK,2026-04-02,97226.0,14,3.350244161776868
INDO,2026-04-02,263812.0,14,3.1308351876576177
IONZ,2026-04-02,32804.0,14,1.0958488332971437
LABD,2026-04-02,329553.0,14,0.8851276427736625
NBIZ,2026-04-02,67881.0,14,1.2367441594136508
NEXT,2026-04-02,416054.0,14,1.0860685227003424
PENG,2026-04-02,189885.0,14,10.692583058482827
PSTV,2026-04-02,67474.0,11,0.1208076019785249
RKLZ,2026-04-02,126891.0,14,0.4703805517765102
SOC,2026-04-02,381726.0,14,1.6867325073942203
TALO,2026-04-02,111547.0,14,1.322927749954255
TECS,2026-04-02,251318.0,14,1.346031896628237
TSDD,2026-04-02,914235.0,14,1.4084401496374606
TSLQ,2026-04-02,1003219.0,14,2.0932208429269066
TSLZ,2026-04-02,494154.0,14,2.158352351343636
TURB,2026-04-02,638675.0,14,6.093259453753595
TZA,2026-04-02,1841077.0,14,0.5482561243214381
UVIX,2026-04-02,1539214.0,14,0.9557700039674064
VET,2026-04-02,147158.0,14,0.9540019272560404
VG,2026-04-02,2193530.0,14,1.0537759468060601
WTI,2026-04-02,945327.0,14,1.5287490806709707
ZSL,2026-04-02,1048287.0,14,2.703686891482365
AAOX,2026-04-06,258869.0,8,
AGH,2026-04-06,106316.0,14,2.71825993261074
BDRX,2026-04-06,480054.0,14,1.760728692012195
BITU,2026-04-06,133243.0,14,0.6486299471715223
BITX,2026-04-06,630548.0,14,1.5784597679856867
CCUP,2026-04-06,38081.0,14,0.44241796578719816
DRAM,2026-04-06,552051.0,0,
ETHT,2026-04-06,109351.0,14,1.423020579650871
ETHU,2026-04-06,183589.0,14,0.6767550568117039
FLZH,2026-04-06,36683.0,14,0.05240420550376708
FUBO,2026-04-06,377860.0,14,1.423893341774346
HIMZ,2026-04-06,119943.0,14,0.5321007656702887
LWLG,2026-04-06,811126.0,14,2.2565224112941333
LZ,2026-04-06,129416.0,14,2.7679860181739295
MSTU,2026-04-06,1318635.0,14,0.9477120223743714
MSTX,2026-04-06,284873.0,14,0.44797983349287324
PUSA,2026-04-06,121469.0,14,2.9955996956074467
UGRO,2026-04-06,36683.0,14,0.0556501005427695
WNW,2026-04-06,16982.0,14,0.008790396184917476
ADVB,2026-04-07,817950.0,6,
ALHC,2026-04-07,460437.0,14,8.283465113320508
BGDE,2026-04-07,1136271.0,13,379.5355344295992
HTCO,2026-04-07,29532.0,13,1.9731409100020043
MIGI,2026-04-07,877879.0,12,287.96293360303963
MOBX,2026-04-07,168459.0,14,0.1366467170298671
SKYQ,2026-04-07,1784719.0,13,3.833042209752709
SSL,2026-04-07,297430.0,14,1.6113506025122089
TURB,2026-04-07,270990.0,14,1.9652611474668487
UNHG,2026-04-07,1228066.0,14,15.898294113730683
AAL,2026-04-08,10844955.0,14,4.608987712077532
ABCL,2026-04-08,219272.0,14,2.097500948034068
ACHR,2026-04-08,946786.0,14,1.0228387358442403
ACIU,2026-04-08,76729.0,14,7.6476627130469454
ACRS,2026-04-08,19741.0,14,0.49343600529190274
ADPT,2026-04-08,68872.0,14,1.7513254710212711
AEO,2026-04-08,214601.0,14,1.7764090617489068
AEVA,2026-04-08,68357.0,14,1.1067309504838054
AG,2026-04-08,298236.0,14,0.25041220545572185
AGNT,2026-04-08,54898.0,14,1.5907951574812111
AIOT,2026-04-08,35239.0,14,0.7014910092964131
AIRS,2026-04-08,87751.0,14,1.0837136064713329
ALM,2026-04-08,470780.0,14,1.6725103311945615
ALMU,2026-04-08,29883.0,14,1.0213990825128114
ALOY,2026-04-08,137839.0,14,1.3716103261024082
AMDL,2026-04-08,1111415.0,14,1.2150513275652048
AMPX,2026-04-08,454789.0,14,1.4046876561564785
AMRC,2026-04-08,26191.0,14,2.6192683815388134
APLD,2026-04-08,3050624.0,14,3.8471420635506144
APLX,2026-04-08,184751.0,14,2.576640314315543
APPS,2026-04-08,233911.0,14,3.56777150601773
ARHS,2026-04-08,51642.0,14,2.070074472379938
ARIS,2026-04-08,52516.0,14,0.7905141399783668
ARKB,2026-04-08,79250.0,14,0.5408765173304734
ARKG,2026-04-08,128417.0,14,0.870428145927501
ARMG,2026-04-08,47185.0,14,0.637853088796751
ARRY,2026-04-08,283941.0,14,2.1635295500708627
ASM,2026-04-08,349399.0,14,1.0246736404276762
ASPI,2026-04-08,380599.0,14,1.4431149741853342
ASST,2026-04-08,204370.0,14,1.7457343246153798
ASX,2026-04-08,412813.0,14,1.6508718278019405
ATEC,2026-04-08,42011.0,14,0.9630738245142908
AUR,2026-04-08,779850.0,14,2.165542761233137
AVR,2026-04-08,43238.0,14,2.2461215357271405
AXIA,2026-04-08,197623.0,14,3.239626474634817
AXTA,2026-04-08,117246.0,14,2.1032855427661294
BABX,2026-04-08,80006.0,14,2.0280318159844
BBAI,2026-04-08,1841438.0,14,1.527695592626708
BBD,2026-04-08,1665490.0,14,2.7293018893830725
BBVA,2026-04-08,79959.0,14,1.738484785893659
BCS,2026-04-08,902999.0,14,3.1532133654292003
BEAM,2026-04-08,72815.0,14,0.6819019486257409
BETA,2026-04-08,66249.0,14,1.3576588484829855
BEX,2026-04-08,135114.0,14,2.7461597090655694
BFLY,2026-04-08,204742.0,14,1.6172445116481136
BILI,2026-04-08,301685.0,14,3.3570191481531824
BITO,2026-04-08,1114298.0,14,1.1889168865567068
BITU,2026-04-08,400888.0,14,2.0889313028240832
BITX,2026-04-08,1208559.0,14,3.13650499287791
BKKT,2026-04-08,101472.0,14,2.0526140121977123
BMNR,2026-04-08,2270391.0,14,1.4512121264280256
BOBS,2026-04-08,44797.0,14,2.0127667768541992
BSBR,2026-04-08,36275.0,14,1.3825668891768574
BTDR,2026-04-08,419363.0,14,1.8719264376025264
BTG,2026-04-08,1131853.0,14,0.7355361777109442
BULL,2026-04-08,468389.0,14,1.4906152410213418
BULZ,2026-04-08,207195.0,14,2.1513326376636175
BW,2026-04-08,245941.0,14,1.1788970628012576
CAI,2026-04-08,63927.0,14,2.0671768137901405
CCL,2026-04-08,6310266.0,14,4.537659004626276
CCUP,2026-04-08,58612.0,14,0.833244143149737
CDE,2026-04-08,1639172.0,14,0.9839880530846713
CHYM,2026-04-08,58345.0,14,0.7946907114691801
CIFR,2026-04-08,2015618.0,14,1.9800614704433992
CLF,2026-04-08,1087533.0,14,1.7427814978881222
CLSK,2026-04-08,1928477.0,14,2.2115081872813214
CLSX,2026-04-08,91300.0,14,3.8610948327422774
CMCO,2026-04-08,22266.0,14,1.5092888925470982
CNSY,2026-04-08,98328.0,14,0.20691791672159307
COMP,2026-04-08,655733.0,14,2.5021639830043045
CONL,2026-04-08,1600699.0,14,1.7282157709948025
CPNG,2026-04-08,900223.0,14,1.7380440126459646
CRCG,2026-04-08,2538042.0,14,2.8697787943720248
CRML,2026-04-08,853384.0,14,2.428851250706199
CRNC,2026-04-08,39081.0,14,1.473436170327362
CRVS,2026-04-08,26957.0,14,0.6463423406142854
CRWG,2026-04-08,1416944.0,14,2.056803318470913
CRWU,2026-04-08,87230.0,14,1.2701367777203436
CSAN,2026-04-08,68590.0,14,1.0134509743909068
CSIQ,2026-04-08,169689.0,14,1.3404688954718578
CSTM,2026-04-08,151028.0,14,1.6101666906547685
CTOS,2026-04-08,15153.0,14,2.3298226346713524
CUK,2026-04-08,481939.0,14,3.1667375377235842
CVGI,2026-04-08,17208.0,14,0.8005875335223099
CWH,2026-04-08,89893.0,14,1.1611500210824282
CWK,2026-04-08,31708.0,14,1.0740854551129586
CWVX,2026-04-08,129860.0,14,1.8018968065104726
CX,2026-04-08,298419.0,14,2.362519890929284
DC,2026-04-08,41938.0,14,0.5420932652437532
DCH,2026-04-08,122576.0,14,1.5494276992308227
DFDV,2026-04-08,75425.0,14,1.4430376287145288
DJT,2026-04-08,262667.0,14,1.7467033233236846
DNA,2026-04-08,52817.0,14,1.353711806381927
DNN,2026-04-08,1044331.0,14,1.5998629561230897
DPRO,2026-04-08,121619.0,14,0.9941785645052422
DRIP,2026-04-08,3355982.0,14,3.1169072026523312
DUOG,2026-04-08,30261.0,14,2.444966411967035
DXYZ,2026-04-08,114039.0,14,0.5050586661014643
ELAB,2026-04-08,1297167.0,14,1.4398600063492204
ENVX,2026-04-08,470300.0,14,1.951129599787587
EOSE,2026-04-08,3083833.0,14,5.674500063351332
EQX,2026-04-08,372485.0,14,0.8109692242281019
ERY,2026-04-08,445454.0,14,1.9285249543563125
ETH,2026-04-08,265184.0,14,1.7692328953826943
ETHA,2026-04-08,1319416.0,14,1.2476496756532476
ETHE,2026-04-08,146703.0,14,1.0390755866751324
ETHT,2026-04-08,159776.0,14,2.128056472558104
ETHU,2026-04-08,580856.0,14,2.5392191791985956
ETHW,2026-04-08,32574.0,14,0.9753403797538743
EVLV,2026-04-08,202981.0,14,1.665226499620572
EXK,2026-04-08,823556.0,14,1.3915290620194278
EXPI,2026-04-08,54898.0,0,
EYE,2026-04-08,40284.0,14,1.0474706407858592
FBL,2026-04-08,124997.0,14,1.63155902469587
FCEL,2026-04-08,102084.0,14,3.0242054767562676
FETH,2026-04-08,176169.0,14,1.1742234778423204
FIG,2026-04-08,797442.0,14,2.1954529874392863
FIGS,2026-04-08,63507.0,14,0.6874268867942763
FIVN,2026-04-08,48349.0,14,1.4114553575524538
FJET,2026-04-08,104838.0,14,3.2428111557164985
FLNC,2026-04-08,257451.0,14,2.298281221604767
FNGU,2026-04-08,746645.0,14,2.05086998388817
FRMI,2026-04-08,897034.0,14,1.9594922551655893
FSM,2026-04-08,316660.0,14,0.9456612326975015
GBTG,2026-04-08,38093.0,14,1.4827247780647637
GDYN,2026-04-08,27982.0,14,0.7814844590025276
GEMI,2026-04-08,101710.0,14,1.2597716036931266
GGB,2026-04-08,596282.0,14,1.7573402779722085
GLXY,2026-04-08,280645.0,14,2.1212189924583655
GRAB,2026-04-08,4356084.0,14,2.319301280987645
GRCE,2026-04-08,115998.0,14,3.861341221003776
GROY,2026-04-08,105624.0,14,0.8192393287353927
GT,2026-04-08,399522.0,14,1.6017794150748554
GTES,2026-04-08,24961.0,14,0.9547193110909549
GTX,2026-04-08,51728.0,14,1.175024054023796
HBM,2026-04-08,758126.0,14,3.1540962112857582
HDB,2026-04-08,530495.0,14,0.7697118885386157
HIMS,2026-04-08,938228.0,14,1.0193756933166718
HIMX,2026-04-08,118632.0,14,1.2158201387816236
HIMZ,2026-04-08,52712.0,14,0.509087397126084
HL,2026-04-08,853471.0,14,1.0571623167797328
HMY,2026-04-08,114892.0,14,0.38855201514699866
HODL,2026-04-08,25590.0,14,0.5877469862914816
HSAI,2026-04-08,272421.0,14,2.2289982379086344
IAG,2026-04-08,55228.0,14,0.30322658068098834
IBN,2026-04-08,676323.0,14,2.584571113960255
IBRX,2026-04-08,1115507.0,14,0.8318717209334782
IE,2026-04-08,52112.0,14,1.0542874938041997
IMSR,2026-04-08,210092.0,14,3.729910419900376
INDI,2026-04-08,224581.0,14,1.6782937646891154
ING,2026-04-08,304221.0,14,2.1073951162356885
INTR,2026-04-08,352607.0,14,4.097328290210315
INV,2026-04-08,98943.0,14,1.5537043434565498
IONL,2026-04-08,29782.0,14,1.6041952822312253
IONX,2026-04-08,67623.0,14,1.2171760936587974
IRE,2026-04-08,472716.0,14,1.9905202493645426
IREX,2026-04-08,68982.0,14,1.761439577436017
ITRG,2026-04-08,134161.0,14,0.8446051285510325
ITUB,2026-04-08,932881.0,14,1.7544906961979576
JACK,2026-04-08,45902.0,14,1.6703089911003908
JBI,2026-04-08,30706.0,14,1.176166086632959
JBLU,2026-04-08,4123635.0,14,4.828451275338001
JETS,2026-04-08,815489.0,14,4.7544458228650415
JMIA,2026-04-08,116982.0,14,2.03461363102729
JOBY,2026-04-08,1315766.0,14,1.747071707077098
JTAI,2026-04-08,298431.0,14,0.5094457024678407
KC,2026-04-08,53568.0,14,0.5228215767634855
KEP,2026-04-08,65684.0,14,1.9221745637578282
KLAR,2026-04-08,470446.0,14,1.8034414719217358
KOLD,2026-04-08,236833.0,14,0.9961187665254353
LAC,2026-04-08,551230.0,14,1.262605241372089
LC,2026-04-08,85858.0,14,3.0705164393604605
LCID,2026-04-08,699583.0,14,2.700565361203604
LEG,2026-04-08,44224.0,14,1.8405139227035046
LEVI,2026-04-08,679078.0,14,16.29338433642848
LFMD,2026-04-08,48652.0,14,1.2876398461928185
LPL,2026-04-08,97097.0,14,1.2318079791798628
LPTH,2026-04-08,206554.0,14,2.410292785264967
LTBR,2026-04-08,62224.0,14,1.3502446645762582
LUMN,2026-04-08,659654.0,14,1.4684078228323938
LUNR,2026-04-08,966095.0,14,1.460062358524489
LWLG,2026-04-08,404048.0,14,1.153507348963241
LYG,2026-04-08,666337.0,14,1.1105543951795556
MARA,2026-04-08,3555434.0,14,1.8619227906954126
MBLY,2026-04-08,255714.0,14,1.343767184192776
METU,2026-04-08,281518.0,14,1.3288701077964722
MFG,2026-04-08,164721.0,14,1.1526015195127084
MGNI,2026-04-08,46416.0,14,1.033142653638124
MIR,2026-04-08,85863.0,14,1.5428556026737583
MNRO,2026-04-08,32691.0,14,1.4335777580790157
MNTS,2026-04-08,51492.0,14,1.0957476561645
MRAL,2026-04-08,242179.0,14,2.3875424095228306
MRLN,2026-04-08,65783.0,14,0.9202065104549164
MSFL,2026-04-08,70641.0,14,1.6059126419012948
MSFU,2026-04-08,461645.0,14,2.1523710440000148
MSTU,2026-04-08,2052333.0,14,1.5746101228131428
MSTX,2026-04-08,536745.0,14,1.5710458230322544
MSTY,2026-04-08,146160.0,14,2.231932303812601
NASA,2026-04-08,121878.0,5,
NAVN,2026-04-08,194160.0,14,0.6577522249807628
NB,2026-04-08,275166.0,14,1.8050334268573132
NBIG,2026-04-08,46870.0,14,0.8486505501782194
NBIL,2026-04-08,105834.0,14,1.347845704326057
NCLH,2026-04-08,2917789.0,14,4.554078012899546
NEO,2026-04-08,30819.0,14,0.8560748405273757
NEOG,2026-04-08,61324.0,14,1.4513893702231682
NESR,2026-04-08,130370.0,14,3.809474114828142
NEWP,2026-04-08,52622.0,14,1.0991163302117197
NG,2026-04-08,144534.0,14,0.79337190391127
NMR,2026-04-08,78279.0,14,1.2920677214742153
NMRK,2026-04-08,36660.0,14,1.3348105611385057
NNE,2026-04-08,173631.0,14,1.9642118940303597
NOWL,2026-04-08,290178.0,14,6.817131043555889
NRGV,2026-04-08,187123.0,14,1.1635245209945193
NU,2026-04-08,3186305.0,14,2.5770956121064756
NUAI,2026-04-08,152914.0,14,0.8424274453678405
NUVB,2026-04-08,141391.0,14,1.273597737283479
NVAX,2026-04-08,310251.0,14,1.569487965912573
NVCR,2026-04-08,80264.0,14,2.1600316787832887
NVDX,2026-04-08,780130.0,14,0.9320169394011748
NVOX,2026-04-08,20570.0,14,0.5747908753595187
NVST,2026-04-08,155055.0,14,3.524910000535856
NVTS,2026-04-08,1391074.0,14,1.9646338317693466
NWG,2026-04-08,372343.0,14,2.8955523005045327
NXE,2026-04-08,310238.0,14,1.326370648742029
OCUL,2026-04-08,121673.0,14,1.3383486056888116
OKLL,2026-04-08,389445.0,14,1.232590562308419
OLMA,2026-04-08,24901.0,14,0.5692753869316864
ONDG,2026-04-08,101302.0,14,1.5294231831044243
ONDL,2026-04-08,94666.0,14,0.8994034171689087
ONDS,2026-04-08,4597274.0,14,1.3093863519042668
OPEN,2026-04-08,2254562.0,14,2.034065257911841
OPTX,2026-04-08,45185.0,14,1.0388328628459478
ORCX,2026-04-08,159900.0,14,1.5574093824418893
ORLA,2026-04-08,202405.0,14,2.3785609121844513
OSCR,2026-04-08,240464.0,14,1.1792810598093952
OSS,2026-04-08,90919.0,14,1.1187149156305234
OUST,2026-04-08,149962.0,14,1.8496879842895264
PAGS,2026-04-08,85748.0,14,0.9429503684700833
PAYO,2026-04-08,73756.0,14,1.0436361063664203
PCT,2026-04-08,203032.0,14,1.375045835699697
PDYN,2026-04-08,110839.0,14,0.609759078232871
PENG,2026-04-08,74338.0,14,2.0594403449510934
PGY,2026-04-08,361882.0,14,2.5833728087328933
PLAY,2026-04-08,43392.0,14,0.6472905427651733
POET,2026-04-08,799168.0,14,1.5771748201276587
PONY,2026-04-08,276690.0,14,1.196709470652094
PRME,2026-04-08,113026.0,14,1.165116112971121
PSFE,2026-04-08,48139.0,14,4.615720733369404
PSLV,2026-04-08,405234.0,14,0.5384927662953529
PSNL,2026-04-08,69779.0,14,1.5131097164311336
PSTV,2026-04-08,98328.0,14,0.21938249031968737
PTIR,2026-04-08,388422.0,14,1.4643264334511887
PURR,2026-04-08,465016.0,14,2.112806346379274
QBTS,2026-04-08,1334849.0,14,1.6170873386515479
QBTX,2026-04-08,121067.0,14,1.6336594346078592
QDEL,2026-04-08,37668.0,14,1.2865099326923781
QFIN,2026-04-08,90250.0,14,1.3996727634868744
QS,2026-04-08,1070596.0,14,2.7067470822503195
QUBT,2026-04-08,972475.0,14,1.8833309102317644
RCAT,2026-04-08,1465527.0,14,2.0954516454104
RDGT,2026-04-08,138805.0,13,0.016778688552637883
RDW,2026-04-08,1666370.0,14,1.9883683607001417
REAL,2026-04-08,102502.0,14,1.119703748554557
RETL,2026-04-08,78202.0,14,0.9898423507521723
RGTI,2026-04-08,2280087.0,14,2.154574130788729
RGTX,2026-04-08,55108.0,14,1.2644089574155652
RIOT,2026-04-08,2041833.0,14,3.1773941947234583
RIVN,2026-04-08,1867409.0,14,1.4407363659579262
RKT,2026-04-08,1770141.0,14,2.808278526403534
ROBN,2026-04-08,219724.0,14,5.4053594334815225
RUM,2026-04-08,154913.0,14,2.47002923560343
RUN,2026-04-08,646535.0,14,2.3775013500934032
RVLV,2026-04-08,17842.0,14,1.2843891402714933
RXO,2026-04-08,38421.0,14,1.1700418948842994
RXRX,2026-04-08,1215638.0,14,1.8700859227645605
RYAM,2026-04-08,16049.0,14,0.7926298819271244
RZLV,2026-04-08,2353321.0,14,1.7967481124638602
SAN,2026-04-08,456240.0,14,1.8318220052315977
SARO,2026-04-08,32779.0,14,0.7798449507016644
SATL,2026-04-08,613592.0,14,0.7772917529666847
SBET,2026-04-08,476927.0,14,1.5782079421679547
SBSW,2026-04-08,58023.0,14,0.1285682540767837
SCO,2026-04-08,6985490.0,14,4.676510639140294
SDGR,2026-04-08,43516.0,14,1.4190473750288246
SERV,2026-04-08,424807.0,14,2.5345939610901578
SFIX,2026-04-08,47816.0,14,0.7334015508903706
SG,2026-04-08,230296.0,14,2.3759579126402834
SGHC,2026-04-08,53218.0,14,1.0719694517222973
SHLS,2026-04-08,121202.0,14,1.7489826630109875
SHNY,2026-04-08,96865.0,14,1.6838703028361477
SIDU,2026-04-08,3573076.0,14,6.125774706288196
SKIL,2026-04-08,200183.0,14,66.19339143579205
SLDP,2026-04-08,293806.0,14,2.208390445250141
SLI,2026-04-08,108308.0,14,0.9555803294309229
SLS,2026-04-08,233060.0,14,0.5663157350289967
SMCI,2026-04-08,1954329.0,14,0.6642900694306137
SMCX,2026-04-08,228102.0,14,0.9936014173024023
SMFG,2026-04-08,37768.0,14,0.5794593267667004
SMR,2026-04-08,421456.0,14,0.524009437950308
SMU,2026-04-08,39889.0,14,2.298651958262158
SNCY,2026-04-08,70222.0,14,6.279392696776337
SOFI,2026-04-08,4994206.0,14,1.87172168082326
SONO,2026-04-08,29731.0,14,0.9943810829793639
SOUN,2026-04-08,2574844.0,14,2.4013700562920577
SPCE,2026-04-08,382072.0,14,1.0181519722310837
SPYU,2026-04-08,187353.0,14,1.1957144791324292
STLA,2026-04-08,1276731.0,14,2.1949787050310943
STLN,2026-04-08,62432.0,14,0.7227288212394531
STNE,2026-04-08,142998.0,14,1.809059339241323
SVIX,2026-04-08,809970.0,14,2.5495018507056244
SVM,2026-04-08,202514.0,14,0.7440488734146753
SVV,2026-04-08,19285.0,14,0.731924191532679
SWIM,2026-04-08,36456.0,14,1.8687170474516697
TDOC,2026-04-08,271609.0,14,1.8199285721806737
TDUP,2026-04-08,116940.0,14,2.1843333097620947
TE,2026-04-08,1310231.0,14,2.6717897529438033
TGB,2026-04-08,350392.0,14,1.475274838465205
TIC,2026-04-08,72109.0,14,0.9270764554358156
TIGR,2026-04-08,287067.0,14,1.9123366411541765
TLRY,2026-04-08,318086.0,14,2.098111550533762
TMC,2026-04-08,384412.0,14,1.3828899689131844
TMQ,2026-04-08,227177.0,14,1.865957552912187
TOI,2026-04-08,63841.0,5,
TSL,2026-04-08,62447.0,14,1.2340485597370021
TSLG,2026-04-08,385196.0,14,0.734214723276542
TSLL,2026-04-08,10466256.0,14,2.3049656539825345
TSLR,2026-04-08,120423.0,14,0.7868837309162533
TSLT,2026-04-08,329666.0,14,1.150695642049326
TSSI,2026-04-08,81590.0,14,1.0967998402224595
TTDU,2026-04-08,19581.0,14,0.5170749373305945
TXG,2026-04-08,72275.0,14,1.45016954593792
U,2026-04-08,857911.0,14,1.1383073134449442
UAA,2026-04-08,329575.0,14,1.6173254550036822
UAMY,2026-04-08,768943.0,14,1.5640925948688265
UEC,2026-04-08,635157.0,14,2.0197087568506054
ULCC,2026-04-08,956938.0,14,7.212134915174673
UMAC,2026-04-08,263184.0,14,0.800637976553927
UPBD,2026-04-08,46548.0,14,1.8251408054266454
UPST,2026-04-08,236511.0,14,1.51449497760838
UPWK,2026-04-08,86553.0,14,1.0169203914130818
UROY,2026-04-08,139664.0,14,1.4593068035943517
USAR,2026-04-08,1465543.0,14,3.4917806776105604
USAS,2026-04-08,349209.0,14,1.0930061970745266
UUUU,2026-04-08,1379084.0,14,3.479924155035183
UWMC,2026-04-08,612089.0,14,1.4560938044808815
VELO,2026-04-08,132209.0,14,1.041870691416635
VFC,2026-04-08,258058.0,14,2.5044500841214594
VIV,2026-04-08,43171.0,14,2.285536013432006
VLRS,2026-04-08,52431.0,14,4.82869453672335
VNET,2026-04-08,455092.0,14,1.3474046977908511
VOYG,2026-04-08,88507.0,14,2.067509957134681
VZLA,2026-04-08,236018.0,14,0.5714113770327093
WNC,2026-04-08,25078.0,14,1.8784516198068537
WPP,2026-04-08,30402.0,14,1.2963223536936361
WRBY,2026-04-08,66989.0,14,1.596719547533191
WRD,2026-04-08,164913.0,14,0.41121012274418645
WT,2026-04-08,102031.0,14,1.7839503243355306
WULF,2026-04-08,2764124.0,14,2.532788671187948
WYFI,2026-04-08,66404.0,14,1.9542330055453487
XP,2026-04-08,305383.0,14,2.1210950968898694
XRAY,2026-04-08,100036.0,14,1.2557983554961758
XXI,2026-04-08,34581.0,14,0.9778114396509938
XXRP,2026-04-08,183053.0,14,1.4667271807386684
ZETA,2026-04-08,200627.0,14,0.9433615882776126
ALOY,2026-04-09,185843.0,14,1.803264281491431
ANNA,2026-04-09,84026.0,14,0.15422692241534827
BB,2026-04-09,2089244.0,14,11.663748743878903
ELAB,2026-04-09,5533589.0,14,5.570528367288138
EOSE,2026-04-09,2957598.0,14,4.060107007558579
RGP,2026-04-09,72277.0,14,9.564606688470047
RUBI,2026-04-09,32546.0,14,0.9109181672241069
SKYQ,2026-04-09,381556.0,13,0.6191103593371031
STAA,2026-04-09,460887.0,14,12.482575438080609
ZNTL,2026-04-09,282140.0,14,24.545194685756186
APLX,2026-04-10,129161.0,14,1.340436351560114
CCUP,2026-04-10,65626.0,14,0.9484788953112048
CSHR,2026-04-10,56617.0,11,9.398430544027768
FLZH,2026-04-10,36066.0,14,0.05102391613437175
KYIV,2026-04-10,322152.0,14,10.225517269524289
MGNX,2026-04-10,244662.0,14,10.124852572989303
MRLN,2026-04-10,140139.0,14,1.82108845052852
OGN,2026-04-10,3383458.0,14,48.80815495485841
PURR,2026-04-10,526503.0,14,2.535860670542281
SG,2026-04-10,317516.0,14,2.9904948094488146
SKYQ,2026-04-10,624848.0,13,0.9691926969642989
SLP,2026-04-10,175845.0,14,29.13029073138408
SPIR,2026-04-10,258863.0,14,2.8122740880879915
UGRO,2026-04-10,36066.0,14,0.05415124241111612
VWAV,2026-04-10,108794.0,14,3.0721176634320786
ALLO,2026-04-13,8148494.0,14,41.13234587843344
ALMU,2026-04-13,673327.0,14,26.391156453062404
ANNA,2026-04-13,390862.0,14,0.7309442581782722
BATL,2026-04-13,883922.0,14,1.377338292604256
BBGI,2026-04-13,137983.0,7,
BGDE,2026-04-13,206122.0,13,2.053069314820164
BTCZ,2026-04-13,57541.0,14,0.42120305036979333
CRDU,2026-04-13,109393.0,14,6.874072012711293
ELAB,2026-04-13,200271.0,14,0.1425433689814533
HPK,2026-04-13,46739.0,14,1.0991389591585115
LEG,2026-04-13,776480.0,14,39.182943752590695
MIGI,2026-04-13,142151.0,13,1.7653971411075413
OPTX,2026-04-13,476068.0,14,9.435537050853167
SKYQ,2026-04-13,955064.0,13,1.378747785572946
TNGX,2026-04-13,197414.0,14,2.7664407173257635
USOY,2026-04-13,96114.0,14,1.426415262349458
ZSL,2026-04-13,290617.0,14,0.8492865483501836
AAL,2026-04-14,10784649.0,14,3.967997279840007
ALMU,2026-04-14,243754.0,14,3.751112674430747
APLD,2026-04-14,2567790.0,14,2.1308284646531956
APLX,2026-04-14,227184.0,14,2.189075737251115
ASST,2026-04-14,371674.0,14,2.8814937546101143
BKKT,2026-04-14,188708.0,14,4.629434864205146
CCUP,2026-04-14,84814.0,14,1.2254891032865596
CHPT,2026-04-14,223027.0,14,8.028082029763558
CLSX,2026-04-14,69630.0,14,2.3125701312596227
CNSY,2026-04-14,54851.0,14,0.12142297734970682
CONL,2026-04-14,1755667.0,14,1.8896503645209126
CRCG,2026-04-14,2095532.0,14,2.074791495019431
CRML,2026-04-14,583843.0,14,1.340434715443448
CRWG,2026-04-14,2786200.0,14,2.4125059328022704
CRWU,2026-04-14,145921.0,14,1.342321594363928
ETHA,2026-04-14,1978416.0,14,2.2813974813864113
ETHT,2026-04-14,266757.0,14,3.122406493298018
ETHU,2026-04-14,373672.0,14,1.701106592306369
FCEL,2026-04-14,158990.0,14,3.9614085419462315
FLNC,2026-04-14,299454.0,14,2.3330268898584277
GLXY,2026-04-14,625450.0,14,4.0790059044801845
HIMZ,2026-04-14,68232.0,14,1.867714139911194
IMSR,2026-04-14,151571.0,14,2.187016177987754
INFQ,2026-04-14,432742.0,14,2.354161679904254
IONL,2026-04-14,101622.0,14,4.913989265064485
IONX,2026-04-14,455630.0,14,9.289309201903642
IRE,2026-04-14,550418.0,14,2.6463512551006603
IREX,2026-04-14,61435.0,14,1.3652308903548596
IRWD,2026-04-14,464432.0,14,8.042440817003044
JBLU,2026-04-14,1268416.0,14,1.4780248371892646
KC,2026-04-14,67630.0,14,1.1240634486459407
LTBR,2026-04-14,131096.0,14,4.170933023052869
LUNL,2026-04-14,52748.0,14,1.6965018803513052
LUNR,2026-04-14,1288708.0,14,1.7598083065659156
MRAL,2026-04-14,133059.0,14,1.3145320520329518
MRAM,2026-04-14,83669.0,14,7.3114868702757025
MSTU,2026-04-14,2373541.0,14,1.6913862138803866
MSTX,2026-04-14,331112.0,14,1.388278673501292
NBIG,2026-04-14,92017.0,14,1.4014682236625957
NBIL,2026-04-14,162529.0,14,1.5812444362288456
NNE,2026-04-14,207044.0,14,2.7233929007647935
NVOX,2026-04-14,50189.0,14,1.5984376101896571
OKLL,2026-04-14,1449886.0,14,4.5955702464370205
ONDG,2026-04-14,29714.0,14,0.4680712690366753
ONDL,2026-04-14,36725.0,14,0.4415245154952219
ORCU,2026-04-14,372059.0,14,12.161686489313515
PSTV,2026-04-14,54851.0,14,0.12914154809287193
PURR,2026-04-14,530509.0,14,2.5348353920771274
QBTX,2026-04-14,91810.0,14,1.2621889306343055
RDW,2026-04-14,2316429.0,14,2.6431763883458683
RGTX,2026-04-14,62034.0,14,2.1469827692764087
ROBN,2026-04-14,171966.0,14,3.0215705986227044
ROLR,2026-04-14,4916429.0,14,487.68913451659756
RVMDW,2026-04-14,138818.0,5,
SANA,2026-04-14,1432136.0,14,11.886813281280105
SBET,2026-04-14,519130.0,14,1.6291334288392003
SMCX,2026-04-14,315177.0,14,1.7909092384995655
SMR,2026-04-14,4040828.0,14,4.857463350667558
SMU,2026-04-14,112470.0,14,5.061249417399271
SOFX,2026-04-14,47222.0,14,1.7080554859412018
XNDU,2026-04-14,99086.0,14,2.4379683655536026
ALMU,2026-04-15,186518.0,14,2.3105971047322407
BTQ,2026-04-15,435719.0,14,3.7202942293981787
BULL,2026-04-15,3568305.0,14,11.667827463949886
EOSE,2026-04-15,5391689.0,14,3.952646047746475
GLOO,2026-04-15,89340.0,14,52.46256448974456
HOOG,2026-04-15,195230.0,14,7.930445177557457
INFQ,2026-04-15,1032431.0,14,5.215155884229151
IONL,2026-04-15,296991.0,14,10.680028665880666
LUMN,2026-04-15,1128915.0,14,2.4986249887951804
MNTS,2026-04-15,1065389.0,14,12.284357699257608
NOWL,2026-04-15,484921.0,14,3.802705457967378
OKLL,2026-04-15,1789597.0,14,4.400034983413612
QBTS,2026-04-15,7237111.0,14,8.410289983625926
QBTX,2026-04-15,541981.0,14,6.944378956000308
QUBT,2026-04-15,2700892.0,14,5.191907802398089
RGTI,2026-04-15,5003863.0,14,4.384313196833616
RGTX,2026-04-15,177099.0,14,5.527064803049555
ROBN,2026-04-15,435987.0,14,6.559443505323259
SMR,2026-04-15,2976165.0,14,2.780538245629957
SMU,2026-04-15,121339.0,14,4.085399786921399
SNAP,2026-04-15,9648362.0,14,4.9913336328888285
SOFX,2026-04-15,78488.0,14,2.7195849956935385
XNDU,2026-04-15,438097.0,14,9.268741546715026
ACHV,2026-04-16,1332690.0,14,29.91797981806432
ADBG,2026-04-16,381098.0,14,2.934268714076963
AMDL,2026-04-16,2304059.0,14,2.6994226048091607
ANL,2026-04-16,97962.0,14,5.746607055313692
ARQQ,2026-04-16,123374.0,14,6.038927756042473
BABX,2026-04-16,119983.0,14,4.913926813071727
BAIG,2026-04-16,63948.0,14,3.7925290813430372
BTQ,2026-04-16,518481.0,14,3.5524389348654877
CDNA,2026-04-16,356562.0,14,33.43134405325583
CRMG,2026-04-16,100548.0,14,2.5576876604605276
EVTL,2026-04-16,790804.0,14,3.934811095406034
GLND,2026-04-16,73817.0,14,1.4167592036609007
HIMS,2026-04-16,5757239.0,14,7.670583991967909
HMY,2026-04-16,335172.0,14,1.7742759167524047
HQ,2026-04-16,53419.0,14,28.980314655506472
IONL,2026-04-16,413545.0,14,8.516629082248828
KC,2026-04-16,185902.0,14,2.8959790987911482
LTBR,2026-04-16,92838.0,14,2.3304799985655626
MRLN,2026-04-16,206720.0,14,2.760976103048151
MYSE,2026-04-16,17653840.0,14,4090.1889914937283
NEXA,2026-04-16,456120.0,14,24.542184233181647
NN,2026-04-16,311211.0,14,9.4945085118067
NOWL,2026-04-16,716015.0,14,4.495280368404366
NUCL,2026-04-16,43353.0,14,2.4722184884218246
OKLL,2026-04-16,2005607.0,14,3.8620489788474113
ONDG,2026-04-16,69772.0,14,1.2501526202692514
ORCU,2026-04-16,273470.0,14,4.2707094684285325
QBTS,2026-04-16,7963209.0,14,6.016007441647226
QBTX,2026-04-16,671514.0,14,5.9555518953983375
QS,2026-04-16,1644705.0,14,3.1140805897663206
QUBX,2026-04-16,89915.0,14,9.797559191170748
ROLR,2026-04-16,151729.0,14,0.4016543377297991
SGML,2026-04-16,699693.0,14,1.690293475693182
SLDP,2026-04-16,1759613.0,14,9.600285421893622
SMR,2026-04-16,7874576.0,14,6.384230697578315
SMU,2026-04-16,352808.0,14,10.265681245687398
SOFX,2026-04-16,85219.0,14,2.6767643680224
TMC,2026-04-16,466760.0,14,1.948383915092891
UMC,2026-04-16,556281.0,14,2.052564330304361
UROY,2026-04-16,489912.0,14,5.982191497656844
UUUG,2026-04-16,26726.0,14,1.4944860063188252
XNDU,2026-04-16,1115665.0,14,14.530820748547086
AAL,2026-04-17,8829100.0,14,2.672801748928316
ADNT,2026-04-17,50973.0,14,3.1332604486360465
ARMG,2026-04-17,59634.0,14,0.9270106627611698
BIRD,2026-04-17,951416.0,14,1.0747294603132749
BLDP,2026-04-17,659228.0,14,5.257387903303444
BTM,2026-04-17,48060.0,14,2.665610205415684
CCL,2026-04-17,5356666.0,14,3.3829315549017247
CCUP,2026-04-17,67282.0,14,1.1711008085020147
CONL,2026-04-17,3343120.0,14,3.5523854441977027
CRCG,2026-04-17,4345434.0,14,3.8574177525706363
CRML,2026-04-17,8123953.0,14,17.569411905733634
CRVS,2026-04-17,168881.0,14,5.798560374744018
CUK,2026-04-17,359910.0,14,1.9192567876405522
DARE,2026-04-17,832834.0,14,152.87568999200198
DRIP,2026-04-17,3902742.0,14,3.117830596943511
ERY,2026-04-17,337871.0,14,1.1916863509390003
FLYX,2026-04-17,228885.0,14,13.896000832617803
HMY,2026-04-17,117510.0,14,0.5882535933157195
HOOG,2026-04-17,244884.0,14,6.289709527277798
IRE,2026-04-17,433449.0,14,1.8589836789048075
JBLU,2026-04-17,3149610.0,14,3.593259188942539
JETS,2026-04-17,496007.0,14,3.1628661794901225
KURA,2026-04-17,134855.0,14,3.654805138489891
LZM,2026-04-17,238883.0,14,57.230213734449066
MSTU,2026-04-17,5745149.0,14,4.127701289243257
MSTX,2026-04-17,700893.0,14,2.5249145003011884
MYSE,2026-04-17,1924851.0,14,1.5213037684905641
NCLH,2026-04-17,1891733.0,14,2.550884951064216
NEXA,2026-04-17,209686.0,14,4.150994407562164
OKLL,2026-04-17,653865.0,14,1.014055028163672
PBM,2026-04-17,1347831.0,8,
ROBN,2026-04-17,371112.0,14,3.81064870026712
RPAY,2026-04-17,1855804.0,14,49.377219539358286
SAIL,2026-04-17,121483.0,14,1.5895685040076564
SCO,2026-04-17,8685912.0,14,5.202509845825248
SMU,2026-04-17,233079.0,14,3.988917452994525
SOFX,2026-04-17,96301.0,14,2.695565419065899
SOUX,2026-04-17,42509.0,14,6.337937571220141
TEMT,2026-04-17,51206.0,14,4.391729714828315
TMC,2026-04-17,428614.0,14,1.6766564978236365
ULCC,2026-04-17,492407.0,14,2.9644130149194687
UMC,2026-04-17,1013533.0,14,3.636723431433759
USAR,2026-04-17,1505429.0,14,2.36778354806579
WSHP,2026-04-17,299196.0,14,6.757248475130225
ANNA,2026-04-20,70947.0,14,0.3760479187008553
ASTN,2026-04-20,88804.0,14,1.815287619309048
ATAI,2026-04-20,5842575.0,14,34.681871741262434
BATL,2026-04-20,293086.0,14,0.5479441298377402
BMNZ,2026-04-20,66513.0,14,1.214524491166746
BTCZ,2026-04-20,185051.0,14,1.3905610682577314
CATX,2026-04-20,120110.0,14,4.572272268733906
CMPS,2026-04-20,4942896.0,14,57.22931573463008
CRCD,2026-04-20,166027.0,14,0.9294857388729778
DFTX,2026-04-20,656335.0,14,9.78496627485725
ENVB,2026-04-20,12622997.0,11,2406.922758238139
FLYX,2026-04-20,66872.0,14,2.133894951815687
HELP,2026-04-20,1399448.0,14,32.36033238581464
HUBC,2026-04-20,42522.0,14,0.02280901266118826
LZM,2026-04-20,226720.0,14,10.733360160421478
MSTZ,2026-04-20,1260834.0,14,2.228655516029961
PBM,2026-04-20,1017390.0,9,
QBTZ,2026-04-20,65033.0,14,2.2127809534919893
SKYQ,2026-04-20,140942.0,14,0.18270222042140286
UMC,2026-04-20,1602092.0,14,4.7534663470178735
USAR,2026-04-20,3783319.0,14,5.214359830388603
USGG,2026-04-20,58397.0,14,4.020684771169186
ALMU,2026-04-21,136028.0,14,1.2544277983000205
APLX,2026-04-21,228629.0,14,2.0343308577947687
BTM,2026-04-21,121752.0,14,5.599208995378142
BULL,2026-04-21,5125636.0,14,6.839873410844186
EFOI,2026-04-21,124244.0,8,
FRMI,2026-04-21,1797586.0,14,2.9504913303201032
GRPN,2026-04-21,311964.0,14,8.728149131081231
JLHL,2026-04-21,74099.0,3,
KITT,2026-04-21,23479.0,14,0.31210038681891294
LCID,2026-04-21,5982086.0,14,9.595815153626164
LZM,2026-04-21,65283.0,14,1.7596495956873315
NVTS,2026-04-21,5262565.0,14,6.159074108023685
PBI,2026-04-21,924168.0,14,16.25472156788844
POET,2026-04-21,8153376.0,14,9.41687047000756
QTTB,2026-04-21,21908.0,14,2.8460924595883674
SLDP,2026-04-21,1128058.0,14,3.499348559030301
SOUN,2026-04-21,7225755.0,14,4.727066485329518
SPRC,2026-04-21,779339.0,12,370.4376138794264
UNHG,2026-04-21,844338.0,14,5.691978995875737
ADBG,2026-04-22,423312.0,14,2.402449811537367
ALMU,2026-04-22,141356.0,14,1.2069117142127048
APLX,2026-04-22,97310.0,14,0.7785542963242778
ASST,2026-04-22,329309.0,14,1.7234283706342592
AVXX,2026-04-22,26517.0,14,4.786091844364799
BBNX,2026-04-22,66448.0,14,2.6017664464668275
BITU,2026-04-22,263290.0,14,1.7660014325171818
BITX,2026-04-22,696632.0,14,1.5667560447476228
BKKT,2026-04-22,100844.0,14,1.531336840392646
BMNR,2026-04-22,2976161.0,14,1.7477786911060562
BSOL,2026-04-22,70706.0,14,0.8732439344337496
BTGO,2026-04-22,40597.0,14,1.7920851082614166
CCUP,2026-04-22,78748.0,14,1.2735564838089606
CLSK,2026-04-22,1808085.0,14,1.8626890646851506
CONL,2026-04-22,1356536.0,14,1.0672343146821885
CRML,2026-04-22,804608.0,14,0.5851782094194448
CRMX,2026-04-22,26310.0,14,0.9149622181263569
CRWG,2026-04-22,1869188.0,14,1.1132891083024015
DFDV,2026-04-22,91371.0,14,1.3828152616302636
ETHT,2026-04-22,146315.0,14,1.3546493595470768
ETHU,2026-04-22,371410.0,14,1.5571151442409912
FCEL,2026-04-22,1497111.0,14,15.156243514529983
FLWS,2026-04-22,222929.0,14,11.42397089290551
HCSG,2026-04-22,83082.0,14,9.224085837318297
HOOG,2026-04-22,179430.0,14,2.858056309632438
IRE,2026-04-22,259113.0,14,0.9857449957758623
IREG,2026-04-22,50077.0,14,4.177036600115586
KOPN,2026-04-22,230167.0,14,1.5079145511125671
KYTX,2026-04-22,426046.0,14,9.1716343551641
LUNL,2026-04-22,77978.0,14,2.2218441217474485
LUNR,2026-04-22,1934183.0,14,2.2919467143182164
LWLG,2026-04-22,754850.0,14,1.3205596386770686
MARA,2026-04-22,3294168.0,14,1.7073794339538748
MAZE,2026-04-22,221539.0,14,12.330180765759856
MRAL,2026-04-22,35486.0,14,0.41319038125820784
MSTU,2026-04-22,5298330.0,14,2.8632782919106656
MSTW,2026-04-22,33879.0,14,0.9692452938147279
MSTY,2026-04-22,115334.0,14,1.504428472666084
NBIG,2026-04-22,80244.0,14,1.1956321839080462
NBIL,2026-04-22,98111.0,14,0.9411623634820062
NKLR,2026-04-22,55663.0,14,2.7045443502766036
NVTS,2026-04-22,5918805.0,14,4.922532284501871
OKLL,2026-04-22,668133.0,14,0.9043931880803976
ONDG,2026-04-22,150361.0,14,2.733424574999091
ONDL,2026-04-22,153474.0,14,2.8056085114828764
ORCU,2026-04-22,184759.0,14,1.855197635446499
POET,2026-04-22,9264585.0,14,6.596502725559412
PURR,2026-04-22,263304.0,14,1.0972743882509899
QBTX,2026-04-22,115065.0,14,0.6703962925138643
RCAX,2026-04-22,85443.0,14,4.8340769118859415
RDTL,2026-04-22,22684.0,14,0.7404861556397552
RDWU,2026-04-22,71401.0,14,3.649958009274473
RGTX,2026-04-22,49627.0,14,0.8973248591912196
ROBN,2026-04-22,103103.0,14,0.7983652627742193
SBET,2026-04-22,456386.0,14,1.3939661162641277
SIDU,2026-04-22,2344803.0,14,1.3152558010839213
SMU,2026-04-22,59224.0,14,0.6125232705889305
USAR,2026-04-22,3365104.0,14,3.2781298301082225
VNCE,2026-04-22,17319.0,14,0.9001258496708975
WOLF,2026-04-22,48591.0,14,0.533449913153262
WSHP,2026-04-22,446866.0,14,6.38958975071289
XNDU,2026-04-22,327345.0,14,1.4945890477748125
XXRP,2026-04-22,134531.0,14,1.9206837404625303
ACB,2026-04-23,1088206.0,14,36.171306331866845
AKAN,2026-04-23,567349.0,13,180.5207675551313
AMBP,2026-04-23,74553.0,14,3.091836009242254
APLX,2026-04-23,372721.0,14,3.1153171978172876
ASTI,2026-04-23,643664.0,14,13.271129503766485
BMNZ,2026-04-23,44194.0,14,0.6203033562887429
CRCD,2026-04-23,30268.0,14,0.16787569611136358
HELE,2026-04-23,245402.0,14,15.902813843796721
LYTS,2026-04-23,16599.0,14,2.7820996300685987
MBLY,2026-04-23,1703768.0,14,8.656456009409588
MNTS,2026-04-23,396996.0,14,1.9824361096635637
MSOS,2026-04-23,4066158.0,14,22.49568649208726
MSOX,2026-04-23,692693.0,14,10.228327156209854
NOK,2026-04-23,16846428.0,14,4.399805128827921
NSRX,2026-04-23,36029.0,14,9.707022304331929
NUCL,2026-04-23,55025.0,14,1.5098388930265374
OKLL,2026-04-23,1768748.0,14,2.3748059394143524
QS,2026-04-23,11970806.0,14,17.19650252558549
RDY,2026-04-23,345255.0,14,5.703987009707317
SMU,2026-04-23,307101.0,14,3.0620643975813517
SST,2026-04-23,187906.0,14,4.252820196128515
TLRY,2026-04-23,7243824.0,14,34.44599985530535
TRT,2026-04-23,494162.0,13,177.89394107221977
TSDD,2026-04-23,1040047.0,14,1.511211886306787
TSLQ,2026-04-23,1303724.0,14,2.0214778762679133
TSLZ,2026-04-23,585719.0,14,2.239132512433912
ALMU,2026-04-24,130502.0,14,0.9546683192399557
APLX,2026-04-24,163812.0,14,1.1811706391513004
ARMG,2026-04-24,380559.0,14,7.280927528626541
ATOM,2026-04-24,73317.0,14,1.5374515257862595
CCUP,2026-04-24,81806.0,14,1.3955475404242874
CMPS,2026-04-24,538722.0,14,1.0431540365970042
CRML,2026-04-24,574889.0,14,0.4058445025992678
CRWG,2026-04-24,864650.0,14,0.496094634320826
CRWU,2026-04-24,51765.0,14,0.41315675453799144
ELPW,2026-04-24,2214822.0,14,3.1999561608957046
GNTX,2026-04-24,184953.0,14,6.3540263844991065
INDI,2026-04-24,270693.0,14,2.0208812374951473
KEEL,2026-04-24,2847440.0,14,2.561381444156114
LUNL,2026-04-24,26600.0,14,0.7102248346019098
NBIG,2026-04-24,88329.0,14,1.4641980103296146
NBIL,2026-04-24,105475.0,14,1.0724071842893237
NVOX,2026-04-24,97378.0,14,2.4979194570616614
OGN,2026-04-24,1958411.0,14,4.4406485108842055
OKLL,2026-04-24,1061541.0,14,1.2740447476681278
PBM,2026-04-24,266114.0,10,0.9889625544439654
POET,2026-04-24,6133071.0,14,2.808549835612668
PRLD,2026-04-24,52778.0,14,2.08806183148941
RDWU,2026-04-24,65109.0,14,2.2834732855024247
SMCX,2026-04-24,118185.0,14,0.6078541728967259
SMU,2026-04-24,110952.0,14,0.9211981468434425
SST,2026-04-24,697908.0,14,16.612478003247443
VIVO,2026-04-24,496998.0,14,11.370665917117021
WKC,2026-04-24,140733.0,14,18.3454254269167
WOLF,2026-04-24,601771.0,14,5.819321032680172
ASTI,2026-04-27,87043.0,14,0.9798395883168834
BOIL,2026-04-27,608006.0,14,1.7047345571038384
CLF,2026-04-27,2968038.0,14,4.427039326440641
CRML,2026-04-27,3167973.0,14,2.201433366116201
CRMX,2026-04-27,145163.0,14,4.724995524431952
EFOR,2026-04-27,162312.0,14,3.353707150120504
ELPW,2026-04-27,1505904.0,14,1.7720979164166037
GLND,2026-04-27,948871.0,14,24.961749927656328
HTCO,2026-04-27,71166.0,14,7.515626060784357
ICL,2026-04-27,181950.0,14,3.344581287256112
IMUX,2026-04-27,39292.0,14,0.1517108731991008
INV,2026-04-27,190711.0,14,2.8305269641492212
IPWR,2026-04-27,48583.0,13,7.006645218548924
LION,2026-04-27,270602.0,14,3.481313486819736
MX,2026-04-27,488312.0,14,8.331313988078916
OGN,2026-04-27,10998300.0,14,19.08262106355458
PTON,2026-04-27,2432812.0,14,6.267461811201263
QCML,2026-04-27,321675.0,14,23.101605101030568
QUIK,2026-04-27,220122.0,14,22.728806808962577
RMAX,2026-04-27,551310.0,14,136.82816571823645
SLS,2026-04-27,341534.0,14,1.3812025520672502
TORO,2026-04-27,85809.0,13,6.573813578799111
AMDD,2026-04-28,686092.0,14,1.468694653240198
APLZ,2026-04-28,106506.0,14,3.5550840082685022
BBBY,2026-04-28,3265397.0,14,56.244880935537246
BEZ,2026-04-28,216073.0,14,2.4004853309590524
BMNZ,2026-04-28,55592.0,14,0.7710516799833562
CORD,2026-04-28,314874.0,14,1.2630625277032261
CRCD,2026-04-28,158065.0,14,1.0387000747725492
CTOS,2026-04-28,155848.0,14,11.019221639748292
DAMD,2026-04-28,869336.0,14,5.42801164747349
DGNX,2026-04-28,126140.0,14,0.42015545152150396
IONZ,2026-04-28,189168.0,14,0.4587118112118307
IREZ,2026-04-28,137047.0,14,1.2421674149701705
ISPC,2026-04-28,28896.0,14,0.008589652609380036
LC,2026-04-28,260168.0,14,7.326258538429975
LFST,2026-04-28,399489.0,14,11.992859409711203
MSTZ,2026-04-28,1573877.0,14,1.8175917798440242
NBIZ,2026-04-28,217044.0,14,0.7439069771085658
NVD,2026-04-28,3008745.0,14,2.669369384555737
NVDQ,2026-04-28,286917.0,14,1.7728443316345648
OKLS,2026-04-28,64297.0,14,1.7507453948891099
OPRA,2026-04-28,131415.0,14,5.560807972120549
RKLZ,2026-04-28,70544.0,14,0.7592233845624005
SOXS,2026-04-28,18456480.0,14,3.115699982814802
TECS,2026-04-28,250790.0,14,1.2987465515927592
ZSL,2026-04-28,469567.0,14,1.9504502633459053
AGIO,2026-04-29,174142.0,14,4.164859550609784
AKAN,2026-04-29,272140.0,13,4.886633452075268
AVTR,2026-04-29,720462.0,14,3.898599375464546
CRMX,2026-04-29,47901.0,14,1.1284364767132324
CRWU,2026-04-29,34098.0,14,0.2582919053689343
CSEX,2026-04-29,19900.0,14,2.3675980692093277
EXTR,2026-04-29,147609.0,14,2.6819957483147703
FCEL,2026-04-29,617691.0,14,2.1100755268616544
FVRR,2026-04-29,617026.0,14,24.752468552107512
INDI,2026-04-29,652649.0,14,3.60457793263207
KALV,2026-04-29,4326585.0,14,146.62697528951546
MNTS,2026-04-29,118364.0,14,0.5353933637039191
NBIG,2026-04-29,59918.0,14,1.0283237327259556
NBIL,2026-04-29,59143.0,14,0.5879743905106275
NEO,2026-04-29,410490.0,14,12.855963616759018
PPSI,2026-04-29,87099.0,14,6.121446392803176
PRCH,2026-04-29,639823.0,14,16.62207896558315
ROLR,2026-04-29,202917.0,14,0.4824034127784931
RSI,2026-04-29,362705.0,14,18.729648782431006
SKYQ,2026-04-29,155715.0,14,0.6322091082934435
UMC,2026-04-29,1125923.0,14,1.8057131061305882
VRNS,2026-04-29,351440.0,14,8.335129054772892
ADAM,2026-04-30,130451.0,14,3.418450469067032
ADT,2026-04-30,564169.0,14,3.33921805546278
ASTX,2026-04-30,182165.0,14,0.7870540106483179
CCC,2026-04-30,1152699.0,14,4.967895419766255
CRWG,2026-04-30,1521076.0,14,0.9022258707523275
CRWU,2026-04-30,63741.0,14,0.5200502582261131
DRVN,2026-04-30,242171.0,14,8.722841411958424
EXK,2026-04-30,559904.0,14,1.4944773027380698
FATN,2026-04-30,4102193.0,14,1857.456644781526
FIP,2026-04-30,779044.0,14,23.805307764335087
FMC,2026-04-30,348134.0,14,4.495154719709735
GLWG,2026-04-30,27081.0,14,1.2600921303651313
GTX,2026-04-30,327264.0,14,9.771178867943842
HTZ,2026-04-30,2469802.0,14,3.679383193149797
IRE,2026-04-30,161622.0,14,0.6412081092263137
IREX,2026-04-30,44355.0,14,0.7521092779159875
LLYX,2026-04-30,339879.0,14,14.038164358100634
LWLG,2026-04-30,477914.0,14,0.7771715760488652
METD,2026-04-30,81034.0,14,4.7724408322606156
MICC,2026-04-30,101054.0,14,1.353621058513305
MRAL,2026-04-30,59711.0,14,1.006367187735128
MRAM,2026-04-30,1325848.0,14,34.17952013552581
NBIL,2026-04-30,145843.0,14,1.4849976690112316
NG,2026-04-30,150795.0,14,1.4048164069258309
NVA,2026-04-30,19181.0,14,0.8222156902369273
NVCR,2026-04-30,351618.0,14,15.878293293422445
NVOX,2026-04-30,96887.0,14,2.025151316987814
PRCT,2026-04-30,225811.0,14,10.726089538059613
QCML,2026-04-30,148430.0,14,3.169892715876311
QCMU,2026-04-30,108581.0,13,6.552957889019392
QURE,2026-04-30,75928.0,14,2.591892168671761
THRY,2026-04-30,166710.0,14,6.142464628600304
VISN,2026-04-30,3184759.0,14,17.54723373038971
ACCO,2026-05-01,193058.0,14,7.253982184504975
ADUR,2026-05-01,79392.0,14,4.500297593742029
ASAN,2026-05-01,613653.0,14,2.167071898125341
BITX,2026-05-01,512627.0,14,1.3250117975300144
BRZE,2026-05-01,193763.0,14,2.7090681031503974
CRMG,2026-05-01,130935.0,14,1.1369783910281737
EBS,2026-05-01,74391.0,14,5.9529127989391375
EDSA,2026-05-01,104666.0,14,2.572978288162527
ESPR,2026-05-01,38341467.0,14,173.11569824143163
FIG,2026-05-01,1531067.0,14,2.159217872311534
FIVN,2026-05-01,849622.0,14,14.084344739228971
GDYN,2026-05-01,155360.0,14,4.437326717927898
GTLB,2026-05-01,378943.0,14,1.3538627768773637
ISPC,2026-05-01,226939.0,14,0.08990598563828492
MSTU,2026-05-01,2811202.0,14,1.294060814580927
NOWL,2026-05-01,294122.0,14,0.5489177302201972
NVOX,2026-05-01,39119.0,14,0.7406977624859344
NWL,2026-05-01,610944.0,14,4.903138376450396
ORCU,2026-05-01,145982.0,14,1.021545573098249
PCRX,2026-05-01,72732.0,14,7.227409200281076
PS,2026-05-01,60743.0,1,
PSKY,2026-05-01,1068823.0,14,4.74011438853137
PTIR,2026-05-01,445338.0,14,1.3323642735791599
RDTL,2026-05-01,178242.0,14,7.393435531563135
RIOT,2026-05-01,3402971.0,14,3.5897189488774517
RMNI,2026-05-01,217240.0,14,33.3179233811334
TWO,2026-05-01,616515.0,14,9.925254794904907
WEAV,2026-05-01,298761.0,14,17.718230148476056
ACHC,2026-05-04,158181.0,14,2.263127881879721
ADVB,2026-05-04,97262.0,12,67.4026334026334
AGH,2026-05-04,290186.0,7,
BB,2026-05-04,6487067.0,14,7.290115973760413
CABA,2026-05-04,1411939.0,14,14.152202893279705
CCUP,2026-05-04,124809.0,14,1.9559977029430762
CONL,2026-05-04,2775009.0,14,1.9766318607600928
CRCG,2026-05-04,3800636.0,14,3.394101006214439
CRML,2026-05-04,1775335.0,14,0.974209066030915
CRMX,2026-05-04,83571.0,14,1.749050350484579
DRTS,2026-05-04,138426.0,14,5.59581201418325
GBTG,2026-05-04,12009657.0,14,741.0101278096078
INSG,2026-05-04,39119.0,14,3.0600823597119087
NBIG,2026-05-04,69111.0,14,1.3502047172891916
NBIL,2026-05-04,135845.0,14,1.523381022678939
OUST,2026-05-04,663037.0,14,4.731018243627218
PN,2026-05-04,2373585.0,11,1190.8522234891675
PTIR,2026-05-04,538144.0,14,1.6609532846306592
PUSA,2026-05-04,378490.0,14,9.44095726958663
ULCC,2026-05-04,1136853.0,14,6.769779858002543
ZSL,2026-05-04,297967.0,14,1.2713537638006838
ABCL,2026-05-05,1466425.0,14,5.799558520597664
ABEV,2026-05-05,596943.0,14,1.1927460755363801
ALMU,2026-05-05,70355.0,14,0.5086559351627258
APLX,2026-05-05,151614.0,14,1.3456977658306495
ARMG,2026-05-05,171595.0,14,1.438800102534863
BLZE,2026-05-05,6617334.0,14,172.18260046947398
BWIN,2026-05-05,47252.0,14,1.9783186647886144
CMBT,2026-05-05,349658.0,14,4.213138570538398
CONL,2026-05-05,2367567.0,14,1.6032627759667046
CRMX,2026-05-05,42749.0,14,0.8096270082195635
CYRX,2026-05-05,93262.0,14,12.87019093337539
DARE,2026-05-05,99805.0,14,1.078549881590851
DGXX,2026-05-05,9357401.0,14,80.98690892006009
ENR,2026-05-05,74921.0,14,4.5676573693034594
ERO,2026-05-05,125555.0,14,4.325593985702509
EVER,2026-05-05,513324.0,14,34.758872863402885
FSLY,2026-05-05,882141.0,14,2.0016327522913477
FTRE,2026-05-05,342698.0,14,13.924546153734529
GPK,2026-05-05,931347.0,14,7.489516056769071
IART,2026-05-05,168397.0,14,11.132581892704856
KOPN,2026-05-05,1615107.0,14,4.283678164577825
LUNR,2026-05-05,1152049.0,14,1.5625750894000434
MNTS,2026-05-05,111382.0,14,0.5720402605925807
MSTU,2026-05-05,2986588.0,14,1.3339813692854183
NBIZ,2026-05-05,858872.0,14,2.680245988115196
NRGV,2026-05-05,260628.0,14,1.975080842734763
OUST,2026-05-05,432129.0,14,2.4064587446156245
PINS,2026-05-05,6020152.0,14,11.227889223443476
PLTZ,2026-05-05,104957.0,14,2.087367248717235
RDWU,2026-05-05,47281.0,14,1.3966001422057932
SHLS,2026-05-05,810162.0,14,5.215941401832756
TDUP,2026-05-05,199269.0,14,5.172066274743182
TLIH,2026-05-05,40205.0,10,4.606069632362207
TRT,2026-05-05,35709.0,14,0.36158711054920195
VOYG,2026-05-05,230410.0,14,3.790800515665635
VRDN,2026-05-05,1370105.0,14,42.21757331384753
AAL,2026-05-06,5269009.0,14,1.667995291560742
ADPT,2026-05-06,91839.0,14,4.094197891358135
AG,2026-05-06,1118860.0,14,1.7894771835958458
AGNT,2026-05-06,33256.0,14,0.881328853343429
ARIS,2026-05-06,79177.0,14,1.9741090064611726
ARMG,2026-05-06,261374.0,14,2.058623382293043
ASM,2026-05-06,347973.0,14,1.1897852236845223
ASTX,2026-05-06,459680.0,14,1.9322415974548717
AVTX,2026-05-06,1328392.0,14,78.32236110643173
AXTA,2026-05-06,85843.0,14,1.96583914431015
BCS,2026-05-06,334864.0,14,1.1597027382573843
BLMN,2026-05-06,781313.0,14,13.44875316289169
CCL,2026-05-06,2605485.0,14,1.8425154205542802
CDE,2026-05-06,801323.0,14,0.9369172830228767
CGAU,2026-05-06,101394.0,14,1.9978832106515039
CHRN,2026-05-06,51908.0,12,12.124024368881017
CNSP,2026-05-06,38526.0,12,0.10189502638225843
COMP,2026-05-06,1378558.0,14,5.519137724989269
CORZ,2026-05-06,2346246.0,14,4.570447344558261
CRMX,2026-05-06,37902.0,14,0.6820165855213437
CRWU,2026-05-06,45852.0,14,0.5627087383917349
CUK,2026-05-06,191936.0,14,0.7893201798769625
CXDO,2026-05-06,135879.0,14,6.398370729640007
DC,2026-05-06,57448.0,14,1.3343221231773335
DGXX,2026-05-06,2020994.0,14,2.5996336392893333
DRIP,2026-05-06,4469073.0,14,1.996002127213628
ELPW,2026-05-06,22715.0,14,0.045644470324778905
EQX,2026-05-06,321591.0,14,1.2611736773048492
ERY,2026-05-06,151395.0,14,0.8276103621051579
EVC,2026-05-06,2470059.0,14,269.21414391480016
EXPI,2026-05-06,33256.0,0,
FLYW,2026-05-06,389114.0,14,5.825745115443434
GDC,2026-05-06,419036.0,7,
GEO,2026-05-06,211552.0,14,9.337217367179914
GLWG,2026-05-06,349932.0,14,13.563556224944074
HBM,2026-05-06,279900.0,14,1.2867516072902132
HL,2026-05-06,2273138.0,14,3.7597151286680903
HMY,2026-05-06,145002.0,14,1.195330854773426
IAG,2026-05-06,112673.0,14,0.4931152702608498
IMSR,2026-05-06,1395293.0,14,10.068325504057924
ING,2026-05-06,312314.0,14,2.3018110643280028
INTT,2026-05-06,45553.0,14,3.000602245245556
JBLU,2026-05-06,1192076.0,14,1.231739053292345
LYG,2026-05-06,399499.0,14,0.869567231801271
MNKD,2026-05-06,3811615.0,14,26.39729648709534
MUX,2026-05-06,114959.0,14,4.502911149099516
NG,2026-05-06,191027.0,14,1.6454885591950674
NNE,2026-05-06,472596.0,14,3.947367196435145
NVAX,2026-05-06,851737.0,14,6.484032869537603
NVOX,2026-05-06,140949.0,14,2.6922592052915078
NWG,2026-05-06,234696.0,14,2.011925537034928
OKLL,2026-05-06,1115905.0,14,1.3012047329771206
ORLA,2026-05-06,138110.0,14,1.4456557578675766
OSS,2026-05-06,720728.0,14,10.728756880787596
PPTA,2026-05-06,77812.0,14,1.918718890795022
PRGO,2026-05-06,99559.0,14,3.1461352329875316
PSLV,2026-05-06,583578.0,14,1.7672954519152877
QCML,2026-05-06,117932.0,14,1.611788066281515
QMCO,2026-05-06,393048.0,14,19.108689537342823
REYN,2026-05-06,99757.0,14,3.707257379486091
RGTX,2026-05-06,37619.0,14,0.9010508090648107
RIOT,2026-05-06,3831065.0,14,3.420730099254594
SBSW,2026-05-06,118616.0,14,0.536010917602827
SCO,2026-05-06,3589637.0,14,2.0812409625002464
SKK,2026-05-06,241717.0,12,15.699137268485943
SMCX,2026-05-06,891766.0,14,5.654899896773714
SMCY,2026-05-06,164057.0,14,3.6998165232197193
SRTA,2026-05-06,74144.0,14,2.466779785075024
SST,2026-05-06,85430.0,14,0.8966473745764237
STLA,2026-05-06,973276.0,14,1.299379017270203
SUPV,2026-05-06,17189.0,14,1.1686610074010761
SVM,2026-05-06,260014.0,14,1.6454038299684226
TBLA,2026-05-06,583189.0,14,10.010625332578059
TGB,2026-05-06,271855.0,14,1.4732617909291106
TIC,2026-05-06,212195.0,14,5.1874985812098044
UIS,2026-05-06,68796.0,14,3.7969132517296433
ULCC,2026-05-06,344162.0,14,1.3065217515094802
UMC,2026-05-06,2434341.0,14,2.903644638773681
URGN,2026-05-06,80640.0,14,6.319289348625548
USAS,2026-05-06,1162668.0,14,6.340777167618912
UTZ,2026-05-06,44074.0,14,2.0584540144183454
UWMC,2026-05-06,2321838.0,14,8.392597949520583
VZLA,2026-05-06,499774.0,14,1.9511805797626849
WULF,2026-05-06,2449837.0,14,1.453645644662051
ALKT,2026-05-07,96477.0,14,2.4558451594134385
ARRY,2026-05-07,693125.0,14,4.718728983633311
ASPN,2026-05-07,310665.0,14,8.117337464189397
ASTX,2026-05-07,391834.0,14,1.5062336936316545
BOBS,2026-05-07,79050.0,14,3.8544322313704185
BTG,2026-05-07,4387263.0,14,2.8091927514932746
CARS,2026-05-07,45374.0,14,4.081549255956205
CCRN,2026-05-07,573039.0,14,65.93963752928123
CMRC,2026-05-07,139273.0,14,6.5832553962299825
CORD,2026-05-07,475134.0,14,1.850175800573365
CRCD,2026-05-07,94501.0,14,0.589673819784573
DNUT,2026-05-07,515391.0,14,5.316707586292269
ERNA,2026-05-07,251259.0,12,0.9520298348832077
EXK,2026-05-07,1176242.0,14,2.3322655896037254
FA,2026-05-07,29006.0,14,2.398067769785872
FABC,2026-05-07,103335.0,11,2.6694527162221826
FLNC,2026-05-07,3697780.0,14,17.562985668074017
GENI,2026-05-07,604337.0,14,3.5360871793028568
GLWG,2026-05-07,153272.0,14,3.061394585726005
GOGO,2026-05-07,66207.0,14,2.6949801561341533
HIMX,2026-05-07,2372833.0,14,12.060186096155732
HL,2026-05-07,1327081.0,14,1.7852626711753217
ICL,2026-05-07,133044.0,14,2.5299995110104154
IONZ,2026-05-07,794020.0,14,1.9448526735976979
LFST,2026-05-07,741106.0,14,8.832318905473484
LIFE,2026-05-07,120731.0,14,7.972651459406427
NOWL,2026-05-07,1544245.0,14,2.746300209268004
NVST,2026-05-07,526730.0,14,20.84443740919344
OKLS,2026-05-07,48790.0,14,0.9602602456250844
OSG,2026-05-07,103927.0,14,17.879474544404438
PAYO,2026-05-07,182401.0,14,2.55803172078179
PCT,2026-05-07,650442.0,14,6.193295382669197
PGY,2026-05-07,1024115.0,14,7.202187137381764
PRMB,2026-05-07,160487.0,14,4.127365344590363
PTON,2026-05-07,5063598.0,14,10.00872981428108
QBTZ,2026-05-07,30572.0,14,0.81487616208117
RGTZ,2026-05-07,109510.0,14,1.2134955612122134
RUN,2026-05-07,1998419.0,14,5.53900555190066
RXT,2026-05-07,25345906.0,14,90.18006497876398
SABS,2026-05-07,109408.0,14,12.230702279714137
SRAD,2026-05-07,265950.0,14,2.0447210303728913
U,2026-05-07,1784342.0,14,5.012098076723211
VERX,2026-05-07,76357.0,14,2.4714145349038827
VTRS,2026-05-07,1047497.0,14,5.384758134992032
WRBY,2026-05-07,395353.0,14,8.32000565195105
XERS,2026-05-07,274854.0,14,6.459748657840929
AIRS,2026-05-08,104926.0,14,3.543352252580391
AMPX,2026-05-08,749310.0,14,1.4493822087675523
ARLO,2026-05-08,204004.0,14,9.310999543587403
BNZI,2026-05-08,27890.0,0,
CALY,2026-05-08,629733.0,14,17.527150769573325
CORD,2026-05-08,726396.0,14,2.650533049485091
DBX,2026-05-08,427584.0,14,4.846705778146258
FLNC,2026-05-08,6311716.0,14,14.541772201893668
FNKO,2026-05-08,204616.0,14,30.495810933092034
FOXF,2026-05-08,32819.0,14,4.10105680317041
GLWG,2026-05-08,114153.0,14,1.9021763582153504
GRND,2026-05-08,335017.0,14,18.687100578513714
HIMX,2026-05-08,2038056.0,14,5.900794430425193
ICL,2026-05-08,226338.0,14,3.7688497078270013
IREG,2026-05-08,82431.0,14,5.15734811074118
MRVI,2026-05-08,521801.0,14,10.612398055685492
OKLL,2026-05-08,490404.0,14,0.6259953537620824
PARA,2026-05-08,27890.0,14,0.16978677292943278
PAYP,2026-05-08,142991.0,14,1.522022821135096
PGNY,2026-05-08,163053.0,14,9.275479978058145
QCML,2026-05-08,325011.0,14,3.970119535817119
RDWU,2026-05-08,49115.0,14,1.1338149283461152
REA,2026-05-08,112017.0,1,
RGTX,2026-05-08,32203.0,14,1.0388639003078513
RXT,2026-05-08,4058171.0,14,1.9914096649401292
SPT,2026-05-08,154608.0,14,4.812197502428874
TNDM,2026-05-08,135276.0,14,3.9390423737450417
WEST,2026-05-08,512149.0,14,49.78154702807035
WSC,2026-05-08,387702.0,14,8.215554650759751
WULF,2026-05-08,2656638.0,14,1.479148395845062
ZIP,2026-05-08,71789.0,14,4.791637663885578
ACH,2026-05-11,88208.0,14,6.783926168044607
ADTN,2026-05-11,199911.0,14,1.8295355748149058
AIRJ,2026-05-11,65608.0,14,5.020562995353922
AIXI,2026-05-11,37036.0,14,0.04114383910081924
APLZ,2026-05-11,70743.0,14,1.754445448264867
APT,2026-05-11,65722.0,12,7.186659376708584
ARTV,2026-05-11,49338.0,14,2.519476066633352
ASBP,2026-05-11,15012.0,14,0.012831097449928665
ASTX,2026-05-11,612390.0,14,2.4991247848399034
ATRA,2026-05-11,42496.0,13,0.19936730559226506
BW,2026-05-11,507183.0,14,3.1356563027444095
CCUP,2026-05-11,570041.0,14,4.8621568024175
DGXX,2026-05-11,3151005.0,14,3.2292568124004903
GAMB,2026-05-11,529543.0,0,
GLIBK,2026-05-11,45362.0,14,10.420688184040825
GRSD,2026-05-11,529543.0,14,32.71192633023434
GSIT,2026-05-11,579049.0,14,11.51724030153124
HIMX,2026-05-11,1126911.0,14,2.3603037309597776
IREZ,2026-05-11,840305.0,14,3.6543681961708296
MLTX,2026-05-11,63091.0,14,4.026191756844226
MNTS,2026-05-11,289048.0,14,3.041732311873865
POET,2026-05-11,6188378.0,14,1.2451804448474322
PSLV,2026-05-11,2469080.0,14,6.35358777862675
REA,2026-05-11,100658.0,2,
SONY,2026-05-11,1204308.0,14,4.084864765858722
TH,2026-05-11,103971.0,14,1.5161379362065355
TLS,2026-05-11,101422.0,14,8.34955132954639
TMC,2026-05-11,614990.0,14,2.077335061498321
UNIT,2026-05-11,128413.0,14,1.9787898199941445
WYFI,2026-05-11,181793.0,14,3.9973080112579784
XXRP,2026-05-11,109017.0,14,1.142860779929522
ALHC,2026-05-12,340110.0,14,3.765605204344546
AMTM,2026-05-12,166769.0,14,5.280806472407
ASTN,2026-05-12,179199.0,14,10.837697149299961
ATEC,2026-05-12,153728.0,14,0.9475007275117425
AVEX,2026-05-12,221231.0,14,2.7449425794661546
BAK,2026-05-12,720775.0,14,10.2349893550877
BMNZ,2026-05-12,63644.0,14,1.0116111804302732
CORD,2026-05-12,592358.0,14,1.99018898008542
DSP,2026-05-12,33971.0,14,4.480986658626668
FABC,2026-05-12,84802.0,12,1.6606271265268158
HLIT,2026-05-12,872868.0,14,22.92737254077907
HTCO,2026-05-12,167329.0,14,3.4589105921298398
LZ,2026-05-12,216637.0,14,2.972379545790877
MGNX,2026-05-12,286069.0,14,19.72491270236061
OKLS,2026-05-12,26887.0,14,0.4828608006075238
PLSE,2026-05-12,48575.0,14,10.808856252781487
PLUG,2026-05-12,22955117.0,14,6.050525442445595
QBTZ,2026-05-12,82402.0,14,2.6595997786794543
QUBT,2026-05-12,14999562.0,14,21.747500828500414
QUBX,2026-05-12,382493.0,14,36.0711196734342
RKLZ,2026-05-12,1076245.0,14,9.58741016235202
SIBN,2026-05-12,76524.0,14,7.5937114585843695
SOXS,2026-05-12,22881674.0,14,2.2318329084740256
TE,2026-05-12,3206139.0,14,7.387589703380164
VG,2026-05-12,1710943.0,14,2.297202984986453
VSTS,2026-05-12,621649.0,14,36.65599386756295
WEN,2026-05-12,2835304.0,14,8.239102210578338
AEHL,2026-05-13,3971284.0,11,3.7568113943102235
AGNT,2026-05-13,51648.0,14,1.2575515144769245
ARRY,2026-05-13,449455.0,14,2.3488484339007143
BOT,2026-05-13,20352.0,1,
BRUN,2026-05-13,66169.0,14,2.5239035846522286
CMPS,2026-05-13,312667.0,14,1.595994170714073
CORZ,2026-05-13,497189.0,14,0.6343245831092671
CRWU,2026-05-13,111750.0,14,1.6169690279892224
EOSE,2026-05-13,10666536.0,14,10.18370195830896
ERNA,2026-05-13,163338.0,14,0.6603404776088888
HCHL,2026-05-13,52067.0,10,12.305492531669504
HIMX,2026-05-13,514637.0,14,0.9376988647012031
LIFE,2026-05-13,33695.0,14,1.074088494527438
LODE,2026-05-13,168494.0,14,3.5678767730362364
LPL,2026-05-13,103309.0,14,1.978420110224868
LWLG,2026-05-13,459987.0,14,0.8241375201897003
NBIG,2026-05-13,278288.0,14,6.424219239521156
NVTS,2026-05-13,3508962.0,14,1.663925029824196
OUST,2026-05-13,1158495.0,14,4.449200874097962
PSNL,2026-05-13,356045.0,14,8.294362742651
RDWU,2026-05-13,60752.0,14,1.3937392769181105
REA,2026-05-13,103803.0,4,
SLS,2026-05-13,1649517.0,14,6.909097817491957
UMAC,2026-05-13,536456.0,14,3.67969207794473
VELO,2026-05-13,1525992.0,14,14.252882581223643
VNET,2026-05-13,9448276.0,14,56.79452303002329
WYFI,2026-05-13,348959.0,14,5.396471887772009
ABSI,2026-05-14,324680.0,14,1.4337013429201078
ACVA,2026-05-14,78009.0,14,1.1720718487300263
AEHL,2026-05-14,1019852.0,11,0.7210663097406091
AIIO,2026-05-14,3079037.0,14,4.160152460526992
AQST,2026-05-14,523485.0,14,12.437826058917171
ASTX,2026-05-14,464528.0,14,1.4387624777965407
AVAH,2026-05-14,405870.0,14,20.21876278755315
BRUN,2026-05-14,164067.0,14,5.453370877216308
CRMD,2026-05-14,808004.0,14,15.314127591827452
FOSL,2026-05-14,81107.0,14,1.769664269706349
FRMI,2026-05-14,4578903.0,14,9.517469825050098
GO,2026-05-14,616596.0,14,9.407544480262597
HTCO,2026-05-14,28262.0,14,0.4133965093013901
INBS,2026-05-14,38875.0,14,4.864500098317871
JACK,2026-05-14,96696.0,14,8.508761785040855
KLAR,2026-05-14,4356453.0,14,25.196352808103107
KPTI,2026-05-14,109598.0,14,12.11974628952378
NBIG,2026-05-14,293625.0,14,4.759117952493913
OKLS,2026-05-14,75245.0,14,1.7030553566145503
ONDG,2026-05-14,167316.0,14,4.4114692505438
ONDL,2026-05-14,381298.0,14,8.370504409348069
ONDS,2026-05-14,19318386.0,14,7.892065412970015
PCT,2026-05-14,920967.0,14,6.91159446237833
PGEN,2026-05-14,567931.0,14,5.877825147462477
POET,2026-05-14,13087388.0,14,2.9226577662488644
RDWU,2026-05-14,60423.0,14,1.4412361016931825
STUB,2026-05-14,1693391.0,14,40.31430825791663
TRT,2026-05-14,117477.0,14,1.552057421325009
UMC,2026-05-14,1479739.0,14,1.6233092215290335
WWW,2026-05-14,146257.0,14,6.736295297155923
YANG,2026-05-14,125010.0,14,4.010486009106512
ZSL,2026-05-14,953066.0,14,3.479250972425286
APLZ,2026-05-15,141810.0,14,3.463360087642021
ASTN,2026-05-15,76712.0,14,2.7281405669316143
BMNZ,2026-05-15,47023.0,14,0.9482683122165949
BOT,2026-05-15,52151.0,3,
BRUN,2026-05-15,291581.0,14,8.189409487125475
CORD,2026-05-15,341736.0,14,1.0583469600118924
DAMD,2026-05-15,767799.0,14,1.138612105750861
FIG,2026-05-15,5734871.0,14,7.801375750944246
FIGG,2026-05-15,79648.0,14,1.0829632233897182
GEMI,2026-05-15,1233396.0,14,26.693787826086954
INBS,2026-05-15,18907.0,14,1.8659363588941054
IONZ,2026-05-15,884733.0,14,2.2512445560329204
IREZ,2026-05-15,408882.0,14,1.2898814232989708
LESL,2026-05-15,694756.0,13,48.6867375706839
LODE,2026-05-15,414065.0,14,7.335882856900607
LTRN,2026-05-15,121076.0,14,6.7223096904681645
MICC,2026-05-15,266006.0,14,4.1595934323690384
MSTZ,2026-05-15,1524491.0,14,1.6627055353938756
MUD,2026-05-15,1459889.0,14,4.169781353417267
NVD,2026-05-15,2787837.0,14,1.5966966998908527
OKLS,2026-05-15,79852.0,14,1.786149896067501
PIII,2026-05-15,51278.0,4,
QBTZ,2026-05-15,79196.0,14,2.3920502597559503
RGTZ,2026-05-15,256752.0,14,2.300038648282711
SMCZ,2026-05-15,82374.0,14,2.4360915597089963
SMST,2026-05-15,39442.0,14,1.5895654076336494
SOXS,2026-05-15,21278710.0,14,1.7282347194559593
SSG,2026-05-15,76535.0,14,2.7136565438608486
TECS,2026-05-15,345262.0,14,2.1716493583220453
TRT,2026-05-15,125175.0,14,1.8619295984598403
UVIX,2026-05-15,2937568.0,14,3.1796981533127204
YANG,2026-05-15,62400.0,14,1.6320064562892778
ZSL,2026-05-15,1790843.0,14,5.394768161062816
AIIO,2026-05-18,404003.0,14,0.3936469090003816
ASTI,2026-05-18,88272.0,14,3.934754437634323
ATAI,2026-05-18,796598.0,14,5.593551179637183
BMNZ,2026-05-18,29964.0,14,0.5858849950558935
BTCZ,2026-05-18,56157.0,14,0.5433296475466483
CMPS,2026-05-18,620064.0,14,3.519502844502682
DSGN,2026-05-18,184507.0,14,13.03456071210508
FABC,2026-05-18,28601.0,14,0.43353897924845763
FLYT,2026-05-18,32908.0,14,2.3838603353978773
FRMM,2026-05-18,68293.0,14,3.5275830516979294
HIVE,2026-05-18,11068901.0,14,16.230417091285
KULR,2026-05-18,508030.0,14,3.474026687663293
MNTS,2026-05-18,163487.0,14,1.6440862779351681
MSTZ,2026-05-18,1976447.0,14,2.0252578849463703
NOWL,2026-05-18,812084.0,14,1.1740467097925174
POET,2026-05-18,4500282.0,14,1.0390165687856203
PUSA,2026-05-18,115175.0,14,1.6126354530771039
QCML,2026-05-18,276245.0,14,1.9513788816365742
QUCY,2026-05-18,1675401.0,14,0.6868785529770245
RDW,2026-05-18,12455881.0,14,7.367200427374711
RDWU,2026-05-18,146890.0,14,3.5306883130484343
SIDU,2026-05-18,2354730.0,14,3.1012882875924745
TE,2026-05-18,5622669.0,14,8.36032396489736
VIVO,2026-05-18,276718.0,14,4.940088522545705
VUZI,2026-05-18,953954.0,14,11.374265972731445
YSS,2026-05-18,155501.0,14,2.5644935952861685
ADBG,2026-05-19,177131.0,14,0.8219206322848834
APLZ,2026-05-19,26397.0,14,0.6011575550147703
BEKE,2026-05-19,976232.0,14,2.57094915907203
BKKT,2026-05-19,553266.0,14,6.330290120031351
CMBT,2026-05-19,471607.0,14,5.7055757815625805
CORD,2026-05-19,217397.0,14,0.653147160790028
CRCD,2026-05-19,144197.0,14,0.37798072310632175
ENHA,2026-05-19,187054.0,14,18.075594638247356
IONZ,2026-05-19,320475.0,14,0.7205384079981988
IREZ,2026-05-19,216989.0,14,0.6364162960160373
LMRI,2026-05-19,150337.0,14,15.737032966211315
NOWL,2026-05-19,2057532.0,14,2.8363929402140404
PAR,2026-05-19,69845.0,14,1.889000935005525
PIII,2026-05-19,134085.0,6,
PURR,2026-05-19,814881.0,14,2.8067979206487728
RERE,2026-05-19,254076.0,14,8.042470352826797
RLAY,2026-05-19,1666680.0,14,25.31192540129025
SOXS,2026-05-19,30062035.0,14,2.4197438676374485
STUB,2026-05-19,540769.0,14,2.612800113750566
TLSI,2026-05-19,90231.0,14,3.1206681884208343
WAY,2026-05-19,108301.0,14,2.0533553265945113
ZBIO,2026-05-19,72056.0,14,4.251198934654901
ZSL,2026-05-19,2283433.0,14,5.156672997429734
AMPG,2026-05-20,1308210.0,14,13.111253809363248
APLX,2026-05-20,42731.0,14,0.6223105737893355
ARCO,2026-05-20,114034.0,14,9.062236047409291
GCTS,2026-05-20,3308560.0,14,5.136893927320907
GLWG,2026-05-20,77551.0,14,0.7846165964830377
IBRX,2026-05-20,3704574.0,14,5.813416626333108
IRE,2026-05-20,255624.0,14,0.7789285905510885
IREG,2026-05-20,69185.0,14,3.319157831250985
NBIG,2026-05-20,41640.0,14,0.5346858848833104
OKLL,2026-05-20,807504.0,14,1.3933712095067747
POET,2026-05-20,5347339.0,14,1.2475275705395055
QUIK,2026-05-20,47418.0,14,0.8268970869045854
RBLU,2026-05-20,24712.0,14,0.49394504424500796
RRGB,2026-05-20,240675.0,14,36.67029438972629
SLS,2026-05-20,1540684.0,14,4.269091447438475
SMWB,2026-05-20,166997.0,14,3.657923269847876
TE,2026-05-20,3551413.0,14,2.869904223741762
WNW,2026-05-20,92771.0,13,1.0178843769543893
XPOF,2026-05-20,181980.0,14,15.436236731132762
APLX,2026-05-21,140766.0,14,2.1122330534134326
ARMG,2026-05-21,283517.0,14,1.7117424355137871
BTQ,2026-05-21,206669.0,14,2.4524747960202546
CODX,2026-05-21,4055402.0,14,6.2801994332562945
CRML,2026-05-21,960241.0,14,1.1372252543437615
CRWU,2026-05-21,118029.0,14,1.3499188777185769
GRRR,2026-05-21,102021.0,14,2.1166213939261915
INFQ,2026-05-21,5015551.0,14,10.389069254381727
IRE,2026-05-21,301994.0,14,0.9017753468320778
LPL,2026-05-21,107190.0,14,1.2859599796736296
NBIG,2026-05-21,161870.0,14,2.08470439749377
NIO,2026-05-21,10561702.0,14,4.602976703395826
PURR,2026-05-21,1559792.0,14,3.753813921115045
QBTS,2026-05-21,6472517.0,14,5.513601977456081
QBTX,2026-05-21,533691.0,14,7.180090523827371
QUBT,2026-05-21,3679621.0,14,1.843621727015172
QUBX,2026-05-21,109081.0,14,1.7404763722856593
QUCY,2026-05-21,3552415.0,14,1.3508640671202792
RGTI,2026-05-21,8455428.0,14,5.1857118506639654
RGTX,2026-05-21,333534.0,14,9.655917135903156
RLAY,2026-05-21,1288449.0,14,6.390817181169248
SWIM,2026-05-21,99157.0,14,4.915436802447454
WNW,2026-05-21,18397.0,13,0.18724066227612793
YANG,2026-05-21,38414.0,14,0.8816906026624697
AIAI,2026-05-22,19041.0,5,
AIRJ,2026-05-22,129286.0,14,5.016015186575953
AKAN,2026-05-22,369715.0,14,20.14858384068013
AKTX,2026-05-22,1281757.0,10,834.9664516969578
AMPG,2026-05-22,751901.0,14,3.1313821690591914
BBNX,2026-05-22,35605.0,14,3.414809588074507
FLO,2026-05-22,874343.0,14,5.502310009682352
GOVX,2026-05-22,2442877.0,14,3.16043299428262
GSIT,2026-05-22,260775.0,14,1.5677442792803624
HCWB,2026-05-22,1437638.0,14,1.205048203288433
HLIT,2026-05-22,574242.0,14,4.6084645135550195
IBX,2026-05-22,163784.0,12,16.815030286437835
IMRX,2026-05-22,540046.0,14,25.46503066658134
INFQ,2026-05-22,5832254.0,14,7.085914797598801
LFS,2026-05-22,5261138.0,9,
LION,2026-05-22,517838.0,14,12.16957460308934
MGNX,2026-05-22,33936.0,14,0.4914923199152542
MTVA,2026-05-22,1005596.0,14,3.0952639968340168
NAKA,2026-05-22,32827.0,14,0.10942906533199358
NUCL,2026-05-22,64534.0,14,3.557650431379035
OKLL,2026-05-22,1296663.0,14,2.1160048751398177
PCLA,2026-05-22,1105313.0,11,74.07361398805897
PPTA,2026-05-22,220658.0,14,3.33684601658263
RDWU,2026-05-22,88910.0,14,1.5889371555785898
RGTIW,2026-05-22,73530.0,14,10.310284043107249
SG,2026-05-22,1179615.0,14,9.349965322500744
SMWB,2026-05-22,56956.0,14,0.9606457442322751
XPOF,2026-05-22,141529.0,14,5.5781413196174645
AIIO,2026-05-26,613520.0,14,0.5361819570821216
AIRJ,2026-05-26,144452.0,14,4.185558646267965
ALMU,2026-05-26,117809.0,14,0.9020148308085738
ASPI,2026-05-26,1856732.0,14,9.318694964962916
ASTI,2026-05-26,204028.0,14,6.988337243753318
BB,2026-05-26,2038907.0,14,1.5557078185758981
BRCB,2026-05-26,85436.0,14,2.4178321855019496
BTGO,2026-05-26,370076.0,14,5.865311205198451
CCOI,2026-05-26,89855.0,14,2.2574810002781542
CIFR,2026-05-26,2832916.0,14,2.1928092830757344
CODX,2026-05-26,1073775.0,14,1.1187144798282969
CPSH,2026-05-26,451474.0,14,10.54171982861422
CRWU,2026-05-26,87687.0,14,0.9961731154054014
DUOT,2026-05-26,105961.0,14,3.697348842657787
ETHT,2026-05-26,42974.0,14,0.833979295928495
FINV,2026-05-26,150693.0,14,3.302270905857898
FJET,2026-05-26,570967.0,14,7.447966971379482
FUTG,2026-05-26,2826005.0,14,14.81380927347912
GCTS,2026-05-26,973289.0,14,0.9871610810920459
GILT,2026-05-26,156242.0,14,3.184527137200093
GRRR,2026-05-26,223461.0,14,4.324934022531185
GSIT,2026-05-26,269594.0,14,1.4902053065661065
HBM,2026-05-26,394181.0,14,1.7712429083318035
HIVE,2026-05-26,2937856.0,14,1.5203260426038179
HLIT,2026-05-26,1661905.0,14,10.14828119690963
HMY,2026-05-26,44286.0,14,0.25772558637388676
HOVR,2026-05-26,648302.0,14,3.2826486214741166
HQ,2026-05-26,35180.0,14,3.803448835072166
IHRT,2026-05-26,75582.0,14,1.8800223154797653
IPWR,2026-05-26,83002.0,14,2.702994156835014
KEEL,2026-05-26,3756385.0,14,2.1152294141526857
KOPN,2026-05-26,454805.0,14,0.53338141688143
LPTH,2026-05-26,469751.0,14,3.0720176758004096
MEDS,2026-05-26,16168.0,14,0.0055050418417180325
MNTS,2026-05-26,3521416.0,14,30.34016430519237
MRLN,2026-05-26,198235.0,14,2.816595371117437
MX,2026-05-26,413090.0,14,4.071471063441833
NBIG,2026-05-26,61213.0,14,0.7169687564053762
NNE,2026-05-26,424516.0,14,2.6408835851031873
OKLL,2026-05-26,2464088.0,14,3.580263918796005
OSUR,2026-05-26,86595.0,14,3.8712056864410567
PONY,2026-05-26,1698736.0,14,5.718901615565447
PURR,2026-05-26,995024.0,14,1.597926989230599
QNTM,2026-05-26,131955.0,14,7.744097722928334
RDW,2026-05-26,6719801.0,14,2.2561157644210605
SATG,2026-05-26,97312.0,14,5.4790809534725655
SHLS,2026-05-26,188565.0,14,0.8992814700483074
SMR,2026-05-26,4318120.0,14,2.8491684987582246
SMU,2026-05-26,207004.0,14,3.1315405304065846
SOFI,2026-05-26,9460511.0,14,3.254080955804921
SOFX,2026-05-26,462743.0,14,5.965016859012252
SPIR,2026-05-26,180060.0,14,2.3954069124371413
TE,2026-05-26,4959964.0,14,2.539140435486954
TIGR,2026-05-26,1939391.0,14,4.289930129284997
TRT,2026-05-26,73098.0,14,1.2098211699671468
UMC,2026-05-26,1089300.0,14,1.0985847676339993
VELO,2026-05-26,354615.0,14,1.5420461904739717
WGRX,2026-05-26,16168.0,5,
WULF,2026-05-26,5671088.0,14,3.44959104032662
XNDU,2026-05-26,809059.0,14,2.308019242007696
XPEV,2026-05-26,1094713.0,14,2.7334823082346476
API,2026-05-27,94805.0,14,4.375591342904709
APPS,2026-05-27,6630494.0,14,47.62777577105892
ASTI,2026-05-27,331613.0,14,8.108577037544189
CPSH,2026-05-27,724292.0,14,12.362433159317952
CRSR,2026-05-27,405030.0,14,4.220485029552371
CRVS,2026-05-27,115253.0,14,2.299154457550463
EDIT,2026-05-27,1118456.0,14,19.77068686868687
FUTG,2026-05-27,1502039.0,14,3.8264331465172137
HIMZ,2026-05-27,44686.0,14,1.056890268934281
IPWR,2026-05-27,629146.0,14,18.23747525695497
KVHI,2026-05-27,30771.0,14,1.8441287141004181
MNTS,2026-05-27,3809772.0,14,10.593341684315016
MX,2026-05-27,407574.0,14,3.2163878039582854
OCC,2026-05-27,45225.0,14,4.503552909544843
QFIN,2026-05-27,615412.0,14,9.398472816127061
RDW,2026-05-27,9952691.0,14,2.9331130648076194
SDOT,2026-05-27,33685.0,14,0.2381796547028853
SIDU,2026-05-27,4777213.0,14,4.20060891605092
SMCX,2026-05-27,182832.0,14,1.0543823023955894
SPCE,2026-05-27,3349140.0,14,3.9295552369572944
UMC,2026-05-27,2930566.0,14,2.9076413250387305
VCIG,2026-05-27,532677.0,14,9.932841407051239
VIVO,2026-05-27,299551.0,14,2.9141429653461564
XNDU,2026-05-27,746512.0,14,2.0324174216075304
ZSL,2026-05-27,515398.0,14,0.9337418092165368
AIRO,2026-05-28,218135.0,14,7.568313052960273
AMPX,2026-05-28,1104715.0,14,2.0804036620784196
ASTC,2026-05-28,1799573.0,13,5.163792650576827
ASTN,2026-05-28,804922.0,14,6.091212722841343
ATPC,2026-05-28,2170715.0,12,11.641558114206111
BMNZ,2026-05-28,104910.0,14,2.2001123469273116
BOIL,2026-05-28,137441.0,14,0.4069005273156975
BTU,2026-05-28,580589.0,14,4.724161600028828
CODX,2026-05-28,432380.0,14,0.40575276464366294
CRSR,2026-05-28,3102857.0,14,25.34082241006166
CRWU,2026-05-28,193064.0,14,2.0914824716501528
DPRO,2026-05-28,522748.0,14,4.98114460926945
ENHA,2026-05-28,161673.0,14,2.3288486746660686
EOSE,2026-05-28,2069928.0,14,0.9793392447423148
HRL,2026-05-28,550639.0,14,3.207761096896369
KSS,2026-05-28,1505016.0,14,8.339150887949836
LTRX,2026-05-28,361027.0,14,6.305873105977905
MSTZ,2026-05-28,1274167.0,14,1.3515539886642243
NCNO,2026-05-28,402934.0,14,6.715110998420346
NOWL,2026-05-28,1429183.0,14,1.4878379283762386
ONDG,2026-05-28,457755.0,14,7.190000863890176
ONDL,2026-05-28,621552.0,14,6.819503983523589
ONDS,2026-05-28,20277552.0,14,4.883600320919764
PDYN,2026-05-28,534357.0,14,7.764471074457364
PHR,2026-05-28,83268.0,14,2.163840947986235
PUSA,2026-05-28,2309427.0,14,51.895569965651184
RCAT,2026-05-28,5579576.0,14,7.147048242398867
RCAX,2026-05-28,459427.0,14,21.50882660790064
SCO,2026-05-28,403408.0,14,0.33086449435550835
TDOC,2026-05-28,451496.0,14,3.388130663684985
UMAC,2026-05-28,5050085.0,14,20.912506444463443
AKTX,2026-05-29,42697.0,13,0.4032124143812605
ASAN,2026-05-29,1676386.0,14,8.472118729633639
ASTN,2026-05-29,2284439.0,14,12.114325345915024
CHA,2026-05-29,362589.0,14,14.405847196444688
CRMG,2026-05-29,556430.0,14,4.7422510963764175
DNUT,2026-05-29,282092.0,14,3.0568569535521664
HPQ,2026-05-29,3690225.0,14,4.2471463194095005
IOTR,2026-05-29,3279531.0,8,
KTUP,2026-05-29,139420.0,14,8.25270385685414
LPL,2026-05-29,80619.0,14,0.9086609989373007
MASK,2026-05-29,887107.0,14,6.6941908568317725
NOWL,2026-05-29,3116284.0,14,3.272175832371623
OLOX,2026-05-29,2098816.0,12,1509.5775593382882
PD,2026-05-29,540310.0,14,10.758233646840301
PLCE,2026-05-29,2957707.0,14,210.94728851982984
PLTG,2026-05-29,56665.0,14,2.733901955716378
PLYX,2026-05-29,17649.0,13,2.9332267962158016
PRFX,2026-05-29,6817296.0,14,2134.836692240589
PTIR,2026-05-29,1566866.0,14,4.284574953269567
QTEX,2026-05-29,4720626.0,14,3.1849426550205497
QURE,2026-05-29,272881.0,14,5.681816356548911
REPL,2026-05-29,4867920.0,14,25.366631492554813
SMCX,2026-05-29,446623.0,14,4.025073337097016
SMCY,2026-05-29,120184.0,14,2.484394425757983
SOFI,2026-05-29,15378623.0,14,4.652630177260077
SOFX,2026-05-29,685432.0,14,6.804983866964507
SPCE,2026-05-29,7179858.0,14,6.343722720569264
TEMT,2026-05-29,146900.0,14,14.072036565673153
TOPP,2026-05-29,245902.0,7,
TSSI,2026-05-29,769461.0,14,8.250505486829772
VLN,2026-05-29,523576.0,14,2.563287469655208
VWAV,2026-05-29,136535.0,14,4.122940406321516
ADBG,2026-06-01,989623.0,14,5.626516103408141
AIIO,2026-06-01,1223075.0,14,1.8582468783865995
AIRJ,2026-06-01,320525.0,14,5.013451582125037
ANNA,2026-06-01,127267.0,14,9.08401142041399
ANNX,2026-06-01,252687.0,14,4.399447833305352
ASAN,2026-06-01,242202.0,14,0.8334286995198263
ASTN,2026-06-01,1078259.0,14,3.0692740690136135
ATPC,2026-06-01,15317.0,12,0.04139609457292795
BMNZ,2026-06-01,44755.0,14,0.9002636551075096
CRCD,2026-06-01,453764.0,14,1.1386388232582365
CRE,2026-06-01,200149.0,7,
CRMG,2026-06-01,828839.0,14,5.466721944394061
CRWU,2026-06-01,335054.0,14,3.52132422490804
CURI,2026-06-01,51631.0,14,1.613929872820806
EC,2026-06-01,615848.0,14,7.463493091275495
ELMT,2026-06-01,394330.0,14,21.159502500910293
FLNC,2026-06-01,4880939.0,14,8.967333794386784
HKIT,2026-06-01,2520258.0,14,47.16764053595563
KOLD,2026-06-01,844840.0,14,7.792083904290081
MSFL,2026-06-01,449222.0,14,3.996624311691943
MSTZ,2026-06-01,1862600.0,14,1.837762378911528
NOWL,2026-06-01,3321765.0,14,2.9958217350943976
PURR,2026-06-01,3527505.0,14,4.818885398314929
QBTZ,2026-06-01,455695.0,14,2.4966608682720848
RGTZ,2026-06-01,995914.0,14,1.291023417931497
SOC,2026-06-01,178958.0,14,2.195347679754512
SPCE,2026-06-01,22016393.0,14,13.434615729618539
TNDM,2026-06-01,407021.0,14,4.601439632033024
TOST,2026-06-01,855504.0,14,2.091349480727179
VCIG,2026-06-01,204465.0,14,1.8642383351188712
WTI,2026-06-01,496755.0,14,1.4978451664315482
ABTS,2026-06-02,1637029.0,14,33.95324437517685
AIRJ,2026-06-02,363972.0,14,4.4310443929845675
AISP,2026-06-02,135560.0,14,3.9070303654143075
AVAH,2026-06-02,71338.0,14,0.9545524490028032
BTCZ,2026-06-02,194413.0,14,2.5432294873795445
CNH,2026-06-02,1175872.0,14,4.330733137397889
CODX,2026-06-02,939050.0,14,0.8760794141762439
CRCD,2026-06-02,208412.0,14,0.6698948769171181
CRWU,2026-06-02,162548.0,14,1.393824394462608
ELMT,2026-06-02,136797.0,14,2.9630859347803553
GLWG,2026-06-02,135819.0,14,1.8775794344351167
GRRR,2026-06-02,1476580.0,14,18.39045324660074
HIMX,2026-06-02,581890.0,14,2.042380128507745
HSAI,2026-06-02,151502.0,14,1.2089287414026695
KPDD,2026-06-02,29031.0,14,0.6880595094600268
LAC,2026-06-02,5173173.0,14,9.624294317986566
LFVN,2026-06-02,220209.0,14,10.813869304430181
LI,2026-06-02,799469.0,14,1.784177700978841
LWLG,2026-06-02,687621.0,14,1.2866273774193528
MSTZ,2026-06-02,1966049.0,14,1.8267428918814705
MX,2026-06-02,549789.0,14,2.647132502342064
NVTS,2026-06-02,2165018.0,14,1.243516495923548
NXTC,2026-06-02,27130.0,8,
PLTZ,2026-06-02,41817.0,14,1.7058763538458401
QTTB,2026-06-02,65385.0,14,1.1426064293221425
RLAY,2026-06-02,978042.0,14,3.4184602909411197
SMWB,2026-06-02,47899.0,14,0.6651655658042611
TSYY,2026-06-02,20059.0,14,0.23782166043091868
VSA,2026-06-02,605749.0,13,53.26382538351235
XPEV,2026-06-02,687271.0,14,1.282295664902928
YSWY,2026-06-02,30103.0,14,8.82139194139194
ASTN,2026-06-03,414001.0,14,0.9686349216111187
ATPC,2026-06-03,28138.0,12,0.07549314492391683
AVAH,2026-06-03,146882.0,14,1.896071204972472
FABC,2026-06-03,152893.0,14,3.719933821561519
GME,2026-06-03,2278878.0,14,10.643672754095178
HTCO,2026-06-03,112361.0,14,4.872127308993149
LASE,2026-06-03,20379427.0,14,68.42653821340605
LFVN,2026-06-03,103259.0,14,2.8777324131231476
NBIZ,2026-06-03,78755.0,14,0.07934486674183021
NCT,2026-06-03,143926.0,7,
NN,2026-06-03,312243.0,14,4.426951385991421
OKLS,2026-06-03,84682.0,14,2.1152105222779474
RZLT,2026-06-03,234193.0,14,4.002976561107408
SVCO,2026-06-03,183340.0,14,13.825726766890565
XOS,2026-06-03,6295753.0,14,1224.1571922612186
ADBG,2026-06-04,280078.0,14,1.0072377621299817
AMDD,2026-06-04,840453.0,14,1.5046628999609843
ASTN,2026-06-04,664056.0,14,1.4591249535625874
AVS,2026-06-04,837958.0,14,5.302160562458533
BMBL,2026-06-04,792641.0,14,9.541696546339718
BTCZ,2026-06-04,261605.0,14,3.0437539579513895
BTQ,2026-06-04,250606.0,14,1.657800296642945
CAL,2026-06-04,39276.0,14,2.983170755525656
CORD,2026-06-04,528934.0,14,1.9549301485942865
CRMG,2026-06-04,243478.0,14,0.9729787743584225
DQ,2026-06-04,227081.0,14,8.806319008548334
DXST,2026-06-04,277129.0,13,4.5393489614505045
FOFO,2026-06-04,117854.0,13,15.645028541085889
FOXX,2026-06-04,9034350.0,7,
IREZ,2026-06-04,442990.0,14,1.603827550251984
LODE,2026-06-04,240216.0,14,2.2636687461128178
MOBX,2026-06-04,4940215.0,14,6.703878552254004
MUD,2026-06-04,784089.0,14,0.9606658296800495
NBIZ,2026-06-04,288785.0,14,0.3343363724967918
NCLH,2026-06-04,3117094.0,14,2.891902195713145
NOWL,2026-06-04,1268070.0,14,0.9093188408996535
OCTV,2026-06-04,57424.0,8,
OSCR,2026-06-04,764187.0,14,3.1354504949522983
RDWU,2026-06-04,167636.0,14,1.5703722141815697
RGTZ,2026-06-04,775980.0,14,0.8675612531280606
RPGL,2026-06-04,56370.0,14,0.7551759378696073
RUM,2026-06-04,2724983.0,14,19.152929186434722
SMCZ,2026-06-04,210774.0,14,2.6873910548892104
SOXS,2026-06-04,37242676.0,14,2.2591131993013525
SSG,2026-06-04,264111.0,14,5.643294078863025
TECS,2026-06-04,489343.0,14,1.6427158755537823
TLYS,2026-06-04,258005.0,14,35.697682462815635
UNHG,2026-06-04,136098.0,14,2.9865794745273346
ASTN,2026-06-05,349464.0,14,0.6991617197748962
BBCP,2026-06-05,407724.0,14,248.88319162851536
BMNZ,2026-06-05,30840.0,14,0.7417919422730006
CETX,2026-06-05,115765.0,14,4.244007311158945
CORD,2026-06-05,601211.0,14,2.0228773610979593
CRCD,2026-06-05,490240.0,14,2.0442984548976297
DNUT,2026-06-05,589042.0,14,7.013931604158728
IREZ,2026-06-05,774177.0,14,2.7488301882198622
LASE,2026-06-05,3407986.0,14,1.7502042683707457
MNTS,2026-06-05,656962.0,14,0.8201263039028162
MRLN,2026-06-05,3126817.0,14,28.973777917800675
MSOX,2026-06-05,331114.0,14,3.2667679575142214
MSTZ,2026-06-05,2063540.0,14,1.6727353704499415
MUD,2026-06-05,1419751.0,14,1.7031945726087019
NBIZ,2026-06-05,151638.0,14,0.18120026702075964
QBTZ,2026-06-05,464115.0,14,1.8092036019179043
RGTZ,2026-06-05,1151001.0,14,1.217537327754961
RMSG,2026-06-05,24570119.0,14,4775.268151150845
SMCZ,2026-06-05,108341.0,14,1.2169014852903066
SOXS,2026-06-05,38634238.0,14,2.1272987562586625
SSG,2026-06-05,250056.0,14,3.861702585327272
TECS,2026-06-05,409832.0,14,1.244773820397059
XRX,2026-06-05,1346150.0,14,4.960037772516389
ZSL,2026-06-05,542003.0,14,1.2316118671671428
ABAT,2026-06-08,4193751.0,14,17.28498514014193
AEVA,2026-06-08,145950.0,14,0.8530612176736014
ALM,2026-06-08,338911.0,14,1.568360253013259
AMPG,2026-06-08,265352.0,14,0.5684477098305105
APLX,2026-06-08,56921.0,14,0.8653332030274403
ARKB,2026-06-08,117200.0,14,1.4219221079943256
ASST,2026-06-08,246012.0,14,0.8169331255204907
ASTI,2026-06-08,111575.0,14,0.9222936389755192
BILI,2026-06-08,283263.0,14,0.6745860047051299
BITO,2026-06-08,2189481.0,14,1.8001061997292507
BITU,2026-06-08,535250.0,14,5.042620184073974
BITX,2026-06-08,838246.0,14,2.6047802290122255
BKKT,2026-06-08,110552.0,14,0.84686781670516
BMNG,2026-06-08,58338.0,14,2.789366192853874
BSOL,2026-06-08,128877.0,14,1.4187252311756935
BTC,2026-06-08,210657.0,14,2.0735122897800777
BTCI,2026-06-08,89795.0,14,1.0679573710746855
BTGO,2026-06-08,147035.0,14,1.0792221593670488
BTQ,2026-06-08,146010.0,14,0.8618793755091234
CAI,2026-06-08,154806.0,14,3.399277258097909
CONL,2026-06-08,1651036.0,14,1.5626463596927427
CRCA,2026-06-08,64813.0,14,1.2560241630953568
CRCG,2026-06-08,147833.0,14,1.5129749653128568
DGXX,2026-06-08,351558.0,14,0.5774982505429067
EDSA,2026-06-08,39961.0,14,2.3962359512061404
EH,2026-06-08,132978.0,14,2.452082309816933
ELDN,2026-06-08,143552.0,14,4.505379164396859
ETH,2026-06-08,366646.0,14,3.9136637770000835
ETHA,2026-06-08,1905163.0,14,1.8534896932344382
ETHB,2026-06-08,61619.0,14,2.963082799222362
ETHE,2026-06-08,178636.0,14,1.3945921651135598
ETHT,2026-06-08,171776.0,14,1.9678691395302212
ETHU,2026-06-08,623884.0,14,3.205323823220826
ETHW,2026-06-08,25723.0,14,1.3349866731910573
ETU,2026-06-08,26523.0,14,3.841646233588876
FABC,2026-06-08,29745.0,14,0.7567656957599459
FETH,2026-06-08,198125.0,14,2.263609403231361
FLYT,2026-06-08,17434.0,14,0.9459100192611022
FNGU,2026-06-08,529203.0,14,1.0229067518255734
GLWG,2026-06-08,243539.0,14,3.9383252380924882
GLXU,2026-06-08,15759.0,14,2.309760361812833
GSOL,2026-06-08,51104.0,14,1.181411969074991
HIMX,2026-06-08,217130.0,14,0.8838225028137167
HNRG,2026-06-08,16196.0,14,1.2454902994748753
HODL,2026-06-08,74047.0,14,2.24388734004052
IPWR,2026-06-08,54161.0,14,0.6200376804293999
IRE,2026-06-08,302813.0,14,1.3070868618004292
IRWD,2026-06-08,59297.0,14,0.8536381715465596
KEEL,2026-06-08,2861272.0,14,1.2423567078202014
LASE,2026-06-08,2084642.0,14,0.9542779840212894
LFVN,2026-06-08,165359.0,14,3.2455698119132808
LTBR,2026-06-08,107712.0,14,2.6760697851467876
LUNL,2026-06-08,72580.0,14,1.0907654422767685
LWLG,2026-06-08,354864.0,14,0.8048872952745215
MNTS,2026-06-08,397155.0,14,0.4729467826099383
MRAM,2026-06-08,96209.0,14,0.42787537246580304
MRLN,2026-06-08,753329.0,14,2.3171719910297686
MSTU,2026-06-08,2637226.0,14,1.5629952309828383
MSTX,2026-06-08,310158.0,14,1.9834371442822976
NNE,2026-06-08,503374.0,14,2.837434195030328
NRIX,2026-06-08,1651390.0,14,75.93944410503012
OCTV,2026-06-08,27493.0,10,0.5467653083547124
OKLL,2026-06-08,1451695.0,14,1.5217465365842116
ONDG,2026-06-08,57812.0,14,0.5988292255605274
ONDL,2026-06-08,74388.0,14,0.5746605336111454
OPTX,2026-06-08,30656.0,14,0.3112945680264189
PDYN,2026-06-08,255597.0,14,1.8267879979069086
PLU,2026-06-08,95823.0,14,5.082100238663484
PONY,2026-06-08,305481.0,14,0.7226655496224316
PURR,2026-06-08,1177633.0,14,0.9732761527577589
PUSA,2026-06-08,37081.0,14,0.14113303017047676
QBTX,2026-06-08,101029.0,14,0.4868232337330173
QUBX,2026-06-08,28960.0,14,0.6548522770588502
RCAX,2026-06-08,43680.0,14,0.5997116770783277
RDWU,2026-06-08,276676.0,14,2.2434289248932284
RGTX,2026-06-08,171305.0,14,0.9910980650968195
SDOT,2026-06-08,238507.0,14,1.4577292745706831
SMCX,2026-06-08,171017.0,14,1.1925253921892869
SMCY,2026-06-08,32676.0,14,0.49621867881548976
SMU,2026-06-08,96405.0,14,1.0837858911179294
SNXX,2026-06-08,2674239.0,14,4.683719673980395
SOLT,2026-06-08,35682.0,14,2.7390503344664987
SOLZ,2026-06-08,51782.0,14,1.2835617942116948
SRAD,2026-06-08,202919.0,14,2.8946603682841934
STTK,2026-06-08,419257.0,14,29.794611222221093
TE,2026-06-08,2054954.0,14,0.6883710259800438
TETH,2026-06-08,17007.0,14,1.7034742294594052
TGEN,2026-06-08,55969.0,14,2.3845805043868324
USAR,2026-06-08,1434476.0,14,1.394062719225115
USGG,2026-06-08,23715.0,14,1.2310116608887487
UUUG,2026-06-08,26736.0,14,0.9725491011227196
VIVO,2026-06-08,97185.0,14,0.7190765986570725
XRP,2026-06-08,54646.0,14,1.5853304239530686
XRPZ,2026-06-08,42275.0,14,1.804041223035398
ADUR,2026-06-09,79377.0,14,2.4440182716690164
AMPG,2026-06-09,1132466.0,14,2.388588546603809
BNAI,2026-06-09,93541.0,14,4.816629028342761
CHAI,2026-06-09,9956587.0,14,1979.862481357858
CPSH,2026-06-09,310366.0,14,1.407538229202232
EIDO,2026-06-09,195557.0,14,1.2260012037013817
FABC,2026-06-09,78269.0,14,1.9871713031808786
FCEL,2026-06-09,1663929.0,14,3.2603181801005174
HTCO,2026-06-09,41494.0,14,1.640305971181784
JMIA,2026-06-09,235954.0,14,2.5226933932869833
KC,2026-06-09,82973.0,14,0.852742473860664
MSTZ,2026-06-09,896584.0,14,0.7418600733929989
NBIG,2026-06-09,68595.0,14,0.9184584000022954
OPAD,2026-06-09,54845.0,14,1.0916569277271164
PLU,2026-06-09,26807.0,14,1.0870609226598231
SGML,2026-06-09,245389.0,14,1.4781115155968922
SNXX,2026-06-09,1529549.0,14,2.0694356380520036
STAK,2026-06-09,100852.0,14,2.589387006556325
VELO,2026-06-09,198027.0,14,1.3733141795665633
VNET,2026-06-09,1139429.0,14,2.987646931136
ARTV,2026-06-10,86957.0,14,4.137882042636503
CLOV,2026-06-10,2857814.0,14,8.476685479076615
CORD,2026-06-10,201299.0,14,0.6245956076849888
CRCD,2026-06-10,210990.0,14,0.9166554949801888
EYE,2026-06-10,110632.0,14,2.7541195821293623
FAC,2026-06-10,167454.0,13,9.062231232593863
GLL,2026-06-10,183882.0,14,2.6733224158001696
LAKE,2026-06-10,114232.0,14,33.640050483803115
OSCR,2026-06-10,560577.0,14,1.7049512177636426
SDOT,2026-06-10,31974.0,14,0.177119125586195
SMCZ,2026-06-10,299229.0,14,3.044472254441121
SOXS,2026-06-10,45884604.0,14,2.2749076946439475
SSG,2026-06-10,125908.0,14,1.6555390256364018
STAK,2026-06-10,79572.0,14,1.8005973931933381
VSME,2026-06-10,17995642.0,12,7295.530540540541
XOS,2026-06-10,505798.0,14,0.9916082932904715
BAK,2026-06-11,455585.0,14,5.045756959662044
CORD,2026-06-11,347157.0,14,1.0687518059190606
CPNG,2026-06-11,4808654.0,14,6.854238248293673
DRVN,2026-06-11,88179.0,14,5.867005679252905
FABC,2026-06-11,19001.0,14,0.45891226266341417
FAC,2026-06-11,135816.0,13,4.334301362195814
LUNL,2026-06-11,26255.0,14,0.38650649943323173
NAVN,2026-06-11,1909889.0,14,17.572412206767154
NBIZ,2026-06-11,65759.0,14,0.10735035304162209
ORCS,2026-06-11,46493.0,14,10.428447833888745
SFIX,2026-06-11,478031.0,14,8.20637976446814
TROX,2026-06-11,144736.0,14,2.710477245305532
UMC,2026-06-11,559596.0,14,0.612020782169463
UNIT,2026-06-11,463526.0,14,21.091825060453992
VELO,2026-06-11,789655.0,14,4.390427070190551
ARTV,2026-06-12,95807.0,14,3.8372245379045573
BKKT,2026-06-12,170764.0,14,2.017129641738884
CRWU,2026-06-12,227024.0,14,1.9817669281931725
CWVX,2026-06-12,92576.0,14,1.3424288061052634
DSY,2026-06-12,1454250.0,10,10.985180110119963
EDHL,2026-06-12,274551.0,12,0.48600989629731906
ENHA,2026-06-12,25180.0,14,0.2656250235469817
FA,2026-06-12,103395.0,14,9.991716883063097
FJET,2026-06-12,165704.0,14,0.9380284571830148
FUTG,2026-06-12,219532.0,14,0.2919349272828942
GMM,2026-06-12,1984996.0,14,0.5146110576972932
LI,2026-06-12,415236.0,14,1.0244581211860184
MF,2026-06-12,473367.0,14,154.1625104680376
NBIG,2026-06-12,78037.0,14,1.1823391206572074
PWRL,2026-06-12,95320.0,11,3.0540959349404044
STAK,2026-06-12,133853.0,14,2.442748111504344
STTK,2026-06-12,60626.0,14,1.012067098792813
TENX,2026-06-12,75637.0,14,6.237698882546639
UBXG,2026-06-12,804591.0,13,244.3794070232004
YEXT,2026-06-12,89838.0,14,2.463947779819533
ABSI,2026-06-15,770968.0,14,4.201246257975947
AEVA,2026-06-15,122136.0,14,0.8244625504228138
AG,2026-06-15,1166037.0,14,2.1691134634636096
AIOT,2026-06-15,434472.0,14,10.134031748570514
ALMU,2026-06-15,80365.0,14,1.066792709729905
ALOY,2026-06-15,267841.0,14,1.5781385596576538
ARIS,2026-06-15,144684.0,14,3.971842253874631
ARKB,2026-06-15,56334.0,14,0.6325581246130106
ASM,2026-06-15,433893.0,14,2.326380173556444
ASPI,2026-06-15,274437.0,14,0.722733949713784
ASST,2026-06-15,494122.0,14,1.9254889495427119
ASTC,2026-06-15,18670.0,14,0.03232297550438335
ASTI,2026-06-15,112169.0,14,0.8058006174996549
ASTX,2026-06-15,502022.0,14,1.4306429143125603
ASYS,2026-06-15,68929.0,14,2.3452360410717543
ATOM,2026-06-15,49279.0,14,0.7979380322480283
BITO,2026-06-15,1614179.0,14,1.0501717399898423
BITU,2026-06-15,502156.0,14,2.5883024309893057
BITX,2026-06-15,711644.0,14,1.9177233890081113
BKKT,2026-06-15,97165.0,14,1.138560534599749
BLDP,2026-06-15,334380.0,14,0.7834050638546116
BLSH,2026-06-15,170421.0,14,2.851719534190481
BMNG,2026-06-15,77559.0,14,3.5909319399431183
BMNR,2026-06-15,4035640.0,14,2.2093068588587856
BSOL,2026-06-15,102094.0,14,1.1395364411590245
BTDR,2026-06-15,335931.0,14,0.9314017564410927
BTG,2026-06-15,1228292.0,14,1.6390604521976508
BTQ,2026-06-15,547632.0,14,3.103150324649305
CAST,2026-06-15,9521330.0,14,787.9705852796349
CDE,2026-06-15,1693419.0,14,1.8425876580592488
CGAU,2026-06-15,82591.0,14,1.9907236356186222
CIFR,2026-06-15,1696233.0,14,1.347060412159521
CLSK,2026-06-15,1275643.0,14,0.9376188233139715
CMCO,2026-06-15,84486.0,14,5.597402904695878
CONL,2026-06-15,2197751.0,14,1.9296355791563202
CRCA,2026-06-15,105472.0,14,2.24842134755326
CRCG,2026-06-15,232490.0,14,2.4784449772970767
CRWU,2026-06-15,412195.0,14,3.2183553551789448
CWVX,2026-06-15,110872.0,14,1.534316337192004
DC,2026-06-15,83960.0,14,2.167832554742641
DFDV,2026-06-15,75483.0,14,1.3114477821985162
DGXX,2026-06-15,669065.0,14,1.2425000928534666
DRIP,2026-06-15,3273689.0,14,2.6408049930914
ENVX,2026-06-15,495992.0,14,1.5399939144420227
EOSE,2026-06-15,904525.0,14,0.9755494603695816
EQX,2026-06-15,856805.0,14,2.2832880968846143
ERY,2026-06-15,378167.0,14,2.834740975615502
ETH,2026-06-15,343630.0,14,2.8484964752163835
ETHA,2026-06-15,3685143.0,14,3.1406774079063595
ETHE,2026-06-15,290373.0,14,2.285747218597151
ETHT,2026-06-15,283897.0,14,2.8294851615263976
ETHU,2026-06-15,1394432.0,14,6.149577182169987
ETHW,2026-06-15,41277.0,14,1.9003268726117581
EXK,2026-06-15,696062.0,14,2.145768935538863
FAC,2026-06-15,38741.0,14,0.9323289917678141
FCEL,2026-06-15,448809.0,14,0.7750585457705499
FETH,2026-06-15,242847.0,14,2.46670927964002
FIGR,2026-06-15,133499.0,14,1.2261274027422422
FLYT,2026-06-15,56703.0,14,2.960064731676759
FNGU,2026-06-15,363874.0,14,0.6887980449534157
FSM,2026-06-15,347424.0,14,2.348202905939332
FSOL,2026-06-15,73753.0,14,5.915281716364469
FUTG,2026-06-15,409328.0,14,0.6984864034713505
FWDI,2026-06-15,34328.0,14,1.2377332055917833
GEMI,2026-06-15,152511.0,14,1.570348371552194
GLWG,2026-06-15,60505.0,14,0.861491365457763
GMM,2026-06-15,214487.0,14,0.05485516144826915
GPGI,2026-06-15,114017.0,14,4.215202040740878
GROY,2026-06-15,224595.0,14,2.550961134377084
GSIT,2026-06-15,93028.0,14,0.9480215460765758
GSOL,2026-06-15,40412.0,14,0.9364709699097408
HAWK,2026-06-15,62112.0,14,1.3882036660398023
HIMX,2026-06-15,146118.0,14,0.5644545078780461
HIVE,2026-06-15,1442160.0,14,0.7682046061822501
HL,2026-06-15,1861541.0,14,2.920170977673806
HMY,2026-06-15,101193.0,14,0.9639363001418653
HODL,2026-06-15,42514.0,14,0.9887715859158906
HOOG,2026-06-15,71924.0,14,1.703333806981575
HYMC,2026-06-15,161452.0,14,1.8155901217313075
IAG,2026-06-15,83894.0,14,0.7529643761988286
IE,2026-06-15,56024.0,14,1.4016587529508895
IMSR,2026-06-15,371589.0,14,2.8455469460224943
INDI,2026-06-15,140872.0,14,0.7677829879258226
INFQ,2026-06-15,1251252.0,14,1.2011992293137264
JBLU,2026-06-15,2762077.0,14,3.368572913222988
JOBY,2026-06-15,1001842.0,14,0.8418142529721875
KDK,2026-06-15,159207.0,14,4.17012415527267
KEEL,2026-06-15,2891731.0,14,0.9400220236571462
KEP,2026-06-15,75554.0,14,1.474008681656343
KGC,2026-06-15,83854.0,14,0.3242271077830403
KOPN,2026-06-15,331345.0,14,1.0413048865679093
KULR,2026-06-15,252766.0,14,1.4146504293653006
LAES,2026-06-15,700755.0,14,1.0481495786010422
LPTH,2026-06-15,150182.0,14,0.7530829131626575
LTBR,2026-06-15,55237.0,14,1.1779423883357019
LWLG,2026-06-15,127660.0,14,0.3848491850023288
MARA,2026-06-15,2865764.0,14,1.2825416030002257
MF,2026-06-15,121154.0,14,3.2962590123792683
MRAM,2026-06-15,164652.0,14,1.0628611740620943
MSTU,2026-06-15,3725131.0,14,2.1712134120732376
MSTX,2026-06-15,724375.0,14,3.971480141718154
MSTY,2026-06-15,129588.0,14,0.9326174927209621
MUX,2026-06-15,99754.0,14,2.9596766844473263
MX,2026-06-15,121629.0,14,0.46893185916451774
NEWP,2026-06-15,70625.0,14,3.8267428854512167
NEXA,2026-06-15,100818.0,14,2.223673037264135
NG,2026-06-15,191131.0,14,1.6591747015966518
NNE,2026-06-15,216022.0,14,1.0681878787857382
NTLA,2026-06-15,785924.0,14,3.683317850788438
NTSK,2026-06-15,123690.0,14,0.43705985715533263
NUAI,2026-06-15,313519.0,14,1.0801882253575614
NVTS,2026-06-15,2123870.0,14,1.0956268158622249
OKLL,2026-06-15,958321.0,14,1.031442857471239
ONDG,2026-06-15,48167.0,14,0.4765935973403293
ONDL,2026-06-15,94453.0,14,0.7558818636986446
ONDS,2026-06-15,2701632.0,14,0.5319887156558186
ORLA,2026-06-15,220409.0,14,1.3536575468722514
OSS,2026-06-15,45299.0,14,0.7151995092057749
PALL,2026-06-15,78245.0,14,2.184712219813445
PDYN,2026-06-15,77220.0,14,0.4809367830690749
PLU,2026-06-15,47326.0,14,1.8257380780486192
PPLT,2026-06-15,280601.0,14,2.4807515733556964
PPTA,2026-06-15,195426.0,14,3.23071200586637
PSLV,2026-06-15,610906.0,14,1.4542816173406152
PURR,2026-06-15,838303.0,14,0.8129197548518416
QBTS,2026-06-15,1929549.0,14,1.082459149454669
QBTX,2026-06-15,274711.0,14,1.948505342748013
QCML,2026-06-15,127443.0,14,1.2056062451982235
QMCO,2026-06-15,289780.0,14,2.5241249382488684
QS,2026-06-15,914207.0,14,1.0220308943420529
QUBT,2026-06-15,1984921.0,14,1.6680864474137178
RCAX,2026-06-15,28001.0,14,0.35570569671365077
RDTL,2026-06-15,33876.0,14,1.5017478974566825
RDW,2026-06-15,2853829.0,14,0.7210940089787684
RDWU,2026-06-15,117274.0,14,0.7407643358082087
RGTI,2026-06-15,2985224.0,14,0.9826120575673883
RGTX,2026-06-15,148997.0,14,1.0919508099234467
RIOT,2026-06-15,681580.0,14,0.9179890693139412
RKT,2026-06-15,1752883.0,14,3.462868479965682
RXT,2026-06-15,808214.0,14,0.9183693909443471
RZLT,2026-06-15,91003.0,14,1.5945017784241236
SATL,2026-06-15,416288.0,14,0.6965456996845603
SBET,2026-06-15,1028114.0,14,3.091524273356494
SBSW,2026-06-15,344616.0,14,1.361976688481635
SCO,2026-06-15,558455.0,14,1.5091231228298214
SERV,2026-06-15,506980.0,14,1.5509778997689612
SHNY,2026-06-15,93115.0,14,3.4957858351501305
SILJ,2026-06-15,774640.0,14,3.282999870738025
SKE,2026-06-15,112164.0,14,9.012983136845246
SMCX,2026-06-15,522637.0,14,2.0399456900541426
SMR,2026-06-15,3159870.0,14,1.6271826901835136
SMU,2026-06-15,257135.0,14,2.922149923859434
SOFX,2026-06-15,108603.0,14,0.7431530049356431
SOLZ,2026-06-15,97224.0,14,2.010947562505263
SOUN,2026-06-15,1367541.0,14,0.8998444624705608
SPIR,2026-06-15,96779.0,14,1.066517527522784
SPPP,2026-06-15,20844.0,14,1.1183089091912441
SSRM,2026-06-15,325581.0,14,3.6693540661575232
STLA,2026-06-15,971907.0,14,1.3460042758124577
SVM,2026-06-15,455135.0,14,2.7807579747423214
TDIC,2026-06-15,49133.0,14,0.07942286786775518
TE,2026-06-15,2421149.0,14,1.1662120437580255
TETH,2026-06-15,44513.0,14,4.298992825607065
TMC,2026-06-15,278364.0,14,0.9605861279694986
TRIP,2026-06-15,1339107.0,14,10.827485037306387
TSSI,2026-06-15,56738.0,14,0.524137530575657
UAMY,2026-06-15,466715.0,14,1.169054212614387
UBXG,2026-06-15,155288.0,13,2.387331230701733
UEC,2026-06-15,665495.0,14,1.292433030047872
ULCC,2026-06-15,320387.0,14,1.9883388256905785
UMAC,2026-06-15,231170.0,14,0.2840425283557185
USAR,2026-06-15,1046060.0,14,1.0763316745860654
USAS,2026-06-15,368286.0,14,1.8792136029300548
UUUU,2026-06-15,783562.0,14,1.6446095437075612
VUZI,2026-06-15,155330.0,14,1.4274180420410327
VZLA,2026-06-15,580618.0,14,1.9358159864903837
WULF,2026-06-15,1721831.0,14,0.9289806157809867
WYFI,2026-06-15,45550.0,14,0.9547121790553186
XE,2026-06-15,417449.0,14,1.8463497675905651
XNDU,2026-06-15,479732.0,14,1.7502540198196699
AHMA,2026-06-16,22013821.0,14,167.4782599717422
CRE,2026-06-16,498431.0,12,21.464434515799105
CRVO,2026-06-16,1916386.0,14,263.1572112366604
EOSE,2026-06-16,4078524.0,14,4.380267150306971
JRSH,2026-06-16,272602.0,11,3.0950035041218587
LODE,2026-06-16,76647.0,14,1.1960235758837612
OLN,2026-06-16,290115.0,14,11.20518323971794
OSS,2026-06-16,180531.0,14,3.193745024451268
PURR,2026-06-16,2591036.0,14,2.5401555947980823
PUSA,2026-06-16,188060.0,14,0.7378955218819077
RGTZ,2026-06-16,622688.0,14,0.8159136648658343
RXT,2026-06-16,7244199.0,14,8.367897680392977
SHMD,2026-06-16,313142.0,14,7.5212401845316625
SLBT,2026-06-16,2936963.0,1,
AIBZ,2026-06-17,103567.0,6,
ASTX,2026-06-17,657032.0,14,1.8809424293607397
AVGG,2026-06-17,58889.0,14,1.819543329816864
BHVN,2026-06-17,181688.0,14,2.7405899800998346
BTGO,2026-06-17,98822.0,14,1.0735403892502255
CRE,2026-06-17,186839.0,12,2.8863430679016715
ELTX,2026-06-17,672055.0,14,11.881050215048603
FIG,2026-06-17,1570844.0,14,1.9415655565931103
KOLD,2026-06-17,406438.0,14,2.4027619720433093
LNAI,2026-06-17,1958202.0,14,438.04151154429974
MNTS,2026-06-17,738616.0,14,1.7233755790417509
MRAM,2026-06-17,177374.0,14,1.3663996672090293
PBLS,2026-06-17,100728.0,4,
REPL,2026-06-17,254802.0,14,0.5274059863184817
RGNT,2026-06-17,347460.0,13,3.092148768816873
SDOT,2026-06-17,89577.0,14,0.5174769656608954
SHMD,2026-06-17,119084.0,14,1.940609871504914
TRLV,2026-06-17,52388.0,5,
TRT,2026-06-17,57339.0,14,2.049007971452857
AIBZ,2026-06-18,74060.0,7,
ASTI,2026-06-18,94235.0,14,0.882110662834998
ATOM,2026-06-18,94160.0,14,2.0569762960258275
ATPC,2026-06-18,125288.0,14,10.010683955803124
BFLY,2026-06-18,3166578.0,14,18.646602360725957
BIRD,2026-06-18,2001555.0,14,137.70385222096093
BTQ,2026-06-18,738252.0,14,3.8339969685706206
CAST,2026-06-18,4615618.0,14,6.425121216785447
CIFR,2026-06-18,1179306.0,14,0.9809830409903635
CLPT,2026-06-18,251543.0,14,4.41011159269106
CRVO,2026-06-18,2397262.0,14,14.014615231075155
CRWU,2026-06-18,131771.0,14,0.8337765572798402
EOSE,2026-06-18,3594876.0,14,3.125019885200456
EQPT,2026-06-18,207126.0,14,9.234534875944627
ERII,2026-06-18,223102.0,14,11.97890651366858
FNGU,2026-06-18,628305.0,14,1.377756524877171
FRMI,2026-06-18,1983609.0,14,3.9903213908068587
GEVX,2026-06-18,98226.0,14,7.398326832548756
GLWG,2026-06-18,50500.0,14,0.781458110197752
GSIT,2026-06-18,40996.0,14,0.4859184203909231
HIMX,2026-06-18,76033.0,14,0.3238264787868592
HIVE,2026-06-18,2851180.0,14,1.7373068377906409
HODU,2026-06-18,26243.0,14,1.281946426515281
IMMX,2026-06-18,161885.0,14,4.303833284592802
KEEL,2026-06-18,2724640.0,14,0.8705923633506911
KOPN,2026-06-18,315768.0,14,1.1470454074873238
LPA,2026-06-18,639103.0,8,
MRAM,2026-06-18,113094.0,14,0.8677996051559919
NUAI,2026-06-18,753339.0,14,2.6973699050974536
NVTS,2026-06-18,1198690.0,14,0.6672800954012766
ONDG,2026-06-18,83623.0,14,1.2486835579399829
QBTX,2026-06-18,135467.0,14,1.0277155206048363
QCML,2026-06-18,88722.0,14,0.8572339562117143
QS,2026-06-18,12877324.0,14,15.962606164270156
RUM,2026-06-18,1091796.0,14,3.7103187154383486
SWBI,2026-06-18,754834.0,14,51.1340810776809
TRT,2026-06-18,228521.0,14,8.220222097749732
UMC,2026-06-18,1113603.0,14,1.503491105737657
UUUU,2026-06-18,2386272.0,14,4.887710325420556
VELO,2026-06-18,452290.0,14,1.6446985985908507
VIVO,2026-06-18,56109.0,14,0.6022822329171807
WHLR,2026-06-18,34084.0,14,2.9391807822605482
AUPH,2026-06-22,457360.0,14,11.351418430915093
BITU,2026-06-22,148389.0,14,0.6681673887243219
BITX,2026-06-22,465262.0,14,1.2514032895870602
BSOL,2026-06-22,206691.0,14,2.796252560782343
BWIN,2026-06-22,132313.0,14,3.5985911662315058
CRMT,2026-06-22,3384216.0,14,72.5872796521622
ETHT,2026-06-22,84197.0,14,0.8746468046206266
ETHU,2026-06-22,380043.0,14,1.2070032751005022
GLWG,2026-06-22,291412.0,14,4.630643207946999
GSOL,2026-06-22,21404.0,14,0.6860177882579184
HIVE,2026-06-22,4452735.0,14,2.5658213588631744
HQWWW,2026-06-22,21831.0,6,
ICCM,2026-06-22,877697.0,14,3.6319358912856945
JBIO,2026-06-22,338976.0,14,6.672052300446381
KEEL,2026-06-22,8907916.0,14,2.7459478435853617
LABT,2026-06-22,20369.0,13,1.7565539841324596
MSTU,2026-06-22,3942966.0,14,2.158852676569035
MSTX,2026-06-22,427338.0,14,1.926551405450488
NUAI,2026-06-22,1619481.0,14,5.366313602497129
RGNX,2026-06-22,483699.0,14,10.642174642787547
SHMD,2026-06-22,55756.0,14,0.806650924629399
SMCX,2026-06-22,1485326.0,14,5.239407520061721
SSL,2026-06-22,194967.0,14,2.462348557974218
SSTK,2026-06-22,120667.0,14,12.247082022357871
UMC,2026-06-22,1447801.0,14,1.8718415719720058
VENU,2026-06-22,56208.0,14,2.802283386334581
AIXI,2026-06-23,548758.0,14,57.2155054924595
AMDD,2026-06-23,696136.0,14,1.4724302620788514
BEZ,2026-06-23,142881.0,14,3.636633693966559
BLZE,2026-06-23,4305366.0,14,83.27099108508337
BMNZ,2026-06-23,25936.0,14,1.3770474395391437
BTCZ,2026-06-23,173187.0,14,1.1761260695338267
CORD,2026-06-23,553666.0,14,1.6817613864546086
CRCD,2026-06-23,116518.0,14,0.7863065929166214
GRRR,2026-06-23,857159.0,14,4.338975341344377
IBX,2026-06-23,252661.0,14,5.633359451642905
ICCM,2026-06-23,354563.0,14,1.1865241688336865
IONR,2026-06-23,26532.0,13,17.613931161270553
IREZ,2026-06-23,627130.0,14,1.895844732747351
MSTZ,2026-06-23,1280327.0,14,1.115025434997681
MUD,2026-06-23,2126421.0,14,2.110928294127032
NBIZ,2026-06-23,446056.0,14,2.6378371437212658
NVD,2026-06-23,1145601.0,14,1.3603896120419618
NVDQ,2026-06-23,266866.0,14,1.299424668911601
ORIS,2026-06-23,838754.0,12,163.3777229490634
QID,2026-06-23,1056776.0,14,1.3748797724192958
RGTZ,2026-06-23,1038370.0,14,1.7123398845984137
RKLZ,2026-06-23,649085.0,14,1.3170254774679147
SMCZ,2026-06-23,214417.0,14,1.7192115941364963
SOXS,2026-06-23,79047274.0,14,3.110080895440114
SRTY,2026-06-23,254671.0,14,1.721748813742335
SSG,2026-06-23,123205.0,14,1.1524025227825436
TECS,2026-06-23,961065.0,14,2.8984507886940922
TSDD,2026-06-23,704236.0,14,1.6497829194250049
TSLQ,2026-06-23,389655.0,14,0.7755309484782013
TSLZ,2026-06-23,339575.0,14,2.107242161420853
UVIX,2026-06-23,3084719.0,14,3.028935951982608
UVXY,2026-06-23,450417.0,14,1.9037549557469757
VIXY,2026-06-23,276575.0,14,2.2647050394300408
VXX,2026-06-23,739545.0,14,1.909498628962711
ZETA,2026-06-23,1234984.0,14,1.8274617041930061
ZSL,2026-06-23,342776.0,14,2.431311354479941
ABSI,2026-06-24,4192488.0,14,17.172766217404714
AIBZ,2026-06-24,75370.0,10,1.4657863261992046
BTDR,2026-06-24,319931.0,14,1.0192980164460972
EHGO,2026-06-24,3042964.0,13,3.901644531212243
FCEL,2026-06-24,2155287.0,14,3.7475277621047844
FISN,2026-06-24,121376.0,2,
GLL,2026-06-24,461298.0,14,5.445394051204565
INMD,2026-06-24,289407.0,14,19.89627825437903
LILA,2026-06-24,92644.0,14,6.4058397621423
MAAS,2026-06-24,20411.0,12,5.63295156616531
MF,2026-06-24,48137.0,14,0.9627234961686371
QNRX,2026-06-24,229483.0,10,90.07811273355316
RUN,2026-06-24,4732813.0,14,17.716090188734537
STAK,2026-06-24,22477.0,14,0.45139264438187016
TEO,2026-06-24,38120.0,14,2.0817681454522763
UBXG,2026-06-24,264545.0,13,3.2286330142332353
WEN,2026-06-24,22939426.0,14,83.71979080477388
ABSI,2026-06-25,837257.0,14,1.592902115240541
AIBZ,2026-06-25,50211.0,11,0.9368280003053098
APLX,2026-06-25,100783.0,14,1.709519286223157
BB,2026-06-25,8123419.0,14,4.527868612666159
BTX,2026-06-25,31692.0,14,1.1916077605654987
CRWU,2026-06-25,118709.0,14,0.8316782432892288
CWVX,2026-06-25,38444.0,14,0.6275956640982108
EHGO,2026-06-25,310335.0,13,0.30606873149543373
ETHU,2026-06-25,186275.0,14,0.5556631575627912
FCUV,2026-06-25,624557.0,14,42.41946955032577
FRMI,2026-06-25,527961.0,14,0.7360092645238638
GLXU,2026-06-25,29921.0,14,3.0565718330207883
HIMX,2026-06-25,155847.0,14,0.9744844431879237
IRE,2026-06-25,218775.0,14,1.3675348385734256
MLKN,2026-06-25,71418.0,14,4.093978912887706
MRAM,2026-06-25,92854.0,14,0.7432788167515558
MX,2026-06-25,67422.0,14,0.6086308919310504
NVTS,2026-06-25,1248758.0,14,0.9739719807619134
OKLL,2026-06-25,887251.0,14,1.2591937053665423
ONDG,2026-06-25,85403.0,14,1.6574256464994421
ONDL,2026-06-25,137656.0,14,2.4363739799369157
QBTX,2026-06-25,129525.0,14,1.0917856130069006
QCML,2026-06-25,387812.0,14,3.2255727988992566
RCAX,2026-06-25,42675.0,14,1.5292214523572458
SMCX,2026-06-25,694451.0,14,1.6862131809673924
VELO,2026-06-25,624098.0,14,2.0052385976274607
WEN,2026-06-25,8684581.0,14,4.57851523249748
WYY,2026-06-25,541008.0,14,47.50535948368321
ACAD,2026-06-26,285928.0,14,6.0121053374625655
BEZ,2026-06-26,90788.0,14,3.275062227192381
CORD,2026-06-26,178416.0,14,0.6425432718303896
ILLR,2026-06-26,5613091.0,14,4.584013926235101
MSTZ,2026-06-26,1611794.0,14,1.6046370893476396
MUD,2026-06-26,2046884.0,14,1.7408540448871528
NBIZ,2026-06-26,126530.0,14,0.7864082626540203
NUWE,2026-06-26,23225.0,14,0.10537597330583372
QBTZ,2026-06-26,303456.0,14,1.14975847241005
RGTZ,2026-06-26,577332.0,14,0.9953399363831493
RUBI,2026-06-26,82550.0,14,0.39460507226459335
SHPH,2026-06-26,11939914.0,14,563.5319643862493
SKYQ,2026-06-26,2161756.0,14,8.587744029782984
SOLT,2026-06-26,45266.0,14,3.205531697496674
SOXS,2026-06-26,40877007.0,14,1.410728902588594
SSG,2026-06-26,56355.0,14,0.5478627332931969
TECS,2026-06-26,378094.0,14,1.032033636088021
UVIX,2026-06-26,1657585.0,14,1.4128758168064361
AIIO,2026-06-29,344062.0,14,2.728574973008063
AOUT,2026-06-29,47742.0,14,12.770362444830814
ASTX,2026-06-29,727168.0,14,2.1080126559212813
BKSY,2026-06-29,114443.0,14,0.9817191644552176
CCXI,2026-06-29,900586.0,4,
CMCSA,2026-06-29,18067198.0,14,14.541786899254825
CRWU,2026-06-29,149325.0,14,0.9965007714890812
FCEL,2026-06-29,2112745.0,14,2.847496529730241
GILT,2026-06-29,45648.0,14,1.2086788113538702
HYLN,2026-06-29,455491.0,14,1.4524658241272164
IONL,2026-06-29,37711.0,14,0.8965803010258927
IRE,2026-06-29,121389.0,14,0.7199684805195631
IREX,2026-06-29,28830.0,14,1.0371409629823778
KOLD,2026-06-29,419206.0,14,4.512089625448412
KOPN,2026-06-29,455441.0,14,1.9750816913746485
LCUT,2026-06-29,35268.0,14,3.9111547662426136
LUNL,2026-06-29,79542.0,14,1.833670344146221
LUNR,2026-06-29,754698.0,14,1.088135524096965
LWLG,2026-06-29,300179.0,14,1.8440859884769474
MNTS,2026-06-29,208763.0,14,0.7660105900757942
MSTX,2026-06-29,814750.0,14,3.4431983211597084
NNE,2026-06-29,189613.0,14,0.9828796502989277
ONDG,2026-06-29,145778.0,14,2.68808290428417
ONDL,2026-06-29,133955.0,14,2.2532813318530693
ORCU,2026-06-29,129401.0,14,1.4084385935314638
ORCX,2026-06-29,156800.0,14,1.0309912629689937
PAVS,2026-06-29,129450.0,14,0.04490384029545205
PL,2026-06-29,674725.0,14,0.8707520630486015
PLTG,2026-06-29,77146.0,14,3.1355610393380755
PLTU,2026-06-29,320678.0,14,2.0969645222583644
PONY,2026-06-29,421141.0,14,1.9413585948136918
PRME,2026-06-29,232993.0,14,2.4576542936404966
PTIR,2026-06-29,559411.0,14,1.571292199709647
QDEL,2026-06-29,592959.0,14,17.485668427571216
QH,2026-06-29,48457.0,14,0.7202587163346537
RCAT,2026-06-29,613879.0,14,1.24615733502923
RDWU,2026-06-29,267012.0,14,2.031248743431884
RGNX,2026-06-29,114685.0,14,1.1834926222898396
RPAY,2026-06-29,407337.0,14,35.29717819055105
SATL,2026-06-29,594369.0,14,1.604204508956646
SKYQ,2026-06-29,265036.0,14,0.6549419157784966
SLS,2026-06-29,1690482.0,14,5.632357161930029
SPIR,2026-06-29,62952.0,14,1.1886161888346725
VERX,2026-06-29,80616.0,14,2.371457387796268
VRDN,2026-06-29,466611.0,14,10.723168089297438
XXRP,2026-06-29,20331.0,14,0.16406363479163066
ASTN,2026-06-30,1045978.0,14,4.373977571692446
AVEX,2026-06-30,288812.0,14,3.084508449776979
AVXX,2026-06-30,510484.0,14,53.657697158988526
BTCZ,2026-06-30,473759.0,14,1.7712820874373154
CAST,2026-06-30,195112.0,14,0.17936772857291916
CCOI,2026-06-30,98628.0,14,3.0839285474987603
CRCD,2026-06-30,173753.0,14,1.6453749022599924
DPRO,2026-06-30,764009.0,14,11.56730609093249
GMAB,2026-06-30,338028.0,14,3.748741083416838
HSAI,2026-06-30,226180.0,14,2.3635120529769686
JEM,2026-06-30,13656263.0,13,1482.1952561448038
MSTZ,2026-06-30,1613833.0,14,1.6789688358390675
ONDG,2026-06-30,267382.0,14,4.418478215964769
ONDL,2026-06-30,281732.0,14,4.422541433490572
ONDS,2026-06-30,5173720.0,14,2.3188517521858625
PAVS,2026-06-30,126152.0,14,0.04362082312109512
RCAX,2026-06-30,126615.0,14,4.523856919731725
RDWU,2026-06-30,290153.0,14,2.218942177327814
REPL,2026-06-30,376254.0,14,3.268051176485916
SKYQ,2026-06-30,997482.0,14,2.399530291845883
UMAC,2026-06-30,723381.0,14,3.7526768483741777
ACRS,2026-07-01,144983.0,14,4.0355768867540025
AIOT,2026-07-01,213072.0,14,2.6101985600632815
ALIT,2026-07-01,24129.0,14,0.04688442043669189
AMPL,2026-07-01,85798.0,14,1.7347097340685178
AVXX,2026-07-01,130273.0,14,2.8683076119794984
BEZ,2026-07-01,280040.0,14,7.390575722787433
CCXI,2026-07-01,813984.0,6,
CORD,2026-07-01,2705600.0,14,12.276244010702952
CRMG,2026-07-01,191626.0,14,1.335165469573665
FBL,2026-07-01,607996.0,14,12.137067635509142
FMC,2026-07-01,453412.0,14,5.897729922782254
GRND,2026-07-01,509818.0,14,13.950117367451005
IREZ,2026-07-01,479469.0,14,1.63524374210249
JEM,2026-07-01,2049499.0,13,1.9358000801101283
KLAR,2026-07-01,930976.0,14,5.9292601108000484
LUNL,2026-07-01,209892.0,14,4.432643456223978
METU,2026-07-01,2772658.0,14,8.204805122939298
MQ,2026-07-01,48313.0,14,0.3786677415652651
MUD,2026-07-01,981574.0,14,0.8664534103131014
NBIZ,2026-07-01,1167694.0,14,7.11296620368638
NOWL,2026-07-01,1598243.0,14,1.4722387153860692
PLTU,2026-07-01,287665.0,14,1.6529838432958954
PTIR,2026-07-01,786842.0,14,2.0390948806367963
SITC,2026-07-01,76462.0,14,5.530419508162844
SMCZ,2026-07-01,127462.0,14,1.376821456733314
SOC,2026-07-01,10900894.0,14,39.93995261510648
SOXS,2026-07-01,64395687.0,14,2.3066874167471796
SSG,2026-07-01,86784.0,14,1.0380071918659637
TALO,2026-07-01,142763.0,14,2.857125294656654
TC,2026-07-01,4788137.0,9,
TECS,2026-07-01,426845.0,14,1.3521277498401996
AIBZ,2026-07-02,50867.0,14,0.942290592681197
ASST,2026-07-02,373129.0,14,1.7454455177907398
AVXX,2026-07-02,141085.0,14,2.5882339066648146
BITU,2026-07-02,469116.0,14,2.3445358442150943
BITX,2026-07-02,766383.0,14,2.423570979388709
BMNG,2026-07-02,189453.0,14,3.378306224605469
BSOL,2026-07-02,74581.0,14,0.8338229950687776
CMBT,2026-07-02,65950.0,14,1.0229167474504635
CONL,2026-07-02,2928596.0,14,2.5478036345916
DSY,2026-07-02,1262383.0,14,10.993631500373226
ETHT,2026-07-02,275352.0,14,3.6051252652458503
ETHU,2026-07-02,735797.0,14,2.6640461950576375
FWDI,2026-07-02,104502.0,14,1.7690422325054986
GMEX,2026-07-02,42301.0,14,0.9468500632337634
GSOL,2026-07-02,25001.0,14,0.8820850648810619
HMY,2026-07-02,281262.0,14,3.264929314705029
INFQ,2026-07-02,955748.0,14,1.1849746616542884
JEM,2026-07-02,719284.0,13,0.5913791148323286
MSTX,2026-07-02,1368632.0,14,3.8848095463144703
NEXA,2026-07-02,186112.0,14,3.7999877493517364
OWL,2026-07-02,3873547.0,14,4.641121934758406
SHNY,2026-07-02,42544.0,14,1.24383892342744
SOLZ,2026-07-02,44584.0,14,1.4859953480510144
SVM,2026-07-02,135828.0,14,0.6524980389976962
TENX,2026-07-02,211095.0,14,7.302394077690773
USDE,2026-07-02,4835622.0,4,
ABTC,2026-07-06,280023.0,14,0.5242513182767884
AIBZ,2026-07-06,45899.0,14,0.8121191133983616
AIIO,2026-07-06,212535.0,14,1.320133579954311
APLX,2026-07-06,91012.0,14,1.7766337925851354
CIFR,2026-07-06,1653937.0,14,1.523543947159515
CLYM,2026-07-06,141201.0,14,4.3194886922320554
CRIS,2026-07-06,27995.0,14,0.26606808757918976
ELTX,2026-07-06,178260.0,14,1.0023628811968397
EUV,2026-07-06,122100.0,14,1.6691517439970005
GMEX,2026-07-06,1209340.0,14,31.2059555911079
HDSN,2026-07-06,66128.0,14,4.026373014630412
HKIT,2026-07-06,27380.0,14,0.16300606105965845
IQMX,2026-07-06,264544.0,1,
IRE,2026-07-06,619106.0,14,3.302193033588518
IREG,2026-07-06,57398.0,14,4.209916385506821
IREX,2026-07-06,92115.0,14,3.025563183010431
KMEM,2026-07-06,64731.0,2,
LHSW,2026-07-06,13577778.0,14,702.0386236136604
MSTZ,2026-07-06,1670869.0,14,1.6145543811145413
MULL,2026-07-06,348791.0,14,2.6672183459017877
NUAI,2026-07-06,465213.0,14,0.943150583464713
NVCT,2026-07-06,55814.0,14,1.5425536955148451
ORCU,2026-07-06,498881.0,14,5.342666233195005
ORCX,2026-07-06,237373.0,14,2.038368825038305
SECZ,2026-07-06,79245.0,14,2.21305736359266
SNXX,2026-07-06,2627877.0,14,1.5331622488882366
WULF,2026-07-06,6282618.0,14,4.9715797496389875
ABCL,2026-07-07,647126.0,14,1.869292602876186
AMPG,2026-07-07,592808.0,14,3.964838995083192
ASAN,2026-07-07,217438.0,14,0.9421220471758609
BEZ,2026-07-07,87284.0,14,1.4324434894633624
CORD,2026-07-07,297607.0,14,0.7866600962155712
EDHL,2026-07-07,85711.0,14,14.662373684917949
FIG,2026-07-07,1749328.0,14,1.9847297015845846
IONZ,2026-07-07,487444.0,14,1.0680779540756669
IREZ,2026-07-07,372593.0,14,1.224588098800884
MUD,2026-07-07,739471.0,14,0.6223680503040754
NBIZ,2026-07-07,146617.0,14,0.5738792214331506
NOWL,2026-07-07,1845481.0,14,1.7314441318873144
RKLZ,2026-07-07,458503.0,14,0.9345334417088034
SOXS,2026-07-07,32760679.0,14,1.1297256200792025
SSG,2026-07-07,141369.0,14,1.8237900320127092
SVC,2026-07-07,16279.0,14,0.05488745598161186
TDIC,2026-07-07,431647.0,14,11.161497543496731
TDTH,2026-07-07,4752409.0,14,1030.6198553216539
TECS,2026-07-07,403064.0,14,1.2507901535310593
BABX,2026-07-08,159361.0,14,3.074025594673839
BMNZ,2026-07-08,29108.0,14,2.2887374965599747
BTCZ,2026-07-08,435760.0,14,1.2512947490924962
GRNT,2026-07-08,42776.0,14,2.186145669061387
IOTR,2026-07-08,1749291.0,14,1061.877205914235
KC,2026-07-08,238649.0,14,2.6847892643336415
MSTZ,2026-07-08,940294.0,14,0.8654913164977338
PLTZ,2026-07-08,99916.0,14,4.93741506683468
PRME,2026-07-08,684446.0,14,5.448871642592237
SKYQ,2026-07-08,1507720.0,14,2.7465232047021213
SLS,2026-07-08,708667.0,14,1.2229898982577578
WTI,2026-07-08,707693.0,14,5.4730702262211475
YINN,2026-07-08,184559.0,14,1.3175727288952348
AAOX,2026-07-09,297531.0,14,1.1257199533003264
AIBZ,2026-07-09,161953.0,14,2.882960800444522
ANEL,2026-07-09,32043.0,14,4.370464907836795
APLX,2026-07-09,82566.0,14,1.5296555666714307
CCXI,2026-07-09,157713.0,11,0.350773723194469
CLRO,2026-07-09,153982.0,5,
CLSK,2026-07-09,1017281.0,14,1.118140640164784
CRWG,2026-07-09,117548.0,14,1.5663996466807792
CRWU,2026-07-09,376291.0,14,2.118083507123906
CWVX,2026-07-09,85859.0,14,1.5878139893690095
ENVX,2026-07-09,798918.0,14,3.5495409495822052
EUV,2026-07-09,95080.0,14,1.1902449841642837
FCEL,2026-07-09,1540823.0,14,1.5584606558351781
FLNC,2026-07-09,976564.0,14,1.8211806034265152
GLWG,2026-07-09,229201.0,14,1.9825005915719378
HIMX,2026-07-09,171119.0,14,1.4897373505468832
IOTR,2026-07-09,211546.0,14,1.6732102210292779
IQMX,2026-07-09,46505.0,4,
IRE,2026-07-09,423941.0,14,1.7361081778682093
IREG,2026-07-09,64721.0,14,3.554675914665244
IREX,2026-07-09,58363.0,14,1.4422801626065052
JLHL,2026-07-09,229154.0,13,35.25821685149898
KEEL,2026-07-09,3096432.0,14,1.1541553393389992
LITX,2026-07-09,330293.0,14,1.5441555635626063
LRMR,2026-07-09,298328.0,14,2.9291678092495563
LTRX,2026-07-09,48634.0,14,1.3611177191428794
MARA,2026-07-09,3831079.0,14,1.9555924784492384
MULL,2026-07-09,745463.0,14,2.5992621484863285
NBIG,2026-07-09,121314.0,14,1.6252468880621012
NVTS,2026-07-09,1256763.0,14,1.1905604409977828
PLTZ,2026-07-09,69290.0,14,2.6529161128704963
QCML,2026-07-09,96941.0,14,0.6993017154139932
SDOT,2026-07-09,160631.0,14,1.7079877295301662
SMPL,2026-07-09,355049.0,14,8.35541413265289
SNXX,2026-07-09,3395049.0,14,1.6160833091332345
ZGN,2026-07-09,30384.0,14,0.6854634551950072
ASST,2026-07-10,112887.0,14,0.5052566360534421
BMNG,2026-07-10,56301.0,14,0.7520982423999542
CCC,2026-07-10,546816.0,14,1.812639995302314
CNXC,2026-07-10,87665.0,14,1.323399382353956
CONL,2026-07-10,1451732.0,14,1.2791201291490262
CRCA,2026-07-10,347877.0,14,6.8062753910589935
CRCG,2026-07-10,1276438.0,14,12.936294108491778
EQPT,2026-07-10,226659.0,14,2.9391846080316557
ETHT,2026-07-10,78154.0,14,1.1596458391183708
ETHU,2026-07-10,171303.0,14,0.7532375266653099
FBL,2026-07-10,499445.0,14,4.650867186590618
GMM,2026-07-10,13038900.0,14,1393.640444634459
JLHL,2026-07-10,934609.0,13,38.97814642409155
METU,2026-07-10,2519224.0,14,4.351581345657399
MSTX,2026-07-10,334332.0,14,0.6755320377229524
PURR,2026-07-10,1147853.0,14,2.3023410179077506
VOD,2026-07-10,1294767.0,14,6.339487671621892
AGEN,2026-07-13,10815506.0,14,482.87204377886064
BEZ,2026-07-13,43860.0,14,0.6610278420999938
BMNU,2026-07-13,144683.0,14,0.08702155825986957
BW,2026-07-13,368585.0,14,2.606874114339553
CODI,2026-07-13,54377.0,14,4.085906890370228
CRCD,2026-07-13,95225.0,14,0.8908066138122969
EDBL,2026-07-13,29440.0,14,0.01661243187566794
MIMI,2026-07-13,4081121.0,14,36.798492139960736
MSTZ,2026-07-13,478875.0,14,0.44465867385363217
MUD,2026-07-13,714402.0,14,0.5027455997567911
NBIZ,2026-07-13,100824.0,14,0.4142042463435633
QTTB,2026-07-13,2450951.0,14,203.86124990345598
SKYQ,2026-07-13,385092.0,14,0.5559472036142991
SOXS,2026-07-13,33473357.0,14,1.083736496044637
TTDU,2026-07-13,35304.0,14,0.9485605276945605
WTI,2026-07-13,255711.0,14,1.6771021551039604
AAOX,2026-07-14,340008.0,14,1.5659298525988068
AG,2026-07-14,496057.0,14,0.911294302558771
ALM,2026-07-14,160218.0,14,1.0177597915705308
APLX,2026-07-14,58758.0,14,1.0012195567239932
ARIS,2026-07-14,54200.0,14,1.2449814352069855
ARMG,2026-07-14,111571.0,14,1.8658828813547172
ASPI,2026-07-14,205037.0,14,1.0004356511835073
ASTX,2026-07-14,271739.0,14,0.9725099210508287
BITU,2026-07-14,127381.0,14,0.8757209963769716
BITX,2026-07-14,603427.0,14,2.042404666984181
BMNG,2026-07-14,73897.0,14,0.9470852100040279
BMNR,2026-07-14,1871450.0,14,1.220678997246981
BMNU,2026-07-14,473195.0,14,0.34244806117648446
CLSK,2026-07-14,7114200.0,14,8.363561338014632
CRML,2026-07-14,303095.0,14,1.231418789995145
DLLL,2026-07-14,109132.0,14,1.4470710470808974
ERO,2026-07-14,24589.0,14,0.5204257184755167
ETH,2026-07-14,269726.0,14,3.337343392064255
ETHA,2026-07-14,2559386.0,14,2.559839640153373
ETHE,2026-07-14,206245.0,14,2.3416613344427604
ETHT,2026-07-14,183710.0,14,2.7020263569279384
ETHU,2026-07-14,586670.0,14,2.8298161238653097
ETHW,2026-07-14,36089.0,14,1.5759093716274803
EXK,2026-07-14,265981.0,14,0.9266281539397573
FCEL,2026-07-14,1633365.0,14,1.514327300401238
FETH,2026-07-14,155204.0,14,2.0304977992916617
GFUZ,2026-07-14,182808.0,14,10.6791958406703
GLOO,2026-07-14,213622.0,14,11.744109700929881
GLWG,2026-07-14,187283.0,14,1.6861936552667949
HBM,2026-07-14,256016.0,14,1.5735947632072282
HYMC,2026-07-14,49035.0,14,0.5695159748861781
INTW,2026-07-14,291459.0,14,1.856777326019244
IONL,2026-07-14,66982.0,14,2.270114552972277
IONX,2026-07-14,91651.0,14,2.2910131699234375
JEM,2026-07-14,22434.0,13,0.016839742860206435
JHX,2026-07-14,471903.0,14,2.64666702988368
KEEL,2026-07-14,2008491.0,14,0.9870881107251102
KMEM,2026-07-14,16138.0,8,
LUNL,2026-07-14,39929.0,14,0.7412850216946204
MRAM,2026-07-14,38671.0,14,0.527880779914957
MSTX,2026-07-14,630429.0,14,1.2715911374797126
MULL,2026-07-14,384345.0,14,1.0209365970943087
NBIG,2026-07-14,71800.0,14,0.8800221318737502
NEXA,2026-07-14,17389.0,14,0.2885710018420485
NVTS,2026-07-14,754944.0,14,0.7835435639539073
OSS,2026-07-14,52408.0,14,1.1194378033318635
PLTD,2026-07-14,1092751.0,14,1.0468472706074965
PPTA,2026-07-14,73416.0,14,1.776005308193141
QCML,2026-07-14,30489.0,14,0.26876644584606024
RDWU,2026-07-14,59448.0,14,0.5817000499036176
RGTX,2026-07-14,22781.0,14,0.4990829994992489
RIOT,2026-07-14,1373529.0,14,1.8360260637822503
RKLX,2026-07-14,177496.0,14,1.3123327200174066
RKT,2026-07-14,480668.0,14,0.7953520492688261
SHLS,2026-07-14,116129.0,14,0.9897060721390672
SHPH,2026-07-14,5067905.0,14,5.890559502391486
SNXX,2026-07-14,3751722.0,14,1.6128697430416117
SUNE,2026-07-14,563744.0,14,8.576279990133235
SVM,2026-07-14,197356.0,14,1.2083753183866544
USAS,2026-07-14,160808.0,14,0.9591082849762941
AMDD,2026-07-15,40550.0,14,0.083210028002952
AMPG,2026-07-15,225223.0,14,1.6080678738523897
ANNX,2026-07-15,141440.0,14,2.2353775224987245
AVEX,2026-07-15,186275.0,14,1.4459377789606171
BABX,2026-07-15,159509.0,14,2.026632422474113
BMNG,2026-07-15,105109.0,14,1.3601878255403912
BMNU,2026-07-15,450273.0,14,0.35022821034553564
CLSX,2026-07-15,38170.0,14,5.175142118362564
EOSE,2026-07-15,1935877.0,14,2.2699094105884132
ETHT,2026-07-15,281166.0,14,3.6997543099153902
ETHU,2026-07-15,917243.0,14,3.9406360731982226
JLHL,2026-07-15,145350.0,14,1.3891970456095462
KOPN,2026-07-15,761484.0,14,4.198412123312488
LPTH,2026-07-15,140110.0,14,1.4532186488268544
LTRX,2026-07-15,102897.0,14,3.225040801112208
MNSO,2026-07-15,53040.0,14,1.9143769045544308
QTRX,2026-07-15,85863.0,14,3.1490372776569826
SHMD,2026-07-15,35170.0,14,2.055514504823809
SKHZ,2026-07-15,153420.0,1,
TRT,2026-07-15,205455.0,14,8.95950984453699
UMC,2026-07-15,603137.0,14,0.8451485460080956
ASTN,2026-07-16,531506.0,14,2.829471958275932
ATAI,2026-07-16,21572021.0,14,57.269987008413715
ATPC,2026-07-16,1223619.0,14,290.94695901764635
BEZ,2026-07-16,45537.0,14,0.8020294861746602
CMPS,2026-07-16,816948.0,14,2.8513072522747342
CRCD,2026-07-16,87261.0,14,0.8517720062750567
ERNA,2026-07-16,87036.0,10,0.45314941341423476
FULC,2026-07-16,200553.0,14,5.10371416574417
HELP,2026-07-16,280316.0,14,4.364957317242721
IREZ,2026-07-16,191240.0,14,0.7981024587610597
NBIZ,2026-07-16,123894.0,14,0.6274346101241581
PESI,2026-07-16,159669.0,14,22.63043016086741
RGTZ,2026-07-16,134732.0,14,0.5026556502019285
RKLZ,2026-07-16,254656.0,14,0.5158622717372997
SKHZ,2026-07-16,182077.0,2,
UNHG,2026-07-16,318955.0,14,10.201872968076382
VSA,2026-07-16,21700.0,9,
BIYA,2026-07-17,1647525.0,13,1.7098843507419952
CORD,2026-07-17,133777.0,14,0.3839415468829726
CRCD,2026-07-17,142185.0,14,1.4634323859375689
IREZ,2026-07-17,164799.0,14,0.711718375969241
JLHL,2026-07-17,174101.0,14,1.490445828714062
MSTZ,2026-07-17,841813.0,14,0.9009431196512298
NBIZ,2026-07-17,217598.0,14,1.0894966181805696
QBTZ,2026-07-17,94152.0,14,0.6797410427803351
RGTZ,2026-07-17,215751.0,14,0.8554411668497622
SDOT,2026-07-17,1650738.0,14,16.11286793773592
SG,2026-07-17,1500770.0,14,12.577735421203801
SSG,2026-07-17,137841.0,14,2.425039898463124
TSLZ,2026-07-17,236516.0,14,1.932296581332745
UVXY,2026-07-17,668033.0,14,3.188022327325408
VIVK,2026-07-17,79151.0,14,0.8934522652893221
VIXY,2026-07-17,685700.0,14,8.642177586045474
VXX,2026-07-17,744031.0,14,3.0074027066651503
AAOX,2026-07-20,347265.0,14,1.7865703776899833
ADVB,2026-07-20,648628.0,5,
APLD,2026-07-20,1528587.0,14,1.8279737092224007
APLX,2026-07-20,92348.0,14,1.5941544349747476
BABX,2026-07-20,80191.0,14,0.9241742990123364
BIYA,2026-07-20,5725399.0,13,5.256367653568459
BXBL,2026-07-20,84133.0,14,54.084948112774356
CIFR,2026-07-20,1809025.0,14,1.6279507163147708
CRWG,2026-07-20,49437.0,14,0.7910109842636224
CRWU,2026-07-20,244159.0,14,1.267051427469994
CWVX,2026-07-20,47023.0,14,0.9537235699332866
DFNS,2026-07-20,31224.0,14,0.011597181939122065
INTW,2026-07-20,155454.0,14,0.8257181263665657
IRE,2026-07-20,1270748.0,14,4.101446672579295
IREG,2026-07-20,73377.0,14,2.7433511099954333
IREX,2026-07-20,158566.0,14,3.6970143089344236
KORU,2026-07-20,1314968.0,14,5.606333819166514
LITX,2026-07-20,270477.0,14,1.9583270627405776
LUNL,2026-07-20,82999.0,14,1.4305873604483381
MULL,2026-07-20,401078.0,14,0.8716022814339804
MUU,2026-07-20,2195855.0,14,4.553828236873365
NBIG,2026-07-20,142716.0,14,1.7044147052199847
NBIL,2026-07-20,230792.0,14,2.3822741804197287
NEBX,2026-07-20,171369.0,14,1.7164633142978156
NNBR,2026-07-20,122902.0,14,0.23721927177377872
NUAI,2026-07-20,1774954.0,14,4.7798078755963616
SNDU,2026-07-20,482845.0,14,2.595124651655259
SNXX,2026-07-20,4534327.0,14,1.6037629879176456
WDCX,2026-07-20,86698.0,14,0.9448968709008179
YINN,2026-07-20,82188.0,14,0.7219742365394389
AAOX,2026-07-21,319925.0,14,1.545129390075874
ABTC,2026-07-21,122253.0,14,0.43246869511364056
AIBZ,2026-07-21,87170.0,14,1.466730605823511
AIRS,2026-07-21,30628.0,14,2.629286927515437
APLX,2026-07-21,87930.0,14,1.4097074704120838
BEX,2026-07-21,248060.0,14,2.2740035306628115
CONL,2026-07-21,3589091.0,14,2.951676987131224
CRCA,2026-07-21,221873.0,14,2.636167052812927
CRCG,2026-07-21,583566.0,14,2.499193643117946
CRWG,2026-07-21,154573.0,14,2.422503078473077
CRWU,2026-07-21,496533.0,14,2.489231236397153
CWVX,2026-07-21,46611.0,14,0.9258081174948357
DLLL,2026-07-21,75742.0,14,0.8502312424228817
FLNC,2026-07-21,264608.0,14,0.5523484312058184
GLWG,2026-07-21,63531.0,14,0.6240008755602919
INTW,2026-07-21,284707.0,14,1.5145278321559281
IONL,2026-07-21,60943.0,14,2.150623987013609
IONX,2026-07-21,67009.0,14,1.7329892450871367
IREG,2026-07-21,72528.0,14,2.303630617611093
IREZ,2026-07-21,80331.0,14,0.34044381076061736
KEEL,2026-07-21,2051801.0,14,1.377077423869519
KORU,2026-07-21,1270638.0,14,3.8927199141318156
KSTR,2026-07-21,53749.0,14,0.8004225033001423
LITX,2026-07-21,184507.0,14,1.24666169887047
LPTH,2026-07-21,156616.0,14,1.578073326419232
MRAM,2026-07-21,34980.0,14,0.6289799304900885
MSTX,2026-07-21,299007.0,14,0.5980996991426057
MULL,2026-07-21,784679.0,14,1.7131906327643651
MVLL,2026-07-21,185106.0,14,0.880841452658091
NBIG,2026-07-21,200838.0,14,2.2067806108153545
NBIL,2026-07-21,252840.0,14,2.315728460466069
NEBX,2026-07-21,235312.0,14,2.200314448186179
NRGV,2026-07-21,137835.0,14,0.8140726412885508
OSS,2026-07-21,73034.0,14,1.4617387164703577
RGTX,2026-07-21,62068.0,14,2.018696625872339
SHLS,2026-07-21,146599.0,14,1.0091326041935047
SMU,2026-07-21,52716.0,14,0.888867477541169
SNDU,2026-07-21,588064.0,14,2.807553789392953
SNXX,2026-07-21,4570364.0,14,1.5119370899008235
UMC,2026-07-21,1408355.0,14,2.111724614497482
UTZ,2026-07-21,5698438.0,14,205.97100641060396
VIVK,2026-07-21,27005784.0,14,286.3544778747657
WDCX,2026-07-21,104333.0,14,1.1333363335029982
AIRJ,2026-07-22,566319.0,14,16.234647304179028
BEZ,2026-07-22,48261.0,14,1.0075906252050513
CRCD,2026-07-22,81383.0,14,0.8544082909014555
DLLL,2026-07-22,168439.0,14,1.851610243686031
INLF,2026-07-22,1772593.0,14,1.6759330807308266
IREZ,2026-07-22,82210.0,14,0.37150213794325565
NBIZ,2026-07-22,107320.0,14,0.5376255206806985
NG,2026-07-22,641692.0,14,5.524466167004066
NRGV,2026-07-22,428839.0,14,2.6575325245015478
NVVE,2026-07-22,32010.0,14,0.8728730366492147
SKHZ,2026-07-22,63000.0,6,
SKYQ,2026-07-22,309654.0,14,0.897315230089426
SMCI,2026-07-22,15204179.0,14,8.171575968165412
SMCL,2026-07-22,303369.0,14,10.44844128239948
SMCX,2026-07-22,1747175.0,14,6.406383532073365
SMCY,2026-07-22,154885.0,14,3.9889954432820143
T,2026-07-22,9309304.0,14,4.539810204747372
ADVB,2026-07-23,1445287.0,7,
AMBP,2026-07-23,638956.0,14,16.17648154477411
ASTN,2026-07-23,81479.0,14,0.5791697003484038
BMNZ,2026-07-23,87422.0,14,4.675491173583017
CLF,2026-07-23,3849342.0,14,8.336117103021238
DOMO,2026-07-23,3136820.0,14,73.37455786109194
HYLN,2026-07-23,473767.0,14,4.19209569454197
MSTZ,2026-07-23,684570.0,14,0.9443022120207243
NOWL,2026-07-23,2984467.0,14,2.6289985973653223
NVCR,2026-07-23,298087.0,14,11.015052855238674
RELL,2026-07-23,70774.0,14,15.871660152495675
RGTZ,2026-07-23,434253.0,14,2.3454054944491105
RKLZ,2026-07-23,223951.0,14,0.6319834229309403
SKYQ,2026-07-23,1437858.0,14,4.276999846809982
SSL,2026-07-23,71735.0,14,1.182112875659744
TSDD,2026-07-23,1360650.0,14,3.8338011932238536
TSLQ,2026-07-23,1197658.0,14,2.6953392134827308
TSLZ,2026-07-23,463341.0,14,3.754947968975304
UVXY,2026-07-23,809115.0,14,3.313339899011024
VIXY,2026-07-23,363063.0,14,2.9617400495635366
VXX,2026-07-23,425397.0,14,1.789872166113426
ADVB,2026-07-24,524455.0,8,
BYRN,2026-07-24,195707.0,14,3.5955770131715874
FFAI,2026-07-24,28885.0,14,0.01819054400292999
JEM,2026-07-24,2082617.0,14,19.278951516706385
NOWL,2026-07-24,1860852.0,14,1.5041358654370887
PN,2026-07-24,62010.0,7,
SKYQ,2026-07-24,1669375.0,14,3.857322992673624
VIVK,2026-07-24,22234219.0,14,10.91029702678793
AADX,2026-07-27,166985.0,14,5.458542405570174
APLX,2026-07-27,55442.0,14,0.93461563006855
BEX,2026-07-27,315343.0,14,2.9397109165717237
BMNG,2026-07-27,22834.0,14,0.4969322196987715
BMNR,2026-07-27,2900046.0,14,2.1271424201949163
BMNU,2026-07-27,387099.0,14,0.7430928753314988
CONL,2026-07-27,1099209.0,14,0.8536160428890179
CRWU,2026-07-27,153727.0,14,0.6599123235486118
CWVX,2026-07-27,40032.0,14,1.0336592905174862
DFNS,2026-07-27,2126191.0,14,0.8071242572007012
ETHT,2026-07-27,53362.0,14,0.7809290851312929
ETHU,2026-07-27,241230.0,14,1.0728639025622209
FRNM,2026-07-27,207012.0,11,63.94103276893269
IONL,2026-07-27,126327.0,14,3.291639214284917
IONX,2026-07-27,236179.0,14,5.408761965831539
JACK,2026-07-27,116916.0,14,3.721424706369163
KC,2026-07-27,44845.0,14,0.516835451999493
KOLD,2026-07-27,90376.0,14,1.6184151283205763
KORU,2026-07-27,1009113.0,14,1.673744314011685
MSTX,2026-07-27,308829.0,14,0.8632229901782467
NBIG,2026-07-27,109841.0,14,1.298819741583036
NBIL,2026-07-27,180958.0,14,1.6504947095686415
NEBX,2026-07-27,121080.0,14,1.1915094618132436
NNE,2026-07-27,169447.0,14,2.0347237768325748
NOWL,2026-07-27,895427.0,14,0.6655666251093838
NUAI,2026-07-27,420373.0,14,0.9608946154705218
OMER,2026-07-27,223123.0,14,7.513191346072902
PLTU,2026-07-27,80643.0,14,0.594190000468404
PN,2026-07-27,45087.0,8,
PTIR,2026-07-27,159083.0,14,0.4954326523094336
QBTS,2026-07-27,3461003.0,14,4.228384026366858
QBTX,2026-07-27,676345.0,14,9.627833673111436
RGTI,2026-07-27,2393809.0,14,2.290088753828138
RGTX,2026-07-27,237579.0,14,7.445500271978188
SCO,2026-07-27,645298.0,14,4.783075203610375
SMU,2026-07-27,40255.0,14,0.652611685798687
SOFX,2026-07-27,46901.0,14,0.5516401830136084
SOUN,2026-07-27,1039333.0,14,1.4533415196186685
VOD,2026-07-27,314617.0,14,0.9019074093943681
WYFI,2026-07-27,84359.0,14,0.7933553085452764
ALT,2026-07-28,1294505.0,14,15.533522983919697
ASTN,2026-07-28,40372.0,14,0.30971115952638756
BEZ,2026-07-28,44447.0,14,1.3870986437927437
BIYA,2026-07-28,4322822.0,13,5.875183257458499
BMNZ,2026-07-28,59250.0,14,2.0071138211382116
BRBR,2026-07-28,148381.0,14,2.836233508595396
BTCZ,2026-07-28,99464.0,14,0.6861793473467082
BYRN,2026-07-28,534059.0,14,8.507782008188233
CORD,2026-07-28,149322.0,14,0.8386678771573901
CRCD,2026-07-28,27097.0,14,0.3149508633880144
FTRE,2026-07-28,41282.0,14,1.1946677470631888
INLF,2026-07-28,918715.0,14,6.921154220760002
IONZ,2026-07-28,205798.0,14,0.825874913648051
IREZ,2026-07-28,46455.0,14,0.32771545488489373
MSTZ,2026-07-28,342990.0,14,0.6098854621522142
MUD,2026-07-28,1432968.0,14,1.6169854484986048
QBTZ,2026-07-28,400041.0,14,4.085961273434417
RGTZ,2026-07-28,547712.0,14,2.664556695908109
RKLZ,2026-07-28,167349.0,14,0.5301217959219138
SMCZ,2026-07-28,74049.0,14,1.526320438865381
SSG,2026-07-28,165423.0,14,2.932315176255044
ALMU,2026-07-29,43067.0,14,1.7984405946500586
ALOY,2026-07-29,311527.0,14,3.20894128830659
AMIX,2026-07-29,5773236.0,13,273.6699496431997
ASC,2026-07-29,63082.0,14,3.6599585578118523
AVTR,2026-07-29,2346241.0,14,9.297432656156284
BEG,2026-07-29,96840.0,14,9.149289387374985
BEX,2026-07-29,998668.0,14,8.273420154422242
CVE,2026-07-29,563393.0,14,2.8319581958195816
EGG,2026-07-29,345951.0,10,200.63272052427072
GMM,2026-07-29,708354.0,13,0.6901782099320705
HAYW,2026-07-29,145018.0,14,2.6862789202234496
IONZ,2026-07-29,300957.0,14,1.2485322316390792
LI,2026-07-29,492520.0,14,2.492240753330955
NEO,2026-07-29,439146.0,14,9.071082369500843
NOV,2026-07-29,196758.0,14,4.855541826117152
OBE,2026-07-29,42206.0,14,1.1848628617950085
OPCH,2026-07-29,372014.0,14,10.202786462618617
PTEN,2026-07-29,200977.0,14,1.0878128593112204
SB,2026-07-29,70979.0,14,2.7360876688189215
SKYQ,2026-07-29,864685.0,14,2.023762714561889
SNDU,2026-07-29,1406671.0,14,4.974094209121457
STFS,2026-07-29,382327.0,13,226.7864117539697
VG,2026-07-29,780332.0,14,1.2150056531558133
VRRM,2026-07-29,3749057.0,14,22.295718994783613
WDCX,2026-07-29,87933.0,14,1.062054138739903
WTI,2026-07-29,324183.0,14,1.5657740306892347
AAOX,2026-07-30,614929.0,14,2.9982099212156377
ADAM,2026-07-30,167198.0,14,6.950530916692401
AEVA,2026-07-30,41661.0,14,0.9535778748561264
AIBZ,2026-07-30,37191.0,14,0.6962157507457917
AIP,2026-07-30,15898.0,14,0.819747120764015
AIPO,2026-07-30,175944.0,14,3.422150472501549
ALOY,2026-07-30,213560.0,14,1.8456862029733807
AMPX,2026-07-30,376398.0,14,2.2740991009458345
APLD,2026-07-30,2089569.0,14,2.3725859676145773
APLX,2026-07-30,218063.0,14,3.5675261936424763
ARMG,2026-07-30,201763.0,14,4.430630475189598
ASTX,2026-07-30,387096.0,14,1.6630177114413205
BAX,2026-07-30,1169694.0,14,8.088039460992166
BBNX,2026-07-30,52501.0,14,2.366760369271985
BBVA,2026-07-30,200521.0,14,4.342396188619999
BEG,2026-07-30,111579.0,14,6.8340770684586305
BEX,2026-07-30,764299.0,14,4.2225764213852806
BHC,2026-07-30,1744348.0,14,24.594261543884386
BMNU,2026-07-30,277362.0,14,0.9326988946162383
BOOM,2026-07-30,217412.0,14,57.92908665283672
BRUN,2026-07-30,129277.0,14,2.509763081808538
BTDR,2026-07-30,630275.0,14,2.9244162750641878
BULZ,2026-07-30,75454.0,14,3.9812161983907135
BW,2026-07-30,158290.0,14,1.6504665644338554
CIFR,2026-07-30,3727899.0,14,3.720259447225123
CLSK,2026-07-30,1519444.0,14,0.9206268612404533
CMCO,2026-07-30,240780.0,14,25.472433804860355
CORZ,2026-07-30,1873762.0,14,5.443104798056036
CRDU,2026-07-30,148132.0,14,4.605204662389775
CRML,2026-07-30,188127.0,14,0.6400584995705851
CRWG,2026-07-30,341434.0,14,5.950445280425836
CWVX,2026-07-30,218910.0,14,5.757380498389112
DGXX,2026-07-30,134739.0,14,0.864286146284068
DLLL,2026-07-30,117405.0,14,1.4204013698736677
ELVA,2026-07-30,22047.0,14,0.10162771340443523
EOSE,2026-07-30,859770.0,14,0.9218373057994789
EUV,2026-07-30,34323.0,14,0.7614051044289406
FBRT,2026-07-30,37284.0,14,3.078614441842771
FCEL,2026-07-30,524014.0,14,0.9812874184416914
FLNC,2026-07-30,193822.0,14,0.707887410363222
GLWG,2026-07-30,365919.0,14,3.791244460627159
GLXY,2026-07-30,276898.0,14,1.3718561844385952
HBM,2026-07-30,181672.0,14,1.0781995302975065
IBRX,2026-07-30,424772.0,14,1.5312770933686894
INIO,2026-07-30,211245.0,14,2.407123136928056
INTW,2026-07-30,707081.0,14,2.729815864706212
IONL,2026-07-30,99335.0,14,2.1693025954760508
IONX,2026-07-30,73532.0,14,1.1758253180142797
IRE,2026-07-30,1113394.0,14,3.0630862475772904
IREG,2026-07-30,130159.0,14,3.959415591470277
IREX,2026-07-30,169687.0,14,4.268840004168898
KEEL,2026-07-30,3384503.0,14,2.7149078291241975
KORU,2026-07-30,5446541.0,14,5.883323564002951
LITX,2026-07-30,241144.0,14,1.7195891138707942
LPTH,2026-07-30,128537.0,14,1.3875683753236598
LWLG,2026-07-30,141132.0,14,1.1734604125600807
MARA,2026-07-30,2099824.0,14,1.3279197247705388
METD,2026-07-30,120855.0,14,4.04174151505886
MRAM,2026-07-30,63839.0,14,1.5370933456244023
MSFL,2026-07-30,1125929.0,14,12.406423349851087
MSFU,2026-07-30,3839536.0,14,8.08793563295594
MSFX,2026-07-30,194058.0,14,20.261108210903124
MULL,2026-07-30,1290554.0,14,3.6994615765144494
MUU,2026-07-30,6079669.0,14,4.102130983180396
MVLL,2026-07-30,353112.0,14,2.5773281657141607
MWH,2026-07-30,48975.0,14,2.9305540121214197
NBIG,2026-07-30,492927.0,14,5.729011337683998
NBIL,2026-07-30,862581.0,14,7.398336189261994
NEBX,2026-07-30,492313.0,14,5.183520447147868
NEOG,2026-07-30,94460.0,14,3.292739708632225
NOK,2026-07-30,9079272.0,14,1.7086768167411706
NUWE,2026-07-30,13710255.0,13,2560.014291459596
NVTS,2026-07-30,986083.0,14,1.1486101938145674
ORCU,2026-07-30,924977.0,14,3.2131115081628705
ORCX,2026-07-30,526791.0,14,2.7638220633607817
PGY,2026-07-30,589092.0,14,5.752967938107007
POET,2026-07-30,456631.0,14,0.8530333374831888
PRCH,2026-07-30,228381.0,14,5.161502474744051
PUMP,2026-07-30,196946.0,14,2.1750572903724565
QMCO,2026-07-30,68008.0,14,1.7226186513048387
RDWU,2026-07-30,69730.0,14,1.4366571107330597
RGTX,2026-07-30,73324.0,14,1.5299625161150896
RIOT,2026-07-30,919465.0,14,1.4194902895250685
RKLX,2026-07-30,258887.0,14,2.2895924629042255
SG,2026-07-30,435888.0,14,1.843200695908517
SHLS,2026-07-30,93372.0,14,0.7873850507381991
SMCL,2026-07-30,75689.0,14,1.4991016532409804
SMCX,2026-07-30,337388.0,14,0.8675679388853093
SMU,2026-07-30,104397.0,14,1.888930389570778
SNDU,2026-07-30,2618599.0,14,7.102913074318047
SNXX,2026-07-30,20721911.0,14,5.168617434329533
STKH,2026-07-30,3286943.0,12,113.75276427125331
TAL,2026-07-30,1133810.0,14,12.1457953936797
UAMY,2026-07-30,239867.0,14,1.1822177535898972
UMAC,2026-07-30,165493.0,14,1.0618687296909588
USAR,2026-07-30,506270.0,14,0.9690349012416419
VELO,2026-07-30,99889.0,14,1.3621740299309972
WDCX,2026-07-30,199091.0,14,2.458102164804531
WNC,2026-07-30,24328.0,14,0.3949327752042254
WOLF,2026-07-30,246445.0,14,1.7941615116129113
WULF,2026-07-30,2886348.0,14,2.211480822844879
WYFI,2026-07-30,176931.0,14,1.9595656263522756
XRX,2026-07-30,2499163.0,14,44.470279455857366
AAOX,2026-07-31,923518.0,14,3.89374666655825
AAPD,2026-07-31,1613175.0,14,7.6194539162787684
AIBZ,2026-07-31,71346.0,14,1.4287855857505372
ALOY,2026-07-31,321409.0,14,2.5114646972607737
APLD,2026-07-31,1803495.0,14,1.8123787628731003
APLX,2026-07-31,160050.0,14,2.172189154080307
ARMG,2026-07-31,90641.0,14,1.6039187482857689
ASTX,2026-07-31,340482.0,14,1.3402323192165229
ATOM,2026-07-31,19539.0,14,0.7984296784927248
BEX,2026-07-31,521908.0,14,2.243655826150506
BIYA,2026-07-31,70037.0,13,0.06850171325570045
BLZE,2026-07-31,271690.0,14,4.228760364390744
BSBR,2026-07-31,244623.0,14,5.415582012799206
BTE,2026-07-31,1424869.0,14,3.6500166690270444
CIFR,2026-07-31,1945631.0,14,1.5864865861301938
COHX,2026-07-31,89892.0,14,4.2355934599255525
CORZ,2026-07-31,383136.0,14,0.8341411823214265
CRDU,2026-07-31,170796.0,14,4.1061101971707155
CRWG,2026-07-31,100694.0,14,1.255713981584496
CRWU,2026-07-31,379562.0,14,1.6663973939079966
CSTL,2026-07-31,121631.0,14,12.560088511893786
CWVX,2026-07-31,76023.0,14,1.4437749260696167
DLLL,2026-07-31,49611.0,14,0.5971714587132536
DUOT,2026-07-31,145923.0,14,7.774800009133741
EUV,2026-07-31,33535.0,14,0.7227570961018009
FCEL,2026-07-31,602995.0,14,1.1549960973066968
FLNC,2026-07-31,958211.0,14,3.6569429542203147
GLWG,2026-07-31,282733.0,14,2.348574720732128
INTW,2026-07-31,374198.0,14,1.2368359420005175
IRE,2026-07-31,1103985.0,14,2.5835636914103866
IREG,2026-07-31,171971.0,14,4.195562200811023
IREX,2026-07-31,194796.0,14,3.867120997485866
IRWD,2026-07-31,181384.0,14,2.9144546564689247
KC,2026-07-31,118207.0,14,2.2647653325852075
KEEL,2026-07-31,2492799.0,14,1.749573450059843
KORU,2026-07-31,5189638.0,14,3.954011411051966
LABX,2026-07-31,191150.0,14,8.394712407147159
LITX,2026-07-31,378697.0,14,2.611686723188472
LPL,2026-07-31,60902.0,14,0.8082172692708368
LUNL,2026-07-31,50202.0,14,1.0970768157318418
MSTZ,2026-07-31,627282.0,14,1.3049115903046664
MULL,2026-07-31,855515.0,14,2.017941624433901
MUU,2026-07-31,5472679.0,14,2.8622430285564175
MVLL,2026-07-31,442477.0,14,2.805058877601154
NBIG,2026-07-31,283049.0,14,2.398556273087858
NBIL,2026-07-31,441425.0,14,2.5875373479286137
NEBX,2026-07-31,335234.0,14,2.616612196609587
NVTS,2026-07-31,737194.0,14,0.8314319406579231
NWL,2026-07-31,3078426.0,14,14.94743318597913
POET,2026-07-31,802433.0,14,1.47301882094371
PWP,2026-07-31,127696.0,14,7.273105995882865
RDWU,2026-07-31,58670.0,14,1.1354876882157452
RKLX,2026-07-31,146437.0,14,1.2004958640906094
SATL,2026-07-31,170951.0,14,1.0372939066003197
SMCL,2026-07-31,65678.0,14,1.2159970799946573
SMCX,2026-07-31,491419.0,14,1.2784264493745345
SMU,2026-07-31,77089.0,14,1.34125475048903
SNDU,2026-07-31,2030737.0,14,3.730698052644639
SNXX,2026-07-31,15696394.0,14,2.93209691571012
WDCX,2026-07-31,109269.0,14,1.1796468229487969
WOLF,2026-07-31,237088.0,14,1.5936951890478204
ADBG,2026-08-03,458662.0,14,1.9344215971371395
APPX,2026-08-03,17601.0,14,0.6665458440631019
ATEC,2026-08-03,127942.0,14,2.4486138964417483
BABX,2026-08-03,81385.0,14,1.616770630537566
BEZ,2026-08-03,143151.0,14,2.376479879332916
BIOA,2026-08-03,123869.0,14,4.223574740861975
CRCD,2026-08-03,115451.0,14,2.026766681212413
CRMG,2026-08-03,373307.0,14,1.3014840704295323
DQ,2026-08-03,49570.0,14,4.1886516860714265
FCUV,2026-08-03,639343.0,12,2.2214617993684334
LBGJ,2026-08-03,49639.0,12,0.016771815012005992
MSFL,2026-08-03,288982.0,14,1.8577710960384215
MVIS,2026-08-03,32744.0,14,0.09786061198746386
NBIZ,2026-08-03,259690.0,14,2.432450695782087
NOWL,2026-08-03,963523.0,14,0.7445536529754085
NWL,2026-08-03,722174.0,14,1.7279334806770335
PLTU,2026-08-03,285556.0,14,2.9363171100025265
PTIR,2026-08-03,315163.0,14,1.2450711792627065
SCO,2026-08-03,245058.0,14,1.5449730684414191
TE,2026-08-03,1829868.0,14,1.8031994528915
UPC,2026-08-03,1078884.0,14,759.853908843948
WMG,2026-08-03,349646.0,14,17.103518156819856
AAOX,2026-08-04,2052222.0,14,6.988173829288878
ACRE,2026-08-04,59496.0,14,4.052565256525653
AEVA,2026-08-04,59725.0,14,1.2979987084435503
ALMU,2026-08-04,83800.0,14,3.018134015234734
AMPG,2026-08-04,51147.0,14,0.4295334301104939
AMZO,2026-08-04,19598.0,11,3.1500672160851018
ARMG,2026-08-04,129167.0,14,2.221065224226703
ASPI,2026-08-04,353655.0,14,1.992018520187455
ASTX,2026-08-04,541917.0,14,1.8121617351263775
BEX,2026-08-04,124967.0,14,0.47391890866931774
BLZE,2026-08-04,1707585.0,14,23.15784426265239
BTDR,2026-08-04,2206869.0,14,8.694583024717067
CRDU,2026-08-04,147895.0,14,2.742031603426265
CRML,2026-08-04,578098.0,14,2.026906808896743
DDD,2026-08-04,209391.0,14,4.117765051432135
DLLL,2026-08-04,65588.0,14,0.8639662780741619
EUV,2026-08-04,46460.0,14,1.0417724418163268
FLNC,2026-08-04,941765.0,14,3.0255704765751212
GLWG,2026-08-04,425412.0,14,3.2457385759829966
GRAB,2026-08-04,10001598.0,14,8.553235291045443
HBM,2026-08-04,416625.0,14,2.4741125389817737
HIMX,2026-08-04,72749.0,14,0.9543972689900492
HLMN,2026-08-04,157502.0,14,10.049256683468386
INDI,2026-08-04,120757.0,14,0.9779127732704298
INTW,2026-08-04,322464.0,14,1.069534872150846
KC,2026-08-04,281084.0,14,4.837577754284169
KORU,2026-08-04,2149108.0,14,1.1785748015225985
LABX,2026-08-04,410224.0,14,10.609541895891141
LIFE,2026-08-04,388496.0,14,17.201287816973124
LITX,2026-08-04,673033.0,14,4.1887084678267215
LPL,2026-08-04,77373.0,14,0.97585018049078
LPTH,2026-08-04,50194.0,14,0.518248923442947
LUNL,2026-08-04,163395.0,14,2.905796273007889
LWLG,2026-08-04,333060.0,14,2.37489482466023
MRAM,2026-08-04,179535.0,14,3.9873944847301304
MULL,2026-08-04,513545.0,14,1.1089694952911102
MUU,2026-08-04,3448087.0,14,1.3868254504203306
MVLL,2026-08-04,516381.0,14,2.965508330031184
NNE,2026-08-04,154747.0,14,1.656255208150172
NOK,2026-08-04,11352884.0,14,2.081481764257884
NVTS,2026-08-04,798548.0,14,0.8910821027125797
ONDG,2026-08-04,292805.0,14,2.2333674391135547
ONDL,2026-08-04,128156.0,14,1.56538020267588
PALL,2026-08-04,87633.0,14,2.9845936773989514
PLTG,2026-08-04,134001.0,14,11.944492904030918
POET,2026-08-04,1952076.0,14,3.5023880619968266
PPLT,2026-08-04,239808.0,14,2.580243336527916
PTIR,2026-08-04,2446086.0,14,9.315231598208939
QCML,2026-08-04,62763.0,14,2.7017332402707015
RDWU,2026-08-04,73554.0,14,1.464269057071678
REPL,2026-08-04,490251.0,13,1.3473248787764183
RGTX,2026-08-04,79822.0,14,1.4302912397688514
RKLX,2026-08-04,237324.0,14,2.0045030696165878
ROBN,2026-08-04,51305.0,14,1.4516106214721236
RTO,2026-08-04,328517.0,14,4.562622950819672
RVI,2026-08-04,38474.0,14,2.1301916490678563
SATL,2026-08-04,282306.0,14,1.5916047272740452
SBSW,2026-08-04,359766.0,14,1.492132767692089
SGML,2026-08-04,143788.0,14,2.5135157070383563
SMCL,2026-08-04,47107.0,14,0.8126079681412353
SMCX,2026-08-04,256152.0,14,0.6412953345730791
SNAP,2026-08-04,8117782.0,14,10.016453752992405
SNDU,2026-08-04,1446148.0,14,2.037394294068432
SNXX,2026-08-04,9376887.0,14,1.4509204157278937
SPPP,2026-08-04,45143.0,14,1.6627737187869156
UMC,2026-08-04,623047.0,14,0.7287792881879069
VELO,2026-08-04,128364.0,14,1.666094334654765
WDCX,2026-08-04,193679.0,14,1.9160623116359101
WLDS,2026-08-04,44415.0,13,0.7288095586713184
WOLF,2026-08-04,327044.0,14,2.110183977940529
AG,2026-08-05,778221.0,14,1.2494858172254841
AMDD,2026-08-05,115711.0,14,2.9967903833595715
AMPX,2026-08-05,1167390.0,14,5.591680902362344
APPS,2026-08-05,2585308.0,14,21.951672046278
APPX,2026-08-05,75307.0,14,2.6395988142688322
ARIS,2026-08-05,98335.0,14,2.5169709834120404
ASM,2026-08-05,282847.0,14,1.601246267162963
ASTN,2026-08-05,85196.0,14,0.6842573267964032
AYA,2026-08-05,63270.0,14,2.3942005951850023
BEZ,2026-08-05,168365.0,14,2.237121963488305
BLMN,2026-08-05,732791.0,14,22.889449153393233
COMP,2026-08-05,1582262.0,14,8.713030132227484
CRCD,2026-08-05,255877.0,14,4.101827816753441
ELAN,2026-08-05,448022.0,14,7.79091270432752
EQX,2026-08-05,1311221.0,14,2.4307171048807286
EXK,2026-08-05,569794.0,14,2.030641184021986
GSM,2026-08-05,336341.0,14,14.494913146399801
HL,2026-08-05,1799281.0,14,3.185131881748982
HMY,2026-08-05,98176.0,14,0.9276570528417285
HYMC,2026-08-05,200153.0,14,2.5266533998537466
IAG,2026-08-05,234558.0,14,1.7622547848976209
KGC,2026-08-05,529477.0,14,2.1569983567922795
KTUP,2026-08-05,113764.0,14,22.252748941640004
MAT,2026-08-05,410942.0,14,6.536896524298099
METC,2026-08-05,131762.0,14,2.8350633662331592
MUX,2026-08-05,48836.0,14,1.7308480017012184
NG,2026-08-05,449618.0,14,1.9260915224032586
OSPN,2026-08-05,59811.0,14,9.51333234869744
PGEN,2026-08-05,1027405.0,14,9.956956496156335
PPTA,2026-08-05,109124.0,14,2.357631837233563
PRGO,2026-08-05,600309.0,14,12.08380984697406
PRMB,2026-08-05,18655.0,14,0.6332622084283013
RARE,2026-08-05,100512.0,14,3.5425406575701124
SHNY,2026-08-05,88493.0,14,4.770916288634385
SWIM,2026-08-05,151996.0,14,14.521943862474664
USAS,2026-08-05,235001.0,14,1.1985658073581427
VYX,2026-08-05,146560.0,14,4.1264580484273194
ARHS,2026-08-06,120745.0,14,3.3823550009104024
ARQT,2026-08-06,130652.0,14,5.571853295966858
ARRY,2026-08-06,1296340.0,14,6.477226087409624
ASPN,2026-08-06,878364.0,14,38.227729420542154
ASTN,2026-08-06,165355.0,14,1.7851238267381857
BBBY,2026-08-06,453905.0,14,4.9607374903688
BEZ,2026-08-06,177620.0,14,2.1136916333110345
CAI,2026-08-06,461992.0,14,8.774241160151666
CHYM,2026-08-06,2711517.0,14,30.9919028538399
CION,2026-08-06,80268.0,14,4.19626733582775
CLOV,2026-08-06,945795.0,14,6.549648678928897
CLRO,2026-08-06,8119692.0,14,3580.449399981102
COLD,2026-08-06,341102.0,14,7.746194161434061
CORD,2026-08-06,1232172.0,14,4.936595014757924
CRCD,2026-08-06,16163.0,14,0.21717102402891492
CRON,2026-08-06,663143.0,14,25.687429099501415
DAN,2026-08-06,125426.0,14,8.390741324770397
EOLS,2026-08-06,79879.0,14,6.7331731782357656
EVH,2026-08-06,481028.0,14,5.781090222336681
FA,2026-08-06,57051.0,14,2.4763023844882697
FSK,2026-08-06,239845.0,14,3.4891040508075846
HNST,2026-08-06,2049639.0,14,56.52060509365952
IMRX,2026-08-06,111621.0,14,4.93506731385658
IONL,2026-08-06,118501.0,14,1.8863170964378584
IONX,2026-08-06,94661.0,14,1.3419002728851401
IOVA,2026-08-06,7979424.0,14,12.879033260325356
IREZ,2026-08-06,129570.0,14,1.5676436172695045
LFST,2026-08-06,179728.0,14,3.4914863355373162
MGNI,2026-08-06,1265206.0,14,24.780265193803004
MGY,2026-08-06,84817.0,14,0.2606491435445086
MUD,2026-08-06,1283053.0,14,1.746416964570356
NBIZ,2026-08-06,546116.0,14,4.45033609082252
NNBR,2026-08-06,343241.0,14,8.02134965187882
NVOX,2026-08-06,16833.0,14,1.4022074792491002
PAYS,2026-08-06,367910.0,14,18.42788041844956
QBTZ,2026-08-06,671184.0,14,4.401097302970934
RDW,2026-08-06,4500302.0,14,6.543468825631063
RDWU,2026-08-06,545859.0,14,11.043533803185301
RELY,2026-08-06,435739.0,14,9.038527129600682
RGNX,2026-08-06,46951.0,14,0.417992964284715
RGTZ,2026-08-06,420253.0,14,1.8560245049637694
RIG,2026-08-06,1578255.0,14,2.4435693262381153
RKLZ,2026-08-06,468475.0,14,1.901871089813761
SBLK,2026-08-06,189933.0,14,4.0215272978053775
SDGR,2026-08-06,159539.0,14,6.790586103527322
SKHZ,2026-08-06,304544.0,14,2.064597105817226
SOUN,2026-08-06,11527610.0,14,16.304796616563458
TCPC,2026-08-06,213278.0,14,7.863860225758366
VIR,2026-08-06,48591.0,14,1.6157184082083436
WPP,2026-08-06,30448.0,14,1.160656523301785
WTI,2026-08-06,126717.0,14,0.5706445378843243
ZVRA,2026-08-06,226858.0,14,2.684691904027699
AAOX,2026-08-07,1520006.0,14,3.2860883812218082
AG,2026-08-07,735036.0,14,1.1435082581921854
AMPH,2026-08-07,61166.0,14,7.732743362831858
APLX,2026-08-07,53856.0,14,0.6216681507865836
ARIS,2026-08-07,81927.0,14,1.8478454546479763
ARMG,2026-08-07,64403.0,14,1.055138234691788
ASM,2026-08-07,630781.0,14,3.280147327296965
AYA,2026-08-07,42921.0,14,1.451697771335387
BMNU,2026-08-07,259366.0,14,1.3920123225877434
BRUN,2026-08-07,79230.0,14,1.7088294606007293
BTG,2026-08-07,5783724.0,14,8.128117515606087
CDE,2026-08-07,2090455.0,14,2.4551926298508757
CIFU,2026-08-07,34954.0,14,2.748835824584464
CLRO,2026-08-07,190657.0,14,0.32779951210741887
CLSK,2026-08-07,2041339.0,14,1.9109715643914342
CRCA,2026-08-07,136986.0,14,2.495808227378613
CRCG,2026-08-07,295593.0,14,1.4083229282267147
CRDU,2026-08-07,124005.0,14,1.798097159618189
CRML,2026-08-07,443747.0,14,1.3455712375678666
CRSR,2026-08-07,723239.0,14,13.701545210847735
CRWG,2026-08-07,176216.0,14,1.7336976382025377
CRWU,2026-08-07,566799.0,14,1.7106247029112274
CWVX,2026-08-07,54626.0,14,0.8931435625352551
DC,2026-08-07,96112.0,14,2.1812758562554304
DSY,2026-08-07,2015497.0,7,
DV,2026-08-07,5138640.0,14,173.94437916177048
EGY,2026-08-07,153868.0,14,4.181552772364099
EMBC,2026-08-07,742333.0,14,17.705911816818865
EQX,2026-08-07,2190256.0,14,2.9811957728357115
EXK,2026-08-07,494203.0,14,1.6752749533047908
FIGS,2026-08-07,837332.0,14,17.689329647379793
FNKO,2026-08-07,291032.0,14,13.322024698946844
FOXF,2026-08-07,47190.0,14,5.146730027655514
FSM,2026-08-07,356285.0,14,2.2602347422520648
GLWG,2026-08-07,148397.0,14,0.9191998339955959
GRPN,2026-08-07,108397.0,14,3.117691168283147
GTN,2026-08-07,174640.0,14,6.651323485404935
HIMX,2026-08-07,150569.0,14,1.9405097142120695
HL,2026-08-07,1089303.0,14,1.54067359201085
HMY,2026-08-07,614304.0,14,5.736808401639345
HYMC,2026-08-07,130589.0,14,1.5901248097412481
IAG,2026-08-07,192672.0,14,1.301536323631591
INDI,2026-08-07,726971.0,14,5.542929188406113
INTW,2026-08-07,393158.0,14,1.2419528324301468
IOVA,2026-08-07,3056945.0,14,2.775129058337767
IPW,2026-08-07,34318.0,14,0.9918210456345192
IRE,2026-08-07,349748.0,14,0.7121935979152891
IREG,2026-08-07,40945.0,14,0.7128715580129186
IREX,2026-08-07,37765.0,14,0.5454284735719267
JHX,2026-08-07,627470.0,14,3.708874280671978
KGC,2026-08-07,502542.0,14,1.826033874444774
KORU,2026-08-07,1743743.0,14,0.8788848124710592
LUMN,2026-08-07,1269266.0,14,3.3740614381130176
MITK,2026-08-07,107420.0,14,6.872241059433177
MSTX,2026-08-07,620249.0,14,2.1207849224856563
MUU,2026-08-07,2139926.0,14,0.7965026052065847
MVLL,2026-08-07,184703.0,14,0.919043851661666
NAMI,2026-08-07,6090629.0,6,
NB,2026-08-07,238170.0,14,1.8543092762177735
NBIG,2026-08-07,242382.0,14,1.6799625723119271
NBIL,2026-08-07,529400.0,14,2.3364315103644553
NEBX,2026-08-07,424676.0,14,2.3294534341574265
NG,2026-08-07,374161.0,14,1.4722571125429493
NOWL,2026-08-07,1179304.0,14,1.0348593647303084
NRXP,2026-08-07,298787.0,14,4.424666749877828
NTLA,2026-08-07,378127.0,14,2.6718696452482487
OKLL,2026-08-07,2996668.0,14,5.795778606513272
OMDA,2026-08-07,358082.0,14,14.506643979906013
ONDG,2026-08-07,71693.0,14,0.44738460825286336
ONDL,2026-08-07,118438.0,14,1.2215050278094957
POET,2026-08-07,1317102.0,14,2.1040863560258782
PPTA,2026-08-07,165739.0,14,3.53725839325704
PTIR,2026-08-07,489385.0,14,1.0467878840473779
PUBM,2026-08-07,496283.0,14,52.37341514525637
QNST,2026-08-07,178348.0,14,16.56640503188052
RDWU,2026-08-07,194335.0,14,2.268309662466078
REAL,2026-08-07,636728.0,14,14.202262371347544
RKLX,2026-08-07,229413.0,14,1.818813081619397
RKT,2026-08-07,3336490.0,14,6.726411732051533
RWAY,2026-08-07,132051.0,14,7.558512921782433
SAIL,2026-08-07,136882.0,14,2.015822808111898
SATL,2026-08-07,372363.0,14,1.6555063854922378
SBSW,2026-08-07,463603.0,14,1.6220492709522507
SENS,2026-08-07,102862.0,14,6.468668864712382
SHNY,2026-08-07,70314.0,14,2.7980978314937937
SILJ,2026-08-07,602128.0,14,2.9189081006026676
SNDU,2026-08-07,811558.0,14,0.9520105669726469
SNXX,2026-08-07,5723444.0,14,0.806606902874706
SPT,2026-08-07,238186.0,14,10.547871196305433
STLN,2026-08-07,423262.0,14,11.103972056748487
SVM,2026-08-07,298335.0,14,2.6141907831199744
TMC,2026-08-07,646632.0,14,3.9428316827284693
TMCI,2026-08-07,64366.0,14,10.032218919430436
UAMY,2026-08-07,318953.0,14,1.5610998810648369
USAR,2026-08-07,746687.0,14,1.3402172297925767
USAS,2026-08-07,262266.0,14,1.3195361007580355
UUUG,2026-08-07,81807.0,14,4.084937457868325
UUUU,2026-08-07,951322.0,14,2.7748753145523515
VSTM,2026-08-07,428576.0,14,10.107396682450883
VZLA,2026-08-07,448731.0,14,2.043912218508917
WULF,2026-08-07,1595096.0,14,1.079534106342164
ZLAB,2026-08-07,46550.0,14,3.6284979343674486
ZTG,2026-08-07,49561.0,10,2.1481295266495315
AAOX,2026-08-10,1332638.0,14,2.4392766682212095
ABCL,2026-08-10,3978601.0,14,20.52325208224715
ABTC,2026-08-10,186822.0,14,2.3951516527915264
ACHR,2026-08-10,9818327.0,14,8.72851293132872
ADTN,2026-08-10,156521.0,14,1.5870385820977675
AEHL,2026-08-10,17104.0,14,0.11334588966365348
AIRJ,2026-08-10,259767.0,14,1.573773173391494
ALOY,2026-08-10,434596.0,14,2.5134314744465724
AMPG,2026-08-10,93221.0,14,1.233877082549413
AQST,2026-08-10,579415.0,14,7.6799509956146
BOIL,2026-08-10,650360.0,14,4.899191704179441
ELPW,2026-08-10,34625.0,14,0.03254992376032298
HYLN,2026-08-10,380097.0,14,3.1576955417240535
INHD,2026-08-10,108553.0,5,
LXU,2026-08-10,65621.0,14,3.0748690486151786
MPG,2026-08-10,69783.0,12,5.064262128524257
MVLL,2026-08-10,649983.0,14,3.173713016993062
ONDG,2026-08-10,268341.0,14,1.6984774722313647
ONDL,2026-08-10,177310.0,14,1.8106740737066613
SGRY,2026-08-10,45572.0,14,1.5145662412640535
SMCL,2026-08-10,254030.0,14,4.0507168215879075
SMCX,2026-08-10,946996.0,14,2.2836494795107134
SXTC,2026-08-10,36774.0,13,0.014379552113386172
WVE,2026-08-10,40435.0,14,0.6706925517571484
WYHG,2026-08-10,217091.0,13,5.940837557467877
ZJYL,2026-08-10,1070604.0,8,
ACB,2026-08-11,1044383.0,14,20.364808098365955
ACVA,2026-08-11,1086500.0,14,24.58709012087454
APLX,2026-08-11,51210.0,14,0.6410493702973484
BTDR,2026-08-11,865567.0,14,1.6835534134296513
BW,2026-08-11,1666685.0,14,16.421870876249663
CCXI,2026-08-11,267187.0,14,3.1722277486755597
CIFG,2026-08-11,35445.0,14,2.378688013805335
CIFR,2026-08-11,1924378.0,14,1.2603403298359241
CIFU,2026-08-11,65292.0,14,3.5858259747290298
CLSK,2026-08-11,1175870.0,14,1.1352097856744325
CRCA,2026-08-11,77995.0,14,1.6646771584639473
CRCG,2026-08-11,227936.0,14,1.1503528090260278
CRWG,2026-08-11,172756.0,14,1.5892341911680155
CRWU,2026-08-11,925078.0,14,2.6520938717019025
EVH,2026-08-11,95090.0,14,0.7752002986063677
FF,2026-08-11,122075.0,14,13.346739554861383
FRMI,2026-08-11,4791646.0,14,8.348832442379429
GLXY,2026-08-11,421155.0,14,1.4817699301859195
IMSR,2026-08-11,135883.0,14,2.4803215720838296
IRE,2026-08-11,340541.0,14,0.8256963452051643
IREG,2026-08-11,52467.0,14,1.0279714114177994
IREX,2026-08-11,75806.0,14,1.2244209496471936
KOPN,2026-08-11,832161.0,14,5.9457423288837346
KORU,2026-08-11,1684270.0,14,0.8437791337771338
LEGN,2026-08-11,238551.0,14,2.30451454418112
MARA,2026-08-11,3436351.0,14,2.208304808943584
NIQ,2026-08-11,278087.0,14,15.079763726154741
QMCO,2026-08-11,871747.0,14,16.611123209512247
RILY,2026-08-11,78844.0,14,2.9462513112203093
RIOT,2026-08-11,7332557.0,14,12.270463023945474
RKLZ,2026-08-11,743151.0,14,2.8592565354896795
RNW,2026-08-11,3008215.0,14,122.08629381292378
RPD,2026-08-11,277904.0,14,5.051678133817036
RXT,2026-08-11,2029714.0,14,8.537375207418048
WYHG,2026-08-11,910180.0,13,17.14488986260719
AAOX,2026-08-12,605108.0,14,0.9032716481541467
AEVA,2026-08-12,80584.0,14,1.0298904634057948
ALM,2026-08-12,314745.0,14,1.6305568959239314
APLX,2026-08-12,154131.0,14,1.914913782316656
BEX,2026-08-12,459788.0,14,1.7758598476415282
BOXL,2026-08-12,3872590.0,12,2895.755234297109
BRUN,2026-08-12,164338.0,14,3.2698641448401613
BTDR,2026-08-12,868978.0,14,1.5273493603199506
CIFG,2026-08-12,85712.0,14,5.011895215183106
CIFR,2026-08-12,2775422.0,14,1.7416555224385026
CIFU,2026-08-12,70700.0,14,3.283158306742117
CLSK,2026-08-12,1545316.0,14,1.5138016766945723
CORZ,2026-08-12,596785.0,14,1.113240327355672
CRWU,2026-08-12,3627749.0,14,9.071646891470648
CWVX,2026-08-12,396268.0,14,5.393020839105232
DGXX,2026-08-12,483793.0,14,4.348352138672659
DLLL,2026-08-12,124244.0,14,1.493357051913298
EROC,2026-08-12,459515.0,14,10.81922742508102
FRVO,2026-08-12,73589.0,14,1.015069693019663
GLWG,2026-08-12,206082.0,14,1.2045179002635191
GLXY,2026-08-12,491360.0,14,1.6278981162732307
HELP,2026-08-12,98700.0,14,1.6761707903767564
HPP,2026-08-12,23894.0,14,1.6863490399108723
HYMC,2026-08-12,173799.0,14,2.0460025276668525
INTW,2026-08-12,459587.0,14,1.3868708262185148
IRE,2026-08-12,669450.0,14,1.6375849714628679
IREG,2026-08-12,89243.0,14,1.6777996070726915
IREX,2026-08-12,102719.0,14,1.5720262138098022
JMIA,2026-08-12,232569.0,14,5.1489282969457175
KEEL,2026-08-12,3229293.0,14,1.9654112740970464
KORU,2026-08-12,2413555.0,14,1.1723446490516087
LABX,2026-08-12,98414.0,14,1.0961701558892465
LENZ,2026-08-12,278107.0,14,22.032141422257936
LPTH,2026-08-12,105141.0,14,1.4764002479433342
LWLG,2026-08-12,176975.0,14,1.169552410713443
LYTE,2026-08-12,291273.0,4,
MULL,2026-08-12,599504.0,14,1.4496474960283068
MUU,2026-08-12,3975777.0,14,1.4768734969812132
MVLL,2026-08-12,429188.0,14,1.8376746685392176
NBIG,2026-08-12,478070.0,14,2.022108207433332
NBIL,2026-08-12,1183283.0,14,4.766903468112951
NCLD,2026-08-12,347710.0,3,
NEBX,2026-08-12,917965.0,14,4.8040010945107
NOK,2026-08-12,11277716.0,14,2.205441030379747
NRGV,2026-08-12,804212.0,14,5.885134230994396
NVTS,2026-08-12,866803.0,14,0.9950567941836379
ORCU,2026-08-12,1246472.0,14,2.7838002191229085
ORCX,2026-08-12,498658.0,14,2.367330274423606
PESI,2026-08-12,122014.0,14,8.78679046320825
RIOT,2026-08-12,3711942.0,14,3.38739297553436
RSKD,2026-08-12,442839.0,14,18.263769089366516
SLS,2026-08-12,431647.0,14,1.8742063852665158
SMCL,2026-08-12,341811.0,14,5.622558597765947
SMCX,2026-08-12,2392169.0,14,6.7419701677623
SMCY,2026-08-12,268245.0,14,4.870047514809474
SMWB,2026-08-12,440025.0,14,27.14217107408158
SNDU,2026-08-12,925972.0,14,1.0500575224389352
SNXX,2026-08-12,7223609.0,14,0.9926956122885832
TE,2026-08-12,2762211.0,14,1.8561192225994578
UMAC,2026-08-12,189585.0,14,1.0180587002691488
VELO,2026-08-12,732914.0,14,9.648347825105763
WDCX,2026-08-12,195533.0,14,1.3262100532719934
WULF,2026-08-12,2363241.0,14,1.5735992366524763
WVE,2026-08-12,245721.0,14,3.8912405365693092
WYFI,2026-08-12,215629.0,14,3.466003655669043
XHLD,2026-08-12,283465.0,13,2.703915677016264
ACDC,2026-08-13,204473.0,14,5.79401900559643
AEBI,2026-08-13,94381.0,14,33.61061226566276
AMBP,2026-08-13,270368.0,14,3.0606650392291153
AMPY,2026-08-13,681413.0,14,57.53407192526431
ARCO,2026-08-13,124734.0,14,7.296854825567547
ARX,2026-08-13,10839298.0,14,496.61832593179236
ASTN,2026-08-13,52110.0,14,0.4737082013581272
AVAH,2026-08-13,297729.0,14,4.467233688650915
BNRG,2026-08-13,94835.0,0,
BRNX,2026-08-13,50883.0,14,0.3565346824049457
CGEM,2026-08-13,74865.0,14,6.2281103115511005
COLL,2026-08-13,76713.0,14,5.50457953840713
CRMD,2026-08-13,515213.0,14,18.7412977335263
CURI,2026-08-13,1207931.0,14,159.059377909875
EROC,2026-08-13,468324.0,14,6.445524727616266
FGI,2026-08-13,2994331.0,6,
FOSL,2026-08-13,261652.0,14,6.385271334044526
GDXD,2026-08-13,137075.0,14,2.8715096505049327
GO,2026-08-13,313609.0,14,4.1954581722798485
HLIT,2026-08-13,784784.0,14,20.68467613641712
IRE,2026-08-13,1067427.0,14,2.470747539458197
IREG,2026-08-13,177139.0,14,3.0662004621656007
IREX,2026-08-13,270709.0,14,3.9196548154261595
JACK,2026-08-13,237802.0,14,7.342303459622301
KIDZ,2026-08-13,45925.0,14,0.07519639422208192
KURA,2026-08-13,374962.0,14,12.663815210180326
MH,2026-08-13,33378.0,14,4.391800828939577
MYSZ,2026-08-13,22956.0,9,
NFXL,2026-08-13,126203.0,14,2.533666214476028
OMER,2026-08-13,1473400.0,14,26.940552796174856
OPFI,2026-08-13,167391.0,14,3.8466730463985974
PESI,2026-08-13,53978.0,14,2.4219810649522135
RKLZ,2026-08-13,262522.0,14,0.9155443158555002
XE,2026-08-13,747010.0,14,4.5056515917343205
ZTG,2026-08-13,65485.0,12,1.5267415835120768
ABX,2026-08-14,119805.0,14,8.284164826860675
AKAN,2026-08-14,721055.0,14,208.02378057576195
AMPX,2026-08-14,745375.0,14,2.358535342828122
AVAH,2026-08-14,304265.0,14,3.5992419108712954
AVEX,2026-08-14,331033.0,14,6.525940633096767
BORR,2026-08-14,624739.0,14,2.13054880532241
BOXL,2026-08-14,241692.0,12,0.7354308666017527
BRUN,2026-08-14,533643.0,14,8.012932661781614
BYND,2026-08-14,228797.0,14,0.14787083198976636
CAPR,2026-08-14,4579536.0,13,12.950553847807091
CODI,2026-08-14,109759.0,14,9.606193971068128
CURI,2026-08-14,295169.0,14,3.1655306390404356
DFH,2026-08-14,29623.0,14,2.204889096824958
HAO,2026-08-14,152983.0,14,2.416790321834437
IMXI,2026-08-14,668420.0,14,66.99033574343188
KORU,2026-08-14,1358959.0,14,0.638007080194202
LNSR,2026-08-14,31913.0,13,3.629427769078009
LPL,2026-08-14,61852.0,14,0.7215543539760034
LPTH,2026-08-14,483437.0,14,6.227381968878355
LUNL,2026-08-14,395797.0,14,3.464202387174377
LUNR,2026-08-14,1989953.0,14,3.1107180501835656
MULL,2026-08-14,488973.0,14,1.1147576595375341
NU,2026-08-14,17170410.0,14,17.40280456606023
ONDG,2026-08-14,967849.0,14,5.97126716643582
ONDL,2026-08-14,306988.0,14,2.7235788896007564
ONDS,2026-08-14,10276321.0,14,3.3095199832274798
ONDU,2026-08-14,57209.0,13,5.41266930125252
RCAT,2026-08-14,2008069.0,14,4.752347185304743
RDTL,2026-08-14,252612.0,14,6.130795887340448
SNDU,2026-08-14,1598558.0,14,1.7062793131032068
SNXX,2026-08-14,16461453.0,14,2.162906728347427
WDCX,2026-08-14,215078.0,14,1.3772679516200814
ALM,2026-08-17,2923114.0,14,13.767626783418802
ANGX,2026-08-17,315682.0,14,5.670441787988468
CRDU,2026-08-17,116725.0,14,1.2557546938552817
DUOT,2026-08-17,321681.0,14,11.091300899906907
FIEE,2026-08-17,263741.0,14,38.93923479287944
HIVE,2026-08-17,5248011.0,14,11.48203521273023
IPST,2026-08-17,8458735.0,11,5441.928003275238
IRE,2026-08-17,301032.0,14,0.6128326070230945
IREG,2026-08-17,51439.0,14,0.7543576271044407
IREX,2026-08-17,60641.0,14,0.6626014420022571
KEEL,2026-08-17,3060156.0,14,1.688233991173792
KORU,2026-08-17,1252645.0,14,0.5812750920353417
LABX,2026-08-17,324470.0,14,3.399694500637268
LUNL,2026-08-17,244754.0,14,1.7335887255080522
LUNR,2026-08-17,2022228.0,14,2.68274413365132
MRAM,2026-08-17,126359.0,14,1.8978379555575582
MVLL,2026-08-17,315175.0,14,1.2665598295198328
OABI,2026-08-17,2547466.0,14,117.96983980497421
OCUL,2026-08-17,567671.0,14,18.973459482558987
PAL,2026-08-17,73582.0,14,3.8344642757439837
PSQH,2026-08-17,17279.0,14,3.7389449605094356
PURR,2026-08-17,1120629.0,14,4.566961732119305
PUSA,2026-08-17,41702.0,14,1.3599692519130202
SERV,2026-08-17,689594.0,14,2.8548081569022647
SNDU,2026-08-17,823132.0,14,0.7992291678384664
SNXX,2026-08-17,8222480.0,14,0.9604437707383647
WDCX,2026-08-17,116691.0,14,0.6847053084051984
WETO,2026-08-17,539677.0,13,0.24103258457199286
XHG,2026-08-17,149887.0,4,
XPON,2026-08-17,402803.0,12,460.1271775345074
AMLX,2026-08-18,2218891.0,14,63.29986897632405
ASTN,2026-08-18,100350.0,14,0.8882434352241094
BEZ,2026-08-18,36789.0,14,0.24611883754358066
CRCD,2026-08-18,101967.0,14,1.901171036913033
CXAI,2026-08-18,65032.0,14,0.13502040622627184
DUOT,2026-08-18,713545.0,14,14.06231568041465
IREZ,2026-08-18,83409.0,14,1.2612257065277266
KURA,2026-08-18,418118.0,14,7.696037107253953
MUD,2026-08-18,570021.0,14,0.738545539048509
PFSA,2026-08-18,1591898.0,14,308.8921968121968
QBTZ,2026-08-18,159126.0,14,0.886192901033829
RCON,2026-08-18,67565.0,14,0.07585564244053868
RGTZ,2026-08-18,345663.0,14,1.7567619960358083
RKLZ,2026-08-18,344427.0,14,1.0693826715305836
SGLY,2026-08-18,472271.0,14,118.0635334452341
SKHZ,2026-08-18,236502.0,14,1.5116095286749127
SMCZ,2026-08-18,327346.0,14,2.3277027387373295
VUZI,2026-08-18,214373.0,14,4.082600918211188
WEAV,2026-08-18,8288128.0,14,260.397825862541
XOS,2026-08-18,8205128.0,14,457.81157762588924
AAOX,2026-08-19,1263099.0,14,1.5936434094554892
ABSI,2026-08-19,327864.0,14,2.976011514784114
AG,2026-08-19,1033778.0,14,1.54870805024944
ARIS,2026-08-19,87292.0,14,1.7491884464546417
ASM,2026-08-19,610096.0,14,1.8533968133968657
AYA,2026-08-19,51352.0,14,1.2827508930196376
AZ,2026-08-19,65476.0,14,3.741562072695361
BEAM,2026-08-19,153793.0,14,2.7474249693752553
BTG,2026-08-19,1521911.0,14,1.0067194467727625
CCXI,2026-08-19,422956.0,14,2.80028336784002
CDE,2026-08-19,4030740.0,14,3.5566121049841164
CGAU,2026-08-19,132705.0,14,2.609038183375697
CRCA,2026-08-19,133751.0,14,2.592450453069729
CRCG,2026-08-19,453025.0,14,1.9746633107753007
DC,2026-08-19,62117.0,14,0.9975303713848847
DNA,2026-08-19,123106.0,14,3.367271420030713
EIKN,2026-08-19,173170.0,14,14.010598766752004
EQX,2026-08-19,1572213.0,14,1.780792521684692
EVLV,2026-08-19,280213.0,14,4.4246386848059265
EXK,2026-08-19,739075.0,14,1.7087378223912106
EYPT,2026-08-19,867383.0,14,2.348575182819997
FFAI,2026-08-19,42553.0,14,1.1333111392236501
FSM,2026-08-19,427541.0,14,2.3718272175646584
HL,2026-08-19,1371571.0,14,1.6356665368775114
HMY,2026-08-19,227872.0,14,1.4566527936002778
HYMC,2026-08-19,191499.0,14,2.0506633521369158
IAG,2026-08-19,204003.0,14,1.2313052160701938
IDN,2026-08-19,200093.0,14,7.44071312648911
KC,2026-08-19,275231.0,14,2.4494495588970073
KORU,2026-08-19,2304403.0,14,1.1088831386023752
MRVI,2026-08-19,722535.0,14,10.886153462038061
NBIZ,2026-08-19,1704161.0,14,2.2813768935451337
NG,2026-08-19,265631.0,14,1.2071549603007148
NVAX,2026-08-19,739918.0,14,6.844058421437227
PPTA,2026-08-19,96977.0,14,1.5426791716188792
PRME,2026-08-19,244986.0,14,2.2534493542808787
PSNL,2026-08-19,613192.0,14,8.064738198844122
RCON,2026-08-19,54128.0,14,0.06046501422075867
RKLZ,2026-08-19,318740.0,14,0.9463979441364857
RKT,2026-08-19,797555.0,14,0.9805389826281375
RXRX,2026-08-19,1509230.0,14,2.38236108253162
SBSW,2026-08-19,324882.0,14,1.0851464644777715
SHNY,2026-08-19,160438.0,14,3.8797319238608488
SNDU,2026-08-19,950617.0,14,0.9475669174594007
SNXX,2026-08-19,11177313.0,14,1.3100039919018072
SVM,2026-08-19,290198.0,14,1.7285956743964999
TGL,2026-08-19,160486.0,7,
TNON,2026-08-19,2312563.0,14,52.74044426199599
UAMY,2026-08-19,688280.0,14,1.5560659947988595
USAS,2026-08-19,415222.0,14,1.5170313815846301
WULX,2026-08-19,40157.0,14,2.4543057459422175
ABTC,2026-08-20,230542.0,14,2.9126359381049025
AIBZ,2026-08-20,55974.0,14,3.26176591786022
ARKB,2026-08-20,215252.0,14,4.80814353295945
ASST,2026-08-20,673386.0,14,5.886884493497979
BITU,2026-08-20,616199.0,14,7.346691181793175
BITX,2026-08-20,1501688.0,14,5.474055973097919
BKKT,2026-08-20,329894.0,14,5.863546223907087
BLSH,2026-08-20,146015.0,14,3.478428810138816
BMNG,2026-08-20,29798.0,14,1.4652523620526148
BMNR,2026-08-20,6414514.0,14,4.9552222762973335
BMNU,2026-08-20,547714.0,14,3.5969280679682787
BSOL,2026-08-20,85656.0,14,2.425877450286246
BTDR,2026-08-20,990285.0,14,1.47977849843147
BTGO,2026-08-20,150004.0,14,3.272175408855205
BULL,2026-08-20,5930711.0,14,21.45329390796395
CDTG,2026-08-20,997764.0,12,126.63318878900053
CLSK,2026-08-20,1736104.0,14,1.9033036518547446
CLSX,2026-08-20,59778.0,14,4.222781744329793
CONL,2026-08-20,4141527.0,14,3.547540718809626
CONY,2026-08-20,94559.0,14,2.671416924964484
CRCA,2026-08-20,79371.0,14,1.3515593736962648
CRCG,2026-08-20,427447.0,14,1.7074395388742456
DFDV,2026-08-20,251094.0,14,6.685817640983897
ETH,2026-08-20,360610.0,14,3.94312448255932
ETHA,2026-08-20,3405882.0,14,4.281470174402056
ETHB,2026-08-20,38402.0,14,2.6503983278119576
ETHE,2026-08-20,407732.0,14,3.8433065543439326
ETHT,2026-08-20,193048.0,14,5.582798844057202
ETHU,2026-08-20,856796.0,14,6.28740238787382
ETHW,2026-08-20,132770.0,14,5.29717868338558
EVAX,2026-08-20,243319.0,12,32.750019628736474
FETH,2026-08-20,203415.0,14,3.970993637340986
FSOL,2026-08-20,39869.0,14,8.302458760356394
FUTG,2026-08-20,571636.0,14,19.57221851300224
FWDI,2026-08-20,67380.0,14,1.6884135012940709
GEMI,2026-08-20,194532.0,14,3.0092516781304384
GLXY,2026-08-20,267317.0,14,0.9329391947897132
GSOL,2026-08-20,31666.0,14,2.2401867647653315
HODL,2026-08-20,139479.0,14,3.398285808758908
HOOG,2026-08-20,33572.0,14,1.7936087557146456
HYPD,2026-08-20,78603.0,14,5.627938138002986
MARA,2026-08-20,2947816.0,14,1.7697463914165887
MODD,2026-08-20,44576.0,13,6.206029451137885
MSBT,2026-08-20,50528.0,14,2.2502966391500054
MSTW,2026-08-20,119019.0,14,2.6893780071113493
MSTX,2026-08-20,1583470.0,14,4.336300149873072
MSTY,2026-08-20,334811.0,14,3.237565633974812
RARE,2026-08-20,366176.0,14,8.406037500717384
ROBN,2026-08-20,79699.0,14,2.63381944018242
SBET,2026-08-20,911001.0,14,3.545355989043155
SBTU,2026-08-20,114660.0,12,32.128896672504375
SOC,2026-08-20,151303.0,14,0.621162385202189
SOFX,2026-08-20,60064.0,14,1.1927738187099997
SOLZ,2026-08-20,96165.0,14,2.5694704216320203
TETH,2026-08-20,36484.0,14,3.226306879911064
TIGR,2026-08-20,547327.0,14,8.67534664237783
XRP,2026-08-20,120226.0,14,3.4006061095846127
XXI,2026-08-20,170196.0,14,5.861435824772701
XXRP,2026-08-20,55703.0,14,6.4147569301636915
ZNTL,2026-08-20,123942.0,14,4.644383180321726
ABUS,2026-08-21,1038936.0,14,22.170015135556977
ARKB,2026-08-21,242285.0,14,5.033992909053942
ASST,2026-08-21,803056.0,14,5.2330597207708935
ASTX,2026-08-21,222820.0,14,0.8070521207147638
BEKE,2026-08-21,458369.0,14,4.140585267588967
BITO,2026-08-21,2419677.0,14,2.22381891443719
BITU,2026-08-21,668231.0,14,5.635313102934807
BITX,2026-08-21,1658412.0,14,4.685927505244424
BMNG,2026-08-21,28323.0,14,1.5075678367886975
BMNU,2026-08-21,209331.0,14,1.1557335447118882
BRNX,2026-08-21,193126.0,14,12.052887551543519
BRUN,2026-08-21,367875.0,14,3.6580766411537087
BTDR,2026-08-21,1309608.0,14,1.8188438828921052
BTOG,2026-08-21,410743.0,13,62.113614684875415
CONL,2026-08-21,3223258.0,14,2.601634132700163
CRCA,2026-08-21,101632.0,14,1.6386500135321114
CRCG,2026-08-21,571057.0,14,2.100033464793409
DFDV,2026-08-21,139061.0,14,2.6088216139726477
ELAB,2026-08-21,45112.0,13,1.9470909308224544
ETHT,2026-08-21,133970.0,14,2.8276624197003755
ETHU,2026-08-21,501565.0,14,2.6856998609706046
FWDI,2026-08-21,71773.0,14,1.7087385575011607
GLNK,2026-08-21,20167.0,14,1.2620545073375262
HMY,2026-08-21,327009.0,14,2.0639919065611765
HODL,2026-08-21,104358.0,14,2.2006407562550554
HOOG,2026-08-21,97136.0,14,4.932514091301478
IPST,2026-08-21,139143.0,13,0.20764789264008202
IRE,2026-08-21,758012.0,14,2.002479094785089
IREX,2026-08-21,145621.0,14,1.8701624414282518
LAR,2026-08-21,30943.0,14,0.36669149638558296
LUNL,2026-08-21,40549.0,14,0.25690601859163875
MARA,2026-08-21,6806388.0,14,3.895307857265814
MSBT,2026-08-21,70561.0,14,2.7300926655225113
MSTW,2026-08-21,79060.0,14,1.5386582961935291
MSTX,2026-08-21,1637364.0,14,3.683850074052742
MSTY,2026-08-21,219154.0,14,1.817731340171005
NBIG,2026-08-21,107588.0,14,0.41756774589177736
NBIL,2026-08-21,321424.0,14,1.0028487996732003
NEBX,2026-08-21,130635.0,14,0.5471483896445416
ROBN,2026-08-21,103541.0,14,3.3664831974732343
SBSW,2026-08-21,865116.0,14,2.912664954733492
SCNI,2026-08-21,31752.0,14,2.075042245105636
SCZM,2026-08-21,30825.0,14,1.1668969545219792
SMTK,2026-08-21,48431.0,14,0.16423070010604218
SUGP,2026-08-21,1223312.0,14,32.58459998820389
SUJA,2026-08-21,28811.0,14,0.671162671512102
USDE,2026-08-21,2645287.0,14,194.69045315949953
UUUU,2026-08-21,936985.0,14,2.213750686639907
UXRP,2026-08-21,32132.0,14,6.806597064608868
XRP,2026-08-21,239421.0,14,5.615663371213454
XRPI,2026-08-21,82667.0,14,8.696362420444386
XRPZ,2026-08-21,90574.0,14,5.503891244807695
ALVO,2026-08-24,98483.0,14,3.065305160561677
ASTN,2026-08-24,66483.0,14,0.5854103102587471
BEZ,2026-08-24,28035.0,14,0.23482020689832594
BITU,2026-08-24,856871.0,14,5.391581789728115
BITX,2026-08-24,1364098.0,14,3.0126856251141745
BMNG,2026-08-24,20513.0,14,1.0011539091723578
BMNU,2026-08-24,522003.0,14,2.71962866192285
BSOL,2026-08-24,144326.0,14,2.3351832376021355
CAPR,2026-08-24,3190677.0,14,4.9941268292726555
CLF,2026-08-24,944471.0,14,1.7683690410499429
CORD,2026-08-24,442836.0,14,0.5257852298859739
DFDV,2026-08-24,104806.0,14,1.7231856910492722
DXST,2026-08-24,272162.0,14,8.067661961214426
ETHT,2026-08-24,271921.0,14,5.050062945142877
ETHU,2026-08-24,819264.0,14,3.87962362256181
FWDI,2026-08-24,219601.0,14,4.973661263890484
GAME,2026-08-24,68948.0,14,0.6097380254981861
GRML,2026-08-24,23062.0,14,0.10458438567832562
GSOL,2026-08-24,37830.0,14,1.7797746465620663
HYPD,2026-08-24,50893.0,14,2.462763126058553
MSTU,2026-08-24,514674.0,14,0.12974971129509943
NBIZ,2026-08-24,776724.0,14,0.8707586580106512
PMI,2026-08-24,1079864.0,14,170.75648323845667
QBTZ,2026-08-24,460131.0,14,2.3649668962185255
SDOT,2026-08-24,1265243.0,14,166.63909010517602
SOLZ,2026-08-24,101236.0,14,2.229713487423778
SUPX,2026-08-24,115231.0,14,17.596932709403667
UMC,2026-08-24,574704.0,14,1.279689738870866
USDE,2026-08-24,1312539.0,14,6.515250018614447
UXRP,2026-08-24,31890.0,14,4.731403863884444
VCIG,2026-08-24,17555.0,14,0.5226635702832255
XRP,2026-08-24,324010.0,14,5.520990923995
XRPI,2026-08-24,50671.0,14,3.358173486584234
XRPZ,2026-08-24,50990.0,14,2.3763885791136397
AAOX,2026-08-25,642747.0,14,0.8937073709228167
AMIX,2026-08-25,3172967.0,14,59.213479731215834
AVEX,2026-08-25,194598.0,14,2.762878233946512
BEX,2026-08-25,334774.0,14,2.4381473385444683
CAPR,2026-08-25,2817714.0,14,3.289074016512741
COHX,2026-08-25,58349.0,14,0.46919750859836834
CRDU,2026-08-25,37050.0,14,0.44802070206321
CRWG,2026-08-25,49741.0,14,0.35020047764622697
CWVX,2026-08-25,42189.0,14,0.4540793616015314
DAIC,2026-08-25,14686161.0,14,235.73156998641375
FLNC,2026-08-25,674267.0,14,1.4826209696798738
GLWG,2026-08-25,39615.0,14,0.5185602125815436
INTW,2026-08-25,171079.0,14,0.7460431869803626
IONX,2026-08-25,48240.0,14,0.9163524461709422
JEM,2026-08-25,265089.0,13,114.92936468234117
KORU,2026-08-25,823666.0,14,0.5907822524181635
KURA,2026-08-25,413306.0,14,4.58118859620301
LITX,2026-08-25,132202.0,14,0.5488361279823313
MAIR,2026-08-25,578006.0,14,15.323304739722397
MRAM,2026-08-25,76538.0,14,1.16306018426057
MSTZ,2026-08-25,1353505.0,14,2.3887174894721093
NBIG,2026-08-25,110919.0,14,0.4345750060588286
NBIL,2026-08-25,237083.0,14,0.7241611028180033
NEBX,2026-08-25,131579.0,14,0.5737648801968753
NVTS,2026-08-25,1499315.0,14,2.016629422038956
NVTX,2026-08-25,85604.0,14,4.834218731722271
PMI,2026-08-25,257157.0,14,3.0999337856117597
REAX,2026-08-25,90409.0,14,0.4160220927285881
SMCL,2026-08-25,30238.0,14,0.2977548044764645
SMCX,2026-08-25,570187.0,14,0.9807215055010507
SNDU,2026-08-25,522687.0,14,0.7567312055508376
SNXX,2026-08-25,5809224.0,14,0.8672863996626792
WDCX,2026-08-25,62879.0,14,0.42071431575486234
DAIC,2026-08-26,4031325.0,14,3.629785431336542
EXYN,2026-08-26,54436.0,14,2.547411487859664
GDXD,2026-08-26,523663.0,14,3.521781508067696
KEP,2026-08-26,65664.0,14,1.687032384629642
LBGJ,2026-08-26,36358.0,14,3.747391979739529
METU,2026-08-26,3116328.0,14,8.595464450805386
MSTZ,2026-08-26,1560117.0,14,2.4735167826399325
NBIZ,2026-08-26,358806.0,14,0.38353950374794565
PGEN,2026-08-26,424103.0,14,2.272638958636993
PSNYW,2026-08-26,58696.0,7,
QBTZ,2026-08-26,371998.0,14,1.838555723400372
SDOT,2026-08-26,194439.0,14,1.9224561485282559
SMMT,2026-08-26,1061784.0,14,5.193057327043663
SMST,2026-08-26,47555.0,14,2.397218841592073
SMTK,2026-08-26,180613.0,14,0.7562917334027238
TH,2026-08-26,101859.0,14,5.045325728923059
WVVIP,2026-08-26,89309.0,8,
XPON,2026-08-26,240102.0,12,0.55819122132857
AAOX,2026-08-27,371302.0,14,0.5017201838736369
APLX,2026-08-27,70010.0,14,1.1813171250848196
BEX,2026-08-27,178181.0,14,1.1276269122384162
BMNU,2026-08-27,231462.0,14,1.0293045796485687
BRNX,2026-08-27,142436.0,14,4.22528896375637
BSOL,2026-08-27,415622.0,14,5.314961284423615
CIFG,2026-08-27,15428.0,14,0.2912258229793775
COHX,2026-08-27,73722.0,14,0.5893106129901986
CRCA,2026-08-27,58057.0,14,0.7487692443750046
CRCG,2026-08-27,136748.0,14,0.4732546055552424
CRDU,2026-08-27,141901.0,14,1.8046625115935986
CRMG,2026-08-27,1248173.0,14,9.564732528938722
CRWG,2026-08-27,66688.0,14,0.5101892269389914
CWVX,2026-08-27,67659.0,14,0.735574683009561
DAIC,2026-08-27,752739.0,14,0.5382337452284908
DFDV,2026-08-27,159270.0,14,2.3355525016968466
EMAT,2026-08-27,131354.0,14,2.333549478396703
FNKO,2026-08-27,114984.0,14,2.262596050728559
FWDI,2026-08-27,226643.0,14,3.331284659302079
GENB,2026-08-27,229378.0,14,4.8643631081226415
GSOL,2026-08-27,58512.0,14,1.7423063916131214
IMCC,2026-08-27,18480.0,14,0.20196784377156524
INFQ,2026-08-27,878863.0,14,1.7004206108289148
IONX,2026-08-27,45409.0,14,0.9424180476719208
IRE,2026-08-27,290545.0,14,0.7152913230857535
IREG,2026-08-27,46636.0,14,0.7513945424393186
IREX,2026-08-27,80361.0,14,0.9923079976185752
KORU,2026-08-27,693228.0,14,0.5296477058358273
LABX,2026-08-27,44382.0,14,0.6271238102927966
LTRX,2026-08-27,428382.0,14,12.717184697006322
MRAM,2026-08-27,48453.0,14,0.8269619472327809
MSTX,2026-08-27,393055.0,14,0.650297272608022
MULL,2026-08-27,708080.0,14,2.5181121271553755
NBIG,2026-08-27,129671.0,14,0.5059155585851262
NBIL,2026-08-27,273468.0,14,0.8194297565501588
NEBX,2026-08-27,151768.0,14,0.6797477121820209
NOWL,2026-08-27,1388868.0,14,2.6802163288739225
NVDG,2026-08-27,61820.0,14,6.126945022582792
NVDX,2026-08-27,1405845.0,14,4.031066226431054
NVTX,2026-08-27,66039.0,14,2.6637298429500382
PSNYW,2026-08-27,20426.0,8,
PURR,2026-08-27,956931.0,14,1.099277188312589
RPD,2026-08-27,71350.0,14,1.1049253188177997
S,2026-08-27,400171.0,14,1.5455310616930293
SAIL,2026-08-27,114095.0,14,1.3066703314592172
SMCX,2026-08-27,376362.0,14,0.6390802021354633
SNDU,2026-08-27,419178.0,14,0.6389261540371022
SNXX,2026-08-27,4499853.0,14,0.690942007145495
SOLZ,2026-08-27,65348.0,14,1.3606492766728289
TE,2026-08-27,3485478.0,14,3.064113383899655
USDE,2026-08-27,111625.0,14,0.3633009650054748
VISN,2026-08-27,301001.0,14,1.8512031242792786
WDCX,2026-08-27,124156.0,14,1.077691603265469
WNW,2026-08-27,612086.0,11,384.93773940883887
YJ,2026-08-27,312120.0,14,0.8064452427873231
BEKE,2026-08-28,1503009.0,14,6.838159966878572
CYCU,2026-08-28,93569.0,14,0.11317889226264821
GAP,2026-08-28,2600208.0,14,11.5299501337874
HYLN,2026-08-28,169530.0,14,0.7305348304646525
IREZ,2026-08-28,211907.0,14,3.7104689149369396
KLAR,2026-08-28,1303461.0,14,2.5453755465349412
NABL,2026-08-28,154438.0,14,2.432510395478192
NBIZ,2026-08-28,312566.0,14,0.3367420075866768
PALL,2026-08-28,183579.0,14,4.255748335027835
RGNX,2026-08-28,84927.0,14,1.8316400491116613
UMC,2026-08-28,1078680.0,14,2.6466861391750394
XLAB,2026-08-28,59495.0,14,15.825844084284928
XPON,2026-08-28,212614.0,14,0.5460304508783809
AEHL,2026-08-31,5400396.0,14,846.6655916145938
ARTL,2026-08-31,371458.0,13,17.739746005855753
BRNX,2026-08-31,91067.0,14,1.7380027673076006
BW,2026-08-31,380267.0,14,1.1690356320887527
DPRO,2026-08-31,1158374.0,14,20.198502166540248
HCWC,2026-08-31,191943.0,14,1.5393677895893398
OMH,2026-08-31,28161.0,14,0.06174180114784557
PFSA,2026-08-31,363621.0,14,2.8081412859644073
SHMD,2026-08-31,142082.0,14,4.121715202174877
WETO,2026-08-31,421576.0,13,2.2476980576778507
WTI,2026-08-31,148253.0,14,1.509678329735297
ASTN,2026-09-01,57940.0,14,0.7939169184482231
BMNZ,2026-09-01,153310.0,14,2.011840420526145
CAPR,2026-09-01,631892.0,14,0.5721617836285771
CORD,2026-09-01,279052.0,14,0.41926301587322035
CRK,2026-09-01,1446240.0,14,25.78473497477224
DDD,2026-09-01,161615.0,14,3.200079768275987
FRVO,2026-09-01,2390309.0,14,20.126871914975258
GDXD,2026-09-01,414237.0,14,2.1904188875593746
IONZ,2026-09-01,288827.0,14,1.0827388225137853
IREZ,2026-09-01,78435.0,14,1.0988789951184952
JDST,2026-09-01,117598.0,14,2.5313105874357897
LGCL,2026-09-01,133268.0,14,0.05585046083952185
MSTZ,2026-09-01,1913733.0,14,2.343437398593007
NBIZ,2026-09-01,401297.0,14,0.41855323224566193
PXS,2026-09-01,153699.0,13,55.17748260245223
QBTZ,2026-09-01,58847.0,14,0.332524078852465
RGTZ,2026-09-01,125006.0,14,0.736958461540405
SMCZ,2026-09-01,88062.0,14,0.36428275741637073
SMST,2026-09-01,66147.0,14,2.546325931302999
SSM,2026-09-01,622654.0,12,618.0699809744395
WETO,2026-09-01,1904662.0,13,8.667294645101174
YEXT,2026-09-01,183373.0,14,6.507484100247654
ZSL,2026-09-01,276916.0,14,2.6451533228304767
ALMS,2026-09-02,1045520.0,14,7.851472317344251
ASTX,2026-09-02,585651.0,14,4.256337046956105
BIAF,2026-09-02,2464944.0,14,2.36942454220696
BRNX,2026-09-02,82742.0,14,1.3753297667471642
DAKT,2026-09-02,199074.0,14,22.894662909810815
DLLL,2026-09-02,1295772.0,14,15.525439104733849
EOSE,2026-09-02,7057555.0,14,13.431829020082947
IREZ,2026-09-02,40016.0,14,0.5917044519574945
SBSW,2026-09-02,323127.0,14,1.0517994814680995
SGLD,2026-09-02,1329035.0,0,
SIRI,2026-09-02,395500.0,14,6.218790924181741
SMCX,2026-09-02,401780.0,14,1.0441264314944938
UPC,2026-09-02,232356.0,14,185.56668568168854
ASST,2026-09-03,1366283.0,14,2.873649894160897
AVXX,2026-09-03,82340.0,14,3.9233277290332245
BIAF,2026-09-03,1726227.0,14,1.4217702382799242
BMNU,2026-09-03,434659.0,14,1.8680020825070636
CHPT,2026-09-03,1832455.0,14,117.43011466367611
CONL,2026-09-03,2167670.0,14,1.3531648777783742
CRCG,2026-09-03,249253.0,14,1.0710536315325199
DAIC,2026-09-03,256126.0,14,0.17332509735193927
DFDV,2026-09-03,162613.0,14,1.7271667898235494
DPRO,2026-09-03,406368.0,14,2.637794048917277
FUBO,2026-09-03,179978.0,14,4.831587101920598
GPRK,2026-09-03,393744.0,14,29.20701932858596
HMY,2026-09-03,541624.0,14,2.2228698856162734
HSAI,2026-09-03,164529.0,14,1.8897865319627754
INDO,2026-09-03,115990.0,14,21.916510331610272
JFB,2026-09-03,211538.0,14,5.195433190766737
MSTX,2026-09-03,885339.0,14,1.5172799014623106
NG,2026-09-03,430669.0,14,1.8805427261816539
NOWL,2026-09-03,629255.0,14,1.1519912899453844
NTSK,2026-09-03,1295975.0,14,10.208874081934772
RKLX,2026-09-03,281079.0,14,2.566241818897987
SHNY,2026-09-03,313199.0,14,5.2102141817425665
SMMT,2026-09-03,758406.0,14,2.610903761554294
SST,2026-09-03,277466.0,14,9.025297162665774
TSLG,2026-09-03,1267543.0,14,2.4122117253301094
TSLL,2026-09-03,8473880.0,14,2.8980042020630017
TSLR,2026-09-03,179516.0,14,1.9303314605231323
USDE,2026-09-03,493653.0,14,1.3544497198065437
WOOF,2026-09-03,1347874.0,14,27.179615111504162
AKAN,2026-09-04,1178787.0,14,121.39927909371782
ARMG,2026-09-04,103668.0,14,2.2390324048719155
BMNZ,2026-09-04,307831.0,14,3.0112789309960286
BTCZ,2026-09-04,197764.0,14,1.101648476263613
CLGN,2026-09-04,17433.0,14,0.39253662208326096
CONI,2026-09-04,27433.0,14,1.971661935099671
CRML,2026-09-04,861369.0,14,1.8674322532809693
GDXD,2026-09-04,627805.0,14,2.7060218759553836
JDST,2026-09-04,71087.0,14,1.2451711704046984
METC,2026-09-04,155313.0,14,1.7750810646656021
MSTZ,2026-09-04,4137311.0,14,3.9262868251519696
ORCU,2026-09-04,609974.0,14,2.036988906285929
ORCX,2026-09-04,270334.0,14,2.22013805337352
PL,2026-09-04,3047011.0,14,14.847368985267543
PLU,2026-09-04,269322.0,12,77.06106487994468
SMST,2026-09-04,111276.0,14,3.2020817403744175
SST,2026-09-04,141576.0,14,2.804552227084987
SWBI,2026-09-04,235419.0,14,15.843681498288658
TSDD,2026-09-04,535680.0,14,3.1746055935051034
TSLQ,2026-09-04,887891.0,14,2.6062655337356992
TSLZ,2026-09-04,300947.0,14,3.7095788085347663
USAR,2026-09-04,2928392.0,14,4.109675721705781
AAOG,2026-06-02,44284.0,14,3.2553728858947633
AAOG,2026-06-08,54833.0,14,2.515687366868753
AAOG,2026-06-09,42586.0,14,1.675968482333859
AAOG,2026-06-10,266435.0,14,9.529708724965957
AAOG,2026-06-15,325119.0,14,5.740855515825719
AAOG,2026-06-18,86576.0,14,0.9874819643335786
AAOG,2026-06-25,90295.0,14,0.905027684985388
AAOG,2026-07-09,70129.0,14,1.0718300802721372
AAOG,2026-07-14,99530.0,14,1.6811140991256739
AAOG,2026-07-20,21798.0,14,0.3414343797340327
AAOG,2026-07-21,60924.0,14,0.9936763424374742
AAOG,2026-08-04,324261.0,14,4.385787419946033
AAOG,2026-08-07,541787.0,14,5.242417519378238
AAOG,2026-08-10,382712.0,14,2.724144873716472
AAOG,2026-08-12,259053.0,14,1.5399746758689565
AAOG,2026-08-19,246853.0,14,1.1315086576925872
AAOG,2026-08-27,95309.0,14,0.39083639350245325
AAOZ,2026-08-05,77606.0,13,3.5671962124453276
AAOZ,2026-08-06,108296.0,13,3.9189404356951583
AAOZ,2026-08-18,518603.0,13,3.586788577119658
AAOZ,2026-08-24,317673.0,14,1.5753045996513193
AAOZ,2026-08-28,49400.0,14,0.26029483772408374
AAOZ,2026-09-01,51547.0,14,0.329255684633445
AEHG,2026-07-15,150946.0,11,30.954046345146438
AEHG,2026-07-31,106196.0,14,3.9042339477367562
AEHG,2026-08-12,37162.0,14,1.5329186763583649
AMAU,2026-06-18,8314.0,14,0.9719429506663549
AMAU,2026-07-06,27661.0,14,1.4659938370217824
AMKL,2026-06-18,9781.0,14,0.6550079643350857
AMKL,2026-07-30,33461.0,14,2.0704508589789485
AMKL,2026-07-31,26867.0,14,1.4632019139128236
AMPU,2026-05-08,9629.0,1,
AMPU,2026-06-25,2465.0,14,0.28117717991754526
AMPU,2026-07-09,21425.0,14,2.45085222165934
AMPU,2026-08-07,4693.0,14,0.1877285818780287
AMPU,2026-08-12,15236.0,14,0.49278281922856565
ASTY,2026-06-15,3799.0,14,0.29013605071080223
AXTL,2026-07-14,22362.0,14,5.3459239780062155
AXTL,2026-07-31,94807.0,13,12.107341080778411
AXTL,2026-08-07,71622.0,13,2.209144682052535
AXTL,2026-08-12,72152.0,13,1.7774088959886
AXTL,2026-08-17,60906.0,13,1.2074958938203713
AXTL,2026-08-19,69747.0,14,1.2172873457755882
AXTL,2026-08-21,65730.0,14,1.1229302448744998
AXTL,2026-08-27,61615.0,14,1.0918243228704547
AXTU,2026-06-22,43295.0,14,2.7143471290516152
AXTU,2026-06-25,15302.0,14,0.7960462999089608
AXTU,2026-07-14,35324.0,14,1.9544559933604713
AXTU,2026-07-21,20833.0,14,1.264352070608329
AXTU,2026-07-31,170260.0,14,9.131985549055441
AXTU,2026-08-07,113565.0,14,1.678869961521079
AXTU,2026-08-12,87314.0,14,1.0177507501606893
AXTU,2026-08-17,98296.0,14,1.0343953066217675
AXTU,2026-08-21,63128.0,14,0.5821840068561054
AXTX,2026-04-29,32689.0,3,
AXTX,2026-04-30,36559.0,4,
AXTX,2026-06-08,188989.0,14,1.5048906103807094
AXTX,2026-06-10,147932.0,14,1.1419446795488568
AXTX,2026-06-11,94309.0,14,0.7194962589982943
AXTX,2026-06-17,228680.0,14,1.5603257193098055
AXTX,2026-06-18,171370.0,14,1.0940233143090614
AXTX,2026-06-22,724604.0,14,4.823187534826755
AXTX,2026-06-25,448169.0,14,2.167078424390333
AXTX,2026-07-06,188487.0,14,0.8308194510168402
AXTX,2026-07-09,460254.0,14,1.8395443645083933
AXTX,2026-07-14,331814.0,14,1.2542127967938088
AXTX,2026-07-21,377701.0,14,1.3590005340587075
AXTX,2026-07-27,321010.0,14,1.035947933136185
AXTX,2026-07-30,619015.0,14,2.0642955553692297
AXTX,2026-07-31,1976401.0,14,5.971826055352068
AXTX,2026-08-07,1029793.0,14,1.5537625856357782
AXTX,2026-08-12,946630.0,14,1.1900119173414918
AXTX,2026-08-17,662800.0,14,0.7205070011287622
AXTX,2026-08-19,1020926.0,14,1.0186404618437546
AXTX,2026-08-21,676666.0,14,0.707657295228067
AXTX,2026-08-25,841212.0,14,0.9373014685517272
AXTX,2026-08-27,734999.0,14,0.8986572609989817
AXTX,2026-09-04,709966.0,14,0.9694287606420383
BRKL,2026-07-07,,0,
CBRG,2026-05-18,147701.0,1,
CBRG,2026-05-20,312160.0,3,
CBRG,2026-06-02,109380.0,11,0.5001492325125684
CBRG,2026-06-08,147945.0,14,0.95303455574472
CBRG,2026-06-09,580851.0,14,3.741315565730438
CBRG,2026-06-15,317721.0,14,1.4176044393537544
CBRG,2026-06-18,167454.0,14,0.6953877933481308
CBRG,2026-06-25,373506.0,14,1.2264124038047493
CBRG,2026-07-09,302442.0,14,0.7440490143809115
CBRG,2026-07-20,549568.0,14,1.2505751072235873
CBRG,2026-07-21,375525.0,14,0.8747961662617724
CBRG,2026-07-30,624558.0,14,1.046058425964054
CBRG,2026-07-31,602445.0,14,1.001392579235075
CBRG,2026-08-07,385042.0,14,0.6289717596815207
CBRG,2026-08-12,494224.0,14,0.9116415483767263
CBRX,2026-06-25,10291.0,14,1.3061183787067003
CBRX,2026-07-31,4748.0,14,0.4799560998151571
CBRX,2026-08-27,40285.0,14,1.4147000983284168
CBRZ,2026-06-01,326.0,1,
CBRZ,2026-06-30,9052.0,14,1.1435480960115503
CBRZ,2026-07-24,44232.0,14,3.528136875630281
CBRZ,2026-08-03,40027.0,14,1.9520400734307999
CBRZ,2026-08-05,148046.0,14,6.597961379538668
CBRZ,2026-08-06,20197.0,14,0.6169673774773458
CBRZ,2026-08-13,298883.0,14,7.829125043735651
CBRZ,2026-08-18,456028.0,14,7.043392977118101
CBRZ,2026-08-24,55217.0,14,0.5120922012125323
CIEG,2026-06-15,181066.0,14,4.961479367651751
CIEG,2026-06-18,42275.0,14,0.7676912061513876
CIEG,2026-06-25,33620.0,14,0.5615721347209977
COHH,2026-07-20,24272.0,14,1.953110361357144
COHH,2026-07-30,19144.0,14,1.253494843673269
COHH,2026-07-31,133588.0,14,8.475666072990451
COHH,2026-08-07,122413.0,14,3.3209804533308014
COHH,2026-08-12,52812.0,14,1.057866091306065
COHH,2026-08-21,36036.0,14,0.48579412506716324
COHH,2026-08-25,23800.0,14,0.32409424800796816
COHH,2026-08-27,51648.0,14,0.726059006753785
DRAL,2026-07-06,37898.0,6,
DRAL,2026-07-20,12562.0,14,0.7352310400040134
DRAL,2026-07-27,25805.0,14,0.8824269366519705
DRAL,2026-07-30,24116.0,14,0.7893815158508044
DRAL,2026-08-17,27660.0,14,1.1526475114374757
DRAL,2026-08-25,4279.0,14,0.18164342025469982
EO,2026-07-02,,0,
FACWW,2026-06-11,39819.0,9,
GFSG,2026-06-25,,0,
GOGL,2025-01-10,384948.0,14,4.975481135855446
GOGL,2025-04-23,446168.0,14,2.0182569911248223
GOGL,2025-05-12,130673.0,14,0.9334557244017107
GOGL,2026-06-26,,0,
HYNX,2026-07-20,83874.0,4,
HYNX,2026-07-21,71038.0,5,
HYNX,2026-07-23,54496.0,7,
HYNX,2026-07-27,50851.0,9,
HYNX,2026-07-30,74617.0,12,1.2915138944580828
HYNX,2026-07-31,106553.0,13,1.8038311531875273
HYNX,2026-08-04,37003.0,14,0.5906082657932149
HYNX,2026-08-11,27296.0,14,0.43249360841030215
HYNX,2026-08-12,52044.0,14,0.828350191394033
HYNX,2026-08-17,82933.0,14,1.3987603380458156
HYNX,2026-08-19,35938.0,14,0.6467507693415157
HYNX,2026-08-20,33715.0,14,0.6384907048815097
JOBC,2026-07-14,,0,
LITZ,2026-05-12,43457.0,12,2.529069429086888
LITZ,2026-05-14,136033.0,14,3.8991423558291753
LITZ,2026-05-15,40172.0,14,0.902143522833178
LITZ,2026-06-04,42066.0,14,0.9074511507934674
LITZ,2026-06-05,43071.0,14,1.0864365248099166
LITZ,2026-06-23,40362.0,14,0.7002506967585392
LITZ,2026-07-01,20644.0,14,0.5709781361065398
LITZ,2026-07-02,20388.0,14,0.5876278472256534
LITZ,2026-07-13,27079.0,14,1.030534994413833
LITZ,2026-07-16,10044.0,14,0.3314109287170483
LITZ,2026-07-22,49666.0,14,1.5561961460128466
LITZ,2026-07-24,101176.0,14,2.841452357071214
LITZ,2026-08-03,39350.0,14,0.9447131049147717
LITZ,2026-08-05,32941.0,14,0.638683230157741
LITZ,2026-08-18,325360.0,14,2.1719170492322304
LITZ,2026-08-24,140844.0,14,0.7091240996664073
LOFF,2026-06-29,79260.0,9,
MCHU,2026-06-01,,1,
MUZ,2026-06-23,519362.0,8,
MUZ,2026-06-26,850844.0,11,3.288682307608787
MUZ,2026-07-01,475484.0,14,1.5941452644006546
MUZ,2026-07-07,425536.0,14,1.1286969418064519
MUZ,2026-07-08,475472.0,14,1.1800985760333518
MUZ,2026-07-13,233239.0,14,0.49349748055803283
MUZ,2026-07-16,347893.0,14,0.7338703042791831
MUZ,2026-07-17,527090.0,14,1.3862516261441713
MUZ,2026-07-22,818079.0,14,2.030362079363678
MUZ,2026-07-24,359687.0,14,0.8584527959197555
MUZ,2026-07-28,465508.0,14,1.1204347838046746
MUZ,2026-08-03,1067283.0,14,2.3311298676032814
MUZ,2026-08-06,966032.0,14,1.7899423237853933
MUZ,2026-08-18,316574.0,14,0.5716266049782701
MUZ,2026-08-24,590953.0,14,1.3068475316482389
OSSL,2026-05-29,809.0,1,
POEL,2026-06-25,24107.0,14,0.5826706674078856
POEL,2026-07-14,5173.0,14,0.18514390309996268
POEL,2026-07-20,14530.0,14,0.6001492849956778
POEL,2026-07-21,9491.0,14,0.40068875258583775
POEL,2026-08-07,28934.0,14,1.1792983181411922
PUR,2026-08-21,18929.0,3,
RAM,2026-07-06,574669.0,6,
RAM,2026-07-09,1003835.0,9,
RAM,2026-07-14,989960.0,12,1.1927020552050596
RAM,2026-07-20,824612.0,14,1.0465773825847176
RAM,2026-07-21,660108.0,14,0.820033731236035
RAM,2026-07-27,268277.0,14,0.34860820891331784
RAM,2026-07-30,664980.0,14,0.9424952294235006
RAM,2026-07-31,956776.0,14,1.342015696984106
RAM,2026-08-04,479140.0,14,0.67692706380227
RAM,2026-08-11,311859.0,14,0.48849869892961695
RAM,2026-08-12,1832188.0,14,3.011592997167998
RAM,2026-08-17,878475.0,14,1.1272130859058151
RAM,2026-08-19,1009592.0,14,1.2804319934064623
RAM,2026-08-25,407866.0,14,0.5160568365969077
RAM,2026-08-27,519072.0,14,0.6873351891772871
RAMZ,2026-08-03,16965.0,4,
RAMZ,2026-08-18,94906.0,14,4.781898602518561
RAMZ,2026-08-24,68590.0,14,1.9447122200170117
SK,2026-07-20,20651.0,4,
SK,2026-07-21,12956.0,5,
SK,2026-07-27,14285.0,9,
SK,2026-07-30,75181.0,12,2.194857422288396
SK,2026-07-31,59862.0,13,1.6005223972687261
SK,2026-08-04,29016.0,14,0.6985434973260193
SK,2026-08-11,28953.0,14,0.5645022923130916
SKDD,2026-07-16,556614.0,2,
SKDD,2026-07-22,431522.0,6,
SKDD,2026-07-24,312525.0,8,
SKDD,2026-07-28,540391.0,10,1.1320242077898137
SKDD,2026-08-05,128121.0,14,0.23475758910727423
SKDD,2026-08-06,384125.0,14,0.7456536065841307
SKDD,2026-08-18,212490.0,14,0.55931888862713
SKDD,2026-08-24,259843.0,14,0.870381677635955
SKDD,2026-09-03,250202.0,14,1.0619541036248883
SKHL,2026-07-20,60047.0,2,
SKHL,2026-07-21,131748.0,3,
SKHL,2026-07-23,76206.0,5,
SKHL,2026-07-27,68716.0,7,
SKHL,2026-07-30,277540.0,10,1.989303034342965
SKHL,2026-07-31,259677.0,11,1.7076843334915603
SKHL,2026-08-04,157566.0,13,0.9854977216753804
SKHL,2026-08-11,77317.0,14,0.4247051710276806
SKHL,2026-08-12,92571.0,14,0.5060258745971492
SKHL,2026-08-17,164563.0,14,0.8665761680100413
SKHL,2026-08-19,198176.0,14,1.2766610267994158
SKHL,2026-08-20,146788.0,14,0.98145860147909
SKHL,2026-08-25,51830.0,14,0.38294445347479794
SKHL,2026-08-27,63270.0,14,0.5306270622317751
SKHU,2026-07-20,214421.0,4,
SKHU,2026-07-21,144248.0,5,
SKHU,2026-07-23,82247.0,7,
SKHU,2026-07-27,44997.0,9,
SKHU,2026-07-30,70747.0,12,0.5912890857614476
SKHU,2026-07-31,182052.0,13,1.5709430665926778
SKHU,2026-08-04,121562.0,14,1.0147308369734112
SKHU,2026-08-11,29874.0,14,0.276866736749009
SKHU,2026-08-17,38233.0,14,0.3776487737008538
SKHU,2026-08-19,65630.0,14,0.9195694491010173
SKHU,2026-08-20,43237.0,14,0.6089301737909277
SKHU,2026-08-25,22974.0,14,0.4315332878055849
SKHX,2026-07-20,407826.0,4,
SKHX,2026-07-21,312147.0,5,
SKHX,2026-07-23,321784.0,7,
SKHX,2026-07-27,222410.0,9,
SKHX,2026-07-30,520800.0,12,1.315457957061967
SKHX,2026-07-31,487587.0,13,1.2023900101921718
SKHX,2026-08-04,228470.0,14,0.5431588657068411
SKHX,2026-08-11,181811.0,14,0.4485323841158797
SKHX,2026-08-12,229794.0,14,0.572694715412854
SKHX,2026-08-17,125894.0,14,0.3326271950128831
SKHX,2026-08-19,313571.0,14,1.2550671619090312
SKHX,2026-08-20,231309.0,14,0.9841180312205694
SKHX,2026-08-25,112064.0,14,0.5512774743422884
SKHX,2026-08-27,72496.0,14,0.3998394250819125
SKUU,2026-07-20,571147.0,4,
SKUU,2026-07-21,278879.0,5,
SKUU,2026-07-23,324805.0,7,
SKUU,2026-07-27,359686.0,9,
SKUU,2026-07-30,1086375.0,12,2.812685683858142
SKUU,2026-07-31,380270.0,13,0.8640583059457614
SKUU,2026-08-04,308805.0,14,0.6907644189864468
SKUU,2026-08-11,265305.0,14,0.6376513474942072
SKUU,2026-08-12,256931.0,14,0.6193947415140536
SKUU,2026-08-17,272968.0,14,0.6525615788445539
SKUU,2026-08-19,396227.0,14,1.1028171531371627
SKUU,2026-08-20,330446.0,14,1.065989471086503
SKUU,2026-08-25,82973.0,14,0.2938047474771235
SKUU,2026-08-27,54976.0,14,0.21248018516483788
SNDC,2026-07-30,82313.0,14,3.3383314455224116
SNDC,2026-07-31,23859.0,14,0.7841354054180947
SNDC,2026-08-14,76869.0,14,1.8088069934230762
SNDC,2026-08-17,18647.0,14,0.39156565967154794
SNDC,2026-08-19,15251.0,14,0.39611664174480254
SNDC,2026-08-25,10074.0,14,0.2834478558925022
SNDG,2026-06-08,20912.0,14,1.0655098119140511
SNDG,2026-06-15,160555.0,14,6.988248095756257
SNDG,2026-06-17,14890.0,14,0.44779934739786176
SNDG,2026-06-18,26305.0,14,0.7930563690865865
SNDG,2026-06-22,33913.0,14,0.9925846018117237
SNDG,2026-06-25,66088.0,14,1.1314348744299914
SNDG,2026-06-30,48849.0,14,0.7201930944715966
SNDG,2026-07-06,65355.0,14,0.8425192427575501
SNDG,2026-07-09,74180.0,14,0.902436226750875
SNDG,2026-07-14,164986.0,14,1.7445003923570805
SNDG,2026-07-20,131088.0,14,1.4097530286654514
SNDG,2026-07-21,84374.0,14,0.8937842574068637
SNDG,2026-07-30,888362.0,14,5.922506401291067
SNDG,2026-07-31,857690.0,14,4.143701622949744
SNDG,2026-08-04,427968.0,14,1.5835836280308917
SNDG,2026-08-07,205405.0,14,0.6298488430237003
SNDG,2026-08-12,408273.0,14,1.0849480410250687
SNDG,2026-08-14,661306.0,14,1.6380110223543254
SNDG,2026-08-17,564174.0,14,1.2784037441663303
SNDG,2026-08-19,486656.0,14,1.0429802497359706
SNDG,2026-08-25,326471.0,14,0.8002206711280613
SNDG,2026-08-27,264686.0,14,0.6608279564734266
SNDQ,2026-04-28,332576.0,3,
SNDQ,2026-05-01,285888.0,6,
SNDQ,2026-05-12,2248182.0,13,3.697665424047682
SNDQ,2026-05-14,1178550.0,14,1.3444400769718161
SNDQ,2026-05-15,1647374.0,14,1.7148617726104511
SNDQ,2026-05-19,1309179.0,14,1.1789977714932798
SNDQ,2026-06-04,2248057.0,14,1.6056591519791932
SNDQ,2026-06-05,2786721.0,14,1.8874124925855114
SNDQ,2026-06-23,6625084.0,14,3.3331657248391764
SNDQ,2026-07-07,3458255.0,14,0.8567856509638809
SNDQ,2026-07-16,6711499.0,14,1.2237133253702503
SNDQ,2026-07-17,10356713.0,14,1.9935406053572673
SNDQ,2026-07-24,629332.0,14,0.12439115993750574
SNDQ,2026-08-18,3005888.0,14,2.375359910012478
SNDQ,2026-08-24,2346805.0,14,1.5739830382983742
SNDQ,2026-08-28,662530.0,14,0.3997745330629385
SNDQ,2026-09-01,1424999.0,14,0.8158525120832136
SNK,2026-06-22,380838.0,4,
SNK,2026-07-17,136165.0,14,0.7832342808543507
SNK,2026-08-18,223239.0,14,1.3291522478473305
SPAL,2026-06-29,188167.0,9,
SPAL,2026-07-06,57381.0,13,0.42447170996626776
SPAX,2026-06-16,344826.0,1,
SPAX,2026-06-17,279967.0,2,
SPAX,2026-06-29,164153.0,9,
SPCF,2026-06-29,159387.0,9,
SPCF,2026-07-06,57000.0,13,0.3636465355674285
SPCG,2026-06-22,215656.0,4,
SPCG,2026-07-17,79420.0,14,0.8734973360169564
SPCG,2026-08-18,56723.0,14,0.7589391011489375
SPCH,2026-06-17,2218328.0,2,
SPCH,2026-06-29,1547593.0,9,
SPCH,2026-07-06,1063853.0,13,0.7049190597062092
SPCM,2026-06-29,231214.0,9,
SPCM,2026-07-06,22808.0,13,0.2998830825744489
SPCQ,2026-06-22,276589.0,4,
SPCQ,2026-07-17,68516.0,14,0.5191727001663238
SPCQ,2026-07-28,23181.0,14,0.2404869405929809
SPCQ,2026-08-05,140643.0,14,2.66455469233153
SPCQ,2026-08-18,68189.0,14,0.9760348272033339
SPCQ,2026-08-24,35730.0,14,0.40675468761562
SPCU,2026-06-29,96540.0,9,
SPCU,2026-07-06,78627.0,13,0.47483425065314905
SSPC,2026-06-22,1508858.0,4,
SSPC,2026-07-17,1190455.0,14,1.2190343905475365
SSPC,2026-07-28,453342.0,14,0.7042791129049172
SSPC,2026-08-05,1673061.0,14,2.5899183733313813
SSPC,2026-08-18,900354.0,14,0.7536279194738732
STXL,2026-04-29,140399.0,3,
STXL,2026-07-29,41440.0,14,3.4613273512636327
TEUP,2026-08-04,14037.0,14,1.0733820179918399
TVIVU,2026-06-18,,0,
TWSC,2026-06-30,,0,
UMCX,2026-06-26,,1,
WYFL,2026-08-27,21853.0,14,1.2572304455384515
XNDX,2026-05-21,39082.0,10,2.4274835712244873
XNDX,2026-05-26,55565.0,12,2.6669066474682026
XOVL,2026-05-07,12223.0,1,
XQTM,2026-07-02,,1,
