date,symbol,r_t,direction,book,split,is_fomc,entry_px_1531,exit_px_close,next_open,entry_px_1545,net_bps_close,net_bps_1644_nextopen,net_bps_1644_1545
2016-01-06,SMH,-0.027742749054224473,-1,1645,TRAIN,False,23.13,23.18,22.64,23.16,-24.12285310499203,207.9300425584467,-11.138238010297083
2016-01-07,SMH,-0.03106125970664361,-1,1645,TRAIN,False,22.45,22.46,22.53,22.51,-6.955956892940026,-39.64980078421102,19.717404164972805
2016-01-13,SMH,-0.023111111111111093,-1,1645,TRAIN,False,21.98,21.84,21.92,21.89,61.209694168131755,23.307664262607165,20.346691540225898
2016-01-14,SMH,0.0288461538461538,1,1643,TRAIN,False,22.46,22.41,21.31,22.45,-24.75573451649774,-515.8158038917603,-20.312418585324657
2016-01-15,SMH,-0.049531459170013364,-1,1645,TRAIN,False,21.29,21.27,21.59,21.31,6.895930618720601,-144.9684018532211,16.27472373874011
2016-01-20,SMH,0.010742643624474564,1,1643,TRAIN,False,21.64,21.47,21.71,21.52,-81.03808997904814,28.335368046537692,-25.727893454767365
2016-01-21,SMH,0.01630181648812303,1,1643,TRAIN,False,21.82,21.76,22.19,21.87,-29.990335571747686,165.5021882882826,-52.784139102676626
2016-01-22,SMH,0.017003676470588116,1,1643,TRAIN,False,22.13,22.18,22.14,22.17,20.088616709555705,0.5177455245517051,2.009972385314818
2016-01-27,SMH,-0.01221166892808682,-1,1645,TRAIN,True,21.84,21.87,21.97,21.86,-16.240198589170127,-63.548423970506676,-7.076209386435748
2016-01-29,SMH,0.03770114942528737,1,1643,TRAIN,False,22.57,22.65,22.46,22.56,32.93692169851244,-52.71697100544394,37.38414551132368
2016-02-02,SMH,-0.029010989010989016,-1,1645,TRAIN,False,22.09,22.12,22.31,22.1,-16.084701775124554,-103.63322098552811,-11.552536751695506
2016-02-04,SMH,0.016696750902527122,1,1643,TRAIN,False,22.53,22.58,22.45,22.57,19.68758489757845,-39.49321098940515,1.9300526248311851
2016-02-05,SMH,-0.034543844109831606,-1,1645,TRAIN,False,21.81,21.8,21.42,21.76,2.085699120565159,174.88779736690034,-20.88744954873388
2016-02-08,SMH,-0.0261467889908257,-1,1645,TRAIN,False,21.23,21.33,21.0,21.37,-49.615434156072915,104.37980200844743,16.222009025108747
2016-02-12,SMH,0.019249278152069227,1,1643,TRAIN,False,21.18,21.19,22.14,21.18,2.2207550935528446,449.0773233455298,2.2207550935528446
2016-02-16,SMH,0.033034450212364286,1,1643,TRAIN,False,21.88,21.94,22.05,21.89,24.915949168484502,73.66625395213511,20.336270799746014
2016-02-17,SMH,0.01914311759343656,1,1643,TRAIN,False,22.36,22.44,22.61,22.41,33.26973245780329,107.76288391695645,10.884034705777706
2016-02-22,SMH,0.01473872264403744,1,1643,TRAIN,False,22.72,22.75,22.57,22.74,10.701424855875322,-69.99392375046037,1.8969381145772197
2016-02-23,SMH,-0.01670329670329666,-1,1645,TRAIN,False,22.38,22.37,22.07,22.41,1.9688924380021773,134.57115015496296,15.353137561914746
2016-02-24,SMH,0.013410818059901686,1,1643,TRAIN,False,22.66,22.66,22.76,22.64,-2.4995000999802137,40.11377777401271,6.332214122546364
2016-03-01,SMH,0.028733130169786687,1,1643,TRAIN,False,23.63,23.68,23.62,23.61,18.65475402592109,-8.229416325789234,27.1415433135316
2016-03-08,SMH,-0.01701244813278009,-1,1645,TRAIN,False,23.69,23.64,23.76,23.7,18.61072932188694,-33.56095448722494,22.822285976181295
2016-03-11,SMH,0.01837928153717618,1,1643,TRAIN,False,24.37,24.42,24.32,24.4,18.012400802563633,-24.50802412352958,5.695172440922515
2016-03-23,SMH,-0.011208967173739037,-1,1645,TRAIN,False,24.7,24.69,24.51,24.69,1.5490952441491603,72.95305214889223,-2.500500100020689
2016-03-29,SMH,0.014204545454545367,1,1643,TRAIN,False,24.99,24.98,25.13,24.95,-6.500100540116027,52.00080432092822,9.521542585270668
2016-03-30,SMH,0.01080864691753401,1,1643,TRAIN,False,25.25,25.23,25.13,25.24,-10.418312377127936,-51.504946535446386,-6.460474941459755
2016-04-07,SMH,-0.01356743814844373,-1,1645,TRAIN,False,24.72,24.72,24.98,24.69,-2.5005001000202136,-109.22087330087307,-14.65420666150202
2016-04-13,SMH,0.02013693113169553,1,1643,TRAIN,False,25.33,25.33,25.06,25.33,-2.499500099979683,-110.54954425617034,-2.499500099979683
2016-04-14,SMH,-0.011843663639952514,-1,1645,TRAIN,False,25.04,25.06,25.09,25.05,-10.489717751857738,-23.976840096454026,-6.493514271716053
2016-04-27,SMH,0.011679420056383517,1,1643,TRAIN,True,25.12,25.12,24.83,25.15,-2.499500099980118,-119.39889092245288,-14.424948012384377
2016-04-28,SMH,-0.02348726114649681,-1,1645,TRAIN,False,24.53,24.5,24.42,24.51,9.7324805360588,40.86018997521501,1.5804874561212672
2016-04-29,SMH,-0.027755102040816316,-1,1645,TRAIN,False,23.82,23.89,23.94,23.86,-31.89491802642739,-54.39878907771343,-15.076988574581735
2016-05-03,SMH,-0.012058212058212022,-1,1645,TRAIN,False,23.77,23.8,23.6,23.74,-15.124606747180586,67.54653412802915,-27.78061930836155
2016-05-04,SMH,-0.012184873949579796,-1,1645,TRAIN,False,23.51,23.55,23.66,23.55,-19.51879104021488,-67.82896349580311,-2.500500100020023
2016-05-12,SMH,-0.014303744215397554,-1,1645,TRAIN,False,23.43,23.35,23.5,23.39,31.652297168779754,-33.88898010075746,14.605101439270172
2016-05-16,SMH,0.02263023057216044,1,1643,TRAIN,False,23.95,23.89,23.81,23.93,-27.545430371127864,-62.43093761206002,-19.21074205551655
2016-05-18,SMH,0.014792899408284084,1,1643,TRAIN,False,24.01,24.08,23.89,24.0,26.6477316781531,-53.95838783097072,30.825501566352358
2016-05-20,SMH,0.030582320904901567,1,1643,TRAIN,False,24.6,24.66,24.9,24.61,21.884647460752195,117.90324861856853,17.81236601115414
2016-05-24,SMH,0.02417405318291706,1,1643,TRAIN,False,25.42,25.43,25.56,25.4,1.4334269259430952,51.05351864324086,9.308571356594896
2016-06-07,SMH,0.011153846153846122,1,1643,TRAIN,False,26.29,26.28,26.27,26.25,-6.302277011313781,-11.60361309251961,8.92621475704868
2016-06-10,SMH,-0.017123287671232983,-1,1645,TRAIN,False,25.83,25.83,25.69,25.81,-2.500500100021296,50.22142639910063,-10.251372242678816
2016-06-20,SMH,0.016862745098039204,1,1643,TRAIN,False,25.93,25.93,26.04,25.94,-2.4995000999788703,38.405739600248644,-6.3535866458168195
2016-06-23,SMH,0.017678708685626474,1,1643,TRAIN,False,26.49,26.67,25.48,26.58,65.43368562980581,-385.12267346455064,31.352081728124528
2016-06-24,SMH,-0.05586801649793783,-1,1645,TRAIN,False,25.19,25.11,24.87,25.28,29.266075525545805,123.084561334657,64.76315041489279
2016-06-27,SMH,-0.03385105535643162,-1,1645,TRAIN,False,24.26,24.34,24.7,24.38,-35.484838105297044,-185.4418699073677,13.910493337385972
2016-06-28,SMH,0.02423993426458504,1,1643,TRAIN,False,24.92,25.0,25.31,24.94,29.59520455459434,152.43901460478284,21.552225240597018
2016-06-29,SMH,0.021599999999999966,1,1643,TRAIN,False,25.54,25.51,25.6,25.51,-14.242844461646397,19.483965383902223,-2.4995000999797132
2016-06-30,SMH,0.01685613484907878,1,1643,TRAIN,False,25.94,25.97,25.8,25.89,9.062759537528274,-57.948317815234574,28.392737829412386
2016-07-05,SMH,-0.01667959658650115,-1,1645,TRAIN,False,25.34,25.37,25.17,25.41,-14.342450179065363,63.11364877553327,13.245270069361855
2016-07-07,SMH,0.010629921259842643,1,1643,TRAIN,False,25.68,25.69,25.94,25.69,1.3936075713209128,97.20641541473672,-2.499500099979744
2016-07-08,SMH,0.024912417282989374,1,1643,TRAIN,False,26.33,26.39,26.55,26.33,20.282498760408334,79.52226493554522,20.282498760408334
2016-07-11,SMH,0.01326259946949594,1,1643,TRAIN,False,26.75,26.75,26.94,26.73,-2.499500099979324,67.00043168936357,4.980859421083218
2016-07-18,SMH,0.02831923501287236,1,1643,TRAIN,False,27.96,27.99,27.89,27.96,8.227431766864077,-29.024953235390182,8.227431766864077
2016-07-20,SMH,0.013988522238163579,1,1643,TRAIN,False,28.27,28.3,28.26,28.3,8.109803578725293,-7.535104227826387,-2.4995000999801404
2016-07-21,SMH,-0.010600706713780944,-1,1645,TRAIN,False,28.0,28.06,27.98,28.01,-23.93442974309264,3.144914697224378,-20.355731267638816
2016-07-26,SMH,0.028208744710860392,1,1643,TRAIN,False,29.16,29.18,29.39,29.2,4.357496127660946,74.84442754796203,-9.347103182103064
2016-08-02,SMH,-0.014133057566356433,-1,1645,TRAIN,False,28.6,28.62,28.55,28.62,-9.495255694496757,13.488711728359656,-2.5005001000215636
2016-08-05,SMH,0.011764705882352938,1,1643,TRAIN,False,29.24,29.24,29.34,29.24,-2.4995000999801316,30.186849087091467,-2.4995000999801316
2016-08-15,SMH,0.011872455902306575,1,1643,TRAIN,False,29.83,29.81,29.78,29.82,-9.202484008729447,-20.7541461871875,-5.852115961783996
2016-09-09,SMH,-0.03052422030524226,-1,1645,TRAIN,False,29.22,29.05,28.89,29.1,55.69337686839068,108.9807283838695,14.685926876096191
2016-09-12,SMH,0.020309810671256447,1,1643,TRAIN,False,29.64,29.65,29.55,29.65,0.8734757771777565,-34.3514293092801,-2.4995000999803185
2016-09-15,SMH,0.024010821778829922,1,1643,TRAIN,False,30.28,30.3,30.7,30.31,4.1038687903097575,134.65074488404787,-5.7979166291450674
2016-09-21,SMH,0.013196964698119503,1,1643,TRAIN,True,30.71,30.73,31.04,30.75,4.011408724441619,103.4146801378887,-9.001939449507805
2016-09-27,SMH,0.014885874958650324,1,1643,TRAIN,False,30.68,30.73,30.8,30.74,13.79368845917991,35.09858654084221,-5.751777425906453
2016-09-29,SMH,0.012999675008124866,1,1643,TRAIN,False,31.17,31.15,31.35,31.18,-8.914322364915165,53.72553978136033,-12.118647469992652
2016-09-30,SMH,0.014767255216693446,1,1643,TRAIN,False,31.61,31.64,31.59,31.65,6.988795217862857,-10.323781494887568,-5.658268030436721
2016-10-11,SMH,-0.02151217968997152,-1,1645,TRAIN,False,30.93,30.96,30.91,30.94,-12.202246462872896,2.468000874666033,-8.966240565501874
2016-10-13,SMH,-0.01195090439276489,-1,1645,TRAIN,False,30.59,30.6,30.81,30.58,-5.770359694693032,-75.94850123996666,-9.042357850250324
2016-10-18,SMH,0.012063906097163268,1,1643,TRAIN,False,31.04,31.02,30.69,31.03,-8.941188566410315,-116.71183804476176,-5.721382310711425
2016-10-24,SMH,0.010022631749110854,1,1643,TRAIN,False,31.24,31.32,31.25,31.24,23.102293753797923,-0.7994559858821035,23.102293753797923
2016-11-01,SMH,-0.01221864951768497,-1,1645,TRAIN,False,30.71,30.81,30.79,30.75,-35.07132556436484,-30.061368835147054,-22.01757424655702
2016-11-07,SMH,0.02604681833168489,1,1643,TRAIN,False,31.12,31.24,31.15,31.19,36.05127303588063,5.637047397718206,13.52727210248799
2016-11-10,SMH,-0.019001610305958126,-1,1645,TRAIN,False,30.46,30.47,30.59,30.42,-5.784315103336346,-46.69679832223786,-18.941164958829894
2016-11-11,SMH,0.02166064981949459,1,1643,TRAIN,False,31.14,31.23,31.19,31.12,26.395010015337533,12.050897463410607,32.83870860789242
2016-11-15,SMH,0.017805114923923622,1,1643,TRAIN,False,31.44,31.41,31.35,31.47,-12.039099813624643,-32.61370626637979,-21.56051153925519
2016-11-22,SMH,0.011476426799007363,1,1643,TRAIN,False,32.61,32.62,32.59,32.62,0.5662774222211473,-10.129835425123694,-2.499500099980658
2016-12-01,SMH,-0.04881062712388009,-1,1645,TRAIN,False,30.79,30.85,30.8,30.86,-21.992219164847707,-7.2499072727824245,0.7407508721432301
2016-12-02,SMH,0.015235008103727677,1,1643,TRAIN,False,31.32,31.32,31.54,31.3,-2.499500099979509,66.21536484529409,3.888679133182351
2016-12-07,SMH,0.020012507817385772,1,1643,TRAIN,False,32.62,32.62,32.63,32.57,-2.499500099980658,-0.9348222323636647,12.848213286415819
2016-12-13,SMH,0.013226699477083966,1,1643,TRAIN,False,32.93,33.09,32.9,32.93,46.07626910694516,-13.105790624444007,46.07626910694516
2016-12-15,SMH,0.013744654856444586,1,1643,TRAIN,False,33.2,33.26,33.32,33.24,15.568271887790278,32.13092321294761,3.51584316109009
2016-12-16,SMH,-0.013830426939266413,-1,1645,TRAIN,False,32.8,32.83,32.92,32.7,-11.649128606211079,-40.60080308744721,-42.26579260806342
2016-12-28,SMH,-0.0135813404192501,-1,1645,TRAIN,False,33.41,33.31,33.17,33.36,27.438142522247354,67.86271950588825,12.491257244252791
2016-12-30,SMH,-0.010504201680672311,-1,1645,TRAIN,False,32.97,32.89,33.45,32.89,21.77005009736974,-149.64594374744001,-2.5005001000206852
2017-01-09,SMH,0.01149773071104395,1,1643,TRAIN,False,33.43,33.41,33.39,33.41,-8.48065505056575,-15.959715624928249,-2.4995000999802657
2017-01-13,SMH,0.014190821256038828,1,1643,TRAIN,False,33.59,33.62,33.52,33.61,6.429497071707084,-24.830401588631,0.47506119127374924
2017-01-17,SMH,-0.012790005948839969,-1,1645,TRAIN,False,33.19,33.22,33.39,33.22,-11.54162739749191,-64.28402281842511,-2.5005001000221454
2017-01-18,SMH,0.011739915713425664,1,1643,TRAIN,False,33.6,33.81,33.58,33.62,59.984878024394284,-9.949200636063798,54.0003540041558
2017-01-20,SMH,0.010432190760059655,1,1643,TRAIN,False,33.9,33.87,33.78,33.87,-11.34684567511337,-39.383273787718075,-2.49950009998055
2017-01-24,SMH,0.017862459065197806,1,1643,TRAIN,False,34.19,34.19,34.56,34.19,-2.499500099979659,104.17629840513408,-2.499500099979659
2017-01-25,SMH,0.012869260017549133,1,1643,TRAIN,False,34.63,34.65,34.69,34.65,3.2743956550859137,13.319888722225832,-2.4995000999799455
2017-01-27,SMH,0.011049723756906151,1,1643,TRAIN,False,34.77,34.83,34.72,34.77,14.752442091390012,-18.37366205217449,14.752442091390012
2017-01-31,SMH,-0.012406231967686086,-1,1645,TRAIN,False,34.23,34.18,34.58,34.25,12.110222219727602,-106.29119688968296,17.942566615511414
2017-02-23,SMH,-0.010961214165261399,-1,1645,TRAIN,False,35.19,35.18,34.8,35.16,0.34192686789407584,106.870478955126,-8.19020459382333
2017-02-28,SMH,-0.010169491525423712,-1,1645,TRAIN,False,35.04,35.08,35.36,35.02,-13.918879666345234,-95.36153806103691,-19.63785104251077
2017-03-01,SMH,0.011117445838084395,1,1643,TRAIN,False,35.47,35.48,35.45,35.52,0.3190791218689886,-9.635512987618494,-13.75794660887698
2017-03-21,SMH,-0.01698164886332505,-1,1645,TRAIN,False,35.89,35.81,35.84,35.74,19.795405166292824,9.93623076802626,-22.091295707380617
2017-04-11,SMH,-0.01083032490974731,-1,1645,TRAIN,False,35.62,35.74,35.75,35.61,-36.197862817933974,-40.511751985432404,-39.01622784540407
2017-04-12,SMH,-0.012311135982093028,-1,1645,TRAIN,False,35.3,35.27,35.09,35.24,6.000208540288401,55.5130856199537,-11.015682137562964
2017-04-17,SMH,0.01028277634961438,1,1643,TRAIN,False,35.37,35.39,35.25,35.36,3.153596026626048,-37.91268887867686,5.9825421793465186
2017-04-20,SMH,0.013434089000839743,1,1643,TRAIN,False,36.21,36.24,36.09,36.24,5.783433205654403,-37.12596337401869,-2.4995000999794716
2017-04-24,SMH,0.016070933776669388,1,1643,TRAIN,False,36.67,36.62,36.79,36.65,-16.131216080211072,28.712010529446015,-10.68299300576447
2017-04-27,SMH,0.01144102424407523,1,1643,TRAIN,False,37.13,37.2,36.98,37.16,16.34846744628916,-44.38164346662259,8.26207202047324
2017-04-28,SMH,-0.01854838709677432,-1,1645,TRAIN,False,36.52,36.59,36.71,36.58,-21.672872361987356,-56.04790180379908,-5.234917951334276
2017-05-09,SMH,0.0102674952715483,1,1643,TRAIN,False,37.39,37.38,37.76,37.3,-5.173343507280419,94.9181653372459,18.94286022152255
2017-05-10,SMH,0.012306046013911205,1,1643,TRAIN,False,37.83,37.85,37.78,37.82,2.7859878724781897,-17.21093793400856,5.430828165409294
2017-05-17,SMH,-0.03186022610483047,-1,1645,TRAIN,False,37.68,37.46,37.59,37.59,55.90051131245192,19.894106209776208,32.09181341455887
2017-05-18,SMH,0.016017084890549958,1,1643,TRAIN,False,38.06,38.01,38.42,38.05,-15.63336833421646,90.5504658395699,-13.009356078849063
2017-06-08,SMH,0.010901883052527199,1,1643,TRAIN,False,40.8,40.89,41.13,40.83,19.553809826272524,76.8508063093284,12.191904014497107
2017-06-09,SMH,-0.03766202005380286,-1,1645,TRAIN,False,39.34,39.35,38.87,39.19,-5.043077756376475,115.5182739649115,-43.33745034283958
2017-06-14,SMH,-0.01371951219512193,-1,1645,TRAIN,True,38.84,39.02,38.37,38.91,-48.85606369471725,117.05688202522218,-30.77793662048029
2017-06-19,SMH,0.01526915113871626,1,1643,TRAIN,False,39.23,39.32,39.38,39.29,20.43639194669343,34.22155232476548,5.13412206843419
2017-06-27,SMH,-0.02424706482899446,-1,1645,TRAIN,False,38.22,38.06,38.34,38.19,39.37286672404909,-35.41053579632884,31.548336375834914
2017-06-28,SMH,0.016027325275880175,1,1643,TRAIN,False,38.67,38.62,38.36,38.61,-15.426188100885776,-84.1326433446181,0.08985511884877019
2017-06-29,SMH,-0.022786121180735253,-1,1645,TRAIN,False,37.75,37.75,37.92,37.8,-2.5005001000211187,-49.051929591217586,10.730320667307241
2017-07-05,SMH,0.01749192680301415,1,1643,TRAIN,False,37.82,37.86,37.62,37.9,8.07427092053679,-56.860124537758104,-13.050951814913796
2017-07-07,SMH,0.013273161667109104,1,1643,TRAIN,False,38.17,38.21,38.28,38.21,7.977314675917893,24.807718571561114,-2.499500099979501
2017-07-10,SMH,0.010730175346767772,1,1643,TRAIN,False,38.62,38.6,38.66,38.67,-7.6768695975961805,6.353985546755459,-20.596863301247446
2017-07-12,SMH,0.014906193780519286,1,1643,TRAIN,False,39.49,39.46,39.49,39.47,-10.094461229303391,-3.9992001599666374,-5.032436634030645
2017-07-14,SMH,0.011675126903553322,1,1643,TRAIN,False,39.86,39.86,39.95,39.87,-2.4995000999802826,18.570796628431864,-5.007024679838066
2017-07-26,SMH,0.01102480581307955,1,1643,TRAIN,True,40.34,40.33,40.47,40.3,-4.977809594254413,28.21399032042726,4.942807964462796
2017-07-27,SMH,-0.014877262583684638,-1,1645,TRAIN,False,39.73,39.84,39.58,39.83,-30.19430969002881,33.769150004176545,-5.011798242149706
2017-08-07,SMH,0.017026683608640448,1,1643,TRAIN,False,40.02,40.04,40.04,40.0,2.496752023907799,0.9963024886276264,7.498000399921563
2017-08-10,SMH,-0.022590361445783275,-1,1645,TRAIN,False,38.94,38.75,38.67,38.81,46.304715488551196,65.36438258375837,12.963298663339662
2017-08-14,SMH,0.01917668115571465,1,1643,TRAIN,False,39.86,39.88,39.93,39.84,2.5168072256107084,13.555241786563782,7.538151004338458
2017-08-17,SMH,-0.02094240837696326,-1,1645,TRAIN,False,39.27,39.16,39.32,39.24,25.517708583734276,-16.738259798635774,17.89195759641425
2017-08-22,SMH,0.013554987212276243,1,1643,TRAIN,False,39.64,39.62,39.38,39.67,-7.543647678134282,-69.56328209635411,-15.100332592922735
2017-08-30,SMH,0.015075376884422148,1,1643,TRAIN,False,40.4,40.36,40.45,40.3,-12.398015446415277,8.372087958648098,12.385116028903957
2017-09-05,SMH,-0.013457303645705828,-1,1645,TRAIN,False,40.32,40.35,40.49,40.28,-9.942836781641903,-46.1803670257851,-19.883197096220997
2017-09-08,SMH,-0.012795275590551257,-1,1645,TRAIN,False,40.12,40.2,40.58,40.16,-22.445665603711458,-118.70270365139851,-12.463150000520999
2017-09-11,SMH,0.01915422885572129,1,1643,TRAIN,False,40.97,40.93,41.05,40.95,-12.26030117383746,15.519473601009354,-7.382284226915518
2017-09-15,SMH,0.013323643410852643,1,1643,TRAIN,False,41.83,41.82,42.13,41.81,-4.889531297661192,67.69098009229182,-0.10832562021445478
2017-09-18,SMH,0.01291248206599711,1,1643,TRAIN,False,42.36,42.41,42.53,42.41,9.301137883849794,36.11695035874957,-2.4995000999793926
2017-09-20,SMH,-0.018109125117591794,-1,1645,TRAIN,True,41.76,41.95,41.9,41.79,-48.009961187642695,-37.53911701880731,-40.796745135102604
2017-09-25,SMH,-0.01902497027348388,-1,1645,TRAIN,False,41.25,41.2,41.6,41.22,9.623742930402594,-88.88323119169186,2.3527267316614813
2017-09-27,SMH,0.024727272727272803,1,1643,TRAIN,False,42.27,42.18,42.1,42.24,-23.785874478759574,-44.200764767794745,-16.700495128247283
2017-10-25,SMH,-0.011617711530030559,-1,1645,TRAIN,False,45.08,45.04,45.14,45.04,6.374833085516388,-17.315796788461164,-2.5005001000215925
2017-10-27,SMH,0.019213780918727857,1,1643,TRAIN,False,46.15,46.19,46.23,46.16,6.165722435143357,13.328645213535532,3.9980088904232303
2017-11-06,SMH,0.010365982652845248,1,1643,TRAIN,False,47.76,47.88,47.75,47.74,22.619847889719114,-6.09216515155818,26.818683184183396
2017-11-09,SMH,-0.021925245353936043,-1,1645,TRAIN,False,46.84,46.96,47.07,46.91,-28.126035113086747,-53.12377590804209,-13.161873474676048
2017-11-16,SMH,0.015960842732496275,1,1643,TRAIN,False,47.74,48.15,47.95,47.71,83.36089380364342,39.971477845193995,89.7013009890172
2017-11-17,SMH,-0.01557632398753894,-1,1645,TRAIN,False,47.4,47.41,47.63,47.36,-4.610732273036744,-52.54342007642064,-13.060572418538705
2017-11-20,SMH,0.010968150179287137,1,1643,TRAIN,False,47.93,47.98,48.23,47.9,7.929772276298228,58.56704728322058,14.197786747452527
2017-11-21,SMH,0.010212588578574449,1,1643,TRAIN,False,48.46,48.47,48.59,48.46,-0.4364583129602221,22.81631993865403,-0.4364583129602221
2017-11-27,SMH,-0.01379736408566725,-1,1645,TRAIN,False,47.89,47.81,47.95,47.85,14.208625813698232,-16.534524278001495,5.861046817513646
2017-11-29,SMH,-0.04347826086956533,-1,1645,TRAIN,False,45.76,45.75,46.24,45.75,-0.3146389767471831,-108.93787149038282,-2.500500100019904
2017-12-01,SMH,-0.01238322832935043,-1,1645,TRAIN,False,45.46,45.63,46.02,45.65,-39.9053633868011,-127.23530187779785,1.8817564169996717
2017-12-04,SMH,-0.019066403681788396,-1,1645,TRAIN,False,44.76,44.66,44.48,44.68,19.84646259010443,58.58008062738562,1.9768949313588544
2017-12-15,SMH,0.015388046387154275,1,1643,TRAIN,False,45.53,45.57,45.92,45.46,6.283720194243776,81.62435160672837,21.69154818398268
2017-12-18,SMH,0.01601931095018646,1,1643,TRAIN,False,46.3,46.38,46.31,46.32,14.774798819935333,-1.840236704277319,10.450630081237767
2017-12-26,SMH,-0.011476829796448703,-1,1645,TRAIN,False,45.65,45.66,45.64,45.65,-4.691628358530976,-1.8093432487149956,-4.691628358530976
2018-01-02,SMH,0.023490669593852917,1,1643,TRAIN,False,46.62,46.74,46.93,46.65,23.234091920356377,62.46927362704285,16.78828221494131
2018-01-03,SMH,0.013264869490800116,1,1643,TRAIN,False,47.36,47.4,47.68,47.36,5.944334781691821,63.54134578489724,5.944334781691821
2018-01-10,SMH,-0.014426092410620902,-1,1645,TRAIN,False,47.14,47.2,47.38,47.18,-15.23172687146786,-54.933345599964525,-6.740644440886279
2018-01-17,SMH,0.029030910609857987,1,1643,TRAIN,False,49.28,49.31,49.33,49.37,3.586640626420652,6.142846106102559,-14.649591855983902
2018-01-24,SMH,-0.019786307874950535,-1,1645,TRAIN,False,49.54,49.51,50.1,49.52,3.5567266864762916,-117.085992894985,-0.4806090458795365
2018-01-25,SMH,-0.014542516663300321,-1,1645,TRAIN,False,48.78,48.71,49.46,48.74,11.853231654941105,-143.45796588591932,3.656147725235449
2018-01-26,SMH,0.028536234859371803,1,1643,TRAIN,False,50.1,50.26,50.15,50.21,29.42864520908172,5.97684854246705,7.4561865161319805
2018-01-30,SMH,-0.017341040462427834,-1,1645,TRAIN,False,49.3,49.19,49.75,49.27,19.817452334279356,-95.3152090864411,13.740621069210928
2018-02-02,SMH,-0.024340770791074967,-1,1645,TRAIN,False,48.1,47.93,47.41,48.06,32.85137276935642,139.50773522688075,24.55578506462887
2018-02-05,SMH,-0.02482787398289167,-1,1645,TRAIN,False,46.72,45.77,45.36,46.5,200.88938592512835,287.211551899422,154.52800237466735
2018-02-06,SMH,0.029058335154030987,1,1643,TRAIN,False,47.09,47.45,46.93,47.26,73.9307436877464,-37.963101794591076,37.6935827392306
2018-02-07,SMH,-0.016438356164383584,-1,1645,TRAIN,False,46.67,46.2,46.43,46.59,98.23177405997632,47.4446721356293,81.2293817424139
2018-02-08,SMH,-0.02770562770562773,-1,1645,TRAIN,False,44.93,44.36,45.25,44.8,124.39523293040398,-75.25119535369403,95.73834409738859
2018-02-09,SMH,0.01916140667267812,1,1643,TRAIN,False,45.23,45.52,45.78,45.55,61.601210600242645,117.55287677817282,-9.084022931965903
2018-02-12,SMH,0.0252636203866432,1,1643,TRAIN,False,46.67,46.48,46.22,46.57,-43.2007020494341,-100.38232336391107,-21.820415818060617
2018-02-14,SMH,0.02220306100452686,1,1643,TRAIN,False,47.42,47.38,47.74,47.32,-10.93265109103891,63.45588748129696,10.176958691101891
2018-02-20,SMH,0.01880091915604775,1,1643,TRAIN,False,48.77,48.82,49.01,48.73,7.7501415853796125,45.191699818739025,15.96499907898702
2018-02-23,SMH,0.021815915229586477,1,1643,TRAIN,False,49.19,49.21,49.46,49.19,1.5653506826593893,50.868053671233724,1.5653506826593893
2018-02-26,SMH,0.019101808575492738,1,1643,TRAIN,False,50.15,50.2,50.12,50.12,7.468097606800262,-9.978861655386357,13.458202214306368
2018-03-01,SMH,-0.014107214832728653,-1,1645,TRAIN,False,48.91,48.82,48.28,48.66,15.905246066590223,124.85874807347373,-35.389938653576976
2018-03-02,SMH,0.0126997132322818,1,1643,TRAIN,False,49.44,49.59,49.38,49.56,27.83272229049526,-16.13026909181072,3.5522556505650984
2018-03-05,SMH,0.011897559991933782,1,1643,TRAIN,False,50.18,50.16,50.62,50.27,-6.484155540354954,83.65006950782038,-24.375868808733195
2018-03-06,SMH,0.014752791068580583,1,1643,TRAIN,False,50.9,50.9,50.43,50.87,-2.499500099979238,-96.30018986379508,3.3964113408896948
2018-03-09,SMH,0.018576456785295323,1,1643,TRAIN,False,52.08,52.13,52.47,52.08,7.098714665670189,70.8556445392949,7.098714665670189
2018-03-12,SMH,0.011317859198158378,1,1643,TRAIN,False,52.71,52.66,52.93,52.78,-11.98299516723637,37.721918716238065,-25.22970207019768
2018-03-13,SMH,-0.01424230915305735,-1,1645,TRAIN,False,51.92,51.92,52.14,51.83,-2.500500100021157,-46.39063405901486,-19.86930282062685
2018-03-19,SMH,-0.019660755589822727,-1,1645,TRAIN,False,50.86,51.05,51.07,50.88,-39.86729315977277,-45.307134568871255,-35.920804443908274
2018-03-22,SMH,-0.021169159060011718,-1,1645,TRAIN,False,50.39,50.11,50.04,50.34,53.079974994799706,65.48521452653345,43.20023718688949
2018-03-23,SMH,-0.0255438036320096,-1,1645,TRAIN,False,48.82,48.48,49.53,48.77,67.16050297318814,-149.4911845949687,56.97715306850594
2018-03-26,SMH,0.03506600660066013,1,1643,TRAIN,False,50.18,50.41,50.8,50.22,43.32403746432749,119.50658891736975,35.324575865391296
2018-03-27,SMH,-0.03610394762943847,-1,1645,TRAIN,False,48.59,48.67,48.38,48.44,-18.96891006108197,39.235260099972756,-49.9937931434353
2018-03-28,SMH,-0.017670022601191687,-1,1645,TRAIN,False,47.8,47.59,48.01,47.74,41.44353975397376,-47.95143129044268,28.927549229995293
2018-03-29,SMH,0.02122294599705816,1,1643,TRAIN,False,48.61,48.56,48.16,48.55,-12.78287851995441,-96.53572268471541,-0.4402826952622016
2018-04-02,SMH,-0.037685337726524,-1,1645,TRAIN,False,46.72,46.79,47.4,46.71,-17.487123280821407,-149.60697618975738,-19.631736238063276
2018-04-03,SMH,0.01923487924770247,1,1643,TRAIN,False,47.69,47.65,46.47,47.58,-10.88490626471086,-259.7157230327881,12.20888651189463
2018-04-06,SMH,-0.02935010482180305,-1,1645,TRAIN,False,46.31,46.32,46.79,46.47,-4.660400877412624,-107.69158798289465,29.786460842845134
2018-04-09,SMH,0.014680483592400685,1,1643,TRAIN,False,47.0,46.64,47.76,46.88,-79.07609967368262,157.63825958212598,-53.681243273529745
2018-04-10,SMH,0.03237564322469978,1,1643,TRAIN,False,48.16,48.06,47.81,48.08,-23.25842970940523,-76.64455480996534,-6.658194151518749
2018-04-12,SMH,0.016236469608659473,1,1643,TRAIN,False,48.82,48.83,49.23,48.82,-0.45167123887700905,79.94918836798057,-0.45167123887700905
2018-04-13,SMH,-0.011877943886954706,-1,1645,TRAIN,False,48.25,48.38,48.57,48.39,-29.45024238008357,-70.34857748751892,-0.4334406868987422
2018-04-17,SMH,0.018358085808580872,1,1643,TRAIN,False,49.37,49.36,48.92,49.38,-4.524515392646559,-95.11121879330604,-6.548710509012398
2018-04-19,SMH,-0.04631147540983603,-1,1645,TRAIN,False,46.54,46.63,46.57,46.73,-21.843539313794114,-10.449447001560737,18.904380062828242
2018-04-20,SMH,-0.014797340767746189,-1,1645,TRAIN,False,45.94,46.09,46.24,46.06,-35.15994883783365,-69.32949498040782,-9.015372331958202
2018-04-23,SMH,-0.011933174224343767,-1,1645,TRAIN,False,45.54,45.5,45.98,45.52,6.285183255359242,-100.65781272196274,1.894271648705398
2018-04-26,SMH,0.019320453031312402,1,1643,TRAIN,False,45.9,45.98,46.62,45.97,14.925337372611958,152.80081238654202,-0.32471208608039526
2018-05-01,SMH,0.012154696132596622,1,1643,TRAIN,False,45.79,45.97,45.88,45.86,36.800567381609596,15.647885928384877,21.480549071170923
2018-05-04,SMH,0.025131118881118852,1,1643,TRAIN,False,46.91,46.94,47.08,46.9,3.894126312234589,32.225914655056165,6.027152778399259
2018-05-09,SMH,0.012202819272038676,1,1643,TRAIN,False,48.11,48.2,48.39,48.06,16.202953547724373,54.17748294032732,26.62347264213531
2018-05-10,SMH,0.013692946058091215,1,1643,TRAIN,False,48.86,49.0,48.76,48.89,26.146633137555725,-24.45765451903447,19.99436480059257
2018-05-14,SMH,0.0189222542163719,1,1643,TRAIN,False,49.54,49.47,49.26,49.51,-16.625964270205465,-60.49658053855502,-10.576656633932066
2018-05-15,SMH,-0.013947847180109111,-1,1645,TRAIN,False,48.78,48.93,49.05,48.84,-33.25849671779361,-59.37349831589801,-20.932626328706018
2018-05-16,SMH,0.013488657265481376,1,1643,TRAIN,False,49.59,49.61,49.43,49.52,1.5325630175436613,-36.250866382481576,15.670432149434466
2018-05-21,SMH,0.011706715958102286,1,1643,TRAIN,False,49.26,49.39,49.83,49.24,23.884484166910788,111.66706975291898,27.95592384366423
2018-06-01,SMH,0.018629807692307685,1,1643,TRAIN,False,50.85,51.01,51.09,50.88,28.957728611602402,43.17956467703468,23.04442806407194
2018-06-18,SMH,-0.011290636558302479,-1,1645,TRAIN,False,50.79,50.75,49.86,50.71,5.377035241661369,179.17936806499023,-10.390463026544088
2018-06-19,SMH,-0.014384236453201908,-1,1645,TRAIN,False,50.03,50.14,50.58,50.06,-24.492805816810968,-113.97882214859735,-18.485319117359808
2018-06-25,SMH,-0.035483870967741894,-1,1645,TRAIN,False,47.85,47.85,48.3,48.1,-2.5005001000205813,-98.08231238724001,49.48754823729726
2018-06-27,SMH,-0.017601987989231755,-1,1645,TRAIN,False,47.45,47.11,47.0,47.44,69.1717901009067,90.8738122756277,67.07844519999985
2018-07-05,SMH,0.024686103426260833,1,1643,TRAIN,False,48.15,48.26,48.16,48.14,20.340064904983898,-1.9231875327945127,22.421564710738995
2018-07-06,SMH,0.014297554910899396,1,1643,TRAIN,False,48.95,48.88,49.26,48.86,-16.796232173381398,59.305401432479705,1.5928046482410452
2018-07-11,SMH,-0.0255122539172359,-1,1645,TRAIN,False,48.51,48.46,48.42,48.49,7.809230368026306,14.559498170505893,3.6878895680133215
2018-07-17,SMH,0.011079195732457922,1,1643,TRAIN,False,49.28,49.38,49.74,49.36,17.787635654688135,89.30762548788948,1.5513509939835082
2018-07-18,SMH,0.010935601458080176,1,1643,TRAIN,False,49.91,49.89,49.66,49.87,-6.505711480423661,-54.069330393588686,1.5099246042121073
2018-07-24,SMH,-0.011482675261885582,-1,1645,TRAIN,False,49.07,49.02,49.05,49.03,7.691572958975481,0.07664055737636594,-0.46042249445346556
2018-07-26,SMH,0.014207428455449476,1,1643,TRAIN,False,49.96,49.99,50.12,49.98,3.503802842314895,28.013612649767555,-0.49919987991094794
2018-08-10,SMH,-0.024215958713775423,-1,1645,TRAIN,False,49.16,49.19,49.23,49.15,-8.60454841171745,-18.24571586408253,-10.640887078739787
2018-08-15,SMH,-0.017504579686545885,-1,1645,TRAIN,False,48.26,48.32,48.64,48.35,-14.936265330148824,-82.77246000381047,3.7058083798760872
2018-08-21,SMH,0.02049351735675443,1,1643,TRAIN,False,48.8,48.83,48.61,48.83,3.646504305697249,-42.91805573311448,-2.499500099979034
2018-08-24,SMH,0.013455657492354816,1,1643,TRAIN,False,49.71,49.8,50.12,49.77,15.600983605329288,78.44618965967274,3.5267208161726926
2018-08-27,SMH,0.015461847389558296,1,1643,TRAIN,False,50.57,50.58,50.9,50.56,-0.5225373750652614,61.23078330744736,1.4552073762450632
2018-08-30,SMH,-0.01037994516255388,-1,1645,TRAIN,False,50.52,50.52,50.43,50.53,-2.5005001000202958,13.821053997023458,-0.5209828825067445
2018-09-06,SMH,-0.024793388429752025,-1,1645,TRAIN,False,49.56,49.5,49.32,49.51,9.609064670076538,44.44472429594913,-0.48020106950146607
2018-09-11,SMH,-0.01225637934498707,-1,1645,TRAIN,False,49.16,49.14,48.47,49.14,1.5688654411096545,136.41336892276863,-2.500500100021154
2018-09-12,SMH,-0.013431013431013506,-1,1645,TRAIN,False,48.48,48.58,49.22,48.51,-23.13272060352789,-156.7021325057093,-16.934122755287802
2018-09-17,SMH,-0.010466988727858357,-1,1645,TRAIN,False,49.15,49.01,49.14,49.06,25.990854325493334,-1.9653981661035607,7.693650430046414
2018-09-18,SMH,0.01061007957559688,1,1643,TRAIN,False,49.53,49.38,49.39,49.46,-32.776606398889264,-32.253593698785366,-18.67014385234494
2018-09-20,SMH,0.013942210547585324,1,1643,TRAIN,False,50.18,50.13,50.07,50.17,-12.461138700916509,-25.911517576914495,-10.47039944213653
2018-09-25,SMH,-0.014530254777070142,-1,1645,TRAIN,False,49.51,49.44,49.21,49.49,11.641593113613446,56.61726164663379,7.605077289452647
2018-10-04,SMH,-0.023666265543521855,-1,1645,TRAIN,False,48.68,48.74,48.55,48.68,-14.828972368016428,22.714896307118362,-14.828972368016428
2018-10-05,SMH,-0.022363561756257762,-1,1645,TRAIN,False,47.65,47.63,47.17,47.7,1.69782120117463,96.7740242697018,12.178221807882222
2018-10-10,SMH,-0.034695615155385176,-1,1645,TRAIN,False,45.35,44.85,44.85,45.14,107.78065205102708,106.29689333677118,61.760136697254644
2018-10-12,SMH,0.016872890888638917,1,1643,TRAIN,False,45.19,45.33,45.13,45.3,28.473061749678457,-17.27116404556898,4.1213611582331575
2018-10-16,SMH,0.03077609277430855,1,1643,TRAIN,False,46.22,46.36,46.8,46.32,27.78284671927484,121.43741740617581,6.133920020830667
2018-10-18,SMH,-0.026230218946455684,-1,1645,TRAIN,False,44.92,44.93,45.17,45.0,-4.727236631654355,-59.677563295383436,13.058945122356599
2018-10-19,SMH,-0.010460716670376116,-1,1645,TRAIN,False,44.45,44.28,44.6,44.46,35.75428246504162,-37.76008295022239,37.99545334168085
2018-10-24,SMH,-0.05299954894000905,-1,1645,TRAIN,False,41.99,41.36,41.74,41.9,147.5727391251057,55.561005032633645,126.41000753849944
2018-10-25,SMH,0.03191489361702128,1,1643,TRAIN,False,42.68,42.53,41.56,42.54,-37.635982644146154,-266.3122483282147,-4.849641261216466
2018-10-26,SMH,-0.016929226428403454,-1,1645,TRAIN,False,41.81,41.76,42.38,41.71,9.461351729805042,-140.3863647639837,-14.491030548474535
2018-10-29,SMH,-0.018199233716475048,-1,1645,TRAIN,False,41.0,41.29,41.44,40.57,-73.24989388121634,-111.36080874711534,-180.01591444737085
2018-10-30,SMH,0.035359651247275393,1,1643,TRAIN,False,42.75,43.04,43.84,42.74,65.319801536768,250.8695921634404,67.67481318897597
2018-10-31,SMH,0.018819702602230537,1,1643,TRAIN,False,43.86,43.53,43.93,43.7,-77.7200920964909,11.954289488659317,-41.39137847487598
2018-11-01,SMH,0.04870204456696525,1,1643,TRAIN,False,45.65,45.63,45.53,45.68,-6.879566036408767,-30.27565352208683,-13.44247350179646
2018-11-02,SMH,-0.01665570896340138,-1,1645,TRAIN,False,44.89,44.9,44.75,44.93,-4.728724760322772,27.19902412204491,4.178222691054776
2018-11-05,SMH,-0.010022271714921954,-1,1645,TRAIN,False,44.45,44.48,44.5,44.46,-9.25134408208983,-15.253894423428022,-7.000050482430551
2018-11-07,SMH,0.010456062291434903,1,1643,TRAIN,False,45.42,45.5,45.01,45.34,15.109483607461579,-94.23170407750406,32.78060753089789
2018-11-09,SMH,-0.0174431441819386,-1,1645,TRAIN,False,44.5,44.47,43.69,44.61,4.242758664091812,178.09449530355604,28.89044520403647
2018-11-12,SMH,-0.03935237238587812,-1,1645,TRAIN,False,42.72,42.52,42.87,42.75,44.3276857618694,-39.127207463963536,51.31412247361594
2018-11-13,SMH,0.012464722483537017,1,1643,TRAIN,False,43.05,43.07,43.77,43.09,2.1450994353991453,163.18130102202846,-7.139788101790218
2018-11-14,SMH,0.011609008590666357,1,1643,TRAIN,False,43.58,43.3,43.1,43.47,-66.73309670328413,-114.0974191577465,-41.59715560913539
2018-11-15,SMH,0.02655889145496549,1,1643,TRAIN,False,44.46,44.67,42.9,44.55,44.72216218025003,-354.73607032979373,24.42979417584535
2018-11-16,SMH,-0.014551152899037353,-1,1645,TRAIN,False,44.01,43.92,43.67,43.99,17.954511147627294,73.28527736903973,13.416186306139736
2018-11-19,SMH,-0.03255919854280509,-1,1645,TRAIN,False,42.48,42.26,41.07,42.34,49.30152697206027,328.0528987153347,16.398886768379526
2018-11-26,SMH,0.018181818181818087,1,1643,TRAIN,False,43.12,43.19,42.81,43.17,13.73020850375498,-75.86284227384357,2.13218880430485
2018-11-28,SMH,0.023116042533518264,1,1643,TRAIN,False,44.26,44.4,44.14,44.28,29.123863433368896,-31.100874267079714,24.593997189720746
2018-11-30,SMH,0.010459299681673508,1,1643,TRAIN,False,44.44,45.06,46.04,44.45,136.979579781614,355.8928178360731,134.6990444430788
2018-12-03,SMH,0.017754105636928474,1,1643,TRAIN,False,45.86,45.85,45.41,45.88,-4.679504570084771,-102.08468554871706,-9.036662589016759
2018-12-04,SMH,-0.045583424209378484,-1,1645,TRAIN,False,43.75,43.6,42.32,43.65,31.793787328893597,322.98711170805683,8.957117884056656
2018-12-06,SMH,-0.014220183486238635,-1,1645,TRAIN,False,42.98,43.34,43.18,43.12,-86.28133258108366,-50.55268848092458,-53.533665916859306
2018-12-07,SMH,-0.037378864790032405,-1,1645,TRAIN,False,41.73,41.69,41.63,41.81,7.087326883061951,19.972362553028606,26.20794429156199
2018-12-10,SMH,0.012473015111537615,1,1643,TRAIN,False,42.21,42.18,42.95,42.25,-9.605044165296452,171.2445949568678,-19.063406253659053
2018-12-11,SMH,0.013039355144618235,1,1643,TRAIN,False,42.73,42.39,43.06,42.6,-82.04900091828067,73.19902740725045,-51.78295326850058
2018-12-12,SMH,0.018400566171266834,1,1643,TRAIN,False,43.16,43.03,43.31,43.24,-32.6124534129297,30.741303083221634,-51.05350345287054
2018-12-14,SMH,-0.010958265329913706,-1,1645,TRAIN,False,42.42,42.22,42.12,42.28,44.65886105085248,66.74885189202162,11.694155292740998
2018-12-17,SMH,-0.014211274277593592,-1,1645,TRAIN,False,41.62,41.82,42.15,41.57,-50.56633623697632,-131.39437113756247,-62.65506168349517
2018-12-18,SMH,0.010999521759923503,1,1643,TRAIN,False,42.27,42.33,41.99,42.41,11.691416152538388,-70.21354186697583,-21.358260769444485
2018-12-19,SMH,-0.043231750531537876,-1,1645,TRAIN,True,40.49,40.49,40.68,40.34,-2.500500100020341,-50.94474068930725,-39.69373448313972
2018-12-21,SMH,-0.014189693801344293,-1,1645,TRAIN,False,39.6,39.47,39.14,39.49,30.33599144071202,112.20728994283853,2.565339606285508
2018-12-26,SMH,0.04345563361956809,1,1643,TRAIN,False,40.1,40.59,39.91,40.38,119.66447109580604,-51.3617974659445,49.49344455031707
2018-12-28,SMH,0.01025891548607723,1,1643,TRAIN,False,41.37,41.22,41.62,41.09,-38.74859545857238,56.4068960440443,29.130460108999955
2019-01-03,SMH,-0.057991852384375625,-1,1645,TRAIN,False,39.32,39.23,39.9,39.32,20.394338277624566,-151.56744471986778,20.394338277624566
2019-01-04,SMH,0.04256946214631664,1,1643,TRAIN,False,40.9,41.05,41.26,40.98,34.16614965515575,83.98515895842954,14.577733550411539
2019-01-07,SMH,0.02095006090133982,1,1643,TRAIN,False,41.9,41.85,42.2,41.83,-14.429691627306026,67.57121129473425,2.280562295383269
2019-01-09,SMH,0.026201923076922987,1,1643,TRAIN,False,42.7,42.67,42.37,42.65,-9.523505135037846,-81.2516653577953,2.188659571720688
2019-01-14,SMH,-0.013805798435342876,-1,1645,TRAIN,False,42.87,42.72,43.01,42.82,32.49775217464661,-36.670735126729724,20.858912557848885
2019-01-17,SMH,0.012235294117647132,1,1643,TRAIN,False,43.02,43.02,43.41,42.99,-2.499500099979091,86.62005395294601,4.477122719211478
2019-01-18,SMH,0.022780102278010153,1,1643,TRAIN,False,44.0,44.09,43.68,44.02,17.94993274072569,-76.69738779516825,13.398388018898888
2019-01-22,SMH,-0.03311408482649129,-1,1645,TRAIN,False,42.63,42.81,43.11,42.72,-44.73484422429851,-116.6426107177794,-23.5731837378728
2019-01-24,SMH,0.05839587242026271,1,1643,TRAIN,False,45.13,45.12,45.31,45.14,-4.7147672171762105,35.86962642924571,-6.929052824793156
2019-01-25,SMH,0.018838652482269538,1,1643,TRAIN,False,45.97,45.99,44.22,46.0,1.850075927821366,-384.530011552616,-4.672869773870735
2019-01-28,SMH,-0.01848227875625139,-1,1645,TRAIN,False,45.14,45.11,45.19,45.11,4.147151982455966,-15.081882127421194,-2.5005001000212466
2019-01-29,SMH,-0.010197295499889179,-1,1645,TRAIN,False,44.65,44.53,45.27,44.66,24.381920057021905,-142.9141371387386,26.615600773533085
2019-01-30,SMH,0.030765775881428193,1,1643,TRAIN,True,45.9,45.88,45.69,45.85,-6.855709468127243,-49.732537152700516,4.041939703663313
2019-02-01,SMH,0.010905125408942203,1,1643,TRAIN,False,46.35,46.43,46.4,46.36,14.756164193266365,6.783972223893848,12.595949317471236
2019-02-06,SMH,0.026214833759590724,1,1643,TRAIN,False,48.15,48.08,47.41,48.12,-17.033768739502392,-157.6241345708017,-10.809974330985833
2019-02-07,SMH,-0.024750415973377658,-1,1645,TRAIN,False,46.89,47.07,46.26,47.0,-40.89781487967524,130.40995915114092,-17.39784127038278
2019-02-12,SMH,0.02440577249575564,1,1643,TRAIN,False,48.28,48.17,48.34,48.19,-25.2775666904731,8.423336045302294,-6.64870138651246
2019-02-20,SMH,0.010283833813245578,1,1643,TRAIN,False,49.12,49.06,49.01,49.13,-14.711430678033715,-26.384381104235544,-16.743852532159917
2019-02-22,SMH,0.012305168170631695,1,1643,TRAIN,False,49.37,49.45,50.16,49.35,13.700622241362101,155.9530103296755,17.758859575602372
2019-02-25,SMH,0.01051567239635988,1,1643,TRAIN,False,49.97,49.9,49.72,50.0,-16.504403742025755,-54.009210165170536,-22.494501099780578
2019-02-27,SMH,-0.011899959661153616,-1,1645,TRAIN,False,48.99,49.07,48.8,49.0,-18.8344466198819,34.79814150215395,-16.78978652873581
2019-03-06,SMH,-0.01522224477369596,-1,1645,TRAIN,False,48.53,48.46,48.18,48.56,11.927174225282222,68.14839168122099,18.097729924896356
2019-03-07,SMH,-0.01341312422616588,-1,1645,TRAIN,False,47.81,47.93,47.19,47.89,-27.606127793221493,125.73106547685049,-10.855063056879498
2019-03-11,SMH,0.023595740238045573,1,1643,TRAIN,False,49.02,48.94,49.09,48.94,-18.815290389493995,10.274974788805832,-2.499500099979368
2019-03-15,SMH,0.028513238289205673,1,1643,TRAIN,False,50.5,50.42,50.46,50.44,-18.337124654277297,-11.916824555881037,-6.463616079320551
2019-03-19,SMH,0.010540970564836936,1,1643,TRAIN,False,50.81,50.86,50.92,50.74,7.338622808796476,17.64142349644535,21.14456887889148
2019-03-21,SMH,0.038476794922649694,1,1643,TRAIN,False,52.36,52.16,51.86,52.39,-40.68704975582521,-99.45375325240468,-46.39003483899617
2019-03-22,SMH,-0.026265337423312836,-1,1645,TRAIN,False,50.79,50.67,50.35,50.7,21.132105925023346,82.66508588191388,3.4181392491507774
2019-03-25,SMH,-0.013420169725675937,-1,1645,TRAIN,False,50.0,50.03,50.58,50.05,-8.502000400081476,-120.04720944188692,1.4965030968205002
2019-03-27,SMH,-0.014062190532778785,-1,1645,TRAIN,False,49.78,49.76,49.84,49.79,1.5181823025916965,-16.058655684531505,3.526312814279458
2019-03-29,SMH,0.016109544905356512,1,1643,TRAIN,False,50.46,50.38,51.23,50.49,-18.349679251624508,148.53588933422066,-24.28054694072043
2019-04-01,SMH,0.02620087336244542,1,1643,TRAIN,False,51.7,51.71,51.73,51.65,-0.5657475854932431,1.8011871513504396,9.114246850533858
2019-04-03,SMH,0.019319938176197836,1,1643,TRAIN,False,52.76,52.96,52.73,52.84,35.398530604721586,-9.683052017344085,20.20489164846772
2019-04-09,SMH,-0.01214272370633287,-1,1645,TRAIN,False,52.89,52.94,52.83,52.94,-11.956446876441962,7.34803795699767,-2.500500100020318
2019-04-12,SMH,0.013503375843960969,1,1643,TRAIN,False,54.04,54.07,54.05,54.02,3.0505556919706436,-2.1494590793163675,6.754017578563936
2019-04-16,SMH,0.02291356184798802,1,1643,TRAIN,False,54.91,54.99,56.08,54.83,12.066153514881933,208.99152895700334,26.67431131683699
2019-04-17,SMH,0.013820694671758465,1,1643,TRAIN,False,55.74,55.8,55.93,55.79,8.262072020471965,30.07399955243917,-0.7075121989405978
2019-04-24,SMH,0.011902647006573133,1,1643,TRAIN,False,56.97,56.77,56.44,56.92,-37.596921549513915,-96.99341507861273,-28.845689049119386
2019-04-25,SMH,-0.019376431213669214,-1,1645,TRAIN,False,55.68,55.65,54.44,55.66,2.888778186670276,218.7894475446814,-0.7034285046027517
2019-04-26,SMH,-0.015274034141958695,-1,1645,TRAIN,False,54.8,54.88,54.85,54.86,-17.102690611116667,-13.128538116382733,-6.14705514927364
2019-05-06,SMH,-0.017034247803478623,-1,1645,TRAIN,False,54.84,54.85,54.22,54.81,-4.324442569038966,109.10059473601639,-9.800263281994482
2019-05-07,SMH,-0.02971741112123979,-1,1645,TRAIN,False,53.22,53.62,53.27,53.36,-77.67900818044112,-13.399523196634583,-51.2383211274939
2019-05-09,SMH,-0.01333583771600302,-1,1645,TRAIN,False,52.54,52.49,52.12,52.43,7.018438327938238,75.97027589758525,-13.947191498190088
2019-05-13,SMH,-0.04558458897577724,-1,1645,TRAIN,False,50.04,49.95,50.73,49.92,15.489608713108156,-141.94565531811313,-8.51161818902261
2019-05-14,SMH,0.027627627627627535,1,1643,TRAIN,False,51.34,51.28,50.68,51.28,-14.183372908588955,-132.5025217005675,-2.499500099979582
2019-05-15,SMH,0.01365054602184079,1,1643,TRAIN,False,51.98,51.71,51.01,51.85,-54.429571954019785,-190.5348056975751,-29.493715528833377
2019-05-16,SMH,-0.011603171533552531,-1,1645,TRAIN,False,51.11,50.96,50.25,51.12,26.855302580765674,164.33104660454708,28.806230729712308
2019-05-17,SMH,-0.01766091051805335,-1,1645,TRAIN,False,50.05,50.04,48.46,50.07,-0.5019985016004324,313.80861586902677,3.492609846114631
2019-05-20,SMH,-0.04136690647482015,-1,1645,TRAIN,False,47.97,48.01,49.09,48.1,-10.841130077173739,-237.57346841475862,16.2151973014141
2019-05-21,SMH,0.02416163299312651,1,1643,TRAIN,False,49.16,49.15,48.38,49.06,-4.533165783440607,-162.60132839176447,15.84079841186293
2019-05-22,SMH,-0.015666327568667263,-1,1645,TRAIN,False,48.38,48.22,47.42,48.44,30.579286589025664,194.5076902937432,42.927867158898266
2019-05-23,SMH,-0.014309415180423014,-1,1645,TRAIN,False,47.53,47.48,47.87,47.37,8.021802130255479,-75.56318753757037,-25.72775479731791
2019-05-30,SMH,0.010481283422459936,1,1643,TRAIN,False,47.23,47.29,46.8,47.35,10.201114551598796,-95.00661798616302,-15.167927343781793
2019-05-31,SMH,-0.010784521040389046,-1,1645,TRAIN,False,46.77,46.48,47.14,46.74,59.52056350975195,-83.14299165156937,53.14028145809047
2019-06-04,SMH,0.036933648271419345,1,1643,TRAIN,False,48.29,48.48,48.9,48.28,36.836285673078315,122.27043098317559,38.91516642818874
2019-06-05,SMH,-0.011757425742574264,-1,1645,TRAIN,False,47.91,48.11,48.19,48.09,-44.25587684850818,-62.467095798622346,-6.66040881289046
2019-06-06,SMH,0.01454998960715034,1,1643,TRAIN,False,48.81,48.78,49.05,48.8,-8.64424533655156,45.151387669606244,-6.596836370430532
2019-06-07,SMH,0.013325133251332484,1,1643,TRAIN,False,49.43,49.41,50.02,49.4,-6.5446146053018595,115.31377722027912,-0.47571457368416803
2019-06-10,SMH,0.025500910746812492,1,1643,TRAIN,False,50.67,50.64,51.43,50.64,-8.418683344445002,145.93094801209415,-2.499500099980772
2019-06-12,SMH,-0.02203423175290178,-1,1645,TRAIN,False,49.71,49.72,50.06,49.7,-4.512670790043143,-74.43733767876084,-6.525651206700284
2019-06-14,SMH,-0.022813688212927768,-1,1645,TRAIN,False,48.83,48.64,48.7,48.81,36.419735308928,22.632828838959608,32.3371373721566
2019-06-18,SMH,0.04232913483378065,1,1643,TRAIN,False,50.48,50.4,50.67,50.39,-18.343399465905648,33.62441616272761,-0.5154753927164537
2019-06-20,SMH,0.010292953285827315,1,1643,TRAIN,False,51.04,51.1,50.85,51.06,9.25304750962085,-41.21001818445062,5.332462688817995
2019-06-25,SMH,-0.01413150147203152,-1,1645,TRAIN,False,50.23,50.07,51.17,50.21,29.36093888098701,-191.21483066272768,25.38936387157912
2019-06-26,SMH,0.030357499500699082,1,1643,TRAIN,False,51.59,51.55,51.89,51.59,-10.251002716689714,54.12834858886012,-10.251002716689714
2019-06-27,SMH,0.012997090203685776,1,1643,TRAIN,False,52.23,52.24,52.92,52.3,-0.5853701938141543,128.0559511302797,-13.968907939252732
2019-07-01,SMH,0.026768642447418847,1,1643,TRAIN,False,53.71,53.77,53.63,53.74,8.668811759897867,-18.888048865742956,3.081538511799636
2019-07-02,SMH,-0.013204389064534142,-1,1645,TRAIN,False,53.06,53.14,53.08,53.09,-17.581541185735542,-7.771625942225142,-11.920824549163818
2019-07-10,SMH,0.010266159695817473,1,1643,TRAIN,False,53.14,53.1,53.4,53.14,-10.024905067912519,44.90859449487602,-10.024905067912519
2019-07-12,SMH,0.018028169014084522,1,1643,TRAIN,False,54.21,54.23,54.54,54.24,1.1889339527413991,56.85083237918014,-4.342697094798871
2019-07-18,SMH,0.01731123388581961,1,1643,TRAIN,False,55.24,55.27,55.48,55.24,2.9299896718711094,39.43020230132062,2.9299896718711094
2019-07-22,SMH,0.019536903039073773,1,1643,TRAIN,False,56.36,56.38,56.77,56.37,1.048228963150345,68.7183358218364,-0.7259502507867169
2019-07-24,SMH,0.028591475179793064,1,1643,TRAIN,False,58.64,58.53,58.18,58.57,-21.253338009069115,-82.41257614779818,-9.32722794693202
2019-07-25,SMH,-0.01606014009909444,-1,1645,TRAIN,False,57.59,57.47,57.91,57.55,18.341661039275476,-59.588232979116306,11.403931524791528
2019-07-31,SMH,-0.024960726130214692,-1,1645,TRAIN,True,55.84,55.58,55.43,55.82,44.072747214199886,69.45264411048524,40.50559305698425
2019-08-01,SMH,-0.018711766822598043,-1,1645,TRAIN,False,54.55,54.46,54.02,54.66,14.002250495928266,93.19664116141253,34.098477214651815
2019-08-02,SMH,-0.012669849430774838,-1,1645,TRAIN,False,53.77,53.72,52.26,53.77,6.80069061980547,276.9372918660365,6.80069061980547
2019-08-05,SMH,-0.04542069992553979,-1,1645,TRAIN,False,51.28,51.4,52.37,51.53,-25.907287541752,-216.64434290914278,22.733830678419185
2019-08-06,SMH,0.014980544747081773,1,1643,TRAIN,False,52.17,52.22,51.57,52.2,7.082156503335898,-118.96183155548283,1.3309598616672762
2019-08-08,SMH,0.024380952380952402,1,1643,TRAIN,False,53.79,53.84,53.35,53.87,6.793584581095571,-85.76607786826924,-8.067070454480687
2019-08-09,SMH,-0.012630014858841136,-1,1645,TRAIN,False,53.16,52.91,52.42,53.18,44.53909969352636,135.25729976695033,48.283161709438176
2019-08-13,SMH,0.02750716332378219,1,1643,TRAIN,False,53.79,53.79,52.47,53.77,-2.4995000999796435,-249.29983328487629,1.2191164147670688
2019-08-14,SMH,-0.033091652723554583,-1,1645,TRAIN,False,52.02,52.06,52.38,52.07,-10.191773072032326,-73.23263960750582,-0.5795282352047384
2019-08-16,SMH,0.025576923076923046,1,1643,TRAIN,False,53.33,53.27,54.42,53.37,-13.747391155557136,200.30683531398083,-21.231934988305504
2019-08-19,SMH,0.015956448282335167,1,1643,TRAIN,False,54.13,54.15,54.06,54.19,1.1943851761690565,-16.92585923975434,-9.879090799296954
2019-08-21,SMH,0.010029717682020786,1,1643,TRAIN,False,54.38,54.39,54.47,54.35,-0.6610483714209467,12.54438336312138,4.858365953305077
2019-08-23,SMH,-0.04031664212076579,-1,1645,TRAIN,False,52.14,52.07,52.86,52.15,10.928250091904921,-142.14580545568117,12.843700091886523
2019-08-29,SMH,0.023665278303672852,1,1643,TRAIN,False,54.07,53.96,54.51,54.03,-22.838413637782537,77.34425003292293,-15.45202712187618
2019-09-03,SMH,-0.015282636715153846,-1,1645,TRAIN,False,53.48,53.45,54.33,53.52,3.110476246332937,-163.00230876392132,10.581993080230507
2019-09-04,SMH,0.028437792329279624,1,1643,TRAIN,False,54.97,55.03,56.22,54.99,8.412816254286604,223.30662119349927,4.772731578433572
2019-09-05,SMH,0.03198255497001632,1,1643,TRAIN,False,56.79,56.7,56.79,56.72,-18.343399465906273,-3.999200159968468,-6.02471184183379
2019-09-11,SMH,0.011913104414856338,1,1643,TRAIN,False,57.76,57.8,58.23,57.72,4.423976700504192,77.33944900770507,11.357049449430438
2019-09-20,SMH,-0.014424748001390307,-1,1645,TRAIN,False,56.71,56.46,56.4,56.68,41.59445890235964,50.68515025523248,36.3236020528016
2019-09-23,SMH,0.012398157987956,1,1643,TRAIN,False,57.16,56.94,57.37,57.04,-40.97833337461283,32.725085493748324,-20.026674889426044
2019-09-24,SMH,-0.01773796979276428,-1,1645,TRAIN,False,55.93,56.1,55.82,55.97,-32.903237182393234,15.674509834918254,-25.733036548350935
2019-09-25,SMH,0.017468805704099765,1,1643,TRAIN,False,57.08,57.06,57.1,57.14,-6.002478551240484,-0.4967471817470693,-16.496700659868424
2019-09-27,SMH,-0.027244149493538164,-1,1645,TRAIN,False,55.7,55.9,56.29,55.8,-38.416121285298225,-109.96777452438273,-20.42612823640073
2019-09-30,SMH,0.011270125223613642,1,1643,TRAIN,False,56.52,56.55,56.94,56.51,2.807028827779435,70.28106056071206,4.577123860309579
2019-10-02,SMH,-0.01566951566951559,-1,1645,TRAIN,False,55.28,55.24,55.24,55.32,4.737199248822014,3.2379847894339107,11.964431931938922
2019-10-03,SMH,0.011947863866763152,1,1643,TRAIN,False,55.9,56.09,56.45,55.94,31.481270829914976,94.35143382772694,24.308241676657925
2019-10-04,SMH,0.01515421643786761,1,1643,TRAIN,False,56.93,57.08,57.01,56.96,23.842061027456843,10.047525011070123,18.5626498295842
2019-10-08,SMH,-0.019366197183098493,-1,1645,TRAIN,False,55.71,55.31,56.09,55.52,69.31784849161478,-72.23846492508008,35.33316533623771
2019-10-09,SMH,0.023503887181341478,1,1643,TRAIN,False,56.61,56.28,56.43,56.36,-60.778517322502445,-35.78298648696297,-16.69041635249906
2019-10-10,SMH,0.010305614783226693,1,1643,TRAIN,False,56.86,56.82,57.96,56.78,-9.532564116792747,189.38104746268468,4.54347312996072
2019-10-11,SMH,0.03115100316789868,1,1643,TRAIN,False,58.58,58.11,58.11,58.48,-82.71160721764761,-84.19927485994681,-65.75317973340954
2019-10-15,SMH,0.020446735395188962,1,1643,TRAIN,False,59.39,59.36,58.98,59.33,-7.549592960680422,-73.00678271484891,2.555699883114676
2019-10-16,SMH,-0.01549865229110515,-1,1645,TRAIN,False,58.44,58.49,59.14,58.47,-11.058423183611694,-123.8296940702315,-5.921912961351917
2019-10-21,SMH,0.01690821256038642,1,1643,TRAIN,False,58.94,59.04,59.21,58.98,14.462665661642905,41.79177737577798,7.670897153225333
2019-10-23,SMH,-0.018430034129692803,-1,1645,TRAIN,False,57.51,57.58,58.43,57.54,-14.67533986714011,-164.03698058338833,-9.453924152923305
2019-10-24,SMH,0.02500868357068435,1,1643,TRAIN,False,59.02,59.1,59.36,59.02,11.05183910693299,53.58535205869731,11.05183910693299
2019-10-25,SMH,0.01979695431472084,1,1643,TRAIN,False,60.27,60.3,60.8,60.22,2.4768565450668185,83.90324589802354,10.781802457177875
2019-10-28,SMH,0.01575456053067998,1,1643,TRAIN,False,61.25,61.21,61.32,61.16,-9.028480018281629,7.424800754134366,5.6737344486646055
2019-11-01,SMH,0.01834407535944471,1,1643,TRAIN,False,61.62,61.76,62.77,61.64,20.21471719937136,182.55388195324335,16.963511905017224
2019-11-04,SMH,0.019591968911917113,1,1643,TRAIN,False,62.97,63.08,63.21,63.01,14.964769472657373,34.098944860861465,8.607070841028916
2019-11-20,SMH,-0.011642542479546917,-1,1645,TRAIN,False,62.81,62.94,62.65,62.92,-23.203016658099415,21.483042031111207,-5.6799344611449945
2019-11-21,SMH,-0.010327295837305349,-1,1645,TRAIN,False,62.29,62.25,62.5,62.26,3.9226821122767737,-37.72756477768371,-0.8939307938692659
2019-11-25,SMH,0.02285162536208564,1,1643,TRAIN,False,63.56,63.57,63.43,63.54,-0.9265767991775428,-24.444135716594587,2.2207550935528446
2019-12-02,SMH,-0.012363290537327645,-1,1645,TRAIN,False,62.31,62.26,61.06,62.39,5.525900558060386,196.68931378957583,18.341382653834
2019-12-03,SMH,-0.014776742691936951,-1,1645,TRAIN,False,61.34,61.39,62.18,61.25,-10.653826233131428,-140.99722455087627,-25.3633583859648
2019-12-04,SMH,0.015474833034696251,1,1643,TRAIN,False,62.34,62.29,62.59,62.35,-10.518027931148607,36.08742479928807,-12.120190236211787
2019-12-06,SMH,0.016116164033827957,1,1643,TRAIN,False,63.67,63.6,63.63,63.71,-13.490940888310869,-10.279081296981003,-19.760919892617878
2019-12-11,SMH,0.021444339325134017,1,1643,TRAIN,True,64.78,64.78,64.87,64.73,-2.4995000999794152,9.888420586954075,5.222962822853959
2019-12-12,SMH,0.025007718431614766,1,1643,TRAIN,False,66.4,66.64,66.64,66.43,33.63604387556222,32.13092321294761,29.104821817512114
2020-01-02,SMH,0.022016732716864818,1,1643,TRAIN,False,69.63,69.7,68.68,69.65,7.551125133297593,-140.38008138713792,4.677456468504923
2020-01-03,SMH,-0.015064562410329944,-1,1645,TRAIN,False,68.65,68.56,67.69,68.67,10.612756200183123,135.89491386988476,13.522145232889041
2020-01-06,SMH,-0.012397899649941781,-1,1645,TRAIN,False,67.72,67.83,68.53,67.76,-18.747916742238267,-123.65881327476325,-12.833661773677616
2020-01-07,SMH,0.018723278785198232,1,1643,TRAIN,False,69.1,68.96,68.96,69.07,-22.75492803031318,-24.251589624186774,-18.421391731499043
2020-01-13,SMH,0.012338510669182673,1,1643,TRAIN,False,69.74,69.86,69.94,69.82,14.702967063598953,24.667277614165435,3.228085405548348
2020-01-15,SMH,-0.016285714285714292,-1,1645,TRAIN,False,68.87,68.97,69.61,68.84,-17.024241206597193,-111.49260489530555,-21.389591689401065
2020-01-16,SMH,0.01290416122952009,1,1643,TRAIN,False,69.86,70.08,70.38,69.98,28.984183123294727,70.4056154128461,11.786725249976588
2020-01-27,SMH,-0.038942780823843615,-1,1645,TRAIN,False,68.36,68.27,69.01,68.35,10.668385871439355,-99.12368664487778,9.206888927161561
2020-01-28,SMH,0.026512377325325947,1,1643,TRAIN,False,70.09,69.98,69.69,70.04,-18.18968493360786,-61.045859026225095,-11.063892304350565
2020-01-29,SMH,-0.013289511288939794,-1,1645,TRAIN,True,69.06,68.91,68.21,69.03,19.225174313749513,119.12982075129227,14.887592903194562
2020-01-31,SMH,-0.03709090909090905,-1,1645,TRAIN,False,66.2,66.28,66.57,66.3,-14.588113997421475,-59.91439979838574,0.5168454505366203
2020-02-03,SMH,0.014333132166566126,1,1643,TRAIN,False,67.24,67.18,68.99,67.17,-11.4205296953679,256.15846491617935,-1.011112352488833
2020-02-04,SMH,0.03200357249181291,1,1643,TRAIN,False,69.33,69.35,70.58,69.26,0.3845329304258404,176.22582507874682,10.491765348921254
2020-02-05,SMH,0.018457101658255246,1,1643,TRAIN,False,70.62,70.72,70.82,70.66,11.65725506838622,24.310062937851317,5.989744592830912
2020-02-07,SMH,-0.02091281616504154,-1,1645,TRAIN,False,69.3,69.15,68.69,69.3,19.149933882878617,84.0575041415212,19.149933882878617
2020-02-10,SMH,0.013449023861171258,1,1643,TRAIN,False,70.08,70.24,70.88,70.16,20.325843507097375,110.11039801172288,8.900158394774495
2020-02-11,SMH,0.018080865603644795,1,1643,TRAIN,False,71.5,71.73,72.26,71.67,29.660291717882323,102.25199715302006,5.870111034302115
2020-02-12,SMH,0.013104698173706924,1,1643,TRAIN,False,72.67,72.74,72.24,72.79,7.130677896345583,-63.147133886832925,-9.366858596958021
2020-02-18,SMH,-0.016942148760330438,-1,1645,TRAIN,False,71.37,71.51,72.62,71.47,-22.121490292175253,-179.21448938799875,-8.098653451133709
2020-02-19,SMH,0.025031464130890673,1,1643,TRAIN,False,73.3,73.35,73.04,73.31,4.320077321506927,-39.455683215332186,2.9554176465190967
2020-02-20,SMH,-0.015269256987048268,-1,1645,TRAIN,False,72.22,72.19,71.72,72.21,1.6545125696412364,65.25979801332855,0.2698919509678498
2020-02-21,SMH,-0.02978251835434259,-1,1645,TRAIN,False,70.04,70.07,66.86,69.97,-6.784837835642344,450.2071173800721,-16.795913134320294
2020-02-24,SMH,-0.040102754388468505,-1,1645,TRAIN,False,67.27,66.9,67.69,67.16,52.515483028222164,-66.46074272086386,36.222700168381834
2020-02-25,SMH,-0.027653213751868584,-1,1645,TRAIN,False,65.04,64.97,65.53,65.1,8.26479871620018,-79.36919487218283,17.473771251944076
2020-02-27,SMH,-0.034577723378212945,-1,1645,TRAIN,False,63.11,62.35,60.03,62.97,117.95426744990715,484.2312148057877,95.98370364877937
2020-03-02,SMH,0.017930166719094063,1,1643,TRAIN,False,64.73,65.78,66.03,64.86,159.67222127952016,196.75471672234394,139.30901762909855
2020-03-03,SMH,-0.02477956825782906,-1,1645,TRAIN,True,64.15,63.62,64.89,64.17,80.13902078935027,-119.40158881347472,83.23076490005828
2020-03-04,SMH,0.04448286702294885,1,1643,TRAIN,False,66.45,66.89,65.04,66.35,63.69914880831249,-216.10395753806256,78.86674360682012
2020-03-05,SMH,-0.03797279114964877,-1,1645,TRAIN,False,64.38,64.78,62.88,64.63,-64.64713259520795,229.08402742990222,-25.715339571087135
2020-03-06,SMH,-0.032108675517134894,-1,1645,TRAIN,False,62.7,63.54,58.13,62.88,-136.50529148892068,725.1584288149494,-107.48857786824543
2020-03-09,SMH,-0.07097891092225367,-1,1645,TRAIN,False,59.05,58.25,60.48,59.27,133.01178440599082,-246.26534112919052,169.63633995569074
2020-03-10,SMH,0.04618025751072957,1,1643,TRAIN,False,60.94,61.84,59.8,61.09,145.14983448994505,-190.99363586422925,120.23949768893831
2020-03-11,SMH,-0.05821474773609316,-1,1645,TRAIN,False,58.26,58.5,54.41,58.66,-43.70544551752862,657.0943436885112,24.782147019241865
2020-03-12,SMH,-0.08512820512820507,-1,1645,TRAIN,False,53.5,52.33,55.56,53.55,216.24577251898972,-389.20157863348356,225.3809305278424
2020-03-13,SMH,0.04853812344735332,1,1643,TRAIN,False,54.86,57.4,50.68,55.47,460.3814927863867,-765.6339676286382,345.3493545026344
2020-03-16,SMH,-0.11376306620209062,-1,1645,TRAIN,False,50.86,49.13,49.99,50.99,337.733984075618,167.12544239087777,362.36811982910325
2020-03-17,SMH,0.07123956849175656,1,1643,TRAIN,False,52.64,53.11,49.14,53.47,86.76389722055495,-668.6269129152892,-69.81014494688556
2020-03-18,SMH,-0.12257578610431177,-1,1645,TRAIN,False,46.62,48.69,48.32,46.7,-446.6269701816825,-368.7970541341222,-428.73124946188454
2020-03-19,SMH,0.03799548161840217,1,1643,TRAIN,False,50.59,49.56,51.62,50.74,-206.04615981330244,199.51692602772158,-234.99951172556126
2020-03-20,SMH,0.013317191283292909,1,1643,TRAIN,False,50.2,48.69,49.36,49.75,-303.22112868263025,-171.26295856366602,-215.5115710526233
2020-03-23,SMH,0.018278907373177257,1,1643,TRAIN,False,49.57,50.5,53.72,49.65,185.0670818025217,832.8659061409427,168.65609758209604
2020-03-24,SMH,0.09465346534653468,1,1643,TRAIN,False,55.35,55.71,56.24,55.62,62.52489339530489,156.73143600728852,13.677685174940294
2020-03-25,SMH,0.03213067671872194,1,1643,TRAIN,False,57.5,55.29,56.27,56.83,-386.7512584439628,-217.82669553045844,-273.4154031414362
2020-03-26,SMH,0.05281244347983364,1,1643,TRAIN,False,58.2,58.64,56.62,57.95,73.08297790613639,-275.36829403878795,116.53890102048585
2020-03-27,SMH,-0.026261937244201894,-1,1645,TRAIN,False,57.11,55.4,56.43,56.37,296.99653816247394,115.11530112010938,169.61987394817857
2020-03-30,SMH,0.03465703971119137,1,1643,TRAIN,False,57.32,57.57,57.69,57.47,41.10439251996113,60.524880369355174,14.896533482585035
2020-03-31,SMH,-0.02206010074691685,-1,1645,TRAIN,False,56.31,56.44,54.65,56.45,-25.59275840250745,290.9138034319703,-0.7285779565123347
2020-04-01,SMH,-0.05279943302622248,-1,1645,TRAIN,False,53.45,53.64,53.16,53.19,-38.0566290994404,50.2772210195095,-87.12402378953139
2020-04-02,SMH,0.021252796420581664,1,1643,TRAIN,False,54.78,55.08,54.92,54.87,52.25132410538592,21.547351719871404,35.763213677658214
2020-04-03,SMH,-0.021060275962236686,-1,1645,TRAIN,False,53.93,53.98,56.48,53.52,-11.774095965122935,-477.0251287416754,-88.47116957023644
2020-04-06,SMH,0.08984809188588369,1,1643,TRAIN,False,58.84,59.35,61.52,59.0,84.1545660956192,451.29111499250166,56.80770625535971
2020-04-08,SMH,0.0363421230561191,1,1643,TRAIN,False,61.31,61.12,61.77,61.09,-33.48180469924698,70.99933789135162,2.410059811576074
2020-04-09,SMH,-0.026668848167539193,-1,1645,TRAIN,False,59.48,59.68,59.42,59.53,-36.13365578294004,6.090659961177346,-27.70418017754395
2020-04-13,SMH,0.011561662198391384,1,1643,TRAIN,False,60.37,60.46,61.97,60.51,12.404840549201104,260.9271089297136,-10.76053174755807
2020-04-14,SMH,0.041184254052265994,1,1643,TRAIN,False,62.97,63.1,61.69,63.05,18.14009121313787,-207.18930693772327,5.428731858705114
2020-04-15,SMH,-0.025515055467511875,-1,1645,TRAIN,False,61.49,61.4,62.46,61.48,12.139686027951083,-161.81313999017104,10.515115384819152
2020-04-16,SMH,0.025081433224755686,1,1643,TRAIN,False,62.93,63.03,64.33,63.01,13.38720020178409,218.38124032590545,0.6738058831656472
2020-04-20,SMH,-0.01743912018853102,-1,1645,TRAIN,False,62.54,62.3,61.24,62.61,35.884535397645074,203.9493284010177,47.02473796148737
2020-04-21,SMH,-0.0407704654895666,-1,1645,TRAIN,False,59.75,59.51,61.26,59.73,37.67690776649021,-256.82157351972376,34.34112236811869
2020-04-22,SMH,0.05898168375063023,1,1643,TRAIN,False,63.02,62.87,62.85,63.06,-26.295518427257417,-30.96397540548926,-32.62200398486782
2020-04-24,SMH,0.019104190078664277,1,1643,TRAIN,False,63.48,63.55,64.18,63.66,8.524838825556,106.22765176013613,-19.774477401095147
2020-04-27,SMH,0.010857592446892175,1,1643,TRAIN,False,64.23,64.34,65.42,64.49,14.622172871979679,181.19838588720205,-25.753106472827117
2020-04-29,SMH,0.05007041151619469,1,1643,TRAIN,True,67.1,66.91,66.53,67.11,-30.80836887763861,-88.91306686501594,-32.29386904618824
2020-04-30,SMH,-0.031086534150351196,-1,1645,TRAIN,False,64.82,64.43,63.05,64.55,57.68115980492927,269.17231641329874,16.094388513640133
2020-05-01,SMH,-0.046251746081018216,-1,1645,TRAIN,False,61.44,61.39,61.14,61.38,5.639555645502424,44.84685999699919,-4.130102657873925
2020-05-05,SMH,0.01594973417109718,1,1643,TRAIN,False,63.06,62.88,63.65,62.75,-31.036609043556943,89.52506993051144,18.212453126905494
2020-05-06,SMH,0.016539440203562326,1,1643,TRAIN,False,63.94,63.62,64.8,63.77,-52.533909858628625,130.44810493641128,-26.015653071362298
2020-05-07,SMH,0.01178874567746003,1,1643,TRAIN,False,64.37,64.2,64.91,64.26,-28.90271720395612,79.85726142017235,-11.834234460296424
2020-05-08,SMH,0.020716510903426764,1,1643,TRAIN,False,65.53,65.83,65.2,65.72,43.269615571773585,-54.33767511719623,14.233991302774044
2020-05-12,SMH,-0.013207833611659397,-1,1645,TRAIN,False,64.99,64.06,64.52,64.49,140.63422008912988,68.34695143367972,64.1931766722373
2020-05-13,SMH,-0.02763034655010932,-1,1645,TRAIN,False,62.29,62.92,62.44,62.42,-103.66561994370392,-28.091346315497066,-82.62306097874632
2020-05-14,SMH,0.02240940877304508,1,1643,TRAIN,False,64.31,64.68,62.51,64.18,55.01993987767521,-283.7815270097901,75.3869170073746
2020-05-15,SMH,-0.023654916512059494,-1,1645,TRAIN,False,63.17,63.21,64.83,63.12,-8.834203123671216,-266.88890097158054,-16.762620584954398
2020-05-18,SMH,0.04809365606707798,1,1643,TRAIN,False,66.26,65.93,65.9,66.19,-52.29085483838899,-58.30889360914404,-41.77053998476582
2020-05-20,SMH,0.03546963008068196,1,1643,TRAIN,False,68.03,68.07,67.9,68.16,3.3787891840993405,-23.100774523912776,-15.700425055835249
2020-05-21,SMH,-0.023652122814749516,-1,1645,TRAIN,False,66.49,66.34,66.37,66.48,20.064924400128916,14.054247155643033,18.56373079669994
2020-05-26,SMH,0.01850180505415147,1,1643,TRAIN,False,67.71,67.05,67.08,67.16,-99.949660045838,-97.00585359223959,-18.874203122448684
2020-05-27,SMH,0.010141685309470646,1,1643,TRAIN,False,67.72,68.07,67.69,67.85,49.17098387764766,-8.427434418608613,29.916861137719827
2020-05-28,SMH,-0.011752607609813387,-1,1645,TRAIN,False,67.26,66.61,66.86,66.95,94.16356955601655,55.493703557839254,48.29636577053994
2020-05-29,SMH,0.022369013661612293,1,1643,TRAIN,False,68.1,67.95,67.88,68.18,-24.520426311213537,-36.29171375710209,-36.22530114100599
2020-06-02,SMH,0.011055424528301886,1,1643,TRAIN,False,68.59,69.18,70.23,68.75,83.49736963235719,235.00708809980387,60.03032120848537
2020-06-03,SMH,0.029632841861809728,1,1643,TRAIN,False,71.23,71.09,70.77,71.2,-22.149227321458824,-68.55290460930877,-17.945076714993117
2020-06-05,SMH,0.028523723389453137,1,1643,TRAIN,False,73.91,73.57,73.9,73.73,-48.48989612171014,-5.3516559575366,-24.194876201759477
2020-06-10,SMH,0.012384322264561739,1,1643,TRAIN,True,74.38,73.86,72.01,74.25,-72.39329224770741,-322.50581343801093,-55.01162393783797
2020-06-11,SMH,-0.057676685621446046,-1,1645,TRAIN,False,69.59,69.32,71.3,70.0,36.307879480768015,-249.824070288981,94.66664761523847
2020-06-16,SMH,0.01376211206291257,1,1643,TRAIN,False,72.2,72.32,73.0,72.04,14.1168442211839,106.75981147260885,36.35808096570441
2020-06-17,SMH,0.010785398230088512,1,1643,TRAIN,False,73.11,73.09,72.95,73.08,-5.2344202203185315,-25.875279054433637,-1.131478685105171
2020-06-24,SMH,-0.016859279401767437,-1,1645,TRAIN,False,72.32,72.01,72.11,72.5,40.3752625525077,25.048427827157496,65.10260672824111
2020-06-26,SMH,-0.014068965517241324,-1,1645,TRAIN,False,71.48,71.14,71.37,71.79,45.077146374994236,11.394276616934668,88.06399809004893
2020-06-30,SMH,0.022123278141087922,1,1643,TRAIN,False,73.46,73.62,73.66,73.5,19.27561669806169,23.2156127990317,13.822949695775057
2020-07-02,SMH,0.01882643946681331,1,1643,TRAIN,False,74.14,73.89,75.24,74.07,-36.211060997941885,144.30941704834203,-26.794762554170475
2020-07-06,SMH,0.02693192583570165,1,1643,TRAIN,False,75.86,75.92,75.71,75.84,5.407829586207132,-23.764558978528004,8.046386503290245
2020-07-08,SMH,0.011202987463323408,1,1643,TRAIN,False,75.82,76.05,76.36,75.76,27.827921622217264,67.19363064870694,35.76970719900177
2020-07-09,SMH,0.015384615384615408,1,1643,TRAIN,False,77.21,77.37,77.36,77.21,18.21802457278547,15.420565673163779,18.21802457278547
2020-07-14,SMH,0.012769878883623133,1,1643,TRAIN,False,76.95,77.24,77.72,76.99,35.177889698213384,96.02575911068705,29.96413316375526
2020-07-20,SMH,0.018266614846482662,1,1643,TRAIN,False,78.61,78.73,79.53,78.78,12.761917785634221,112.98745212158484,-8.844702245129541
2020-07-23,SMH,-0.01989608414649592,-1,1645,TRAIN,False,77.33,77.6,76.39,77.63,-37.4245287438464,117.604796014162,1.3649515939510908
2020-07-24,SMH,-0.011469072164948461,-1,1645,TRAIN,False,76.69,76.82,78.57,76.77,-19.45610141718052,-249.24165951980305,-9.015089457908212
2020-07-27,SMH,0.03905233012236397,1,1643,TRAIN,False,79.81,79.92,78.82,79.71,11.279788898754122,-127.99419817828381,23.839417287789683
2020-07-28,SMH,-0.025275275275275226,-1,1645,TRAIN,False,77.9,77.85,78.54,77.89,3.919590079762441,-86.1902804180867,2.63623144451653
2020-07-29,SMH,0.025048169556840114,1,1643,TRAIN,True,79.81,79.81,79.11,79.76,-2.499500099980287,-91.6724310820087,3.7677394310503587
2020-07-31,SMH,-0.011544190665342687,-1,1645,TRAIN,False,79.66,80.08,80.61,79.71,-55.2377610847305,-123.30535401581834,-48.93037320298196
2020-08-03,SMH,0.016608391608391587,1,1643,TRAIN,False,81.41,81.51,81.55,81.43,9.780932893387616,13.190827010865164,7.322433339686659
2020-08-04,SMH,0.011286958655379728,1,1643,TRAIN,False,82.4,82.69,82.69,82.43,32.68587787296718,31.180899742380845,29.034530349781562
2020-08-07,SMH,-0.016824013556039706,-1,1645,TRAIN,False,81.22,81.67,81.94,81.58,-57.919426781195995,-92.68438272732007,-13.535374395302446
2020-08-12,SMH,0.031028918952463697,1,1643,TRAIN,False,83.02,83.11,83.06,83.16,8.33855151398129,0.8169890955572241,-8.510503286547412
2020-08-17,SMH,0.016174145688921296,1,1643,TRAIN,False,83.57,83.43,83.78,83.56,-19.247735949995334,21.119385073567297,-18.053294558894823
2020-08-25,SMH,0.010111953773925647,1,1643,TRAIN,False,83.91,84.01,84.22,83.98,9.415051800749419,32.93037018862684,1.0718861228951775
2020-08-27,SMH,-0.010179924242424235,-1,1645,TRAIN,False,83.6,83.29,83.54,83.47,34.59011180226235,3.1791047204658147,19.069526137164132
2020-08-28,SMH,0.015728178652899362,1,1643,TRAIN,False,84.6,84.62,84.36,84.63,-0.13602480449454066,-32.35664923752673,-3.6808188403667748
2020-09-01,SMH,0.016688365487040016,1,1643,TRAIN,False,85.9,86.15,87.59,85.97,26.596834300195592,192.66251522687384,18.432802912490367
2020-09-02,SMH,0.029947765525246643,1,1643,TRAIN,False,88.65,88.43,87.11,88.57,-27.309992034306685,-177.64659138110366,-18.302255773299546
2020-09-03,SMH,-0.05665498134117386,-1,1645,TRAIN,False,83.41,83.73,83.05,83.67,-40.87479766664439,39.17675994136562,-9.673322258572048
2020-09-08,SMH,-0.03499636715911844,-1,1645,TRAIN,False,79.69,78.92,80.86,79.32,94.14808046312378,-150.878462805121,47.94075305227267
2020-09-09,SMH,0.03345159655347188,1,1643,TRAIN,False,81.59,81.18,82.13,81.29,-52.73819607937622,62.15891274496641,-16.027917555865248
2020-09-10,SMH,-0.015890613451589135,-1,1645,TRAIN,False,79.93,80.16,80.84,80.4,-31.282873614632962,-117.89596753330247,27.357710348038967
2020-09-14,SMH,0.02212499999999995,1,1643,TRAIN,False,81.76,81.81,82.95,81.97,3.6144312233438445,141.49053750893734,-22.013957584229342
2020-09-15,SMH,0.020902090209020827,1,1643,TRAIN,False,83.49,83.53,84.06,83.2,2.2902953245739925,64.24514594026944,37.15404755587382
2020-09-18,SMH,-0.010934272870854156,-1,1645,TRAIN,False,81.41,81.07,79.7,81.21,39.27385403379505,206.13114147212067,14.743066825407617
2020-09-23,SMH,-0.019200195670783824,-1,1645,TRAIN,False,80.2,79.9,79.16,80.28,34.915337182148406,125.72689101411295,44.84566569517195
2020-09-25,SMH,0.01277915632754344,1,1643,TRAIN,False,81.63,81.54,82.8,81.6,-13.522102635699337,139.2731376547196,-9.850603408727142
2020-09-28,SMH,0.02440519990188858,1,1643,TRAIN,False,83.51,83.61,83.41,83.56,9.472120663880071,-15.969025090923214,3.4827285380639235
2020-10-01,SMH,0.02371023471940897,1,1643,TRAIN,False,85.92,86.0,84.08,85.7,6.80915958335304,-218.06625639490295,32.49758449710277
2020-10-02,SMH,-0.024883720930232566,-1,1645,TRAIN,False,83.86,83.42,84.21,83.8,49.981019337659674,-45.75372503549057,42.85690073575298
2020-10-05,SMH,0.032965715655718056,1,1643,TRAIN,False,86.17,86.26,86.06,86.09,7.942359537841207,-16.759558613982446,17.24234082211386
2020-10-07,SMH,0.021751841889837437,1,1643,TRAIN,False,87.35,87.34,88.28,87.33,-3.6440336431850318,102.42645231686365,-1.3547044398512678
2020-10-08,SMH,0.01019006182734143,1,1643,TRAIN,False,88.22,88.41,89.74,88.26,19.032183134898602,168.22842640721322,14.491493271705778
2020-10-09,SMH,0.015948422124194058,1,1643,TRAIN,False,89.83,89.92,91.17,89.88,7.516920305129555,145.11179919198278,1.9497658100777102
2020-10-12,SMH,0.016903914590747287,1,1643,TRAIN,False,91.44,91.51,91.57,91.44,5.153879547800817,10.212087066400525,5.153879547800817
2020-10-26,SMH,-0.023914269599548836,-1,1645,TRAIN,False,86.52,86.75,87.45,86.55,-29.09059620523332,-111.533402380892,-25.614308303602154
2020-10-28,SMH,-0.023597455176402618,-1,1645,TRAIN,False,84.4,83.66,83.77,84.14,85.19914883450585,70.67361339566698,54.56154221098419
2020-10-29,SMH,0.02904613913459248,1,1643,TRAIN,False,86.1,85.73,84.69,85.99,-45.462045802220665,-167.69677423400194,-32.728016555078405
2020-10-30,SMH,-0.02356234690306789,-1,1645,TRAIN,False,83.72,84.29,85.04,83.98,-70.60161435058315,-161.73229868142937,-39.423281179218094
2020-11-03,SMH,0.02331057216858964,1,1643,TRAIN,False,86.91,86.71,88.6,86.94,-25.50605975916736,190.37706668768683,-28.947914120879197
2020-11-04,SMH,0.03402145081305505,1,1643,TRAIN,False,89.68,89.89,92.21,89.67,20.91123925081278,278.0021604956442,22.02877145101919
2020-11-05,SMH,0.037935254199577224,1,1643,TRAIN,True,93.3,93.46,93.32,93.14,14.645195291059984,-1.8564347152008094,31.848794509941026
2020-11-06,SMH,0.016156644553819873,1,1643,TRAIN,False,94.96,94.91,97.23,95.0,-7.7635589141641885,234.95321997100277,-11.970816363042463
2020-11-10,SMH,-0.02780441035474592,-1,1645,TRAIN,False,91.29,90.97,92.5,91.33,32.561392331044985,-136.59846658782953,36.92685323443641
2020-11-11,SMH,0.03484665274266244,1,1643,TRAIN,False,94.14,94.17,94.28,94.18,0.6864465220414069,10.866320468644941,-3.561031263697437
2020-11-12,SMH,-0.013592439205691845,-1,1645,TRAIN,False,92.91,93.15,94.35,93.08,-28.33840904441911,-159.05150678181977,-10.02279312759945
2020-11-13,SMH,0.011701556629092745,1,1643,TRAIN,False,94.25,94.52,95.27,94.54,26.140554382491185,104.18033104254465,-4.614477992915432
2020-11-16,SMH,0.024121878967414318,1,1643,TRAIN,False,96.81,97.18,96.96,96.94,35.71013924474762,11.488870493641606,22.25189375164174
2020-11-17,SMH,-0.011627906976744285,-1,1645,TRAIN,False,96.04,96.07,96.58,96.01,-5.62497963982501,-60.24986754951858,-8.75141177594849
2020-11-19,SMH,0.0107751856888796,1,1643,TRAIN,False,96.63,96.84,97.03,96.67,19.22744913917135,37.379257047277264,15.081704875535145
2020-11-23,SMH,0.015360664244940364,1,1643,TRAIN,False,97.83,97.83,98.47,97.87,-2.4995000999796884,61.39424266838361,-6.585532796372899
2020-12-01,SMH,0.02039800995024873,1,1643,TRAIN,False,102.54,102.33,102.29,102.33,-22.974193926574557,-28.370179289671924,-2.49950009997988
2020-12-04,SMH,0.02726387536514116,1,1643,TRAIN,False,105.5,105.7,106.39,105.46,16.453107482768665,80.32725208512811,20.25225525727517
2020-12-09,SMH,-0.036170612551672254,-1,1645,TRAIN,False,102.61,103.14,102.22,103.03,-54.16530143569032,34.02239750162323,-13.179671749162159
2020-12-14,SMH,0.01504200039070137,1,1643,TRAIN,False,103.91,103.43,104.73,103.49,-48.68177553017833,74.88368556680497,-8.295712584218778
2020-12-15,SMH,0.012955622159914812,1,1643,TRAIN,False,104.77,105.05,105.49,104.85,24.21902753170855,64.69527894554722,16.570600996635594
2020-12-30,SMH,0.01599691625710717,1,1643,TRAIN,False,105.44,105.69,105.74,105.51,21.20474046313711,24.441621539122448,14.556230067605247
2021-01-05,SMH,0.011960821246939122,1,1643,VAL,False,107.43,108.03,107.13,107.66,53.33686125103877,-31.91319289897939,31.85936284784713
2021-01-07,SMH,0.03992571959145773,1,1643,VAL,False,111.98,112.15,114.06,112.02,12.677987710191909,181.6739706175568,9.102669735649254
2021-01-11,SMH,0.012885906040268435,1,1643,VAL,False,113.19,113.42,114.4,113.28,17.815237199932657,102.8579512474576,9.856167890716556
2021-01-14,SMH,0.025236036354010408,1,1643,VAL,False,116.19,116.15,115.85,116.6,-5.941276672799292,-33.24991254438576,-41.08333564847837
2021-01-15,SMH,-0.018682737839001304,-1,1645,VAL,False,113.97,113.89,116.07,113.91,4.520646166610658,-188.33353404031516,-0.7442889684086105
2021-01-19,SMH,0.03196066379840197,1,1643,VAL,False,117.53,117.8,119.38,117.7,20.46761582763892,153.34446936869713,5.994553001039858
2021-01-21,SMH,0.010826016537379558,1,1643,VAL,False,118.59,119.12,117.89,118.7,42.181124446331,-63.002493522714275,32.874975131342765
2021-01-22,SMH,-0.016537944929482865,-1,1645,VAL,False,117.13,116.88,117.97,117.15,18.848642946380533,-75.74468022606544,20.552638056421298
2021-01-26,SMH,-0.015595704789500581,-1,1645,VAL,False,115.49,115.32,112.98,115.51,12.223069776306014,213.42098534868404,13.952405233016922
2021-01-27,SMH,-0.051335414498785883,-1,1645,VAL,True,109.4,109.68,112.14,109.28,-28.101049826053586,-254.55804140718283,-39.11287381927476
2021-01-28,SMH,0.029996353026987527,1,1643,VAL,False,112.97,111.98,112.07,112.6,-90.11148111176176,-83.63450793952047,-57.54790427349647
2021-01-29,SMH,-0.01169851759242724,-1,1645,VAL,False,110.66,109.94,111.65,110.4,62.579929685557055,-93.49981328273651,39.17658531706341
2021-02-01,SMH,0.037838821175186436,1,1643,VAL,False,114.09,114.24,116.03,114.17,10.644728798125724,165.973992509763,3.630175252502048
2021-02-02,SMH,0.014093137254901956,1,1643,VAL,False,115.86,115.81,116.34,115.63,-6.813974681328445,37.41354266691974,13.063503359175336
2021-02-03,SMH,-0.018996632415162792,-1,1645,VAL,False,113.6,113.63,113.37,113.78,-5.142005513779007,16.253778924799242,10.686132656307674
2021-02-08,SMH,0.031373236350889476,1,1643,VAL,False,117.68,117.92,117.43,117.75,17.889691946043932,-25.234755904018392,11.934258583528198
2021-02-11,SMH,0.035038601849495164,1,1643,VAL,False,122.0,122.24,121.8,121.72,17.167713998183416,-20.386086717083163,40.21082080001968
2021-02-17,SMH,-0.016981891348088526,-1,1645,VAL,False,122.13,121.85,120.43,122.11,20.431622556395475,135.25082810715918,18.79710148892407
2021-02-19,SMH,0.02214848610535049,1,1643,VAL,False,123.22,123.16,121.54,123.01,-7.367622401505455,-140.28617746666367,9.691582535455407
2021-02-22,SMH,-0.0358070802208509,-1,1645,VAL,False,118.77,118.65,116.18,118.64,7.605587801064404,214.15498052881566,-3.3435969054912427
2021-02-24,SMH,0.02740192324057526,1,1643,VAL,False,120.71,121.29,119.85,120.79,45.53753320249886,-75.21584076855315,38.884308575821585
2021-02-25,SMH,-0.052766097782174996,-1,1645,VAL,False,114.87,114.53,116.49,114.84,27.10557781444023,-145.08621233256645,24.5003284878503
2021-02-26,SMH,0.018248493844407607,1,1643,VAL,False,116.62,116.89,118.71,117.31,20.646831017949964,175.1436713171847,-38.29312562174221
2021-03-01,SMH,0.027632817178543965,1,1643,VAL,False,120.09,120.41,120.64,119.94,24.14052121709805,41.78146800484259,36.67696509055624
2021-03-02,SMH,-0.025164022921684254,-1,1645,VAL,False,117.44,116.71,116.85,117.26,59.67444340366591,46.25771884622183,44.415543521462425
2021-03-03,SMH,-0.02758975237768828,-1,1645,VAL,False,113.49,113.03,112.44,113.81,38.04184045902398,88.55537959296946,66.05191524202282
2021-03-04,SMH,-0.04804034327169784,-1,1645,VAL,False,107.65,107.54,110.31,108.06,7.720355032454794,-251.1967326117324,45.632946689280615
2021-03-05,SMH,0.03133717686442245,1,1643,VAL,False,110.91,110.99,110.39,111.07,4.711752627384245,-50.86531156486133,-9.70036477983868
2021-03-08,SMH,-0.04865303180466701,-1,1645,VAL,False,105.63,104.9,108.77,105.97,66.62593524100807,-301.38376439843466,98.49672114284918
2021-03-09,SMH,0.06434699714013346,1,1643,VAL,False,111.62,111.11,112.81,111.24,-48.17881612711703,102.56988200998096,-14.18302279853143
2021-03-10,SMH,-0.018720187201872004,-1,1645,VAL,False,109.02,108.85,112.19,109.25,13.096868135320657,-294.8894677119242,34.121927360299516
2021-03-11,SMH,0.043454294901240274,1,1643,VAL,False,113.58,113.43,111.34,113.49,-15.7027495715859,-201.138148844962,-7.784988072434388
2021-03-12,SMH,-0.014017455699550412,-1,1645,VAL,False,111.84,112.01,112.66,112.04,-17.704587054751435,-77.34916081928756,0.17778457512176993
2021-03-15,SMH,0.014373716632443526,1,1643,VAL,False,113.61,114.43,115.57,113.9,69.65920432672667,168.45183027473368,44.02091486882702
2021-03-16,SMH,0.012584112557895636,1,1643,VAL,False,115.85,115.68,113.87,115.88,-17.169979901299527,-174.84150990259278,-19.754419844369625
2021-03-17,SMH,0.012102351313969497,1,1643,VAL,True,117.11,116.77,115.07,116.67,-31.524776933435426,-178.12473710535036,6.069541213040255
2021-03-18,SMH,-0.03305643572835488,-1,1645,VAL,False,112.92,112.09,112.25,112.43,71.02124463149671,55.35698000386605,27.74810054067956
2021-03-22,SMH,0.026373820234629926,1,1643,VAL,False,116.36,116.07,116.2,116.24,-27.415924515337284,-17.744130788829292,-17.12075857368065
2021-03-23,SMH,-0.02756957008701636,-1,1645,VAL,False,112.88,113.16,114.9,113.01,-27.31180538021256,-183.02349343008353,-15.776980721336242
2021-03-26,SMH,0.037534712890799946,1,1643,VAL,False,115.83,117.23,116.13,115.8,118.33707677872245,21.890467801285624,120.95840762762887
2021-03-29,SMH,-0.017572293781455278,-1,1645,VAL,False,115.14,115.35,114.81,115.02,-20.743726650489823,24.671427250536887,-31.19833669394437
2021-03-31,SMH,0.03325787915723496,1,1643,VAL,False,118.68,118.15,120.33,118.37,-47.14624146286407,134.97452177916298,-21.08064489999736
2021-04-01,SMH,0.034870926787981295,1,1643,VAL,False,122.27,122.71,124.7,122.28,33.47743798749917,194.66181189214146,32.65690499453206
2021-04-05,SMH,0.015565153614212459,1,1643,VAL,False,124.58,124.75,123.93,124.49,11.142939175851929,-56.15364324790955,18.38049130474447
2021-04-06,SMH,-0.012184368737474917,-1,1645,VAL,False,123.22,123.04,123.07,122.95,12.111170813937438,8.177418635813755,-9.822379278622803
2021-04-08,SMH,0.011974584555229708,1,1643,VAL,False,124.23,124.52,123.7,124.21,20.838462911941267,-46.64494131681528,22.451994586189578
2021-04-12,SMH,-0.014569749657892636,-1,1645,VAL,False,122.42,122.79,123.78,122.69,-32.73187720373867,-115.13820489959754,-10.653161686214384
2021-04-15,SMH,0.010298236941835558,1,1643,VAL,False,122.63,122.93,123.01,122.92,21.958219462689627,26.975930753669342,-1.6861661836196944
2021-04-19,SMH,-0.02825643119640676,-1,1645,VAL,False,118.98,119.42,119.0,119.13,-39.49075241170429,-5.682427458764123,-26.84974164311772
2021-04-20,SMH,-0.015491542455200204,-1,1645,VAL,False,117.58,117.75,118.0,117.92,-16.962356580860035,-39.73545176802024,11.919658355007826
2021-04-21,SMH,0.02131634819532913,1,1643,VAL,False,120.26,120.85,120.8,120.48,46.548606460314396,40.885553140494444,28.203315180257256
2021-04-22,SMH,-0.02267273479520062,-1,1645,VAL,False,118.12,118.18,118.75,118.09,-7.581350337119335,-57.357729588585016,-10.123711591333361
2021-04-23,SMH,0.02369267219495682,1,1643,VAL,False,120.98,120.9,121.03,120.86,-9.110510514858678,0.13206153611411298,0.8092870917801361
2021-04-26,SMH,0.014392059553349833,1,1643,VAL,False,122.66,122.96,123.27,122.72,21.952237630087513,45.711875071586675,17.052326171011494
2021-04-28,SMH,-0.012434554973821958,-1,1645,VAL,True,120.7,120.29,121.87,120.74,31.47651071224913,-100.97413020300822,34.77898660732525
2021-04-30,SMH,-0.028912685337726566,-1,1645,VAL,False,117.88,117.89,118.65,117.74,-3.3490325482815675,-69.34759873589938,-15.243621172001301
2021-05-04,SMH,-0.0178510127016821,-1,1645,VAL,False,114.44,115.07,116.33,114.46,-57.56494710336699,-169.21891893233484,-55.80755326323082
2021-05-07,SMH,0.013730369861838104,1,1643,VAL,False,118.14,118.18,116.97,117.99,0.8854670575958825,-102.99463723304096,13.599534521438509
2021-05-10,SMH,-0.0418852597732273,-1,1645,VAL,False,113.23,112.94,109.63,113.31,23.11749111281244,314.06334256341864,30.161446639340866
2021-05-12,SMH,-0.04259455638034635,-1,1645,VAL,False,108.34,108.49,110.31,108.4,-16.34926394546036,-185.90851269755345,-10.805159186819893
2021-05-13,SMH,0.017236611669278316,1,1643,VAL,False,110.36,109.72,111.42,110.38,-60.47703108888911,92.01168102733287,-62.27799556957605
2021-05-14,SMH,0.03445133065986147,1,1643,VAL,False,113.5,113.2,111.54,113.34,-28.924611553460544,-176.6173637519183,-14.84862723943675
2021-05-17,SMH,-0.015724381625441704,-1,1645,VAL,False,111.42,111.94,113.0,111.63,-49.182426684583355,-145.8633137505256,-30.277756706945038
2021-05-19,SMH,0.015091627739849145,1,1643,VAL,False,112.98,113.32,114.25,112.64,27.58679986431384,108.36512109863493,57.85472877015448
2021-05-20,SMH,0.02841510765972479,1,1643,VAL,False,116.54,116.13,116.82,116.28,-37.671760310715996,20.017276791765894,-15.396172571472528
2021-05-24,SMH,0.025878483642028688,1,1643,VAL,False,118.53,118.08,119.11,118.42,-40.45508286345836,44.91399028892428,-31.203690016937276
2021-05-28,SMH,0.01313258051024682,1,1643,VAL,False,121.12,120.89,121.75,121.0,-21.484185659566343,47.99452923153755,-11.588136918070465
2021-06-03,SMH,-0.013753912040849955,-1,1645,VAL,False,119.74,119.34,120.49,119.59,30.913565375508266,-66.6615701627046,18.40948505781035
2021-06-04,SMH,0.023546170604994154,1,1643,VAL,False,122.15,122.0,121.71,122.05,-14.776414344638605,-40.00607983192649,-6.595157822184343
2021-06-08,SMH,-0.01062778052397423,-1,1645,VAL,False,120.1,120.38,120.87,120.17,-25.820234821319243,-68.13968955323166,-19.98011318998452
2021-06-10,SMH,0.013332222314807051,1,1643,VAL,False,121.61,121.57,122.01,121.4,-5.7878811541371675,28.87967756337827,11.500294669237174
2021-06-17,SMH,0.014397367338543809,1,1643,VAL,False,123.32,122.92,121.87,123.2,-34.927331757131704,-121.53245640200412,-25.221092145206768
2021-06-18,SMH,-0.02220956719817771,-1,1645,VAL,False,120.19,119.79,119.79,120.5,30.78846071235834,29.293153746815076,56.43539496280808
2021-06-24,SMH,0.01571887087482509,1,1643,VAL,False,123.42,123.49,123.74,123.42,3.170772424675614,21.91815728573595,3.170772424675614
2021-06-28,SMH,0.02617673359889439,1,1643,VAL,False,126.23,125.99,125.99,126.21,-21.507660758904386,-23.004509452225687,-19.92640850642863
2021-07-01,SMH,-0.014227322747995616,-1,1645,VAL,False,125.41,125.34,126.35,125.16,3.082587652207687,-78.98493820444875,-16.885687779934624
2021-07-07,SMH,-0.014047619047619015,-1,1645,VAL,False,124.23,124.25,121.77,124.31,-4.110819749075031,194.0982255857119,2.3273498718716876
2021-07-08,SMH,-0.017062374245472873,-1,1645,VAL,False,122.13,122.59,123.25,122.19,-40.17470160698917,-95.7430493713571,-35.24458881464676
2021-07-09,SMH,0.018353862468390568,1,1643,VAL,False,124.85,124.68,125.27,124.62,-16.112436303287197,29.627714825477703,2.3139329765243684
2021-07-12,SMH,0.011950593519409648,1,1643,VAL,False,126.16,126.31,125.95,126.15,9.387191997238125,-20.63807276591537,10.180643221336208
2021-07-15,SMH,-0.026874453367257658,-1,1645,VAL,False,122.4,122.32,123.06,122.27,4.0370819261887965,-57.94394172952107,-6.590833174405281
2021-07-16,SMH,-0.021173969914977022,-1,1645,VAL,False,119.74,119.76,117.98,119.59,-4.1712033737990994,143.04314011290558,-16.719290007346128
2021-07-20,SMH,0.017205378768896704,1,1643,VAL,False,121.8,121.2,121.77,121.63,-51.748271035448155,-6.461269322490597,-37.843783705644775
2021-07-21,SMH,0.024257425742574237,1,1643,VAL,False,124.14,124.68,123.91,124.25,40.988902267879,-22.519259640902916,32.09949559383897
2021-07-27,SMH,-0.02189429785868958,-1,1645,VAL,False,121.97,122.49,122.88,121.8,-45.14459504182625,-78.6391598234375,-59.16491180009499
2021-07-28,SMH,0.020164911421340508,1,1643,VAL,True,124.96,124.67,124.8,124.7,-25.701125779964276,-16.798176856305037,-4.9046726340373725
2021-07-29,SMH,0.016042351808775165,1,1643,VAL,False,126.66,127.01,125.71,126.88,25.126626340610645,-78.97315215624151,7.743840576148564
2021-08-04,SMH,0.010252852297255723,1,1643,VAL,False,131.06,131.14,131.56,131.2,3.6030486562546096,34.13600814096475,-7.071527767616466
2021-08-10,SMH,-0.010546574287913814,-1,1645,VAL,False,128.53,128.24,128.76,128.33,20.067967534220685,-21.90261439823843,4.51442271622646
2021-08-17,SMH,-0.02003628618758375,-1,1645,VAL,False,124.25,124.37,124.27,124.01,-12.160862756054009,-5.611102099694574,-31.537675973224676
2021-08-19,SMH,0.01140343732182134,1,1643,VAL,False,124.15,123.84,124.14,123.93,-27.463053502871336,-4.804355278762925,-9.7598490468931
2021-08-23,SMH,0.028380768612317104,1,1643,VAL,False,127.91,127.95,128.26,127.91,0.6269170683102573,23.3528464348555,0.6269170683102573
2021-08-25,SMH,0.01249609497032173,1,1643,VAL,False,129.64,129.43,129.35,129.59,-18.69415533739722,-26.359893093888395,-14.843045743809817
2021-08-27,SMH,0.019285659183830905,1,1643,VAL,False,132.13,131.98,132.78,131.97,-13.84911846813915,45.17510181457388,-1.7419415260703113
2021-09-08,SMH,-0.013528833799410415,-1,1645,VAL,False,130.52,130.56,130.64,130.52,-5.5659308386346815,-13.19847175073842,-5.5659308386346815
2021-09-17,SMH,-0.017335425539864165,-1,1645,VAL,False,131.5,131.47,128.66,131.83,-0.21856082243008643,212.05518670274026,24.814224773196763
2021-09-20,SMH,-0.0336198372252225,-1,1645,VAL,False,127.04,128.27,129.09,127.47,-99.34460916112776,-165.43185841198328,-65.27605827119876
2021-09-22,SMH,0.018749027540065324,1,1643,VAL,True,130.95,130.86,131.7,130.9,-9.37063446416895,53.25166352754726,-5.554504072447261
2021-09-23,SMH,0.013296652911508333,1,1643,VAL,False,132.61,132.5,131.47,132.69,-10.792427141598225,-89.93118803281209,-16.815010650742803
2021-09-28,SMH,-0.03630287840814147,-1,1645,VAL,False,126.89,126.37,126.45,126.72,38.4901237478146,30.688776261044314,25.126355763574587
2021-09-29,SMH,-0.010999446071061174,-1,1645,VAL,False,124.92,124.47,125.26,124.7,33.531562220223485,-31.22910845377602,15.948378127909827
2021-10-04,SMH,-0.029494494896729097,-1,1645,VAL,False,120.75,121.19,122.16,121.11,-38.94853504862428,-120.81770391345171,-9.107717010332893
2021-10-05,SMH,0.016833072035646556,1,1643,VAL,False,123.21,122.89,121.47,123.26,-28.46492628265988,-145.16502591860433,-32.50984558889071
2021-10-07,SMH,0.017035775127768382,1,1643,VAL,False,125.35,124.8,125.36,125.0,-46.365677004208415,-3.2017529481729343,-18.495500899820012
2021-10-12,SMH,-0.010337810337810305,-1,1645,VAL,False,121.59,121.61,122.69,121.38,-4.145783511501215,-94.50496070099625,-21.4539942096192
2021-10-14,SMH,0.028699551569506692,1,1643,VAL,False,126.17,126.33,127.35,125.95,10.178633212091205,89.48800713028486,27.66366139237445
2021-10-19,SMH,0.010203286860347398,1,1643,VAL,False,129.68,129.86,129.52,129.63,11.377351303335818,-16.332328845766558,15.23887153449614
2021-10-28,SMH,0.01662817551963046,1,1643,VAL,False,132.05,132.37,131.34,131.93,21.727687783154675,-57.74520976153076,30.843183292394322
2021-11-04,SMH,0.04011670313639679,1,1643,VAL,False,142.61,142.77,143.93,141.98,8.717105187053937,88.5239122149616,53.12823193919024
2021-11-08,SMH,0.019389811661686154,1,1643,VAL,False,146.67,146.48,147.97,146.37,-15.4505132245532,84.59970240901045,5.013822677835638
2021-11-10,SMH,-0.029724570493591583,-1,1645,VAL,False,142.31,142.05,144.33,141.91,15.774042307583043,-146.0012331325793,-12.368374598040617
2021-11-11,SMH,0.016543470608940472,1,1643,VAL,False,144.42,144.6,145.07,144.66,9.961032305380018,40.990417066843605,-6.64611996721301
2021-11-12,SMH,0.012586445366528308,1,1643,VAL,False,146.41,146.07,147.05,146.12,-25.716153128912808,39.69617933527122,-5.920489868630212
2021-11-16,SMH,0.012270359199341871,1,1643,VAL,False,147.68,147.77,147.82,147.72,3.5932344950298676,5.476965278665931,0.8844358937604411
2021-11-18,SMH,0.023282728572401226,1,1643,VAL,False,150.31,150.51,150.21,150.4,10.803008715003475,-10.649456829410502,4.812501595425693
2021-11-23,SMH,-0.011128242944291726,-1,1645,VAL,False,147.49,148.09,146.68,147.65,-43.19139643238097,50.94014938318953,-32.30815482432746
2021-11-29,SMH,0.037934595524956906,1,1643,VAL,False,150.76,151.08,150.45,150.75,18.720983847806973,-24.553460228622257,19.385575621195606
2021-11-30,SMH,-0.01998940958432625,-1,1645,VAL,False,148.09,147.92,150.71,148.65,8.981876056485406,-180.99102297331555,46.620423983887875
2021-12-03,SMH,-0.016646366220056896,-1,1645,VAL,False,145.32,146.1,145.33,144.81,-56.18857049692411,-4.689211995992985,-91.60502081771243
2021-12-07,SMH,0.0453483578397691,1,1643,VAL,False,152.15,152.6,151.76,152.18,27.069183600019205,-29.621548578881253,25.092497599834264
2021-12-09,SMH,-0.01974463604054232,-1,1645,VAL,False,148.94,148.26,150.76,148.97,43.16688502196187,-126.24654647593789,45.172020240121356
2021-12-13,SMH,-0.02037533512064338,-1,1645,VAL,False,146.15,145.33,143.47,146.06,53.62026904183401,179.44581047581536,47.49145776026179
2021-12-15,SMH,0.029136964495812715,1,1643,VAL,True,148.72,150.47,151.21,148.95,115.14187883241101,163.362566862638,99.52266008698419
2021-12-16,SMH,-0.039675682860370834,-1,1645,VAL,False,144.52,143.93,142.66,144.24,38.3345074771943,124.75260067236573,18.99683181228392
2021-12-21,SMH,0.03397102264734832,1,1643,VAL,False,147.01,147.31,146.34,146.67,17.902174275709793,-49.55610469634486,41.12496516173805
2021-12-23,SMH,0.010263634534111499,1,1643,VAL,False,150.59,150.35,150.86,150.74,-18.432829802988362,13.92310687208661,-28.365396311743194
2021-12-27,SMH,0.024210176255404156,1,1643,VAL,False,154.0,154.4,155.02,154.04,23.46803366599409,62.20807786494748,20.865211533128324
2022-01-03,SMH,0.020649359272292576,1,1643,VAL,False,153.74,153.93,154.61,153.72,9.855938269871759,52.56721518971945,11.15828746818947
2022-01-05,SMH,-0.031215307255273307,-1,1645,VAL,False,148.37,147.88,147.75,148.73,30.53330218513906,37.80334148652229,54.66433164263463
2022-01-06,SMH,0.010887205842575154,1,1643,VAL,False,149.47,149.34,149.06,149.06,-11.19472365645766,-31.41848381511052,16.280186871522602
2022-01-07,SMH,-0.026181866880942792,-1,1645,VAL,False,145.42,144.8,142.91,145.12,40.14528665600873,168.67174837800786,19.55573033018788
2022-01-10,SMH,-0.012154696132596817,-1,1645,VAL,False,143.01,144.99,144.6,143.89,-140.98697650166028,-115.22631776197974,-78.96690186602474
2022-01-11,SMH,0.020208290226912052,1,1643,VAL,False,147.89,147.91,149.16,147.57,-1.1474816403260393,81.84109340820488,20.534654334972686
2022-01-14,SMH,0.018283531177513836,1,1643,VAL,False,149.25,149.69,147.15,149.42,26.973868207931844,-144.6464475949028,15.565853500428048
2022-01-18,SMH,-0.039748814216046424,-1,1645,VAL,False,143.75,142.99,144.32,142.97,50.38228515268015,-43.668838115448764,-3.899744766749665
2022-01-19,SMH,-0.020630813343590577,-1,1645,VAL,False,140.05,139.04,140.19,140.17,69.63463381716056,-14.001229378327677,78.13605240845501
2022-01-20,SMH,-0.01769275028768685,-1,1645,VAL,False,136.58,134.78,134.13,135.75,129.3233459988246,175.45301416411795,68.9722474881704
2022-01-21,SMH,-0.01209378246030565,-1,1645,VAL,False,133.15,132.54,129.83,133.53,43.323948304495424,245.44180334377043,71.65868132062795
2022-01-25,SMH,-0.03128724672228857,-1,1645,VAL,False,130.02,128.92,132.88,129.87,82.12302358949033,-224.05496327691867,70.66786422657712
2022-01-26,SMH,0.016599441514117397,1,1643,VAL,True,131.07,130.78,132.09,130.64,-24.61955156081058,73.79068933295002,8.214294067090687
2022-01-27,SMH,-0.04060253861446706,-1,1645,VAL,False,125.5,125.2,125.06,125.79,21.40985966117452,31.072987505867637,44.41479757912002
2022-01-31,SMH,0.038157173078429876,1,1643,VAL,False,132.49,134.32,135.24,133.07,135.58960786904956,203.48062623870337,91.41254337244024
2022-02-02,SMH,0.02201630837657523,1,1643,VAL,False,137.86,138.34,134.93,137.97,32.30972839234637,-216.4486586216771,24.31122096230344
2022-02-03,SMH,-0.03570912245193001,-1,1645,VAL,False,133.41,132.2,131.66,132.92,88.22002763493938,127.22625478547546,51.68096514277201
2022-02-04,SMH,0.01096822995461435,1,1643,VAL,False,133.67,132.92,133.53,133.25,-58.593802298864986,-14.468565851427694,-27.258788392414665
2022-02-08,SMH,0.01750169007736808,1,1643,VAL,False,135.46,135.86,137.93,135.6,27.022131377652396,178.2695284359637,16.669748646143578
2022-02-09,SMH,0.033490357721183445,1,1643,VAL,False,140.44,140.59,137.47,140.4,8.178547998746986,-215.3928371261084,11.029880918404768
2022-02-10,SMH,-0.027455722313109138,-1,1645,VAL,False,136.75,136.38,136.56,136.19,24.562938181787217,9.898725631782195,-16.455086303259343
2022-02-11,SMH,-0.0512538495380555,-1,1645,VAL,False,129.4,129.37,129.8,128.94,-0.1815278047889906,-34.92506847582841,-35.857683402666545
2022-02-15,SMH,0.05329517326732663,1,1643,VAL,False,136.17,136.31,134.6,136.12,7.779196161945129,-119.25014571147429,11.455283142608945
2022-02-17,SMH,-0.03631961259079895,-1,1645,VAL,False,131.35,130.82,131.26,131.31,37.859798834526195,2.853863502048946,34.82510529978811
2022-02-23,SMH,-0.016656288916562786,-1,1645,VAL,False,126.33,125.79,120.92,125.97,40.255379501450975,424.4140207761336,11.792189349990764
2022-02-24,SMH,0.02392877017250978,1,1643,VAL,False,128.8,130.11,130.0,129.34,99.18315249993543,89.13124207456545,57.01863338481249
2022-02-28,SMH,-0.020391146149181305,-1,1645,VAL,False,129.23,130.79,130.34,129.49,-123.24568914401979,-89.92853279315031,-102.91945639108273
2022-03-01,SMH,-0.03616484440706468,-1,1645,VAL,False,126.08,126.66,127.61,125.98,-48.514541106191636,-125.40087332187224,-56.490818722563276
2022-03-02,SMH,0.03481762198010419,1,1643,VAL,False,131.1,130.8,131.21,130.96,-25.377075614623763,4.3879858658338735,-14.71391732649244
2022-03-03,SMH,-0.021253822629969426,-1,1645,VAL,False,127.98,127.99,126.59,127.37,-3.2820675715076395,104.65337324380087,-51.18975432049649
2022-03-04,SMH,-0.034690210172669725,-1,1645,VAL,False,123.55,124.54,124.72,123.54,-82.65003870867397,-98.73718976899316,-83.46618328036772
2022-03-07,SMH,-0.044403404528665494,-1,1645,VAL,False,118.99,118.34,118.53,119.18,52.13959843821704,34.673377233644075,67.99874826450352
2022-03-08,SMH,0.023576136555686935,1,1643,VAL,False,121.12,120.13,124.31,120.7,-84.2161901173275,259.2706359652768,-49.71221994209345
2022-03-09,SMH,0.04969616249063514,1,1643,VAL,False,126.11,125.35,123.02,125.63,-62.749285049024394,-248.92539531900132,-24.78159943908648
2022-03-10,SMH,-0.022975668129238097,-1,1645,VAL,False,122.46,122.64,124.46,122.48,-17.202852623440734,-167.38477533821228,-15.567123875461228
2022-03-11,SMH,-0.016063274624918453,-1,1645,VAL,False,120.66,119.88,119.76,120.58,62.16011974150103,70.61879805100774,55.56676105498054
2022-03-14,SMH,-0.029029029029028944,-1,1645,VAL,False,116.39,116.42,117.5,116.73,-5.078685640040916,-99.40797335513057,24.063152388893524
2022-03-15,SMH,0.04208898814636653,1,1643,VAL,False,121.33,121.29,123.48,121.27,-5.795469934281748,173.1326033482842,-0.8506998196289313
2022-03-16,SMH,0.04369692472586361,1,1643,VAL,True,126.59,127.72,126.45,126.58,86.7427430857924,-15.05410269553621,87.53961010610256
2022-03-18,SMH,0.02233115468409567,1,1643,VAL,False,131.4,131.29,130.92,131.26,-10.868792755908132,-40.51427157490911,-0.21453122144079861
2022-03-23,SMH,-0.02039578436575933,-1,1645,VAL,False,129.21,128.59,130.13,129.45,45.495400449952776,-75.23120598115227,63.9510289079799
2022-03-24,SMH,0.04510459600279946,1,1643,VAL,False,134.37,134.85,134.66,134.34,33.213830553826426,17.574367094283144,35.454387461050445
2022-03-25,SMH,-0.01245828698553954,-1,1645,VAL,False,133.18,134.29,133.31,133.45,-85.8671884549606,-13.765930840468988,-65.46116267090217
2022-03-29,SMH,0.024323525062842088,1,1643,VAL,False,138.55,138.32,137.52,138.44,-19.09585603629853,-78.31086254780652,-11.165348554095724
2022-03-30,SMH,-0.031810294968189747,-1,1645,VAL,False,133.91,134.31,134.0,133.84,-32.37877804819538,-10.724421039835569,-37.62583807855532
2022-03-31,SMH,-0.012285012285012328,-1,1645,VAL,False,132.65,131.59,132.07,132.39,77.4290176542643,39.740778913416754,57.942134540660724
2022-04-01,SMH,-0.025457861539630627,-1,1645,VAL,False,128.24,129.45,129.78,128.25,-96.87842902329453,-124.13618094797916,-96.09114805417022
2022-04-04,SMH,0.015913480108149882,1,1643,VAL,False,131.48,131.59,130.68,131.34,5.864700196561305,-64.82062273276964,16.530308983126922
2022-04-05,SMH,-0.04445626567368347,-1,1645,VAL,False,125.73,125.91,123.28,125.78,-16.820472183197655,190.93916612003045,-12.838590933324072
2022-04-06,SMH,-0.019617186879517107,-1,1645,VAL,False,123.43,123.31,122.77,123.67,7.224040611411044,49.49219609781255,26.616506288238774
2022-04-08,SMH,-0.02108165085542848,-1,1645,VAL,False,120.75,120.4,118.65,120.73,26.49225497273335,169.98182245144696,24.8400545676923
2022-04-11,SMH,-0.018438538205980057,-1,1645,VAL,False,118.16,117.69,120.05,117.8,37.286020169504376,-164.0174006365251,6.839695613145418
2022-04-13,SMH,0.025884161968221433,1,1643,VAL,False,120.12,119.84,120.46,120.23,-25.803697069444297,24.294508397687434,-34.929219761970025
2022-04-14,SMH,-0.025283711615487325,-1,1645,VAL,False,116.8,116.19,115.7,116.54,49.7385864159125,90.21496080037923,27.53961638389083
2022-04-18,SMH,0.015233668990446649,1,1643,VAL,False,117.95,118.18,117.51,117.75,16.995413973585332,-41.28822391519915,34.0094189230098
2022-04-19,SMH,0.021069554916229437,1,1643,VAL,False,120.68,120.69,122.7,120.53,-1.6710694983978085,163.31867865737388,10.77188528111974
2022-04-21,SMH,-0.026645637918153844,-1,1645,VAL,False,117.24,117.17,117.04,117.12,3.4716513415251153,13.06504903846543,-6.770693278000291
2022-04-22,SMH,-0.01664248527780151,-1,1645,VAL,False,115.21,114.49,113.72,115.14,60.009701792800314,125.37999310651021,53.966629699050415
2022-04-25,SMH,0.010044545375141984,1,1643,VAL,False,115.64,116.47,115.26,115.97,69.25703237076496,-36.8466604154081,40.604322008754316
2022-04-26,SMH,-0.037520391517128916,-1,1645,VAL,False,112.1,111.5,110.21,112.37,51.03652309409161,164.6661178801331,74.94165915144357
2022-04-28,SMH,0.060832732516222066,1,1643,VAL,False,117.7,117.3,115.07,117.4,-36.475712504058464,-227.35928600176396,-11.015258617782468
2022-04-29,SMH,-0.039386189258311936,-1,1645,VAL,False,112.68,112.11,112.12,112.74,48.09787836161387,45.7173436817288,53.39426054449663
2022-05-02,SMH,0.020158772634020203,1,1643,VAL,False,114.36,115.37,114.97,114.12,85.79601848080985,49.31979676118029,107.00694596446974
2022-05-04,SMH,0.03163958387069033,1,1643,VAL,True,120.01,120.3,118.29,120.17,21.659112890361783,-147.2632729516085,8.315803761107654
2022-05-05,SMH,-0.05993349958437235,-1,1645,VAL,False,113.08,114.66,113.69,113.83,-142.259527250339,-57.966492484913914,-75.4344842437704
2022-05-06,SMH,-0.015000872143729277,-1,1645,VAL,False,112.93,113.48,111.02,113.32,-51.21541442796789,165.19818618819883,-16.623338787066967
2022-05-09,SMH,-0.04767359887204803,-1,1645,VAL,False,108.06,107.74,111.02,107.87,27.120082539549706,-278.032286079648,9.554056913171403
2022-05-10,SMH,0.03165026916651208,1,1643,VAL,False,111.16,110.52,109.45,110.52,-60.05977645780724,-157.76999332051506,-2.499500099980189
2022-05-11,SMH,-0.023887079261672103,-1,1645,VAL,False,107.88,107.13,105.96,107.68,67.03857456697115,174.0459326570548,48.589537744102394
2022-05-13,SMH,0.05871423262727604,1,1643,VAL,False,113.96,113.28,112.2,113.4,-62.15464523802716,-158.37759089108727,-13.078865708339327
2022-05-16,SMH,-0.011740819209039534,-1,1645,VAL,False,111.92,111.45,114.5,111.55,39.504282200255524,-234.6148286126126,6.466331365777959
2022-05-17,SMH,0.048811126065500206,1,1643,VAL,False,116.89,116.78,114.86,116.61,-11.907704865048714,-177.59729771899936,12.07536556319762
2022-05-18,SMH,-0.050179825312553515,-1,1645,VAL,False,110.91,111.2,110.46,111.26,-28.65436490057221,36.588870384301494,2.8936220463570312
2022-05-20,SMH,-0.018520183403758,-1,1645,VAL,False,109.15,111.29,110.86,110.29,-198.60999226872403,-160.72861846762254,-93.19322382928002
2022-05-24,SMH,-0.027010162239258343,-1,1645,VAL,False,109.15,109.22,108.75,109.51,-8.915296572827938,32.660677806657446,23.98772147818277
2022-05-25,SMH,0.024262955502655243,1,1643,VAL,False,111.89,111.49,110.41,111.37,-38.239961266840695,-136.21906952955683,8.27270121085776
2022-05-26,SMH,0.030496008610637778,1,1643,VAL,False,114.87,115.22,117.1,115.38,27.96211019831474,190.0556599744731,-16.363255343383774
2022-05-27,SMH,0.03992362437076891,1,1643,VAL,False,119.82,119.79,119.55,119.66,-5.002629919682695,-26.523989143081845,8.361899406848472
2022-06-01,SMH,-0.012490569201106623,-1,1645,VAL,False,117.78,117.33,117.21,118.17,35.715879803570935,44.413875133661925,68.60130594283295
2022-06-02,SMH,0.02735873178215297,1,1643,VAL,False,120.55,121.47,118.83,120.85,73.79830545711755,-146.62152596440373,48.79094516223004
2022-06-03,SMH,-0.029389972832798168,-1,1645,VAL,False,117.94,117.89,119.85,117.86,1.7400037579147718,-166.01234440545832,-5.046529414487463
2022-06-08,SMH,-0.02093668544521995,-1,1645,VAL,False,116.44,116.46,115.67,116.45,-4.2185524016514355,62.15413470876959,-3.3594524830256214
2022-06-09,SMH,-0.02026446848703417,-1,1645,VAL,False,114.12,113.36,111.25,113.92,64.11271739100631,247.58947583417884,46.66909505496487
2022-06-10,SMH,-0.030345800988002804,-1,1645,VAL,False,109.92,109.16,105.22,109.61,66.6579822514706,423.7539647667522,38.56441391370881
2022-06-13,SMH,-0.05533162330523994,-1,1645,VAL,False,103.1,103.1,104.28,103.04,-2.5005001000209837,-118.4985784741813,-8.32493750302856
2022-06-15,SMH,0.02917669715936448,1,1643,VAL,True,106.91,105.75,102.5,106.02,-110.97485862475747,-416.33072693290336,-27.960027688858354
2022-06-16,SMH,-0.0584397163120568,-1,1645,VAL,False,99.58,99.49,99.98,99.17,6.539719271429227,-44.185579433620454,-34.7763915997895
2022-06-17,SMH,0.01055382450497549,1,1643,VAL,False,100.52,100.3,102.31,100.19,-24.380221448746713,174.0035995984257,8.476895298652583
2022-06-21,SMH,0.029810568295114748,1,1643,VAL,False,103.29,103.15,101.16,103.18,-16.050183321840198,-210.13224017990478,-5.406313581245076
2022-06-22,SMH,-0.01076102762966553,-1,1645,VAL,False,102.03,101.69,102.2,101.9,30.831364743986704,-20.66923234690939,18.113092687231806
2022-06-24,SMH,0.034101018088366145,1,1643,VAL,False,104.61,105.43,106.41,104.58,75.86729475632474,167.9996664848274,78.7576755063983
2022-06-28,SMH,-0.021602588503996916,-1,1645,VAL,False,102.78,102.43,101.51,102.74,31.561332698528382,119.6135315796372,27.68029759348615
2022-06-29,SMH,-0.017670604315142068,-1,1645,VAL,False,100.61,100.62,99.05,100.47,-3.4946856183703114,151.11540348025963,-17.43406310405334
2022-06-30,SMH,-0.010137149672033495,-1,1645,VAL,False,99.59,99.37,97.64,99.43,19.595594990068484,191.88032806882742,3.535404858302317
2022-07-01,SMH,-0.03934789171782239,-1,1645,VAL,False,95.45,95.59,93.16,95.77,-17.171532787437958,236.011371996769,16.299229356154214
2022-07-06,SMH,0.015090019773129387,1,1643,VAL,False,97.54,96.75,99.04,97.12,-83.47166941432317,149.72236227349572,-40.58717704564513
2022-07-07,SMH,0.04909560723514212,1,1643,VAL,False,101.5,101.21,99.71,101.19,-31.063787242551204,-180.2833521965556,-0.5235142318304783
2022-07-11,SMH,-0.021422955974842832,-1,1645,VAL,False,99.58,99.32,100.31,99.47,23.615689195280304,-77.33802233433177,12.583194230079734
2022-07-13,SMH,0.010374697824335226,1,1643,VAL,False,100.28,100.07,99.77,100.2,-23.435629986089495,-54.83645991184694,-15.470309131786916
2022-07-14,SMH,0.02408314180073959,1,1643,VAL,False,102.52,102.18,103.65,102.05,-35.65547132477486,106.17911532792999,10.236169326644905
2022-07-15,SMH,0.02172636523781561,1,1643,VAL,False,104.41,104.76,106.28,104.43,31.013814476832877,175.0307921367561,29.092716360490062
2022-07-19,SMH,0.045585689555683734,1,1643,VAL,False,108.73,108.73,108.38,108.73,-2.4995000999795445,-36.17615481778114,-2.4995000999795445
2022-07-20,SMH,0.026119746160213272,1,1643,VAL,False,111.56,111.3,111.77,111.42,-25.79951919261261,14.817223002154805,-13.266867358892958
2022-07-21,SMH,0.012219227313566932,1,1643,VAL,False,112.65,113.16,112.78,112.73,42.76215329503924,7.5363533595986265,35.635204193083545
2022-07-22,SMH,-0.024213503004595217,-1,1645,VAL,False,110.41,110.6,109.91,110.15,-19.71338928595452,41.30307086686863,-43.364097240691606
2022-07-25,SMH,-0.012115732368896829,-1,1645,VAL,False,109.26,109.92,109.6,109.4,-62.9219748397785,-35.13168311860973,-50.04437816265263
2022-07-26,SMH,-0.016921397379912658,-1,1645,VAL,False,108.06,108.26,109.98,108.12,-21.013364249752765,-181.7509531889728,-15.452313548170942
2022-07-27,SMH,0.05163495289118778,1,1643,VAL,True,113.84,113.33,113.56,113.86,-47.28802131351735,-28.585287861612397,-49.03625809178654
2022-07-28,SMH,0.012882731845054337,1,1643,VAL,False,114.78,114.71,113.51,114.55,-8.596599202550241,-114.6014045143563,11.46470836779833
2022-08-03,SMH,0.02403388951327052,1,1643,VAL,False,118.44,118.43,118.31,118.58,-3.3435984197945285,-14.970832243547061,-15.146026284706302
2022-08-05,SMH,-0.010113674356402489,-1,1645,VAL,False,118.45,118.82,117.32,118.55,-33.74511964444382,91.4362695249057,-25.281395376502314
2022-08-08,SMH,-0.0215451944117151,-1,1645,VAL,False,116.25,116.77,114.26,116.72,-47.242867928425305,167.25048235453457,-6.785327250508507
2022-08-09,SMH,-0.03999314892523766,-1,1645,VAL,False,112.11,111.88,114.84,111.94,18.020194887251105,-247.60906155006643,2.860854464978547
2022-08-10,SMH,0.03834465498748665,1,1643,VAL,False,116.16,116.41,117.23,116.33,19.017159033758702,88.07828654654931,4.3757688761402855
2022-08-12,SMH,0.02886845948964687,1,1643,VAL,False,119.75,119.67,118.95,119.67,-9.17841483895261,-70.77832867664358,-2.4995000999796924
2022-08-16,SMH,-0.011312593578439523,-1,1645,VAL,False,118.89,118.86,117.2,118.84,0.023471764753482664,138.20427471817948,-4.183855956652141
2022-08-17,SMH,-0.02086488305569581,-1,1645,VAL,False,116.39,116.31,116.19,116.46,4.374661340034689,13.189681496744416,10.382679317933166
2022-08-18,SMH,0.01762531166709653,1,1643,VAL,False,118.36,117.93,116.43,118.28,-38.82026061837218,-166.9958336821975,-32.08290536684704
2022-08-19,SMH,-0.02738912914440773,-1,1645,VAL,False,114.69,114.61,112.37,114.68,4.476568868572668,198.36454866175904,3.604967592750609
2022-08-22,SMH,-0.035337230608149355,-1,1645,VAL,False,110.56,110.62,110.62,110.25,-7.9287746116517,-9.429888872129165,-36.06898250398401
2022-08-25,SMH,0.02534603631134274,1,1643,VAL,False,114.08,115.0,114.75,114.55,78.12550393147211,54.708027538953594,36.7748362156465
2022-08-26,SMH,-0.048260869565217364,-1,1645,VAL,False,109.48,108.6,107.74,108.75,77.89957699248959,154.99592428533342,11.296052313910153
2022-08-29,SMH,-0.013259668508287272,-1,1645,VAL,False,107.16,106.59,107.67,107.34,50.70428979412649,-51.612226140637986,67.38840781012408
2022-08-30,SMH,-0.013791162397973532,-1,1645,VAL,False,105.08,105.37,106.01,105.29,-30.105421541105247,-92.54020579525233,-10.100462489687475
2022-09-01,SMH,-0.027329192546583843,-1,1645,VAL,False,101.78,102.37,103.66,101.63,-60.48316167458337,-188.78682397906022,-75.33185275252582
2022-09-07,SMH,0.0225481392796567,1,1643,VAL,False,102.49,101.83,100.85,102.13,-66.87993067792979,-163.9508179932944,-31.86648482503673
2022-09-09,SMH,0.0263540354616802,1,1643,VAL,False,105.92,105.77,106.2,105.92,-16.657591820004836,22.42527325350814,-16.657591820004836
2022-09-13,SMH,-0.0570593228331604,-1,1645,VAL,False,99.98,99.72,100.6,99.61,23.511203540967905,-66.03801256350226,-13.546329384339876
2022-09-15,SMH,-0.021726190476190455,-1,1645,VAL,False,98.61,99.01,98.03,98.82,-43.07448042696603,54.840295713538886,-21.732184931219567
2022-09-20,SMH,-0.012486265108380782,-1,1645,VAL,False,98.88,98.72,98.98,99.27,13.684775790108318,-14.11811488511306,52.917806287155194
2022-09-22,SMH,-0.021041879468845785,-1,1645,VAL,False,95.87,95.19,94.12,95.97,68.44661933325524,178.61108468695014,78.79522137625362
2022-09-23,SMH,-0.017018594390167084,-1,1645,VAL,False,93.57,93.82,93.84,94.01,-29.22514608725005,-32.867747002431095,17.715169456613367
2022-09-28,SMH,0.015091512362196259,1,1643,VAL,False,94.86,94.62,92.85,94.81,-27.79361901180572,-215.80566872077756,-22.534571242063382
2022-09-29,SMH,-0.0349820333967449,-1,1645,VAL,False,91.3,91.64,90.55,91.63,-39.74968049469859,78.17883401433946,-3.5921186201684696
2022-10-03,SMH,0.043637169121718875,1,1643,VAL,False,94.23,93.53,96.4,93.84,-76.76725293803612,226.19629740612532,-35.52619612479879
2022-10-04,SMH,0.03827648882711428,1,1643,VAL,False,97.12,97.53,96.1,97.2,39.70576354251403,-108.98191037245755,31.442631226841115
2022-10-05,SMH,0.014354557572029178,1,1643,VAL,False,98.92,98.49,98.2,98.88,-45.95810518446346,-76.75618131529332,-41.931389207594876
2022-10-07,SMH,-0.06103046411776732,-1,1645,VAL,False,91.84,91.99,91.83,92.0,-18.83733671821457,-2.911514358619817,-1.413271784792447
2022-10-10,SMH,-0.031851288183498125,-1,1645,VAL,False,89.03,88.91,87.25,89.21,10.981472942910345,196.01179586698103,31.13642569338806
2022-10-11,SMH,-0.03981554380834543,-1,1645,VAL,False,85.41,86.11,86.12,85.79,-84.4786098069655,-87.1624974801785,-39.81021172179455
2022-10-13,SMH,0.03364879074658249,1,1643,VAL,False,88.45,88.21,89.05,88.31,-29.62669195951841,63.80860628326514,-13.820415624724198
2022-10-14,SMH,-0.03684389524997166,-1,1645,VAL,False,84.94,84.45,86.67,84.9,55.20170433898241,-207.75546679856254,50.51628700298216
2022-10-17,SMH,0.022616933096506767,1,1643,VAL,False,86.39,86.45,89.0,86.47,4.444012227765933,297.9982774136226,-4.81186288473649
2022-10-21,SMH,0.03425904848622815,1,1643,VAL,False,90.87,90.89,90.62,90.9,-0.2991038196014687,-31.500027715377154,-3.5993351384729086
2022-10-25,SMH,0.016012283395481396,1,1643,VAL,False,92.64,92.62,91.08,92.52,-4.6578551301832505,-172.32563849924324,8.306272165369368
2022-10-28,SMH,0.036215082256817945,1,1643,VAL,False,93.85,94.02,93.25,93.98,15.609984023440493,-67.90543862458107,1.7556607852722026
2022-10-31,SMH,-0.017017655817911023,-1,1645,VAL,False,92.42,92.29,94.28,92.61,11.569236591310688,-205.3364578996734,32.06164394524215
2022-11-02,SMH,-0.02270526202518039,-1,1645,VAL,True,90.81,90.26,88.89,90.88,58.08066139160995,207.51424814199765,65.73838975541484
2022-11-04,SMH,0.041811456114785386,1,1643,VAL,False,92.93,93.35,93.9,93.12,42.68451162882584,100.33869692218957,22.19363902133562
2022-11-07,SMH,0.021853240492769217,1,1643,VAL,False,95.39,95.2,96.96,95.38,-22.412751960562446,160.52246097588363,-21.366663970623307
2022-11-08,SMH,0.023844537815126007,1,1643,VAL,False,97.48,97.25,95.96,97.45,-26.088186137906725,-159.86626228303967,-23.017715594901446
2022-11-09,SMH,-0.02611825192802063,-1,1645,VAL,False,94.71,94.61,100.12,94.64,8.060687208710961,-575.4467333124527,0.670199551320944
2022-11-10,SMH,0.10009512736497198,1,1643,VAL,False,104.08,104.27,104.62,103.97,15.751125332197676,47.86321751791227,26.34776497619642
2022-11-11,SMH,0.03126498513474638,1,1643,VAL,False,107.57,107.69,107.23,107.61,8.653238209846464,-35.59388522035138,4.932895030508681
2022-11-15,SMH,0.032155245148589036,1,1643,VAL,False,110.15,110.03,107.67,110.26,-13.391012219707621,-229.0566852585005,-23.35407215672775
2022-11-16,SMH,-0.03944378805780245,-1,1645,VAL,False,105.68,106.07,103.99,106.11,-39.41358862234176,155.9799090779562,1.2701154876155651
2022-11-21,SMH,-0.015597272812178832,-1,1645,VAL,False,105.39,105.19,106.07,105.15,16.481377687435373,-68.54886491104047,-6.305540708712007
2022-11-22,SMH,0.022055328453275097,1,1643,VAL,False,107.51,108.25,108.23,107.78,66.31410207587273,62.94453136160942,41.096948544971774
2022-11-28,SMH,-0.028078954684459284,-1,1645,VAL,False,104.89,105.36,105.76,105.12,-47.320551916657855,-86.97802102130834,-25.337259232669123
2022-11-30,SMH,0.04853444994290073,1,1643,VAL,False,110.18,111.07,111.78,110.25,78.25722022050313,141.15964245887363,71.85832674734851
2022-12-02,SMH,-0.013638005780346867,-1,1645,VAL,False,109.22,109.19,108.72,108.99,0.2469364043093164,41.796676493328356,-20.85539596221122
2022-12-05,SMH,-0.016393442622950748,-1,1645,VAL,False,107.4,107.89,107.8,107.59,-48.135744467329225,-41.259648577758576,-30.391104710393325
2022-12-06,SMH,-0.029381777736583573,-1,1645,VAL,False,104.71,105.53,104.59,105.51,-80.83160897292687,7.46400832071722,-4.396529007251832
2022-12-08,SMH,0.02739336492890996,1,1643,VAL,False,108.38,108.19,107.88,108.18,-20.026028010858067,-50.11472331848407,-1.5753458663054714
2022-12-12,SMH,0.015281401416325016,1,1643,VAL,False,108.98,109.23,114.15,108.71,20.43475503834906,470.21005048393954,45.322229823192885
2022-12-13,SMH,0.015929689645701683,1,1643,VAL,False,110.99,111.05,110.74,111.08,2.9050411198962154,-26.51474390228761,-5.199581257676675
2022-12-14,SMH,-0.02188203511931556,-1,1645,VAL,True,108.59,109.14,107.28,109.22,-53.162395993334115,116.68472381279909,4.82599724486097
2022-12-15,SMH,-0.03161077515118199,-1,1645,VAL,False,105.69,104.98,104.52,104.96,64.6938925111159,106.74459615170329,-4.406464372143586
2022-12-19,SMH,-0.018143419410578867,-1,1645,VAL,False,102.26,102.94,101.79,102.21,-69.01429180809683,41.97886320858984,-73.93994208292933
2022-12-21,SMH,0.02020892316704084,1,1643,VAL,False,104.5,104.72,102.59,104.64,18.547869373494194,-186.70122434843074,5.143848906060148
2022-12-22,SMH,-0.04001145912910617,-1,1645,VAL,False,100.52,100.38,99.68,100.16,11.43055909231914,79.5980923204124,-24.470848642572335
2022-12-27,SMH,-0.013051708677891823,-1,1645,VAL,False,99.06,98.58,98.14,99.01,45.96709771996778,88.90936273263159,40.94031613109856
2022-12-28,SMH,-0.013795901805640083,-1,1645,VAL,False,97.24,97.32,98.87,97.19,-10.729624328814987,-171.69435532519967,-15.879706448543152
2022-12-29,SMH,0.032264693793670376,1,1643,VAL,False,100.46,100.5,99.0,100.66,1.4811889304412411,-149.27255440808997,-18.390619511703044
2022-12-30,SMH,-0.01114427860696522,-1,1645,VAL,False,99.38,100.11,101.9,99.53,-75.97429125591776,-257.6743966221308,-60.78895875628456
2023-01-04,SMH,0.021139520837527626,1,1643,VAL,False,101.4,101.86,100.63,101.06,42.854052463668204,-79.90571510944504,76.64160815175121
2023-01-05,SMH,-0.016493225996465664,-1,1645,VAL,False,100.16,100.04,101.69,100.23,9.483326377734135,-156.8175056736584,16.46064022741688
2023-01-06,SMH,0.046881247500999576,1,1643,VAL,False,104.74,104.41,106.34,104.77,-33.99821276913182,148.69892166306212,-36.85189276929339
2023-01-09,SMH,0.026146920793027526,1,1643,VAL,False,107.13,106.69,106.31,107.16,-43.560829512431546,-80.51110771031432,-46.3481865030509
2023-01-10,SMH,0.010497703627331564,1,1643,VAL,False,107.82,108.07,107.95,107.75,20.681497163746826,8.05311020897364,27.191452660744204
2023-01-12,SMH,0.013993049204316819,1,1643,VAL,False,110.88,110.98,109.79,110.71,6.517004679872535,-102.26435953790383,21.88244493635876
2023-01-19,SMH,-0.01679540147296573,-1,1645,VAL,False,109.45,108.61,109.63,109.06,74.26606381120787,-20.453245514336775,38.77150819857615
2023-01-20,SMH,0.030199797440383033,1,1643,VAL,False,111.89,112.15,112.96,111.78,20.73179965847972,91.59219188426026,30.59295995515569
2023-01-23,SMH,0.04128399465002225,1,1643,VAL,False,116.8,117.43,115.87,117.01,51.42537417174229,-83.59064488472056,33.3858961051136
2023-01-26,SMH,0.015592871830020626,1,1643,VAL,False,118.55,118.81,116.85,118.27,19.426692476773887,-147.34126139765695,43.14732724377749
2023-01-30,SMH,-0.024315851902058837,-1,1645,VAL,False,115.16,115.2,114.88,115.47,-5.9747969045021385,20.322925300586398,20.888043547913387
2023-02-01,SMH,0.052240082079343365,1,1643,VAL,True,123.06,122.47,123.85,123.17,-50.43160878631969,60.17145343887486,-59.31731572009831
2023-02-02,SMH,0.014044255736098627,1,1643,VAL,False,124.17,125.09,122.46,124.1,71.57395129655764,-141.6585491792679,77.25493579769307
2023-02-03,SMH,-0.01846670397313936,-1,1645,VAL,False,122.83,122.79,120.83,122.68,0.7568476163670049,158.8910145458232,-11.469158846442795
2023-02-06,SMH,-0.01954556559980459,-1,1645,VAL,False,120.39,120.75,121.12,120.73,-32.4107931479162,-64.66132498864677,-4.15750341321615
2023-02-07,SMH,0.02840579710144933,1,1643,VAL,False,124.2,124.37,123.82,124.18,11.184679328224645,-34.58277748637049,12.797046002299098
2023-02-08,SMH,-0.018975637211546187,-1,1645,VAL,False,122.07,121.94,124.15,122.11,8.151790102428718,-174.46300761749794,11.424854785058177
2023-02-10,SMH,-0.018624407776507115,-1,1645,VAL,False,120.14,120.36,120.88,120.24,-20.81704837721429,-65.62024907062262,-12.483035529262338
2023-02-13,SMH,0.014955134596211343,1,1643,VAL,False,122.2,122.17,121.35,122.25,-4.953878291444485,-73.52948395591,-9.04183171545619
2023-02-14,SMH,0.020872554636981233,1,1643,VAL,False,124.73,124.8,123.16,125.1,3.1112193339403085,-129.8207447422569,-26.47432144266593
2023-02-16,SMH,-0.02644230769230767,-1,1645,VAL,False,121.49,121.41,120.56,121.62,4.086050562650979,72.57933601700903,14.770714379679756
2023-02-17,SMH,-0.015072893501359017,-1,1645,VAL,False,119.59,119.75,117.9,119.65,-15.882890601032567,137.37190117177272,-10.860299932949797
2023-02-21,SMH,-0.02939457202505216,-1,1645,VAL,False,116.25,116.11,116.33,116.2,9.5455220076263,-10.885273828958926,5.2467033854270015
2023-02-23,SMH,0.03825183903072265,1,1643,VAL,False,119.97,119.64,117.25,120.18,-29.999501475049094,-230.63187645874987,-47.42087029423909
2023-02-24,SMH,-0.019307923771313962,-1,1645,VAL,False,117.33,117.5,119.37,117.25,-16.99317107093269,-177.93893731443788,-23.827793277206762
2023-03-03,SMH,0.013588324106693545,1,1643,VAL,False,120.83,120.83,121.17,120.81,-2.499500099979081,24.1282538824534,-0.8444217952207024
2023-03-06,SMH,-0.010676156583629828,-1,1645,VAL,False,119.58,119.76,119.81,119.68,-17.55694841928939,-23.242480909629087,-9.186663535916287
2023-03-07,SMH,-0.013193052772211075,-1,1645,VAL,False,118.15,118.42,119.04,118.48,-25.358520709644097,-79.35891029242667,2.5649120370990373
2023-03-08,SMH,0.01976017564600577,1,1643,VAL,False,120.76,121.52,121.31,121.38,60.41951596431268,41.52746794132422,9.031642345118641
2023-03-09,SMH,-0.01942067149440421,-1,1645,VAL,False,119.18,119.19,119.6,119.35,-3.339776866265263,-39.2557115215621,10.908800947451919
2023-03-10,SMH,-0.013759543585871304,-1,1645,VAL,False,117.53,117.26,115.78,117.06,20.478102257053056,144.95692467856304,-19.59002769287972
2023-03-14,SMH,0.017323775388291406,1,1643,VAL,False,119.23,120.69,118.88,119.75,119.922295839415,-33.34248859361721,75.97774808295127
2023-03-15,SMH,-0.010108542547021286,-1,1645,VAL,False,119.46,119.33,118.65,118.86,8.384524720110448,63.83145036842494,-42.052706351467705
2023-03-16,SMH,0.04014078605547646,1,1643,VAL,False,124.11,124.11,124.25,124.24,-2.4995000999794663,7.276604464781004,-12.960503520672235
2023-03-22,SMH,0.01726480696986649,1,1643,VAL,True,127.26,124.31,126.69,126.27,-234.25045463954515,-48.77148097018971,-157.68363710642632
2023-03-23,SMH,0.018180355562706065,1,1643,VAL,False,126.57,127.62,126.87,127.25,80.43781146591354,19.693619939203877,26.569853023502
2023-03-24,SMH,-0.017160319699106703,-1,1645,VAL,False,125.45,125.6,125.92,125.45,-14.46044489886428,-41.48091475608683,-14.46044489886428
2023-03-28,SMH,-0.014259244340610619,-1,1645,VAL,False,122.36,123.27,125.11,122.71,-76.88980587879699,-228.83736603482808,-48.14796387686084
2023-03-29,SMH,0.036018495984424415,1,1643,VAL,False,127.71,127.11,128.41,127.52,-49.46919941827888,50.79056226966276,-34.64328307487754
2023-03-30,SMH,0.014790339076390603,1,1643,VAL,False,128.99,128.93,127.95,128.99,-7.149860825572766,-84.59336119441814,-7.149860825572766
2023-04-04,SMH,-0.01766209621194516,-1,1645,VAL,False,126.82,127.1,125.8,126.62,-24.584557346732772,76.46033228093341,-40.41868237808049
2023-04-05,SMH,-0.021636506687647522,-1,1645,VAL,False,124.36,124.88,123.63,124.7,-44.32504384440796,54.72323155528507,-16.938752626227163
2023-04-10,SMH,0.014216867469879485,1,1643,VAL,False,126.29,126.39,126.85,126.33,5.416804041202761,40.32545300267677,2.24877845613468
2023-04-12,SMH,-0.016624244352529457,-1,1645,VAL,False,123.67,123.48,123.81,123.67,12.866808827115701,-15.32577882925103,12.866808827115701
2023-04-13,SMH,0.011499838030450288,1,1643,VAL,False,124.9,124.48,124.41,124.98,-36.11799657682588,-43.214895851894426,-42.49590152380827
2023-04-21,SMH,-0.011796073361880858,-1,1645,VAL,False,122.31,122.5,122.23,122.21,-18.038682546419263,2.542573758803842,-26.23607939000542
2023-04-25,SMH,-0.027495075508864153,-1,1645,VAL,False,118.5,117.98,119.18,118.14,41.392329098730414,-61.407724582891305,11.046140157435648
2023-04-28,SMH,0.015005001667222503,1,1643,VAL,False,121.73,121.96,122.32,121.93,16.39005148941469,44.44933735671335,-0.0396869695199114
2023-05-05,SMH,0.023466755429807716,1,1643,VAL,False,123.0,122.71,122.31,122.95,-26.07084274202053,-60.074326598094196,-22.014751177459644
2023-05-09,SMH,-0.016938163546478674,-1,1645,VAL,False,121.32,121.48,122.77,121.17,-15.692060271601422,-123.56724559550882,-28.090787753986163
2023-05-10,SMH,0.010207441554165253,1,1643,VAL,False,122.73,122.47,122.13,122.84,-23.67891939415482,-52.86745144249081,-32.6124534129325
2023-05-15,SMH,0.022350515463917475,1,1643,VAL,False,123.96,124.42,124.02,124.16,34.59996932527182,0.8391351739339368,18.43598741591929
2023-05-17,SMH,0.027735348500683356,1,1643,VAL,False,127.85,127.76,128.35,127.87,-9.537239990405691,35.09348971034946,-11.099836809051139
2023-05-18,SMH,0.03490920475892293,1,1643,VAL,False,132.22,132.24,131.97,132.19,-0.9872477176004468,-22.89951932469416,1.2819888552765943
2023-05-23,SMH,-0.011643835616438364,-1,1645,VAL,False,129.87,129.5,127.0,129.86,25.99665232191665,217.07783460134107,25.228594155608775
2023-05-24,SMH,-0.014517374517374483,-1,1645,VAL,False,127.64,127.6,136.08,127.33,0.6340973616225026,-665.5000696159301,-23.710545926038865
2023-05-25,SMH,0.089498432601881,1,1643,VAL,False,139.03,138.57,139.88,138.98,-35.57761439152814,57.114233486468265,-31.99277398801275
2023-05-26,SMH,0.05145413870246082,1,1643,VAL,False,145.68,145.38,148.62,145.64,-23.087433584124295,197.73228220912765,-20.347276328858424
2023-05-31,SMH,-0.022316538882804073,-1,1645,VAL,False,142.83,142.39,142.91,142.78,28.313056015951947,-9.604105236083821,24.821079918462328
2023-06-01,SMH,0.01804902029636928,1,1643,VAL,False,144.97,144.53,145.9,144.56,-32.84302096606149,60.126348186941705,-4.574244254635092
2023-06-05,SMH,-0.011999722549767566,-1,1645,VAL,False,142.43,142.37,141.57,142.59,1.7131489205934374,56.40389469454884,12.93220983771684
2023-06-08,SMH,0.01122334455667785,1,1643,VAL,False,144.17,144.2,145.94,144.25,-0.419143472406608,118.72342879000092,-5.9648382281951475
2023-06-12,SMH,0.028922482225443486,1,1643,VAL,False,149.06,149.15,151.66,149.07,3.5368278551470707,170.35744870347108,2.865764809072005
2023-06-13,SMH,0.01340931947703654,1,1643,VAL,False,151.17,151.21,150.76,151.04,0.14586617637128146,-31.11013703854391,8.752983248690397
2023-06-21,SMH,-0.01784056240880752,-1,1645,VAL,False,148.08,147.33,146.16,147.75,48.16046272463421,125.71071750816965,25.933003859653116
2023-06-23,SMH,-0.015466702688099365,-1,1645,VAL,False,145.76,145.55,146.29,145.97,11.910347217629182,-40.376489128781465,26.279730153058278
2023-06-27,SMH,0.0328547763666482,1,1643,VAL,False,149.63,149.47,146.91,149.56,-13.189870212817617,-185.70823027134108,-8.515647766408378
2023-06-28,SMH,-0.011641131999732449,-1,1645,VAL,False,147.71,148.12,148.79,147.99,-30.264532359453533,-77.14629379060857,-11.287073956448934
2023-06-30,SMH,0.01832319134550377,1,1643,VAL,False,150.61,150.2,151.11,150.61,-29.71532378339597,29.18584996897341,-29.71532378339597
2023-07-05,SMH,-0.013924635385732288,-1,1645,VAL,False,149.42,148.67,146.35,149.14,47.706134721789184,201.54251704309453,29.021393657836498
2023-07-06,SMH,-0.013587139301809254,-1,1645,VAL,False,146.65,146.91,147.03,146.72,-20.234220727540805,-29.923202506166238,-15.453574629867388
2023-07-10,SMH,0.014620877252635002,1,1643,VAL,False,149.19,149.13,150.13,148.87,-6.5202121449813815,58.98250606598445,14.961036811244474
2023-07-12,SMH,0.01955924710295409,1,1643,VAL,False,152.19,152.42,154.29,152.4,12.609410570739897,133.931029682098,-1.1874921603606756
2023-07-13,SMH,0.02434063771158646,1,1643,VAL,False,156.13,156.08,156.56,156.27,-5.701159134084906,23.5309371866751,-14.654904816053532
2023-07-14,SMH,-0.012045105074321013,-1,1645,VAL,False,154.21,154.79,155.12,154.67,-40.120954610480155,-63.034849366605414,-10.260893582997996
2023-07-17,SMH,0.019962529879191185,1,1643,VAL,False,157.87,157.67,156.98,157.75,-15.164984992487442,-60.35215329772595,-7.569547897077555
2023-07-19,SMH,-0.010056289924735964,-1,1645,VAL,False,156.52,156.45,153.55,156.37,1.9728901057500443,185.82722422327512,-7.617850231169435
2023-07-20,SMH,-0.035922019814637114,-1,1645,VAL,False,150.82,150.91,152.41,151.17,-8.469370574818372,-109.46666193071492,14.702980286469634
2023-07-25,SMH,0.01751728679618042,1,1643,VAL,False,154.53,154.29,152.94,154.55,-18.026582996348907,-106.85069353824734,-19.318329798939384
2023-07-26,SMH,-0.014258863179726416,-1,1645,VAL,True,152.1,152.6,156.52,153.06,-35.38182981763995,-294.7153533270766,27.56058855832392
2023-07-27,SMH,0.018086500655308122,1,1643,VAL,False,155.34,155.34,158.01,154.83,-2.499500099980387,167.8130963224112,30.431619547044747
2023-07-28,SMH,0.01918372602034241,1,1643,VAL,False,158.31,158.34,158.54,158.3,-0.6049576516364848,10.523446444562255,0.02671607182114131
2023-08-02,SMH,-0.03959083159689342,-1,1645,VAL,False,152.11,152.56,150.43,152.58,-32.09175133297562,106.48977471518472,-1.1893845540642143
2023-08-08,SMH,-0.0178141863337885,-1,1645,VAL,False,151.06,151.28,151.11,151.28,-17.06789126923802,-7.312067471088972,-2.5005001000207066
2023-08-09,SMH,-0.015137493389740825,-1,1645,VAL,False,149.03,148.28,149.11,148.81,47.83752160752092,-9.370994510249838,33.12429168180149
2023-08-11,SMH,-0.023656640757012504,-1,1645,VAL,False,144.46,144.24,143.49,144.52,12.73243711458644,63.172678838690516,16.878825529844992
2023-08-14,SMH,0.02752357182473654,1,1643,VAL,False,148.21,148.63,148.53,148.57,25.831585588961175,17.583150936103394,1.5379908470094654
2023-08-15,SMH,-0.011908766736190419,-1,1645,VAL,False,146.85,146.85,146.97,146.7,-2.500500100021466,-12.175673132583686,-12.728005723845358
2023-08-16,SMH,-0.014436499829758288,-1,1645,VAL,False,144.75,144.53,145.78,144.88,12.70191862206558,-75.1864362509815,21.66346438807313
2023-08-21,SMH,0.03232295207047253,1,1643,VAL,False,148.82,149.01,150.99,149.1,10.264409959023727,141.7562207219913,-8.534208651228086
2023-08-22,SMH,-0.01033487685390237,-1,1645,VAL,False,147.48,147.52,147.34,147.11,-5.213410460776528,5.495810309334937,-30.37777020430458
2023-08-23,SMH,0.02270878524945766,1,1643,VAL,False,150.85,150.72,154.36,151.03,-11.11517835643884,228.58921752275552,-23.020093061436874
2023-08-24,SMH,-0.02209394904458607,-1,1645,VAL,False,147.4,146.82,146.61,146.88,36.85805003605746,49.616300464976156,1.58548866636019
2023-08-29,SMH,0.027803895231699034,1,1643,VAL,False,153.05,152.72,152.65,152.94,-24.05569196516784,-30.123998068729954,-16.880630673916496
2023-09-06,SMH,-0.013594872790833134,-1,1645,VAL,False,152.36,152.68,149.2,152.49,-23.508639769435945,203.48569582648577,-14.96344911319574
2023-09-07,SMH,-0.021286350537070998,-1,1645,VAL,False,149.43,149.3,148.91,149.46,6.201400890495037,30.81202468158909,8.207382142826416
2023-09-15,SMH,-0.027854034147974535,-1,1645,VAL,False,145.19,144.84,143.47,144.74,21.611871103471284,114.51205455637664,-9.41116784915634
2023-09-21,SMH,-0.01947776993648547,-1,1645,VAL,False,138.94,138.87,140.22,139.14,2.5389056507141943,-96.1637555667159,16.909268011427265
2023-09-22,SMH,0.014257939079714767,1,1643,VAL,False,140.86,140.05,139.41,140.21,-59.98903158456657,-106.89712121468976,-13.908102054077059
2023-09-26,SMH,-0.01928530913216108,-1,1645,VAL,False,138.32,138.81,139.94,138.58,-37.93445936150861,-121.16737980331645,-19.10156168915995
2023-09-27,SMH,0.010229810532382302,1,1643,VAL,False,140.22,140.08,139.82,139.69,-12.481314890921077,-32.5143928567016,25.412484973834484
2023-09-28,SMH,0.020988006853226708,1,1643,VAL,False,143.03,142.35,144.56,142.57,-50.030090465161926,102.92858578532588,-17.926659460139444
2023-10-03,SMH,-0.026064051018993423,-1,1645,VAL,False,140.51,141.06,141.92,140.69,-41.65340932395536,-104.3896773091701,-28.806031303638086
2023-10-04,SMH,0.015454416560328987,1,1643,VAL,False,143.25,143.26,143.34,143.22,-1.8015943059206254,2.2810097666326494,0.2927078318462122
2023-10-06,SMH,0.025408348457350377,1,1643,VAL,False,146.9,146.36,144.82,146.64,-39.25001248899255,-145.5354946709785,-21.589108255814956
2023-10-10,SMH,0.013152486642005865,1,1643,VAL,False,147.9,147.79,148.61,147.88,-9.935098849061257,43.98701057624888,-8.583994588692688
2023-10-13,SMH,-0.025109897429066087,-1,1645,VAL,False,146.38,146.38,146.55,146.22,-2.500500100022321,-15.619054949125877,-13.445651789366629
2023-10-16,SMH,0.012570023227216856,1,1643,VAL,False,148.21,148.07,144.62,148.33,-11.943195329628475,-246.12620151902337,-20.023602641436288
2023-10-17,SMH,-0.01452015938407514,-1,1645,VAL,False,145.92,146.33,143.47,145.83,-30.6051136214094,163.96659266063742,-36.79557141627909
2023-10-18,SMH,-0.02241508918198593,-1,1645,VAL,False,143.05,143.4,145.27,143.02,-26.973587657061827,-159.2533816095611,-29.076854386399514
2023-10-20,SMH,-0.013270608060665542,-1,1645,VAL,False,140.53,140.19,139.24,140.32,21.69967189196651,87.83127151296466,6.766354696251785
2023-10-24,SMH,0.01172874609041801,1,1643,VAL,False,142.33,142.33,140.88,142.46,-2.499500099980274,-105.83438009229656,-11.622587738523507
2023-10-25,SMH,-0.037237406028244296,-1,1645,VAL,False,137.03,136.82,137.23,136.62,12.828443233710923,-18.601983550761908,-17.143305692319124
2023-11-01,SMH,0.022760431864604434,1,1643,VAL,True,140.19,140.5,143.66,140.32,19.607819644430784,243.4230323490904,10.325115706619762
2023-11-02,SMH,0.029750889679715353,1,1643,VAL,False,144.69,144.14,145.61,144.39,-40.50230108792093,59.55958576755201,-19.80939084708758
2023-11-03,SMH,0.02594699597613438,1,1643,VAL,False,147.88,147.5,147.74,147.81,-28.18958794121506,-13.462549578262832,-23.46712850786158
2023-11-10,SMH,0.04117213169717706,1,1643,VAL,False,155.27,155.17,154.2,155.36,-8.938284475519415,-72.88385821257778,-14.726103440486916
2023-11-14,SMH,0.03125405265205546,1,1643,VAL,False,159.05,158.92,160.05,159.05,-10.670987462365122,58.848965824565816,-10.670987462365122
2023-11-20,SMH,0.016024441950367833,1,1643,VAL,False,162.95,162.68,161.49,162.95,-19.06485839990599,-93.56140431931877,-19.06485839990599
2023-11-21,SMH,-0.014015244652077706,-1,1645,VAL,False,160.4,160.29,161.06,160.09,4.359070068376267,-45.16439447490441,-14.996596670824719
2023-11-30,SMH,-0.016746859963756838,-1,1645,VAL,False,157.35,158.32,157.85,157.85,-64.16192676094839,-35.7898081046125,-32.28304831064469
2023-12-04,SMH,-0.019061399094111732,-1,1645,VAL,False,155.94,156.65,155.4,156.37,-48.04221713908,30.64175743959893,-20.411225559046944
2023-12-07,SMH,0.022010554768953635,1,1643,VAL,False,158.8,158.93,158.68,158.9,5.684851694648561,-11.552853157327666,-0.6119921390170868
2023-12-11,SMH,0.023580786026200878,1,1643,VAL,False,164.09,164.14,163.35,164.25,0.5468465694997028,-49.078367640506684,-9.194934224723315
2023-12-14,SMH,0.01686230113805627,1,1643,VAL,False,170.65,170.93,171.55,170.78,13.904251086495401,48.719233592484315,6.281534418026548
2023-12-20,SMH,-0.024041246668983926,-1,1645,VAL,False,168.48,167.81,171.06,168.5,37.27677515559955,-157.19596910835168,38.45929423273194
2023-12-21,SMH,0.025207079435075323,1,1643,VAL,False,172.04,171.96,172.79,171.98,-7.148419188516129,39.57787842571053,-3.662135348251603
2023-12-26,SMH,0.01674613327131076,1,1643,VAL,False,174.86,174.35,175.03,174.79,-31.6584001054067,5.718975157272996,-27.66627291281692
2016-01-06,QQQ,-0.01009900990099006,-1,1645,TRAIN,False,99.99,100.03,97.9,100.0,-5.501150175024059,207.06251043146125,-4.500600060007214
2016-01-07,QQQ,-0.02959112266320112,-1,1645,TRAIN,False,97.06,96.89,97.63,97.22,16.01741670148914,-60.73850739699766,32.44857503647891
2016-01-13,QQQ,-0.026561378320172323,-1,1645,TRAIN,False,94.93,94.15,94.52,94.51,80.6779824722175,41.19815752775349,36.59677151716777
2016-01-14,QQQ,0.025066383430695692,1,1643,TRAIN,False,96.51,96.16,92.92,96.29,-37.76008265923078,-373.90758903593735,-14.998707835106048
2016-01-15,QQQ,-0.03202995008319466,-1,1645,TRAIN,False,93.07,93.17,94.43,93.21,-12.24636270439187,-148.155999654979,2.7918788016541303
2016-01-22,QQQ,0.025220004292766624,1,1643,TRAIN,False,95.54,95.88,95.59,95.79,34.08200105256284,3.2325634926571185,7.89429356469124
2016-01-25,QQQ,-0.011889862327909893,-1,1645,TRAIN,False,94.74,94.46,94.84,94.38,28.058854017129722,-12.55751498730265,-9.977793710713932
2016-01-27,QQQ,-0.02570559227783027,-1,1645,TRAIN,True,92.85,92.93,94.42,92.93,-10.117489939626696,-171.12395138275335,-1.5001500150021922
2016-01-28,QQQ,0.013881416119659873,1,1643,TRAIN,False,94.22,94.24,94.24,94.09,0.6225231860169411,0.12246705705142236,14.439941912917703
2016-01-29,QQQ,0.01782682512733454,1,1643,TRAIN,False,95.92,96.21,95.74,95.95,28.729143349216923,-20.761685299360522,25.593532361196555
2016-02-02,QQQ,-0.020420856224733067,-1,1645,TRAIN,False,94.51,94.38,94.98,94.54,12.257071649393545,-51.74033433392974,15.42644215764892
2016-02-05,QQQ,-0.034603918228279386,-1,1645,TRAIN,False,90.67,90.66,89.0,90.53,-0.39708393470932185,182.2210455301627,-15.86218491505608
2016-02-08,QQQ,-0.02239135230531658,-1,1645,TRAIN,False,88.64,89.27,88.11,89.24,-72.58481940251926,57.804178432284125,-4.862375524868552
2016-02-12,QQQ,0.014796547472256557,1,1643,TRAIN,False,90.53,90.57,91.88,90.49,2.917912119093099,147.0922166592581,7.339579888843627
2016-02-16,QQQ,0.020205366015236974,1,1643,TRAIN,False,92.39,92.61,93.33,92.4,22.3086794037341,99.72246632897117,21.224013962238367
2016-02-17,QQQ,0.01997624446604032,1,1643,TRAIN,False,94.46,94.7,94.99,94.6,23.90391915710139,54.09738509528244,9.069389044183074
2016-02-22,QQQ,0.01395101171458986,1,1643,TRAIN,False,95.21,95.43,94.86,95.31,21.603500819964935,-38.75329303536217,11.088755776610473
2016-02-23,QQQ,-0.015718327569946556,-1,1645,TRAIN,False,93.93,93.85,92.8,94.07,7.018108390207189,118.32621567277593,21.890197949315343
2016-03-01,QQQ,0.029250263991552228,1,1643,TRAIN,False,97.48,97.74,97.6,97.44,25.168287438797407,10.307955663193269,29.28370956007877
2016-03-11,QQQ,0.016028955532574943,1,1643,TRAIN,False,98.25,98.39,98.01,98.31,12.747376661825792,-26.422395928344372,6.636453636702556
2016-03-29,QQQ,0.015817046141446637,1,1643,TRAIN,False,100.83,100.85,101.45,100.75,0.48338913009419787,59.4775393034946,8.42421961277738
2016-04-06,QQQ,0.014767096134786866,1,1643,TRAIN,False,102.39,102.56,101.97,102.43,15.100843661117237,-43.01122773746704,11.189840695711123
2016-04-07,QQQ,-0.014918096723868965,-1,1645,TRAIN,False,101.03,101.08,101.72,100.93,-6.449917485068655,-70.31040627570584,-16.364164901579286
2016-04-13,QQQ,0.012022073314938892,1,1643,TRAIN,False,102.7,102.78,102.78,102.79,6.288660325787572,5.788320875798805,-2.472561382834568
2016-04-22,QQQ,-0.015213575190169712,-1,1645,TRAIN,False,100.98,100.99,100.66,100.87,-2.490593682066044,29.695581956691736,-13.39843511465269
2016-04-28,QQQ,-0.01133513893068508,-1,1645,TRAIN,False,98.55,98.49,98.43,98.64,4.589043379222246,10.178795657341993,13.708943887089125
2016-05-10,QQQ,0.012535670607419381,1,1643,TRAIN,False,99.35,99.46,99.3,99.42,9.57045714653579,-7.031506210223766,2.522881890045178
2016-05-16,QQQ,0.014319320855068075,1,1643,TRAIN,False,99.18,98.99,98.91,99.12,-20.654064861713664,-29.21758640832885,-14.613298557150403
2016-05-17,QQQ,-0.013536720880896951,-1,1645,TRAIN,False,97.66,97.75,97.57,97.74,-10.717178619358142,7.217289412743344,-2.5234260688200663
2016-05-24,QQQ,0.020399878209682382,1,1643,TRAIN,False,100.54,100.51,100.88,100.52,-4.483289486846018,31.810823294037856,-2.4945277060032516
2016-06-10,QQQ,-0.01282930173342476,-1,1645,TRAIN,False,100.81,100.95,100.4,100.77,-15.389744509617886,38.678503303161726,-19.365288717024914
2016-06-17,QQQ,-0.01208549740311634,-1,1645,TRAIN,False,98.92,98.95,100.1,98.91,-4.533358713955607,-121.31237385768299,-5.5448371649435355
2016-06-24,QQQ,-0.041757371858301987,-1,1645,TRAIN,False,96.83,96.9,96.26,97.11,-8.73039901325877,56.87762827713119,20.128055437608495
2016-06-27,QQQ,-0.02260061919504656,-1,1645,TRAIN,False,94.72,94.98,96.01,95.12,-28.95359214975672,-138.21831929814732,13.220308574170687
2016-06-28,QQQ,0.0198989260897031,1,1643,TRAIN,False,96.86,97.06,97.8,96.98,19.145411496430746,95.02807720466892,6.748036270821359
2016-06-29,QQQ,0.018957345971564017,1,1643,TRAIN,False,98.9,98.78,98.97,98.75,-13.63149832640561,5.076640970887683,1.537669017909767
2016-06-30,QQQ,0.011034622393197038,1,1643,TRAIN,False,99.87,99.92,99.87,99.72,3.5059075448213965,-1.99980001999706,18.553299102499754
2016-07-08,QQQ,0.014466904478795024,1,1643,TRAIN,False,102.37,102.49,102.84,102.37,10.220576066843151,43.902906769008226,10.220576066843151
2016-07-20,QQQ,0.011517420097898098,1,1643,TRAIN,False,105.39,105.4,105.48,105.51,-0.5511357014962776,6.5382018587219095,-11.923838418924458
2016-09-09,QQQ,-0.019647447668013227,-1,1645,TRAIN,False,106.78,106.18,105.59,106.56,54.69857718118549,109.46618168091378,34.16586027972045
2016-09-12,QQQ,0.017234884158975308,1,1643,TRAIN,False,108.01,108.09,107.53,108.17,5.90576068770312,-46.431242441906974,-8.894506685043673
2016-09-15,QQQ,0.01570194183777755,1,1643,TRAIN,False,109.31,109.31,109.19,109.38,-1.499850014998412,-12.975557260851092,-7.898597596812706
2016-10-11,QQQ,-0.015218370103556936,-1,1645,TRAIN,False,109.36,109.47,109.52,109.38,-11.560181255873236,-16.633704336051814,-9.729579650231178
2016-10-18,QQQ,0.01010843594927411,1,1643,TRAIN,False,109.92,109.78,109.7,109.91,-14.23447538797789,-22.010353549797937,-13.32593517101723
2016-10-24,QQQ,0.010722398909586614,1,1643,TRAIN,False,111.24,111.36,111.41,111.24,9.286018539463262,13.279416394931122,9.286018539463262
2016-11-07,QQQ,0.02134895144530517,1,1643,TRAIN,False,108.13,108.39,108.25,108.2,22.54167443701428,9.095733356471873,16.057590174439138
2016-11-10,QQQ,-0.014509947070633359,-1,1645,TRAIN,False,107.99,107.82,107.35,107.77,14.244409902605105,57.27640085056733,-6.140356078849871
2016-11-15,QQQ,0.01620153586814014,1,1643,TRAIN,False,108.51,108.26,107.79,108.48,-24.535745669742923,-68.33986217081919,-21.777044271973885
2016-12-01,QQQ,-0.01809045226130657,-1,1645,TRAIN,False,107.48,107.56,107.65,107.51,-8.944511868380562,-17.82025988233232,-6.151577858930313
2016-12-07,QQQ,0.012859373564801978,1,1643,TRAIN,False,110.29,110.25,110.29,110.29,-5.126108116361677,-1.9998000199968244,-5.126108116361677
2016-12-13,QQQ,0.01534296028880869,1,1643,TRAIN,False,112.5,112.21,112.3,112.49,-27.273761512738798,-19.774022597740622,-26.38721815435103
2016-12-30,QQQ,-0.010192221725525263,-1,1645,TRAIN,False,110.7,110.72,111.45,110.52,-3.3071057783290643,-69.76442901742773,-19.599136895231467
2017-03-01,QQQ,0.011691091717437855,1,1643,TRAIN,False,122.87,122.8,122.79,122.96,-7.196073751460211,-8.509444489749061,-14.510260099558582
2017-03-21,QQQ,-0.011912479740680703,-1,1645,TRAIN,False,121.93,121.52,121.57,121.57,32.13074526512826,27.5308429719389,2.6133237655416353
2017-04-24,QQQ,0.012489927477840543,1,1643,TRAIN,False,125.65,125.6,125.99,125.66,-5.478560779020407,25.05408034604416,-6.273922981726867
2017-05-17,QQQ,-0.021268456889296926,-1,1645,TRAIN,False,127.93,127.39,127.38,127.68,40.71676611888381,41.0006606851579,21.216289862068336
2017-06-02,QQQ,0.010768883199036124,1,1643,TRAIN,False,134.22,134.3,134.29,134.24,4.459619602041847,3.2144751550772255,2.969086285652599
2017-06-09,QQQ,-0.02380775239937496,-1,1645,TRAIN,False,131.21,131.05,129.98,130.62,10.695871812618181,91.7614053913581,-34.42500887663594
2017-06-19,QQQ,0.014804533888503477,1,1643,TRAIN,False,131.61,131.85,131.71,131.84,16.733111279706566,5.596887313775866,-0.7414686322641383
2017-06-27,QQQ,-0.015382283852390703,-1,1645,TRAIN,False,129.93,129.57,130.05,129.92,26.21123345306168,-11.237789675988425,25.44354650982209
2017-06-28,QQQ,0.015049780041676446,1,1643,TRAIN,False,131.52,131.44,130.86,131.41,-7.581662758299066,-52.1722462790198,0.7827388633182389
2017-06-29,QQQ,-0.017422398052343215,-1,1645,TRAIN,False,129.17,129.16,129.54,129.29,-0.7258603076383883,-30.6503515567938,8.556273679808289
2017-07-07,QQQ,0.010708144442707556,1,1643,TRAIN,False,129.31,129.32,129.39,129.36,-0.7266306081484484,4.185645931577785,-4.5915321887729075
2017-07-12,QQQ,0.012257718532138162,1,1643,TRAIN,False,132.12,132.08,132.22,132.15,-4.52694663927583,5.567563134694672,-6.796066515180161
2017-08-10,QQQ,-0.018330992682385912,-1,1645,TRAIN,False,132.8,132.39,132.59,132.51,29.37797544814635,13.816215958944849,7.557128816796856
2017-08-14,QQQ,0.012669615413449482,1,1643,TRAIN,False,135.08,135.11,135.38,135.03,0.7207230120934071,20.20481990888638,4.423870728533283
2017-08-17,QQQ,-0.018679858239810995,-1,1645,TRAIN,False,132.91,132.67,132.76,132.92,16.55989088488104,9.287889890486731,17.310977260829624
2017-08-22,QQQ,0.014878030360244687,1,1643,TRAIN,False,134.38,134.43,133.77,134.51,2.2203837065323033,-47.384381966624325,-7.446471173266669
2017-08-30,QQQ,0.01251769614782787,1,1643,TRAIN,False,135.88,135.79,136.14,135.62,-8.122347906510385,17.13090392462097,11.033294252051245
2017-09-11,QQQ,0.011302356504395369,1,1643,TRAIN,False,136.9,136.93,137.29,136.81,0.6912018805431084,26.482450367087278,7.270123071752377
2017-09-25,QQQ,-0.011858289754732368,-1,1645,TRAIN,False,134.15,134.34,135.01,134.11,-15.665524808165927,-66.12036529780337,-18.652823451011823
2017-09-27,QQQ,0.012027618976909975,1,1643,TRAIN,False,136.32,135.91,135.6,136.27,-31.571630102248545,-54.80613910440034,-27.91402814660992
2017-10-27,QQQ,0.030015912049761364,1,1643,TRAIN,False,142.39,142.28,142.13,142.35,-9.223952947074144,-20.255857692551317,-6.416569442457209
2017-11-16,QQQ,0.014071752002786358,1,1643,TRAIN,False,145.57,145.39,145.43,145.55,-13.863180556987915,-11.615242954648416,-12.490987246176319
2017-11-21,QQQ,0.010295743504698791,1,1643,TRAIN,False,146.21,146.29,146.41,146.28,3.9709113009068413,11.676419390409746,-0.8163320938895665
2017-11-29,QQQ,-0.01825957100190061,-1,1645,TRAIN,False,144.63,144.75,145.31,144.61,-9.798428504954702,-49.02612919108535,-11.182813876436393
2017-12-15,QQQ,0.01220593249232862,1,1643,TRAIN,False,148.44,148.31,149.23,148.27,-10.256283722208066,51.20971330514288,1.197526433367836
2018-01-02,QQQ,0.01648052301825107,1,1643,TRAIN,False,149.26,149.42,149.53,149.33,9.21809199222007,16.085822745610756,4.526166281113833
2018-01-17,QQQ,0.01054129211666556,1,1643,TRAIN,False,156.26,156.3,156.07,156.42,1.059602218456594,-14.156590228599297,-9.170352623346242
2018-01-26,QQQ,0.012223552391153662,1,1643,TRAIN,False,160.65,161.08,160.76,160.82,25.26239750752731,4.846013998039316,14.66486854610278
2018-02-02,QQQ,-0.017113988001263077,-1,1645,TRAIN,False,155.63,155.19,153.79,155.55,26.77627526294309,116.25258137199837,21.647005587732497
2018-02-05,QQQ,-0.02229525098266646,-1,1645,TRAIN,False,151.74,149.07,147.03,151.24,174.48512348269153,308.4612534009437,142.00193491975514
2018-02-06,QQQ,0.02032602133226002,1,1643,TRAIN,False,152.09,153.02,152.53,152.77,59.63898317249597,26.92465318528294,14.862165023923907
2018-02-08,QQQ,-0.023900953389830414,-1,1645,TRAIN,False,147.43,144.67,146.75,146.82,185.7354222161684,44.132609693173464,144.95963286561596
2018-02-12,QQQ,0.02303615112802402,1,1643,TRAIN,False,150.55,149.78,148.94,150.28,-52.63797765025838,-108.91962945850891,-34.76608687281348
2018-02-14,QQQ,0.018731318498837548,1,1643,TRAIN,False,153.37,153.37,154.74,153.23,-1.4998500149973428,87.30880188371621,7.635371684395589
2018-02-15,QQQ,0.016691660689835054,1,1643,TRAIN,False,155.93,156.21,155.72,155.69,16.454232214180017,-15.46468838013237,31.894845071341404
2018-02-23,QQQ,0.019244384372787596,1,1643,TRAIN,False,158.37,158.54,159.26,158.31,9.232896246902909,54.18647375648709,13.026427759599327
2018-02-26,QQQ,0.011858206130944843,1,1643,TRAIN,False,160.43,160.65,160.66,160.44,12.211239139128512,12.333803707455626,11.587192066133778
2018-03-01,QQQ,-0.013638670388226196,-1,1645,TRAIN,False,155.49,155.06,153.28,154.74,26.1585101207404,140.1595558616897,-22.183102373828767
2018-03-05,QQQ,0.01060770656271964,1,1643,TRAIN,False,158.16,158.22,158.96,158.44,2.293207705025794,48.57177408207665,-15.383149895058027
2018-03-09,QQQ,0.01748470088672419,1,1643,TRAIN,False,162.93,163.25,163.71,162.9,18.13754056988614,45.86394610400977,19.982501442918874
2018-03-13,QQQ,-0.013344707817927159,-1,1645,TRAIN,False,161.92,161.88,162.7,161.72,0.9705763066409315,-50.18177212978105,-11.395277544081175
2018-03-19,QQQ,-0.02580164981703155,-1,1645,TRAIN,False,157.06,157.79,157.79,157.24,-47.986175161511355,-48.488549351560216,-36.48377429958675
2018-03-22,QQQ,-0.019857886055069125,-1,1645,TRAIN,False,154.47,153.73,153.54,154.22,46.41277878030627,58.21770757382659,30.277408495615653
2018-03-23,QQQ,-0.019644831848045156,-1,1645,TRAIN,False,150.71,149.68,152.67,150.41,66.8532781219194,-132.0773043398149,47.0411378615415
2018-03-26,QQQ,0.032268840192410365,1,1643,TRAIN,False,154.52,155.24,156.37,154.99,45.08907121195743,117.7018591177373,14.627803623922341
2018-03-27,QQQ,-0.03272352486472566,-1,1645,TRAIN,False,150.16,150.22,149.43,149.41,-5.496487315222421,46.6243347829721,-55.72152155313368
2018-03-29,QQQ,0.021415583540979045,1,1643,TRAIN,False,151.67,151.21,150.14,151.43,-31.824304877482295,-102.85653046088548,-16.025835836808884
2018-04-02,QQQ,-0.03220686462535549,-1,1645,TRAIN,False,146.34,146.85,148.18,146.23,-36.355726593570466,-127.75994013232096,-43.90547103674507
2018-04-03,QQQ,0.01212121212121213,1,1643,TRAIN,False,148.62,148.5,145.67,148.31,-9.572922400937827,-200.4529058600001,11.309232504704422
2018-04-04,QQQ,0.0142087542087543,1,1643,TRAIN,False,150.61,150.84,152.34,150.64,13.769089859487995,112.84343977792608,11.774844820352069
2018-04-06,QQQ,-0.0263019116677652,-1,1645,TRAIN,False,147.72,147.9,149.21,148.2,-13.687193252225498,-102.88687953550226,18.745801705676264
2018-04-09,QQQ,0.014131169709263038,1,1643,TRAIN,False,150.0,148.94,151.21,149.58,-72.15591774155932,78.65073492650924,-44.27990146566538
2018-04-10,QQQ,0.0226265610312878,1,1643,TRAIN,False,152.34,152.23,151.27,152.23,-8.719457580302226,-72.22338026142197,-1.4998500149976894
2018-04-12,QQQ,0.014667988107036662,1,1643,TRAIN,False,153.57,153.17,153.93,153.46,-27.542697315863983,21.437590564055547,-20.394448239263472
2018-04-17,QQQ,0.022339455516477837,1,1643,TRAIN,False,156.96,156.85,156.86,157.04,-8.506953840804403,-8.369575886446377,-13.596863696208496
2018-04-19,QQQ,-0.01043456130304757,-1,1645,TRAIN,False,155.53,155.72,155.33,156.05,-13.718275318820963,10.86162753740638,19.65009060983053
2018-04-20,QQQ,-0.017467248908296935,-1,1645,TRAIN,False,153.0,153.26,153.99,153.19,-18.496163341824065,-66.71902484366133,-6.070324376912287
2018-04-24,QQQ,-0.022764440374174254,-1,1645,TRAIN,False,149.4,149.63,149.95,148.88,-16.897372468170307,-38.82148589691484,-51.88384905121331
2018-04-26,QQQ,0.022027902009211744,1,1643,TRAIN,False,153.1,152.96,155.19,153.24,-10.642828597608876,134.48498389873566,-19.76910113739231
2018-05-04,QQQ,0.02028928594803321,1,1643,TRAIN,False,155.9,155.68,156.41,155.81,-15.609343491564161,30.706935720796086,-9.842093898560822
2018-05-09,QQQ,0.010904221400331642,1,1643,TRAIN,False,158.54,158.53,159.05,158.31,-2.1305110563737095,30.162304824142634,12.394850465052098
2018-05-15,QQQ,-0.013849897061575887,-1,1645,TRAIN,False,158.06,158.54,158.73,158.22,-31.87292030481114,-44.39764487646945,-21.728187229037815
2018-06-01,QQQ,0.01413537580173118,1,1643,TRAIN,False,162.85,163.12,163.51,162.96,15.07733782961982,38.52018850924241,8.317037712036356
2018-06-25,QQQ,-0.028450874020494267,-1,1645,TRAIN,False,161.19,162.17,162.75,162.15,-62.30708684119936,-98.79975527796672,-2.733760887651527
2018-06-28,QQQ,0.010024282423261224,1,1643,TRAIN,False,162.24,162.0,162.76,162.13,-16.290530710243583,30.045072415834287,-9.516904351013238
2018-07-05,QQQ,0.01150776464765213,1,1643,TRAIN,False,163.5,163.63,164.0,163.55,6.450027780096647,28.575124138962682,3.3908868361084075
2018-07-06,QQQ,0.01619507425288765,1,1643,TRAIN,False,166.27,166.18,167.01,165.98,-6.911920824517064,42.49722378456621,10.547987254535926
2018-07-12,QQQ,0.015274034141958739,1,1643,TRAIN,False,169.5,169.82,169.78,169.53,17.37637445694914,14.516070516842007,15.603701235491911
2018-07-26,QQQ,-0.01439306358381508,-1,1645,TRAIN,False,170.5,170.38,171.53,170.43,5.53902897621058,-62.42284052452286,1.4340458865462626
2018-07-27,QQQ,-0.014497006690926158,-1,1645,TRAIN,False,167.91,168.08,168.12,168.15,-11.626140280637609,-14.509401628031743,2.6634242371588916
2018-07-30,QQQ,-0.014814374107567878,-1,1645,TRAIN,False,165.58,165.71,166.31,165.75,-9.352517568463378,-46.0964685670151,0.9134850136582415
2018-08-02,QQQ,0.013245033112582773,1,1643,TRAIN,False,169.84,169.9,170.14,169.87,2.03235682084075,15.660351063338442,0.26594149909729414
2018-08-15,QQQ,-0.012695824355017218,-1,1645,TRAIN,False,169.53,169.6,170.87,169.77,-5.6298321391163535,-81.05806746545048,8.51489990843926
2018-08-29,QQQ,0.011448196908986834,1,1643,TRAIN,False,176.7,176.71,176.4,176.71,-0.9340039397301835,-18.97433346648316,-1.4998500149991025
2018-09-05,QQQ,-0.012907261045090181,-1,1645,TRAIN,False,173.6,173.6,173.68,173.47,-1.5001500150028342,-6.609416702039657,-8.995365438430222
2018-09-17,QQQ,-0.013267474585032463,-1,1645,TRAIN,False,171.79,171.6,171.77,171.65,9.561524287941667,-0.8357550348445804,1.4131911297731798
2018-09-18,QQQ,0.010198135198135198,1,1643,TRAIN,False,173.35,173.02,173.04,173.16,-20.533625899018006,-19.87911967384172,-9.583645470054892
2018-09-20,QQQ,0.011741569784255893,1,1643,TRAIN,False,174.92,174.8,175.32,174.8,-8.359100060721648,20.86322353358152,-1.4998500149982152
2018-10-04,QQQ,-0.021216246879963745,-1,1645,TRAIN,False,172.53,172.9,172.91,172.6,-22.948912870771526,-24.029760537057964,-18.883985733453667
2018-10-05,QQQ,-0.011798727588201226,-1,1645,TRAIN,False,170.86,170.78,170.04,171.07,3.182748334531052,46.00190792812335,15.454517919201104
2018-10-10,QQQ,-0.03241529156145388,-1,1645,TRAIN,False,164.78,162.8,162.15,163.97,118.67808943777966,157.63847291392574,69.86507030284353
2018-10-12,QQQ,0.024381141933076174,1,1643,TRAIN,False,164.7,165.25,164.66,165.1,31.889191165887205,-4.427972503296031,7.584190097040814
2018-10-16,QQQ,0.026217457886676884,1,1643,TRAIN,False,167.55,168.0,168.88,168.03,25.353776171174577,77.3636154737257,-3.2849776975528586
2018-10-18,QQQ,-0.023383114178616094,-1,1645,TRAIN,False,164.13,164.17,165.32,164.38,-3.9376081640343057,-74.5182054914204,11.277043265829858
2018-10-24,QQQ,-0.034335809083160765,-1,1645,TRAIN,False,158.61,156.74,159.25,158.34,116.41678637316981,-42.35881629900568,99.56338566785558
2018-10-25,QQQ,0.03955595253285689,1,1643,TRAIN,False,162.93,162.16,156.65,162.44,-48.75232110987597,-387.364320095332,-18.734398414381317
2018-10-26,QQQ,-0.028120374938332526,-1,1645,TRAIN,False,157.62,157.99,160.36,157.28,-24.977849897666292,-175.87077829721747,-46.64934321509538
2018-10-29,QQQ,-0.027343502753338952,-1,1645,TRAIN,False,153.67,154.74,154.33,152.03,-71.14032155477143,-44.95796752187904,-179.78118274894078
2018-10-30,QQQ,0.012472534574124196,1,1643,TRAIN,False,156.68,157.29,159.78,156.76,37.42716741856381,195.81613449581766,32.304724362981254
2018-10-31,QQQ,0.028927458834000965,1,1643,TRAIN,False,161.85,160.99,161.24,161.31,-54.62749986972207,-39.68148134213351,-21.334454490822267
2018-11-01,QQQ,0.012236784893471636,1,1643,TRAIN,False,162.96,163.11,162.61,163.2,7.703482229097157,-23.473168147102285,-7.013728774179511
2018-11-02,QQQ,-0.015633621482435234,-1,1645,TRAIN,False,160.56,160.57,160.79,160.76,-2.1230635769111195,-16.327928258693596,10.320483404397695
2018-11-07,QQQ,0.02800669186442785,1,1643,TRAIN,False,165.92,166.45,165.67,165.88,30.43846410923077,-17.064289231636863,32.85718570655699
2018-11-09,QQQ,-0.015115786927867466,-1,1645,TRAIN,False,162.89,162.6,161.47,163.06,16.305946390573062,85.19263124053198,26.7145566512986
2018-11-12,QQQ,-0.026137761377613776,-1,1645,TRAIN,False,158.34,157.68,158.46,158.34,40.18855845417596,-9.58034416552855,40.18855845417596
2018-11-15,QQQ,0.0120681948789987,1,1643,TRAIN,False,158.52,159.35,157.83,158.91,50.851620616387905,-45.51872594723823,26.184625889558838
2018-11-19,QQQ,-0.030102651300459735,-1,1645,TRAIN,False,154.02,153.57,150.13,153.54,27.721217778185867,250.61491995193606,-3.4543313651430863
2018-11-20,QQQ,-0.016409454971674037,-1,1645,TRAIN,False,151.05,150.88,152.9,151.0,9.756089809575876,-124.50069899409623,6.448062024744902
2018-11-21,QQQ,0.010737009544008514,1,1643,TRAIN,False,152.5,152.03,150.82,152.16,-32.31489965757525,-112.14170386240211,-10.042206872898252
2018-11-26,QQQ,0.02120188166699787,1,1643,TRAIN,False,154.13,154.42,153.58,154.28,17.312613772035707,-37.67682662084601,7.573199122918726
2018-11-28,QQQ,0.027236349554666316,1,1643,TRAIN,False,159.16,159.93,159.26,159.55,46.87188355806388,4.28192918330576,22.313563065505683
2018-12-03,QQQ,0.016255605381165827,1,1643,TRAIN,False,163.17,163.37,162.47,163.19,10.755466709872483,-44.89126376937401,9.528583265209614
2018-12-04,QQQ,-0.034522862214604974,-1,1645,TRAIN,False,157.73,157.1,154.01,157.25,38.4475143133405,233.8930399728622,8.040231686125432
2018-12-07,QQQ,-0.031980786246997864,-1,1645,TRAIN,False,153.16,152.99,152.73,153.34,9.601018863964583,26.08063104560749,21.32836865269838
2018-12-10,QQQ,0.010588927380874595,1,1643,TRAIN,False,154.62,154.59,157.05,154.9,-3.4397995978436664,155.12825900180806,-21.509759934272076
2018-12-12,QQQ,0.01244358478401036,1,1643,TRAIN,False,157.04,156.47,157.42,157.42,-37.79089105862678,22.193017580565375,-61.83891203053359
2018-12-14,QQQ,-0.02204331991566027,-1,1645,TRAIN,False,153.06,152.56,152.07,152.44,31.171678516341075,62.693254821365834,-9.373280545058654
2018-12-17,QQQ,-0.027071316203460902,-1,1645,TRAIN,False,148.44,149.24,150.42,148.39,-55.4020640544266,-135.4141072959354,-58.79023106839436
2018-12-19,QQQ,-0.024570515381542132,-1,1645,TRAIN,True,146.49,146.49,146.14,146.41,-1.500150015001597,21.896994805633653,-6.965077356040647
2018-12-20,QQQ,-0.010034814663116927,-1,1645,TRAIN,False,145.02,144.37,145.1,144.47,43.327977812261345,-7.517783911888538,5.422740654350799
2018-12-21,QQQ,-0.02971531481609747,-1,1645,TRAIN,False,140.07,139.9,138.94,139.82,10.638459433862108,78.68988512330277,-7.222650458439404
2018-12-26,QQQ,0.04749688484937323,1,1643,TRAIN,False,142.91,144.94,143.15,143.95,140.52628744542864,14.790627857654565,67.26371475391502
2019-01-03,QQQ,-0.031239388794567023,-1,1645,TRAIN,False,142.66,142.43,144.68,142.65,14.624517267371399,-143.62392358680674,13.924525996237431
2019-01-04,QQQ,0.0402302885628027,1,1643,TRAIN,False,148.15,148.53,148.82,148.41,24.145982296808356,43.21559069202689,6.584645760207111
2019-01-07,QQQ,0.012388069750218833,1,1643,TRAIN,False,150.37,150.3,151.69,150.41,-6.154335687001357,85.76611248897059,-8.812096650849103
2019-01-15,QQQ,0.017831197992339304,1,1643,TRAIN,False,154.12,154.38,154.61,154.28,15.367591193124683,29.787249668494326,4.980899369228221
2019-01-22,QQQ,-0.023551877784850343,-1,1645,TRAIN,False,153.41,153.96,154.75,153.61,-37.35716769643347,-89.36530182579689,-24.28854303957728
2019-01-25,QQQ,0.010891982469708673,1,1643,TRAIN,False,156.84,157.01,154.99,157.03,9.337595952213311,-119.93081487566576,-2.7733009670440696
2019-01-28,QQQ,-0.013374944271065501,-1,1645,TRAIN,False,154.91,155.07,155.16,154.8,-11.830277340560903,-18.141830967035006,-18.944627020840667
2019-01-30,QQQ,0.02532387214374055,1,1643,TRAIN,True,157.51,157.51,158.44,157.33,-1.4998500149988805,57.0322626171784,9.939354377023706
2019-01-31,QQQ,0.01295155863119815,1,1643,TRAIN,False,159.56,159.87,159.12,159.5,17.925664189661255,-29.5701189469905,21.694162872114234
2019-02-07,QQQ,-0.01597680587255569,-1,1645,TRAIN,False,159.52,159.94,158.51,159.74,-27.8330867189028,61.327409069895374,-14.022373816197565
2019-02-12,QQQ,0.015990006246096203,1,1643,TRAIN,False,162.67,162.47,163.16,162.49,-13.792835998873732,28.116509674416516,-2.7305103817889846
2019-03-07,QQQ,-0.014181818181818202,-1,1645,TRAIN,False,162.65,162.98,161.15,162.8,-21.792157697170968,90.24081012466513,-12.558319714033821
2019-03-11,QQQ,0.02077060161002903,1,1643,TRAIN,False,166.12,166.12,166.54,166.05,-1.4998500149993286,23.278071903861257,2.7151154201044916
2019-03-21,QQQ,0.015302844460019885,1,1643,TRAIN,False,173.83,173.89,173.12,174.1,1.9512804515434397,-42.836135186458755,-13.560074205099994
2019-03-22,QQQ,-0.018804991661395033,-1,1645,TRAIN,False,170.62,170.07,169.47,170.17,30.74006263596609,65.41452410391715,4.377208009333986
2019-04-01,QQQ,0.013265544647031216,1,1643,TRAIN,False,173.39,173.38,173.56,173.4,-2.07649804256446,7.802726273310536,-2.653079559402651
2019-04-23,QQQ,0.012906469996647683,1,1643,TRAIN,False,181.28,181.26,181.38,181.06,-2.602950208068226,3.515425156514073,9.544555320233037
2019-05-03,QQQ,0.014567983924983331,1,1643,TRAIN,False,181.78,182.02,178.2,181.97,11.70094234937911,-198.9017733720092,1.2474435361342677
2019-05-07,QQQ,-0.026200873362445466,-1,1645,TRAIN,False,176.16,177.38,176.85,176.52,-70.76576186229178,-41.176971920625405,-50.22715051926765
2019-05-13,QQQ,-0.034790011350737775,-1,1645,TRAIN,False,170.07,170.09,170.97,169.87,-2.6763127891569605,-54.93017109084456,-14.45317310915257
2019-05-14,QQQ,0.01316949850079375,1,1643,TRAIN,False,172.33,171.95,170.86,172.16,-23.547259386522086,-87.28419794241833,-13.695975894975916
2019-05-15,QQQ,0.016225646990404307,1,1643,TRAIN,False,174.73,174.38,174.41,174.5,-21.527750504293405,-20.310107717550775,-8.375609430460177
2019-05-20,QQQ,-0.01686456720013782,-1,1645,TRAIN,False,171.38,171.39,172.87,171.53,-2.083736206506687,-88.95889005401928,6.662911962506565
2019-05-21,QQQ,0.011435906412276143,1,1643,TRAIN,False,173.35,173.18,172.21,173.15,-11.305128500705434,-67.7495561663906,0.2324919110751529
2019-05-23,QQQ,-0.0147323241111304,-1,1645,TRAIN,False,169.87,169.77,170.77,169.38,4.387587755064846,-54.992489300146026,-24.52875468206002
2019-05-29,QQQ,-0.010171496156120632,-1,1645,TRAIN,False,167.39,167.66,168.14,167.91,-17.632565574498816,-46.814705964294504,13.39101214034088
2019-05-31,QQQ,-0.014908529341886547,-1,1645,TRAIN,False,165.85,165.68,165.27,165.72,8.751613780611834,32.97815461377284,0.9139219497614904
2019-06-03,QQQ,-0.026014002897151146,-1,1645,TRAIN,False,161.38,162.03,163.8,161.68,-41.78379791133328,-151.9868184612504,-23.151096653455358
2019-06-04,QQQ,0.025180522125532387,1,1643,TRAIN,False,166.11,166.59,168.2,166.07,27.392330299206304,123.79527804849805,29.807550948404575
2019-06-07,QQQ,0.020513123669898315,1,1643,TRAIN,False,172.62,172.43,173.56,172.55,-12.505034979064352,52.44418206771624,-8.45331288372259
2019-06-10,QQQ,0.012410833381662044,1,1643,TRAIN,False,174.58,174.44,176.27,174.52,-9.517893439206057,94.78459875400868,-6.083164317077917
2019-06-18,QQQ,0.015542857142857136,1,1643,TRAIN,False,177.72,177.54,177.85,177.69,-11.626622617955803,5.313614485950914,-9.940251965011456
2019-06-25,QQQ,-0.016480151439229485,-1,1645,TRAIN,False,176.64,176.52,177.68,176.49,5.294347369516857,-60.8887881541781,-3.2002180330240213
2019-07-01,QQQ,0.012566619915848579,1,1643,TRAIN,False,180.49,180.66,180.59,180.6,7.9175416715078875,3.5395651525772034,1.8219108321738642
2019-07-26,QQQ,0.011435694542301304,1,1643,TRAIN,False,186.61,186.41,186.31,186.58,-12.215781797846521,-18.07289395919843,-10.609856583213206
2019-08-02,QQQ,-0.014103906120874896,-1,1645,TRAIN,False,178.95,178.83,175.17,179.03,5.206639691627504,209.27423840456098,9.672837919997033
2019-08-05,QQQ,-0.03897556338421964,-1,1645,TRAIN,False,171.87,172.51,174.09,172.8,-38.7431830982025,-131.1934300429515,15.284775005278235
2019-08-06,QQQ,0.012405077966494782,1,1643,TRAIN,False,174.66,174.93,173.08,175.04,13.956436716343521,-92.4431775304065,-7.78318534691255
2019-08-08,QQQ,0.01876385966907365,1,1643,TRAIN,False,179.16,179.7,178.8,179.57,28.636285735124364,-22.08955259865628,5.7385807891341125
2019-08-12,QQQ,-0.012077973147575851,-1,1645,TRAIN,False,175.85,175.97,175.89,175.99,-8.32517144236534,-4.275320907124869,-0.3635513275738845
2019-08-13,QQQ,0.02204921293402282,1,1643,TRAIN,False,179.85,179.83,176.89,179.79,-2.611721035291496,-166.54848276640269,0.7246341387339665
2019-08-14,QQQ,-0.030640048935105482,-1,1645,TRAIN,False,174.33,174.45,174.79,174.58,-8.384679459168993,-28.39221569148249,5.94740995465192
2019-08-16,QQQ,0.015552367288378811,1,1643,TRAIN,False,176.97,177.05,179.48,177.14,3.0200121763280054,139.80378534446962,-6.579815090635922
2019-08-19,QQQ,0.01581474159841843,1,1643,TRAIN,False,179.85,179.86,179.45,179.98,-0.9439145048516893,-24.236108499242555,-8.166257493596438
2019-08-23,QQQ,-0.030367192288404683,-1,1645,TRAIN,False,174.03,173.79,175.82,173.98,12.292644537681165,-104.87660269790688,9.422283761884684
2019-08-26,QQQ,0.012141089821048471,1,1643,TRAIN,False,175.9,176.42,177.62,175.6,28.057967369834127,95.76347652329764,45.190184853950726
2019-08-29,QQQ,0.014829069504188387,1,1643,TRAIN,False,179.3,179.38,180.35,179.34,2.9612766553779446,56.54955976794838,0.7302158152640017
2019-09-03,QQQ,-0.010338083263481389,-1,1645,TRAIN,False,177.12,177.21,178.91,177.2,-6.58221309935973,-103.08184160782679,-2.0645687593613817
2019-09-04,QQQ,0.014107556006997347,1,1643,TRAIN,False,179.71,179.77,181.74,179.81,1.8383615981525154,110.93737880121202,-3.7240867426504995
2019-09-05,QQQ,0.01924681537520153,1,1643,TRAIN,False,183.23,183.06,183.3,183.1,-10.776415127138417,1.819771087346892,-3.6841209379867688
2019-09-24,QQQ,-0.015641293013555754,-1,1645,TRAIN,False,179.36,179.79,179.62,179.33,-25.477876735040965,-16.499085234125218,-27.15503246080987
2019-09-25,QQQ,0.01168029367595525,1,1643,TRAIN,False,181.89,181.81,181.6,182.07,-5.897453027800512,-17.940313836008414,-15.77793008857326
2019-09-27,QQQ,-0.015071215634315944,-1,1645,TRAIN,False,178.42,178.89,179.58,178.65,-27.846440063803104,-67.02833717964442,-14.936254330722393
2019-10-02,QQQ,-0.016860205448861156,-1,1645,TRAIN,False,176.1,176.04,176.06,176.25,1.9075161349173195,0.2716909964705038,10.416531014801743
2019-10-04,QQQ,0.013934932853851716,1,1643,TRAIN,False,180.44,180.59,180.04,180.59,6.811915793568366,-24.16340055198645,-1.4998500149979876
2019-10-09,QQQ,0.01353256272906685,1,1643,TRAIN,False,179.75,179.08,179.1,179.2,-38.76825113037976,-38.15390366387635,-8.19527422257598
2019-10-11,QQQ,0.019504626807779743,1,1643,TRAIN,False,183.98,182.79,182.51,183.48,-66.17109242440208,-81.88381074926434,-39.10048825071735
2019-10-15,QQQ,0.013897247907205734,1,1643,TRAIN,False,185.3,185.1,184.48,185.12,-12.291539329607861,-46.24351380296543,-2.580068268021579
2019-10-28,QQQ,0.010955536554082851,1,1643,TRAIN,False,189.17,188.97,188.65,189.09,-12.070765223523477,-29.482805274474657,-7.845082539183969
2019-11-25,QQQ,0.011344799005387473,1,1643,TRAIN,False,195.23,195.33,195.43,195.15,3.6215453391923695,8.242478523239512,7.722440669077374
2019-12-02,QQQ,-0.011061834123464278,-1,1645,TRAIN,False,194.0,194.16,191.6,194.29,-9.748809932539876,121.73588492869987,5.191882614066929
2019-12-06,QQQ,0.010309278350515464,1,1643,TRAIN,False,195.99,196.08,195.72,196.2,3.0915322672539802,-15.773258124976854,-7.615140626609206
2020-01-02,QQQ,0.013640824337585873,1,1643,TRAIN,False,206.59,207.2,204.45,206.69,28.022803992895586,-105.56589919206466,23.17108266917763
2020-01-08,QQQ,0.011907643157945728,1,1643,TRAIN,False,209.06,208.15,209.83,208.81,-45.02149517182493,34.82436602795344,-33.102790961265185
2020-01-27,QQQ,-0.019909120719539045,-1,1645,TRAIN,False,209.22,209.06,210.5,209.22,6.148449659993221,-63.19205670686503,6.148449659993221
2020-01-28,QQQ,0.01731560317612171,1,1643,TRAIN,False,212.69,212.27,213.43,212.52,-21.243937950461017,32.785663085862076,-13.261684371747712
2020-01-31,QQQ,-0.017293902610488812,-1,1645,TRAIN,False,209.67,209.99,211.01,209.95,-16.764518060048243,-65.92293702589964,-3.4056513534196213
2020-02-03,QQQ,0.01576265536454118,1,1643,TRAIN,False,213.3,213.16,216.05,213.13,-8.062391135477514,126.90081202850179,-0.09246952187423318
2020-02-04,QQQ,0.024254081441171027,1,1643,TRAIN,False,218.33,218.04,220.68,218.17,-14.780503353960597,105.61390615850785,-7.457612399826224
2020-02-10,QQQ,0.010013654984069264,1,1643,TRAIN,False,221.9,222.35,223.54,221.93,18.77651351584004,71.89258541473407,17.42219776129847
2020-02-19,QQQ,0.010044444444444404,1,1643,TRAIN,False,227.26,227.15,226.66,227.15,-6.339395102115837,-28.395998735072673,-1.49985001499884
2020-02-21,QQQ,-0.021150855365474425,-1,1645,TRAIN,False,220.29,220.72,212.64,220.27,-21.022802266609553,345.3387692030813,-21.932687662011563
2020-02-24,QQQ,-0.03370786516853932,-1,1645,TRAIN,False,213.28,212.21,213.94,212.93,48.67616825448342,-32.95162599530744,32.31885204206328
2020-02-25,QQQ,-0.026106215541209274,-1,1645,TRAIN,False,206.66,206.44,207.69,206.6,9.146951664099085,-51.85048650998886,6.245445454515135
2020-02-27,QQQ,-0.03653012048192777,-1,1645,TRAIN,False,199.9,197.11,190.67,199.34,138.09057243893326,459.82302082134197,110.38580029368286
2020-02-28,QQQ,-0.018111714271219225,-1,1645,TRAIN,False,193.55,197.27,200.22,192.65,-193.72738100469886,-346.6829245569862,-241.3492582063821
2020-03-02,QQQ,0.03142900593095751,1,1643,TRAIN,False,203.49,207.45,208.11,204.25,193.07511973260785,224.99298057810245,155.14739835686012
2020-03-03,QQQ,-0.022270426608821288,-1,1645,TRAIN,True,202.82,200.79,204.48,202.21,98.60361344289242,-83.86254264909742,68.73440917109812
2020-03-04,QQQ,0.0352109168783307,1,1643,TRAIN,False,207.85,209.17,203.87,207.58,61.99796185885406,-193.4457504454019,75.0856362480129
2020-03-05,QQQ,-0.03456518621217187,-1,1645,TRAIN,False,201.95,202.82,196.18,202.64,-44.5865829464867,283.7712342662824,-10.384230290381835
2020-03-06,QQQ,-0.030322453406961866,-1,1645,TRAIN,False,196.69,199.4,185.46,197.63,-139.30108248000107,569.0632106578399,-91.07488697561918
2020-03-09,QQQ,-0.05752256770310932,-1,1645,TRAIN,False,187.94,185.54,192.77,188.8,126.21933684269749,-259.04851845192957,171.1952445244523
2020-03-10,QQQ,0.03848226797456082,1,1643,TRAIN,False,192.68,195.65,191.08,193.39,152.61861295705532,-85.02242987243697,115.34492137424746
2020-03-11,QQQ,-0.049424993611040205,-1,1645,TRAIN,False,186.01,187.13,174.54,187.67,-61.72099925975707,614.756653343955,27.27807815683104
2020-03-12,QQQ,-0.08053225030727298,-1,1645,TRAIN,False,172.06,169.97,179.31,172.99,119.98732710653292,-423.44912161796157,173.10260420804622
2020-03-13,QQQ,0.040771900923692456,1,1643,TRAIN,False,176.87,184.37,166.93,178.73,422.47680586156355,-563.8820976838256,314.01260366326164
2020-03-16,QQQ,-0.08352768888647831,-1,1645,TRAIN,False,168.94,162.28,168.19,170.28,392.78179031351596,42.40313933133542,468.38475249920947
2020-03-17,QQQ,0.060327828444663494,1,1643,TRAIN,False,172.11,174.59,164.49,174.81,142.57243150241942,-444.65136892272085,-14.08305482591661
2020-03-18,QQQ,-0.06856062775645798,-1,1645,TRAIN,False,162.63,169.28,168.41,163.37,-410.46513800983786,-357.4792700323965,-363.30994304058066
2020-03-19,QQQ,0.027232986767485735,1,1643,TRAIN,False,173.89,170.29,174.21,174.38,-208.4962301400542,16.398958183428796,-236.00991776037395
2020-03-20,QQQ,-0.01526807211227902,-1,1645,TRAIN,False,167.72,163.62,164.18,165.57,242.9915660299624,209.10807989933275,116.29247722742772
2020-03-23,QQQ,-0.016012712382349373,-1,1645,TRAIN,False,161.0,163.74,172.82,162.1,-171.71201592209061,-736.3085376860656,-102.68744332792544
2020-03-24,QQQ,0.07114938316843762,1,1643,TRAIN,False,175.38,176.42,177.15,175.96,57.791062038737316,98.90372577521578,24.638534100668718
2020-03-25,QQQ,0.022616483391905733,1,1643,TRAIN,False,180.43,175.11,176.62,178.38,-296.30681558569216,-213.11979537511579,-184.78887059158194
2020-03-26,QQQ,0.041459653931814236,1,1643,TRAIN,False,182.37,184.34,179.56,181.87,106.50610104861055,-156.0513466666164,134.29107410917126
2020-03-27,QQQ,-0.011608983400238769,-1,1645,TRAIN,False,182.2,178.0,179.72,179.94,229.050347405761,134.14118579805393,106.3297393427238
2020-03-30,QQQ,0.03286516853932581,1,1643,TRAIN,False,183.86,184.47,183.98,184.18,31.672591470321173,4.525599871210153,14.243254792774867
2020-03-31,QQQ,-0.011709221011546575,-1,1645,TRAIN,False,182.32,182.89,177.52,183.24,-32.76855219528229,261.3258254302816,17.603348416046398
2020-04-01,QQQ,-0.04560118103778214,-1,1645,TRAIN,False,174.54,175.12,174.43,174.0,-34.735340154847634,4.303340841704933,-65.87762224498422
2020-04-02,QQQ,0.012163088168113267,1,1643,TRAIN,False,177.26,178.68,178.19,177.72,78.59645040798837,50.45501316956162,52.5096038674317
2020-04-03,QQQ,-0.01762928139691071,-1,1645,TRAIN,False,175.55,176.14,182.88,174.52,-35.11385031980731,-419.62857635806046,-94.34011244351493
2020-04-06,QQQ,0.061087771091177585,1,1643,TRAIN,False,186.91,188.73,194.17,187.61,95.85861273698274,386.3447586010216,58.18950645844596
2020-04-08,QQQ,0.021944238312307934,1,1643,TRAIN,False,192.79,192.66,194.3,191.97,-8.241926987342504,76.30810133365044,34.43787516856995
2020-04-14,QQQ,0.04291647438855563,1,1643,TRAIN,False,203.4,203.51,200.26,203.48,3.9074017868605564,-156.34454253689776,-0.025724771732856606
2020-04-16,QQQ,0.01540985236367263,1,1643,TRAIN,False,204.31,204.84,207.45,204.38,24.437231280542537,151.65748855098238,21.003868886035285
2020-04-21,QQQ,-0.030780523611450904,-1,1645,TRAIN,False,198.05,196.81,200.9,197.8,61.11969439811913,-145.93203829345293,48.557914436539086
2020-04-22,QQQ,0.03343326050505556,1,1643,TRAIN,False,203.39,202.65,203.45,203.47,-37.87769607915481,0.949607581156602,-41.794586944214
2020-04-24,QQQ,0.014093561467708408,1,1643,TRAIN,False,205.07,205.41,207.66,205.7,15.077367769148093,124.27327999145203,-15.595936760236196
2020-04-28,QQQ,-0.012315270935960645,-1,1645,TRAIN,False,204.52,203.16,207.69,204.18,65.00698964870033,-157.0282688350976,48.463265368557884
2020-04-29,QQQ,0.03883638511518023,1,1643,TRAIN,True,211.04,210.37,211.34,211.18,-33.2426243728918,12.212671833651255,-39.85000211978011
2020-05-01,QQQ,-0.027106714856381914,-1,1645,TRAIN,False,204.58,204.35,203.27,204.34,9.744082238902216,62.046237862617154,-1.9896038737668236
2020-05-05,QQQ,0.014317500241849567,1,1643,TRAIN,False,209.71,209.08,210.72,209.1,-31.5368301041246,46.15231576837472,-2.456186710357095
2020-05-07,QQQ,0.012026429623995822,1,1643,TRAIN,False,212.88,213.08,214.74,212.67,7.893705180404097,85.35589507565739,17.775953161257075
2020-05-08,QQQ,0.011122583067392416,1,1643,TRAIN,False,215.46,216.0,214.69,215.9,23.55904760401163,-37.73014511414389,3.1312292578061296
2020-05-11,QQQ,0.011527777777777819,1,1643,TRAIN,False,218.49,217.93,218.51,218.36,-27.12646946665151,-1.0846093751199446,-21.189147800736297
2020-05-13,QQQ,-0.020200599925009385,-1,1645,TRAIN,False,209.05,210.69,209.52,209.71,-79.9620502590809,-24.487356652431185,-48.23836062496272
2020-05-18,QQQ,0.021448221196437703,1,1643,TRAIN,False,219.06,218.46,218.69,219.26,-28.885498193538027,-18.886771963724623,-37.980740829501
2020-05-20,QQQ,0.019319016152716632,1,1643,TRAIN,False,222.15,222.27,222.36,222.42,3.9010953732456,7.451381803076818,-8.242836358391687
2020-05-29,QQQ,0.010637334781821578,1,1643,TRAIN,False,223.27,224.27,223.24,223.54,43.28225304401138,-3.343195935254358,31.151599879826566
2020-06-05,QQQ,0.02188067502325374,1,1643,TRAIN,False,230.72,230.24,230.1,230.15,-22.301167941457635,-28.866825522717697,2.4100566263167873
2020-06-10,QQQ,0.018356082324247965,1,1643,TRAIN,True,237.99,236.51,232.74,237.62,-63.67800969388338,-222.55318902749764,-48.20608335597738
2020-06-11,QQQ,-0.045875438670669295,-1,1645,TRAIN,False,225.64,224.8,229.67,226.62,35.732876602674075,-180.6390087688074,78.82254998070547
2020-06-16,QQQ,0.014919513152728771,1,1643,TRAIN,False,232.65,233.28,234.77,232.42,25.575392170647113,89.10598301871983,35.49657941872997
2020-06-24,QQQ,-0.018542493213614526,-1,1645,TRAIN,False,234.99,234.51,234.7,235.47,18.92931537504659,10.34321909573103,39.27549080554587
2020-06-26,QQQ,-0.02095125454084653,-1,1645,TRAIN,False,231.78,231.15,230.92,232.2,25.68487498503739,35.11137203978491,43.726271851988656
2020-06-30,QQQ,0.015363546882355474,1,1643,TRAIN,False,237.27,238.25,238.31,237.45,39.797111872240414,41.82335591197413,32.18640022710832
2020-07-01,QQQ,0.013976915005246643,1,1643,TRAIN,False,241.59,241.03,243.42,241.78,-24.676140772032,73.73322024558986,-32.51513296846421
2020-07-02,QQQ,0.010123221175787237,1,1643,TRAIN,False,243.48,242.67,245.82,243.22,-34.76247988803921,94.08743699311647,-24.109730298247193
2020-07-06,QQQ,0.02217002513701745,1,1643,TRAIN,False,248.04,248.64,248.36,248.2,22.686168731942143,10.898764985622034,16.22513010584528
2020-07-08,QQQ,0.011299206220638347,1,1643,TRAIN,False,249.7,250.18,252.0,249.42,17.72033449438507,90.09231235466886,28.966271843668615
2020-07-13,QQQ,-0.012007401283413972,-1,1645,TRAIN,False,250.94,248.78,246.4,250.9,84.5891156422557,178.95572931804983,83.00834069058439
2020-07-20,QQQ,0.028001442134358887,1,1643,TRAIN,False,256.62,256.71,258.28,256.83,2.0067551346326513,62.67434982010204,-6.171500593195509
2020-07-23,QQQ,-0.029537520103557844,-1,1645,TRAIN,False,247.38,248.27,244.53,248.16,-37.48258648324354,113.2302170309203,-5.93343908859121
2020-07-24,QQQ,-0.011721110081765806,-1,1645,TRAIN,False,245.35,245.91,247.65,245.51,-24.328110414465538,-95.76258216814138,-17.795209523804807
2020-07-27,QQQ,0.01903135293400027,1,1643,TRAIN,False,250.59,250.3,249.54,250.42,-13.070802740548743,-43.89253400770375,-6.291080819238923
2020-07-28,QQQ,-0.010587295245705177,-1,1645,TRAIN,False,247.66,247.12,248.58,247.4,20.30720717230218,-39.15533279888638,9.819251933275508
2020-07-29,QQQ,0.011492392359987065,1,1643,TRAIN,True,249.99,249.96,248.06,250.2,-2.69971802771733,-79.18744906980557,-11.090737449035192
2020-07-31,QQQ,0.012536315517172672,1,1643,TRAIN,False,254.42,255.76,257.93,254.52,51.16106579735882,135.93346270278246,47.212000472119165
2020-08-03,QQQ,0.013841101032217784,1,1643,TRAIN,False,259.28,259.21,258.6,259.67,-4.199229105168571,-28.22102856051924,-19.21198491311327
2020-08-06,QQQ,0.013457556935817771,1,1643,TRAIN,False,264.33,264.27,263.7,263.98,-3.769399475896459,-25.828877786377856,9.48418303104857
2020-08-07,QQQ,-0.01487115450107847,-1,1645,TRAIN,False,260.34,261.22,261.48,261.27,-35.307172109239964,-45.79785012380022,0.41386616557818073
2020-08-11,QQQ,-0.01245626850178774,-1,1645,TRAIN,False,256.87,255.18,257.28,255.97,64.30175465866655,-17.964773858940305,29.367471653598557
2020-08-12,QQQ,0.0249235833529274,1,1643,TRAIN,False,261.53,261.6,262.35,261.86,1.1763057243018002,29.34788538505697,-11.427330496920089
2020-08-17,QQQ,0.012257054488525857,1,1643,TRAIN,False,265.1,264.93,265.98,265.23,-7.911562672475455,31.18858238657626,-12.809091220727058
2020-08-18,QQQ,0.010644321141433561,1,1643,TRAIN,False,267.75,267.48,267.44,267.78,-11.582371174646015,-13.575449177771171,-12.701396228288603
2020-08-20,QQQ,0.012759710930442586,1,1643,TRAIN,False,269.08,269.36,269.5,269.69,8.90441653025306,13.605819438868691,-13.73428603225855
2020-08-26,QQQ,0.019558657796197317,1,1643,TRAIN,False,280.47,280.94,282.02,280.36,15.255222080029325,53.25352586144451,19.18473440143477
2020-08-31,QQQ,0.012007531351024886,1,1643,TRAIN,False,284.86,283.75,286.37,284.99,-40.460515487452575,50.998094742235416,-45.00362272976573
2020-09-01,QQQ,0.015048458149779672,1,1643,TRAIN,False,288.04,288.6,291.81,288.29,17.938978217162948,128.85862503876012,9.251598340808487
2020-09-03,QQQ,-0.058181443723612364,-1,1645,TRAIN,False,274.37,276.56,274.97,275.81,-81.33134631391718,-23.87285417319753,-28.696861927229822
2020-09-08,QQQ,-0.03913808267370275,-1,1645,TRAIN,False,262.21,259.76,265.14,260.98,91.95042535411623,-113.76504722666493,45.2537398731838
2020-09-09,QQQ,0.03576378195257168,1,1643,TRAIN,False,269.07,267.39,270.36,268.06,-63.927769337014766,45.933526839088366,-26.490505467100384
2020-09-10,QQQ,-0.02251393096226479,-1,1645,TRAIN,False,261.39,262.06,263.97,262.87,-27.13619232920719,-100.72302995248513,29.31818270273699
2020-09-14,QQQ,0.017022748232400887,1,1643,TRAIN,False,264.66,264.77,268.37,265.45,2.655802582667225,138.15202020945068,-27.11288486898176
2020-09-15,QQQ,0.011859349624202301,1,1643,TRAIN,False,267.91,268.53,269.21,267.19,21.638778976044566,46.51425417720763,48.644205529669
2020-09-16,QQQ,-0.013741481398726392,-1,1645,TRAIN,True,264.83,264.24,257.42,264.81,20.78163486023414,277.85790322414806,20.027945923628025
2020-09-17,QQQ,-0.022971541023312114,-1,1645,TRAIN,False,258.17,260.12,261.37,259.38,-77.04310733974683,-125.97432807540784,-30.034000392869267
2020-09-18,QQQ,-0.011571582346609223,-1,1645,TRAIN,False,257.13,256.8,252.98,256.87,11.335750305865115,159.4290413368338,1.2253726637875204
2020-09-22,QQQ,0.016680243609139046,1,1643,TRAIN,False,262.1,262.58,262.26,262.78,16.811023972001017,4.103519445841299,-9.109637784222626
2020-09-23,QQQ,-0.028867392794576834,-1,1645,TRAIN,False,255.0,254.56,252.07,255.51,15.757340439924995,112.92474345473833,35.68596850291828
2020-09-25,QQQ,0.023891452256197755,1,1643,TRAIN,False,261.85,261.69,266.56,261.91,-7.6093020829677185,177.83820243142682,-9.898422169542851
2020-09-28,QQQ,0.01845695288318233,1,1643,TRAIN,False,266.52,267.12,266.66,266.76,21.009155275378305,3.2520385962324148,11.993402549084465
2020-10-01,QQQ,0.014491671024127867,1,1643,TRAIN,False,271.61,271.99,265.98,271.4,12.488699953686353,-209.24084830940905,20.236019876275435
2020-10-02,QQQ,-0.024155299827199505,-1,1645,TRAIN,False,265.43,264.34,266.3,265.65,39.571451399744724,-34.783759429328754,47.8202535103856
2020-10-05,QQQ,0.021487478247711307,1,1643,TRAIN,False,270.01,269.98,269.14,269.83,-2.6107533315399754,-34.214385309366016,4.058371911763235
2020-10-06,QQQ,-0.013815838210237862,-1,1645,TRAIN,False,266.27,265.16,267.73,265.45,40.19311308829949,-56.8427293775326,9.426333479079963
2020-10-07,QQQ,0.019195957157942277,1,1643,TRAIN,False,270.24,269.75,272.06,270.1,-19.629161269781427,65.33427474304197,-14.456070127901597
2020-10-09,QQQ,0.013570322295154535,1,1643,TRAIN,False,274.85,275.33,280.04,274.94,15.961601947863215,186.79270875895764,12.682935532736899
2020-10-12,QQQ,0.033596048378309665,1,1643,TRAIN,False,284.56,283.83,285.57,284.23,-27.149643062120727,33.48649532010558,-15.57084906504215
2020-10-19,QQQ,-0.016509603625638355,-1,1645,TRAIN,False,273.44,273.49,274.22,273.44,-3.328979035996721,-30.531359162832672,-3.328979035996721
2020-10-26,QQQ,-0.018477349757644205,-1,1645,TRAIN,False,269.31,270.28,271.19,269.43,-37.52352510510062,-71.82219094509638,-33.05296569073551
2020-10-28,QQQ,-0.02834171592202346,-1,1645,TRAIN,False,264.67,261.77,263.12,263.54,108.08669562312606,56.57500801275835,65.67240544347489
2020-10-29,QQQ,0.02521297322076641,1,1643,TRAIN,False,268.37,266.34,264.4,268.07,-77.1303426351482,-149.9003134675543,-66.02555322488453
2020-10-30,QQQ,-0.031088082901554303,-1,1645,TRAIN,False,258.07,259.59,261.85,258.59,-60.40773411242765,-148.50138479961893,-40.17720693914993
2020-11-03,QQQ,0.020832532574854744,1,1643,TRAIN,False,265.59,264.67,273.25,265.69,-36.13451298418454,286.35699628952676,-39.88469759294496
2020-11-04,QQQ,0.043525900177579555,1,1643,TRAIN,False,276.21,276.48,282.75,275.92,8.273854921449258,234.72921525051805,18.792843823766095
2020-11-05,QQQ,0.02694589120370366,1,1643,TRAIN,True,283.9,283.69,282.91,283.07,-8.895711344680262,-36.86426003401697,20.39957448420989
2020-11-10,QQQ,-0.014419273642574783,-1,1645,TRAIN,False,274.1,273.12,275.53,273.86,34.258588208328945,-54.18137581725835,25.525009230639146
2020-11-11,QQQ,0.020503807850029376,1,1643,TRAIN,False,278.69,279.23,280.15,279.27,17.873611827880946,50.377681382171716,-2.931940844657042
2020-11-24,QQQ,0.014794168096055044,1,1643,TRAIN,False,283.98,283.77,284.69,283.61,-8.893627856737064,22.99696081522298,4.140853852979403
2020-12-01,QQQ,0.012849374848474282,1,1643,TRAIN,False,292.44,292.43,291.24,292.38,-1.841749213123146,-43.02565229730681,0.20999678539619127
2020-12-09,QQQ,-0.02484179345630805,-1,1645,TRAIN,False,289.69,290.36,288.33,290.65,-24.631791081349956,44.95592643250572,8.478983112484697
2020-12-14,QQQ,0.011069856985698664,1,1643,TRAIN,False,294.1,292.99,295.23,293.03,-39.236453777268196,36.414821625624846,-2.864693225587607
2020-12-28,QQQ,0.010841559310690821,1,1643,TRAIN,False,302.08,301.86,303.18,301.96,-8.781596681432404,34.40711278448374,-4.811050223628262
2021-01-04,QQQ,-0.01809237677044459,-1,1645,VAL,False,297.38,298.61,297.62,298.4,-42.867576151658994,-10.072296489182955,-8.538739262668335
2021-01-06,QQQ,-0.010332569188345173,-1,1645,VAL,False,297.89,296.9,299.54,297.69,31.738579544616606,-57.400852375008995,25.04150445277308
2021-01-07,QQQ,0.025900976759851795,1,1643,VAL,False,304.59,304.08,306.36,304.46,-18.24115825391693,56.099482142793825,-13.979092138738629
2021-01-11,QQQ,-0.015714795934933055,-1,1645,VAL,False,303.14,303.54,303.58,303.29,-14.697352825605874,-16.5178489215271,-9.744322383045974
2021-01-19,QQQ,0.015179194207327178,1,1643,VAL,False,305.63,305.46,309.06,305.73,-7.0612969459186505,110.20495961070448,-10.329847203681876
2021-01-20,QQQ,0.025469783277679663,1,1643,VAL,False,313.24,312.57,313.9,313.36,-22.885991952458145,19.066092369182087,-26.706689172799017
2021-01-27,QQQ,-0.03139776811045973,-1,1645,VAL,True,307.24,308.38,309.58,307.57,-38.61025993238614,-78.17739201338419,-27.839569078994092
2021-01-28,QQQ,0.012938582268629642,1,1643,VAL,False,312.38,310.2,308.52,311.54,-71.27618117245791,-125.54253890188063,-44.50553211354261
2021-01-29,QQQ,-0.014925854287556401,-1,1645,VAL,False,305.56,303.68,307.1,304.94,60.03545766279639,-52.4095478012263,39.825652401928764
2021-02-01,QQQ,0.02604715489989452,1,1643,VAL,False,311.58,311.26,314.22,312.0,-11.76854520722856,82.71269926733554,-25.214241396373428
2021-02-02,QQQ,0.018955214290304036,1,1643,VAL,False,317.17,316.34,318.41,316.65,-27.664856555616485,37.08813467740493,-11.288370610276655
2021-02-22,QQQ,-0.022780611446631325,-1,1645,VAL,False,312.28,311.28,306.03,311.68,30.527197717849187,198.18073135608734,11.335450793539763
2021-02-25,QQQ,-0.03419404320593119,-1,1645,VAL,False,302.21,302.01,304.92,302.24,5.118757466560614,-91.69088048078825,6.110838055749253
2021-03-01,QQQ,0.030368978138292733,1,1643,VAL,False,312.49,312.39,313.03,312.03,-4.699472450912902,15.277297192677647,10.035771732892885
2021-03-02,QQQ,-0.012196293095169508,-1,1645,VAL,False,308.61,307.38,306.29,308.4,38.36195809723811,73.19062485296523,31.578741531739066
2021-03-03,QQQ,-0.026189081918146957,-1,1645,VAL,False,299.35,298.46,298.1,299.59,28.23539410897862,39.765292714338386,36.22372317674926
2021-03-04,QQQ,-0.017456275547812036,-1,1645,VAL,False,293.26,293.58,296.2,293.71,-12.41360581533227,-102.27258830363664,2.926648594176378
2021-03-05,QQQ,0.015259895088221332,1,1643,VAL,False,298.05,298.0,297.46,298.31,-3.1771692818986215,-21.791177701556492,-11.890165614527524
2021-03-08,QQQ,-0.02312080536912747,-1,1645,VAL,False,291.09,289.56,296.83,291.53,51.06879852160947,-199.2295144867124,66.0845078093344
2021-03-09,QQQ,0.044377676474651274,1,1643,VAL,False,302.4,300.98,305.22,301.68,-48.45047902616906,91.23551930521364,-24.699764178977492
2021-03-11,QQQ,0.02592296414767417,1,1643,VAL,False,307.89,307.04,303.0,307.52,-29.10297167366453,-160.79099485549736,-17.106249832872308
2021-03-12,QQQ,-0.010194111516414785,-1,1645,VAL,False,303.9,304.55,304.86,304.45,-22.891973303947136,-33.59585711779615,-4.785254350695245
2021-03-18,QQQ,-0.025775518084695557,-1,1645,VAL,False,302.75,301.24,301.08,301.61,48.38346757879476,53.17185723526983,10.769188055701772
2021-03-22,QQQ,0.021302636366643504,1,1643,VAL,False,308.75,307.97,309.06,308.42,-26.759218814959205,8.038677913585353,-16.088155142724457
2021-03-24,QQQ,-0.011707921599321576,-1,1645,VAL,False,303.04,301.46,299.62,302.43,50.646003090277695,110.87876211063566,30.578199174942238
2021-03-31,QQQ,0.018957969917387983,1,1643,VAL,False,309.6,308.48,312.29,308.94,-37.67013479530579,84.86912936613342,-16.387239375368633
2021-04-01,QQQ,0.014879408713692864,1,1643,VAL,False,313.08,313.74,316.21,313.22,19.57786206814309,97.95465451538398,15.099409540559865
2021-04-05,QQQ,0.01921973608720588,1,1643,VAL,False,319.77,320.0,319.69,319.87,5.691740923790948,-4.501097877827418,2.5636914846659207
2021-04-13,QQQ,0.012936729865101495,1,1643,VAL,False,329.63,329.23,329.47,329.27,-13.632847800374947,-6.852756462057951,-2.714476327746922
2021-04-14,QQQ,-0.010721987668195576,-1,1645,VAL,False,325.69,325.28,328.14,325.12,11.090396398784042,-77.24015362634196,-6.422148120323852
2021-04-15,QQQ,0.012911952779144262,1,1643,VAL,False,329.48,330.21,330.73,330.2,20.652951701309288,35.93118289239493,-1.1970486779308782
2021-04-19,QQQ,-0.011585347409177485,-1,1645,VAL,False,326.77,327.57,326.91,327.02,-25.98587428593274,-6.285416006790913,-18.32121625715301
2021-04-22,QQQ,-0.012288083912672195,-1,1645,VAL,False,323.94,324.01,324.64,323.84,-3.6613681742326487,-23.61346216735657,-6.750443448495663
2021-04-23,QQQ,0.015709391685441908,1,1643,VAL,False,329.1,328.09,328.33,328.87,-32.18500696269129,-25.39226478446158,-25.213871108406156
2021-05-04,QQQ,-0.02360217866264583,-1,1645,VAL,False,317.3,319.12,321.16,317.6,-58.86772099838385,-123.6759667142248,-49.36627163975902
2021-05-10,QQQ,-0.023000247647350192,-1,1645,VAL,False,315.61,314.89,309.03,315.87,21.316237640682964,206.52665691143767,29.529926114464644
2021-05-12,QQQ,-0.0253776435045316,-1,1645,VAL,False,306.45,306.31,309.24,306.62,3.0689804173744575,-93.06099479257712,8.611600837859312
2021-05-13,QQQ,0.011622212790963411,1,1643,VAL,False,309.86,308.68,311.83,310.32,-39.57585265161478,61.56458516673303,-54.34059584502812
2021-05-14,QQQ,0.022968770247505425,1,1643,VAL,False,315.78,315.5,313.79,315.6,-10.36545278273542,-65.00575479218156,-4.667942584703983
2021-05-20,QQQ,0.021518824963119684,1,1643,VAL,False,318.53,317.85,319.41,318.16,-22.84471581096589,25.621586273232236,-11.241913902650504
2021-05-24,QQQ,0.0190452086431081,1,1643,VAL,False,322.1,321.41,322.92,321.9,-22.918555707298886,23.453041221801094,-16.719685595900756
2021-06-04,QQQ,0.01696031099128462,1,1643,VAL,False,324.4,324.4,323.87,324.48,-1.4998500149980052,-18.334387276437354,-3.9649634642059914
2021-06-17,QQQ,0.014986500015168516,1,1643,VAL,False,334.57,333.81,332.16,334.47,-24.21216765850602,-74.01815337490517,-21.229601858184445
2021-06-22,QQQ,0.010532633158289544,1,1643,VAL,False,336.76,336.36,336.3,336.38,-13.375963745827338,-15.65664789976668,-2.0943265088432224
2021-06-28,QQQ,0.011738963304651313,1,1643,VAL,False,342.16,342.3,342.13,342.22,2.59118932623869,-2.8764074726519318,0.8374768858218659
2021-07-02,QQQ,0.010899659021362192,1,1643,VAL,False,346.88,347.07,347.67,347.01,3.9767269813599793,20.770092040611885,0.22894745193084703
2021-07-19,QQQ,-0.01320580246200079,-1,1645,VAL,False,341.49,343.23,344.16,341.47,-52.46096954420223,-80.20260868219977,-53.04974518888772
2021-07-20,QQQ,0.01538327069312115,1,1643,VAL,False,348.51,347.22,346.79,348.28,-38.50901816937072,-51.34289015791419,-31.930567136232973
2021-07-23,QQQ,0.010959370829902655,1,1643,VAL,False,356.07,356.32,355.64,356.35,5.5201882850456645,-14.073662142590173,-2.3415926963505425
2021-07-27,QQQ,-0.013825014021312414,-1,1645,VAL,False,351.66,352.67,353.81,351.74,-30.225382203807584,-63.1510287467339,-27.944100488403173
2021-08-20,QQQ,0.010107319289080532,1,1643,VAL,False,355.79,355.87,356.9,356.08,0.7483301249688344,29.19213966908164,-7.396516582893764
2021-08-23,QQQ,0.015707983252311167,1,1643,VAL,False,361.46,361.19,361.78,361.4,-8.96843586265919,6.851414675939939,-7.309714518309129
2021-08-27,QQQ,0.010599039982242426,1,1643,VAL,False,364.22,363.91,364.69,364.21,-10.009912742183815,10.901907997107145,-9.73562071046302
2021-08-30,QQQ,0.01206342227473822,1,1643,VAL,False,368.3,367.99,368.24,368.17,-9.91563890040532,-3.6285809377258165,-6.388162552676982
2021-09-17,QQQ,-0.013083499494687444,-1,1645,VAL,False,361.34,361.77,356.04,362.18,-13.402084659676573,144.70539875153102,9.821886159016604
2021-09-20,QQQ,-0.029300384222019422,-1,1645,VAL,False,351.17,354.3,356.12,352.45,-90.64414144236473,-142.9857653874855,-53.99773911282481
2021-09-22,QQQ,0.010966086882981384,1,1643,VAL,True,358.61,358.04,359.2,358.46,-17.39217060140551,14.449323311721914,-13.21488115652932
2021-09-23,QQQ,0.010306111049044792,1,1643,VAL,False,361.72,361.35,359.09,361.87,-11.727222168859049,-74.69343190639682,-15.867496070188437
2021-09-28,QQQ,-0.02539018952062434,-1,1645,VAL,False,349.69,348.65,349.91,349.48,28.244938938115553,-8.292744971257335,22.252983567786053
2021-10-04,QQQ,-0.02455939246310358,-1,1645,VAL,False,340.38,341.62,342.68,341.28,-37.93548753782592,-69.58525337227354,-11.464138678285913
2021-10-05,QQQ,0.01689011182015099,1,1643,VAL,False,347.38,346.23,343.04,347.19,-34.59984187544706,-126.91004490431258,-29.146268817341323
2021-10-07,QQQ,0.012340364471229765,1,1643,VAL,False,352.75,351.65,352.73,351.87,-32.6787307094957,-2.566660414043996,-7.751221353836938
2021-10-14,QQQ,0.017748086131261283,1,1643,VAL,False,354.97,355.2,356.41,354.93,4.978598965185341,38.55889589225089,6.106142830058077
2021-10-25,QQQ,0.010871064757332445,1,1643,VAL,False,366.36,366.14,368.37,366.16,-7.503971734063833,52.85329639325652,-2.0459773992016492
2021-10-28,QQQ,0.010131739779981035,1,1643,VAL,False,371.88,372.24,369.18,371.26,8.179240159236208,-74.5893464864554,24.8927862695064
2021-11-04,QQQ,0.01307361125695674,1,1643,VAL,False,385.92,385.8,387.56,385.0,-4.608836380043872,40.4875557220401,19.276254192762543
2021-11-10,QQQ,-0.014334577926316637,-1,1645,VAL,False,377.48,377.36,380.33,376.67,1.6793032487504382,-77.5159904461351,-19.821320013968403
2021-11-12,QQQ,0.011389762426997178,1,1643,VAL,False,382.72,382.39,383.56,382.47,-10.121048409374028,19.94397132192997,-3.5912036165861143
2021-11-29,QQQ,0.02271767810026389,1,1643,VAL,False,387.62,387.23,386.3,387.59,-11.559741296393252,-36.04696029029842,-10.786622258848693
2021-11-30,QQQ,-0.016527645068822233,-1,1645,VAL,False,380.83,381.54,385.86,381.52,-20.14643603897839,-134.10654932573084,-2.024447569522241
2021-12-01,QQQ,-0.0112701158463071,-1,1645,VAL,False,377.18,375.05,373.77,378.96,54.98003270818491,88.42564621274813,101.69244441860053
2021-12-03,QQQ,-0.022766379880873655,-1,1645,VAL,False,369.14,371.18,371.67,368.37,-56.772026013352914,-70.55159110753317,-77.79359253622331
2021-12-07,QQQ,0.027448150523840018,1,1643,VAL,False,384.43,385.42,385.75,384.46,24.248700172254015,32.32988357382664,23.4664927618462
2021-12-09,QQQ,-0.012604933488312013,-1,1645,VAL,False,382.26,381.45,384.25,382.65,19.692794895560915,-54.06942096396727,29.864805375086444
2021-12-13,QQQ,-0.010010373443983438,-1,1645,VAL,False,381.72,380.03,375.22,381.57,42.77978096457925,168.31574177013218,38.86547157742609
2021-12-15,QQQ,0.01722991837060283,1,1643,VAL,True,382.56,384.67,385.63,382.66,53.64662456799174,78.23300166846533,51.019319225240096
2021-12-16,QQQ,-0.023266696129149632,-1,1645,VAL,False,375.73,374.78,371.36,375.33,23.787756573544062,114.32998621502743,13.155819618409126
2021-12-20,QQQ,-0.011128690568770035,-1,1645,VAL,False,368.76,369.29,372.55,368.34,-15.874797697800103,-104.7976312980046,-27.295407501332598
2021-12-21,QQQ,0.0207695848790922,1,1643,VAL,False,376.97,377.55,377.26,376.28,13.883682061802316,5.691581410868726,32.24654944944756
2021-12-27,QQQ,0.014907929252266082,1,1643,VAL,False,390.77,391.4,392.29,390.98,14.619747432324552,36.889982470904606,9.240776265100678
2022-01-04,QQQ,-0.012370075708969572,-1,1645,VAL,False,384.83,384.6,382.92,385.12,4.477411595326987,47.64203260749042,12.004160532379654
2022-01-05,QQQ,-0.026833073322933047,-1,1645,VAL,False,374.3,372.78,370.97,374.65,39.115079020592475,86.983664970825,48.420590090503595
2022-01-11,QQQ,0.014943183359097417,1,1643,VAL,False,374.24,374.27,376.83,373.82,-0.6983456207608281,67.19328601556188,10.536223676867753
2022-01-13,QQQ,-0.018842315369261436,-1,1645,VAL,False,368.66,366.35,363.84,367.3,61.168610757891386,128.76972610189128,24.368146044116745
2022-01-18,QQQ,-0.022597184168407305,-1,1645,VAL,False,360.33,359.45,361.0,359.16,22.92557121834846,-20.597985755336474,-9.575757107952452
2022-01-21,QQQ,-0.024138618940408592,-1,1645,VAL,False,342.42,341.16,335.55,343.21,35.3022861424033,198.67073442932224,58.23900475184773
2022-01-24,QQQ,-0.010053933638175656,-1,1645,VAL,False,337.7,342.72,336.29,338.92,-150.175100423874,39.76118666056553,-113.63782430408865
2022-01-25,QQQ,-0.018703314659197084,-1,1645,VAL,False,336.28,334.77,342.34,336.32,43.40964309348559,-182.2432154004027,44.59382367827557
2022-01-28,QQQ,0.0170152321083172,1,1643,VAL,False,336.52,341.26,342.62,338.87,139.33246518448072,179.2310368392613,69.01809302647467
2022-01-31,QQQ,0.023471839653050434,1,1643,VAL,False,349.27,352.18,353.52,350.62,81.8042855719596,119.65823201801071,42.98608984575352
2022-02-03,QQQ,-0.03480207021961113,-1,1645,VAL,False,345.02,342.96,343.48,344.17,58.21549055375097,42.64382150927301,33.66216855291007
2022-02-04,QQQ,0.020031490552834163,1,1643,VAL,False,349.83,347.29,347.88,348.76,-74.0956547800601,-57.730012951881825,-43.64285729931287
2022-02-09,QQQ,0.01957688664351119,1,1643,VAL,False,355.19,355.75,348.75,354.95,14.26399492430562,-183.27495215792814,21.035155253316624
2022-02-10,QQQ,-0.022234715390021153,-1,1645,VAL,False,347.85,347.7,347.7,346.79,2.812700416224967,2.3128660429663572,-27.744750887326624
2022-02-11,QQQ,-0.030601092896174825,-1,1645,VAL,False,337.08,336.67,336.11,336.19,10.664959340361463,26.782107426358298,-15.779932495168786
2022-02-15,QQQ,0.02236857719235796,1,1643,VAL,False,344.63,345.46,343.22,344.74,22.580337793629123,-42.905061552573216,19.382322369955755
2022-02-17,QQQ,-0.02646360530430247,-1,1645,VAL,False,336.25,335.1,336.04,336.15,32.70572410400769,4.2464023354019815,29.74059119432428
2022-02-18,QQQ,-0.011877051626380239,-1,1645,VAL,False,331.12,331.28,328.35,332.02,-6.3329599449435685,81.67200508405479,20.79100747855568
2022-02-23,QQQ,-0.020490303695572542,-1,1645,VAL,False,321.23,319.55,309.29,320.14,50.80667142765625,369.77043904932066,16.932051798293834
2022-02-24,QQQ,0.023752151462994756,1,1643,VAL,False,327.16,330.29,331.09,328.9,94.15764316709394,118.10088706253264,40.75589704635688
2022-02-25,QQQ,0.013442732144479086,1,1643,VAL,False,334.72,335.41,332.25,334.76,19.11130289934598,-75.77806392401092,17.91413342833538
2022-03-01,QQQ,-0.018043458874587703,-1,1645,VAL,False,330.35,331.26,332.81,329.95,-29.050823956316357,-76.48156975527888,-41.209091359203896
2022-03-02,QQQ,0.019048481555273812,1,1643,VAL,False,337.57,336.82,339.45,337.52,-23.714131830587995,53.68121540187713,-22.23625113193767
2022-03-03,QQQ,-0.014607208598064296,-1,1645,VAL,False,331.89,332.01,329.66,330.62,-5.116348207180108,65.20417626745592,-43.54868068017851
2022-03-04,QQQ,-0.017891027378693407,-1,1645,VAL,False,326.05,327.2,327.19,325.9,-36.7761051523029,-36.97115609429251,-41.395670711594086
2022-03-07,QQQ,-0.03221271393643021,-1,1645,VAL,False,316.67,315.13,314.35,316.88,47.13821241599452,71.27684063445454,53.734087748588564
2022-03-09,QQQ,0.039117543915580005,1,1643,VAL,False,325.92,324.96,320.91,325.56,-30.950513196105444,-155.6877633297051,-19.926868352605734
2022-03-10,QQQ,-0.011293697685868905,-1,1645,VAL,False,321.3,321.35,324.31,321.22,-3.056561491817596,-95.70085548859772,-5.547827679848815
2022-03-11,QQQ,-0.016337326902131633,-1,1645,VAL,False,316.09,314.68,313.45,315.9,43.114090269476705,81.53702206248326,37.12545993440646
2022-03-14,QQQ,-0.018050082623617663,-1,1645,VAL,False,308.99,308.64,311.27,309.17,9.828776657400148,-75.80375500898155,15.645093959213462
2022-03-15,QQQ,0.031006998444790025,1,1643,VAL,False,318.22,318.32,322.22,318.18,1.6421587053784317,123.6742644634422,2.8995151902244896
2022-03-16,QQQ,0.028116360894697125,1,1643,VAL,True,327.25,330.13,328.24,327.42,86.49306192375518,28.246251005152605,81.25604579606798
2022-03-18,QQQ,0.01903507721776611,1,1643,VAL,False,340.49,340.96,340.13,340.83,12.301715583089411,-12.570683370442692,2.313796141437331
2022-03-22,QQQ,0.01849891182871602,1,1643,VAL,False,346.32,346.7,343.83,347.03,9.471015245437945,-73.88424359227244,-11.007688096705298
2022-03-24,QQQ,0.019606695540208323,1,1643,VAL,False,348.41,349.31,349.25,348.16,24.327910769670176,22.104904689922396,31.525986303023675
2022-03-28,QQQ,0.013065153859377693,1,1643,VAL,False,353.59,354.42,358.29,353.88,21.970143832362293,130.89592932728834,13.757271271855922
2022-03-29,QQQ,0.01771909034478859,1,1643,VAL,False,360.71,360.52,358.66,360.73,-6.766449301121028,-58.82079308910743,-7.320505440101189
2022-03-30,QQQ,-0.013591478974814095,-1,1645,VAL,False,355.6,356.54,356.68,355.58,-27.938311266446785,-32.377478467755274,-28.502344019205
2022-04-04,QQQ,0.018836249822165328,1,1643,VAL,False,358.07,358.68,357.24,357.93,15.533370002012044,-25.174989692361436,19.450825012208984
2022-04-05,QQQ,-0.02327980372476866,-1,1645,VAL,False,350.31,350.72,345.43,350.43,-13.205825164175302,137.33285063826548,-9.776938656113634
2022-04-06,QQQ,-0.022325501824817632,-1,1645,VAL,False,342.88,343.1,342.11,343.73,-7.917351464500459,20.46112800734132,16.830938614180265
2022-04-08,QQQ,-0.01023493835775773,-1,1645,VAL,False,340.42,339.11,334.9,340.05,36.98749817405662,160.1848687306915,26.146990526135895
2022-04-11,QQQ,-0.020406357818996832,-1,1645,VAL,False,332.18,331.09,335.82,331.39,31.318307337989335,-111.60126187824956,7.553985731412549
2022-04-13,QQQ,0.021960023051957926,1,1643,VAL,False,336.92,336.39,336.48,337.15,-17.22822790735292,-15.056668380411823,-24.038364367625537
2022-04-14,QQQ,-0.020511905823597545,-1,1645,VAL,False,329.49,328.7,327.65,329.57,22.47989526258427,53.854849808634825,24.901843887697204
2022-04-19,QQQ,0.022891016871865115,1,1643,VAL,False,336.47,336.31,337.11,335.92,-6.2543898669842815,17.017408432427192,10.10831579380704
2022-04-20,QQQ,-0.013439980969938396,-1,1645,VAL,False,331.79,331.4,335.27,332.16,10.256036303168173,-106.9067996645643,21.38382190820261
2022-04-21,QQQ,-0.01834640917320454,-1,1645,VAL,False,325.34,324.54,324.7,324.83,23.093198850835517,17.675462757439412,7.428936102363597
2022-04-22,QQQ,-0.018641769889690057,-1,1645,VAL,False,318.46,316.04,314.42,318.11,74.50195499987034,124.88569085508753,63.58144223463184
2022-04-26,QQQ,-0.03392689784442366,-1,1645,VAL,False,309.24,308.02,308.12,309.56,37.95732697057064,34.224868612849676,48.255342396882256
2022-04-28,QQQ,0.03773768893222823,1,1643,VAL,False,319.25,318.58,314.39,318.53,-22.48338987557747,-154.20114997114203,0.06962541117650979
2022-04-29,QQQ,-0.039424948207671555,-1,1645,VAL,False,306.03,304.24,303.84,306.01,56.99962212670501,69.57572534040135,56.34977405782708
2022-05-02,QQQ,0.012128582697870094,1,1643,VAL,False,307.92,309.32,309.34,306.79,43.95968561106848,44.10685198042736,80.9546151874577
2022-05-04,QQQ,0.029581785887292187,1,1643,VAL,True,318.83,320.12,315.82,319.6,38.95451498666659,-96.38859844530239,14.768047600747053
2022-05-05,QQQ,-0.06010246157690868,-1,1645,VAL,False,300.86,304.0,302.01,302.52,-105.88328659363374,-40.23160409506141,-50.42987440354795
2022-05-06,QQQ,-0.016480263157894706,-1,1645,VAL,False,299.02,300.36,294.76,300.2,-46.319928628542044,140.49368283761726,-6.830729708549091
2022-05-09,QQQ,-0.03575709149021177,-1,1645,VAL,False,289.61,288.61,295.76,288.76,33.0342243160477,-214.39722094511782,3.6952545510801578
2022-05-10,QQQ,0.014344617303627684,1,1643,VAL,False,292.73,292.11,289.86,291.85,-22.67660023872275,-100.02275828851265,7.407499784542391
2022-05-11,QQQ,-0.02567525932011913,-1,1645,VAL,False,284.62,283.45,279.19,283.77,39.61345821884543,188.81864997686682,9.778279868371172
2022-05-12,QQQ,-0.01100723231610515,-1,1645,VAL,False,280.4,282.78,287.22,280.54,-86.39162775050787,-245.27281544131736,-81.35813937849215
2022-05-13,QQQ,0.04031402503713146,1,1643,VAL,False,294.19,293.26,291.52,293.07,-33.107332048671125,-92.73932391254041,4.98227039479135
2022-05-17,QQQ,0.026081556613537577,1,1643,VAL,False,297.42,297.37,292.87,297.06,-3.180722207517917,-154.9515211884104,8.934187036424916
2022-05-18,QQQ,-0.05131654168207953,-1,1645,VAL,False,282.13,282.77,280.97,282.66,-24.188131073414237,39.12382164385126,-5.392335030573344
2022-05-20,QQQ,-0.018026666666666642,-1,1645,VAL,False,276.17,280.38,281.42,278.75,-153.96535489447191,-192.13852442201977,-59.984258515537974
2022-05-23,QQQ,0.012768385762179842,1,1643,VAL,False,283.98,285.04,279.84,283.78,35.8211238528243,-147.75556038311333,42.89408257003864
2022-05-24,QQQ,-0.02462812236879048,-1,1645,VAL,False,278.03,278.98,277.5,278.95,-35.674250444865244,17.06630397600771,-2.5757729026193723
2022-05-25,QQQ,0.018065811169259312,1,1643,VAL,False,284.07,282.89,282.09,283.25,-43.03267705404658,-71.68699119105014,-14.20756423916285
2022-05-26,QQQ,0.026052529251652603,1,1643,VAL,False,290.25,290.72,293.84,291.34,14.690658410473034,121.66194233289822,-22.77763573954844
2022-05-27,QQQ,0.03085443037974673,1,1643,VAL,False,299.7,300.21,300.18,299.55,15.514614704695118,14.013013113104522,20.52989493238888
2022-06-02,QQQ,0.022039030955585504,1,1643,VAL,False,303.75,305.34,300.15,304.48,50.83797793060162,-120.4946172049464,26.740790187927605
2022-06-03,QQQ,-0.02724831335560357,-1,1645,VAL,False,297.01,297.4,301.82,296.8,-14.63299085708057,-163.98000191925243,-21.718816086459757
2022-06-09,QQQ,-0.020348058902275715,-1,1645,VAL,False,292.73,290.79,285.21,292.07,64.78246635854772,254.94320005566766,42.331534827738096
2022-06-10,QQQ,-0.028302211217717314,-1,1645,VAL,False,282.56,280.54,271.71,281.78,69.99981566672831,382.065846731899,42.51241363755682
2022-06-13,QQQ,-0.0461966208027377,-1,1645,VAL,False,267.56,267.49,269.68,267.4,1.1164780702902526,-81.25061272759032,-4.866399130567668
2022-06-15,QQQ,0.03362191208299123,1,1643,VAL,True,277.02,274.67,267.67,275.2,-86.3185466883946,-339.453059242482,-20.75568242594181
2022-06-16,QQQ,-0.03964757709251117,-1,1645,VAL,False,263.79,263.59,264.35,262.64,6.0827759109354345,-23.23345416917879,-37.676761127224246
2022-06-17,QQQ,0.016199400584240825,1,1643,VAL,False,267.84,266.79,271.26,267.18,-40.696479187204766,125.66283694211171,-16.09456166442549
2022-06-21,QQQ,0.02792458487949319,1,1643,VAL,False,274.24,273.52,271.03,274.23,-27.75028798170354,-119.02715066883202,-27.38664251213396
2022-06-23,QQQ,0.012777798118112287,1,1643,VAL,False,276.61,277.19,280.01,277.04,19.465155180007724,120.89236107298984,3.91371850397916
2022-06-24,QQQ,0.027634474548143963,1,1643,VAL,False,284.86,286.69,288.04,285.11,62.73259846661473,109.61166047265388,53.90904562870448
2022-06-28,QQQ,-0.027513264696580993,-1,1645,VAL,False,276.77,275.92,275.78,276.25,29.215878194386974,33.77672738549719,10.447343376870544
2022-06-30,QQQ,-0.01151464677553683,-1,1645,VAL,False,273.01,272.75,271.45,272.81,8.024739326060827,55.15199335031709,0.6995127869507827
2022-07-05,QQQ,0.01526133673283554,1,1643,VAL,False,278.77,279.25,279.63,278.8,15.716063002877089,28.843835134369566,14.638331719195932
2022-07-06,QQQ,0.012068039391226516,1,1643,VAL,False,282.62,281.04,281.84,281.89,-57.3969211245304,-29.593176836870963,-31.64893344288459
2022-07-07,QQQ,0.022274409336749183,1,1643,VAL,False,287.3,287.05,284.23,286.83,-10.200250423964516,-108.83537472914611,6.16904805353421
2022-07-11,QQQ,-0.020632545840437028,-1,1645,VAL,False,281.49,281.27,282.52,281.12,6.3165753855581,-38.598516855485556,-6.836750123504771
2022-07-12,QQQ,-0.012159135350374939,-1,1645,VAL,False,277.84,278.55,273.06,277.51,-27.05825938194366,170.07567442606504,-38.98189898266489
2022-07-15,QQQ,0.014374820762833553,1,1643,VAL,False,282.98,284.02,286.8,283.38,35.24635168117731,132.9650765222431,21.081278137976057
2022-07-19,QQQ,0.029685391662524017,1,1643,VAL,False,289.97,290.28,290.7,290.3,9.18930764439581,23.17018358515106,-2.1886891572653204
2022-07-20,QQQ,0.017534793992007826,1,1643,VAL,False,295.37,294.88,295.34,295.24,-18.08672435393903,-3.0152721600253134,-13.691490896974585
2022-07-21,QQQ,0.01224226804123716,1,1643,VAL,False,298.49,299.12,298.19,298.43,19.603219081086927,-12.048378062793379,21.617682081272246
2022-07-22,QQQ,-0.017651778550414648,-1,1645,VAL,False,293.85,293.87,293.9,293.13,-2.1808714817370354,-3.702088772767807,-26.748709053692263
2022-07-25,QQQ,-0.010923197332153604,-1,1645,VAL,False,290.68,292.2,290.51,290.97,-53.79917378004423,3.8493253481134344,-43.77889072544552
2022-07-26,QQQ,-0.021013004791238833,-1,1645,VAL,False,286.06,286.46,291.0,286.19,-15.48532815946942,-174.72578551989275,-10.935857204296234
2022-07-27,QQQ,0.04639391188996726,1,1643,VAL,True,299.75,298.56,298.35,299.53,-41.19364543945854,-48.696047826408275,-33.87906126423868
2022-07-29,QQQ,0.019039405599044743,1,1643,VAL,False,307.21,306.98,305.22,307.54,-8.985462574798067,-66.76338323004856,-19.706132397751272
2022-08-03,QQQ,0.027461749705766893,1,1643,VAL,False,314.28,314.21,314.29,314.96,-3.726829175298393,-1.6816760477433361,-25.308826115102985
2022-08-05,QQQ,-0.01105549923973647,-1,1645,VAL,False,312.21,313.1,314.02,312.52,-30.01088040004467,-59.98559562564094,-20.061746351266187
2022-08-09,QQQ,-0.010477746803806537,-1,1645,VAL,False,308.83,308.56,315.86,308.51,7.243835480265383,-229.67905701621717,-3.121086151597176
2022-08-10,QQQ,0.02638060668913659,1,1643,VAL,False,316.69,317.17,319.48,317.24,13.654654617269559,86.08135365692324,-3.706050401137199
2022-08-12,QQQ,0.018739892824301514,1,1643,VAL,False,321.28,321.51,320.56,321.29,5.657940804525704,-24.4056769621837,5.346519411365326
2022-08-17,QQQ,-0.010329364465749285,-1,1645,VAL,False,319.98,319.66,319.61,320.01,8.501975267843685,9.565335557244497,9.43864893660956
2022-08-19,QQQ,-0.0186936304341042,-1,1645,VAL,False,314.44,314.18,309.94,314.41,6.769758517638872,141.1399885695209,5.81623634199654
2022-08-22,QQQ,-0.02654529250747989,-1,1645,VAL,False,305.84,305.91,305.68,305.11,-3.789271812351988,3.232339974776166,-27.724135200712798
2022-08-25,QQQ,0.011548248189469444,1,1643,VAL,False,310.07,311.96,311.67,311.05,59.44498593646898,49.59113209200422,27.75150872631717
2022-08-26,QQQ,-0.03619053724836506,-1,1645,VAL,False,300.67,299.18,296.43,299.55,48.063275745873774,139.04639873639186,10.853564074484526
2022-08-30,QQQ,-0.012591567363197576,-1,1645,VAL,False,292.48,292.93,295.82,292.84,-16.888125491980624,-116.21888392340242,-4.573961698863383
2022-09-02,QQQ,-0.014964818946284583,-1,1645,VAL,False,287.01,287.24,287.71,285.67,-9.515010244623502,-26.394472484425094,-56.46691318762598
2022-09-07,QQQ,0.023144089490479244,1,1643,VAL,False,291.74,290.93,288.87,291.23,-29.26013356023719,-100.35539258167188,-11.799441557749109
2022-09-09,QQQ,0.022260976610586757,1,1643,VAL,False,298.95,298.84,300.21,299.24,-5.1788432128536,40.139287626681515,-14.865042034763482
2022-09-13,QQQ,-0.052250405105988995,-1,1645,VAL,False,286.59,285.8,286.94,285.48,26.069496931895717,-14.215211255589448,-12.71102309894751
2022-09-15,QQQ,-0.02100183983059677,-1,1645,VAL,False,282.03,283.27,279.99,282.63,-45.4736995878108,70.34699853348532,-24.147993824964338
2022-09-16,QQQ,-0.010484696579235255,-1,1645,VAL,False,280.29,281.54,279.41,281.33,-46.103507921167314,29.40213390563764,-8.96581322725827
2022-09-23,QQQ,-0.019084527639660613,-1,1645,VAL,False,268.3,269.07,268.6,269.18,-30.203672622201672,-13.183949777759315,2.5869478990385404
2022-09-28,QQQ,0.021935387599791075,1,1643,VAL,False,273.95,273.39,269.41,274.17,-21.938470507758744,-167.69033080265612,-29.945085150092254
2022-09-29,QQQ,-0.032846848824024145,-1,1645,VAL,False,264.43,265.51,264.69,265.09,-42.348844043727304,-11.8346365514282,-17.346202536810775
2022-10-03,QQQ,0.02892609478564044,1,1643,VAL,False,268.57,267.13,272.47,267.8,-55.109114698240525,143.18469854619477,-26.51476823938129
2022-10-04,QQQ,0.027589563134054598,1,1643,VAL,False,274.48,275.53,271.77,274.71,36.74856574383206,-100.71220362662157,28.34533262483136
2022-10-07,QQQ,-0.0414318131908354,-1,1645,VAL,False,261.89,262.81,263.0,262.55,-36.63467266960473,-44.392884819047936,-11.404511237640724
2022-10-11,QQQ,-0.01652701975555389,-1,1645,VAL,False,255.86,256.61,257.24,256.54,-30.817452885756445,-55.94673435920254,-4.229178667456461
2022-10-13,QQQ,0.024286605332917585,1,1643,VAL,False,262.76,262.53,264.86,262.66,-10.251772052206121,77.90505772074833,-6.448471881665551
2022-10-14,QQQ,-0.02681598293528345,-1,1645,VAL,False,255.48,254.64,260.6,255.46,31.38406842093278,-202.4473623188212,30.603624051436775
2022-10-17,QQQ,0.033694627709707985,1,1643,VAL,False,263.22,263.05,270.06,263.6,-7.957357140207219,257.8069067950742,-22.36166747513458
2022-10-21,QQQ,0.023970778479567807,1,1643,VAL,False,269.12,268.98,269.24,269.25,-6.701210081130265,2.4582856815394103,-11.526201140330443
2022-10-24,QQQ,0.01349542716930625,1,1643,VAL,False,272.6,271.94,272.88,272.15,-25.707517289358435,8.269605908079829,-9.215025585444257
2022-10-25,QQQ,0.02110759726410241,1,1643,VAL,False,277.68,277.56,271.95,277.64,-5.82072302709091,-208.31116974732967,-4.380847032713226
2022-10-26,QQQ,-0.02068021328721721,-1,1645,VAL,False,271.82,271.43,270.32,271.97,12.849732475270645,53.1944151666288,18.357959633151516
2022-10-27,QQQ,-0.01565781232730354,-1,1645,VAL,False,267.18,266.49,265.86,267.0,24.329010489190654,47.41457752332489,17.60383903558803
2022-10-28,QQQ,0.030395136778115374,1,1643,VAL,False,274.58,274.64,272.4,274.56,0.6849777546818692,-81.37790634950771,1.4134658795195354
2022-10-31,QQQ,-0.011469560151470935,-1,1645,VAL,False,271.5,271.45,274.91,272.03,0.34174688187036206,-127.6238489410646,19.82422629279025
2022-11-02,QQQ,-0.02917969331546833,-1,1645,VAL,True,260.82,259.47,256.86,261.36,50.26744910515697,149.85901626739616,70.82474776403009
2022-11-03,QQQ,-0.01306509423054705,-1,1645,VAL,False,256.08,254.4,259.32,255.63,64.11419023814172,-128.54846871753708,46.623486430321805
2022-11-07,QQQ,0.012263530504081457,1,1643,VAL,False,261.66,261.33,262.85,261.54,-14.10974472376234,43.469970819933806,-9.528010263898109
2022-11-08,QQQ,0.010255232847357774,1,1643,VAL,False,264.01,263.24,261.5,263.89,-30.661037528686265,-97.05294384769262,-26.127630899041836
2022-11-09,QQQ,-0.020627564199969636,-1,1645,VAL,False,257.8,257.16,269.56,257.43,23.32902025656164,-458.2590144196721,8.989711463861045
2022-11-10,QQQ,0.06937315290091761,1,1643,VAL,False,275.0,276.14,275.95,275.19,39.94847787948572,32.538746125387256,33.016575518218346
2022-11-11,QQQ,0.017708408778155958,1,1643,VAL,False,281.06,281.23,279.18,281.24,4.5477733590054825,-68.87605553825799,-1.8553648830824259
2022-11-15,QQQ,0.013954155755641007,1,1643,VAL,False,282.62,282.62,280.67,283.14,-1.499850014998646,-70.9832420621781,-19.862568380444756
2022-11-16,QQQ,-0.014153280022645248,-1,1645,VAL,False,278.63,278.77,274.31,278.87,-6.525488352591595,153.0751359599223,2.0862881640819464
2022-11-22,QQQ,0.012313839447874996,1,1643,VAL,False,278.69,279.26,279.28,278.82,18.949915263595592,19.1664424644403,14.278573577260708
2022-11-23,QQQ,0.010026498603452021,1,1643,VAL,False,282.05,282.07,280.47,281.9,-0.7908622362372264,-58.00703390040407,4.52975277144314
2022-11-28,QQQ,-0.017665322436743833,-1,1645,VAL,False,275.25,276.1,276.32,275.78,-32.38579988789211,-40.881726683111346,-13.105342733856498
2022-11-30,QQQ,0.03894018466479331,1,1643,VAL,False,284.66,286.5,286.82,284.8,63.12897130156335,73.86502268764146,58.182208464546854
2022-12-05,QQQ,-0.020685310279654087,-1,1645,VAL,False,279.8,280.91,280.76,280.07,-41.177294998979384,-36.31728433743989,-31.4971512147481
2022-12-06,QQQ,-0.024847816026485413,-1,1645,VAL,False,273.93,275.09,273.91,275.03,-43.85308753194855,-1.2699404500395561,-3.682057476010158
2022-12-08,QQQ,0.01379713107274509,1,1643,VAL,False,277.73,277.21,276.2,277.13,-20.22026220667043,-57.07825861636884,1.3864488772122783
2022-12-13,QQQ,0.01147364646826836,1,1643,VAL,False,282.09,281.9,281.31,282.12,-8.234278844439963,-29.645020183718458,-9.296780516192715
2022-12-14,QQQ,-0.012238382405108154,-1,1645,VAL,True,278.44,279.81,275.73,279.94,-50.71023191961685,95.34723764000972,3.144398886555196
2022-12-15,QQQ,-0.031128265608805904,-1,1645,VAL,False,271.1,270.42,269.74,269.87,23.58660801528282,48.175824590943954,-21.88339039929326
2022-12-19,QQQ,-0.01627837514934273,-1,1645,VAL,False,263.48,264.07,262.91,263.12,-23.896100707686937,19.637647687646933,-37.61076548518483
2022-12-21,QQQ,0.01428733846212143,1,1643,VAL,False,267.66,267.7,264.69,267.68,-0.005640921375121905,-112.93927769294564,-0.7528012889085205
2022-12-22,QQQ,-0.02506537168472163,-1,1645,VAL,False,261.0,261.15,259.88,260.09,-7.248138606962795,40.92026060843767,-42.26138712144859
2022-12-27,QQQ,-0.01146219386390555,-1,1645,VAL,False,258.72,258.03,257.63,258.6,25.173609661523006,40.13871547946599,20.544919921225386
2022-12-28,QQQ,-0.012750455373406053,-1,1645,VAL,False,254.74,254.63,257.43,254.37,2.818626056685183,-107.61918619435068,-11.723014499823657
2022-12-29,QQQ,0.026116325648980785,1,1643,VAL,False,261.27,260.83,258.07,261.48,-18.33814015926679,-124.45396865755876,-26.354619395028436
2023-01-05,QQQ,-0.014683836248318254,-1,1645,VAL,False,256.31,256.08,257.81,256.36,7.474704787790842,-60.53478821410175,9.423629209542606
2023-01-06,QQQ,0.029873477038425626,1,1643,VAL,False,263.72,263.14,265.13,263.77,-23.48957429450442,51.455304947283395,-25.38071248795046
2023-01-11,QQQ,0.013853008349245743,1,1643,VAL,False,270.81,271.71,272.27,270.94,31.728797874615665,51.901755653613314,26.915463764763576
2023-01-20,QQQ,0.026470151470151453,1,1643,VAL,False,276.5,276.73,277.57,276.37,6.8171663846273285,36.690472001624094,11.524212126314907
2023-01-23,QQQ,0.019152242257796243,1,1643,VAL,False,282.04,282.88,281.26,282.45,28.278692482473875,-29.649921123333424,13.72180006287031
2023-01-26,QQQ,0.017466628798636807,1,1643,VAL,False,286.59,287.17,285.86,286.38,18.735085212998012,-27.466634682705163,26.08173780010103
2023-01-27,QQQ,0.015078176689765587,1,1643,VAL,False,291.51,290.03,286.77,291.41,-52.26236321172608,-164.56890896276357,-48.848706289593
2023-01-30,QQQ,-0.020790952660069556,-1,1645,VAL,False,284.02,284.16,284.2,284.59,-6.430119809391963,-8.339049523569392,13.611572338227488
2023-02-01,QQQ,0.02423548991054715,1,1643,VAL,True,295.41,294.59,301.1,296.14,-29.25371793750627,190.57533669807668,-53.83210919132237
2023-02-02,QQQ,0.03092433551715949,1,1643,VAL,False,303.7,305.16,298.52,303.22,46.56669663952322,-172.52874646680925,62.4705025045272
2023-02-03,QQQ,-0.01664700484991493,-1,1645,VAL,False,300.08,299.74,297.12,299.63,9.831861618578095,96.65989259549632,-5.1718952224309005
2023-02-06,QQQ,-0.010842730366317475,-1,1645,VAL,False,296.46,297.2,297.07,296.97,-26.465103502864576,-22.580447345146073,-9.24620192093007
2023-02-07,QQQ,0.01884253028263803,1,1643,VAL,False,302.82,303.36,302.05,302.97,16.329851064824297,-27.422361786012967,11.370780933589337
2023-02-08,QQQ,-0.017932489451476786,-1,1645,VAL,False,297.95,297.96,302.34,298.24,-1.8358271470706764,-149.36982874323587,7.889670404808516
2023-02-09,QQQ,-0.0113438045375218,-1,1645,VAL,False,294.59,295.33,293.18,295.05,-26.623576170033953,45.87250537403122,-10.99149060813392
2023-02-13,QQQ,0.015167524455502877,1,1643,VAL,False,297.84,298.09,296.52,298.08,6.8926595119159,-46.310034588805365,-1.1644199240842126
2023-02-16,QQQ,-0.016920026437541324,-1,1645,VAL,False,297.48,296.92,294.73,297.44,17.3274689308377,90.46147992505382,15.984990107400801
2023-02-21,QQQ,-0.021979512923139606,-1,1645,VAL,False,288.35,287.84,288.42,288.21,16.1893421872095,-4.4282909303590525,11.33963713848112
2023-02-23,QQQ,0.011351801707977442,1,1643,VAL,False,291.33,290.57,285.62,291.33,-27.583192320934575,-197.95827028356803,-27.583192320934575
2023-02-24,QQQ,-0.018721822624496672,-1,1645,VAL,False,285.12,285.71,288.86,284.86,-22.196295808031316,-133.19927671779476,-31.34384561112787
2023-03-03,QQQ,0.019935288592005072,1,1643,VAL,False,293.15,293.37,294.61,293.22,6.00371482551761,47.79409488694898,3.6149955702208714
2023-03-07,QQQ,-0.013448639814783251,-1,1645,VAL,False,289.77,290.1,290.52,290.26,-12.890200915735736,-27.887973599098405,4.012976230439767
2023-03-09,QQQ,-0.01831589778768661,-1,1645,VAL,False,286.22,286.5,286.67,286.84,-11.284302212626377,-17.725516524818488,10.35492616337127
2023-03-10,QQQ,-0.012635253054101238,-1,1645,VAL,False,282.87,282.48,280.7,281.67,12.289170374242882,74.7288289828744,-30.261520134334464
2023-03-13,QQQ,0.010974228263947769,1,1643,VAL,False,285.56,284.57,288.12,286.36,-36.16337133620967,87.63068223223922,-63.99920491258696
2023-03-14,QQQ,0.012474962223705982,1,1643,VAL,False,288.12,291.11,288.51,289.3,102.26078947013049,11.533519700924375,61.055577815879936
2023-03-16,QQQ,0.026414707490431993,1,1643,VAL,False,300.37,300.35,300.27,300.56,-2.165595605435089,-5.328361527466588,-8.485759755139085
2023-03-21,QQQ,0.012900000000000016,1,1643,VAL,False,303.87,304.28,304.21,304.68,11.990738267797429,9.186957698739828,-14.626409224642504
2023-03-29,QQQ,0.01889612114771519,1,1643,VAL,False,306.82,306.61,309.08,306.85,-8.343227342085461,71.64429245100935,-9.320088033563241
2023-03-31,QQQ,0.016670974411992844,1,1643,VAL,False,314.68,314.66,312.55,313.76,-2.13532097915197,-69.67407365021731,27.180192485595896
2023-04-05,QQQ,-0.011795166858457991,-1,1645,VAL,False,309.16,309.75,308.1,309.73,-20.586982362357457,32.2931115727706,-2.1459705780736966
2023-04-13,QQQ,0.02003714201935287,1,1643,VAL,False,313.09,312.94,311.39,313.25,-6.290086121222754,-56.28642795434936,-11.3946147284708
2023-04-20,QQQ,-0.010528336906781082,-1,1645,VAL,False,309.19,310.1,309.74,309.22,-30.936306218351927,-19.792172949304668,-29.96312178918524
2023-04-25,QQQ,-0.015914519981922493,-1,1645,VAL,False,304.86,303.94,307.32,304.35,28.682163630650354,-82.70911720181977,11.973203234565489
2023-04-27,QQQ,0.02766695009483955,1,1643,VAL,False,314.24,314.09,313.86,314.18,-6.272555661951504,-14.09004975266248,-4.36402027885671
2023-05-05,QQQ,0.022774193548387105,1,1643,VAL,False,317.07,316.58,316.12,316.92,-16.95153284053399,-31.955646331477087,-12.226500434648232
2023-05-10,QQQ,0.012683916793505834,1,1643,VAL,False,319.36,318.79,319.34,319.35,-19.345369446020335,-2.625927287030514,-19.032839161675813
2023-05-17,QQQ,0.012064719269258362,1,1643,VAL,False,324.65,324.65,325.05,324.69,-1.499850014998591,10.318697069150854,-2.7316095579457214
2023-05-18,QQQ,0.015216386878176492,1,1643,VAL,False,329.59,330.68,330.9,330.23,31.566581501382853,37.73860303219902,12.124972283076197
2023-05-23,QQQ,-0.011720283945023396,-1,1645,VAL,False,327.17,326.85,324.9,327.39,8.282165136157674,67.39656757496674,14.996413963763091
2023-05-25,QQQ,0.02669372943383463,1,1643,VAL,False,333.86,333.09,334.11,333.92,-24.559950402852884,5.486871189475786,-26.352374944586536
2023-05-26,QQQ,0.02614908883484955,1,1643,VAL,False,341.79,341.6,345.82,341.97,-7.057985210578496,115.88527796917425,-12.317889771394585
2023-06-01,QQQ,0.012075383217562076,1,1643,VAL,False,345.31,345.14,346.89,344.6,-6.422224187473918,43.74703707121843,14.16814209466944
2023-06-07,QQQ,-0.015664970825788407,-1,1645,VAL,False,342.47,342.01,342.3,341.88,11.933698406778701,2.9647313141406375,-5.303224250118756
2023-06-08,QQQ,0.011227741878892524,1,1643,VAL,False,345.87,346.25,347.7,346.32,9.485289074816606,50.89967193756861,-3.5207988787626117
2023-06-12,QQQ,0.014759192128430852,1,1643,VAL,False,352.71,353.45,356.2,352.89,19.477412072803745,96.9285566977875,14.366737544841156
2023-06-15,QQQ,0.013965156794425062,1,1643,VAL,False,363.75,363.03,365.44,363.42,-21.290695672701755,44.45138991255471,-12.22962564235628
2023-06-21,QQQ,-0.01024345557005246,-1,1645,VAL,False,356.53,355.32,354.07,355.91,32.443179246260534,67.01200229691135,15.079561396615333
2023-06-27,QQQ,0.018907682669855874,1,1643,VAL,False,357.81,357.21,355.4,357.57,-18.266011078107194,-69.34051291776946,-11.566298693563445
2023-06-30,QQQ,0.01685377530166013,1,1643,VAL,False,363.21,362.7,363.34,363.27,-15.539207622145474,1.578680820280021,-17.188305118615162
2023-07-12,QQQ,0.012227509129135661,1,1643,VAL,False,365.89,366.04,369.21,366.28,2.5991278813586383,88.71970765699113,-8.051231570082189
2023-07-13,QQQ,0.017702983280515686,1,1643,VAL,False,372.52,372.26,372.68,373.05,-8.478294230064556,2.2944124571763322,-22.673459768352078
2023-07-17,QQQ,0.010451931860927471,1,1643,VAL,False,376.07,375.65,375.01,375.84,-12.666308554614853,-30.18040525832817,-6.5544344884361365
2023-07-18,QQQ,0.01051510714761093,1,1643,VAL,False,379.59,378.73,379.79,379.26,-24.152475555678258,3.267989015530799,-15.472336118176885
2023-07-20,QQQ,-0.024297485738432253,-1,1645,VAL,False,369.42,369.91,372.29,370.12,-14.766175334442334,-79.70509031846238,4.174536658246681
2023-07-28,QQQ,0.018362766043756987,1,1643,VAL,False,376.57,376.51,376.81,376.32,-3.0929403009991856,4.3722424900130035,3.5482872843676723
2023-08-02,QQQ,-0.02400021286219829,-1,1645,VAL,False,366.8,367.58,365.18,367.57,-22.76833463062776,42.17439192119903,-1.7722478507897113
2023-08-08,QQQ,-0.010152835464342942,-1,1645,VAL,False,364.65,365.24,365.52,365.1,-17.682475775346703,-25.863466642838635,-5.335291129771899
2023-08-15,QQQ,-0.011550519773389771,-1,1645,VAL,False,359.39,359.76,359.22,359.19,-11.7969169130956,2.7309834686967207,-17.371569279203904
2023-08-21,QQQ,0.016011603435526975,1,1643,VAL,False,357.25,357.28,359.89,357.77,-0.6602278890379795,71.88325254248544,-15.193745739884452
2023-08-23,QQQ,0.017350113518513323,1,1643,VAL,False,362.95,362.4,365.86,363.06,-16.651179626492986,78.16049914501674,-19.675936884910172
2023-08-24,QQQ,-0.017273730684326687,-1,1645,VAL,False,356.15,354.65,355.49,355.28,40.62325367732536,16.5350242731688,16.235002806742443
2023-08-29,QQQ,0.02254991807603656,1,1643,VAL,False,368.19,367.96,368.06,368.24,-7.74568785550595,-5.529879669084837,-9.102446262001116
2023-09-06,QQQ,-0.01056034482758625,-1,1645,VAL,False,367.29,367.93,363.48,367.55,-18.927687100165198,101.7532938460893,-11.840430404080202
2023-09-11,QQQ,0.012930209671687537,1,1643,VAL,False,370.54,370.12,368.45,370.42,-12.832958621340595,-58.39268720615429,-9.597550044682343
2023-09-12,QQQ,-0.011104506646493066,-1,1645,VAL,False,366.0,366.01,366.25,366.16,-1.7734150464248177,-8.83216736974343,2.597034337473156
2023-09-15,QQQ,-0.01617126967414489,-1,1645,VAL,False,364.43,364.07,363.13,363.7,8.379772203271063,33.67908066497413,-11.674895837123117
2023-09-21,QQQ,-0.016851268030019864,-1,1645,VAL,False,352.39,351.86,353.6,352.73,13.542260608192809,-36.34402431133874,23.168307815386
2023-09-26,QQQ,-0.017252107019627712,-1,1645,VAL,False,347.49,348.27,349.42,347.99,-23.95020646845775,-57.55247601654419,-9.54756529131535
2023-09-28,QQQ,0.011315133633160635,1,1643,VAL,False,353.04,352.01,355.48,352.11,-30.670638465273132,67.10035998439572,-4.3394456385221485
2023-10-03,QQQ,-0.021255630630630663,-1,1645,VAL,False,347.65,348.97,349.81,348.09,-39.47506788648376,-64.14408160217818,-26.78476069618813
2023-10-04,QQQ,0.013726108261455034,1,1643,VAL,False,353.74,353.72,353.71,354.07,-2.0651522228338632,-2.8477109319660454,-11.383418384233048
2023-10-06,QQQ,0.01981966655324943,1,1643,VAL,False,359.66,358.59,356.23,359.26,-31.245707659673982,-97.34857576912518,-20.14649896141637
2023-10-13,QQQ,-0.012921672669287784,-1,1645,VAL,False,359.04,359.16,360.47,358.43,-4.842897391344593,-41.83659787547436,-21.86980408835291
2023-10-16,QQQ,0.013420202695177616,1,1643,VAL,False,363.96,363.22,359.68,363.79,-21.82870513915585,-119.57162345090663,-17.16588010238874
2023-10-18,QQQ,-0.01312045963041737,-1,1645,VAL,False,357.29,357.28,358.69,356.77,-1.2202233405905765,-41.19189382623145,-15.79721836858528
2023-10-20,QQQ,-0.012261965304853859,-1,1645,VAL,False,349.61,348.66,347.34,349.0,25.67706214287054,62.94228004076729,8.243431793034379
2023-10-24,QQQ,0.010179863315318415,1,1643,VAL,False,353.26,353.11,350.72,353.45,-5.745377452289431,-73.88713656517423,-11.117872510385714
2023-10-25,QQQ,-0.023533743026252447,-1,1645,VAL,False,344.8,344.47,343.27,344.43,8.072051404675083,42.38222546152634,-2.6616632571740055
2023-10-26,QQQ,-0.014747292942781782,-1,1645,VAL,False,339.38,337.9,340.62,337.84,42.11532591764706,-38.54472311513056,-3.2764050736119263
2023-10-30,QQQ,0.013401272384542919,1,1643,VAL,False,344.03,343.35,343.38,343.82,-21.26260355971549,-20.88972278832245,-15.167743303615513
2023-11-01,QQQ,0.017130931331342844,1,1643,VAL,True,350.91,350.98,355.48,351.06,0.4946642778370274,128.2069792507787,-3.778320965828071
2023-11-02,QQQ,0.018092198985697094,1,1643,VAL,False,357.33,357.35,358.64,357.28,-0.9402272489281247,34.6536583013684,0.45910377614336284
2023-11-03,QQQ,0.012648663775010442,1,1643,VAL,False,361.87,361.55,362.31,361.89,-10.341478356654378,10.156831057437191,-10.893560952008308
2023-11-07,QQQ,0.011101316731860586,1,1643,VAL,False,367.05,366.45,366.83,367.13,-17.84394507014404,-7.992335216825493,-20.019121395681577
2023-11-10,QQQ,0.02201335641850109,1,1643,VAL,False,371.88,372.05,370.47,372.0,3.070831456168554,-39.90767428581321,-0.15596558623596926
2023-11-14,QQQ,0.023457089703146455,1,1643,VAL,False,379.59,378.87,380.76,379.48,-20.464838839753337,28.81676583784035,-17.572067500743415
2023-11-20,QQQ,0.013120109597702712,1,1643,VAL,False,384.54,384.19,382.49,384.54,-10.600268833573613,-55.299587844305506,-10.600268833573613
2023-12-04,QQQ,-0.011945748565466834,-1,1645,VAL,False,378.82,379.84,377.95,379.54,-28.429905975655778,20.970446128611062,-9.405640990931404
2023-12-07,QQQ,0.014896988906497585,1,1643,VAL,False,384.24,383.89,382.15,383.97,-10.60737409498872,-56.382010143770955,-3.583033628299587
2023-12-20,QQQ,-0.01225471955545632,-1,1645,VAL,False,398.18,397.12,401.04,398.39,25.1249696771368,-73.84137881365531,30.38294240829862
2023-12-21,QQQ,0.010752417405318246,1,1643,VAL,False,401.38,401.74,402.95,401.49,7.46786151520906,37.10743081852972,4.726021208435462
2016-01-06,IWM,-0.0127871920158021,-1,1645,TRAIN,False,94.96,94.73,93.11,94.89,22.72420797260688,192.8576387546083,15.36400873726191
2016-01-07,IWM,-0.025968542172490318,-1,1645,TRAIN,False,92.26,92.18,92.37,92.26,7.172297546249728,-13.925411617684253,7.172297546249728
2016-01-13,IWM,-0.027627362139462926,-1,1645,TRAIN,False,87.98,87.58,88.0,87.72,43.971548780246586,-4.273898633326446,14.4621165262893
2016-01-14,IWM,0.017583923270153075,1,1643,TRAIN,False,89.11,88.8,86.45,89.08,-36.28309596377389,-300.4475671835797,-32.92755591975702
2016-01-15,IWM,-0.02004504504504506,-1,1645,TRAIN,False,87.02,87.36,88.18,87.03,-40.5774891439979,-135.32955226113458,-39.42379760209837
2016-01-20,IWM,0.013692271988860437,1,1643,TRAIN,False,87.36,86.54,86.67,86.89,-95.35024061696346,-80.96752137973009,-41.77462332026686
2016-01-22,IWM,0.018763029881862292,1,1643,TRAIN,False,87.97,88.42,87.9,88.29,49.64628011451532,-9.955466883685531,13.222145901843852
2016-01-25,IWM,-0.02058357837593313,-1,1645,TRAIN,False,86.58,86.48,86.82,86.4,10.051594210008467,-29.725772300027995,-10.760798302053487
2016-01-26,IWM,0.015726179463459753,1,1643,TRAIN,False,87.85,88.19,87.77,88.21,37.19667873850135,-11.104410333012957,-3.76682658227633
2016-01-27,IWM,-0.014967683410817476,-1,1645,TRAIN,True,86.86,87.0,87.73,86.85,-17.620458799276218,-102.18141316779696,-18.77389811520102
2016-01-29,IWM,0.022643678160919528,1,1643,TRAIN,False,88.97,89.83,89.12,89.25,95.14744827641485,14.856443994805412,63.476397458292595
2016-02-02,IWM,-0.02247819279803182,-1,1645,TRAIN,False,87.42,87.5,88.16,87.42,-10.652746812087587,-86.66595325741551,-10.652746812087587
2016-02-05,IWM,-0.02410460488914161,-1,1645,TRAIN,False,85.83,85.54,84.64,85.78,32.292638561301594,136.67369300136266,26.482596965686174
2016-02-08,IWM,-0.019639934533551635,-1,1645,TRAIN,False,83.86,84.14,83.02,84.1,-34.89414049919311,98.18678028069937,-6.257106091109958
2016-02-12,IWM,0.019467956469165652,1,1643,TRAIN,False,84.31,84.28,85.29,84.19,-5.057613085804142,114.21464898937772,9.188652342747112
2016-02-16,IWM,0.023493118177503606,1,1643,TRAIN,False,86.25,86.27,86.88,86.41,0.8186427734045204,71.02907100594383,-17.69924847579966
2016-02-17,IWM,0.01576446041497623,1,1643,TRAIN,False,87.63,87.63,87.7,87.7,-1.4998500149980065,5.986734431658642,-9.480408857631865
2016-02-22,IWM,0.011182108626198128,1,1643,TRAIN,False,88.61,88.64,88.33,88.69,1.885264582672859,-33.59262313244951,-7.136618619116283
2016-03-01,IWM,0.017739596117371456,1,1643,TRAIN,False,91.23,91.56,91.43,91.26,34.667036420330426,19.918429071266484,31.368329307766924
2016-03-08,IWM,-0.02052415535206823,-1,1645,TRAIN,False,93.07,92.71,93.03,92.98,37.18621566680151,2.29849996926164,27.54270909990578
2016-03-11,IWM,0.020339716542248136,1,1643,TRAIN,False,94.31,94.41,94.12,94.4,9.101889090064308,-22.142097104040783,-0.4406868635182858
2016-03-15,IWM,-0.01454970263381468,-1,1645,TRAIN,False,92.79,92.7,92.25,92.64,8.20062607618706,56.20736661445142,-7.977805552577223
2016-03-17,IWM,0.019282271023031726,1,1643,TRAIN,False,95.15,94.78,94.9,95.09,-40.37998722460897,-28.268849415635717,-34.095654479141125
2016-03-23,IWM,-0.016264428121720853,-1,1645,TRAIN,False,93.75,93.53,92.97,93.74,21.970037003697893,81.21644164416355,20.905600267727152
2016-03-29,IWM,0.02629617800489725,1,1643,TRAIN,False,96.4,96.54,97.04,96.22,13.020793356347987,64.3769647931469,31.75228101800175
2016-04-06,IWM,0.011332633788037758,1,1643,TRAIN,False,96.38,96.39,95.71,96.36,-0.4624459737038001,-71.5023953093372,1.6130080640757314
2016-04-07,IWM,-0.015043054258740562,-1,1645,TRAIN,False,94.94,95.12,95.92,94.92,-20.462336943619068,-105.24393496859751,-22.573685940023832
2016-04-12,IWM,0.010505305179115453,1,1643,TRAIN,False,96.2,96.21,96.79,96.09,-0.4605048850636991,59.31849642478576,10.986569154510073
2016-04-13,IWM,0.020995738488722694,1,1643,TRAIN,False,98.23,98.29,98.24,98.32,4.607347470486268,-0.981984668274603,-4.55065355954112
2016-04-25,IWM,-0.010114159823753306,-1,1645,TRAIN,False,98.85,99.15,99.48,98.94,-31.853716479389558,-65.74587656034203,-22.728318920433402
2016-04-28,IWM,-0.011545735045287116,-1,1645,TRAIN,False,99.31,99.33,98.9,99.41,-3.514348011178077,39.29292335134262,6.548537360525265
2016-04-29,IWM,-0.010268800966475346,-1,1645,TRAIN,False,98.31,98.43,98.74,98.48,-13.70826737846391,-45.74814108407021,3.577784667173365
2016-05-03,IWM,-0.015406303494109366,-1,1645,TRAIN,False,97.78,97.68,97.13,97.57,8.728424489001675,64.48885837653141,-12.775798436665548
2016-05-16,IWM,0.015112037519541457,1,1643,TRAIN,False,97.4,97.17,97.03,97.31,-25.110271313730543,-39.979882915199234,-15.884702763923602
2016-05-17,IWM,-0.018730060718328778,-1,1645,TRAIN,False,95.35,95.63,95.22,95.5,-30.870050822597506,11.636507122132434,-15.114757549054062
2016-05-20,IWM,0.013319349764027376,1,1643,TRAIN,False,96.62,96.96,96.94,96.68,33.6842738826912,31.1130137245012,27.457328739611196
2016-05-24,IWM,0.022717885171416798,1,1643,TRAIN,False,99.05,98.84,99.15,98.97,-22.698083548535294,8.094092155651955,-14.633173441268625
2016-06-06,IWM,0.012119420632574677,1,1643,TRAIN,False,102.72,102.58,102.64,102.68,-15.127089315990295,-9.786404537115514,-11.23738424755124
2016-06-10,IWM,-0.013886191493493948,-1,1645,TRAIN,False,101.55,101.58,101.21,101.52,-4.454802939674348,31.48754067922872,-7.411202113120737
2016-06-13,IWM,-0.010632014176018884,-1,1645,TRAIN,False,100.5,100.42,100.11,100.33,6.461243139238525,36.81353209947883,-10.471893396855856
2016-06-20,IWM,0.01302344219595283,1,1643,TRAIN,False,101.12,100.9,100.94,101.2,-23.252916005866457,-19.796873160784628,-31.139672594004754
2016-06-23,IWM,0.01574960127591719,1,1643,TRAIN,False,101.9,102.23,97.96,102.16,30.879983640498143,-388.5760589789893,5.351119155900527
2016-06-24,IWM,-0.038834001760735586,-1,1645,TRAIN,False,98.26,98.35,97.2,98.4,-10.660897150166663,105.89843840887212,3.5819130693566925
2016-06-27,IWM,-0.03477376715810867,-1,1645,TRAIN,False,94.93,95.12,95.96,95.24,-21.517900236247613,-110.52290312776992,11.101488141251833
2016-06-28,IWM,0.014928511354079075,1,1643,TRAIN,False,96.54,96.59,97.75,96.57,3.678573514100832,123.31178317842458,0.5708759143767086
2016-06-29,IWM,0.022673154570866525,1,1643,TRAIN,False,98.77,98.78,98.99,98.71,-0.4875486937477205,20.26971546036563,5.590566462552437
2016-06-30,IWM,0.012958088681919428,1,1643,TRAIN,False,100.07,100.62,100.68,100.04,53.45343351145122,58.94533960214532,56.468263609464806
2016-07-05,IWM,-0.015250544662309429,-1,1645,TRAIN,False,99.44,99.49,99.02,99.75,-6.529061997110689,40.24477266713001,24.568923057718376
2016-07-08,IWM,0.022087354492090327,1,1643,TRAIN,False,102.74,102.77,103.45,102.71,1.4197042433195497,67.09286244823168,4.340964014785183
2016-07-11,IWM,0.012065777950763931,1,1643,TRAIN,False,104.01,103.96,104.71,104.01,-6.306359076620551,65.28796211812252,-6.306359076620551
2016-07-12,IWM,0.01462100808003088,1,1643,TRAIN,False,105.48,105.35,105.88,105.4,-13.822612808875718,35.91449728747195,-6.242971528274625
2016-08-02,IWM,-0.012943162633652312,-1,1645,TRAIN,False,105.24,105.13,105.04,105.22,8.953717492613944,17.00778211610476,7.054640077198468
2016-08-05,IWM,0.015365761689291059,1,1643,TRAIN,False,107.71,107.62,107.66,107.72,-9.854366898283198,-6.6409662069728785,-10.781784799611113
2016-09-09,IWM,-0.025152092981022393,-1,1645,TRAIN,False,107.36,106.69,106.2,107.2,60.91606738915225,106.06910169407396,46.08161375839032
2016-09-12,IWM,0.011528728090730191,1,1643,TRAIN,False,107.92,108.18,107.4,108.12,22.58845649905079,-50.17400409699481,4.048707226946624
2016-09-13,IWM,-0.016176742466259938,-1,1645,TRAIN,False,106.42,106.09,106.27,106.18,29.513710626840336,12.09771418788204,6.9772940752354895
2016-09-15,IWM,0.011121583411875654,1,1643,TRAIN,False,107.28,107.37,106.89,107.4,6.888153466532552,-38.34599761500361,-4.292727151866057
2016-09-21,IWM,0.01190919240788985,1,1643,TRAIN,True,108.76,109.07,109.75,109.04,26.999001092901967,89.00810911920915,1.2510212661775733
2016-09-22,IWM,0.014211057119281301,1,1643,TRAIN,False,110.62,110.61,110.48,110.67,-2.4037100900293877,-14.653208336732629,-6.92056031588541
2016-09-29,IWM,-0.012272727272727222,-1,1645,TRAIN,False,108.65,108.43,108.9,108.75,18.75139193624766,-25.014466471957718,27.9295515758457
2016-09-30,IWM,0.014571613022226305,1,1643,TRAIN,False,110.01,109.61,109.26,110.02,-37.854727389728374,-70.16178665743924,-38.76021232634107
2016-10-10,IWM,0.012366186784791467,1,1643,TRAIN,False,109.7,109.63,109.46,109.68,-7.879932152637942,-23.87327356599013,-6.057882541433921
2016-10-11,IWM,-0.019246556599470943,-1,1645,TRAIN,False,107.51,107.64,107.73,107.56,-13.593862409216092,-22.467505796249636,-8.938974968527951
2016-10-27,IWM,-0.013532696129459704,-1,1645,TRAIN,False,104.25,104.41,104.38,104.34,-16.85017422605586,-14.472718255037673,-8.20999293718944
2016-11-01,IWM,-0.011765831260761469,-1,1645,TRAIN,False,103.3,103.29,103.12,103.37,-0.5319505813128966,15.428261122336574,6.24020029941459
2016-11-07,IWM,0.020562028786840388,1,1643,TRAIN,False,104.22,104.58,104.38,104.39,33.03728349099402,13.34926956354428,16.69839721650908
2016-11-09,IWM,0.03069882734293068,1,1643,TRAIN,False,108.12,108.13,109.64,107.98,-0.5750904746745813,138.55662158534363,12.389527855883154
2016-11-10,IWM,0.019328585961342862,1,1643,TRAIN,False,110.22,109.88,110.31,110.0,-32.342619485102766,6.16405425325765,-12.407304724072958
2016-11-11,IWM,0.022570076447033165,1,1643,TRAIN,False,112.35,112.4,113.78,112.44,2.9498607771638374,125.25556523119509,-5.056769314174084
2016-11-14,IWM,0.013256227758007071,1,1643,TRAIN,False,113.89,113.98,113.69,113.68,6.401326677413611,-19.55709249515815,24.88605819221032
2016-11-28,IWM,-0.010821778829895174,-1,1645,TRAIN,False,117.0,116.83,116.92,116.73,13.031944220061348,4.838774475737925,-10.068213195003459
2016-12-05,IWM,0.015930735930735962,1,1643,TRAIN,False,117.34,117.53,117.79,117.43,14.68998319189678,36.34262447285138,7.0145842436959835
2016-12-06,IWM,0.010039989789840829,1,1643,TRAIN,False,118.7,118.76,118.76,118.7,3.554151745735284,3.0539490280120734,3.554151745735284
2016-12-07,IWM,0.010693836308521354,1,1643,TRAIN,False,120.03,119.88,120.22,120.12,-13.994851452120448,13.826410410696253,-21.476873291692545
2016-12-08,IWM,0.014014014014014071,1,1643,TRAIN,False,121.56,121.8,122.12,121.76,18.24052540451697,44.058772799915836,1.7848083785572686
2016-12-12,IWM,-0.012208111429741868,-1,1645,TRAIN,False,120.56,120.73,121.35,120.64,-15.603127996941236,-67.54084499358976,-8.961481360338135
2016-12-14,IWM,-0.012424418123084568,-1,1645,TRAIN,True,119.23,119.28,119.45,119.41,-5.6943545566499045,-20.455622682119923,9.388343574328667
2016-12-28,IWM,-0.011563558272073938,-1,1645,TRAIN,False,119.68,119.81,119.88,119.58,-12.364078988112833,-18.714772546772302,-20.737021017706954
2017-01-04,IWM,0.01573688592839301,1,1643,TRAIN,False,121.99,122.09,121.82,122.2,6.696313727919505,-15.932581674203497,-10.50013656572191
2017-01-12,IWM,-0.010015727174902806,-1,1645,TRAIN,False,119.59,119.86,120.19,119.72,-24.080675481213014,-52.18165432230103,-13.195856839277193
2017-01-17,IWM,-0.014826472293547636,-1,1645,TRAIN,False,118.94,119.05,119.41,119.06,-10.74989792572699,-41.52382616771767,-0.6601113664194865
2017-01-24,IWM,0.01559602090709825,1,1643,TRAIN,False,120.48,120.37,121.41,120.61,-10.628626712361013,75.17599833642133,-21.395713011402933
2017-01-30,IWM,-0.01326040112713405,-1,1645,TRAIN,False,119.06,119.0,118.6,118.94,3.5400818764887827,36.64350980705437,-6.545467057216326
2017-02-03,IWM,0.01364701942397853,1,1643,TRAIN,False,121.07,121.23,120.85,121.22,11.713663027024234,-20.167471978332703,-0.6750273660970177
2017-02-09,IWM,0.014884187641107126,1,1643,TRAIN,False,121.37,121.29,122.08,121.3,-8.090276084032663,56.487306694888474,-2.3241286753421684
2017-02-28,IWM,-0.014350209609803297,-1,1645,TRAIN,False,122.27,122.07,123.73,122.17,14.859545985677176,-121.4319518154482,6.686393449036891
2017-03-01,IWM,0.019906610960924116,1,1643,TRAIN,False,124.5,124.39,124.33,124.58,-10.333866211772468,-15.651687843264215,-16.748806737562973
2017-03-15,IWM,0.016644474034620507,1,1643,TRAIN,True,122.16,121.99,122.46,122.11,-15.413938304925372,22.55324565775228,-11.325581060762394
2017-03-21,IWM,-0.021450794170623913,-1,1645,TRAIN,False,119.52,118.72,118.49,119.03,65.44429543355925,84.19508282823006,24.547611444332958
2017-04-03,IWM,-0.01022829555682841,-1,1645,TRAIN,False,120.96,120.88,120.76,120.91,5.114598761461926,14.537498723416956,0.9814065518689845
2017-04-05,IWM,-0.01027085231508332,-1,1645,TRAIN,False,119.5,119.34,119.53,119.41,11.890979892967147,-4.51116241331291,4.362884994636939
2017-04-12,IWM,-0.012988080558980784,-1,1645,TRAIN,False,120.08,120.01,119.85,119.94,4.330171524812836,17.157528544327935,-7.337276999337583
2017-04-20,IWM,0.011268539232745045,1,1643,TRAIN,False,122.05,122.21,121.95,122.13,11.607565175477264,-10.191524886838993,5.0495646415044195
2017-04-24,IWM,0.013777267508610849,1,1643,TRAIN,False,123.62,123.45,124.61,123.61,-15.249607542077287,78.06831353751836,-14.441845193362742
2017-04-25,IWM,0.010773592547590104,1,1643,TRAIN,False,124.79,124.61,124.55,124.8,-15.921919307388658,-21.2282642238229,-16.721925563853482
2017-04-26,IWM,0.010512799935799714,1,1643,TRAIN,False,125.93,125.27,125.62,125.64,-53.90205837670891,-26.611727773462654,-30.944653067326588
2017-04-28,IWM,-0.010856549852318986,-1,1645,TRAIN,False,123.9,123.62,124.08,123.84,21.102110211020502,-16.530950915913422,16.26737286131628
2017-05-17,IWM,-0.022808441558441576,-1,1645,TRAIN,False,120.39,119.9,119.57,120.24,39.20701065870193,66.12539316893817,26.78087169994275
2017-06-01,IWM,0.015435410647956997,1,1643,TRAIN,False,123.02,123.47,123.91,123.2,35.07408160175648,70.33169224127835,20.412447391623722
2017-06-02,IWM,0.010447882076617853,1,1643,TRAIN,False,124.77,124.24,124.34,124.52,-43.97163874219377,-36.45632070599108,-23.982824974810764
2017-06-08,IWM,0.014008097165991934,1,1643,TRAIN,False,125.23,125.15,125.68,125.21,-7.887137502013091,33.92689558002593,-6.291080819238923
2017-06-28,IWM,0.01593433124094632,1,1643,TRAIN,False,126.24,126.15,126.39,126.04,-8.628058296831682,9.879953069332668,7.226229138431595
2017-07-06,IWM,-0.013748708575061623,-1,1645,TRAIN,False,124.09,124.17,124.43,123.94,-7.948050828937946,-29.405148589644465,-20.06030036600709
2017-08-02,IWM,-0.010512171988618388,-1,1645,TRAIN,False,125.19,125.16,125.31,125.19,0.896567011121344,-11.587547443936636,0.896567011121344
2017-08-09,IWM,-0.01184568592924607,-1,1645,TRAIN,False,123.46,123.86,123.4,123.66,-33.904167996583375,2.8606456952190946,-17.6759548832138
2017-08-10,IWM,-0.015501372517358322,-1,1645,TRAIN,False,121.95,121.63,121.55,121.86,24.74404882062575,30.80668870495146,17.37679922595875
2017-08-14,IWM,0.015358081471747621,1,1643,TRAIN,False,123.64,123.61,123.86,123.45,-3.925885315060013,15.790235923027033,11.458918911673114
2017-08-17,IWM,-0.014510475258824497,-1,1645,TRAIN,False,120.89,120.44,120.0,120.9,35.729356706039034,71.63517245098626,36.55353128364876
2017-08-22,IWM,0.01163757273482964,1,1643,TRAIN,False,121.7,121.62,120.95,121.62,-8.072405577847354,-63.61442738224122,-1.499850014998355
2017-09-11,IWM,0.010947436207035333,1,1643,TRAIN,False,125.59,125.52,125.86,125.55,-7.0727062177135345,19.494427657321946,-3.8889778883515667
2017-09-27,IWM,0.020483883435108645,1,1643,TRAIN,False,132.01,131.89,131.71,132.03,-10.58870705611959,-24.7208064588581,-12.101910311886684
2017-10-02,IWM,0.010263376348954899,1,1643,TRAIN,False,133.88,134.18,134.28,133.88,20.9049157826986,27.87172731785748,20.9049157826986
2017-10-30,IWM,-0.01336020301537537,-1,1645,TRAIN,False,132.18,132.57,133.1,132.42,-31.00979639498117,-71.61617962371,-12.829443343065753
2017-11-07,IWM,-0.013595733493577724,-1,1645,TRAIN,False,131.32,131.53,131.2,131.47,-17.49402019093283,7.13961131111843,-6.0646134591422545
2017-11-16,IWM,0.016351911561492367,1,1643,TRAIN,False,132.39,132.16,131.72,132.33,-18.87015770059737,-52.59773138933433,-14.344594407785191
2017-11-28,IWM,0.014337716365797327,1,1643,TRAIN,False,136.54,136.74,137.17,136.61,13.145675325540857,44.13129801711549,8.014863545489417
2017-12-14,IWM,-0.010975250441956252,-1,1645,TRAIN,False,134.26,134.28,135.12,134.41,-2.9900204380661872,-66.06783127292432,8.173200327247862
2017-12-15,IWM,0.020628537384569632,1,1643,TRAIN,False,137.05,136.17,137.47,136.64,-65.70036174055097,28.63982116928803,-35.89164649108932
2017-12-18,IWM,0.011015642211940957,1,1643,TRAIN,False,137.67,138.02,138.43,137.78,23.91945014113553,53.193634657018755,15.916611271084232
2018-01-11,IWM,0.017406315183773197,1,1643,TRAIN,False,141.45,141.42,141.59,141.4,-3.6204226873164504,7.895710959128432,-0.08563500085720308
2018-01-19,IWM,0.012665433328589734,1,1643,TRAIN,False,142.32,142.41,142.23,142.32,4.8229789162734455,-8.322312794014522,4.8229789162734455
2018-02-02,IWM,-0.01803336883209082,-1,1645,TRAIN,False,138.31,138.13,137.09,138.28,11.51604568308633,86.22509275726811,9.349032965200083
2018-02-05,IWM,-0.021935857525519447,-1,1645,TRAIN,False,135.1,132.83,130.68,134.3,166.54874221692967,325.2303024528942,107.9727108972996
2018-02-06,IWM,0.010464503500715096,1,1643,TRAIN,False,134.22,134.36,134.34,134.7,8.929221814818739,6.9389574229899065,-26.737341113698115
2018-02-08,IWM,-0.01716833890746936,-1,1645,TRAIN,False,132.23,130.7,131.78,131.89,114.22468723465987,32.038218568886116,88.7400894157179
2018-02-12,IWM,0.012973219027387966,1,1643,TRAIN,False,133.52,133.04,132.34,133.36,-37.44412856497591,-90.35839975019991,-25.491452054557115
2018-02-14,IWM,0.01680546177507697,1,1643,TRAIN,False,135.53,135.75,136.69,135.52,14.730283778232938,83.57299000417981,15.469269188782423
2018-02-21,IWM,0.010106928372638022,1,1643,TRAIN,False,137.92,136.68,137.21,137.18,-91.39355785998936,-53.46862355527633,-37.942845167299076
2018-02-23,IWM,0.011062271062270996,1,1643,TRAIN,False,138.01,138.26,138.76,138.03,16.6120624369707,52.33322041319445,15.160695044021404
2018-02-27,IWM,-0.010348544735896498,-1,1645,TRAIN,False,137.71,137.17,137.51,137.35,37.718571072851084,12.525978471061887,11.60702164136972
2018-02-28,IWM,-0.010425020048115321,-1,1645,TRAIN,False,135.74,135.08,134.74,135.8,47.12951035784219,71.68478745620195,51.52694945488714
2018-03-02,IWM,0.014489522960320913,1,1643,TRAIN,False,136.53,136.76,136.33,137.04,15.343737727596686,-16.64566569051674,-21.928776182508635
2018-03-06,IWM,0.010654490106544894,1,1643,TRAIN,False,139.44,139.49,138.7,139.44,2.0853838310940525,-55.05860773647359,2.0853838310940525
2018-03-09,IWM,0.016093427330342455,1,1643,TRAIN,False,142.68,142.66,143.0,142.66,-2.9013779306122913,20.423525351418782,-1.4998500149986678
2018-03-19,IWM,-0.013481084133258022,-1,1645,TRAIN,False,139.77,140.35,140.68,140.12,-43.00311980114181,-67.1201841512059,-17.917114292075482
2018-03-22,IWM,-0.016299340939692517,-1,1645,TRAIN,False,138.79,138.08,138.21,138.48,49.66394758936638,39.79791307180103,27.389220724496006
2018-03-23,IWM,-0.016222479721900412,-1,1645,TRAIN,False,135.84,135.07,136.88,135.85,55.192687996714824,-78.5761732828173,55.92473122910325
2018-03-26,IWM,0.01984156363367148,1,1643,TRAIN,False,137.76,137.99,138.3,137.88,15.193348551324318,37.19096731442048,6.476905254064487
2018-03-27,IWM,-0.019204290165954093,-1,1645,TRAIN,False,135.34,135.33,135.67,135.01,-0.7611593138054771,-26.388112433230294,-25.20565366662128
2018-03-29,IWM,0.014266706091070423,1,1643,TRAIN,False,137.2,136.67,136.37,136.87,-40.123793743075154,-62.48332892658103,-16.110064305911088
2018-04-02,IWM,-0.02619448306138863,-1,1645,TRAIN,False,133.09,133.41,134.12,133.14,-25.54763703885591,-79.40691882697787,-21.782597367445263
2018-04-03,IWM,0.015216250655872883,1,1643,TRAIN,False,135.43,135.18,133.65,135.25,-19.95680222275245,-133.40672873567644,-6.6746744918830485
2018-04-04,IWM,0.01294570202692706,1,1643,TRAIN,False,136.94,136.95,137.74,136.93,-0.7697127176422122,56.40826307321163,-0.039468776411602305
2018-04-06,IWM,-0.024044032444959597,-1,1645,TRAIN,False,134.76,135.32,136.23,135.39,-43.0617416149471,-111.10483265601654,3.670874510448105
2018-04-10,IWM,0.021108568898073547,1,1643,TRAIN,False,138.36,137.99,137.5,138.26,-28.237672040833296,-64.14406261021765,-21.025345751261657
2018-04-12,IWM,0.010264565563105302,1,1643,TRAIN,False,139.76,139.29,139.76,139.57,-35.12388457776959,-1.9998000199959018,-21.558458899400264
2018-04-16,IWM,0.010319694017464147,1,1643,TRAIN,False,140.01,139.84,140.59,140.05,-13.640018756498161,39.41752814219341,-16.49224581290547
2018-04-17,IWM,0.012728832951945088,1,1643,TRAIN,False,141.62,141.35,141.77,141.63,-20.562094334276093,8.589806179671353,-21.266707615759827
2018-05-04,IWM,0.014447735317488983,1,1643,TRAIN,False,140.43,140.12,140.59,140.23,-23.571594275449534,9.391498363515975,-9.342929359633661
2018-05-30,IWM,0.01506189821182942,1,1643,TRAIN,False,147.59,147.68,147.68,147.59,4.597209497832222,4.096954624613545,4.597209497832222
2018-06-21,IWM,-0.0104581998823454,-1,1645,TRAIN,False,151.38,151.37,152.11,151.1,-0.8394616711001067,-50.23286051686285,-19.3717915802184
2018-06-25,IWM,-0.019998675584398266,-1,1645,TRAIN,False,148.0,148.58,148.71,148.69,-40.69521817046722,-49.98276854712603,5.898901814317477
2018-06-27,IWM,-0.011108137044967858,-1,1645,TRAIN,False,147.78,147.14,146.91,147.63,41.81396621188677,56.882870585068964,31.695914968453295
2018-07-27,IWM,-0.0189336664256132,-1,1645,TRAIN,False,149.22,149.28,149.27,149.38,-5.52166193700283,-5.351627509621076,5.19519082715383
2018-07-31,IWM,0.01065336120288574,1,1643,TRAIN,False,149.88,149.91,149.67,150.0,0.5014510558557411,-16.00820702557317,-7.498950104989123
2018-08-14,IWM,0.010234598258789075,1,1643,TRAIN,False,152.01,151.96,151.48,151.9,-4.788613961442812,-36.85895472027708,2.449524632790895
2018-08-15,IWM,-0.013885232956041153,-1,1645,TRAIN,False,149.84,150.01,150.72,150.03,-12.847287131276271,-60.74125832230829,-0.16688331500731965
2018-08-21,IWM,0.01233110324019412,1,1643,TRAIN,False,154.35,154.19,154.09,154.41,-11.864346445173908,-18.84126456159002,-15.74549494082474
2018-09-17,IWM,-0.011561066976684237,-1,1645,TRAIN,False,153.05,153.13,153.38,153.12,-6.727984134579454,-23.56609395013215,-2.153330536816072
2018-10-01,IWM,-0.014282906374893578,-1,1645,TRAIN,False,150.45,150.61,150.51,150.27,-12.136507768426645,-5.989033599271419,-24.129484220135378
2018-10-02,IWM,-0.012216984263993116,-1,1645,TRAIN,False,148.77,149.07,149.6,148.99,-21.668531039431326,-57.802177340807965,-6.870443403827258
2018-10-04,IWM,-0.01563331559340071,-1,1645,TRAIN,False,147.97,148.26,148.3,148.02,-21.1016573712513,-24.30647876573756,-17.716607493744757
2018-10-10,IWM,-0.021846322421586066,-1,1645,TRAIN,False,142.82,141.79,141.11,142.27,70.62941975474584,117.75487869470224,32.24357720793562
2018-10-11,IWM,-0.012060088863812537,-1,1645,TRAIN,False,140.07,139.09,140.88,139.69,68.47536327845616,-59.839995565200944,41.458544880902664
2018-10-16,IWM,0.025492302184031524,1,1643,TRAIN,False,143.21,143.58,143.26,143.63,24.332459568790792,1.4908780750984616,-4.980494779317847
2018-10-18,IWM,-0.01914744933612845,-1,1645,TRAIN,False,140.36,140.39,140.81,140.53,-3.637831722755469,-34.06702881744412,8.463630110254481
2018-10-19,IWM,-0.011111902557162006,-1,1645,TRAIN,False,138.82,138.89,139.4,138.92,-6.543407546343993,-43.789280239074095,0.6596902131906006
2018-10-24,IWM,-0.030362603757099284,-1,1645,TRAIN,False,133.16,132.18,132.89,133.11,72.10656481688727,18.280214924467884,68.37735835787721
2018-10-25,IWM,0.02602511726433649,1,1643,TRAIN,False,135.61,134.95,133.62,135.14,-50.161527612449554,-148.71479447439222,-15.5572351600102
2018-10-26,IWM,-0.011337532419414608,-1,1645,TRAIN,False,133.42,133.57,135.06,133.22,-12.744528837535306,-124.94488843278091,-27.776422740607888
2018-10-30,IWM,0.018061408789885654,1,1643,TRAIN,False,135.26,135.61,136.99,135.42,24.372359451918733,125.87644089354418,12.528469498348818
2018-11-01,IWM,0.022055580061755623,1,1643,TRAIN,False,139.03,138.93,139.53,139.19,-8.691463443743478,33.95646913047416,-20.176551207583177
2018-11-07,IWM,0.01656551231702958,1,1643,TRAIN,False,142.38,142.56,141.84,142.17,11.140478872467183,-39.91889053825326,25.92798327257506
2018-11-09,IWM,-0.01786342218158796,-1,1645,TRAIN,False,139.65,139.61,139.49,139.87,1.364583289691772,9.459306116792504,17.091328064670275
2018-11-12,IWM,-0.014755390015041918,-1,1645,TRAIN,False,137.55,136.83,137.3,137.36,50.85230442346221,16.17864440024425,37.09037910197538
2018-11-15,IWM,0.010048023642408671,1,1643,TRAIN,False,136.72,137.28,136.4,137.03,39.45363216750367,-25.40061968057057,16.741593738166884
2018-11-19,IWM,-0.01867596831625624,-1,1645,TRAIN,False,135.03,134.87,133.36,134.76,10.350846237699635,121.70075779702623,-9.664034079278968
2018-11-20,IWM,-0.015792985838214542,-1,1645,TRAIN,False,132.74,132.27,132.94,132.61,33.912725308992314,-17.070262096270355,24.142788307937867
2018-11-21,IWM,0.014666969078400224,1,1643,TRAIN,False,134.2,134.04,132.97,134.15,-13.420565544040457,-93.63571839537214,-9.698396541263703
2018-11-28,IWM,0.02118014268727701,1,1643,TRAIN,False,137.42,137.88,137.31,137.74,31.9691506326017,-10.002856503754368,8.662702772846409
2018-12-04,IWM,-0.042917532421007244,-1,1645,TRAIN,False,133.58,133.66,131.73,133.48,-7.48996893999959,136.5212880024353,-14.98733930929983
2018-12-07,IWM,-0.02273579950476477,-1,1645,TRAIN,False,130.23,130.44,130.66,130.59,-17.6278858017131,-35.025310102231906,9.987904372793444
2018-12-12,IWM,0.012781028641823195,1,1643,TRAIN,False,131.53,131.16,131.54,131.79,-29.62609540003998,-1.2396692361466675,-49.296003702612964
2018-12-13,IWM,-0.011970112839280216,-1,1645,TRAIN,False,129.6,129.32,128.36,129.59,20.108029321449983,93.6979500419174,19.337916506366106
2018-12-14,IWM,-0.014846891432106307,-1,1645,TRAIN,False,127.39,127.38,126.92,126.99,-0.7150412819755697,34.90175534548519,-32.21583675022395
2018-12-17,IWM,-0.020803893860888614,-1,1645,TRAIN,False,124.73,124.52,125.64,124.13,15.338742244303457,-74.9723813879018,-32.92353725826204
2018-12-19,IWM,-0.025490511418462543,-1,1645,TRAIN,True,121.2,121.8,121.43,121.39,-51.01252699527417,-20.980893468884396,-35.280651386665646
2018-12-20,IWM,-0.012725779967159255,-1,1645,TRAIN,False,120.27,119.75,120.3,119.88,41.74238825728212,-4.495086575257696,9.345654285146194
2018-12-21,IWM,-0.024050104384133575,-1,1645,TRAIN,False,116.88,116.55,116.07,116.71,26.73817176378799,67.31550978506577,12.211100297759575
2018-12-26,IWM,0.041087507649270064,1,1643,TRAIN,False,119.11,119.89,118.38,119.7,63.976013615161314,-63.275428816785784,14.370785143707238
2018-12-27,IWM,-0.011343731754107928,-1,1645,TRAIN,False,118.53,120.34,120.39,119.45,-154.2270147034967,-158.95388577075903,-76.01948976814901
2019-01-03,IWM,-0.01593137254901963,-1,1645,TRAIN,False,120.45,120.23,121.69,120.62,16.767430167673016,-104.96807256483186,30.837646855382477
2019-01-04,IWM,0.03659652333028355,1,1643,TRAIN,False,124.63,124.68,124.73,124.6,2.511423414347027,6.022345691292364,4.91973274582669
2019-01-07,IWM,0.017244145011228677,1,1643,TRAIN,False,126.83,126.88,127.95,126.94,2.4418436497439138,86.28972315257728,-6.2257835977862
2019-01-08,IWM,0.01324085750315264,1,1643,TRAIN,False,128.56,128.79,129.24,128.65,16.387945835160682,50.88321286104194,9.380756444369734
2019-01-22,IWM,-0.01978645561114019,-1,1645,TRAIN,False,131.29,131.76,132.05,131.49,-37.304134099906534,-59.8988987176584,-22.03711130866698
2019-01-25,IWM,0.01172554656176724,1,1643,TRAIN,False,133.74,133.82,132.64,133.96,4.48100845665365,-84.23249195941884,-11.94916339957556
2019-02-12,IWM,0.011506809409365553,1,1643,TRAIN,False,138.89,139.0,139.41,138.82,6.418898753800802,35.432413271021936,11.46463656472722
2019-02-15,IWM,0.01259572031775581,1,1643,TRAIN,False,141.49,141.93,141.35,141.7,29.59308988176775,-11.892513483829246,14.729190454280074
2019-03-04,IWM,-0.01008415049725286,-1,1645,TRAIN,False,142.33,142.49,142.61,142.49,-12.74331747092998,-21.67672679584378,-1.500150015002197
2019-03-06,IWM,-0.01868434040753018,-1,1645,TRAIN,False,139.18,139.07,139.05,139.31,6.40447002021766,7.342090725814335,15.730199823515125
2019-03-11,IWM,0.014368650217706747,1,1643,TRAIN,False,139.79,140.2,140.33,139.96,27.825459817562294,36.62184750836043,15.645334580573152
2019-03-21,IWM,0.012102549412775897,1,1643,TRAIN,False,141.32,141.51,140.5,141.5,11.942798077961454,-60.01253823103256,-0.7932422305489029
2019-03-22,IWM,-0.03172920641650753,-1,1645,TRAIN,False,137.02,136.31,136.2,136.65,50.32487630605104,57.85704829423415,23.384665579619377
2019-04-09,IWM,-0.011176306230790684,-1,1645,TRAIN,False,141.56,141.43,141.66,141.6,7.68461276757701,-9.065755402890439,10.50730073007019
2019-04-10,IWM,0.012797850526762371,1,1643,TRAIN,False,143.24,143.35,143.52,143.35,6.178417343967154,17.54390324720746,-1.499850014998282
2019-04-23,IWM,0.016119909502262452,1,1643,TRAIN,False,143.71,143.59,143.61,143.61,-9.848747224645868,-8.956866473258986,-2.892301815012068
2019-05-03,IWM,0.01770281572344592,1,1643,TRAIN,False,146.02,146.25,144.12,146.13,14.249054480936065,-132.09294054843215,6.7107844748267
2019-05-07,IWM,-0.025063170115413615,-1,1645,TRAIN,False,142.76,143.54,143.28,142.99,-56.145499671850715,-38.43225454515272,-39.9701484939731
2019-05-13,IWM,-0.03224675779880823,-1,1645,TRAIN,False,138.05,138.18,138.46,137.85,-10.918440630734102,-31.705524771962033,-25.442805433971344
2019-05-14,IWM,0.013967289043276933,1,1643,TRAIN,False,140.12,139.9,138.86,139.97,-17.198322988140536,-91.90474044231205,-6.500171587468784
2019-05-17,IWM,-0.01182217188163661,-1,1645,TRAIN,False,139.58,139.28,138.43,139.44,19.9961248453258,80.4063068579386,9.976040633321558
2019-05-21,IWM,0.013160749150336408,1,1643,TRAIN,False,140.11,140.17,139.6,140.1,2.7818572792603855,-38.39249220463916,3.4958317159002488
2019-05-23,IWM,-0.02101475350845619,-1,1645,TRAIN,False,136.03,136.13,137.02,135.89,-8.8525723850775,-74.79282075086823,-19.164143215411805
2019-05-29,IWM,-0.010270706477881341,-1,1645,TRAIN,False,134.9,135.15,135.53,135.45,-20.03517623815833,-48.71080139889358,20.65156681780907
2019-05-31,IWM,-0.014691696965200104,-1,1645,TRAIN,False,132.79,133.02,133.14,132.88,-18.823329731123174,-28.362878459697317,-12.037552340424325
2019-06-04,IWM,0.023316839106312895,1,1643,TRAIN,False,136.48,136.82,137.36,136.58,23.408488576699607,62.46561744763686,16.069633335391
2019-06-18,IWM,0.011418312387791766,1,1643,TRAIN,False,140.81,140.81,140.98,140.84,-1.4998500149979652,10.070791798740238,-3.6296072182036285
2019-06-24,IWM,-0.01137009664582145,-1,1645,TRAIN,False,139.12,139.04,139.26,139.14,4.251143918301778,-12.065467616341067,5.687934037041915
2019-06-27,IWM,0.015444855340439384,1,1643,TRAIN,False,140.03,140.49,140.76,140.22,31.345326511411237,50.121460752589215,17.752717667899372
2019-06-28,IWM,0.012100505374047893,1,1643,TRAIN,False,142.19,142.17,144.05,142.09,-2.9062077265087467,128.78492726014028,4.1295398927982
2019-07-12,IWM,0.01002754042793579,1,1643,TRAIN,False,143.02,142.74,143.15,143.08,-21.074595099571837,7.088020047107194,-25.25921576139865
2019-07-24,IWM,0.016118769883351015,1,1643,TRAIN,False,143.72,143.78,143.72,143.89,2.67430813278139,-1.999800019999212,-9.14343203249975
2019-07-25,IWM,-0.011545416608707724,-1,1645,TRAIN,False,142.12,142.03,142.25,142.03,4.833476592805109,-11.14922919255,-1.5001500150024583
2019-07-26,IWM,0.012391748222206511,1,1643,TRAIN,False,143.79,143.71,143.73,143.85,-7.062684787920578,-6.171717482956447,-11.230750404277062
2019-08-01,IWM,-0.013342647572476399,-1,1645,TRAIN,False,141.24,141.09,140.21,141.22,9.121664078046619,70.93990339277528,7.706725919724088
2019-08-02,IWM,-0.011482032745056379,-1,1645,TRAIN,False,139.47,139.42,136.95,139.57,2.085388147331854,178.71995846605495,9.248757504537402
2019-08-05,IWM,-0.034213168842346736,-1,1645,TRAIN,False,134.66,135.33,136.15,135.56,-51.262552365442694,-112.67137407339355,15.469052068969772
2019-08-08,IWM,0.02049480310349863,1,1643,TRAIN,False,139.42,139.47,139.06,139.48,2.0858981380615935,-27.81589578812616,-2.216691149925496
2019-08-09,IWM,-0.010755001075500108,-1,1645,TRAIN,False,137.97,137.69,136.98,138.05,18.797161299081118,69.76888165006928,24.581270151644677
2019-08-13,IWM,0.010225099308518573,1,1643,TRAIN,False,137.36,137.39,135.28,137.3,0.6838643450728363,-153.39642506337708,5.05415590997142
2019-08-14,IWM,-0.028386345439988192,-1,1645,TRAIN,False,133.49,133.6,134.06,133.72,-9.74170381305173,-44.7085685420742,7.475171687074742
2019-08-16,IWM,0.022021796317173832,1,1643,TRAIN,False,135.98,135.87,137.44,136.01,-9.588061638017207,105.34745907671356,-11.791666947559118
2019-08-19,IWM,0.012511959961728039,1,1643,TRAIN,False,137.57,137.26,137.08,137.6,-24.030452955286748,-37.610907805053415,-26.20544631583382
2019-08-23,IWM,-0.030912802566345942,-1,1645,TRAIN,False,132.91,132.98,134.23,132.85,-6.767661944135336,-101.33539123229843,-11.287090319871414
2019-08-27,IWM,-0.013387876534027393,-1,1645,TRAIN,False,132.65,132.36,132.18,132.79,20.36517258962979,33.43847388885244,30.886664236870555
2019-08-28,IWM,0.012163795708673202,1,1643,TRAIN,False,133.97,133.99,135.44,134.06,-0.007202384933092463,107.70431503539243,-6.720609454793207
2019-08-29,IWM,0.016941562803194133,1,1643,TRAIN,False,136.27,136.34,137.05,136.24,3.63624017725882,55.22805758611255,5.839037352869899
2019-09-03,IWM,-0.014114533558773708,-1,1645,TRAIN,False,134.11,134.08,135.33,134.22,0.7371552157823368,-92.98849503174048,8.93205100572504
2019-09-05,IWM,0.021748779405237444,1,1643,TRAIN,False,138.12,137.66,137.79,137.85,-34.799227867540296,-25.887289637674918,-15.280880326908905
2019-09-09,IWM,0.0124033270100685,1,1643,TRAIN,False,138.75,138.9,138.69,138.72,9.309339336338034,-6.323259565934326,11.473982359550446
2019-09-10,IWM,0.010439164866810572,1,1643,TRAIN,False,140.36,140.63,141.28,140.37,17.733514479840608,63.5328316698099,17.019848203964834
2019-09-11,IWM,0.01991040318566459,1,1643,TRAIN,False,143.43,143.55,143.72,143.54,6.865345676266667,18.21507872220424,-0.8032845872434905
2019-09-24,IWM,-0.016687790452049038,-1,1645,TRAIN,False,139.65,139.93,139.73,139.62,-21.55328314786363,-7.729953088395962,-23.706603578278497
2019-09-25,IWM,0.011863074394340003,1,1643,TRAIN,False,141.59,141.37,141.23,141.52,-17.035340042520073,-27.420239825020406,-12.097468885107249
2019-09-27,IWM,-0.010297482837528588,-1,1645,TRAIN,False,138.41,138.72,138.89,138.54,-23.90073556882542,-36.686711803900636,-14.494736610952884
2019-10-01,IWM,-0.01821716589861752,-1,1645,TRAIN,False,136.36,136.2,135.46,136.37,10.235256438523901,64.0147616991109,10.967805000785024
2019-10-08,IWM,-0.011858575506917534,-1,1645,TRAIN,False,134.99,134.42,135.38,134.59,40.73153444687371,-30.897007768781425,11.132698082942776
2019-10-11,IWM,0.02485617347691382,1,1643,TRAIN,False,138.95,137.83,137.55,138.56,-82.0922945488799,-102.73531840770379,-54.17670559733782
2019-10-15,IWM,0.011576265016381532,1,1643,TRAIN,False,138.94,138.89,138.74,138.84,-5.097985954967753,-16.391624116699393,2.1008774950789055
2019-10-17,IWM,0.011433913418668225,1,1643,TRAIN,False,140.66,140.69,140.32,140.59,0.6326325991041232,-26.1667278459112,5.6119645877355495
2019-10-21,IWM,0.010566145498679362,1,1643,TRAIN,False,141.55,141.34,141.49,141.49,-16.33337196128515,-6.237737229455699,-12.099715888897036
2019-10-28,IWM,0.011040787623066256,1,1643,TRAIN,False,143.77,143.42,143.15,143.54,-25.84063774884377,-45.11561085666568,-9.858635148050018
2019-11-01,IWM,0.015563656758272768,1,1643,TRAIN,False,144.87,145.07,146.26,144.85,12.303560145814354,93.92910367277561,13.685997641174852
2019-11-25,IWM,0.022591087540464228,1,1643,TRAIN,False,148.48,148.26,148.41,148.37,-16.31443806050328,-6.713296881517648,-8.912635729754456
2019-12-02,IWM,-0.010377358490565983,-1,1645,TRAIN,False,146.86,147.0,145.73,147.05,-11.034468556483901,74.95921865099677,1.900564078850371
2019-12-06,IWM,0.012933369447453932,1,1643,TRAIN,False,149.59,149.41,149.33,149.52,-13.530935161047854,-19.377165164690865,-8.855621928445085
2019-12-12,IWM,0.01059336238685876,1,1643,TRAIN,False,150.73,150.44,150.23,150.64,-20.736664474598616,-35.16506307307212,-14.774544850346249
2020-01-16,IWM,0.011744857569268534,1,1643,TRAIN,False,155.92,156.11,156.82,156.03,10.684058582343333,55.71056542370452,3.626600103562325
2020-01-24,IWM,-0.01445330222308633,-1,1645,TRAIN,False,152.05,152.25,149.97,151.83,-14.65569115280612,134.82426835251823,-29.16681709664853
2020-01-31,IWM,-0.021593694111412803,-1,1645,TRAIN,False,147.71,147.85,148.82,147.83,-10.979603139380435,-77.16247895861154,-2.853258335370493
2020-02-03,IWM,0.01224213730131892,1,1643,TRAIN,False,149.67,149.5,151.32,149.48,-12.856468078051645,108.22068725178177,-0.16207905567438846
2020-02-04,IWM,0.016789297658862817,1,1643,TRAIN,False,152.01,151.74,153.32,151.82,-19.25917532580491,84.16150688069219,-6.768457655617326
2020-02-05,IWM,0.015487017266376659,1,1643,TRAIN,False,154.09,154.04,154.61,154.13,-4.744220236942589,31.739963131340648,-7.338200845457102
2020-02-07,IWM,-0.01268457685552585,-1,1645,TRAIN,False,151.79,151.84,151.55,151.85,-4.7946688074181445,13.81428082857028,-0.8415066070339822
2020-02-21,IWM,-0.010740931309493103,-1,1645,TRAIN,False,153.82,153.83,149.06,153.75,-2.150358060122021,307.5143036342385,-6.704182613385871
2020-02-24,IWM,-0.028733016966781613,-1,1645,TRAIN,False,149.41,149.14,149.67,149.3,16.573640497708865,-19.405461060125724,9.218135477313034
2020-02-25,IWM,-0.03285503553707911,-1,1645,TRAIN,False,144.25,143.95,144.63,144.28,19.300196917439045,-28.348623423866847,21.375474115195352
2020-02-26,IWM,-0.011740187565126766,-1,1645,TRAIN,False,142.27,142.33,139.38,142.45,-5.71811591787077,201.17531539475823,6.925122136640785
2020-02-27,IWM,-0.021148036253776568,-1,1645,TRAIN,False,139.31,137.29,133.4,138.76,143.521961125839,422.31837856099236,104.4540530732219
2020-02-28,IWM,-0.030155146041226502,-1,1645,TRAIN,False,133.17,135.76,136.22,132.54,-196.01757427376023,-231.0765731525477,-244.48212136740972
2020-03-02,IWM,0.012080141426046073,1,1643,TRAIN,False,137.41,139.09,139.14,137.76,120.74365665827641,123.8756118566136,95.03038517286478
2020-03-03,IWM,-0.013516428211949065,-1,1645,TRAIN,True,137.2,136.29,138.4,136.9,64.83633057183063,-89.48125133213112,43.06460594927266
2020-03-04,IWM,0.028321960525350458,1,1643,TRAIN,False,140.15,140.24,137.07,139.8,4.920877872969016,-221.72038950225732,29.968963046470098
2020-03-05,IWM,-0.0420707358813463,-1,1645,TRAIN,False,134.37,135.65,131.43,134.84,-96.77379883556753,216.84240315078634,-61.58035708643705
2020-03-06,IWM,-0.03317360855141909,-1,1645,TRAIN,False,131.17,133.0,123.52,131.85,-141.03468744373976,581.3290790083815,-88.73356050053289
2020-03-09,IWM,-0.08827067669172929,-1,1645,TRAIN,False,121.27,120.0,123.96,121.42,103.24055412055505,-223.86364966174077,115.4668258787656
2020-03-10,IWM,0.019916666666666673,1,1643,TRAIN,False,122.41,123.82,120.57,122.59,113.66954146836704,-152.2842569104747,98.81954948317782
2020-03-11,IWM,-0.07260539492812143,-1,1645,TRAIN,False,114.82,115.96,107.54,115.98,-100.80088308430341,632.1625020889113,0.2245439236116367
2020-03-12,IWM,-0.10814073818558118,-1,1645,TRAIN,False,103.42,102.89,108.91,103.94,49.754878794782634,-532.9514773175238,99.53482359973324
2020-03-13,IWM,0.02847701428710266,1,1643,TRAIN,False,105.8,110.29,100.03,106.53,422.8221317754804,-547.2593572400792,351.3994324776662
2020-03-16,IWM,-0.11542297579109623,-1,1645,TRAIN,False,97.58,97.17,96.66,96.96,40.52295985900905,92.3002732738944,-23.161814943873193
2020-03-17,IWM,0.014407739014098914,1,1643,TRAIN,False,98.57,100.26,94.9,100.26,169.92619496293347,-374.24957920155884,-1.4998500149986576
2020-03-18,IWM,-0.10502692998204669,-1,1645,TRAIN,False,89.73,92.88,91.77,90.13,-352.60597273368285,-229.39438711507208,-306.66075594578314
2020-03-19,IWM,0.054478897502153345,1,1643,TRAIN,False,97.94,95.65,97.73,97.76,-235.28140345042442,-23.437211108375458,-217.30217526528915
2020-03-23,IWM,-0.028660369257191946,-1,1645,TRAIN,False,90.48,91.82,97.09,90.71,-149.62139450019126,-732.6945117146543,-123.88649293768648
2020-03-24,IWM,0.0850577216292747,1,1643,TRAIN,False,99.63,100.4,101.22,99.56,75.77451629523482,157.55876986827153,82.85872899250846
2020-03-25,IWM,0.03974103585657365,1,1643,TRAIN,False,104.39,101.67,103.12,103.22,-262.02212617132784,-123.63463337544013,-151.6420243269218
2020-03-26,IWM,0.058621028818727196,1,1643,TRAIN,False,107.62,107.78,103.77,106.64,13.36504520891555,-359.66845612409713,105.38584176091027
2020-03-27,IWM,-0.01048431991092963,-1,1645,TRAIN,False,106.66,104.26,104.74,104.94,223.54766884901306,178.04705653389257,63.30850352044795
2020-03-31,IWM,-0.022002820874470985,-1,1645,TRAIN,False,104.04,105.59,100.49,104.4,-150.50366051599445,339.2829671279336,-115.50192375559537
2020-04-01,IWM,-0.07197651292736063,-1,1645,TRAIN,False,98.0,98.61,97.78,97.71,-63.75438564264717,20.453269816777926,-93.62327083184432
2020-04-03,IWM,-0.03484635468969671,-1,1645,TRAIN,False,96.14,96.72,100.85,95.41,-61.83788755409855,-492.0087390474014,-138.82291698407997
2020-04-06,IWM,0.0694789081885856,1,1643,TRAIN,False,103.44,104.11,108.05,103.85,63.26228359375932,443.5800619474007,23.532504717751944
2020-04-08,IWM,0.053054970312200654,1,1643,TRAIN,False,109.95,109.27,112.71,109.19,-63.33686776843059,248.97319272165583,5.825729360390486
2020-04-09,IWM,0.04951038711448715,1,1643,TRAIN,False,114.66,114.41,113.57,114.69,-23.30017303519901,-97.04445568002122,-25.90982509561423
2020-04-13,IWM,-0.02753255834280213,-1,1645,TRAIN,False,111.26,111.28,114.53,111.62,-3.2980109084076856,-295.9651528697723,28.964910467036475
2020-04-14,IWM,0.020848310567936675,1,1643,TRAIN,False,113.59,113.53,108.96,113.6,-6.781212890243137,-409.5245902824112,-7.660897642628537
2020-04-15,IWM,-0.03769928653219414,-1,1645,TRAIN,False,109.25,108.9,109.17,109.1,30.541269229896464,5.32391911960129,16.834405713713835
2020-04-16,IWM,-0.012488521579430664,-1,1645,TRAIN,False,107.55,108.03,112.69,107.73,-46.13724970823555,-480.01304082058624,-29.351723810643616
2020-04-17,IWM,0.04387670091641206,1,1643,TRAIN,False,112.77,112.85,110.56,113.07,5.593171284983084,-197.93471570640074,-20.953905316994113
2020-04-20,IWM,-0.01276030128489143,-1,1645,TRAIN,False,111.43,111.49,108.55,111.5,-6.885504129700495,256.5097216892122,-0.603154485852553
2020-04-21,IWM,-0.01784913445152027,-1,1645,TRAIN,False,109.48,108.87,111.21,109.52,54.22614786140541,-160.05153675762094,57.85864378986983
2020-04-22,IWM,0.017635712317442837,1,1643,TRAIN,False,110.79,110.2,111.04,110.91,-54.74576651008964,20.560900855487308,-65.50611731721861
2020-04-23,IWM,0.01569872958257717,1,1643,TRAIN,False,111.94,111.32,112.29,112.15,-56.87835718840208,29.260697299932783,-75.49677488782616
2020-04-24,IWM,0.02263744160977372,1,1643,TRAIN,False,113.83,113.2,114.59,113.88,-56.837239934092906,64.75307841261979,-61.20287163415686
2020-04-27,IWM,0.04699646643109535,1,1643,TRAIN,False,118.52,117.63,121.22,118.52,-76.58139855943584,225.76429498460826,-76.58139855943584
2020-04-28,IWM,0.022443254271869426,1,1643,TRAIN,False,120.27,119.21,123.41,120.01,-89.621660599385,259.0272277337,-68.1509634221154
2020-04-29,IWM,0.055951681905880395,1,1643,TRAIN,True,125.87,125.18,121.94,126.01,-56.31009156174984,-314.1642616543936,-67.35775910544822
2020-04-30,IWM,-0.03171433136283762,-1,1645,TRAIN,False,121.21,120.45,117.55,120.96,61.21035335940021,300.01548129402573,40.668873434960624
2020-05-01,IWM,-0.043171440431714427,-1,1645,TRAIN,False,115.24,115.78,114.27,115.38,-48.36590913516965,82.1887985396949,-36.1734041318861
2020-05-05,IWM,0.010155779326964513,1,1643,TRAIN,False,117.38,117.02,117.86,117.16,-32.16487006947509,38.884848949081004,-13.447528582749957
2020-05-07,IWM,0.015336894709632959,1,1643,TRAIN,False,117.84,117.83,120.33,117.8,-2.3483310189021034,209.26140583497545,1.0464573237069588
2020-05-08,IWM,0.03674785708223711,1,1643,TRAIN,False,122.16,122.4,120.56,122.35,18.14356874725251,-132.94937696799988,2.5861737487887253
2020-05-12,IWM,-0.02242299794661194,-1,1645,TRAIN,False,119.02,117.3,116.16,118.11,143.03505632028438,238.343612549795,67.09027519465126
2020-05-13,IWM,-0.037425404944586536,-1,1645,TRAIN,False,112.91,113.36,110.91,113.13,-41.36088039766841,175.1674591779439,-21.833793031916947
2020-05-15,IWM,0.014656836931718464,1,1643,TRAIN,False,115.61,115.67,121.52,115.31,3.68923405211674,509.09942307386734,29.715656480488605
2020-05-18,IWM,0.06285121466240162,1,1643,TRAIN,False,122.94,122.68,122.24,123.06,-22.64520579014093,-58.92675739746697,-32.374464487566655
2020-05-20,IWM,0.030010807215894914,1,1643,TRAIN,False,123.9,123.9,123.93,123.98,-1.4998500149986316,0.42102327297551145,-7.951535867546343
2020-05-26,IWM,0.035777314294882144,1,1643,TRAIN,False,129.13,128.25,130.88,128.67,-69.63800638444661,133.49544004787876,-34.13659566661643
2020-05-27,IWM,0.026744639376218377,1,1643,TRAIN,False,131.68,132.3,133.81,132.22,45.57692772642438,159.72362362791503,4.549764354983128
2020-05-28,IWM,-0.015873015873016042,-1,1645,TRAIN,False,130.19,129.19,127.86,129.42,75.3221877222678,177.00479626271309,16.274112344009463
2020-06-01,IWM,0.015571473061351605,1,1643,TRAIN,False,130.45,129.56,130.42,130.37,-69.7149909386201,-4.299071817616314,-63.62138964442027
2020-06-03,IWM,0.026088287047662737,1,1643,TRAIN,False,134.12,133.79,132.98,134.36,-26.100991153493798,-86.98131081612945,-43.916827430088134
2020-06-05,IWM,0.04211865040772069,1,1643,TRAIN,False,139.29,138.83,140.85,138.74,-34.51952169992136,109.97435686110605,4.986131053898053
2020-06-08,IWM,0.017359360368796345,1,1643,TRAIN,False,141.24,141.51,139.47,141.32,17.613680433143237,-127.29334543181348,11.942798077961454
2020-06-10,IWM,-0.02013229795800986,-1,1645,TRAIN,True,136.27,135.12,129.57,135.95,82.90379195694544,489.76909138774965,59.5608659799375
2020-06-11,IWM,-0.07445233866193016,-1,1645,TRAIN,False,125.06,124.94,129.73,125.83,8.096683648853174,-375.4956496769122,69.24081107149038
2020-06-15,IWM,0.01461508401719414,1,1643,TRAIN,False,129.81,130.96,136.01,129.93,87.07788030225558,475.5258238909179,77.76171509301754
2020-06-16,IWM,0.022144166157605418,1,1643,TRAIN,False,133.86,133.9,134.11,133.43,1.4878984236633384,16.672694003572317,33.7193291088338
2020-06-17,IWM,-0.020238984316654277,-1,1645,TRAIN,False,131.2,131.44,130.21,131.4,-19.795577118687564,73.4722100258795,-4.5447467121134055
2020-06-24,IWM,-0.028957092225322396,-1,1645,TRAIN,False,128.75,128.32,127.74,128.99,31.9029184471843,76.46209281122317,50.44965307446397
2020-06-26,IWM,-0.022053173505455593,-1,1645,TRAIN,False,127.26,126.95,128.67,127.69,22.863083102274036,-112.81915556006197,56.46139835222343
2020-06-29,IWM,0.027412367073651075,1,1643,TRAIN,False,130.42,131.15,130.49,130.25,54.464765147473024,3.3664015901769697,67.58767501369029
2020-06-30,IWM,0.011666031261913847,1,1643,TRAIN,False,132.68,132.89,133.25,132.76,14.325331108732339,40.95211521958849,8.29078737200187
2020-07-07,IWM,-0.016152054691608485,-1,1645,TRAIN,False,130.96,130.66,130.57,130.73,21.411044586438052,27.785842115062227,3.85520078818736
2020-07-09,IWM,-0.02210238493088255,-1,1645,TRAIN,False,128.74,129.04,129.07,129.02,-24.806426580207965,-27.638386022850185,-3.0505298243359444
2020-07-10,IWM,0.014879107253564911,1,1643,TRAIN,False,130.96,131.09,132.46,130.79,8.425356303710826,112.51608498282734,21.434243149583178
2020-07-15,IWM,0.040133779264214055,1,1643,TRAIN,False,136.84,136.45,135.53,136.88,-29.99601384497805,-97.71289752053849,-32.90951588651824
2020-07-16,IWM,-0.010406742396482137,-1,1645,TRAIN,False,135.02,135.53,136.06,135.19,-39.27799830790219,-79.04123251904439,-26.65371204625504
2020-07-21,IWM,0.013151089767270049,1,1643,TRAIN,False,137.15,137.28,136.44,137.13,7.977401312001323,-53.75758450403577,9.437034857004544
2020-07-24,IWM,-0.016211107880197657,-1,1645,TRAIN,False,135.31,135.5,135.61,135.5,-15.544086372276482,-24.17594504997922,-1.5001500150025273
2020-07-29,IWM,0.01991884913316111,1,1643,TRAIN,True,138.27,138.48,136.49,138.42,13.685548346878596,-130.70769295385352,2.8341335784058734
2020-07-31,IWM,-0.016233060366693305,-1,1645,TRAIN,False,135.75,136.63,137.56,135.85,-66.33492078489637,-135.3602026869358,-58.92503125910761
2020-08-03,IWM,0.01785844982800262,1,1643,TRAIN,False,139.06,138.9,138.58,139.02,-13.003949137661373,-36.51037168683393,-10.13040689888772
2020-08-05,IWM,0.01801672982054752,1,1643,TRAIN,False,142.39,142.58,142.67,142.34,11.841782322226432,17.660569781213333,15.358658036123428
2020-08-07,IWM,0.010165451486259235,1,1643,TRAIN,False,144.09,144.87,145.31,144.52,52.624864517505046,82.65257171971699,22.714618933899686
2020-08-10,IWM,0.012286877890522544,1,1643,TRAIN,False,146.65,146.36,147.74,146.48,-21.271858494341352,72.31196416669324,-9.690865976207409
2020-09-03,IWM,-0.03136267773317922,-1,1645,TRAIN,False,142.36,142.72,144.44,142.76,-26.791945842518988,-148.1378820658121,1.3021756084262148
2020-09-08,IWM,-0.010020464328558435,-1,1645,TRAIN,False,140.3,139.02,140.47,139.93,89.74660830302524,-14.119516014323,63.542122096150315
2020-09-09,IWM,0.01870234498633286,1,1643,TRAIN,False,141.61,141.13,141.77,141.27,-35.390677442390924,9.296577580431753,-11.408464873058332
2020-09-10,IWM,-0.01077021186140425,-1,1645,TRAIN,False,139.62,139.33,139.99,140.03,19.27362912483738,-28.50600201117442,48.49663713782518
2020-09-14,IWM,0.0255965292841648,1,1643,TRAIN,False,141.84,141.98,143.2,142.05,8.368945959322238,93.86371007569203,-6.426953221611064
2020-09-16,IWM,0.010970464135021113,1,1643,TRAIN,True,143.75,143.61,141.58,143.74,-11.237519726287651,-152.92613347360899,-10.54260095070242
2020-09-17,IWM,-0.010932386324072289,-1,1645,TRAIN,False,142.05,142.59,142.84,142.41,-39.52063632973753,-57.62554432141557,-14.141607967413153
2020-09-21,IWM,-0.03635980026724796,-1,1645,TRAIN,False,137.02,137.27,137.89,137.02,-19.748398719597805,-65.5072805485171,-19.748398719597805
2020-09-23,IWM,-0.023577059376582186,-1,1645,TRAIN,False,135.02,134.16,134.12,135.09,62.203672596560644,64.66992425801823,67.35317102662997
2020-09-25,IWM,0.01804488852434559,1,1643,TRAIN,False,136.53,136.34,138.15,136.28,-15.414118150187106,116.63171191120875,2.9021899688500983
2020-09-28,IWM,0.025451078186885717,1,1643,TRAIN,False,139.81,139.79,139.53,139.97,-2.9301482983819818,-22.02297472849016,-14.35781977278439
2020-10-01,IWM,0.011909886640837973,1,1643,TRAIN,False,141.02,141.66,139.12,140.97,43.87697664781697,-136.70551821573042,47.43939311112592
2020-10-05,IWM,0.026552402360213348,1,1643,TRAIN,False,146.14,146.28,147.59,146.18,8.078568084071037,97.20028407724608,5.340005060925144
2020-10-07,IWM,0.023861766319253908,1,1643,TRAIN,False,149.31,149.0,150.59,149.17,-22.258908661407524,83.71073682264104,-12.89453410360447
2020-10-08,IWM,0.011543624161073818,1,1643,TRAIN,False,150.73,150.72,152.12,150.77,-2.16318844463855,90.19963126755214,-4.8156622289611475
2020-10-15,IWM,0.011533333333333265,1,1643,TRAIN,False,151.73,151.54,151.97,151.83,-14.020215325069996,13.814607466954103,-20.597294811783765
2020-10-22,IWM,0.017187921272580092,1,1643,TRAIN,False,150.92,150.94,151.87,151.0,-0.1748433690945672,60.934868612264786,-5.472763981878644
2020-10-26,IWM,-0.024710068529256723,-1,1645,TRAIN,False,148.01,148.57,148.46,148.14,-39.34110727470363,-32.40963242328073,-30.531100902719626
2020-10-28,IWM,-0.02484893747029667,-1,1645,TRAIN,False,143.63,142.74,142.25,143.3,60.47391622125067,94.0992240280898,37.58456794737203
2020-10-29,IWM,0.013310914950259052,1,1643,TRAIN,False,144.64,144.43,143.67,144.37,-16.016477721694724,-69.04944184785032,2.6555147352917117
2020-10-30,IWM,-0.020494357128020547,-1,1645,TRAIN,False,141.48,142.57,144.11,141.59,-78.55439912099995,-187.92938100708753,-70.72446067970155
2020-11-02,IWM,0.016132426176615075,1,1643,TRAIN,False,144.87,145.09,147.52,144.51,13.683901161896548,180.88623939428487,38.62976099456116
2020-11-03,IWM,0.02936108622234469,1,1643,TRAIN,False,149.36,149.2,146.89,149.51,-12.21061611032521,-167.3389838305964,-22.23113920298209
2020-11-05,IWM,0.029466916688990128,1,1643,TRAIN,True,153.71,153.59,154.23,153.39,-9.30558821028878,31.823374165087934,11.536854007409142
2020-11-09,IWM,0.05069275723947731,1,1643,TRAIN,False,160.02,158.01,159.46,159.58,-127.09030934176991,-36.98842714153617,-99.86835004931882
2020-11-10,IWM,0.01949243718751986,1,1643,TRAIN,False,161.09,160.73,161.38,160.64,-23.844254099639183,15.998958798016758,4.101899322020017
2020-11-12,IWM,-0.02121174421497883,-1,1645,TRAIN,False,157.35,158.26,159.52,157.54,-59.34168249999665,-139.93690439905262,-47.20968478719246
2020-11-13,IWM,0.020599014280298367,1,1643,TRAIN,False,161.52,161.5,164.34,162.02,-2.7379010489247295,172.556667067319,-33.58983938663249
2020-11-16,IWM,0.019380804953560343,1,1643,TRAIN,False,164.64,165.3,163.92,164.99,38.581601023573896,-45.72283296451575,17.286349430394107
2020-11-23,IWM,0.020877458396369068,1,1643,TRAIN,False,168.69,168.41,170.76,168.55,-18.09585476925581,120.68595736905085,-9.804744829581534
2020-11-24,IWM,0.019832551511192942,1,1643,TRAIN,False,171.75,171.5,170.87,171.39,-16.053707584118815,-53.226817056286094,4.917298106236991
2020-11-30,IWM,-0.015547662027601395,-1,1645,TRAIN,False,169.06,168.82,170.95,168.95,12.69812300051716,-113.81719030769776,6.1955884845652625
2020-12-03,IWM,0.01039098274040161,1,1643,TRAIN,False,172.1,171.26,172.28,170.98,-50.30136149662306,8.457143826582618,14.873878152013285
2020-12-04,IWM,0.022363657596636766,1,1643,TRAIN,False,175.09,175.27,175.27,175.34,8.779035283976924,8.278571309013131,-5.491494879255742
2020-12-08,IWM,0.010431511144045967,1,1643,TRAIN,False,177.26,177.64,178.8,177.37,19.934371224954976,84.86085837991959,13.720283268508632
2020-12-10,IWM,0.010721579305650025,1,1643,TRAIN,False,178.16,178.12,176.86,177.92,-3.744686151052531,-74.95332640063289,9.739471196767193
2020-12-15,IWM,0.020208274697438803,1,1643,TRAIN,False,181.23,181.98,182.26,181.33,39.877819865754155,54.822691874166324,34.34102075922553
2020-12-17,IWM,0.010271703114645378,1,1643,TRAIN,False,182.94,183.34,183.6,182.92,20.36196292910435,34.070387648017636,21.45756340613603
2020-12-22,IWM,0.010421237384817934,1,1643,TRAIN,False,184.23,184.4,185.48,184.24,7.72636192387017,65.83660148884998,7.1831722602808785
2020-12-29,IWM,-0.01862147136611441,-1,1645,TRAIN,False,181.82,181.7,182.19,181.77,5.100774074766474,-22.354066888373374,2.3514482162847816
2020-12-30,IWM,0.011117226197028126,1,1643,TRAIN,False,183.71,183.55,183.65,183.69,-10.207922651205088,-5.265163974049104,-9.120243182823426
2021-01-04,IWM,-0.01755150986591082,-1,1645,VAL,False,180.22,180.75,180.36,180.72,-30.91306245262237,-9.770037041436462,-3.1604256043131818
2021-01-05,IWM,0.016984785615490973,1,1643,VAL,False,183.82,183.65,186.33,184.26,-10.746640492081713,134.51951508146013,-34.60027925352471
2021-01-06,IWM,0.038170432888646834,1,1643,VAL,False,190.64,191.1,192.14,190.69,22.62577980557043,76.66679828030672,19.99779045641447
2021-01-07,IWM,0.01585557299843015,1,1643,VAL,False,194.13,194.43,195.52,194.41,13.951394228527159,69.58738525776664,-0.4712506476836594
2021-01-12,IWM,0.015836170432270674,1,1643,VAL,False,196.92,197.26,197.49,197.07,15.76345513935381,26.940176183480542,8.139948170910364
2021-01-14,IWM,0.02143732135565546,1,1643,VAL,False,200.13,199.89,196.91,200.35,-13.49025643081121,-162.863042132303,-24.456226700764905
2021-01-15,IWM,-0.013257291510330569,-1,1645,VAL,False,197.24,196.78,199.27,196.66,21.825190022550395,-104.94108628060094,-7.602967151186456
2021-01-19,IWM,0.013568452078463194,1,1643,VAL,False,199.46,199.42,200.22,199.31,-3.5049638523579807,36.095457936407044,4.018362902056714
2021-01-27,IWM,-0.022234491066051028,-1,1645,VAL,True,194.8,195.71,196.94,195.0,-48.221736958090304,-111.87843630358726,-37.91586850992907
2021-02-01,IWM,0.02563568153397257,1,1643,VAL,False,196.84,196.71,199.09,196.96,-8.103208171358622,112.28337641749096,-14.190878840630289
2021-02-02,IWM,0.015505058207513512,1,1643,VAL,False,199.76,199.37,199.61,199.59,-21.02034990733792,-9.507309180974065,-12.520793113332791
2021-02-04,IWM,0.019840079960019984,1,1643,VAL,False,204.07,204.22,206.37,203.91,5.84946650628227,110.68408521523563,13.700655337831169
2021-02-05,IWM,0.011605131720693392,1,1643,VAL,False,206.59,207.01,209.03,206.88,18.82722323633872,116.08491118553563,4.783043544060205
2021-02-08,IWM,0.021979614511376318,1,1643,VAL,False,211.56,212.28,212.15,211.94,32.52794402919343,25.882692502163522,14.540020000075634
2021-02-18,IWM,-0.011752340913433879,-1,1645,VAL,False,206.85,206.12,207.79,206.7,33.79641807545461,-47.45284777450374,26.5640497286291
2021-02-19,IWM,0.01824180089268383,1,1643,VAL,False,209.88,210.29,208.77,209.99,18.03219239730348,-54.876587812914835,12.784401830305779
2021-02-24,IWM,0.0225451385536353,1,1643,VAL,False,211.79,212.07,211.83,211.83,11.718810176681457,-0.11151441633666846,9.828290644946314
2021-02-25,IWM,-0.032630735134625305,-1,1645,VAL,False,205.12,204.17,205.04,204.58,44.82115040677174,1.9007360954517671,18.54391617673847
2021-03-01,IWM,0.03978753750061464,1,1643,VAL,False,211.44,211.26,210.9,211.22,-10.011626533146433,-27.533852744122644,0.39362600999677927
2021-03-02,IWM,-0.016377922938559025,-1,1645,VAL,False,207.8,207.06,207.8,207.73,34.116356775234685,-2.0002000200021945,30.758094343107206
2021-03-04,IWM,-0.03022460937499999,-1,1645,VAL,False,198.62,199.35,202.59,199.31,-38.25926344522454,-201.91934609833945,-3.507374971102732
2021-03-05,IWM,0.015099071983947927,1,1643,VAL,False,202.36,203.23,204.89,202.69,41.4863880285205,122.9999059789595,25.137823678779583
2021-03-09,IWM,0.027212216131558352,1,1643,VAL,False,209.88,208.55,210.72,208.97,-64.85989003538965,38.01506641788705,-21.595414272994386
2021-03-10,IWM,0.017070246943179105,1,1643,VAL,False,212.13,212.12,214.41,212.3,-1.9711883523369442,105.45996736770968,-9.977146421015235
2021-03-11,IWM,0.021167263812936116,1,1643,VAL,False,216.61,216.86,216.69,216.6,10.03989901550038,1.692735024544111,10.502043055160229
2021-03-16,IWM,-0.017079185313727194,-1,1645,VAL,False,215.25,215.24,213.87,215.32,-1.0355042472904266,62.12412181984722,2.215807685168865
2021-03-18,IWM,-0.022575443446210576,-1,1645,VAL,False,212.14,210.42,209.76,210.58,79.5905460254709,110.2123034024916,6.099052302419102
2021-03-23,IWM,-0.037978895332255964,-1,1645,VAL,False,202.37,202.89,205.37,202.4,-27.19951295421159,-150.27316834564314,-25.713267967113204
2021-03-24,IWM,-0.014342747301493404,-1,1645,VAL,False,199.97,198.13,195.84,198.74,90.52745550596396,204.57208995390698,29.197822670462592
2021-03-25,IWM,0.02155150658658462,1,1643,VAL,False,202.4,202.85,204.91,202.96,20.73001691925604,121.9872577959594,-6.91882427839282
2021-03-29,IWM,-0.019571746923747663,-1,1645,VAL,False,202.37,200.68,200.58,201.25,82.02277953742748,86.46933774762945,26.827080223548673
2021-03-30,IWM,0.018985449471795906,1,1643,VAL,False,204.49,204.1,205.1,204.21,-20.568826779114097,27.824544065227624,-6.885653925180788
2021-03-31,IWM,0.01812836844683987,1,1643,VAL,False,207.8,206.76,208.12,207.63,-51.540466742546755,13.396542925110023,-43.395024751244605
2021-04-07,IWM,-0.01653089419274927,-1,1645,VAL,False,206.45,206.52,207.6,206.32,-4.891310153056667,-57.71490203028553,-11.195283933203505
2021-04-14,IWM,0.01179028750906015,1,1643,VAL,False,209.39,208.99,210.64,209.01,-20.600093866155134,57.68547745254158,-2.4565985102836
2021-04-19,IWM,-0.014603053798220965,-1,1645,VAL,False,207.15,207.5,206.6,207.12,-18.398653768345717,24.555919265594113,-19.849754384477126
2021-04-20,IWM,-0.024530120481927726,-1,1645,VAL,False,202.42,203.25,203.09,203.28,-42.510154582301624,-35.106316678501635,-0.024131692982392663
2021-04-21,IWM,0.02164821648216485,1,1643,VAL,False,207.66,208.22,208.93,207.6,25.463263169974464,59.145631232889436,28.360795904995438
2021-04-23,IWM,0.02266589506172834,1,1643,VAL,False,212.05,211.27,212.43,211.71,-38.27811041107629,15.91691809361804,-22.279879612057524
2021-04-30,IWM,-0.013638920134983244,-1,1645,VAL,False,210.45,210.45,212.63,210.06,-1.500150015002575,-105.60847008910909,-20.069059176698502
2021-05-04,IWM,-0.015178740306411857,-1,1645,VAL,False,208.26,208.96,209.88,208.31,-35.11702365857645,-79.80314021030418,-32.70832579873694
2021-05-07,IWM,0.012097935669707065,1,1643,VAL,False,210.82,210.92,210.77,210.6,3.242821529439046,-4.371017219499044,13.692552871967434
2021-05-10,IWM,-0.020908401289588454,-1,1645,VAL,False,206.51,205.56,201.12,206.5,44.509365952816,259.0563157812071,44.02725986884308
2021-05-12,IWM,-0.032014054950954086,-1,1645,VAL,False,198.34,198.25,199.62,198.57,3.038193302036038,-66.5487543006593,14.61749136085883
2021-05-13,IWM,0.019974779319041656,1,1643,VAL,False,202.21,201.9,203.95,202.8,-16.828147559607395,84.03214868661894,-45.87189210073066
2021-05-14,IWM,0.02407132243684985,1,1643,VAL,False,206.78,206.83,205.67,206.37,0.9178161398483349,-55.66930491398182,20.786868350040734
2021-05-26,IWM,0.019635548625998835,1,1643,VAL,False,209.28,209.07,210.6,209.17,-11.53274867467463,61.06098105785702,-6.279933272628789
2021-05-27,IWM,0.012866504041708509,1,1643,VAL,False,211.77,211.14,212.5,211.44,-31.244644341346856,32.46466683548325,-15.686144211912975
2021-06-01,IWM,0.010986409054316531,1,1643,VAL,False,213.49,213.48,214.22,213.51,-1.9681857754549792,32.18700098232259,-2.904725685925415
2021-06-07,IWM,0.014613288224790967,1,1643,VAL,False,215.92,215.64,216.37,215.59,-14.465670883819616,18.83708442790495,0.8190191695604108
2021-06-08,IWM,0.01228900018549437,1,1643,VAL,False,218.29,217.94,218.55,218.34,-17.53116181349894,9.908578980392061,-19.81715357822053
2021-06-17,IWM,-0.010954326030449244,-1,1645,VAL,False,213.09,213.02,209.66,213.24,1.7853397334649588,158.99684670236311,8.81841138531326
2021-06-18,IWM,-0.023284198666791888,-1,1645,VAL,False,208.04,208.18,209.98,208.22,-8.230634638162092,-95.27014997212025,0.4211832190793997
2021-06-21,IWM,0.019454318378326365,1,1643,VAL,False,212.23,212.64,212.06,212.35,17.815916189091535,-10.008375782126166,12.15480053124968
2021-06-24,IWM,0.01264582361175912,1,1643,VAL,False,217.0,217.33,217.71,217.14,13.705242378988414,30.712550864729057,7.24895273206545
2021-07-06,IWM,-0.014990689013035376,-1,1645,VAL,False,211.59,211.68,211.38,211.7,-5.754297250228718,7.926639821219649,-0.5552751779677112
2021-07-09,IWM,0.020502454519202958,1,1643,VAL,False,212.05,212.17,211.4,211.8,4.158343892089345,-32.64681784592195,15.966840520858202
2021-07-13,IWM,-0.017235695785260168,-1,1645,VAL,False,208.69,208.34,209.66,208.81,15.273653485429598,-48.489922546329616,21.011727148481235
2021-07-14,IWM,-0.015119516175482411,-1,1645,VAL,False,205.19,205.13,204.15,204.88,1.4244077558479358,48.694669164757464,-13.704245278101888
2021-07-16,IWM,-0.012501838505662654,-1,1645,VAL,False,201.42,201.45,197.41,201.2,-2.9897985330272254,197.12610720907202,-13.927461334603972
2021-07-19,IWM,-0.01955820302804665,-1,1645,VAL,False,197.52,198.44,198.88,197.71,-48.084699113897614,-70.86775911289008,-38.42845465063417
2021-07-20,IWM,0.03416649868978029,1,1643,VAL,False,205.24,204.59,205.67,205.21,-33.16533967340007,18.947091843143884,-31.708271110417105
2021-07-21,IWM,0.015298890463854516,1,1643,VAL,False,207.72,208.12,207.57,207.95,17.753953470434915,-9.219615300168554,6.673965928727363
2021-07-22,IWM,-0.014799154334038115,-1,1645,VAL,False,205.03,204.81,206.07,204.49,9.231596719638752,-52.73463014252295,-17.15118453015956
2021-07-27,IWM,-0.01366477685710129,-1,1645,VAL,False,203.55,203.96,205.25,203.64,-21.645642825153192,-85.53446845544174,-17.21651245855549
2021-07-28,IWM,0.021670915865855987,1,1643,VAL,True,208.38,206.96,208.8,207.64,-69.63436490595967,18.151654457359374,-34.243926792061565
2021-08-04,IWM,-0.011691386057297531,-1,1645,VAL,False,204.57,204.42,205.34,204.76,5.833403401931952,-39.6476564115326,15.107146581036863
2021-08-05,IWM,0.01697485568926719,1,1643,VAL,False,207.89,208.09,209.7,207.94,8.119179423633303,85.0480635711497,5.712687363562276
2021-08-13,IWM,-0.010231890987329737,-1,1645,VAL,False,206.99,207.25,205.97,207.06,-14.063027637128275,47.2873994003581,-10.677610792084772
2021-08-17,IWM,-0.011640366257549125,-1,1645,VAL,False,202.94,202.81,202.53,202.46,4.9066451929490995,18.206856656888363,-18.79010878466165
2021-08-20,IWM,0.015908976488949286,1,1643,VAL,False,201.79,201.99,203.83,201.73,8.409957358991141,99.07518094020553,11.386731252023464
2021-08-23,IWM,0.01925837912767952,1,1643,VAL,False,205.89,205.83,206.49,205.92,-4.413590405492397,27.136146941915165,-5.869823856773336
2021-08-27,IWM,0.02984785347417384,1,1643,VAL,False,212.54,212.2,212.98,212.17,-17.494439508716297,18.6980455055086,-0.08610158449638307
2021-09-08,IWM,-0.011499670091431793,-1,1645,VAL,False,209.74,209.86,209.51,209.76,-7.222377620618222,8.967951243490239,-6.268218355018104
2021-09-14,IWM,-0.01646799751065153,-1,1645,VAL,False,205.46,206.23,206.21,206.0,-38.982653254131336,-38.51095710174548,-12.66687348346583
2021-09-15,IWM,0.010134316054890189,1,1643,VAL,False,208.32,208.09,208.31,208.46,-12.538900679822909,-2.4797347454176566,-19.24639638118138
2021-09-20,IWM,-0.03126948347801056,-1,1645,VAL,False,201.98,203.55,205.04,202.72,-79.24227911453592,-153.5306516095705,-42.44946495439027
2021-09-22,IWM,0.019326989110173637,1,1643,VAL,True,207.81,207.03,208.23,207.6,-39.02850656178853,18.206927683151076,-28.952379328541223
2021-09-23,IWM,0.018403129981162163,1,1643,VAL,False,210.84,210.7,209.65,210.86,-8.138960340354746,-58.42941602254066,-9.086684995544182
2021-09-27,IWM,0.0180751621518504,1,1643,VAL,False,213.49,212.87,211.9,213.38,-30.536667163298066,-76.46146247710608,-25.397286871742253
2021-09-28,IWM,-0.02029407619673976,-1,1645,VAL,False,208.56,208.03,208.95,208.43,23.916013580642836,-20.703595100591347,17.69382426895915
2021-10-01,IWM,0.018284380470725635,1,1643,VAL,False,209.4,208.96,208.82,209.47,-22.509114895577795,-29.69244622815697,-25.843360190643192
2021-10-04,IWM,-0.01004977029096475,-1,1645,VAL,False,206.86,207.06,207.71,207.13,-11.169975162457815,-43.099011631801005,1.8798770718564335
2021-10-07,IWM,0.0159175576950989,1,1643,VAL,False,209.96,209.88,210.0,209.6,-5.309528106057913,-0.09505622118256962,11.856924994523668
2021-10-14,IWM,0.01309563638101615,1,1643,VAL,False,211.97,212.33,214.31,211.8,15.48113811537256,108.37110373031177,23.52000399582406
2021-10-27,IWM,-0.015594359884209558,-1,1645,VAL,False,210.84,210.24,211.32,211.12,26.961717230343712,-24.77083223404801,40.18855845417686
2021-10-28,IWM,0.01717085235920845,1,1643,VAL,False,213.84,214.44,214.14,213.95,26.554303043320594,12.026575120264729,21.39926227054967
2021-11-01,IWM,0.024442578598749928,1,1643,VAL,False,219.61,219.94,220.33,219.96,13.524534345890407,30.779035843512816,-2.408969868607563
2021-11-03,IWM,0.019782214156079787,1,1643,VAL,True,224.77,224.34,225.12,224.69,-20.627647605840643,13.568559058138721,-17.074530919776556
2021-11-05,IWM,0.013690078037904094,1,1643,VAL,False,227.32,227.32,229.13,227.33,-1.4998500149985083,77.60771520947603,-1.939673186159455
2021-11-10,IWM,-0.014513211875248101,-1,1645,VAL,False,223.4,223.12,224.02,222.94,11.035302276869915,-29.758660736261167,-9.575282458721471
2021-11-17,IWM,-0.011929137363126533,-1,1645,VAL,False,221.97,221.72,222.72,221.9,9.76432283044316,-35.79530814278853,6.61282892597406
2021-11-30,IWM,-0.01795949560565542,-1,1645,VAL,False,205.6,205.09,209.79,206.5,23.309018645053776,-205.83473717021496,66.79096481076567
2021-12-01,IWM,-0.01623677409917603,-1,1645,VAL,False,201.7,200.48,201.52,202.99,58.99479387700674,6.925729756910997,122.1698109512419
2021-12-02,IWM,0.029678770949720757,1,1643,VAL,False,206.43,206.07,207.09,206.46,-18.936560057117987,29.96590327887615,-20.386874419213417
2021-12-03,IWM,-0.02169165817440675,-1,1645,VAL,False,201.6,201.84,203.56,200.8,-13.40669781263978,-99.2418686313078,-53.30074840153406
2021-12-06,IWM,0.021948077685295317,1,1643,VAL,False,206.27,205.89,208.82,206.32,-19.91954292717335,121.59985339518079,-22.338135515645767
2021-12-07,IWM,0.025110495895866804,1,1643,VAL,False,211.05,210.67,211.14,210.38,-19.502361538308985,2.2637395109083207,12.282662788002954
2021-12-09,IWM,-0.019282447786525873,-1,1645,VAL,False,208.02,207.3,208.88,208.16,33.117098845734965,-43.35064791932388,39.82042131960857
2021-12-15,IWM,0.014756127754394744,1,1643,VAL,True,204.93,205.16,206.92,204.87,9.721811208329656,95.08710964652309,12.653344906149595
2021-12-16,IWM,-0.016133749268863337,-1,1645,VAL,False,201.85,201.01,200.09,201.21,40.1211535570189,85.2107009066032,8.441204937550271
2021-12-17,IWM,0.011193472961544203,1,1643,VAL,False,203.27,202.86,199.98,203.28,-21.667041737800183,-163.82112465193762,-22.157908176124202
2021-12-20,IWM,-0.01247165532879819,-1,1645,VAL,False,200.32,200.01,201.97,199.68,13.977411119706117,-84.3848861723227,-18.029071536961784
2021-12-21,IWM,0.027048647567621605,1,1643,VAL,False,205.42,205.72,205.43,205.05,13.102185059461027,-1.5130898554575591,31.170206558958537
2022-01-03,IWM,0.01144219308700837,1,1643,VAL,False,212.14,212.46,213.1,211.68,13.582265795294033,43.244284980383924,35.342695889141375
2022-01-05,IWM,-0.030593004619590747,-1,1645,VAL,False,205.65,204.95,205.38,205.69,32.543371040240054,11.131528907815055,34.48171643942529
2022-01-10,IWM,-0.011878466597948204,-1,1645,VAL,False,201.28,203.03,203.18,201.79,-88.45675406173538,-96.41494753608949,-62.95939074060181
2022-01-11,IWM,0.011525390336403504,1,1643,VAL,False,205.37,205.07,206.04,204.92,-16.105440144986144,30.61772023119087,5.818981834005304
2022-01-18,IWM,-0.02454473475851152,-1,1645,VAL,False,197.13,195.97,196.89,196.24,57.35309491990056,10.176942211038108,12.260576852630257
2022-01-19,IWM,-0.011430320967495071,-1,1645,VAL,False,193.73,192.78,193.65,193.66,47.54452630004475,2.130084479050756,43.947129402601696
2022-01-21,IWM,-0.014633630936657942,-1,1645,VAL,False,186.53,185.74,182.99,187.5,40.858640091209175,187.81956467238462,92.38059805980335
2022-01-24,IWM,0.01620544847636476,1,1643,VAL,False,188.7,190.02,187.15,188.76,68.44196343481862,-84.12433796365788,65.2415686594094
2022-01-25,IWM,-0.01031470371539842,-1,1645,VAL,False,188.07,187.49,190.26,188.39,29.344057391859653,-118.46949569737663,46.28025305848089
2022-01-26,IWM,-0.010400554696250557,-1,1645,VAL,True,185.55,184.78,186.35,185.02,40.00432379535502,-45.123887220301874,11.473366556200386
2022-01-27,IWM,-0.022026193310964354,-1,1645,VAL,False,180.72,180.59,180.76,180.94,5.694377538682414,-4.214011485255941,17.846180550407105
2022-01-31,IWM,0.019445953286257537,1,1643,VAL,False,187.68,189.75,190.15,188.01,108.77772516865923,129.5808718360905,91.03453784189196
2022-02-02,IWM,-0.011160365058670072,-1,1645,VAL,False,189.6,189.85,187.49,189.74,-14.687782069346936,109.30897942114923,-7.298426690987466
2022-02-03,IWM,-0.016065314722148977,-1,1645,VAL,False,186.8,186.25,185.79,186.45,27.947521732901386,52.079137249915654,9.22819554682607
2022-02-04,IWM,0.010845637583892672,1,1643,VAL,False,188.27,187.05,187.1,187.87,-66.29068330220105,-64.13216435832393,-45.14050644224991
2022-02-07,IWM,0.011226944667201252,1,1643,VAL,False,189.13,187.98,188.08,188.41,-62.29546769851145,-57.50606666187861,-24.318994776389765
2022-02-08,IWM,0.015373975954888897,1,1643,VAL,False,190.88,191.18,192.89,191.26,14.214473355682287,103.280902002004,-5.6820104876462025
2022-02-09,IWM,0.016372005439899546,1,1643,VAL,False,194.3,194.81,191.32,194.22,24.744283163037206,-155.34020452818345,28.873515696521142
2022-02-10,IWM,-0.017504234895539227,-1,1645,VAL,False,191.39,191.83,192.02,191.18,-24.493305697153616,-34.92386440169836,-35.504622750172544
2022-02-11,IWM,-0.012094041599332854,-1,1645,VAL,False,189.51,189.88,190.12,189.22,-21.027114584183312,-34.19491334390176,-36.38541636639184
2022-02-15,IWM,0.02552584293415079,1,1643,VAL,False,194.05,194.3,193.58,193.9,11.381495192402634,-26.215518102918697,19.12624622014429
2022-02-17,IWM,-0.025012840267077435,-1,1645,VAL,False,189.83,189.71,189.55,190.01,4.822243800527241,12.752789791964721,14.290861221271284
2022-02-23,IWM,-0.013805748800086297,-1,1645,VAL,False,182.88,181.92,177.57,182.1,51.0011631084366,288.4122073624701,8.386011583034655
2022-02-24,IWM,0.018634564643799555,1,1643,VAL,False,185.3,186.63,187.35,186.39,70.26488392714877,108.6094844374166,11.374446009447015
2022-02-25,IWM,0.02111128971762309,1,1643,VAL,False,190.57,190.94,189.03,190.49,17.912675857355396,-82.79384057186401,22.119894157888293
2022-03-01,IWM,-0.020708361587814923,-1,1645,VAL,False,187.75,188.1,189.37,187.33,-20.144757485070194,-88.30241213202564,-42.61025045546216
2022-03-02,IWM,0.025837320574162752,1,1643,VAL,False,192.96,192.58,193.38,192.96,-21.190096993616464,19.76201633567912,-21.190096993616464
2022-03-03,IWM,-0.014591338664451147,-1,1645,VAL,False,189.75,190.3,188.3,189.44,-30.49000552229372,74.43142206183562,-46.90391969940448
2022-03-04,IWM,-0.01839201261166579,-1,1645,VAL,False,186.8,187.32,187.85,186.58,-29.341585122109603,-58.22129322139817,-41.167371105209824
2022-03-07,IWM,-0.019378603459320926,-1,1645,VAL,False,183.71,182.66,183.25,183.79,55.66372325001209,23.044272746908987,59.992287927849624
2022-03-08,IWM,0.012153728238256865,1,1643,VAL,False,184.87,183.67,186.9,184.34,-66.4005920498455,107.78513212669729,-37.840281285965304
2022-03-09,IWM,0.03032612838242512,1,1643,VAL,False,189.25,188.85,186.14,189.25,-22.632743330687138,-166.29982972640622,-22.632743330687138
2022-03-11,IWM,-0.014163704843244324,-1,1645,VAL,False,185.85,185.5,185.98,185.83,17.335066840015283,-8.99648748840417,16.26068004206518
2022-03-14,IWM,-0.021994609164420552,-1,1645,VAL,False,181.39,181.71,182.42,181.59,-19.144342351983614,-58.795283574885886,-8.109434766375902
2022-03-15,IWM,0.013593087887292932,1,1643,VAL,False,184.18,184.6,186.26,184.39,21.300508672120532,110.91061596413795,9.887345773801867
2022-03-16,IWM,0.022535211267605618,1,1643,VAL,True,188.75,190.41,189.31,189.01,86.43397911864338,27.663140970670334,72.5591955909429
2022-03-17,IWM,0.01281445302242528,1,1643,VAL,False,192.84,193.4,192.55,193.22,27.53541281424665,-17.035166427351143,7.814558571056191
2022-03-21,IWM,-0.012484650020466628,-1,1645,VAL,False,192.99,193.71,194.53,192.77,-38.81337923936991,-81.81304165962376,-50.27023945326542
2022-03-23,IWM,-0.014209046767186307,-1,1645,VAL,False,192.87,192.26,193.09,192.82,30.13211571584867,-13.409128541826181,27.546837247772505
2022-03-29,IWM,0.027722162328661665,1,1643,VAL,False,200.2,200.0,199.69,200.09,-11.488361653343544,-27.46923109886725,-5.99715129691398
2022-03-30,IWM,-0.02174999999999997,-1,1645,VAL,False,195.65,196.15,195.69,195.74,-27.059823283632845,-4.045076115072895,-22.449445312367374
2022-04-05,IWM,-0.022196202209438545,-1,1645,VAL,False,192.06,191.78,190.15,191.98,13.080814485695699,97.46778072579744,8.919164653206964
2022-04-06,IWM,-0.015121493377828792,-1,1645,VAL,False,188.89,189.06,189.06,189.22,-10.501447201209354,-11.00194724856595,6.95688425200122
2022-04-13,IWM,0.020507864927256095,1,1643,VAL,False,190.09,189.81,190.0,190.16,-16.227505557088595,-6.733452595085592,-19.902642676413162
2022-04-19,IWM,0.021853240492769217,1,1643,VAL,False,190.78,190.43,191.83,190.54,-19.842836976392885,53.026409278560855,-7.272050164564825
2022-04-21,IWM,-0.021344493852995094,-1,1645,VAL,False,187.07,186.87,186.0,186.65,9.192638941017854,55.20908107275125,-13.28868488241944
2022-04-22,IWM,-0.022207952052228853,-1,1645,VAL,False,182.72,182.04,180.44,182.7,35.72084441368819,122.80584450739305,34.63006399161989
2022-04-26,IWM,-0.02954024243747951,-1,1645,VAL,False,177.72,177.37,177.3,177.71,18.196704883181372,21.637207610023854,17.63501430329784
2022-04-28,IWM,0.021457283587159554,1,1643,VAL,False,180.41,179.93,179.12,179.9,-28.101923469866612,-73.4892975975945,0.1674929783291077
2022-04-29,IWM,-0.026954926916022866,-1,1645,VAL,False,175.07,174.73,174.69,175.16,17.923566504133277,19.70974500774434,23.05251648708946
2022-05-03,IWM,0.010817239621679768,1,1643,VAL,False,178.47,178.08,178.61,177.77,-23.348984651037703,5.843086896555773,15.935797431113944
2022-05-04,IWM,0.02375336927223714,1,1643,VAL,True,182.33,182.83,180.95,182.77,25.91884178005675,-77.67160540568666,1.7824720783374988
2022-05-05,IWM,-0.052070229174643164,-1,1645,VAL,False,173.3,175.41,174.74,174.16,-123.2725984658476,-85.10972274376759,-73.28399927728319
2022-05-06,IWM,-0.02365885639359219,-1,1645,VAL,False,171.26,172.49,169.92,171.95,-73.33154779918219,76.25905647904656,-32.90933920376812
2022-05-09,IWM,-0.03872688271783875,-1,1645,VAL,False,165.79,165.24,167.76,165.24,31.679324516078207,-120.84898700377302,-1.5001500150035816
2022-05-11,IWM,-0.018270917780869877,-1,1645,VAL,False,162.31,161.18,160.45,161.58,68.13015723357732,112.61824845536847,23.259102739090135
2022-05-13,IWM,0.0353835776047097,1,1643,VAL,False,168.85,168.23,167.7,168.47,-38.213324062915035,-70.09396780191783,-15.743573146691235
2022-05-17,IWM,0.029684047064444833,1,1643,VAL,False,172.4,172.55,170.5,172.43,7.199541066776744,-112.18657716594956,5.45845200900128
2022-05-18,IWM,-0.04016227180527387,-1,1645,VAL,False,165.62,166.5,165.23,166.3,-54.6418003713185,21.5523907178796,-13.528412372205002
2022-05-20,IWM,-0.013790622376783855,-1,1645,VAL,False,164.49,166.35,168.05,165.87,-114.59389601188724,-218.4700201432388,-30.442816392327163
2022-05-23,IWM,0.01039975954313206,1,1643,VAL,False,168.08,168.37,166.82,167.8,15.7512509101297,-76.94911137158653,32.464065869931304
2022-05-24,IWM,-0.018768189107323138,-1,1645,VAL,False,165.21,165.87,165.22,165.85,-41.45529860776259,-2.6056113268255277,-2.7062398733096122
2022-05-25,IWM,0.021342014830891612,1,1643,VAL,False,169.43,168.86,169.92,169.26,-35.13701631076287,26.914914599550805,-25.12858722398995
2022-05-26,IWM,0.023273717872793902,1,1643,VAL,False,172.78,172.63,173.61,173.19,-10.180108276938093,46.02856070452765,-33.82943072977162
2022-05-27,IWM,0.024561200254880435,1,1643,VAL,False,176.87,177.28,176.59,177.05,21.67754050625429,-17.827470376725838,11.488882176453057
2022-05-31,IWM,-0.011902075812274445,-1,1645,VAL,False,175.19,175.07,175.98,174.96,5.350583577108779,-47.10311775512145,-7.788244530899765
2022-06-02,IWM,0.020565257352941083,1,1643,VAL,False,177.67,178.29,176.94,177.86,33.391071879473245,-43.078992601667835,22.672842352556284
2022-06-07,IWM,0.012958476533889136,1,1643,VAL,False,179.8,180.36,179.47,179.93,29.64119605837027,-20.349856004388393,22.394748242622487
2022-06-08,IWM,-0.014859170547793338,-1,1645,VAL,False,177.69,177.57,176.71,177.79,5.254197545367054,53.16306294369633,10.875855570258075
2022-06-09,IWM,-0.016106324266486373,-1,1645,VAL,False,174.71,173.89,170.99,174.3,45.44181165297588,210.96666360586013,22.026040814065126
2022-06-10,IWM,-0.02357812410144341,-1,1645,VAL,False,169.79,169.17,164.47,169.69,35.02102374675862,311.390700881738,29.148562802535416
2022-06-13,IWM,-0.04888573624165031,-1,1645,VAL,False,160.89,161.22,161.67,160.69,-22.014135032748264,-50.49022522986905,-34.48785976363614
2022-06-15,IWM,0.022810844499844347,1,1643,VAL,True,164.11,162.79,158.99,163.29,-81.92164148401595,-313.92327222703966,-32.11562608819548
2022-06-16,IWM,-0.045887339517169355,-1,1645,VAL,False,155.33,155.25,155.8,154.73,3.650947725300763,-32.26441230358816,-35.11211975589135
2022-06-17,IWM,0.01275362318840573,1,1643,VAL,False,157.22,156.47,159.12,156.57,-49.19654962375608,118.82579710480859,-7.885811661536755
2022-06-21,IWM,0.02166549498306394,1,1643,VAL,False,159.85,159.27,157.21,159.68,-37.77842422201151,-167.12160501184616,-27.17235165260851
2022-06-24,IWM,0.027102629452352738,1,1643,VAL,False,165.23,165.85,166.4,165.31,36.01797418757112,68.79642484217439,31.161151019372415
2022-06-28,IWM,-0.014897579143389138,-1,1645,VAL,False,163.98,163.34,163.45,163.63,37.53485483930528,30.32727958733125,16.225420134141594
2022-06-29,IWM,-0.010958736378106968,-1,1645,VAL,False,161.55,161.69,159.33,161.21,-10.167497715417339,135.44604228296623,-31.27944455012537
2022-07-01,IWM,0.010970516736271214,1,1643,VAL,False,162.18,162.37,159.78,162.45,10.213770829107355,-149.95392802562168,-6.423703582241145
2022-07-07,IWM,0.02449230769230763,1,1643,VAL,False,166.47,166.35,165.8,166.13,-8.707274884334392,-42.23924336706705,11.740805092426907
2022-07-11,IWM,-0.018036433595863644,-1,1645,VAL,False,163.32,162.98,162.49,162.79,19.32099896249696,48.83044023236458,-13.173379503930986
2022-07-15,IWM,0.0191756941850329,1,1643,VAL,False,163.7,163.96,165.89,163.8,14.380480094936836,131.7547536633015,8.266694698051896
2022-07-19,IWM,0.03455657492354743,1,1643,VAL,False,169.14,169.26,169.23,169.32,5.593800321990551,3.3201717075558848,-5.042904639373379
2022-07-20,IWM,0.016365355075032555,1,1643,VAL,False,172.01,171.92,170.93,171.96,-6.731319194109007,-64.77429113085277,-3.8256234855704974
2022-07-22,IWM,-0.018865740740740853,-1,1645,VAL,False,169.56,170.04,170.55,169.31,-29.81296006458421,-60.39829035982164,-44.62279551444664
2022-07-27,IWM,0.02625537175487142,1,1643,VAL,True,174.34,173.74,174.6,174.28,-35.910198127830434,12.910605234072353,-32.47982523299176
2022-07-28,IWM,0.01352595832853686,1,1643,VAL,False,176.09,176.08,176.23,175.95,-2.06765625896277,5.949089911271641,5.887504457853507
2022-08-03,IWM,0.015524443942644238,1,1643,VAL,False,179.9,179.74,179.83,180.03,-10.392345979408987,-5.890072471350834,-17.605860366025592
2022-08-09,IWM,-0.016315357240624245,-1,1645,VAL,False,179.66,180.16,183.42,179.57,-29.334671193938057,-211.32626454229427,-34.3613466987965
2022-08-10,IWM,0.028530195381882853,1,1643,VAL,False,185.29,185.3,187.01,185.58,-0.9602364281884063,90.80909600226794,-16.585419806978503
2022-08-12,IWM,0.02037743964729282,1,1643,VAL,False,189.79,189.79,188.31,189.74,-1.4998500149986291,-79.96513168115179,1.1349397367629261
2022-08-17,IWM,-0.015441987499343442,-1,1645,VAL,False,187.46,187.19,187.44,187.54,12.905083317464403,-0.9330923490290408,17.16533496156359
2022-08-19,IWM,-0.022130234039165822,-1,1645,VAL,False,184.26,184.38,181.86,184.48,-8.013663626214992,128.27658539217575,3.9213049665741617
2022-08-22,IWM,-0.02234515674151212,-1,1645,VAL,False,180.26,180.58,180.87,180.01,-19.254948905521868,-35.84697757471375,-33.169807731289566
2022-08-25,IWM,0.011522001536266997,1,1643,VAL,False,184.37,185.09,185.04,184.78,37.54619927712689,34.33290125453878,15.274341166382195
2022-08-26,IWM,-0.031930412231887174,-1,1645,VAL,False,179.17,179.01,177.09,178.88,7.431256046292216,114.11388390052805,-8.768682100769364
2022-08-30,IWM,-0.01623815967523694,-1,1645,VAL,False,174.48,174.88,175.18,174.82,-24.42885278899363,-42.12743603567225,-4.932766471934379
2022-09-01,IWM,-0.017201702911057305,-1,1645,VAL,False,170.84,171.93,173.92,170.98,-65.31210952984931,-182.3219081449234,-57.070539198032066
2022-09-06,IWM,-0.011489536315141614,-1,1645,VAL,False,168.61,168.9,168.58,169.08,-18.702184553312158,-0.22059023410137657,9.147295141152563
2022-09-07,IWM,0.021373593842510273,1,1643,VAL,False,172.5,172.58,171.16,172.51,3.1371355618083188,-79.66542476187051,2.5572771689296343
2022-09-09,IWM,0.020285024709803475,1,1643,VAL,False,177.54,177.52,178.65,177.65,-2.6261877586019065,60.50881900657612,-8.816512100547849
2022-09-12,IWM,0.010196034249662022,1,1643,VAL,False,179.33,179.67,175.11,179.42,17.456766563346804,-237.2730997685924,12.431846771849159
2022-09-13,IWM,-0.03979518005231802,-1,1645,VAL,False,172.53,172.64,172.94,172.21,-7.876809242391915,-25.768936367351454,-26.47340978218317
2022-09-15,IWM,-0.010732213951878216,-1,1645,VAL,False,171.45,172.05,169.64,171.81,-36.5010254306297,103.5910531852253,-15.471164717311389
2022-09-16,IWM,-0.021156640511479304,-1,1645,VAL,False,168.4,169.55,167.67,169.19,-69.80018073066415,41.35763932687977,-22.781195313221343
2022-09-20,IWM,-0.014327485380116892,-1,1645,VAL,False,168.54,168.67,169.91,169.02,-9.214609606208883,-83.30280043549566,19.21056500396291
2022-09-22,IWM,-0.01968812089830821,-1,1645,VAL,False,162.82,162.35,160.09,163.02,27.370413002483357,165.7031567301186,39.60526711485982
2022-09-23,IWM,-0.025870033877425248,-1,1645,VAL,False,158.16,158.48,157.55,158.62,-21.73586099125826,36.57605264825926,7.327299367183823
2022-09-26,IWM,-0.011168601716304783,-1,1645,VAL,False,156.69,156.32,158.35,156.71,22.11689673658044,-107.963058734874,23.390316825058655
2022-09-28,IWM,0.035894166401020056,1,1643,VAL,False,162.49,161.81,159.75,162.57,-43.34230248585722,-170.59183982518692,-48.24193105078959
2022-09-29,IWM,-0.02781039490760769,-1,1645,VAL,False,157.31,158.18,157.85,157.84,-56.813258720825026,-36.334190917024074,-23.044182269216027
2022-10-03,IWM,0.03158632108514302,1,1643,VAL,False,162.0,161.19,164.35,161.51,-51.492350764923614,143.0329189303289,-21.309893033977055
2022-10-04,IWM,0.03244618152490843,1,1643,VAL,False,166.42,167.58,165.11,166.67,68.1928562341485,-80.70055871470736,53.09086898954254
2022-10-07,IWM,-0.032343872800918896,-1,1645,VAL,False,160.07,160.54,161.19,160.47,-30.866708836188025,-71.9835836897871,-5.862990486747696
2022-10-13,IWM,0.025241743061660243,1,1643,VAL,False,163.28,163.2,164.48,163.06,-6.398674194315225,71.47888836790038,7.084658883553366
2022-10-14,IWM,-0.023345588235294132,-1,1645,VAL,False,159.38,158.83,162.08,159.33,33.01374810589115,-171.44053469219608,29.885967320135943
2022-10-17,IWM,0.02927658502801723,1,1643,VAL,False,163.47,163.89,167.45,163.83,24.189084119665935,241.4212607001371,2.161933596055122
2022-10-19,IWM,-0.02140617462614575,-1,1645,VAL,False,162.31,163.02,163.22,162.42,-45.25016607384595,-58.07696782246789,-38.4469551498959
2022-10-20,IWM,-0.014722119985277914,-1,1645,VAL,False,160.62,160.94,161.29,160.8,-21.425937887027597,-43.7219042536802,-10.207923777451082
2022-10-21,IWM,0.02373555362246796,1,1643,VAL,False,164.77,164.44,165.03,164.81,-21.524763831197795,13.776615905198446,-23.946576885299923
2022-10-25,IWM,0.029550684267894055,1,1643,VAL,False,170.02,169.65,170.58,169.96,-23.25873164947831,30.930914672326427,-19.736700135587377
2022-10-28,IWM,0.02134646962233161,1,1643,VAL,False,174.18,174.4,173.55,174.43,11.128867593203692,-38.162046695778045,-3.219479691656929
2022-11-02,IWM,-0.03129290617848969,-1,1645,VAL,True,169.31,169.0,166.9,169.93,16.812206292981326,140.37072007950815,53.236477652356015
2022-11-09,IWM,-0.02620342750190086,-1,1645,VAL,False,166.5,166.27,173.15,166.24,12.315736078110946,-401.4794872880682,-3.3050405618053693
2022-11-10,IWM,0.05990256811210669,1,1643,VAL,False,176.23,176.51,176.87,176.23,14.386094727644332,34.3091151930051,14.386094727644332
2022-11-15,IWM,0.015854975279877205,1,1643,VAL,False,178.76,178.58,177.67,178.98,-11.567706509723516,-62.96321587353441,-23.84536381538819
2022-11-16,IWM,-0.019207078060253145,-1,1645,VAL,False,175.15,175.43,172.93,175.42,-17.488845658760976,124.7736535000917,-2.0702959590243646
2022-11-17,IWM,-0.014079689904805329,-1,1645,VAL,False,172.96,173.81,175.76,173.11,-50.65183322217573,-163.91972222198868,-41.942932667712135
2022-11-28,IWM,-0.02297679683078666,-1,1645,VAL,False,172.65,173.14,173.25,173.05,-29.88552547696227,-36.75954041972415,-6.701739229109049
2022-11-30,IWM,0.020387007601935157,1,1643,VAL,False,177.17,178.41,179.15,177.21,68.47892848012803,109.73492028231425,66.20626239390656
2022-12-05,IWM,-0.031052778553476695,-1,1645,VAL,False,173.5,174.12,174.13,173.76,-37.2403810986295,-38.318702187221234,-22.22149010481251
2022-12-06,IWM,-0.01952676315184933,-1,1645,VAL,False,170.73,171.45,171.15,171.25,-43.67832671511884,-26.605366563717595,-13.180734131807075
2022-12-12,IWM,0.012994649262068607,1,1643,VAL,False,172.27,172.07,177.66,172.05,-13.107791211939391,310.8185727546709,-0.3375715901237862
2022-12-14,IWM,-0.010662824207492762,-1,1645,VAL,True,171.65,172.36,170.29,172.2,-42.86959427081806,77.24664106375683,-10.793065369257402
2022-12-15,IWM,-0.02303318635414265,-1,1645,VAL,False,168.41,168.05,166.25,167.8,19.87945959253422,126.28387118742707,-16.40107395721861
2022-12-19,IWM,-0.014269440613945654,-1,1645,VAL,False,164.42,164.54,164.21,164.37,-8.799627073765746,10.774523505139669,-11.844221472703262
2022-12-21,IWM,0.015113959252765855,1,1643,VAL,False,167.92,168.26,166.75,167.95,18.744850145762207,-71.66190241385516,16.95525594805867
2022-12-22,IWM,-0.014441935100439668,-1,1645,VAL,False,165.83,166.06,165.94,165.56,-15.371856187005605,-8.634825974304608,-31.70521207714034
2022-12-28,IWM,-0.014364174059991523,-1,1645,VAL,False,163.31,163.12,164.26,163.12,10.135910413034802,-60.18341102985397,-1.5001500150022993
2022-12-29,IWM,0.023602256007846947,1,1643,VAL,False,166.97,167.25,165.81,167.18,15.267114361810725,-71.45946482191886,2.6866257027839375
2023-01-04,IWM,0.011937778849632158,1,1643,VAL,False,167.84,167.93,167.0,167.19,3.8615954896406626,-52.0374559302882,42.75453189174838
2023-01-05,IWM,-0.011433335318287476,-1,1645,VAL,False,166.01,166.13,167.68,166.31,-8.729714607507761,-102.61667091954719,9.324635187348562
2023-01-06,IWM,0.022933846987299118,1,1643,VAL,False,169.93,169.86,171.23,170.05,-5.618575434280591,74.4869901875816,-12.671358562467576
2023-01-10,IWM,0.011813106082868004,1,1643,VAL,False,172.16,172.67,173.38,172.2,28.119312836374263,68.85034080235177,25.78990068472758
2023-01-12,IWM,0.014872440224230605,1,1643,VAL,False,177.42,177.75,176.48,177.43,17.097292638001907,-54.970830275782276,16.53272648274886
2023-01-18,IWM,-0.013654168998321196,-1,1645,VAL,False,176.26,175.81,174.79,175.83,24.034146294463202,81.41600498413528,-0.36251705703036713
2023-01-20,IWM,0.014644231321426586,1,1643,VAL,False,176.68,177.0,177.37,176.58,16.60927409636281,37.04604635755581,22.28183569682337
2023-01-30,IWM,-0.013455387669570959,-1,1645,VAL,False,178.9,178.82,179.28,179.27,2.9722927575036384,-23.24536534145318,23.60541738337439
2023-01-31,IWM,0.019908287663572322,1,1643,VAL,False,182.38,183.16,182.88,182.58,41.261582801036674,25.410004234800738,30.262282129766863
2023-02-01,IWM,0.019381961126883663,1,1643,VAL,True,186.68,186.04,187.49,187.23,-35.77797352041081,41.38128077057441,-65.0485077006364
2023-02-02,IWM,0.014835519243173615,1,1643,VAL,False,188.8,189.7,187.59,188.77,46.16249180166566,-66.07596655588638,47.75906368678504
2023-02-06,IWM,-0.01740699463991934,-1,1645,VAL,False,185.14,185.7,185.01,185.45,-31.752067936620726,5.022917761150576,-14.98289489234685
2023-02-08,IWM,-0.014165063074620513,-1,1645,VAL,False,184.43,184.35,185.79,184.67,2.838189799569688,-75.7556642721673,15.830656548082969
2023-02-09,IWM,-0.014808787632221264,-1,1645,VAL,False,181.62,181.68,181.05,181.73,-4.804246529708674,29.390286237081597,1.2515971236128112
2023-02-21,IWM,-0.027281584930172242,-1,1645,VAL,False,179.7,179.29,179.67,179.63,21.319076815861138,-0.330417014989688,17.43048546350909
2023-02-24,IWM,-0.010715272024302665,-1,1645,VAL,False,179.12,179.36,180.91,178.85,-14.90099880912693,-101.9531944261859,-30.019943565507585
2023-03-03,IWM,0.01455773275766631,1,1643,VAL,False,183.29,183.18,183.24,183.16,-7.500368409336737,-4.727171998823039,-0.4080723179046724
2023-03-06,IWM,-0.018670160497871034,-1,1645,VAL,False,179.76,180.5,180.45,180.35,-42.672324642345295,-40.39239037388401,-9.818558789619553
2023-03-07,IWM,-0.01135734072022167,-1,1645,VAL,False,178.45,178.41,178.67,178.72,0.7417104837399744,-14.331049243898242,15.848020567498489
2023-03-09,IWM,-0.025211496442377725,-1,1645,VAL,False,174.0,173.53,172.55,173.92,25.51539636722193,81.34980164682985,20.927316972726384
2023-03-10,IWM,-0.0322134501238979,-1,1645,VAL,False,167.94,168.52,165.02,167.77,-36.041474815579164,171.90619859889887,-46.21091542306789
2023-03-13,IWM,-0.014775694279610781,-1,1645,VAL,False,166.03,165.78,170.84,166.4,13.559628564192169,-291.7648266663694,35.76505487087111
2023-03-14,IWM,0.011219688744118623,1,1643,VAL,False,167.64,168.85,164.46,168.16,70.6678019862063,-191.65406294016123,39.526345890624484
2023-03-15,IWM,-0.01841871483565286,-1,1645,VAL,False,165.74,166.07,164.02,165.43,-21.413840430741903,101.79755757644111,-40.19301162419824
2023-03-16,IWM,0.015776479797675706,1,1643,VAL,False,168.69,168.33,166.48,168.7,-22.83757041332921,-132.98314486531058,-23.42898490233949
2023-03-17,IWM,-0.02512921047941554,-1,1645,VAL,False,164.1,163.79,165.53,164.18,17.393604077042696,-89.1596167538754,22.257829388738173
2023-03-20,IWM,0.014347640271078786,1,1643,VAL,False,166.13,165.91,168.88,165.91,-14.740505122425107,163.50011299959507,-1.499850014998984
2023-03-21,IWM,0.019347839189922295,1,1643,VAL,False,169.12,168.97,168.85,169.57,-10.367961548214991,-17.96160260984326,-36.878160388240886
2023-03-22,IWM,-0.010001775463099945,-1,1645,VAL,True,167.27,164.18,165.4,165.9,183.25883523965348,109.81746228667282,102.19231688087247
2023-03-24,IWM,0.01058427653716744,1,1643,VAL,False,165.17,164.93,166.9,164.76,-16.02815440439286,102.71982428202745,8.816640792827231
2023-03-27,IWM,0.015703631843812547,1,1643,VAL,False,167.52,166.76,166.19,167.21,-46.86076282534265,-81.37742815976286,-28.408079591539433
2023-03-31,IWM,0.016172186217967767,1,1643,VAL,False,170.91,171.28,171.81,170.61,20.145724003458536,50.64896353966608,37.76511159621958
2023-04-04,IWM,-0.022526991537788067,-1,1645,VAL,False,167.5,168.35,167.29,167.58,-52.254031373286786,10.53962112629222,-47.455246777810565
2023-04-05,IWM,-0.011820611820611707,-1,1645,VAL,False,166.37,166.7,166.78,166.73,-21.338432454774217,-26.648995367769277,0.29943616925041805
2023-04-10,IWM,0.010002994908655381,1,1643,VAL,False,168.61,168.73,169.52,168.71,5.61609813753116,51.96010853810457,-0.31456163256976993
2023-04-11,IWM,0.012208854382741673,1,1643,VAL,False,170.8,170.07,171.68,170.47,-44.23348648741684,49.5121448042552,-24.960869901159455
2023-04-13,IWM,0.013860916952967678,1,1643,VAL,False,171.17,171.06,171.21,171.08,-7.92524591672259,0.33659074940976347,-2.6687183982106775
2023-04-14,IWM,-0.01215947620717884,-1,1645,VAL,False,168.99,169.46,169.9,169.25,-29.31661886231248,-55.86031116277995,-13.909692298624458
2023-04-17,IWM,0.012569337896848786,1,1643,VAL,False,171.59,171.64,172.42,171.41,1.4136356630669875,46.36164392185885,11.916257764573608
2023-04-25,IWM,-0.022540502465367474,-1,1645,VAL,False,166.52,166.15,165.35,166.26,20.722736458127066,68.27568416221983,5.11698589562756
2023-04-27,IWM,0.01294439380127618,1,1643,VAL,False,166.68,166.75,166.37,166.62,2.6991841252623567,-20.594592808538625,6.301164386021396
2023-05-02,IWM,-0.020320855614973356,-1,1645,VAL,False,164.87,164.84,165.34,164.97,0.3197384092121193,-30.513210840706694,6.38125278248771
2023-05-04,IWM,-0.010939860985191915,-1,1645,VAL,False,163.64,163.6,166.37,163.43,0.9446068048488997,-168.86319529044275,-11.903717447557261
2023-05-05,IWM,0.02512224938875314,1,1643,VAL,False,167.71,167.48,168.26,167.7,-15.211942522880097,30.788346840586847,-14.616546693572174
2023-05-15,IWM,0.012302496683150529,1,1643,VAL,False,167.86,167.85,166.68,167.78,-2.0954952044412303,-72.28241789189441,2.67165439851414
2023-05-16,IWM,-0.011200476616026188,-1,1645,VAL,False,165.98,165.4,166.51,165.83,33.44906125749255,-33.93814498933836,24.433909350049728
2023-05-17,IWM,0.02194679564691654,1,1643,VAL,False,169.03,169.09,168.55,169.09,2.0492833281907634,-30.39144704117811,-1.499850014998348
2023-05-22,IWM,0.012834161343742533,1,1643,VAL,False,171.25,171.14,170.81,171.1,-7.922244271923333,-27.688092504617046,0.8376134917188287
2023-05-26,IWM,0.01016624805645251,1,1643,VAL,False,168.92,169.12,169.65,169.11,10.338298398436107,41.20728111891836,-0.9086076195170197
2023-05-31,IWM,-0.011929491364472782,-1,1645,VAL,False,166.49,166.83,166.92,166.88,-21.9248605141632,-27.83274303164508,1.4964643635963832
2023-06-01,IWM,0.011688545225678765,1,1643,VAL,False,168.78,168.64,170.9,168.6,-9.793427577493771,123.58238047507119,0.8722733895047401
2023-06-02,IWM,0.03385910815939284,1,1643,VAL,False,174.34,174.75,174.02,174.52,22.013887862102443,-20.351068025009237,11.677178603478353
2023-06-05,IWM,-0.014020028612303226,-1,1645,VAL,False,172.31,172.41,171.79,172.53,-7.304514329328018,28.184003473761685,5.456205505787196
2023-06-06,IWM,0.027202598457166046,1,1643,VAL,False,177.1,176.95,178.07,177.23,-9.968370751857693,52.76056245307147,-17.296160131771757
2023-06-07,IWM,0.020005651313930606,1,1643,VAL,False,180.5,180.26,179.79,180.27,-14.794254646557913,-41.32711382601313,-2.054490285149043
2023-06-13,IWM,0.0132491055456172,1,1643,VAL,False,181.25,180.93,181.3,181.18,-19.152374417730737,0.7582690006877127,-15.29621295514768
2023-06-14,IWM,-0.010501298844857157,-1,1645,VAL,True,179.03,178.98,178.18,178.96,1.2930969687479807,45.487372844975894,-2.6178858386519757
2023-06-16,IWM,-0.010806317539484559,-1,1645,VAL,False,178.5,179.01,178.26,178.62,-30.07586472933157,11.447867475823994,-23.33748658708779
2023-06-23,IWM,-0.016090651558073675,-1,1645,VAL,False,173.66,173.84,173.71,173.69,-11.866786125810634,-4.879965135752219,-10.137521323093948
2023-06-27,IWM,0.01626343313602674,1,1643,VAL,False,176.84,176.53,176.17,176.94,-19.027191377220728,-39.87957910836489,-24.66807122836944
2023-06-29,IWM,0.01245842493939911,1,1643,VAL,False,179.59,179.43,181.24,179.53,-10.407695797043624,89.85776626970161,-7.069114288370708
2023-07-06,IWM,-0.01694062395169407,-1,1645,VAL,False,175.84,175.97,176.16,175.61,-8.894343710986576,-20.202202203841654,-22.00319684607818
2023-07-07,IWM,0.01608228675342395,1,1643,VAL,False,178.79,177.83,177.7,178.36,-55.186074882079296,-62.952986540373956,-31.21057595967213
2023-07-10,IWM,0.01518303998200522,1,1643,VAL,False,180.52,180.87,181.46,180.69,17.885675425366436,50.061579261971026,8.460468912432452
2023-07-12,IWM,0.011492365785585415,1,1643,VAL,False,184.82,184.72,185.34,185.15,-6.909708336599916,26.130056618838495,-24.720779339835488
2023-07-14,IWM,-0.010525750496751023,-1,1645,VAL,False,184.25,184.39,184.21,184.3,-9.099661662232592,0.17119758108755212,-6.384224966175339
2023-07-17,IWM,0.012148164217148486,1,1643,VAL,False,186.63,186.37,186.48,186.7,-15.42906846324427,-10.035485761823754,-19.172614072281917
2023-07-18,IWM,0.012823952352846415,1,1643,VAL,False,188.76,188.67,189.37,188.65,-6.267094206028083,30.30990607233056,-0.4398446982772448
2023-07-27,IWM,-0.013270593211377768,-1,1645,VAL,False,186.63,186.69,188.71,186.23,-4.715549516695687,-113.47295582582994,-26.204494476189904
2023-07-28,IWM,0.013498312710911191,1,1643,VAL,False,189.21,189.11,189.59,189.14,-6.784190245422456,18.07968878076487,-3.085738798435337
2023-08-02,IWM,-0.015911358504437333,-1,1645,VAL,False,187.4,187.84,187.06,187.76,-24.9828611463081,16.146438549937518,-5.761547607681234
2023-08-15,IWM,-0.013293380550258771,-1,1645,VAL,False,181.11,181.13,180.98,181.07,-2.6046169301376314,5.179193862183975,-4.814282720590091
2023-08-16,IWM,-0.01026886766410857,-1,1645,VAL,False,179.28,178.91,179.4,179.34,19.14105399830381,-8.694979270351542,22.48025070155058
2023-08-23,IWM,0.010961690586506938,1,1643,VAL,False,178.92,178.87,178.35,178.92,-4.293975923219145,-33.85124264233387,-4.293975923219145
2023-08-24,IWM,-0.010063174372449328,-1,1645,VAL,False,177.07,176.39,177.2,176.75,36.908502506657165,-9.343397772317696,18.870656514024873
2023-08-29,IWM,0.013205013428827293,1,1643,VAL,False,181.07,181.21,180.73,181.1,6.2308067530919935,-20.7733134015243,4.57323124672638
2023-09-01,IWM,0.011730366780482407,1,1643,VAL,False,183.71,183.74,182.58,183.6,0.13291360429043664,-63.49748782130117,6.124278639675048
2023-09-05,IWM,-0.019865026668118024,-1,1645,VAL,False,180.08,179.87,180.09,180.17,10.163083167488676,-2.555619844525889,15.15328865405638
2023-09-14,IWM,0.01339767243826276,1,1643,VAL,False,178.51,178.63,177.9,178.58,5.221454214446832,-36.164721436095896,1.2995956536054698
2023-09-15,IWM,-0.010468566310250263,-1,1645,VAL,False,176.76,176.77,176.85,176.44,-2.065973739263392,-7.092868146284987,-20.206197677125843
2023-09-21,IWM,-0.01310926310926317,-1,1645,VAL,False,170.9,170.47,170.94,170.91,23.664537313882757,-4.34121820607889,24.248255964791394
2023-09-26,IWM,-0.01106233538191388,-1,1645,VAL,False,168.96,168.65,169.7,169.12,16.850140269707207,-45.80630885058024,26.29493673113656
2023-09-27,IWM,0.012214645715979853,1,1643,VAL,False,170.7,170.23,170.32,170.25,-29.029405202419767,-24.256625304076834,-2.674416846127264
2023-09-28,IWM,0.01110262585913185,1,1643,VAL,False,172.13,171.76,173.11,171.88,-22.9920074279684,54.922527267404185,-8.48041795773949
2023-10-02,IWM,-0.018777420298332726,-1,1645,VAL,False,167.75,168.37,167.29,167.86,-38.46545608361163,25.427043449502293,-31.88716941514191
2023-10-03,IWM,-0.018352438082793868,-1,1645,VAL,False,165.27,165.53,165.41,165.6,-17.234342784433313,-10.472881256781347,2.7275372464766163
2023-10-06,IWM,0.012368770363219397,1,1643,VAL,False,167.79,167.33,166.21,167.61,-28.910959550684122,-96.14629454272263,-18.202791617502978
2023-10-10,IWM,0.012893642305406936,1,1643,VAL,False,170.47,170.21,170.35,170.48,-16.749512941002592,-9.037754052950914,-17.33510952048684
2023-10-12,IWM,-0.022010357815442447,-1,1645,VAL,False,166.19,166.08,166.71,166.12,5.119773064013428,-33.2959464789372,0.908109110933561
2023-10-16,IWM,0.016940919302932733,1,1643,VAL,False,167.48,167.35,166.31,167.43,-9.260806663541537,-71.84491725176564,-6.2772495969058655
2023-10-17,IWM,0.012608305945623028,1,1643,VAL,False,169.45,169.22,167.95,169.29,-15.071139684496796,-90.50378526620602,-5.634146255172402
2023-10-18,IWM,-0.019737619666706084,-1,1645,VAL,False,165.87,165.74,165.26,165.6,6.338488795523567,34.782944141163235,-9.955524537963294
2023-10-19,IWM,-0.01460118257511775,-1,1645,VAL,False,163.32,163.1,163.14,162.9,11.972358146908064,9.023312323885285,-13.779462660815062
2023-10-25,IWM,-0.014035523537448883,-1,1645,VAL,False,158.76,158.36,158.77,158.65,23.69889294295818,-2.6302075911798743,16.78182315552597
2023-10-27,IWM,-0.011337868480725518,-1,1645,VAL,False,156.96,156.9,158.43,156.55,2.3230534062585533,-95.6733670308914,-23.860578328673302
2023-11-02,IWM,0.024931267183204257,1,1643,VAL,False,164.03,164.31,167.14,164.12,15.567637895723845,187.56174739168043,10.075308579304723
2023-11-03,IWM,0.02939565455541345,1,1643,VAL,False,169.13,168.78,168.78,169.15,-22.190886806192697,-22.689802207621362,-23.370645495310118
2023-11-06,IWM,-0.012916222301220564,-1,1645,VAL,False,166.59,166.67,165.94,166.45,-6.303079434542212,37.02555260628432,-14.719315127669596
2023-11-08,IWM,-0.01186175337186897,-1,1645,VAL,False,164.09,164.31,165.43,164.27,-14.909437802212466,-83.67903643920356,-3.9355308270822715
2023-11-09,IWM,-0.014910839267238686,-1,1645,VAL,False,161.86,161.76,162.71,161.57,4.678955477408797,-54.525222694022034,-13.261522971013777
2023-11-10,IWM,0.013044015825915021,1,1643,VAL,False,163.87,163.57,162.73,163.71,-19.804298937898093,-71.55322790782104,-10.050274674444019
2023-11-14,IWM,0.053046507364175315,1,1643,VAL,False,172.31,172.62,172.51,172.51,16.488282110213007,9.60486622105543,4.875635559742264
2023-11-16,IWM,-0.014574055867214218,-1,1645,VAL,False,170.39,170.12,171.64,170.32,14.348227474896058,-75.37598645127846,10.244213712116693
2023-11-17,IWM,0.014107688690336266,1,1643,VAL,False,172.52,172.45,172.67,172.31,-5.556742030411372,6.693105324291846,6.62382255767665
2023-11-21,IWM,-0.011472385564395301,-1,1645,VAL,False,171.47,171.22,172.34,171.23,13.081847054478075,-52.748086962425795,-0.9160525934052011
2023-12-01,IWM,0.026412705719875723,1,1643,VAL,False,178.38,178.85,178.2,178.8,24.844443462369643,-12.088599414529844,1.296151145512
2023-12-05,IWM,-0.012668031199867346,-1,1645,VAL,False,178.48,178.35,179.62,178.23,5.78467192304086,-65.8856786619951,-8.234033300654941
2023-12-13,IWM,0.027697921273772616,1,1643,VAL,True,185.9,187.0,190.42,187.18,57.66287276597748,241.09305045826824,-11.114819707260263
2023-12-14,IWM,0.02946524064171118,1,1643,VAL,False,192.51,192.2,192.43,191.99,-17.60049437890394,-6.154597256495322,9.436579129731388
2023-12-19,IWM,0.019879360083923377,1,1643,VAL,False,194.44,194.35,194.02,194.61,-6.127833009745205,-23.59597407878867,-14.857899647578007
2023-12-20,IWM,-0.0131721121687677,-1,1645,VAL,False,191.79,190.55,192.7,191.7,63.163597761306654,-49.45741980215076,58.49841635180504
2023-12-21,IWM,0.014694305956441788,1,1643,VAL,False,193.35,193.79,195.01,193.52,21.253395736196044,83.83769846444483,12.450103687439055
2023-12-22,IWM,0.01047525672119305,1,1643,VAL,False,195.82,195.6,196.3,195.69,-12.732972438635555,22.507605229673448,-6.098271055923674
2023-12-26,IWM,0.014161554192229092,1,1643,VAL,False,198.36,198.14,198.47,198.44,-12.58913229467654,3.544563873920565,-16.61550232801835
2023-12-29,IWM,-0.01100565428109858,-1,1645,VAL,False,195.9,194.85,193.58,195.66,52.10666549043888,116.4512571726794,39.90440442388249
2016-01-06,XLF,-0.016568679850347528,-1,1645,TRAIN,False,18.4,18.42,18.05,18.41,-13.37278325230486,186.29269332127313,-7.933688856187634
2016-01-07,XLF,-0.029858849077090154,-1,1645,TRAIN,False,17.87,17.9,18.06,17.91,-19.292610620614003,-110.36678516453067,3.084368967595957
2016-01-08,XLF,-0.010614525139664679,-1,1645,TRAIN,False,17.71,17.62,17.72,17.66,48.3309535989621,-9.649586608454097,20.155220172004977
2016-01-13,XLF,-0.021372328458942776,-1,1645,TRAIN,False,17.39,17.32,17.38,17.34,37.762584144199195,1.7519317549543345,9.036409357995884
2016-01-14,XLF,0.014434180138568129,1,1643,TRAIN,False,17.58,17.47,16.88,17.54,-65.05496397876368,-402.01970982367794,-42.39830483162274
2016-01-15,XLF,-0.02404121350887225,-1,1645,TRAIN,False,17.05,17.08,17.26,17.08,-20.10020772482751,-127.21723230276493,-2.5005001000189617
2016-01-20,XLF,-0.011716461628588125,-1,1645,TRAIN,False,16.87,16.74,16.75,16.82,74.57863831213251,67.1598457213666,45.07381856870777
2016-01-22,XLF,0.015596880623875105,1,1643,TRAIN,False,16.93,16.97,16.9,16.99,21.121292575507415,-21.71213719453397,-14.268188151657652
2016-01-25,XLF,-0.01944608131997633,-1,1645,TRAIN,False,16.65,16.63,16.69,16.6,9.514515515716342,-28.03443571597225,-20.577308232728807
2016-01-26,XLF,0.012627781118460666,1,1643,TRAIN,False,16.84,16.91,16.85,16.89,39.05780601599486,1.936667298371077,9.338866388949086
2016-01-29,XLF,0.021364985163204713,1,1643,TRAIN,False,17.21,17.31,17.24,17.26,55.59172883610286,13.425554284842669,26.461972958825424
2016-02-02,XLF,-0.027826086956521764,-1,1645,TRAIN,False,16.78,16.77,16.87,16.81,3.460465633055704,-57.65753865910301,21.300809834780484
2016-02-05,XLF,-0.014176018901358443,-1,1645,TRAIN,False,16.69,16.71,16.47,16.68,-14.486719992290757,127.86739492895741,-20.49060891315128
2016-02-08,XLF,-0.028725314183123903,-1,1645,TRAIN,False,16.23,16.28,15.97,16.31,-33.31535068566598,156.2604572670543,15.897722769566965
2016-02-11,XLF,-0.028447742733457067,-1,1645,TRAIN,False,15.72,15.68,16.05,15.79,22.951155116519978,-214.00845054506973,67.18126399187317
2016-02-12,XLF,0.04017857142857137,1,1643,TRAIN,False,16.31,16.34,16.62,16.32,15.889525957469639,185.9922313514021,9.752338747936834
2016-02-16,XLF,0.017747858017135812,1,1643,TRAIN,False,16.63,16.6,16.76,16.62,-20.534678392042224,74.14151565357507,-14.530186622121631
2016-02-17,XLF,0.013253012048192701,1,1643,TRAIN,False,16.82,16.83,16.89,16.83,3.4443170818849405,37.60127879299357,-2.4995000999798247
2016-02-22,XLF,0.014345487148834336,1,1643,TRAIN,False,16.97,16.99,16.91,16.99,9.283057943507584,-39.34157187419162,-2.499500099981026
2016-02-23,XLF,-0.01824602707474978,-1,1645,TRAIN,False,16.68,16.69,16.45,16.71,-8.497203037733362,133.9440549980498,9.471373628403846
2016-02-25,XLF,0.01141141141141149,1,1643,TRAIN,False,16.84,16.88,16.99,16.86,21.24753196629092,85.03881171509146,9.359931098003425
2016-03-01,XLF,0.030321046373364923,1,1643,TRAIN,False,17.33,17.38,17.39,17.36,26.344990667186604,30.608996492681584,9.01835761879849
2016-03-08,XLF,-0.015202702702702877,-1,1645,TRAIN,False,17.5,17.47,17.54,17.48,14.64664361443793,-26.867087703253883,3.2217541906563887
2016-03-11,XLF,0.02517162471395888,1,1643,TRAIN,False,17.92,17.93,17.88,17.93,3.079462232552566,-26.311701945326135,-2.499500099978983
2016-03-17,XLF,0.014021312394840158,1,1643,TRAIN,False,18.09,18.05,18.38,18.08,-24.605637192073637,156.24625213155323,-19.0882730533524
2016-03-18,XLF,0.020498614958448808,1,1643,TRAIN,False,18.41,18.43,18.37,18.42,8.361445581604924,-25.717833076513767,2.9280246013760047
2016-04-05,XLF,-0.012561441835062831,-1,1645,TRAIN,False,18.08,18.05,18.02,18.06,14.096569313859668,29.198317539613292,3.0379830118822047
2016-04-07,XLF,-0.019283746556473712,-1,1645,TRAIN,False,17.8,17.81,17.93,17.78,-8.119882403446313,-77.06372735221076,-19.377610055193166
2016-04-12,XLF,0.012813370473537629,1,1643,TRAIN,False,18.18,18.17,18.36,18.16,-7.998675292443995,94.97110478894398,3.0057314528287167
2016-04-13,XLF,0.021463951568519372,1,1643,TRAIN,False,18.56,18.59,18.5,18.58,13.660252863220135,-36.31385791807014,2.88128596024566
2016-04-19,XLF,0.011764705882353071,1,1643,TRAIN,False,18.92,18.94,18.94,18.9,8.06868224663734,6.567396880031966,18.659231116741555
2016-04-28,XLF,-0.01249999999999992,-1,1645,TRAIN,False,18.95,19.0,18.9,18.98,-28.89232200002135,22.394980315325903,-13.040542776629053
2016-05-03,XLF,-0.014682747771368701,-1,1645,TRAIN,False,18.8,18.82,18.6,18.79,-13.141458078849976,102.42474026720143,-18.470431712741362
2016-05-10,XLF,0.012834224598930587,1,1643,TRAIN,False,18.94,18.97,18.91,18.95,13.336033954770642,-19.832358765840453,8.051951614954662
2016-05-13,XLF,-0.011188066062866322,-1,1645,TRAIN,False,18.56,18.55,18.55,18.57,2.888778186669,1.389286477985116,8.272252188724137
2016-05-18,XLF,0.01348435814455232,1,1643,TRAIN,False,18.78,18.86,18.77,18.8,40.08836145443948,-9.321884291938986,29.407416389062337
2016-05-24,XLF,0.01648936170212759,1,1643,TRAIN,False,19.11,19.08,19.16,19.1,-18.194163365129597,22.154648086605597,-12.968087010872322
2016-05-25,XLF,0.012054507337526228,1,1643,TRAIN,False,19.31,19.28,19.29,19.29,-18.03160859283108,-14.352385866689241,-7.682237528647086
2016-06-03,XLF,-0.012415933781686418,-1,1645,TRAIN,False,19.09,19.06,19.07,19.1,13.218463493641368,6.480080720178689,18.447144926366953
2016-06-10,XLF,-0.013150973172014729,-1,1645,TRAIN,False,18.77,18.77,18.67,18.77,-2.5005001000223643,49.29701976623309,-2.5005001000223643
2016-06-14,XLF,-0.01448497854077251,-1,1645,TRAIN,False,18.38,18.37,18.42,18.38,2.9415567553110176,-25.77229265221988,2.9415567553110176
2016-06-23,XLF,0.01655982905982918,1,1643,TRAIN,False,19.03,19.11,18.11,19.05,39.528878249572124,-487.25304860205176,28.988690450886708
2016-06-24,XLF,-0.052851909994767035,-1,1645,TRAIN,False,18.1,18.09,17.82,18.15,3.025743270202578,150.75722326785927,30.565617255680802
2016-06-27,XLF,-0.03206191265892749,-1,1645,TRAIN,False,17.51,17.57,17.89,17.58,-36.775201985001324,-221.10647143706353,3.189204393776582
2016-06-28,XLF,0.022766078542970893,1,1643,TRAIN,False,17.97,18.02,18.18,17.98,25.317696616493137,112.81550033899786,19.741880322490598
2016-06-29,XLF,0.022197558268590573,1,1643,TRAIN,False,18.42,18.43,18.49,18.41,2.9280246013760047,33.98777356363524,8.361445581604924
2016-06-30,XLF,0.011937059142702055,1,1643,TRAIN,False,18.65,18.73,18.66,18.64,40.38522054302237,1.3605857916895234,45.77169330082447
2016-07-05,XLF,-0.017713365539452405,-1,1645,TRAIN,False,18.31,18.35,18.2,18.35,-24.351948489099602,56.099696181726884,-2.50050010002168
2016-07-08,XLF,0.017905588714053275,1,1643,TRAIN,False,18.76,18.78,18.86,18.76,8.158815997995505,49.284386193124554,8.158815997995505
2016-07-12,XLF,0.012182203389830532,1,1643,TRAIN,False,19.11,19.12,19.11,19.11,2.7320543217381594,-3.9992001599675335,2.7320543217381594
2016-07-14,XLF,0.010460251046025068,1,1643,TRAIN,False,19.32,19.3,19.36,19.29,-12.848879499462651,16.69645366992743,2.683237328687588
2016-08-05,XLF,0.01812532366649412,1,1643,TRAIN,False,19.65,19.68,19.74,19.66,12.763859441852963,41.784009610290795,7.670897153225333
2016-09-09,XLF,-0.012954658694569085,-1,1645,TRAIN,False,19.81,19.7,19.61,19.76,53.040895912649496,96.99870312275588,27.871464981255624
2016-09-12,XLF,0.011675126903553322,1,1643,TRAIN,False,19.93,19.89,19.69,19.98,-22.564729402338898,-124.37251636476398,-47.53328613556644
2016-09-13,XLF,-0.014580191050779243,-1,1645,TRAIN,False,19.6,19.56,19.56,19.57,17.91276622671392,16.415528003561015,2.610639654757671
2016-09-19,XLF,-0.17800511508951408,-1,1645,TRAIN,False,16.06,16.07,16.18,16.07,-8.728707136198626,-78.75049480631087,-2.5005001000198703
2016-09-26,XLF,-0.015499070055796543,-1,1645,TRAIN,False,15.88,15.86,15.81,15.86,10.097107582725554,40.09744014294091,-2.5005001000205618
2016-09-29,XLF,-0.013681592039800926,-1,1645,TRAIN,False,15.86,15.84,15.93,15.88,10.112993594934586,-48.154649845479206,22.69471526547043
2016-09-30,XLF,0.01767676767676775,1,1643,TRAIN,False,16.12,16.06,16.01,16.13,-39.711040422190344,-72.21012373207557,-45.886049076607165
2016-10-05,XLF,0.016199376947040375,1,1643,TRAIN,False,16.31,16.31,16.35,16.33,-2.499500099980658,20.515823260855324,-14.74383629091769
2016-10-11,XLF,-0.011578305911029938,-1,1645,TRAIN,False,16.22,16.24,16.24,16.23,-14.834039557604264,-16.336189556035446,-8.663470217150099
2016-11-07,XLF,0.022194821208384678,1,1643,TRAIN,False,16.58,16.62,16.57,16.59,21.61992209519678,-10.02815118520066,15.579162648482601
2016-11-09,XLF,0.04570054119061946,1,1643,TRAIN,False,17.39,17.34,17.61,17.36,-31.244469909929123,122.45969437509703,-14.017357818757487
2016-11-10,XLF,0.03863898500576711,1,1643,TRAIN,False,18.01,17.99,17.86,17.99,-13.601666118749076,-87.25295473942482,-2.499500099979658
2016-11-14,XLF,0.022739877981142548,1,1643,TRAIN,False,18.45,18.48,18.31,18.41,13.75659827384172,-79.84961273327878,35.51380978557017
2016-11-16,XLF,-0.013542795232936078,-1,1645,TRAIN,False,18.21,18.19,18.19,18.19,8.485222579934975,6.986570295938165,-2.5005001000205738
2016-11-17,XLF,0.01264431006047281,1,1643,TRAIN,False,18.42,18.44,18.46,18.41,8.355549302734769,17.70764196780537,13.791918422399517
2016-11-28,XLF,-0.011260053619302806,-1,1645,TRAIN,False,18.44,18.41,18.46,18.41,13.772548435933276,-14.85112640749454,-2.500500100022331
2016-11-30,XLF,0.01625135427952333,1,1643,TRAIN,False,18.76,18.71,18.83,18.75,-29.14529034491609,33.299310287195894,-23.827501166433347
2016-12-01,XLF,0.014430785676109009,1,1643,TRAIN,False,18.98,19.05,19.0,18.99,34.37220880376015,6.533993517418793,29.088179204602564
2016-12-02,XLF,-0.010498687664041956,-1,1645,TRAIN,False,18.85,18.85,19.01,18.85,-2.500500100020067,-88.91539581125764,-2.500500100020067
2016-12-05,XLF,0.010079575596816855,1,1643,TRAIN,False,19.04,19.07,19.2,19.04,13.252864133055946,80.00080656137706,13.252864133055946
2016-12-07,XLF,0.013513513513513596,1,1643,TRAIN,False,19.5,19.54,19.65,19.54,18.00819323314939,72.8931136849554,-2.499500099978996
2016-12-08,XLF,0.010747185261003114,1,1643,TRAIN,False,19.75,19.72,19.7,19.75,-17.685576808689834,-29.305531298803754,-17.685576808689834
2016-12-15,XLF,0.010752688172042871,1,1643,TRAIN,False,19.74,19.72,19.79,19.74,-12.628679937772217,21.319950802138834,-12.628679937772217
2016-12-20,XLF,0.011264720942140238,1,1643,TRAIN,False,19.75,19.78,19.78,19.76,12.686576608729338,11.184598523334685,7.619427531498165
2017-01-05,XLF,-0.012115093387178115,-1,1645,TRAIN,False,19.57,19.61,19.68,19.56,-22.945059119129937,-60.231770421533014,-28.069264159580957
2017-01-17,XLF,-0.02290076335877859,-1,1645,TRAIN,False,19.2,19.21,19.28,19.2,-7.710135777157164,-45.68413682736605,-7.710135777157164
2017-01-24,XLF,0.014568158168574461,1,1643,TRAIN,False,19.49,19.47,19.68,19.48,-12.758607847440114,93.4477034813675,-7.631687214920054
2017-01-25,XLF,0.014381099126861897,1,1643,TRAIN,False,19.75,19.79,19.83,19.79,17.7486021782986,36.490929662168966,-2.499500099980057
2017-01-30,XLF,-0.010116337885685346,-1,1645,TRAIN,False,19.57,19.61,19.51,19.58,-22.945059119129937,26.67063816442412,-17.826088200276477
2017-02-03,XLF,0.019042717447246577,1,1643,TRAIN,False,19.8,19.83,19.71,19.82,12.648227930169988,-49.435567431966994,2.544647478171766
2017-02-09,XLF,0.014322250639386065,1,1643,TRAIN,False,19.83,19.82,19.93,19.82,-7.541103982932838,46.409275885620616,-2.499500099979466
2017-02-13,XLF,0.010563380281690184,1,1643,TRAIN,False,20.09,20.1,20.09,20.12,2.4768565450691766,-3.9992001599665365,-12.437373360317979
2017-02-14,XLF,0.011442786069651585,1,1643,TRAIN,False,20.33,20.34,20.44,20.34,2.418109590085182,50.08639196902649,-2.4995000999805526
2017-02-24,XLF,-0.010209042294603832,-1,1645,TRAIN,False,20.37,20.41,20.44,20.39,-22.142130929868422,-38.37880978257456,-12.31168254249287
2017-03-01,XLF,0.029741589468551898,1,1643,TRAIN,False,21.12,21.1,21.14,21.13,-11.96683011882527,5.466709688364254,-16.693774354451246
2017-03-02,XLF,-0.013744075829384013,-1,1645,TRAIN,False,20.81,20.77,20.79,20.79,16.725834354758877,5.613808970346861,7.121915003489275
2017-03-21,XLF,-0.02654867256637164,-1,1645,TRAIN,False,19.8,19.77,19.63,19.75,12.65480368801033,81.89213600295943,-12.629614530501586
2017-03-28,XLF,0.014234875444839734,1,1643,TRAIN,False,19.96,19.94,19.91,19.96,-12.517035671021072,-29.039282323896707,-12.517035671021072
2017-03-30,XLF,0.015143866733972777,1,1643,TRAIN,False,20.1,20.07,20.0,20.08,-17.42114263714481,-53.73054742285362,-7.478335010287545
2017-04-17,XLF,0.016137428422696446,1,1643,TRAIN,False,19.52,19.54,19.41,19.51,7.743840576148143,-60.32912270004957,12.873386368343253
2017-04-20,XLF,0.018134715025906623,1,1643,TRAIN,False,19.64,19.63,19.58,19.66,-7.589877136588026,-34.53688081121093,-17.755095979785867
2017-04-24,XLF,0.02367472979927951,1,1643,TRAIN,False,19.9,19.86,20.04,19.88,-22.594978491738246,66.32442355750113,-12.55734768539184
2017-04-25,XLF,0.01007049345417922,1,1643,TRAIN,False,20.06,20.04,20.01,20.04,-12.46709780675907,-28.914456390873603,-2.4995000999793193
2017-05-17,XLF,-0.029544316474712062,-1,1645,TRAIN,False,19.38,19.34,19.32,19.35,18.14449577221848,26.971338540154065,2.668750804424236
2017-06-07,XLF,0.010193679918450525,1,1643,TRAIN,False,19.81,19.77,19.77,19.8,-22.686275465752505,-24.182947358028237,-17.6472281301309
2017-06-08,XLF,0.012645422357106728,1,1643,TRAIN,False,20.01,20.0,20.12,20.01,-7.495752223869381,50.95132897458412,-7.495752223869381
2017-06-09,XLF,0.016000000000000014,1,1643,TRAIN,False,20.33,20.37,20.42,20.35,17.170938660277724,40.25264794557391,7.326053216875145
2017-06-28,XLF,0.01672405312346303,1,1643,TRAIN,False,20.67,20.65,21.07,20.65,-12.172940351457783,189.44058309769926,-2.4995000999804144
2017-07-25,XLF,0.012875536480686676,1,1643,TRAIN,False,21.24,21.22,21.26,21.24,-11.913342378605272,5.41322997170887,-11.913342378605272
2017-08-10,XLF,-0.01502347417840377,-1,1645,TRAIN,False,20.99,20.92,20.91,20.96,30.857052782636373,34.127835571878244,16.588241312383214
2017-08-14,XLF,0.014409221902017325,1,1643,TRAIN,False,21.12,21.11,21.29,21.11,-7.233165109403255,76.46103355086434,-2.4995000999791848
2017-08-17,XLF,-0.015632401705352832,-1,1645,TRAIN,False,20.78,20.72,20.62,20.77,26.380637051376247,73.02711745429016,21.578701874220894
2017-09-05,XLF,-0.02205177372962612,-1,1645,TRAIN,False,20.41,20.42,20.49,20.39,-7.401284274494987,-43.21295420279436,-17.217273763728926
2017-09-07,XLF,-0.01809290953545237,-1,1645,TRAIN,False,20.09,20.11,20.12,20.11,-12.458190991109939,-18.939576865099646,-2.5005001000203166
2017-09-11,XLF,0.0182445759368835,1,1643,TRAIN,False,20.65,20.65,20.72,20.64,-2.4995000999804144,29.885548314066085,2.34425014221924
2017-09-12,XLF,0.011138014527845057,1,1643,TRAIN,False,20.88,20.88,20.86,20.88,-2.499500099980643,-13.573913569777016,-2.499500099980643
2017-09-18,XLF,0.011938872970391595,1,1643,TRAIN,False,21.18,21.16,21.19,21.19,-11.940010487042734,0.7203469598818266,-16.653582921925494
2017-09-27,XLF,0.014904517931998151,1,1643,TRAIN,False,21.8,21.73,21.81,21.77,-34.601565925346215,0.5861213078481663,-20.868816590378756
2017-10-20,XLF,0.011230907457322551,1,1643,TRAIN,False,22.51,22.53,22.53,22.51,6.3832191358260175,4.8821866013299635,6.3832191358260175
2017-11-07,XLF,-0.016349977905435152,-1,1645,TRAIN,False,22.26,22.31,22.26,22.3,-24.967931591708574,-4.000800160032515,-6.985926333247401
2017-11-28,XLF,0.0248306997742664,1,1643,TRAIN,False,22.71,22.73,22.95,22.72,6.3049917537398095,101.6388532069004,1.9008082186384652
2017-11-29,XLF,0.016717993840739066,1,1643,TRAIN,False,23.11,23.12,23.32,23.1,1.8265494456289046,86.83421256034444,6.156344488678989
2017-12-04,XLF,0.017581475128644945,1,1643,TRAIN,False,23.73,23.68,23.76,23.72,-23.564608612200878,8.637968992800877,-19.358691499472627
2017-12-12,XLF,0.012701100762066075,1,1643,TRAIN,False,23.91,23.86,23.84,23.87,-23.40602561210891,-33.26394528706035,-6.68781199771918
2017-12-15,XLF,0.01324220418624514,1,1643,TRAIN,False,23.72,23.62,23.82,23.7,-44.647478598713484,38.14245582586884,-36.2463372304423
2017-12-21,XLF,0.010557432432432432,1,1643,TRAIN,False,23.93,23.9,23.96,23.93,-15.032931566632598,8.532351197960782,-15.032931566632598
2018-01-04,XLF,0.01132550335570468,1,1643,TRAIN,False,24.11,24.07,24.19,24.08,-19.08597956891365,29.168782585250526,-6.651286021863398
2018-02-02,XLF,-0.01920062695924759,-1,1645,TRAIN,False,25.02,24.95,24.41,24.98,25.48411360929224,239.9016973658526,9.512110588651383
2018-02-05,XLF,-0.03527054108216429,-1,1645,TRAIN,False,24.07,23.67,23.14,23.98,163.72302295938854,382.5268585083862,126.80622029326484
2018-02-06,XLF,0.012251795521757461,1,1643,TRAIN,False,23.96,24.11,24.07,24.09,60.08919251208154,41.89228932176896,5.800624848047526
2018-02-07,XLF,0.01119867274989629,1,1643,TRAIN,False,24.37,24.15,24.18,24.36,-92.75186407117548,-81.93273122150423,-88.68484923704887
2018-02-08,XLF,-0.025672877846790787,-1,1645,TRAIN,False,23.54,23.07,23.42,23.41,197.2095778543972,46.996655065930604,142.77289460455097
2018-02-12,XLF,0.019991492981709862,1,1643,TRAIN,False,23.98,23.84,23.71,23.93,-60.86689250973789,-116.54799982455499,-40.099794499937786
2018-02-14,XLF,0.021294363256785034,1,1643,TRAIN,False,24.47,24.52,24.7,24.44,17.928576115590726,89.955854354263,30.225542452883445
2018-02-23,XLF,0.012310217480508851,1,1643,TRAIN,False,24.67,24.72,24.92,24.69,17.76296544501388,97.29792995596301,9.648131127115882
2018-02-26,XLF,0.013349514563106872,1,1643,TRAIN,False,25.05,25.11,25.13,25.05,21.446608881816815,27.924155687824033,21.446608881816815
2018-03-01,XLF,-0.013866231647634578,-1,1645,TRAIN,False,24.17,24.08,23.93,24.06,34.74505409977452,95.33557518289085,-10.815130607169662
2018-03-05,XLF,0.014474772539288727,1,1643,TRAIN,False,24.53,24.5,24.64,24.59,-14.726365774542208,40.82591553438254,-39.090595870253125
2018-03-09,XLF,0.022727272727272676,1,1643,TRAIN,False,25.2,25.25,25.23,25.19,17.336810415694792,7.900800792222503,21.3135221308261
2018-03-14,XLF,-0.013268998793727456,-1,1645,TRAIN,False,24.55,24.58,24.68,24.53,-14.72351496775876,-56.97514248267111,-22.888801160149516
2018-03-22,XLF,-0.033074724377296805,-1,1645,TRAIN,False,23.68,23.58,23.61,23.62,39.73978917404942,25.571837340440258,14.438535463231153
2018-03-23,XLF,-0.025021204410517382,-1,1645,TRAIN,False,22.99,22.86,23.33,22.94,54.05996379789162,-151.95035527331564,32.38180330050361
2018-03-26,XLF,0.03324584426946638,1,1643,TRAIN,False,23.62,23.62,23.68,23.62,-2.499500099979367,21.392842515323366,-2.499500099979367
2018-03-27,XLF,-0.021591871295512342,-1,1645,TRAIN,False,23.11,23.14,23.21,23.02,-15.485139433773867,-47.28942326760598,-54.642118693071474
2018-03-29,XLF,0.015099223468507396,1,1643,TRAIN,False,23.53,23.52,23.51,23.54,-6.748331591650766,-12.495588430123812,-10.993553201000136
2018-04-02,XLF,-0.028911564625850327,-1,1645,TRAIN,False,22.83,22.99,23.13,22.88,-72.60124823913736,-135.4594177705447,-50.58944481204085
2018-04-03,XLF,0.014789038712483684,1,1643,TRAIN,False,23.32,23.29,22.88,23.24,-15.36077861614681,-192.6029888361949,19.009752266414015
2018-04-04,XLF,0.010304851867754487,1,1643,TRAIN,False,23.54,23.55,23.76,23.52,1.747526450529784,89.42136806283676,10.25241380295376
2018-04-05,XLF,0.010615711252653927,1,1643,TRAIN,False,23.8,23.74,23.48,23.78,-27.70328287283924,-138.39921091411986,-19.316153590141823
2018-04-06,XLF,-0.0299073294018533,-1,1645,TRAIN,False,23.02,23.16,23.29,23.13,-63.332388458580006,-121.33703891082268,-15.47391190300453
2018-04-09,XLF,0.0159758203799655,1,1643,TRAIN,False,23.53,23.28,23.67,23.44,-108.72028739173459,55.47551773113405,-70.74182433137837
2018-04-10,XLF,0.015893470790377895,1,1643,TRAIN,False,23.65,23.64,23.43,23.65,-6.726773038625509,-96.98525411196702,-6.726773038625509
2018-04-11,XLF,-0.011844331641286003,-1,1645,TRAIN,False,23.36,23.36,23.54,23.39,-2.5005001000211737,-81.0864227640048,10.32870105444746
2018-04-12,XLF,0.023544520547945237,1,1643,TRAIN,False,23.91,23.77,24.06,23.84,-61.0377715339411,58.71096796951723,-31.854577071163035
2018-04-13,XLF,-0.020193521245267163,-1,1645,TRAIN,False,23.29,23.41,23.55,23.34,-54.03764308035688,-115.6813586847898,-32.499430477356505
2018-04-19,XLF,0.012387868432293855,1,1643,TRAIN,False,23.7,23.76,23.8,23.76,22.81062774787026,38.178018404758824,-2.4995000999795605
2018-05-04,XLF,0.01612200435729852,1,1643,TRAIN,False,23.32,23.25,23.33,23.28,-32.509149971034105,0.28724958267330425,-15.382877032841415
2018-05-09,XLF,0.014855687606112115,1,1643,TRAIN,False,23.91,23.91,23.87,23.86,-2.499500099980084,-20.721911661163812,18.450836236776176
2018-05-29,XLF,-0.03875315922493674,-1,1645,TRAIN,False,22.82,22.95,23.17,22.94,-59.48231714703997,-157.43639525451067,-6.860788025084583
2018-05-30,XLF,0.017429193899782227,1,1643,TRAIN,False,23.35,23.39,23.32,23.37,14.62683908614367,-16.84202774006235,6.0563411494004695
2018-06-01,XLF,0.010789814415192058,1,1643,TRAIN,False,23.42,23.44,23.54,23.43,6.038075049378747,47.21856653434283,1.7674655423169077
2018-06-06,XLF,0.017513882956001713,1,1643,TRAIN,False,23.82,23.83,23.93,23.8,1.6976033844444873,42.162012601678725,10.102391286446785
2018-06-25,XLF,-0.015099223468507396,-1,1645,TRAIN,False,22.82,22.93,22.95,22.96,-50.71588375519044,-60.99116405226609,10.56896919453642
2018-06-28,XLF,0.010638297872340514,1,1643,TRAIN,False,22.8,22.77,23.05,22.78,-15.654106020900533,105.60607176810365,-6.888218493264545
2018-07-09,XLF,0.022767075306479843,1,1643,TRAIN,False,23.35,23.37,23.38,23.37,6.0636694930821795,8.8436274201249,-2.4995000999784724
2018-07-16,XLF,0.016883116883116753,1,1643,TRAIN,False,23.49,23.5,23.54,23.5,1.7565665240729784,17.2779407507169,-2.499500099979847
2018-07-18,XLF,0.01444350042480883,1,1643,TRAIN,False,23.88,23.92,23.8,23.9,14.246731893153544,-37.48664002542831,5.866609104958381
2018-07-19,XLF,-0.013795986622073654,-1,1645,TRAIN,False,23.59,23.56,23.51,23.58,10.219932922573358,29.925442485699193,5.983384972159053
2018-07-23,XLF,0.014406779661016942,1,1643,TRAIN,False,23.94,23.92,24.02,23.92,-10.851630843420942,29.404311284777496,-2.4995000999804153
2018-08-16,XLF,0.014315789473684205,1,1643,TRAIN,False,24.09,24.07,24.0,24.07,-10.799625048007755,-41.34415956161177,-2.4995000999794543
2018-08-27,XLF,0.014067025237898214,1,1643,TRAIN,False,24.51,24.51,24.57,24.51,-2.4995000999792145,20.470814037927447,-2.4995000999792145
2018-09-19,XLF,0.019016122364613364,1,1643,TRAIN,False,24.65,24.6,24.78,24.64,-22.778405779288317,48.718045437567454,-18.72920870371314
2018-09-24,XLF,-0.01051779935275073,-1,1645,TRAIN,False,24.46,24.44,24.54,24.45,5.6781593440517195,-36.72034488663749,1.5905021495081588
2018-10-10,XLF,-0.020703933747412008,-1,1645,TRAIN,False,23.65,23.44,23.26,23.54,86.3166290763416,160.9700375593082,39.99100584772567
2018-10-11,XLF,-0.022610921501706533,-1,1645,TRAIN,False,22.91,22.72,23.12,22.85,80.45345428754,-95.70050195111034,54.40650493337136
2018-10-16,XLF,0.01148409893992924,1,1643,TRAIN,False,22.9,23.0,22.95,23.01,41.1577073231649,17.826129097324507,-6.844350382422038
2018-10-18,XLF,-0.01721170395869185,-1,1645,TRAIN,False,22.84,22.86,22.83,22.86,-11.25925710536203,0.3792352165713492,-2.500500100020938
2018-10-22,XLF,-0.019180470793374073,-1,1645,TRAIN,False,22.5,22.45,21.99,22.49,19.727278789090935,222.7565513102634,15.289629735640329
2018-10-24,XLF,-0.021553659631791667,-1,1645,TRAIN,False,21.78,21.69,21.81,21.83,38.83214659460863,-17.780415587247756,61.647464628058465
2018-10-25,XLF,0.02305209774089442,1,1643,TRAIN,False,22.19,22.04,21.78,22.07,-70.0806210997557,-188.6932212475929,-16.08921532413101
2018-10-26,XLF,-0.013157894736842066,-1,1645,TRAIN,False,21.75,21.72,21.99,21.69,11.296052313911787,-114.3897745066234,-16.335217250918607
2018-10-30,XLF,0.01506161570059326,1,1643,TRAIN,False,22.23,22.29,22.51,22.24,24.484306917294393,121.90634297792018,19.976894908788385
2018-10-31,XLF,0.021534320323014826,1,1643,TRAIN,False,22.77,22.59,22.66,22.67,-81.53112460511836,-52.289059096393004,-37.77960773085901
2018-11-05,XLF,0.016306743058616017,1,1643,TRAIN,False,23.06,23.03,23.03,23.03,-15.5057886948172,-17.003537713963993,-2.4995000999790755
2018-11-07,XLF,0.012947777298230347,1,1643,TRAIN,False,23.47,23.47,23.33,23.42,-2.499500099980346,-63.62596249391003,18.844437773417123
2018-11-12,XLF,-0.015008576329331107,-1,1645,TRAIN,False,22.97,22.86,22.89,22.91,45.40002471543329,30.84117041083392,19.329487896705903
2018-11-15,XLF,0.01058201058201067,1,1643,TRAIN,False,22.92,23.01,22.89,22.95,36.75770081585655,-17.082970840387343,23.637756108909187
2018-11-20,XLF,-0.016934433347807233,-1,1645,TRAIN,False,22.64,22.52,22.65,22.6,50.51628700298259,-8.419528428652859,32.906581316263065
2018-11-26,XLF,0.020572450805008982,1,1643,TRAIN,False,22.82,22.82,22.77,22.83,-2.4995000999795494,-25.90104240326256,-6.878606757842048
2018-11-28,XLF,0.015330705212439835,1,1643,TRAIN,False,23.18,23.27,23.1,23.22,36.31736983060742,-38.49790870126033,19.028278754241054
2018-12-04,XLF,-0.0441302485004285,-1,1645,TRAIN,False,22.31,22.33,21.83,22.31,-11.467331565820885,211.23543399849817,-11.467331565820885
2018-12-06,XLF,-0.023287057769816374,-1,1645,TRAIN,False,21.81,22.0,21.97,21.93,-89.63828529117228,-77.3909940172346,-34.42822627453056
2018-12-07,XLF,-0.018636363636363642,-1,1645,TRAIN,False,21.6,21.6,21.51,21.65,-2.5005001000207563,37.68253650730185,20.599962948707947
2018-12-10,XLF,-0.014351851851851956,-1,1645,TRAIN,False,21.29,21.29,21.54,21.35,-2.500500100020895,-121.47380157102266,25.609571563025604
2018-12-17,XLF,-0.011031175059952058,-1,1645,TRAIN,False,20.62,20.65,20.76,20.6,-17.053119644297126,-71.92321102435945,-26.778413935213443
2018-12-19,XLF,-0.01653696498054474,-1,1645,TRAIN,True,20.22,20.31,20.11,20.25,-47.02201567910091,50.42254741749535,-32.13753861883455
2018-12-21,XLF,-0.016393442622950737,-1,1645,TRAIN,False,19.8,19.74,19.46,19.74,27.810107476041118,167.78507216594838,-2.500500100021647
2018-12-26,XLF,0.03158984981874692,1,1643,TRAIN,False,19.93,20.18,19.84,20.09,122.90818303975885,-49.13919373676766,42.287709705446424
2019-01-03,XLF,-0.02023121387283245,-1,1645,TRAIN,False,20.34,20.32,20.67,20.35,7.334800293390011,-166.30759780274764,12.245200882927932
2019-01-04,XLF,0.030511811023622097,1,1643,TRAIN,False,20.94,20.98,20.95,20.96,16.597922058378035,0.7744391904797502,7.040099613665778
2019-01-16,XLF,0.02692664809656462,1,1643,TRAIN,False,22.12,22.0,21.91,22.06,-56.73548834536989,-98.89794193060155,-29.69125123298017
2019-01-18,XLF,0.015829941203075595,1,1643,TRAIN,False,22.46,22.52,22.31,22.47,24.207981199842123,-70.75788760324578,19.746829450309452
2019-01-22,XLF,-0.015097690941385428,-1,1645,TRAIN,False,22.18,22.24,22.33,22.18,-29.55866195781975,-71.65635110791214,-29.55866195781975
2019-02-07,XLF,-0.01241134751773039,-1,1645,TRAIN,False,22.29,22.33,22.21,22.31,-20.450254250042804,31.904092797024063,-11.467331565820885
2019-02-12,XLF,0.017055655296229755,1,1643,TRAIN,False,22.66,22.61,22.72,22.63,-24.559298202142617,22.46858660041973,-11.33511698013762
2019-02-15,XLF,0.01741071428571431,1,1643,TRAIN,False,22.79,22.86,22.76,22.86,28.208048605286354,-17.157604021098948,-2.4995000999793837
2019-03-07,XLF,-0.013644366197183042,-1,1645,TRAIN,False,22.41,22.48,22.23,22.47,-33.7443660084094,76.35261992157571,-6.951991199309495
2019-03-20,XLF,-0.013356311934511084,-1,1645,TRAIN,True,22.89,22.74,22.58,22.77,63.046685352797944,131.48370172068698,10.678024933049326
2019-03-22,XLF,-0.026025584472871784,-1,1645,TRAIN,False,22.08,22.04,22.01,22.05,15.619971820449695,27.71478208685158,2.0357813059203647
2019-04-01,XLF,0.023255813953488354,1,1643,TRAIN,False,22.88,22.91,22.85,22.9,10.609110695343974,-17.105844565352136,1.8662206423348822
2019-04-09,XLF,-0.010362694300518067,-1,1645,TRAIN,False,22.92,22.95,22.97,22.95,-15.592778241512478,-25.824536635075393,-2.5005001000209504
2019-04-12,XLF,0.017256255392579748,1,1643,TRAIN,False,23.58,23.61,23.62,23.59,10.219966184881132,12.957544199389474,5.9765494972217414
2019-04-16,XLF,0.01406649616368279,1,1643,TRAIN,False,23.79,23.79,23.88,23.75,-2.499500099979069,33.81669189491285,14.338395478800027
2019-04-29,XLF,0.01245330012453303,1,1643,TRAIN,False,24.39,24.34,24.37,24.38,-22.994581075584442,-12.196002783862435,-18.902290091612134
2019-05-07,XLF,-0.020618556701030927,-1,1645,TRAIN,False,23.75,23.85,23.75,23.76,-44.616291679389,-4.000800160030162,-40.38875957009653
2019-05-13,XLF,-0.030125523012552256,-1,1645,TRAIN,False,23.18,23.21,23.26,23.14,-15.44592783958,-38.527118711058776,-32.75871250308903
2019-05-14,XLF,0.010771219302024989,1,1643,TRAIN,False,23.47,23.39,23.15,23.42,-36.57704760709492,-140.28894263754822,-15.30586282402006
2019-05-16,XLF,0.010300429184549289,1,1643,TRAIN,False,23.54,23.54,23.3,23.5,-2.499500099979686,-105.91254731211808,14.517522027509823
2019-05-23,XLF,-0.017014036580178738,-1,1645,TRAIN,False,23.11,23.15,23.27,23.08,-19.81335254502301,-73.2625971321482,-32.83737336722127
2019-05-31,XLF,-0.014372822299651648,-1,1645,TRAIN,False,22.63,22.63,22.59,22.63,-2.500500100020732,13.681923304678506,-2.500500100020732
2019-06-04,XLF,0.02502194907813873,1,1643,TRAIN,False,23.34,23.39,23.43,23.35,18.917596086610583,34.54579007077829,14.62683908614367
2019-06-10,XLF,0.011026293469041628,1,1643,TRAIN,False,23.83,23.79,23.92,23.85,-19.28086896258937,33.75321578571511,-27.65044475381725
2019-06-18,XLF,0.014054514480408786,1,1643,TRAIN,False,23.81,23.79,23.83,23.79,-10.897232565245838,4.397272582442788,-2.499500099979069
2019-06-28,XLF,0.010499790004199917,1,1643,TRAIN,False,24.06,24.13,24.41,24.1,26.587159708540664,141.41228279697418,9.945521269190275
2019-07-01,XLF,0.010360547036883548,1,1643,TRAIN,False,24.39,24.43,24.38,24.41,13.896564680504426,-8.097601471915105,5.691815344428579
2019-07-23,XLF,0.011029411764705864,1,1643,TRAIN,False,24.76,24.73,24.68,24.75,-14.61278826625689,-36.29645637916115,-10.578288382728077
2019-07-26,XLF,0.01047964530431284,1,1643,TRAIN,False,25.07,25.07,25.04,25.07,-2.4995000999799526,-15.960908336880868,-2.4995000999799526
2019-08-01,XLF,-0.020242914979757085,-1,1645,TRAIN,False,24.2,24.14,24.09,24.21,22.299087916756868,41.47193074978684,26.420401800310255
2019-08-05,XLF,-0.035225859925403974,-1,1645,TRAIN,False,23.28,23.32,23.47,23.42,-19.686927076137366,-85.64857301357138,40.208724921755945
2019-08-06,XLF,0.011578044596912503,1,1643,TRAIN,False,23.59,23.72,23.25,23.67,52.59482228183358,-148.07042830518182,18.619005391991923
2019-08-07,XLF,-0.011382799325463726,-1,1645,TRAIN,False,23.45,23.41,23.61,23.45,14.561334441726247,-72.25837491592188,14.561334441726247
2019-08-08,XLF,0.014523707817172143,1,1643,TRAIN,False,23.75,23.83,23.7,23.82,31.176291057577785,-25.043412370156165,1.6976033844444873
2019-08-13,XLF,0.013751611516974658,1,1643,TRAIN,False,23.59,23.58,23.06,23.57,-6.73752489858217,-228.58082050397874,1.7421208163957538
2019-08-14,XLF,-0.03477523324851556,-1,1645,TRAIN,False,22.77,22.75,22.83,22.78,6.285183255359242,-30.361803586012797,10.6722398035349
2019-08-16,XLF,0.0170827858081472,1,1643,TRAIN,False,23.22,23.23,23.59,23.23,1.806055670865869,155.28246633188505,-2.499500099979798
2019-08-19,XLF,0.011192423590185019,1,1643,TRAIN,False,23.48,23.46,23.33,23.5,-11.015258617782468,-67.8578083361188,-19.516522227469515
2019-08-20,XLF,-0.011082693947144142,-1,1645,TRAIN,False,23.2,23.15,23.3,23.21,19.05661304674763,-47.121493264170525,23.356890249226197
2019-08-23,XLF,-0.024348568987612142,-1,1645,TRAIN,False,22.85,22.82,22.97,22.78,10.631885676914818,-56.5382223052923,-20.064153304762836
2019-08-29,XLF,0.015584415584415558,1,1643,TRAIN,False,23.46,23.44,23.59,23.47,-11.022518428964911,51.392108620049214,-15.278580415147742
2019-09-03,XLF,-0.010624734381640459,-1,1645,TRAIN,False,23.28,23.26,23.46,23.26,6.092713388037192,-81.35132181075346,-2.5005001000208216
2019-09-04,XLF,0.012037833190025691,1,1643,TRAIN,False,23.54,23.52,23.85,23.54,-10.993553201000136,127.63887324489258,-10.993553201000136
2019-09-05,XLF,0.02295918367346935,1,1643,TRAIN,False,24.06,24.0,24.02,24.03,-27.430922792997773,-20.617655355047166,-14.980774132314787
2019-09-09,XLF,0.018757815756565356,1,1643,TRAIN,False,24.44,24.36,24.44,24.4,-35.22454265284605,-3.999200159968917,-18.888845181783577
2019-09-24,XLF,-0.011731391585760484,-1,1645,TRAIN,False,24.44,24.48,24.53,24.45,-18.871204682836883,-40.84041030792053,-14.773506848610976
2019-10-01,XLF,-0.017472572125152366,-1,1645,TRAIN,False,24.17,24.09,23.94,24.16,30.606659188684795,91.19655954360245,26.48025466020203
2019-10-02,XLF,-0.018264840182648456,-1,1645,TRAIN,False,23.65,23.59,23.56,23.65,22.87582252179712,34.06939315981736,22.87582252179712
2019-10-04,XLF,0.015618404390037881,1,1643,TRAIN,False,24.06,24.11,24.03,24.09,18.276685477533952,-16.46304155627614,5.800624848047526
2019-10-08,XLF,-0.013744273219491954,-1,1645,TRAIN,False,23.68,23.53,23.68,23.59,60.859933811084076,-4.000800160033006,22.94036594516658
2019-10-09,XLF,0.013174670633234114,1,1643,TRAIN,False,23.84,23.75,23.81,23.76,-40.24174192007184,-16.578060226880453,-6.707202330578401
2019-10-10,XLF,0.012210526315789437,1,1643,TRAIN,False,24.04,24.0,24.38,24.0,-19.13427630613665,137.3751871921788,-2.4995000999800987
2019-10-11,XLF,0.0204166666666666,1,1643,TRAIN,False,24.49,24.31,24.22,24.44,-75.98051643244285,-114.20419060328352,-55.67769424838615
2019-10-15,XLF,0.01685162351006988,1,1643,TRAIN,False,24.74,24.66,24.69,24.71,-34.82771513603354,-24.20130363579476,-22.729165215115472
2019-10-21,XLF,0.014170040485830017,1,1643,TRAIN,False,25.05,25.04,25.0,25.05,-6.490518263613189,-23.95129756483767,-6.490518263613189
2019-11-01,XLF,0.013877874702617027,1,1643,TRAIN,False,25.57,25.59,25.81,25.57,5.320210889383183,89.82325552879293,5.320210889383183
2019-12-03,XLF,-0.01329282187618678,-1,1645,TRAIN,False,25.98,25.96,25.98,25.94,5.199654249556444,-4.000800160030451,-10.21252824196374
2019-12-04,XLF,0.01001540832049299,1,1643,TRAIN,False,26.22,26.2,26.31,26.24,-10.125358604862114,30.312015400123787,-17.739592325436377
2019-12-06,XLF,0.01519179642992792,1,1643,TRAIN,False,26.73,26.68,26.63,26.74,-21.200398902636255,-41.395387215112535,-24.93218633760031
2019-12-12,XLF,0.021468926553672326,1,1643,TRAIN,False,27.12,27.08,27.06,27.13,-17.24507605853452,-26.114246177313174,-20.92467610421883
2020-01-24,XLF,-0.01398086828550401,-1,1645,TRAIN,False,26.8,26.82,26.31,26.77,-9.965052712035972,178.90816969364172,-21.182794646342355
2020-01-27,XLF,-0.013422818791946288,-1,1645,TRAIN,False,26.46,26.4,26.57,26.46,20.180906929684586,-45.589616789570556,20.180906929684586
2020-01-28,XLF,0.014772727272727295,1,1643,TRAIN,False,26.78,26.73,26.82,26.78,-21.16548310950225,10.931346217686999,-21.16548310950225
2020-01-31,XLF,-0.02182759896411394,-1,1645,TRAIN,False,26.44,26.45,26.65,26.46,-6.283594086442971,-83.45769002514504,1.2797344049296293
2020-02-03,XLF,0.0102079395085066,1,1643,TRAIN,False,26.72,26.65,27.01,26.67,-28.69055679882039,104.490329479015,-9.996688326377107
2020-02-04,XLF,0.013508442776735572,1,1643,TRAIN,False,27.01,26.9,27.26,26.99,-43.21497788557938,88.52209565491627,-35.836848932547696
2020-02-05,XLF,0.02044609665427512,1,1643,TRAIN,False,27.44,27.44,27.59,27.45,-2.4995000999798744,50.64366135519262,-6.141576784823785
2020-02-21,XLF,-0.010568513119533626,-1,1645,TRAIN,False,27.15,27.18,26.32,27.12,-13.55298684046421,301.8305318522259,-24.629925985197378
2020-02-24,XLF,-0.029801324503311213,-1,1645,TRAIN,False,26.37,26.28,26.3,26.32,31.63772686277703,22.55513673838312,12.700868441163351
2020-02-25,XLF,-0.034627092846270933,-1,1645,TRAIN,False,25.37,25.41,25.57,25.42,-18.271096079682458,-82.86560741395371,1.4343938811355998
2020-02-27,XLF,-0.029341792228390107,-1,1645,TRAIN,False,24.48,24.14,23.32,24.36,136.42311795692484,470.04498939003616,87.83406927690922
2020-02-28,XLF,-0.0434962717481359,-1,1645,TRAIN,False,23.09,23.53,23.53,22.94,-193.10683271344837,-194.6357222938744,-259.75748767887893
2020-03-02,XLF,0.022949426264343355,1,1643,TRAIN,False,24.08,24.69,24.61,24.2,250.7594411350313,216.0124453514623,199.92922903022912
2020-03-03,XLF,-0.02754151478331307,-1,1645,TRAIN,True,24.01,23.75,24.08,23.95,105.8147906132662,-33.1669832508746,81.02768779225387
2020-03-04,XLF,0.02863157894736841,1,1643,TRAIN,False,24.43,24.49,23.73,24.44,22.05432838933661,-290.4175611869027,17.953651495558805
2020-03-05,XLF,-0.05512454062882801,-1,1645,TRAIN,False,23.15,23.36,22.3,23.24,-93.23592580287247,363.31672381992644,-54.14852333633849
2020-03-06,XLF,-0.043664383561643816,-1,1645,TRAIN,False,22.34,22.57,20.55,22.42,-105.48058582173162,797.5731225027455,-69.4217790926607
2020-03-09,XLF,-0.10456357997341602,-1,1645,TRAIN,False,20.22,20.48,21.08,20.29,-131.11821177291986,-429.4924266752458,-96.16610360021875
2020-03-10,XLF,0.03027343750000005,1,1643,TRAIN,False,21.11,21.33,20.68,21.12,101.69046247595577,-207.61266979195224,96.90746509788777
2020-03-11,XLF,-0.060478199718706015,-1,1645,TRAIN,False,20.04,20.16,18.56,20.22,-62.39571267547034,734.8176222070769,27.18051028603149
2020-03-12,XLF,-0.09027777777777779,-1,1645,TRAIN,False,18.34,18.64,19.34,18.27,-166.118283634919,-549.4752167445495,-205.06892839980384
2020-03-13,XLF,0.039163090128755386,1,1643,TRAIN,False,19.37,20.38,17.09,19.53,518.7950535860814,-1180.6064187265802,432.61956927610777
2020-03-16,XLF,-0.11825318940137391,-1,1645,TRAIN,False,17.97,17.2,17.97,17.98,426.09857530771427,-4.000800160031621,431.42332582200527
2020-03-17,XLF,0.05465116279069775,1,1643,TRAIN,False,18.15,18.52,17.35,18.41,201.3062952147863,-444.59427673693824,57.23570114874275
2020-03-18,XLF,-0.11285097192224622,-1,1645,TRAIN,False,16.43,16.8,16.6,16.39,-227.75461970056847,-107.51145968694627,-252.71558277488222
2020-03-19,XLF,0.029166666666666573,1,1643,TRAIN,False,17.3,17.32,17.5,17.47,9.05830394614755,111.56150272835598,-88.33951584039056
2020-03-20,XLF,-0.020785219399538073,-1,1645,TRAIN,False,16.96,16.7,16.42,16.76,150.83971983075938,314.522810222422,33.307974244013806
2020-03-23,XLF,-0.06407185628742507,-1,1645,TRAIN,False,15.63,15.73,16.66,15.7,-66.49602473277868,-663.253572019586,-21.613558380468007
2020-03-24,XLF,0.11379529561347737,1,1643,TRAIN,False,17.53,17.68,17.94,17.57,83.04671068068266,229.7920336069703,60.09156734390236
2020-03-25,XLF,0.06334841628959281,1,1643,TRAIN,False,18.81,18.16,18.4,18.71,-347.97399903325874,-221.88119526546456,-296.3864736405999
2020-03-26,XLF,0.05561674008810581,1,1643,TRAIN,False,19.17,19.32,18.52,19.07,75.7282033421167,-342.9350645259588,128.56369470731093
2020-03-30,XLF,0.011758417958311002,1,1643,TRAIN,False,18.92,19.07,18.89,19.02,76.76186749964891,-19.84909571996869,23.78204695548825
2020-03-31,XLF,-0.03146303093864716,-1,1645,TRAIN,False,18.48,18.54,17.56,18.56,-34.97615107436933,494.03387170940846,8.278056473362899
2020-04-01,XLF,-0.06364617044228693,-1,1645,TRAIN,False,17.37,17.41,17.31,17.27,-25.534467860757598,30.555333864701936,-83.58620189585093
2020-04-02,XLF,0.013210798391728916,1,1643,TRAIN,False,17.64,17.85,17.68,17.72,116.51836299406925,18.667468320394544,70.8455938609149
2020-04-03,XLF,-0.021288515406162608,-1,1645,TRAIN,False,17.47,17.49,18.37,17.29,-13.951559630759208,-519.3757698305558,-118.203224219164
2020-04-06,XLF,0.06174957118353356,1,1643,TRAIN,False,18.57,18.75,19.77,18.67,94.40680523023123,641.9459242238793,40.339280831568686
2020-04-07,XLF,0.015466666666666622,1,1643,TRAIN,False,19.05,18.94,19.22,19.19,-60.22784944323332,85.203956584011,-132.74312307939573
2020-04-08,XLF,0.043294614572333696,1,1643,TRAIN,False,19.76,19.76,20.28,19.69,-2.4995000999788526,259.05345246740274,33.042655054566914
2020-04-09,XLF,0.05414979757085003,1,1643,TRAIN,False,20.83,20.82,20.76,20.86,-7.29906827083774,-37.59113755741214,-21.670162611773137
2020-04-13,XLF,-0.03362151777137364,-1,1645,TRAIN,False,20.13,20.07,20.55,20.21,27.313212269873766,-212.72808958214995,66.78945883189462
2020-04-15,XLF,-0.042162698412698485,-1,1645,TRAIN,False,19.31,19.28,19.24,19.28,13.039376388999319,32.26435033252347,-2.50050010002118
2020-04-16,XLF,-0.019190871369294656,-1,1645,TRAIN,False,18.91,18.95,19.68,18.91,-23.658618556076384,-411.35567145158285,-23.658618556076384
2020-04-17,XLF,0.046965699208443304,1,1643,TRAIN,False,19.83,19.94,19.55,19.92,52.95814261252969,-145.14293308761202,7.538151004338458
2020-04-20,XLF,-0.024573721163490568,-1,1645,TRAIN,False,19.45,19.6,19.0,19.5,-79.64060678459728,227.45423120613975,-53.79537445950801
2020-04-21,XLF,-0.029081632653061237,-1,1645,TRAIN,False,19.03,18.96,19.35,19.07,34.292722969185725,-172.22361971080517,55.19614672803461
2020-04-22,XLF,0.015295358649788983,1,1643,TRAIN,False,19.25,19.17,19.22,19.27,-44.047554125537296,-19.577383224654753,-54.38066512281237
2020-04-24,XLF,0.01572327044025161,1,1643,TRAIN,False,19.38,19.36,19.56,19.42,-12.816838077172024,88.84291253204562,-33.38776117073285
2020-04-27,XLF,0.035640495867768664,1,1643,TRAIN,False,20.05,20.02,20.63,20.11,-17.4583537157909,285.1619202344059,-47.24216767785063
2020-04-28,XLF,0.018481518481518532,1,1643,TRAIN,False,20.39,20.24,20.86,20.34,-76.04658568041236,226.41376580005164,-51.65141996182915
2020-04-29,XLF,0.03804347826086972,1,1643,TRAIN,True,21.0,20.82,20.41,20.96,-88.19236152769508,-284.83922263166465,-69.2766980954959
2020-04-30,XLF,-0.02353506243996167,-1,1645,TRAIN,False,20.34,20.3,19.82,20.31,17.170100686802325,251.7553658224268,2.424413981759651
2020-05-01,XLF,-0.03251231527093597,-1,1645,TRAIN,False,19.64,19.65,19.39,19.62,-7.593422961577631,123.34136888477559,-17.79484337234326
2020-05-04,XLF,-0.012213740458015189,-1,1645,TRAIN,False,19.41,19.47,19.74,19.47,-33.42013070311135,-174.0842758969106,-2.500500100019788
2020-05-06,XLF,-0.016486347243688835,-1,1645,TRAIN,False,19.09,18.99,19.24,19.07,49.89604521218628,-82.60740676160135,39.46069759311201
2020-05-07,XLF,0.02317008952080049,1,1643,TRAIN,False,19.43,19.44,19.81,19.43,2.645893878353957,191.4964408044811,2.645893878353957
2020-05-08,XLF,0.01851851851851849,1,1643,TRAIN,False,19.8,19.85,19.58,19.85,22.746713283607203,-115.06587571374713,-2.4995000999788757
2020-05-11,XLF,-0.01612090680100757,-1,1645,TRAIN,False,19.53,19.46,19.55,19.52,33.35075617273878,-14.245552643555538,28.24489078143408
2020-05-12,XLF,-0.014902363823227087,-1,1645,TRAIN,False,19.17,18.96,18.8,19.04,107.07305780404833,189.08633056814804,39.526812925609214
2020-05-13,XLF,-0.03533755274261612,-1,1645,TRAIN,False,18.29,18.4,18.08,18.34,-62.6576928288873,110.86197556624609,-35.22405680699964
2020-05-14,XLF,0.022826086956521833,1,1643,TRAIN,False,18.82,18.87,18.7,18.82,24.061340760541928,-67.73565584439001,24.061340760541928
2020-05-18,XLF,0.05706666666666668,1,1643,TRAIN,False,19.82,19.71,19.6,19.84,-57.985123459666305,-114.9538003600085,-68.00731587553365
2020-05-19,XLF,-0.01369863013698628,-1,1645,TRAIN,False,19.43,19.23,19.55,19.32,100.45884627259932,-65.78567386148357,44.09499912404699
2020-05-20,XLF,0.024440977639105504,1,1643,TRAIN,False,19.7,19.66,19.6,19.69,-22.79899350079259,-54.74032097133809,-17.73185230907127
2020-05-26,XLF,0.06301229508196723,1,1643,TRAIN,False,20.75,20.54,21.46,20.58,-103.67902323149858,338.03263443696903,-21.930987952069202
2020-05-27,XLF,0.0365141187925998,1,1643,TRAIN,False,21.29,21.43,21.67,21.36,63.24263564384452,174.41697193675515,30.26384423489912
2020-06-01,XLF,0.011510791366906399,1,1643,TRAIN,False,21.1,21.09,21.28,21.1,-7.23765199566736,81.27474031260172,-7.23765199566736
2020-06-03,XLF,0.03904045155221064,1,1643,TRAIN,False,22.09,22.05,22.02,22.13,-20.602715129223373,-35.675074129584395,-38.64048699523323
2020-06-04,XLF,0.01632653061224487,1,1643,TRAIN,False,22.41,22.53,23.85,22.45,51.03463912304553,638.3141042474241,33.12633687071037
2020-06-05,XLF,0.03817132711939633,1,1643,TRAIN,False,23.39,23.37,23.75,23.38,-11.048025538114503,149.85117555368927,-6.7755909895850115
2020-06-08,XLF,0.011981172443303276,1,1643,TRAIN,False,23.65,23.8,23.26,23.71,60.90959397972518,-168.8381139839667,35.44967935978324
2020-06-09,XLF,-0.013445378151260515,-1,1645,TRAIN,False,23.48,23.31,23.18,23.41,69.91964832489495,123.818630847125,40.226968930736106
2020-06-10,XLF,-0.028743028743028667,-1,1645,TRAIN,True,22.64,22.44,21.38,22.53,85.86081173831784,552.7589616863303,37.45622626522567
2020-06-11,XLF,-0.08065953654188958,-1,1645,TRAIN,False,20.63,20.6,21.43,20.77,12.045065338804328,-391.9407245482061,79.36878661239939
2020-06-12,XLF,0.01650485436893203,1,1643,TRAIN,False,20.95,21.23,20.49,21.07,131.11864500608286,-223.48179528772104,73.41887104306731
2020-06-16,XLF,0.012081784386617174,1,1643,TRAIN,False,21.78,21.86,21.92,21.7,34.22226482159931,60.25424850750906,71.21478930020453
2020-06-17,XLF,-0.013266239707227775,-1,1645,TRAIN,False,21.57,21.53,21.31,21.52,16.048411351252565,116.58520855770603,-7.148502191147448
2020-06-24,XLF,-0.030444964871194476,-1,1645,TRAIN,False,20.69,20.6,20.53,20.73,41.009651906212625,73.3621833114805,60.22622758994477
2020-06-25,XLF,0.02524271844660192,1,1643,TRAIN,False,21.12,21.15,20.79,21.12,11.70149492828648,-160.18671265746985,11.70149492828648
2020-06-26,XLF,-0.043026004728132394,-1,1645,TRAIN,False,20.24,20.24,20.46,20.3,-2.500500100021901,-112.73993929220794,27.063540786975278
2020-06-30,XLF,0.010752688172042954,1,1643,TRAIN,False,20.68,20.75,20.83,20.75,31.34116890355118,68.50564123152239,-2.4995000999791004
2020-07-06,XLF,0.018941233608547867,1,1643,TRAIN,False,20.98,20.98,20.81,20.99,-2.4995000999793424,-84.99634677449778,-7.262482710697083
2020-07-07,XLF,-0.019542421353670167,-1,1645,TRAIN,False,20.57,20.55,20.54,20.54,7.2248285340079414,10.58938088055199,-7.370266653137383
2020-07-08,XLF,0.010218978102189823,1,1643,TRAIN,False,20.76,20.77,20.76,20.74,2.316251585904785,-3.999200159969225,11.961686736905508
2020-07-09,XLF,-0.02359171882522862,-1,1645,TRAIN,False,20.28,20.33,20.32,20.29,-27.161497388233986,-23.73255716231869,-22.21957452111512
2020-07-10,XLF,0.03344810624692589,1,1643,TRAIN,False,21.0,21.03,21.3,20.99,11.782643471306296,138.80081126631876,16.55243034289988
2020-07-15,XLF,0.01978332548280726,1,1643,TRAIN,False,21.65,21.65,21.46,21.68,-2.4995000999793056,-91.72391849574508,-16.333679758512638
2020-07-21,XLF,0.017773620205799933,1,1643,TRAIN,False,21.76,21.79,21.68,21.77,11.28381860392522,-40.74920310055691,6.685158145220378
2020-07-29,XLF,0.018122676579925678,1,1643,TRAIN,True,21.92,21.93,21.51,21.92,2.0614034127484158,-190.9681932226682,2.0614034127484158
2020-07-30,XLF,-0.019607843137254888,-1,1645,TRAIN,False,21.5,21.53,21.52,21.52,-16.457477542022474,-13.306847415995483,-7.148502191147448
2020-08-05,XLF,0.014411901441190084,1,1643,TRAIN,False,21.82,21.81,21.74,21.8,-7.0813060119417885,-40.648149013644115,2.0865093036436475
2020-08-07,XLF,0.01559633027522935,1,1643,TRAIN,False,22.14,22.27,22.39,22.21,56.203077361040606,108.87343759793677,24.50860570794391
2020-08-11,XLF,0.018279090503789574,1,1643,TRAIN,False,22.85,22.69,23.09,22.71,-72.50387996798905,100.99161786898492,-11.3039919537006
2020-08-17,XLF,-0.015950376606114286,-1,1645,TRAIN,False,22.21,22.19,22.21,22.22,6.506704312495437,-4.000800160032857,11.004226047728118
2020-08-24,XLF,0.01973382285452041,1,1643,TRAIN,False,22.22,22.31,22.5,22.26,37.99442631725657,121.96300613864696,19.956700483800656
2020-08-27,XLF,0.020655590480467036,1,1643,TRAIN,False,22.72,22.64,22.8,22.67,-37.70196664892192,31.197985754963767,-15.729540461558807
2020-08-31,XLF,-0.010558732952045843,-1,1645,TRAIN,False,22.49,22.46,22.35,22.51,10.842097276723532,58.27399361597581,19.717404164972805
2020-09-02,XLF,0.014203284509542844,1,1643,TRAIN,False,22.85,22.84,22.98,22.9,-6.874773841732383,52.87082627238164,-28.693824553866932
2020-09-03,XLF,-0.01707530647985992,-1,1645,TRAIN,False,22.45,22.5,22.93,22.48,-24.777784064609396,-217.89480390510207,-11.39952189726246
2020-09-04,XLF,0.01288888888888885,1,1643,TRAIN,False,22.79,22.67,22.45,22.7,-55.14101216614728,-153.1277772527986,-15.712055826717638
2020-09-08,XLF,-0.02029113365681521,-1,1645,TRAIN,False,22.21,22.09,22.29,22.25,51.5427263750797,-40.035021862544,69.42759338384431
2020-09-09,XLF,0.01629696695337254,1,1643,TRAIN,False,22.45,22.31,22.38,22.37,-64.84471479868928,-35.16713138441408,-29.314432151567683
2020-09-10,XLF,-0.01299865531151946,-1,1645,TRAIN,False,22.03,22.0,22.03,22.1,11.120698946870936,-4.000800160031521,42.75968315835148
2020-09-14,XLF,0.012178619756427585,1,1643,TRAIN,False,22.44,22.45,22.5,22.49,1.9557140265344843,22.72807470591446,-20.280737094021077
2020-09-15,XLF,-0.012472160356347331,-1,1645,TRAIN,False,22.17,22.15,22.16,22.18,6.522955470661082,0.5116043506418763,11.02858082887968
2020-09-16,XLF,0.013092550790067842,1,1643,TRAIN,True,22.45,22.4,22.1,22.46,-24.765648206662227,-159.83885628219483,-29.206981399802658
2020-09-17,XLF,-0.014732142857142782,-1,1645,TRAIN,False,22.07,22.19,22.17,22.14,-56.886547223356516,-49.329304012139914,-25.089706288142608
2020-09-21,XLF,-0.028933092224231488,-1,1645,TRAIN,False,21.48,21.57,21.51,21.47,-44.410418396529366,-17.97286831668026,-49.088765121446
2020-09-22,XLF,-0.011126564673157254,-1,1645,TRAIN,False,21.33,21.39,21.43,21.34,-30.63692907358166,-50.90188220485311,-25.936536885635707
2020-09-23,XLF,-0.018232819074333828,-1,1645,TRAIN,False,21.0,20.91,20.93,21.0,40.36735918612075,29.34586917383416,40.36735918612075
2020-09-25,XLF,0.011927480916030533,1,1643,TRAIN,False,21.21,21.18,21.47,21.14,-16.640236309174032,118.53546311011355,16.41724635205241
2020-09-28,XLF,0.02644003777148247,1,1643,TRAIN,False,21.74,21.68,21.61,21.71,-30.091497799795015,-63.7728939952569,-16.314562974093835
2020-10-02,XLF,0.011504832029452369,1,1643,TRAIN,False,21.98,21.91,22.11,21.92,-34.33867366653979,55.121823678940736,-7.060403612707145
2020-10-05,XLF,0.017343678685531674,1,1643,TRAIN,False,22.29,22.26,22.47,22.27,-15.955086237125547,76.72220602985684,-6.988723494635255
2020-10-07,XLF,0.019056261343012783,1,1643,TRAIN,False,22.46,22.39,22.53,22.44,-33.65822828310599,27.154853980228886,-24.775570732556115
2020-10-08,XLF,0.01473872264403744,1,1643,TRAIN,False,22.71,22.71,22.84,22.73,-2.499500099980396,53.22141208041935,-11.296244930512806
2020-10-12,XLF,0.013632365875110039,1,1643,TRAIN,False,23.05,22.99,22.92,23.04,-28.523362572605734,-60.375777339109106,-24.195464726500067
2020-10-13,XLF,-0.015658982166159175,-1,1645,TRAIN,False,22.63,22.54,22.57,22.61,37.27966096975361,22.523285037033872,28.46699370833852
2020-10-19,XLF,-0.013321492007104828,-1,1645,TRAIN,False,22.22,22.16,22.33,22.19,24.508952195478326,-53.525556596467645,11.022483901917221
2020-10-20,XLF,0.012635379061371892,1,1643,TRAIN,False,22.43,22.33,22.32,22.43,-47.071504112017465,-53.02104982480905,-47.071504112017465
2020-10-22,XLF,0.01978417266187056,1,1643,TRAIN,False,22.68,22.69,22.83,22.68,1.9085689035051527,62.1119162410904,1.9085689035051527
2020-10-26,XLF,-0.026362038664323434,-1,1645,TRAIN,False,22.16,22.27,22.24,22.19,-52.15190149943329,-40.11632651439858,-38.56179077185474
2020-10-27,XLF,-0.015267175572519078,-1,1645,TRAIN,False,21.93,21.84,21.38,21.9,38.549433552919524,246.89753272131838,24.90361085915546
2020-10-28,XLF,-0.017857142857142884,-1,1645,TRAIN,False,21.45,21.28,21.23,21.41,76.77339663736667,98.6043362518655,58.23397281044067
2020-10-29,XLF,0.01080827067669175,1,1643,TRAIN,False,21.51,21.44,21.29,21.46,-35.034369230291574,-106.23630736428336,-11.816835141825186
2020-11-02,XLF,0.021850302185030163,1,1643,TRAIN,False,21.99,21.91,22.32,21.84,-38.87057968124192,146.00899738197194,29.5437707330341
2020-11-03,XLF,0.024189867640346925,1,1643,TRAIN,False,22.45,22.4,22.0,22.48,-24.765648206662227,-204.364472317118,-38.07779369393101
2020-11-05,XLF,0.026196928635952948,1,1643,TRAIN,True,22.71,22.68,22.79,22.65,-15.706237880562268,31.21348429565438,10.74222241644461
2020-11-09,XLF,0.09200000000000001,1,1643,TRAIN,False,24.57,24.37,24.37,24.54,-83.87923554890118,-85.3667280381936,-71.75683852634475
2020-11-12,XLF,-0.022979072630283228,-1,1645,TRAIN,False,23.81,23.97,24.19,23.84,-69.71595915151137,-163.6614597173956,-57.04433671969232
2020-11-13,XLF,0.016687526074259582,1,1643,TRAIN,False,24.37,24.36,24.98,24.45,-6.601880280490471,246.20845219548622,-39.300115437035686
2020-11-16,XLF,0.01683087027914615,1,1643,TRAIN,False,24.77,24.9,24.59,24.8,49.97022396085994,-76.63868921815056,37.81300191574448
2020-11-23,XLF,0.019591836734693894,1,1643,TRAIN,False,24.99,24.96,25.39,24.97,-14.50130142038757,156.0008126425938,-6.503304865658151
2020-11-24,XLF,0.032451923076923024,1,1643,TRAIN,False,25.77,25.83,25.69,25.75,20.777567420158597,-35.030634540533896,28.560695627863627
2020-11-30,XLF,-0.01870615744349183,-1,1645,TRAIN,False,25.18,25.13,25.6,25.16,17.361494538779265,-170.86657998795954,9.426169812657859
2020-12-01,XLF,0.016713091922005638,1,1643,TRAIN,False,25.54,25.53,25.48,25.51,-6.4139482205349685,-27.48236570383528,5.338602996766106
2020-12-02,XLF,0.01057579318448882,1,1643,TRAIN,False,25.81,25.8,25.81,25.84,-6.372998937600109,-3.9992001599668883,-17.975507065769982
2020-12-15,XLF,0.015384615384615266,1,1643,TRAIN,False,25.74,25.79,25.83,25.76,16.920664041241373,30.951851587725336,9.143551724437737
2020-12-18,XLF,-0.014285714285714188,-1,1645,TRAIN,False,25.54,25.68,25.98,25.59,-57.33018177637184,-176.34850384328985,-37.679282632611404
2020-12-21,XLF,0.01518691588785049,1,1643,TRAIN,False,26.07,26.02,26.04,25.98,-21.673839378653224,-15.502077950347605,12.893110369457908
2020-12-23,XLF,0.017850213426464916,1,1643,TRAIN,False,26.23,26.18,26.25,26.25,-21.556878102076674,3.6226075410155234,-29.15950143304657
2021-01-04,XLF,-0.015724447772369962,-1,1645,VAL,False,26.28,26.35,26.34,26.38,-29.143385754777313,-26.840984635282805,8.874595237469237
2021-01-06,XLF,0.0460899131091803,1,1643,VAL,False,27.7,27.64,28.05,27.62,-24.154735839834974,122.30405904378719,4.739819595821018
2021-01-07,XLF,0.014833574529667154,1,1643,VAL,False,28.05,28.04,28.17,28.08,-6.063671401192538,38.764439625443764,-16.740953803540496
2021-01-12,XLF,0.01031661330487368,1,1643,VAL,False,28.4,28.4,28.35,28.39,-2.4995000999791817,-21.597793117430673,1.0219865149896579
2021-01-15,XLF,-0.015082427218519932,-1,1645,VAL,False,28.08,28.04,28.18,28.01,11.748076110947602,-39.62758363638552,-13.213638800591102
2021-01-27,XLF,-0.02733653490949398,-1,1645,VAL,True,26.33,26.29,26.58,26.24,12.695095038756051,-98.9875149355733,-21.56014282124788
2021-01-28,XLF,0.023583111449220276,1,1643,VAL,False,26.91,26.76,26.69,26.85,-58.226927635654576,-85.72049989853312,-36.010674959979916
2021-01-29,XLF,-0.01233183856502249,-1,1645,VAL,False,26.43,26.22,26.52,26.32,76.97453225037802,-38.06663716398098,35.50292125294355
2021-02-01,XLF,0.012585812356979476,1,1643,VAL,False,26.55,26.58,26.89,26.56,8.79711063437079,124.00984963082773,5.028738228258426
2021-02-02,XLF,0.02595936794582398,1,1643,VAL,False,27.28,27.22,27.18,27.23,-24.488137563103344,-40.64143183093578,-6.171002303395368
2021-02-04,XLF,0.017922457937088458,1,1643,VAL,False,27.84,27.98,28.18,27.86,47.77528689664404,118.07839581509005,40.562239310932114
2021-02-16,XLF,0.01960784313725498,1,1643,VAL,False,29.12,29.08,28.96,29.12,-16.232330456986265,-58.922281477770454,-16.232330456986265
2021-02-19,XLF,0.014128187456926263,1,1643,VAL,False,29.43,29.37,29.27,29.4,-22.881764116086202,-58.34375088964531,-12.701031222325835
2021-02-24,XLF,0.01877934272300465,1,1643,VAL,False,30.38,30.38,30.65,30.37,-2.4995000999794987,84.83951662597057,0.7923999658420645
2021-02-25,XLF,-0.01547070441079654,-1,1645,VAL,False,29.9,29.85,29.8,29.88,14.226089365027319,29.45739649602118,7.542171084816823
2021-02-26,XLF,-0.01440536013400334,-1,1645,VAL,False,29.43,29.28,29.78,29.47,48.48064414105933,-122.97464589757888,61.98796596781105
2021-03-01,XLF,0.034836065573770475,1,1643,VAL,False,30.3,30.19,30.17,30.27,-38.79405637024355,-46.88633230449508,-28.921701619371575
2021-03-03,XLF,0.014295212765957556,1,1643,VAL,False,30.51,30.32,30.24,30.47,-64.7585985916545,-92.45938422934931,-51.715944963287704
2021-03-04,XLF,-0.014511873350923524,-1,1645,VAL,False,29.88,29.98,30.48,29.97,-35.97607071615275,-204.88435036404917,-5.838004437724968
2021-03-05,XLF,0.016344229486324163,1,1643,VAL,False,30.47,30.55,30.77,30.56,23.74927049378532,94.41892389490633,-5.7709335096312735
2021-03-08,XLF,0.016366612111292964,1,1643,VAL,False,31.05,30.94,30.69,31.12,-37.917376267096806,-119.89486160738828,-60.325659803771224
2021-03-10,XLF,0.01924959216965742,1,1643,VAL,False,31.24,31.28,31.12,31.26,10.301396826910224,-42.39613024898106,3.8968533868406436
2021-03-15,XLF,-0.010472865756902629,-1,1645,VAL,False,31.18,31.33,31.16,31.21,-50.62029083173881,2.4161342852281824,-40.959329321808106
2021-03-16,XLF,-0.010852218321097985,-1,1645,VAL,False,30.98,31.0,31.23,30.98,-8.957892288593449,-84.73030952220142,-8.957892288593449
2021-03-19,XLF,-0.010519604717883387,-1,1645,VAL,False,31.04,31.01,30.78,31.01,7.166865074043384,79.79559829491556,-2.5005001000207363
2021-03-22,XLF,-0.011286681715575666,-1,1645,VAL,False,30.66,30.61,30.43,30.62,13.811470709012982,71.04552025865047,0.7661558438392455
2021-03-23,XLF,-0.015354459327017277,-1,1645,VAL,False,30.14,30.18,30.4,30.14,-15.775218746470573,-90.29941356552644,-15.775218746470573
2021-03-25,XLF,0.01419610432485968,1,1643,VAL,False,30.72,30.8,31.14,30.78,23.535657451844354,132.66487327534577,3.9966015893638405
2021-03-30,XLF,0.010964205095130597,1,1643,VAL,False,31.35,31.23,31.16,31.27,-40.76744459720584,-64.58102318930237,-15.288116025659173
2021-04-20,XLF,-0.01929660753190168,-1,1645,VAL,False,31.52,31.53,31.42,31.59,-5.673882238377867,27.73778105874885,16.497601514603694
2021-04-21,XLF,0.010783380907072624,1,1643,VAL,False,31.88,31.96,31.93,31.96,22.58833051457495,11.678341872404095,-2.499500099979847
2021-04-22,XLF,-0.010012515644555704,-1,1645,VAL,False,31.65,31.61,31.61,31.62,10.140890737388515,8.64248679119708,0.6628460416939055
2021-04-23,XLF,0.022144890857323723,1,1643,VAL,False,32.31,32.2,32.32,32.26,-36.53617775361608,-0.9054208966322503,-21.093735375674566
2021-04-29,XLF,0.015897279119535188,1,1643,VAL,False,33.23,33.29,33.11,33.28,15.551960327166904,-40.096705305340976,0.5045565406154376
2021-05-06,XLF,0.010385756676557695,1,1643,VAL,False,34.04,34.2,33.81,34.09,44.49227663280548,-71.53974610483259,29.759961765345373
2021-05-11,XLF,-0.015715948777648404,-1,1645,VAL,False,33.82,33.75,34.01,33.72,18.20248733365853,-60.20305184632284,-11.39952189726246
2021-05-12,XLF,-0.01303703703703697,-1,1645,VAL,False,33.31,33.4,33.28,33.37,-29.52616941881297,5.009107495471766,-11.492858955369782
2021-05-13,XLF,0.020359281437125742,1,1643,VAL,False,34.07,33.94,34.13,34.14,-40.64669895489677,13.604558219558632,-61.06716559441528
2021-05-14,XLF,0.01708898055391884,1,1643,VAL,False,34.52,34.48,34.37,34.48,-14.084089323504905,-47.43489309090691,-2.499500099980154
2021-05-21,XLF,0.010321439103509333,1,1643,VAL,False,34.25,34.21,34.35,34.21,-14.175413092564165,25.186203635185993,-2.499500099980123
2021-06-14,XLF,-0.014916642293068091,-1,1645,VAL,False,33.68,33.83,33.84,33.74,-47.04845363372019,-51.525744578844865,-29.1817403196125
2021-06-17,XLF,-0.02776137034849373,-1,1645,VAL,False,32.92,32.86,32.42,32.92,15.730059742204904,147.9433189189487,15.730059742204904
2021-06-18,XLF,-0.022519780888618442,-1,1645,VAL,False,32.12,32.07,32.38,32.2,13.070017490419898,-84.97963602683397,37.88226589417359
2021-06-21,XLF,0.022139070782662952,1,1643,VAL,False,32.78,32.81,32.89,32.76,6.650134280649761,29.544426685134507,12.759200296694154
2021-06-24,XLF,0.013361676283024529,1,1643,VAL,False,33.38,33.34,33.52,33.37,-14.479728380266302,37.92530888669558,-11.48736389970685
2021-06-25,XLF,0.012897420515896811,1,1643,VAL,False,33.77,33.75,33.68,33.79,-8.420436137826231,-30.639415498600233,-14.334363077073753
2021-07-06,XLF,-0.014518518518518578,-1,1645,VAL,False,33.25,33.22,33.02,33.23,6.5243123812717325,65.19980687866914,0.5095813023561522
2021-07-08,XLF,-0.020739404869251722,-1,1645,VAL,False,32.57,32.6,33.08,32.5,-11.713733597198326,-160.64926218280252,-33.2774247157154
2021-07-09,XLF,0.02944785276073622,1,1643,VAL,False,33.56,33.54,33.34,33.54,-8.457486095154096,-69.5272149384178,-2.4995000999791035
2021-07-12,XLF,0.010733452593917694,1,1643,VAL,False,33.9,33.87,33.76,33.88,-11.34684567511337,-45.280619392345265,-5.450356209752447
2021-07-13,XLF,-0.010038382049010816,-1,1645,VAL,False,33.53,33.51,33.53,33.56,3.465799035141747,-4.000800160032729,12.401914232667565
2021-07-16,XLF,-0.014644351464435205,-1,1645,VAL,False,32.97,33.01,32.37,32.96,-14.635775198716628,178.05562932422833,-17.67419624701598
2021-07-19,XLF,-0.030596788851863014,-1,1645,VAL,False,32.0,32.08,32.05,31.97,-27.506751350269422,-19.63205141028172,-36.91636043818087
2021-07-20,XLF,0.026807980049875297,1,1643,VAL,False,32.94,32.88,33.14,32.9,-20.70988352420431,56.69297227379143,-8.57700800265311
2021-07-21,XLF,0.018552311435523095,1,1643,VAL,False,33.49,33.44,33.33,33.48,-17.42559818881359,-51.755549158907094,-14.443945141675494
2021-07-22,XLF,-0.010466507177033324,-1,1645,VAL,False,33.09,33.08,33.4,33.11,0.5223166120099381,-97.72217362783131,6.562472264914767
2021-07-29,XLF,0.012623985572587754,1,1643,VAL,False,33.69,33.64,33.54,33.67,-17.336989710991652,-48.50499178881746,-11.407281953174293
2021-08-03,XLF,0.0116836428999401,1,1643,VAL,False,33.77,33.75,33.44,33.74,-8.420436137826231,-101.67998973495294,0.46360022601097123
2021-08-05,XLF,0.01015835076187641,1,1643,VAL,False,33.81,33.91,34.23,33.87,27.07015532711134,120.17472281941029,9.307409259217643
2021-08-06,XLF,0.02034797994691846,1,1643,VAL,False,34.6,34.6,34.55,34.57,-2.4995000999808514,-18.444288021009363,6.176375369993188
2021-08-23,XLF,0.010162601626016302,1,1643,VAL,False,34.78,34.72,34.79,34.77,-19.746481985950638,-1.1251343750806335,-16.876118592791556
2021-08-25,XLF,0.013169195533925017,1,1643,VAL,False,35.39,35.34,35.5,35.4,-16.624253561267977,27.070596053153963,-19.444416201504925
2021-08-27,XLF,0.011941996019334707,1,1643,VAL,False,35.58,35.64,35.66,35.62,14.359691299516182,18.476349699144873,3.113919607995033
2021-08-30,XLF,-0.012065095398428724,-1,1645,VAL,False,35.21,35.13,35.11,35.18,20.2259991901799,24.41158495828782,11.715674573229492
2021-09-14,XLF,-0.01612438813705716,-1,1645,VAL,False,34.17,34.27,34.25,34.21,-31.77325544125513,-27.422516988032108,-20.04361702507184
2021-09-15,XLF,0.010796615115261086,1,1643,VAL,False,34.63,34.6,34.72,34.66,-11.160343732582714,21.97943316332377,-19.80619456027901
2021-09-20,XLF,-0.031450203843913956,-1,1645,VAL,False,33.26,33.54,33.75,33.42,-86.70675806839195,-151.38385464224575,-38.416121285297805
2021-09-22,XLF,0.021492537313432803,1,1643,VAL,True,34.22,34.06,34.39,34.17,-49.244096242118225,45.65948294853022,-34.6834349840586
2021-09-23,XLF,0.02524955960070462,1,1643,VAL,False,34.92,34.89,34.86,34.94,-11.08841805522195,-21.174459266223092,-16.806169390048108
2021-09-27,XLF,0.01339794754846063,1,1643,VAL,False,35.55,35.55,35.54,35.56,-2.499500099980049,-6.811014730949066,-5.310945684880833
2021-09-28,XLF,-0.013783403656821236,-1,1645,VAL,False,35.06,34.97,35.08,35.08,23.17619827445305,-9.707588979288204,28.86423921044023
2021-10-01,XLF,0.018583042973286893,1,1643,VAL,False,35.08,35.01,34.96,35.08,-22.448902465801144,-38.19304554140322,-22.448902465801144
2021-10-05,XLF,0.022760011524056444,1,1643,VAL,False,35.49,35.39,35.07,35.49,-30.669408524607373,-122.2950676136959,-30.669408524607373
2021-10-14,XLF,0.014513375071143938,1,1643,VAL,False,35.65,35.73,36.08,35.65,19.93528363051101,116.56967344259158,19.93528363051101
2021-10-15,XLF,0.01707248810523388,1,1643,VAL,False,36.34,36.26,36.19,36.31,-24.508306924195843,-45.25952266893977,-16.26636941958895
2021-10-22,XLF,0.014145810663765048,1,1643,VAL,False,37.28,37.28,37.37,37.28,-2.499500099978752,20.132776019902415,-2.499500099978752
2021-10-27,XLF,-0.013955984970477618,-1,1645,VAL,False,36.74,36.65,36.79,36.73,22.00208686266293,-17.615390252790334,19.285506978878455
2021-11-04,XLF,-0.017741935483871065,-1,1645,VAL,False,36.54,36.71,37.0,36.59,-49.03649038510746,-129.940602241959,-35.30454656112994
2021-11-17,XLF,-0.010866612333605152,-1,1645,VAL,False,36.41,36.39,36.42,36.43,2.993869853343409,-6.748397193857912,8.482207009613607
2021-11-19,XLF,-0.011878453038674025,-1,1645,VAL,False,35.77,35.81,36.29,35.78,-13.685851511930736,-149.43217885958967,-10.88716904923988
2021-11-22,XLF,0.02066461882155808,1,1643,VAL,False,36.55,36.31,36.55,36.48,-68.1465622060242,-3.9992001599662665,-49.088729403239576
2021-11-23,XLF,0.013219498760671904,1,1643,VAL,False,36.79,36.88,36.81,36.83,21.95755467009577,1.4348856241271912,11.072995827119758
2021-11-30,XLF,-0.021854861305687902,-1,1645,VAL,False,34.91,34.84,35.45,34.99,17.55607495030726,-158.74615771048943,40.37961064633692
2021-12-02,XLF,0.031640058055152284,1,1643,VAL,False,35.53,35.48,35.53,35.55,-16.5685973416074,-3.999200159968163,-22.185155092749408
2021-12-03,XLF,-0.016347237880496007,-1,1645,VAL,False,34.9,34.9,35.45,34.75,-2.5005001000215583,-161.65697322845685,-45.67676125153133
2021-12-06,XLF,0.015472779369627484,1,1643,VAL,False,35.44,35.43,35.85,35.46,-5.320465252319375,111.64302128287821,-10.95762235031785
2021-12-07,XLF,0.016934801016088102,1,1643,VAL,False,36.03,36.07,36.09,35.97,8.599584551588565,12.646929398467812,25.294496285619687
2021-12-16,XLF,0.015100671140939574,1,1643,VAL,False,36.3,36.21,35.98,36.25,-27.286691422045145,-92.11821547536304,-13.531224789523739
2021-12-17,XLF,-0.018503175918254674,-1,1645,VAL,False,35.54,35.42,34.87,35.58,31.272714869363867,184.5946004057311,42.47982817473983
2021-12-20,XLF,-0.02428006775832861,-1,1645,VAL,False,34.55,34.73,35.08,34.61,-54.611935411685636,-157.46304108868057,-37.18122994723193
2021-12-21,XLF,0.020155485171321708,1,1643,VAL,False,35.43,35.45,35.35,35.35,3.1440226208218145,-26.569904760227217,25.781972318407984
2022-01-03,XLF,0.011385726187170334,1,1643,VAL,False,36.42,36.45,36.88,36.39,5.735673293677254,122.25451669688073,13.984424879245056
2022-01-04,XLF,0.026337448559670608,1,1643,VAL,False,37.41,37.41,37.52,37.5,-2.4995000999796146,25.392943330610347,-26.493501299741716
2022-01-06,XLF,0.013791238507301384,1,1643,VAL,False,37.49,37.52,37.6,37.54,5.500633668945068,25.330223365836748,-7.8258189598096095
2022-01-07,XLF,0.011460554371002124,1,1643,VAL,False,37.95,37.96,38.2,38.0,0.1348873835247475,61.850607480611245,-13.023184836714952
2022-01-14,XLF,-0.013403416557161579,-1,1645,VAL,False,37.54,37.65,37.4,37.56,-31.809904868560693,33.30767378835334,-26.468153055530003
2022-01-18,XLF,-0.02177954847277557,-1,1645,VAL,False,36.83,36.81,37.09,36.72,2.9312134487693737,-74.62366760618046,-27.01643269830624
2022-01-19,XLF,-0.011409942950285294,-1,1645,VAL,False,36.38,36.19,36.3,36.33,49.73905721221211,17.99810209430719,36.044781210575145
2022-01-21,XLF,-0.023081201334816413,-1,1645,VAL,False,35.13,35.23,34.62,35.25,-30.97331678120171,141.232345529741,3.174677488690059
2022-02-01,XLF,0.014714047751249138,1,1643,VAL,False,36.54,36.52,36.5,36.55,-7.971585759476213,-14.941729771178156,-10.705382863233664
2022-02-04,XLF,0.024752475247524715,1,1643,VAL,False,37.26,36.98,37.02,37.17,-77.6283283332603,-68.38567874186748,-53.603215326803145
2022-02-08,XLF,0.014019951469398651,1,1643,VAL,False,37.61,37.6,37.81,37.6,-5.157702838586623,49.15687960520132,-2.499500099979847
2022-02-11,XLF,-0.015195947747267404,-1,1645,VAL,False,36.94,36.99,36.97,36.87,-16.039347555490778,-12.12532706866167,-35.05542442907053
2022-02-14,XLF,-0.01243579345769129,-1,1645,VAL,False,36.53,36.57,37.01,36.61,-13.453142312010435,-135.4522204742059,8.428208449664556
2022-02-15,XLF,0.01339896089691009,1,1643,VAL,False,37.06,37.07,36.89,36.99,0.19815249038507918,-49.85241483813317,19.122560997395937
2022-02-17,XLF,-0.024258760107816673,-1,1645,VAL,False,36.2,36.18,36.14,36.21,3.025743270202578,12.580416635815716,5.786575707851225
2022-02-23,XLF,-0.013618677042801416,-1,1645,VAL,False,35.49,35.35,34.18,35.35,36.957095561122536,365.2649380256449,-2.50050010002159
2022-02-24,XLF,-0.02149929278642144,-1,1645,VAL,False,34.58,34.93,35.16,34.78,-103.74038370427157,-171.79491421708212,-45.639518933114964
2022-02-25,XLF,0.031777841397079856,1,1643,VAL,False,36.04,36.06,35.2,36.06,3.0485023971904113,-236.9803508776578,-2.4995000999814185
2022-02-28,XLF,-0.021353300055463202,-1,1645,VAL,False,35.29,35.52,35.18,35.34,-67.69106725851017,27.181973657411955,-53.447022171837624
2022-03-01,XLF,-0.03688063063063069,-1,1645,VAL,False,34.2,34.21,34.5,34.22,-5.425207848586196,-91.75519314389065,0.42249829276069933
2022-03-02,XLF,0.027769657994738257,1,1643,VAL,False,35.16,35.1,35.25,35.18,-19.560081157829973,21.58783260412806,-25.234009480082523
2022-03-04,XLF,-0.026007430694484242,-1,1645,VAL,False,34.08,34.33,34.02,34.12,-75.87565048220947,13.611877305036153,-64.06336953205505
2022-03-07,XLF,-0.03349839790270896,-1,1645,VAL,False,33.18,33.08,33.22,33.22,27.645673800220884,-16.061078400128753,39.65332500575886
2022-03-09,XLF,0.04288321167883201,1,1643,VAL,False,34.29,34.09,33.53,34.29,-60.81096408306537,-225.54952409926307,-60.81096408306537
2022-03-10,XLF,-0.01144030507480201,-1,1645,VAL,False,33.7,33.81,34.1,33.71,-35.14961152467951,-122.74264942009079,-32.17270567729872
2022-03-14,XLF,0.011915400655346993,1,1643,VAL,False,33.96,33.99,34.33,34.0,6.332214122547411,104.9089357629057,-5.439941423479195
2022-03-15,XLF,0.014416004707266691,1,1643,VAL,False,34.48,34.47,34.91,34.5,-5.399007205517332,120.6609026222602,-11.192978795545217
2022-03-16,XLF,0.022048157818392748,1,1643,VAL,True,35.23,35.44,35.24,35.22,57.093889198315814,-1.161845405541354,59.949395697236426
2022-03-22,XLF,0.013915947676036738,1,1643,VAL,False,36.43,36.51,36.28,36.51,19.454934157279233,-45.157589398946264,-2.499500099979506
2022-03-23,XLF,-0.013694878115584772,-1,1645,VAL,False,36.01,35.84,36.09,35.97,44.72041311900073,-26.22573945502975,33.64976581638132
2022-03-30,XLF,-0.011484823625922935,-1,1645,VAL,False,36.15,36.32,36.26,36.17,-49.53853841307866,-34.44174312040843,-43.98170206338767
2022-03-31,XLF,-0.015143171806167323,-1,1645,VAL,False,35.77,35.47,35.72,35.66,81.38963548930039,9.982986253389248,50.793809911728076
2022-04-08,XLF,0.013536866359446972,1,1643,VAL,False,35.2,35.08,34.98,35.14,-36.58188816782075,-66.47420515896913,-19.569791221038315
2022-04-12,XLF,-0.01460481099656372,-1,1645,VAL,False,34.41,34.54,34.22,34.45,-40.28966211725415,51.23779769031382,-28.631851188814622
2022-04-19,XLF,0.013973799126637463,1,1643,VAL,False,34.83,34.83,35.1,34.83,-2.4995000999799664,73.48917813336774,-2.4995000999799664
2022-04-21,XLF,-0.014542343883661192,-1,1645,VAL,False,34.56,34.51,34.46,34.54,11.970710114244548,24.945961414505426,6.187253663818802
2022-04-22,XLF,-0.021153288901767514,-1,1645,VAL,False,33.77,33.48,33.21,33.75,83.39600996894794,161.89320185624393,77.51950390078167
2022-04-26,XLF,-0.022361359570661897,-1,1645,VAL,False,32.79,32.7,32.65,32.81,24.953755618460608,38.71222551921313,31.034247081051916
2022-04-28,XLF,0.014080195898377742,1,1643,VAL,False,33.13,33.09,32.92,33.06,-14.570131551714729,-67.36050918400521,6.572641914449356
2022-04-29,XLF,-0.030522816560894683,-1,1645,VAL,False,32.07,31.95,32.1,32.1,34.92700410989555,-13.359079673745523,44.24015644250377
2022-05-03,XLF,0.017521902377972538,1,1643,VAL,False,32.52,32.37,32.43,32.35,-48.61343229509221,-31.663409015615528,3.681334830405332
2022-05-04,XLF,0.026258881680568474,1,1643,VAL,True,33.22,33.36,32.98,33.31,39.63325336136774,-76.21594284394332,12.507255378704002
2022-05-05,XLF,-0.038069544364508275,-1,1645,VAL,False,32.1,32.39,32.26,32.24,-92.86576941556584,-53.86497860319447,-49.03818853100687
2022-05-06,XLF,-0.012040753318925611,-1,1645,VAL,False,32.0,32.16,31.73,32.17,-52.51300260052022,80.40795659131815,0.6087633442143519
2022-05-09,XLF,-0.02052238805970139,-1,1645,VAL,False,31.5,31.39,31.68,31.43,32.42886672572536,-61.16651901808941,10.229376451172378
2022-05-10,XLF,-0.012105766167569258,-1,1645,VAL,False,31.01,31.11,31.15,31.0,-34.756225672737955,-49.16558932553808,-37.99324381005273
2022-05-12,XLF,-0.016866688290626,-1,1645,VAL,False,30.31,30.6,30.97,30.39,-98.20241844475962,-221.83783506948865,-71.61945715895466
2022-05-13,XLF,0.01535947712418297,1,1643,VAL,False,31.06,31.04,30.92,31.02,-8.937040666560083,-49.0552243704498,3.946341614977789
2022-05-17,XLF,0.027940220922677044,1,1643,VAL,False,31.64,31.61,31.31,31.65,-11.9787989304795,-108.25584567031008,-15.134571821811582
2022-05-18,XLF,-0.0310028472002531,-1,1645,VAL,False,30.63,30.73,30.32,30.69,-35.15639464817663,97.24765717100388,-15.537320562842758
2022-05-20,XLF,-0.013756960366852332,-1,1645,VAL,False,30.11,30.48,31.06,30.38,-125.41399013778258,-319.63682673432567,-35.42512320765833
2022-05-23,XLF,0.036089238845144284,1,1643,VAL,False,31.58,31.47,31.28,31.45,-37.32296605909878,-98.95804246370356,3.858210869749878
2022-05-25,XLF,0.01210191082802556,1,1643,VAL,False,31.78,31.65,31.99,31.75,-43.395505920843576,62.053668561440716,-33.987690650846346
2022-05-26,XLF,0.02274881516587674,1,1643,VAL,False,32.37,32.38,32.52,32.44,0.589007932120673,42.3214708309524,-20.990561443811917
2022-05-27,XLF,0.015132798023471119,1,1643,VAL,False,32.87,32.93,32.66,32.87,15.749664183379354,-67.86169386141067,15.749664183379354
2022-06-01,XLF,-0.011875761266747885,-1,1645,VAL,False,32.45,32.31,32.34,32.47,40.653585262505274,29.911066959155107,46.78807643265433
2022-06-03,XLF,-0.014037229173024132,-1,1645,VAL,False,32.3,32.28,32.55,32.3,3.692998661650423,-81.43114691049531,3.692998661650423
2022-06-08,XLF,-0.015634580012262356,-1,1645,VAL,False,32.11,32.05,32.01,32.11,16.18993994999483,27.154605633054196,16.18993994999483
2022-06-09,XLF,-0.01965678627145072,-1,1645,VAL,False,31.42,31.24,30.57,31.4,54.802176221367446,266.6357587239919,48.467655314501265
2022-06-10,XLF,-0.03072983354673487,-1,1645,VAL,False,30.28,30.11,29.36,30.21,53.65620680278619,299.95166800863495,30.609398940362954
2022-06-13,XLF,-0.030222517436067756,-1,1645,VAL,False,29.2,29.22,29.34,29.1,-9.351527839815,-51.96518755805931,-43.74792484270049
2022-06-14,XLF,-0.01060917180013685,-1,1645,VAL,False,28.91,28.97,29.27,28.93,-23.259753991614947,-128.57500590398215,-16.330435115713723
2022-06-15,XLF,0.020020711080428095,1,1643,VAL,True,29.56,29.29,28.7,29.38,-93.81631792721261,-294.81654413366226,-33.12492709082465
2022-06-16,XLF,-0.024923181973369766,-1,1645,VAL,False,28.57,28.55,28.61,28.5,4.501600355071559,-18.00710159532744,-20.048746591424795
2022-06-21,XLF,0.023052741879147753,1,1643,VAL,False,29.29,29.2,28.87,29.26,-33.219030485470455,-147.33550387907974,-23.000184652066405
2022-06-24,XLF,0.03651395108508435,1,1643,VAL,False,30.09,30.1,30.33,30.1,0.8230324689473887,75.7296197789345,-2.499500099979194
2022-07-01,XLF,0.013665869490946435,1,1643,VAL,False,29.67,29.67,29.2,29.73,-2.4995000999796555,-162.34501667243276,-22.67609041259216
2022-07-07,XLF,0.015259409969481278,1,1643,VAL,False,29.94,29.92,30.01,29.9,-9.177857147340612,19.3715431930324,4.18779120430183
2022-07-14,XLF,-0.01714089818306479,-1,1645,VAL,False,28.67,28.61,29.02,28.59,18.432531989481426,-126.12846950275855,-9.497702268680085
2022-07-15,XLF,0.03355470115344288,1,1643,VAL,False,29.57,29.58,30.0,29.56,0.881460501946815,141.3602974366232,4.264708627963583
2022-07-19,XLF,0.03087885985748219,1,1643,VAL,False,30.38,30.35,30.28,30.44,-12.371949573217774,-36.90242859920412,-32.05847004055059
2022-07-26,XLF,-0.014667535853976508,-1,1645,VAL,False,30.23,30.25,30.37,30.24,-9.118098843057188,-50.33093949256158,-5.808205291853814
2022-07-27,XLF,0.018512396694214835,1,1643,VAL,True,30.81,30.71,30.74,30.81,-34.94838195619458,-26.710010156358752,-34.94838195619458
2022-07-29,XLF,0.016817593790426893,1,1643,VAL,False,31.44,31.37,31.08,31.42,-24.758566098484927,-118.457224585617,-18.408953473469133
2022-08-03,XLF,0.016249593760155997,1,1643,VAL,False,31.27,31.23,31.21,31.3,-15.288116025659173,-23.17924646602418,-24.85812741605111
2022-08-10,XLF,0.022229279136233702,1,1643,VAL,False,32.18,32.2,32.5,32.24,3.7139868483739256,95.40167789934769,-14.90334687404873
2022-08-11,XLF,0.011180124223602466,1,1643,VAL,False,32.56,32.58,32.74,32.53,3.6414707230525845,51.26124652219333,12.867085359440336
2022-08-12,XLF,0.013812154696132685,1,1643,VAL,False,33.03,33.09,32.76,33.04,15.661263750883975,-85.71037836029532,12.629889276383082
2022-08-19,XLF,-0.01957831325301222,-1,1645,VAL,False,32.54,32.54,32.06,32.53,-2.500500100020892,143.5689719382115,-5.575354234697524
2022-08-22,XLF,-0.023048555623847573,-1,1645,VAL,False,31.78,31.82,31.78,31.74,-15.090179772897367,-4.000800160032163,-27.71159146763372
2022-08-25,XLF,0.01129943502824857,1,1643,VAL,False,32.22,32.35,32.49,32.27,37.83802519446416,79.76616967109392,22.285130826328846
2022-08-26,XLF,-0.025038639876352464,-1,1645,VAL,False,31.54,31.38,31.15,31.47,48.24141746548296,119.70117549191554,26.105316392161782
2022-09-07,XLF,0.020956123117223332,1,1643,VAL,False,31.18,31.14,30.98,31.15,-15.325029926662227,-68.11722966503434,-5.708970565435835
2022-09-08,XLF,0.015735388567758458,1,1643,VAL,False,31.63,31.69,31.83,31.54,16.465091426863083,59.20662215960273,45.04726828889188
2022-09-09,XLF,0.01041337961502057,1,1643,VAL,False,32.02,31.98,32.11,32.06,-14.988570056131746,24.09699196950098,-27.446475770347508
2022-09-13,XLF,-0.0359801488833748,-1,1645,VAL,False,31.08,31.04,31.1,31.0,10.372730916838751,-10.438381112516126,-15.406952358214443
2022-09-14,XLF,-0.010953608247422676,-1,1645,VAL,False,30.7,30.95,30.98,30.83,-83.95408723438595,-95.24250126898306,-41.43335965279525
2022-09-16,XLF,-0.012882447665056428,-1,1645,VAL,False,30.65,30.77,30.41,30.78,-41.662002873658636,74.33395325068287,0.7491751761653556
2022-09-20,XLF,-0.016388174807197994,-1,1645,VAL,False,30.62,30.66,30.85,30.74,-15.567123875461228,-79.14515626835397,23.53073086966017
2022-09-21,XLF,-0.011415525114155297,-1,1645,VAL,True,30.31,30.02,30.09,30.13,93.20141824471608,68.61154480978607,34.01709216718759
2022-09-22,XLF,-0.012991339107261845,-1,1645,VAL,False,29.63,29.52,29.23,29.66,34.633318833863584,131.05152248809586,44.71292100631823
2022-09-23,XLF,-0.01998644986449864,-1,1645,VAL,False,28.92,29.05,28.83,29.01,-47.46333084044201,27.131982413082625,-16.29229672201282
2022-09-26,XLF,-0.015834767641996587,-1,1645,VAL,False,28.59,28.59,28.82,28.65,-2.5005001000207328,-84.48069466988807,18.447144926365713
2022-09-28,XLF,0.023533544081489347,1,1643,VAL,False,29.14,29.03,28.72,29.17,-40.23886368916973,-148.07333660241278,-50.48201878307877
2022-09-29,XLF,-0.013434378229417863,-1,1645,VAL,False,28.64,28.67,28.68,28.73,-12.977979674148306,-17.972868316678603,18.38881524999595
2022-10-03,XLF,0.029929577464788783,1,1643,VAL,False,29.25,29.17,29.62,29.16,-29.843091210816077,122.44593816279546,0.9289980138421045
2022-10-04,XLF,0.03291052451148431,1,1643,VAL,False,30.13,30.26,29.79,30.16,40.636081213894904,-116.79841263741879,30.648711106586582
2022-10-06,XLF,-0.011658894070619517,-1,1645,VAL,False,29.67,29.6,29.34,29.62,21.098254028964213,107.2671561612634,4.253382749471887
2022-10-07,XLF,-0.028716216216216263,-1,1645,VAL,False,28.75,28.9,29.06,28.88,-54.68745923097716,-111.87002617914767,-9.427439504522921
2022-10-11,XLF,-0.014250955856795278,-1,1645,VAL,False,28.37,28.4,28.41,28.41,-13.07769484809889,-18.105841823986367,1.020267411454234
2022-10-13,XLF,0.039872971065631584,1,1643,VAL,False,29.47,29.51,29.77,29.5,11.070232509318748,97.75852769724432,0.889483120324947
2022-10-14,XLF,-0.014232463571670677,-1,1645,VAL,False,29.08,29.01,29.63,29.07,21.577045808058834,-193.209893698134,18.14449577221726
2022-10-17,XLF,0.024129610479145098,1,1643,VAL,False,29.71,29.74,30.52,29.78,7.59558623448507,268.5272437266155,-15.927976258341761
2022-10-18,XLF,0.01244115669132485,1,1643,VAL,False,30.11,30.22,29.96,30.2,34.02408193220232,-53.79661364306205,4.121361158231981
2022-10-19,XLF,-0.01819986763732618,-1,1645,VAL,False,29.66,29.72,29.69,29.7,-22.734823431307966,-14.119479324050717,-9.236190672478587
2022-10-20,XLF,-0.017833109017496556,-1,1645,VAL,False,29.19,29.25,29.33,29.26,-23.060624457882927,-51.98161934545139,0.9179894762268729
2022-10-21,XLF,0.028034188034188043,1,1643,VAL,False,30.07,30.12,30.29,30.13,14.124212071453744,69.13416119569534,-5.81762173950728
2022-10-24,XLF,0.016600265604249667,1,1643,VAL,False,30.63,30.52,30.36,30.53,-38.40302785019101,-92.11282131428678,-5.774148151044204
2022-10-25,XLF,0.013106159895150791,1,1643,VAL,False,30.92,30.88,30.98,30.91,-15.432877202050816,15.39795533778058,-12.202671080148015
2022-10-28,XLF,0.024351169496956038,1,1643,VAL,False,31.97,31.99,31.78,31.99,3.7548011198505544,-63.406148923483435,-2.499500099980591
2022-11-02,XLF,-0.010668340131785373,-1,1645,VAL,True,31.53,31.47,31.08,31.59,16.533753943938454,138.77751763483232,35.495703129229184
2022-11-04,XLF,0.014446227929374089,1,1643,VAL,False,31.6,31.72,31.96,31.7,35.465691671791916,109.87928996479263,3.808071193332916
2022-11-07,XLF,0.01008827238335436,1,1643,VAL,False,32.04,32.04,32.05,32.04,-2.499500099979611,-0.8793497230656466,-2.499500099979611
2022-11-09,XLF,-0.017064846416382166,-1,1645,VAL,False,31.68,31.69,32.65,31.64,-5.6578550558615515,-310.31016809422425,-18.30723287514773
2022-11-10,XLF,0.04954244241085506,1,1643,VAL,False,33.26,33.29,33.46,33.25,6.518089046051806,56.10904277352565,9.527568170576956
2022-11-11,XLF,0.01081405827575847,1,1643,VAL,False,33.65,33.56,33.47,33.63,-29.238728777273394,-57.4696353448458,-23.30904618957238
2022-11-22,XLF,0.010545344983428788,1,1643,VAL,False,33.54,33.53,33.47,33.53,-5.480269479794039,-24.86145585432479,-2.4995000999809847
2022-11-28,XLF,-0.018354055654233408,-1,1645,VAL,False,33.17,33.2,33.17,33.21,-11.547078785669852,-4.000800160030952,0.5113940583953992
2022-11-30,XLF,0.013173652694610924,1,1643,VAL,False,33.83,33.97,34.14,33.89,38.87354364776036,87.59879711908775,21.100383051157536
2022-12-05,XLF,-0.028860458196965155,-1,1645,VAL,False,32.64,32.78,32.74,32.69,-45.40338214701788,-34.650312415424104,-30.038739470135337
2022-12-06,XLF,-0.0118974984746797,-1,1645,VAL,False,32.39,32.49,32.36,32.48,-33.38194653441593,5.265023365895027,-5.58008769241813
2022-12-12,XLF,0.013312693498452004,1,1643,VAL,False,32.72,32.74,33.59,32.69,3.6114415258765757,261.7868846768566,12.791874173346088
2022-12-14,XLF,-0.015539305301645278,-1,1645,VAL,True,32.31,32.41,31.9,32.41,-33.458409416329175,122.9456661991651,-2.5005001000199054
2022-12-15,XLF,-0.016352977476087556,-1,1645,VAL,False,31.89,31.77,31.43,31.76,35.13826001324411,140.3027548124876,-5.649902020706941
2022-12-21,XLF,0.013616212792906895,1,1643,VAL,False,32.01,32.06,31.86,32.02,13.116714364093756,-50.8408159042977,9.989569856172407
2022-12-22,XLF,-0.010605115408608964,-1,1645,VAL,False,31.72,31.78,31.76,31.66,-21.420740642454962,-16.61618578444597,-40.41269403596581
2022-12-29,XLF,0.013819095477386975,1,1643,VAL,False,32.28,32.28,32.05,32.31,-2.49950009997891,-75.22225418609167,-11.782230369152622
2023-01-04,XLF,0.01578458681522742,1,1643,VAL,False,32.83,32.83,32.71,32.69,-2.4995000999792367,-40.53651651637169,40.316347865331636
2023-01-05,XLF,-0.010051781906792517,-1,1645,VAL,False,32.5,32.58,32.8,32.53,-27.122039792574554,-96.34542293074004,-17.87477077339847
2023-01-06,XLF,0.023941068139963204,1,1643,VAL,False,33.36,33.31,33.42,33.36,-17.483763439158803,13.979218544780425,-17.483763439158803
2023-01-18,XLF,-0.01598579040852573,-1,1645,VAL,False,33.24,33.15,32.74,33.15,24.58208248147965,146.4805596498359,-2.500500100020474
2023-01-19,XLF,-0.011161387631975791,-1,1645,VAL,False,32.79,32.76,32.86,32.8,6.650918472805857,-25.357312999653008,9.697671241562915
2023-01-20,XLF,0.014346764346764313,1,1643,VAL,False,33.24,33.28,33.31,33.21,9.5311864221628,17.051343040658786,18.57322001423347
2023-02-07,XLF,0.010743321718931607,1,1643,VAL,False,34.81,34.83,34.58,34.84,3.2445392564673385,-70.04574379579765,-5.369046741744372
2023-02-09,XLF,-0.012416979497545472,-1,1645,VAL,False,34.2,34.24,34.07,34.27,-14.19933109428927,34.02610346630939,6.25570109644902
2023-02-21,XLF,-0.01955633391710434,-1,1645,VAL,False,33.59,33.55,33.55,33.59,9.410783615490665,7.912270158708341,9.410783615490665
2023-03-03,XLF,0.014692653673163478,1,1643,VAL,False,33.84,33.88,33.9,33.83,9.317876377442484,13.724205513505764,12.276586952785264
2023-03-07,XLF,-0.024476555588321982,-1,1645,VAL,False,33.08,33.03,33.0,33.1,12.61815240919854,20.192672149907132,18.652824220433498
2023-03-09,XLF,-0.04193254329990871,-1,1645,VAL,False,31.53,31.58,31.2,31.64,-18.362378469984783,100.70329955620207,16.467579230131513
2023-03-10,XLF,-0.016466117796073453,-1,1645,VAL,False,31.06,31.0,29.9,30.9,16.821780325156826,369.61931987170175,-34.871051880280156
2023-03-13,XLF,-0.03580645161290321,-1,1645,VAL,False,29.88,29.78,30.92,29.9,30.975070516109408,-352.1989538469957,37.64331461609831
2023-03-14,XLF,0.013767629281396914,1,1643,VAL,False,30.2,30.38,29.52,30.24,57.08825122392831,-229.07471485835268,43.78522443659498
2023-03-15,XLF,-0.028966425279789303,-1,1645,VAL,False,29.5,29.57,29.37,29.42,-26.235247049411697,40.084627094910495,-53.49897307809671
2023-03-16,XLF,0.01826175177544806,1,1643,VAL,False,30.11,30.13,29.85,30.17,4.141151178598618,-90.31471686399811,-15.754389725304444
2023-03-17,XLF,-0.029870560902754684,-1,1645,VAL,False,29.23,29.17,29.39,29.25,18.031488610414065,-58.76098243938816,24.856766225039088
2023-03-20,XLF,0.010627356873500127,1,1643,VAL,False,29.48,29.49,30.16,29.47,0.8917822948292362,226.5734098770484,4.285366204669225
2023-03-21,XLF,0.025093251949813565,1,1643,VAL,False,30.23,30.24,30.24,30.31,0.8076452853663649,-0.6925508712348156,-25.588415804136595
2023-03-23,XLF,-0.011171293161814432,-1,1645,VAL,False,29.2,29.34,28.98,29.29,-50.457694278582224,71.37180860829685,-19.575441206371114
2023-03-27,XLF,0.017735334242837637,1,1643,VAL,False,29.84,29.73,29.69,29.79,-39.353556902559625,-54.247193456750445,-22.6354527684584
2023-03-29,XLF,0.013458950201884326,1,1643,VAL,False,30.12,30.15,30.37,30.13,7.458169720637104,78.96893396885093,4.1367431790781435
2023-04-04,XLF,-0.012143091565474154,-1,1645,VAL,False,30.1,30.19,29.96,30.09,-32.40830890430705,42.52943611978276,-35.742442606170584
2023-04-11,XLF,0.012528849324101634,1,1643,VAL,False,30.72,30.6,30.75,30.66,-41.55223642771297,5.762519371127076,-22.064080334617536
2023-04-25,XLF,-0.014992025518341385,-1,1645,VAL,False,30.88,30.81,30.73,30.83,20.173561914454115,44.59376331224714,3.9883098254405502
2023-04-26,XLF,-0.012009087958454965,-1,1645,VAL,False,30.44,30.52,30.63,30.42,-28.78828065218777,-66.44364352502377,-35.38182981763924
2023-04-27,XLF,0.01572739187418088,1,1643,VAL,False,31.0,31.01,30.86,30.99,0.7255000612785015,-49.14242957860032,3.952581539195539
2023-04-28,XLF,0.010964205095130597,1,1643,VAL,False,31.35,31.38,31.47,31.34,7.067486024325275,34.263003858557255,10.26055159102213
2023-05-02,XLF,-0.02300319488817899,-1,1645,VAL,False,30.58,30.59,30.62,30.61,-5.771428975135766,-17.08647811969234,4.03494615943708
2023-05-04,XLF,-0.012896825396825299,-1,1645,VAL,False,29.86,29.85,30.34,29.84,0.8492991297500501,-164.81528053768804,-5.852544503540672
2023-05-05,XLF,0.02546063651591283,1,1643,VAL,False,30.61,30.59,30.76,30.58,-9.031679453066427,44.98479591896199,0.7697937194780474
2023-05-17,XLF,0.019243530192435247,1,1643,VAL,False,30.72,30.75,30.69,30.72,7.263683981953869,-13.760919691060682,7.263683981953869
2023-05-23,XLF,-0.01035598705501619,-1,1645,VAL,False,30.58,30.54,30.31,30.59,10.58321540043703,84.32752606767295,13.848797873336366
2023-05-24,XLF,-0.010150622134905,-1,1645,VAL,False,30.23,30.14,30.07,30.18,27.27869424364475,48.94793050571806,10.756624485930086
2023-05-31,XLF,-0.010536713862364185,-1,1645,VAL,False,30.05,30.05,30.22,30.11,-2.500500100021419,-60.59581300619434,17.43141720339961
2023-06-02,XLF,0.023049061573921607,1,1643,VAL,False,31.07,31.03,31.07,31.06,-15.370437338345194,-3.9992001599679687,-12.15581094985026
2023-06-06,XLF,0.012309685779073501,1,1643,VAL,False,31.25,31.26,31.29,31.24,0.6997000599889064,8.795680863827968,3.9009483634652367
2023-06-15,XLF,0.013685550604710366,1,1643,VAL,False,31.85,31.84,31.98,31.84,-5.638432753010057,36.80080310468514,-2.499500099979087
2023-06-29,XLF,0.015695067264574054,1,1643,VAL,False,31.71,31.76,31.97,31.68,13.264455276715863,77.96107129882687,22.746713283606752
2023-06-30,XLF,0.011964735516372765,1,1643,VAL,False,32.14,32.04,32.04,32.12,-33.60559997521323,-35.10063388691319,-27.399874944064507
2023-07-11,XLF,0.010917030567685412,1,1643,VAL,False,32.41,32.44,32.71,32.42,6.754588607118208,88.52780508384899,3.6679894126042383
2023-07-17,XLF,0.010752688172043055,1,1643,VAL,False,32.9,32.86,32.94,32.91,-14.654515905329612,8.153992301843235,-17.68865309283941
2023-07-18,XLF,0.010955569080949466,1,1643,VAL,False,33.22,33.23,33.23,33.24,0.5099822901161086,-0.9901692148023715,-5.50717173051577
2023-07-27,XLF,-0.012422360248447254,-1,1645,VAL,False,33.39,33.39,33.65,33.37,-2.500500100021919,-81.89957847813838,-8.495406003587714
2023-08-02,XLF,-0.011018463371054124,-1,1645,VAL,False,33.21,33.29,33.09,33.26,-26.595653367349655,32.147350879390586,-11.522599168062007
2023-08-07,XLF,0.012356841470765633,1,1643,VAL,False,33.58,33.64,33.2,33.6,15.363812288168512,-117.11654095624891,9.402286209423398
2023-08-15,XLF,-0.01902173913043465,-1,1645,VAL,False,32.49,32.51,32.45,32.48,-8.657779570687767,8.315605872790178,-11.739262877206778
2023-09-21,XLF,-0.01488456865127588,-1,1645,VAL,False,32.43,32.38,32.43,32.43,12.921178130164911,-4.000800160033508,12.921178130164911
2023-09-26,XLF,-0.013660353927351793,-1,1645,VAL,False,31.78,31.78,31.86,31.83,-2.5005001000209406,-29.183936220849418,13.211878945061573
2023-09-29,XLF,-0.010325406758448117,-1,1645,VAL,False,31.64,31.66,31.56,31.64,-8.823193210071574,21.2937657063664,-8.823193210071574
2023-10-02,XLF,-0.010739102969046111,-1,1645,VAL,False,31.32,31.4,31.24,31.33,-28.04967123692965,21.552203160940113,-24.84888934378159
2023-10-03,XLF,-0.019108280254777003,-1,1645,VAL,False,30.8,30.9,30.91,30.85,-34.97615107437048,-39.72937444631659,-18.71200820391039
2023-10-06,XLF,0.012152222577550336,1,1643,VAL,False,31.65,31.54,31.25,31.64,-37.24594733501922,-130.33096382303157,-34.09716286831204
2023-10-16,XLF,0.01104100946372233,1,1643,VAL,False,32.04,32.04,31.89,32.03,-2.499500099979611,-50.79695671352527,0.6217925943382432
2023-10-18,XLF,-0.01615408511960224,-1,1645,VAL,False,31.67,31.63,31.58,31.63,10.13290754140719,24.428630595082147,-2.5005001000205516
2023-10-19,XLF,-0.011065444198545618,-1,1645,VAL,False,31.28,31.21,31.21,31.21,19.88361227232536,18.386669661297827,-2.500500100021264
2023-10-20,XLF,-0.011534764498558135,-1,1645,VAL,False,30.85,30.74,30.67,30.79,33.16481772853745,54.36938279065842,13.742599120668215
2023-10-27,XLF,-0.017985611510791276,-1,1645,VAL,False,30.02,30.02,30.23,29.95,-2.5005001000218114,-73.98215152690746,-25.87863148589836
2023-10-30,XLF,0.01898734177215191,1,1643,VAL,False,30.59,30.56,30.61,30.58,-12.304175320543047,2.5362694705259994,-9.038087738893905
2023-10-31,XLF,0.010143979057591698,1,1643,VAL,False,30.87,30.89,30.95,30.85,3.9776625173832354,21.90556381758966,10.463223400699716
2023-11-02,XLF,0.022193631392730822,1,1643,VAL,False,31.77,31.83,32.13,31.81,16.381520674146746,109.26993071640855,3.786259409545407
2023-11-03,XLF,0.015394282123782658,1,1643,VAL,False,32.31,32.25,32.33,32.32,-21.064960638327797,2.1883583667051347,-24.15250242030853
2023-11-10,XLF,0.010309278350515634,1,1643,VAL,False,32.34,32.37,32.26,32.36,6.77461910215254,-28.726474865818254,0.5899623536344819
2023-11-14,XLF,0.023514851485148452,1,1643,VAL,False,33.08,32.93,32.99,33.01,-47.832785317180615,-31.195091090607196,-26.728522820125114
2023-12-13,XLF,0.012303290414878388,1,1643,VAL,True,35.38,35.51,35.8,35.48,34.23523887647478,114.66446111569032,5.95385432496455
2023-12-20,XLF,-0.012763596004439536,-1,1645,VAL,False,35.58,35.4,35.55,35.58,48.10236920908714,4.43427639997013,48.10236920908714
2016-01-06,XLE,-0.04118533400301357,-1,1645,TRAIN,False,19.09,19.14,18.77,19.12,-28.698772756124246,163.69329392332136,-12.963366731924223
2016-01-07,XLE,-0.02664576802507845,-1,1645,TRAIN,False,18.63,18.68,18.84,18.65,-29.34564368590408,-116.76731481562125,-18.590313236911683
2016-01-11,XLE,-0.02386117136659443,-1,1645,TRAIN,False,18.0,18.04,18.32,18.1,-24.72827898913192,-181.84970327398787,30.65696012130647
2016-01-13,XLE,-0.01990049751243778,-1,1645,TRAIN,False,17.73,17.65,17.83,17.66,42.6320458677177,-60.4249445489759,3.1634299679860596
2016-01-14,XLE,0.04702549575070832,1,1643,TRAIN,False,18.47,18.42,17.64,18.42,-29.563659547459622,-453.1968538614947,-2.4995000999789028
2016-01-15,XLE,-0.029315960912052262,-1,1645,TRAIN,False,17.87,17.88,18.03,17.86,-8.097870273551528,-93.57215595329579,-13.701508498788401
2016-01-19,XLE,-0.020693512304250417,-1,1645,TRAIN,False,17.5,17.49,17.15,17.54,3.215214471466137,196.07921584317117,26.01289927312644
2016-01-20,XLE,-0.014293882218410521,-1,1645,TRAIN,False,17.24,17.03,17.01,17.11,119.33970320746018,129.46324763792484,44.26747418448898
2016-01-21,XLE,0.0328831473869641,1,1643,TRAIN,False,17.59,17.56,18.2,17.61,-19.550382135057344,342.65006009599614,-30.885361825988642
2016-01-22,XLE,0.038724373576309784,1,1643,TRAIN,False,18.24,18.34,17.99,18.29,52.31135790385889,-141.00579007005538,24.831009741190968
2016-01-25,XLE,-0.03762268266085067,-1,1645,TRAIN,False,17.65,17.48,17.79,17.52,93.8408644901749,-83.35264786668388,20.336259032626437
2016-01-26,XLE,0.03146453089244855,1,1643,TRAIN,False,18.03,18.14,18.02,18.14,58.494679322591686,-9.543293781622026,-2.4995000999803465
2016-01-28,XLE,0.027685492801771874,1,1643,TRAIN,False,18.56,18.6,18.64,18.56,19.046837184288478,39.0870101841716,19.046837184288478
2016-01-29,XLE,0.025806451612903056,1,1643,TRAIN,False,19.08,19.15,18.83,19.06,34.17896085353234,-134.97405340734753,44.70800488380895
2016-02-01,XLE,-0.012532637075717935,-1,1645,TRAIN,False,18.91,18.83,18.37,18.96,39.81573681208877,281.67664204443105,66.08204552302793
2016-02-02,XLE,-0.03451938396176307,-1,1645,TRAIN,False,18.18,18.2,18.46,18.21,-13.504351035224012,-158.07782018450018,2.992361239958716
2016-02-03,XLE,0.026373626373626398,1,1643,TRAIN,False,18.68,18.85,18.89,18.77,88.48417682630551,108.37554116585697,40.11105077865642
2016-02-05,XLE,-0.0238853503184713,-1,1645,TRAIN,False,18.38,18.4,18.04,18.37,-13.38461381068322,181.05688602356017,-18.83555807514168
2016-02-09,XLE,-0.024576734025122848,-1,1645,TRAIN,False,17.86,17.87,17.81,17.87,-8.101004299406114,24.005921005031702,-2.500500100022279
2016-02-12,XLE,0.02539503386004531,1,1643,TRAIN,False,18.17,18.18,18.49,18.14,3.002701606073845,172.04484254497402,19.545704971464374
2016-02-17,XLE,0.03050108932461886,1,1643,TRAIN,False,18.91,18.97,19.13,18.97,29.221812961573658,112.29483347116812,-2.4995000999794685
2016-02-18,XLE,-0.010015814443858606,-1,1645,TRAIN,False,18.78,18.73,18.48,18.76,24.130225406103495,155.8075193313442,13.494969782869587
2016-02-22,XLE,0.025682182985553793,1,1643,TRAIN,False,19.17,19.16,18.98,19.17,-7.714680329454958,-103.07276051310537,-7.714680329454958
2016-02-23,XLE,-0.03340292275574116,-1,1645,TRAIN,False,18.53,18.51,18.16,18.57,8.295506915736873,195.75528705309344,29.817756766215403
2016-03-01,XLE,0.024717893605588438,1,1643,TRAIN,False,19.07,19.1,18.98,19.06,13.228083276895516,-51.17487252418397,18.48161322614891
2016-03-02,XLE,0.017277486910994674,1,1643,TRAIN,False,19.43,19.57,19.49,19.51,69.5360155966769,26.86853262389281,28.24627283666792
2016-03-03,XLE,0.014818599897802716,1,1643,TRAIN,False,19.86,19.86,19.97,19.84,-2.499500099981064,51.366363182549655,7.578625403950473
2016-03-07,XLE,0.019451371571072348,1,1643,TRAIN,False,20.44,20.52,20.35,20.46,36.62966036929568,-48.012902311904526,26.81868318418389
2016-03-08,XLE,-0.03996101364522418,-1,1645,TRAIN,False,19.7,19.66,19.93,19.66,17.809145585461042,-120.79877904514997,-2.500500100020231
2016-03-09,XLE,0.017293997965411995,1,1643,TRAIN,False,20.0,19.98,19.89,20.01,-12.497000599878803,-58.97720455908682,-17.488256471644785
2016-03-11,XLE,0.027500000000000035,1,1643,TRAIN,False,20.55,20.51,20.25,20.53,-21.959355087620263,-149.92621913573532,-12.238906334661236
2016-03-16,XLE,0.016715830875122902,1,1643,TRAIN,True,20.68,20.69,20.86,20.69,2.3348811862400978,83.0066095098196,-2.49950009998023
2016-03-17,XLE,0.017399710004833223,1,1643,TRAIN,False,21.05,20.97,20.98,21.04,-40.49475140601423,-37.240057926657464,-35.76114624983667
2016-03-23,XLE,-0.023671497584540988,-1,1645,TRAIN,False,20.21,20.24,19.96,20.23,-17.348348442572632,119.74982824372961,-7.444889867741117
2016-04-01,XLE,-0.013261296660117858,-1,1645,TRAIN,False,20.09,20.09,20.05,20.13,-2.500500100019527,15.917568780057488,17.375308146576653
2016-04-06,XLE,0.018686868686868738,1,1643,TRAIN,False,20.17,20.23,20.07,20.21,27.240213831302825,-53.55795474519381,7.394117416002519
2016-04-08,XLE,0.01839880656389861,1,1643,TRAIN,False,20.48,20.52,20.68,20.47,17.02686806388677,93.61799515096966,21.920383876328156
2016-04-12,XLE,0.03230543318649046,1,1643,TRAIN,False,21.09,21.04,21.03,21.04,-26.20149275028833,-32.4373247683307,-2.499500099979919
2016-04-15,XLE,-0.013213780084945783,-1,1645,TRAIN,False,20.91,20.9,20.47,20.9,2.2830965045233524,206.50902059895608,-2.500500100019702
2016-04-18,XLE,0.01531100478468901,1,1643,TRAIN,False,21.22,21.25,21.37,21.25,11.634572237296878,66.66056044210735,-2.4995000999794024
2016-04-19,XLE,0.01882352941176464,1,1643,TRAIN,False,21.65,21.67,21.56,21.65,6.7360661816845,-45.553014108493834,6.7360661816845
2016-04-22,XLE,0.01379944802207915,1,1643,TRAIN,False,22.04,22.05,21.98,22.04,2.036570907236595,-31.211543535211533,2.036570907236595
2016-04-25,XLE,-0.014058956916099876,-1,1645,TRAIN,False,21.74,21.81,21.93,21.78,-34.707263439810404,-91.4322698946421,-16.27804899822896
2016-04-26,XLE,0.013296652911508607,1,1643,TRAIN,False,22.1,22.15,22.27,22.14,20.11927931155746,72.89311368495505,2.0160827816358267
2016-04-27,XLE,0.019864559819413152,1,1643,TRAIN,True,22.59,22.58,22.47,22.6,-6.925131131366156,-57.09880600241307,-11.34684567511337
2016-04-28,XLE,-0.017271922054915723,-1,1645,TRAIN,False,22.19,22.24,22.29,22.25,-25.038806769916494,-49.084174653767114,1.9950057427217514
2016-05-03,XLE,-0.02479711451758344,-1,1645,TRAIN,False,21.63,21.66,21.66,21.6,-16.373593720131616,-17.875974640142122,-30.28522371140889
2016-05-04,XLE,-0.01754385964912276,-1,1645,TRAIN,False,21.29,21.35,21.71,21.35,-30.68979225624538,-201.35544253049906,-2.500500100019793
2016-05-09,XLE,-0.014438751746623136,-1,1645,TRAIN,False,21.16,21.16,21.27,21.16,-2.500500100021061,-56.006475397157494,-2.500500100021061
2016-05-10,XLE,0.01559546313799614,1,1643,TRAIN,False,21.49,21.52,21.48,21.49,11.456991989224944,-8.650666330203792,11.456991989224944
2016-05-13,XLE,-0.012471131639722844,-1,1645,TRAIN,False,21.37,21.39,21.66,21.38,-11.861754662585177,-139.75935102790137,-7.178938126262196
2016-05-16,XLE,0.016362786348761003,1,1643,TRAIN,False,21.74,21.74,21.74,21.74,-2.499500099979325,-3.999200159968228,-2.499500099979325
2016-05-18,XLE,-0.014652014652014666,-1,1645,TRAIN,False,21.52,21.63,21.41,21.54,-53.62852310239099,47.134891662346575,-44.29367767703938
2016-05-25,XLE,0.016040329972502355,1,1643,TRAIN,False,22.17,22.16,22.25,22.16,-7.008972585275432,32.07116808483136,-2.4995000999783463
2016-06-06,XLE,0.021470991320237498,1,1643,TRAIN,False,22.36,22.37,22.44,22.37,1.9716539697432998,31.764666744649077,-2.4995000999794588
2016-06-07,XLE,0.02324541797049618,1,1643,TRAIN,False,22.89,22.88,23.02,22.85,-6.867128103431405,52.771446584427046,10.62632112527012
2016-06-10,XLE,-0.02075055187637964,-1,1645,TRAIN,False,22.18,22.16,22.05,22.18,6.518887185912898,54.63401066146532,6.518887185912898
2016-06-20,XLE,0.011286681715575621,1,1643,TRAIN,False,22.4,22.34,22.27,22.4,-29.278519296140928,-62.011704801896315,-29.278519296140928
2016-06-21,XLE,0.012085944494180823,1,1643,TRAIN,False,22.61,22.6,22.7,22.6,-6.921216375917997,35.79027670803888,-2.499500099979679
2016-06-23,XLE,0.01112099644128114,1,1643,TRAIN,False,22.74,22.85,21.97,22.78,45.86132026013573,-342.4741612803196,28.221528653004746
2016-06-24,XLE,-0.038074398249452995,-1,1645,TRAIN,False,21.98,22.11,21.81,22.07,-61.659966206162146,73.37318237077872,-20.629182474465463
2016-06-27,XLE,-0.03482587064676615,-1,1645,TRAIN,False,21.34,21.4,21.8,21.42,-30.623744242756967,-219.644678701438,6.838902794565728
2016-06-28,XLE,0.02476635514018697,1,1643,TRAIN,False,21.93,22.0,22.13,21.96,29.412266201570024,87.16359783218931,15.710883324245383
2016-06-29,XLE,0.020909090909090947,1,1643,TRAIN,False,22.46,22.42,22.32,22.42,-20.304487633194405,-66.30730844035926,-2.4995000999796444
2016-07-05,XLE,-0.02289740202553939,-1,1645,TRAIN,False,22.19,22.26,22.13,22.27,-34.054129437876924,23.049224536211064,1.990968467602477
2016-07-07,XLE,-0.012080536912751816,-1,1645,TRAIN,False,22.08,22.12,22.32,22.11,-20.620972020493497,-112.73993929220616,-7.024471380030558
2016-07-08,XLE,0.013110307414104844,1,1643,TRAIN,False,22.41,22.42,22.54,22.41,1.961678168605847,53.98741759903344,1.961678168605847
2016-07-12,XLE,0.02448797862867323,1,1643,TRAIN,False,23.01,23.02,22.95,22.99,1.84535018246218,-30.064391293840767,10.546390069529869
2016-07-13,XLE,-0.010425716768027735,-1,1645,TRAIN,False,22.78,22.81,23.0,22.81,-15.673240003575886,-100.615382075537,-2.5005001000207585
2016-07-21,XLE,-0.011413520632133519,-1,1645,TRAIN,False,22.52,22.55,22.6,22.52,-15.825323146336407,-39.53899127960672,-15.825323146336407
2016-07-25,XLE,-0.022546419098143304,-1,1645,TRAIN,False,22.11,22.18,22.04,22.15,-34.168299060084095,27.67174873238065,-16.04790484056339
2016-08-01,XLE,-0.03541012998655308,-1,1645,TRAIN,False,21.52,21.58,21.73,21.52,-30.38851264676757,-101.62348454821087,-30.38851264676757
2016-08-03,XLE,0.016077170418006496,1,1643,TRAIN,False,22.12,22.2,22.11,22.15,33.65782539694479,-8.518187863331455,20.06822111875631
2016-08-08,XLE,0.013864042933810477,1,1643,TRAIN,False,22.67,22.66,22.72,22.66,-6.909513553839978,18.047559433855774,-2.4995000999802137
2016-08-10,XLE,-0.010647737355811822,-1,1645,TRAIN,False,22.29,22.29,22.39,22.26,-2.50050010002139,-48.88191635635334,-15.98095899503423
2016-08-11,XLE,0.013907581875280498,1,1643,TRAIN,False,22.6,22.62,22.68,22.63,6.347845475152438,31.38487346778466,-6.917308540058391
2016-08-18,XLE,0.01822916666666674,1,1643,TRAIN,False,23.46,23.51,23.43,23.46,18.808045722485282,-16.7818098784332,18.808045722485282
2016-08-31,XLE,-0.01735357917570508,-1,1645,TRAIN,False,22.64,22.68,22.59,22.66,-20.17276246768949,18.092841183077283,-11.328832403729038
2016-09-02,XLE,0.010610079575596747,1,1643,TRAIN,False,22.86,22.87,22.93,22.84,1.8738596987517153,26.609726173750794,10.632067982200768
2016-09-06,XLE,0.012243113248797444,1,1643,TRAIN,False,23.15,23.22,23.32,23.17,27.73052300986962,69.40555733345974,19.074734901961364
2016-09-08,XLE,0.01840753424657533,1,1643,TRAIN,False,23.8,23.79,23.57,23.81,-6.700130562123454,-100.59920788951507,-10.897232565245838
2016-09-09,XLE,-0.023118957545187085,-1,1645,TRAIN,False,23.24,23.08,22.92,23.18,66.3635308817346,133.7479199798634,40.650925698513454
2016-09-12,XLE,0.012564991334488853,1,1643,TRAIN,False,23.36,23.31,23.05,23.36,-23.898259731614935,-136.65160803455646,-23.898259731614935
2016-09-13,XLE,-0.027027027027026987,-1,1645,TRAIN,False,22.68,22.64,22.61,22.64,15.14059425641704,26.875745519476148,-2.5005001000210823
2016-09-14,XLE,-0.01325088339222618,-1,1645,TRAIN,False,22.34,22.39,22.46,22.35,-24.887475256914165,-57.73759944468719,-20.402066990578604
2016-09-15,XLE,0.01205895489057613,1,1643,TRAIN,False,22.66,22.65,22.32,22.67,-6.911459720413949,-153.9833251355023,-11.319527007700959
2016-09-21,XLE,0.022002694207454064,1,1643,TRAIN,True,22.76,22.82,23.05,22.8,23.855949372514722,123.36636363412697,6.270237180634563
2016-09-23,XLE,-0.012697022767075268,-1,1645,TRAIN,False,22.55,22.52,22.61,22.53,10.806595908981572,-30.618984107241147,1.9391361627849242
2016-09-28,XLE,0.039946140035906665,1,1643,TRAIN,False,23.16,23.25,23.23,23.2,36.350890443672704,26.21323749067043,19.046837184288478
2016-09-30,XLE,0.018103448275862143,1,1643,TRAIN,False,23.62,23.54,23.56,23.6,-36.36063642478946,-29.391242835260048,-27.91687425226804
2016-10-05,XLE,0.01633705932932068,1,1643,TRAIN,False,23.64,23.62,23.69,23.64,-10.95762235031785,17.142933511436866,-10.95762235031785
2016-10-10,XLE,0.01488095238095244,1,1643,TRAIN,False,23.87,23.88,23.81,23.87,1.6888117977572072,-29.125301877204333,1.6888117977572072
2016-10-11,XLE,-0.012981574539363432,-1,1645,TRAIN,False,23.57,23.61,23.52,23.6,-19.47546912861691,17.22109377327335,-6.7388477695542335
2016-10-19,XLE,0.016358157554885882,1,1643,TRAIN,False,23.61,23.55,23.42,23.59,-27.906108740132723,-84.44139211124303,-19.45159929438458
2016-10-31,XLE,-0.010385114668974403,-1,1645,TRAIN,False,22.87,22.84,23.03,22.86,10.620401299324808,-73.98943715284256,6.250593950810489
2016-11-07,XLE,0.017279574656623862,1,1643,TRAIN,False,22.96,23.07,22.95,22.97,45.3979326086001,-8.35285904491606,41.0246640267069
2016-11-09,XLE,0.02035513209181459,1,1643,TRAIN,False,23.56,23.47,23.45,23.5,-40.69029148329835,-50.66983207772595,-15.262266695597479
2016-11-11,XLE,-0.018667798048366623,-1,1645,TRAIN,False,23.13,23.15,23.05,23.14,-11.149441302008475,30.60015375318924,-6.823101871886817
2016-11-15,XLE,0.026214009454232894,1,1643,TRAIN,False,23.88,23.94,23.87,23.92,22.619847889719114,-8.185130143150117,5.859614030370164
2016-11-21,XLE,0.021105951878429716,1,1643,TRAIN,False,24.19,24.26,24.26,24.19,26.430844463600426,24.926804634939565,26.430844463600426
2016-11-28,XLE,-0.011143210895583969,-1,1645,TRAIN,False,23.96,23.89,23.52,23.88,26.72216413232477,179.7120692919897,-6.68915190073409
2016-11-29,XLE,-0.012557555462536656,-1,1645,TRAIN,False,23.6,23.59,24.45,23.59,1.7378475695138351,-364.3143883013875,-2.500500100021369
2016-11-30,XLE,0.05341246290801194,1,1643,TRAIN,False,24.85,24.79,25.25,24.85,-26.638334304971163,156.90222116542395,-26.638334304971163
2016-12-05,XLE,0.01083467094703048,1,1643,TRAIN,False,25.19,25.15,24.99,25.22,-18.374848253851784,-83.36403382285128,-30.248311955372444
2016-12-13,XLE,0.013260530421216842,1,1643,TRAIN,False,25.98,25.93,25.8,25.99,-21.740263186776577,-73.25555674084497,-25.57953203510797
2016-12-14,XLE,-0.01774006941766297,-1,1645,TRAIN,True,25.47,25.41,25.3,25.47,21.062516390201896,62.77109367692077,21.062516390201896
2017-01-03,XLE,0.010309278350515526,1,1643,TRAIN,False,25.47,25.51,25.53,25.48,13.201325184513378,19.54850490443911,9.271497348883635
2017-01-09,XLE,-0.013380558835104283,-1,1645,TRAIN,False,25.07,25.05,25.02,25.07,5.479157259452361,15.95133546055121,5.479157259452361
2017-01-23,XLE,-0.010416666666666729,-1,1645,TRAIN,False,24.7,24.7,24.79,24.72,-2.500500100019571,-40.45262493794145,5.59213784504477
2017-01-24,XLE,0.012955465587044546,1,1643,TRAIN,False,25.02,24.97,24.98,25.0,-22.478517885551337,-19.98001678640977,-14.496500699859725
2017-01-27,XLE,-0.011146496815286669,-1,1645,TRAIN,False,24.84,24.86,24.75,24.81,-10.554043175784908,32.245579550693094,-22.65870344564764
2017-01-30,XLE,-0.022928399034593736,-1,1645,TRAIN,False,24.29,24.4,24.42,24.37,-47.79794987404302,-57.54217949394812,-14.813795750533803
2017-02-07,XLE,-0.012310217480508851,-1,1645,TRAIN,False,24.07,24.01,23.92,24.04,22.4330283588899,58.34237059293792,9.98182165550995
2017-02-09,XLE,0.011212624584717739,1,1643,TRAIN,False,24.35,24.36,24.55,24.37,1.6062495919691382,78.10347581407744,-6.601880280490471
2017-02-16,XLE,-0.013431013431013506,-1,1645,TRAIN,False,24.24,24.22,24.11,24.22,5.752388101382278,49.6510193127731,-2.5005001000199716
2017-02-22,XLE,-0.014421096003296163,-1,1645,TRAIN,False,23.92,23.9,24.16,23.9,5.8627946325049365,-104.37539012819269,-2.500500100021239
2017-02-24,XLE,-0.01250000000000003,-1,1645,TRAIN,False,23.7,23.76,23.8,23.71,-27.823286176223892,-46.21177400036995,-23.593921652320166
2017-02-27,XLE,0.012205387205387169,1,1643,TRAIN,False,24.05,23.98,23.9,24.05,-31.598254153742687,-66.34431949369022,-31.598254153742687
2017-03-01,XLE,0.023012552301255262,1,1643,TRAIN,False,24.45,24.38,24.26,24.43,-31.122200917689213,-81.67773398285455,-22.96102384107654
2017-03-08,XLE,-0.022546972860125226,-1,1645,TRAIN,False,23.41,23.32,23.22,23.35,35.954222027660364,77.19356771824391,10.350678272699064
2017-03-14,XLE,-0.011087420042643839,-1,1645,TRAIN,False,23.19,23.18,23.38,23.23,1.8127817025243773,-85.96544664689624,19.028773468855814
2017-03-15,XLE,0.021570319240724764,1,1643,TRAIN,True,23.68,23.7,23.75,23.72,5.944334781691821,25.54978869091101,-10.929095799726172
2017-03-28,XLE,0.013049151805132699,1,1643,TRAIN,False,23.29,23.32,23.31,23.3,10.378345112429058,4.58474213272446,6.08204539349513
2017-03-29,XLE,0.014579759862778725,1,1643,TRAIN,False,23.66,23.64,23.78,23.65,-10.950472627368109,46.69902874877262,-6.726773038625509
2017-04-13,XLE,-0.015979814970563607,-1,1645,TRAIN,False,23.4,23.35,23.34,23.31,18.87236421643115,21.650483942942213,-19.66480812250117
2017-04-19,XLE,-0.014667817083692832,-1,1645,TRAIN,False,22.84,22.84,22.91,22.79,-2.500500100020244,-34.66104779624861,-24.44543318492643
2017-04-27,XLE,-0.011260285838025188,-1,1645,TRAIN,False,22.83,22.84,23.03,22.81,-6.881796858716294,-91.63987856704165,-15.655915049736217
2017-05-04,XLE,-0.018461538461538536,-1,1645,TRAIN,False,22.33,22.31,22.34,22.28,6.458300168765456,-8.480872170852246,-15.968858044499227
2017-05-05,XLE,0.015239802779022853,1,1643,TRAIN,False,22.65,22.68,22.67,22.64,10.74222241644461,4.827290612519659,15.163928345072241
2017-05-10,XLE,0.014128035320088314,1,1643,TRAIN,False,22.97,22.95,23.03,22.98,-11.204332925316876,22.111380945405347,-15.551067332224948
2017-05-19,XLE,0.011032656663724626,1,1643,TRAIN,False,22.91,22.93,23.06,22.92,6.228130192381231,61.44820795771065,1.862411112889084
2017-05-25,XLE,-0.018843120070113923,-1,1645,TRAIN,False,22.39,22.4,22.4,22.37,-6.967896482378507,-8.468866618342789,-15.914671535111527
2017-05-30,XLE,-0.01158645276292342,-1,1645,TRAIN,False,22.18,22.13,21.96,22.16,20.04796811481324,95.2273412301943,11.04079119072958
2017-06-02,XLE,-0.012623985572587969,-1,1645,TRAIN,False,21.9,21.93,21.86,21.91,-16.202555579611367,14.271347420168029,-11.63103455926327
2017-06-06,XLE,0.01137915339098771,1,1643,TRAIN,False,22.22,22.23,22.14,22.22,1.9998250574915346,-39.98840195957141,1.9998250574915346
2017-06-07,XLE,-0.015294646873594235,-1,1645,TRAIN,False,21.89,21.91,21.83,21.88,-11.639376756118866,23.419942097145874,-16.215080310396374
2017-06-09,XLE,0.023798627002288308,1,1643,TRAIN,False,22.37,22.38,22.57,22.38,1.9696552419513833,85.370498542223,-2.499500099979813
2017-06-14,XLE,-0.018502202643171727,-1,1645,TRAIN,True,22.28,22.29,22.18,22.26,-6.989952748180963,40.90046016384694,-15.98095899503423
2017-06-15,XLE,-0.010318528488111281,-1,1645,TRAIN,False,22.06,22.14,22.25,22.04,-38.774300644354376,-90.16399834817295,-47.88389619847766
2017-06-16,XLE,0.013098464317976474,1,1643,TRAIN,False,22.43,22.49,22.44,22.48,24.243702307242167,0.45733162774626535,1.9477865992632748
2017-06-20,XLE,-0.012527964205816604,-1,1645,TRAIN,False,22.07,22.06,21.99,22.04,2.0316704935898398,32.262002921654975,-11.577179319712226
2017-06-21,XLE,-0.01677243880326371,-1,1645,TRAIN,False,21.69,21.71,21.72,21.69,-11.723644867287087,-17.837592414747533,-11.723644867287087
2017-07-05,XLE,-0.019162210338680912,-1,1645,TRAIN,False,22.01,21.99,22.03,22.0,6.588550786032703,-13.091214335551317,2.0460910363886
2017-07-06,XLE,-0.010914051841746177,-1,1645,TRAIN,False,21.75,21.75,21.67,21.72,-2.50050010001969,32.79552462216558,-16.31610852557316
2017-07-19,XLE,0.014965986394557745,1,1643,TRAIN,False,22.38,22.37,22.5,22.37,-6.966658500292276,49.598659356600734,-2.4995000999794588
2017-07-25,XLE,0.016787658802177904,1,1643,TRAIN,False,22.41,22.32,22.45,22.4,-42.6501045172487,13.842836073570277,-38.204859028193866
2017-08-03,XLE,-0.015548645046645998,-1,1645,TRAIN,False,22.16,22.19,22.2,22.17,-16.04179139076948,-22.058563337214284,-11.523955670701696
2017-08-10,XLE,-0.010426110607434291,-1,1645,TRAIN,False,21.83,21.83,21.76,21.82,-2.5005001000209726,28.077993060817825,-7.084597487782647
2017-08-17,XLE,-0.01358950328022489,-1,1645,TRAIN,False,21.06,21.03,21.0,21.05,11.748076110946759,24.500626621050163,7.003063320500886
2017-09-01,XLE,0.010299625468164741,1,1643,TRAIN,False,21.58,21.57,21.65,21.6,-7.132262148124481,28.425269533675042,-16.384917460951996
2017-09-06,XLE,0.017519594283079712,1,1643,TRAIN,False,22.07,22.04,22.05,22.08,-16.08921532413101,-13.057651269927337,-20.61091404907322
2017-09-08,XLE,-0.01177536231884049,-1,1645,TRAIN,False,21.82,21.84,21.93,21.82,-11.668694875547942,-54.43343480795085,-11.668694875547942
2017-09-13,XLE,0.012618296529968345,1,1643,TRAIN,False,22.47,22.47,22.51,22.47,-2.49950009997983,13.795193787234062,-2.49950009997983
2017-09-25,XLE,0.01602425292334348,1,1643,TRAIN,False,23.46,23.43,23.37,23.46,-15.284027593457365,-42.34702931536297,-15.284027593457365
2017-11-01,XLE,0.01028277634961433,1,1643,TRAIN,True,23.57,23.6,23.6,23.63,10.22536264915016,8.723753764309635,-15.192052575518375
2017-11-06,XLE,0.02161016949152534,1,1643,TRAIN,False,24.12,24.14,24.18,24.13,5.790301309555442,20.866473471474237,1.643682867240452
2017-11-14,XLE,-0.015126050420168043,-1,1645,TRAIN,False,23.45,23.41,23.21,23.4,14.561334441726247,98.3855619738011,-6.7750729633132645
2017-11-15,XLE,-0.010679196924391286,-1,1645,TRAIN,False,23.16,23.15,23.08,23.16,1.818368855117841,30.555333864701424,1.818368855117841
2017-11-27,XLE,-0.010715816545220747,-1,1645,TRAIN,False,23.08,23.09,23.12,23.08,-6.8343391381925125,-21.33875648613304,-6.8343391381925125
2017-11-30,XLE,0.015384615384615514,1,1643,TRAIN,False,23.76,23.75,23.92,23.75,-6.707202330578401,63.31393653929125,-2.4995000999792265
2017-12-06,XLE,-0.013008812421317614,-1,1645,TRAIN,False,23.52,23.52,23.5,23.51,-2.500500100020522,4.506003241464452,-6.7550728350677245
2017-12-18,XLE,0.010096760622633656,1,1643,TRAIN,False,24.01,23.96,24.07,24.01,-23.31895137007475,20.9803936755344,-23.31895137007475
2017-12-20,XLE,0.014589412255106354,1,1643,TRAIN,False,24.34,24.33,24.34,24.36,-6.606936624178066,-3.999200159966625,-14.811692833846283
2017-12-21,XLE,0.023838882038635507,1,1643,TRAIN,False,24.91,24.85,24.87,24.9,-26.580191789822294,-20.050586430284444,-22.57480230861336
2018-01-02,XLE,0.016406562625050025,1,1643,TRAIN,False,25.4,25.41,25.46,25.43,1.4365237188789164,19.613400154615356,-10.362261012209105
2018-01-03,XLE,0.01652892561983464,1,1643,TRAIN,False,25.83,25.79,25.77,25.82,-17.981498551237053,-27.218714213022217,-14.11549603324895
2018-01-11,XLE,0.018461538461538477,1,1643,TRAIN,False,26.48,26.52,26.54,26.5,12.602464401380514,18.650348480153497,5.045783296171875
2018-01-16,XLE,-0.010828976848394425,-1,1645,TRAIN,False,26.49,26.45,26.52,26.49,12.603313414663013,-15.330359390111246,12.603313414663013
2018-01-22,XLE,0.018925056775170323,1,1643,TRAIN,False,26.92,27.0,27.05,26.93,27.210753985904258,44.272720493049206,23.4873188748822
2018-01-29,XLE,-0.012304250559284186,-1,1645,TRAIN,False,26.49,26.41,26.19,26.41,27.707126929348288,109.29479214076066,-2.5005001000212066
2018-01-30,XLE,-0.019689511548655794,-1,1645,TRAIN,False,25.89,25.87,25.95,25.91,5.226421877653267,-27.18504303409868,12.941414990832447
2018-02-02,XLE,-0.04547191440580822,-1,1645,TRAIN,False,24.98,25.08,24.73,25.0,-42.54253572892292,96.11930392483669,-34.508501700340176
2018-02-05,XLE,-0.03787878787878785,-1,1645,TRAIN,False,24.13,24.02,23.6,24.08,43.097305743784425,215.73067203577511,22.42267390355097
2018-02-08,XLE,-0.018487394957983246,-1,1645,TRAIN,False,23.36,23.08,23.38,23.28,117.39248534638374,-12.565869338250707,83.43163478056393
2018-02-09,XLE,-0.010398613518197507,-1,1645,TRAIN,False,22.84,23.07,23.36,23.02,-103.22620566144768,-231.7626397433593,-24.22617451379161
2018-02-12,XLE,0.02037277850021668,1,1643,TRAIN,False,23.54,23.46,23.32,23.5,-36.475712504058464,-97.41976838277115,-19.516522227469515
2018-02-14,XLE,0.01413276231263376,1,1643,TRAIN,False,23.68,23.68,23.73,23.65,-2.499500099979879,17.10722044780179,10.182318715962538
2018-02-22,XLE,0.01258680555555552,1,1643,TRAIN,False,23.34,23.3,23.41,23.28,-19.63317704925092,25.980236686168567,6.089417855259966
2018-02-23,XLE,0.02060085836909873,1,1643,TRAIN,False,23.78,23.8,23.92,23.78,5.908826645099077,54.85025787104957,5.908826645099077
2018-02-28,XLE,-0.016927634363097698,-1,1645,TRAIN,False,23.23,23.09,23.07,23.23,57.78146589283315,64.90320879500867,57.78146589283315
2018-03-05,XLE,0.01079447322970639,1,1643,TRAIN,False,23.41,23.41,23.55,23.45,-2.4995000999798305,55.78038599883709,-19.55280585673904
2018-03-07,XLE,-0.011101622544833541,-1,1645,TRAIN,False,23.16,23.24,23.3,23.25,-37.0514517411254,-64.47403470331487,1.8016506527123684
2018-03-09,XLE,0.01807228915662658,1,1643,TRAIN,False,23.66,23.67,23.69,23.67,1.7259861637144915,8.675357067217506,-2.499500099979543
2018-03-16,XLE,0.01118760757314981,1,1643,TRAIN,False,23.5,23.45,23.38,23.51,-23.770777759341556,-55.04260849957694,-28.014175982327828
2018-03-19,XLE,-0.019616204690831595,-1,1645,TRAIN,False,22.99,23.09,23.22,23.04,-46.008549252260735,-104.08432273666446,-24.20731542141923
2018-03-21,XLE,0.02963917525773186,1,1643,TRAIN,True,23.98,23.89,23.63,23.98,-40.02139522053855,-149.89579231776597,-40.02139522053855
2018-03-22,XLE,-0.016743407283382257,-1,1645,TRAIN,False,23.49,23.4,23.53,23.46,35.823256605342685,-21.03613570734695,23.081342611234007
2018-03-26,XLE,0.01633705932932068,1,1643,TRAIN,False,23.64,23.68,23.78,23.66,14.416744400697086,55.198774119964526,5.9514724274081905
2018-03-27,XLE,-0.01013513513513507,-1,1645,TRAIN,False,23.44,23.46,23.47,23.36,-11.03505684071926,-16.804555450337613,-45.319423473736784
2018-03-28,XLE,-0.017050298380221745,-1,1645,TRAIN,False,23.06,23.0,23.1,23.04,23.52508663050824,-21.353793742269676,14.86495215709611
2018-03-29,XLE,0.022608695652173893,1,1643,TRAIN,False,23.53,23.49,23.4,23.53,-19.494826066662,-59.22572391599104,-19.494826066662
2018-04-02,XLE,-0.02554278416347373,-1,1645,TRAIN,False,22.89,23.01,23.11,22.92,-54.93824846227481,-100.15109181731442,-41.77733452449761
2018-04-03,XLE,0.01955671447196868,1,1643,TRAIN,False,23.46,23.51,23.15,23.42,18.808045722485282,-136.08616725077817,35.91958807213799
2018-04-05,XLE,0.020017035775127718,1,1643,TRAIN,False,23.95,23.9,23.75,23.92,-23.371108659270124,-87.47311080581251,-10.858614230332478
2018-04-06,XLE,-0.025104602510460164,-1,1645,TRAIN,False,23.3,23.47,23.58,23.45,-75.48011748272533,-124.22055226495823,-11.03141737089566
2018-04-09,XLE,0.010651896037494675,1,1643,TRAIN,False,23.73,23.58,23.95,23.69,-65.69482563664403,88.67337362700161,-48.92098828018405
2018-04-10,XLE,0.036047497879559014,1,1643,TRAIN,False,24.43,24.36,24.32,24.37,-31.145633337516223,-49.0077997499134,-6.601880280490471
2018-04-11,XLE,0.01067323481116591,1,1643,TRAIN,False,24.62,24.61,24.7,24.63,-6.560223292465374,28.481712268432396,-10.617649105176541
2018-04-16,XLE,0.01004823151125402,1,1643,TRAIN,False,25.13,25.13,25.2,25.16,-2.499500099980433,23.844813210059293,-14.42020816822378
2018-04-18,XLE,0.02060221870047556,1,1643,TRAIN,False,25.76,25.63,25.65,25.71,-52.9527246724578,-46.68398618413084,-33.608019741832344
2018-04-24,XLE,-0.012456208641494755,-1,1645,TRAIN,False,25.37,25.41,25.34,25.31,-18.271096079682458,7.8289209280574354,-42.0204546638305
2018-04-26,XLE,0.01249024199843873,1,1643,TRAIN,False,25.94,26.0,25.73,25.99,20.625019175038464,-84.92287664286769,1.3471718892085394
2018-04-27,XLE,-0.010769230769230812,-1,1645,TRAIN,False,25.72,25.72,25.68,25.72,-2.5005001000206697,11.557521457635648,-2.5005001000206697
2018-05-01,XLE,-0.010886469673405817,-1,1645,TRAIN,False,25.44,25.56,25.48,25.48,-49.68210623256761,-19.730361166572152,-33.90552521807316
2018-05-09,XLE,0.02233346168656149,1,1643,TRAIN,False,26.55,26.5,26.6,26.47,-21.327184657230507,14.825660103384854,8.83125226107047
2018-05-17,XLE,0.014063656550703147,1,1643,TRAIN,False,27.4,27.43,27.38,27.41,8.446668330567956,-11.29555110875497,4.795283190716008
2018-05-22,XLE,-0.013095671153146578,-1,1645,TRAIN,False,27.13,27.13,26.97,27.1,-2.5005001000212816,54.99809877198484,-13.573378882419282
2018-05-24,XLE,-0.01585545722713863,-1,1645,TRAIN,False,26.7,26.67,26.21,26.65,8.738264506832465,179.59322201518918,-10.007067079459066
2018-05-25,XLE,-0.0284964379452569,-1,1645,TRAIN,False,25.91,25.99,25.78,25.95,-33.38433028172515,46.19295144246978,-17.9186126242589
2018-05-30,XLE,0.031286210892236335,1,1643,TRAIN,False,26.7,26.71,26.49,26.68,1.2448821097209422,-82.61943116994617,8.742067178768758
2018-06-07,XLE,0.016635160680529348,1,1643,TRAIN,False,26.9,26.85,26.88,26.86,-21.082214783807473,-11.431171014866424,-6.22157772466189
2018-06-15,XLE,-0.01881821603312006,-1,1645,TRAIN,False,26.07,26.02,25.95,26.02,16.68342874558818,42.04753493851948,-2.5005001000202536
2018-06-21,XLE,-0.02164830991264705,-1,1645,TRAIN,False,25.76,25.84,26.48,25.77,-33.564166249399015,-283.61572935704976,-29.670660558190118
2018-06-22,XLE,0.021284829721362256,1,1643,TRAIN,False,26.39,26.36,26.28,26.38,-13.864601085089143,-45.66498598726608,-10.079106240919876
2018-06-25,XLE,-0.023899848254931678,-1,1645,TRAIN,False,25.73,25.81,25.9,25.85,-33.60038505952312,-70.09796829167517,12.977256960096016
2018-06-26,XLE,0.01549786904300667,1,1643,TRAIN,False,26.21,26.16,26.37,26.18,-21.57142016846454,57.021789079803675,-10.137010031147964
2018-06-27,XLE,0.01299694189602446,1,1643,TRAIN,False,26.5,26.51,26.55,26.52,1.27314159809667,14.861178707656386,-6.269296668568612
2018-06-29,XLE,0.0102002266717038,1,1643,TRAIN,False,26.73,26.64,26.45,26.69,-36.16111794476148,-108.70852391437134,-21.22842572736874
2018-07-02,XLE,-0.016516516516516564,-1,1645,TRAIN,False,26.2,26.23,26.52,26.22,-13.95374494746475,-126.1870694749636,-6.315336293805735
2018-07-09,XLE,0.014318010550113133,1,1643,TRAIN,False,26.92,26.95,27.1,26.92,8.641845182225369,62.83884382113156,8.641845182225369
2018-07-11,XLE,-0.023949889462048714,-1,1645,TRAIN,False,26.49,26.56,26.63,26.55,-28.932173750720143,-56.872076567068994,-6.2679202507169505
2018-07-16,XLE,-0.01271028037383177,-1,1645,TRAIN,False,26.41,26.44,26.35,26.42,-13.862674087261253,18.72695629621879,-10.072415694342887
2018-07-24,XLE,0.013001912045889097,1,1643,TRAIN,False,26.49,26.48,26.52,26.45,-6.273565973856244,7.321299047099781,8.839819937714585
2018-07-26,XLE,0.010849233071455262,1,1643,TRAIN,False,27.02,27.0,26.69,27.02,-9.899574489246058,-126.08211148295702,-9.899574489246058
2018-08-01,XLE,-0.012948575656677817,-1,1645,TRAIN,True,26.68,26.68,26.48,26.72,-2.500500100021235,70.99170958629573,12.473303043840334
2018-08-07,XLE,0.010570026425066107,1,1643,TRAIN,False,26.77,26.68,26.5,26.72,-36.11082042089913,-104.8180352722875,-17.465818213602788
2018-08-15,XLE,-0.034812547819433826,-1,1645,TRAIN,False,25.23,25.21,25.35,25.26,5.428553011432702,-51.582254619770964,17.298590359400944
2018-08-22,XLE,0.014357780364765269,1,1643,TRAIN,False,26.14,26.08,25.96,26.12,-25.44709114795337,-72.83164637156716,-17.80960806307426
2018-09-06,XLE,-0.016525749423520357,-1,1645,TRAIN,False,25.59,25.54,25.45,25.56,17.043267973641406,50.72995841841362,5.326182607412475
2018-09-11,XLE,0.010184097140618801,1,1643,TRAIN,False,25.79,25.77,25.98,25.8,-10.252505528362613,69.6433028245089,-14.124500681259999
2018-09-24,XLE,0.015837104072398255,1,1643,TRAIN,False,26.94,26.91,27.08,26.92,-13.632574153320938,47.94735188077335,-6.21328186071563
2018-10-01,XLE,0.013826606875934134,1,1643,TRAIN,False,27.13,27.12,27.19,27.09,-6.1845353008274815,18.1076943476046,8.571929025048103
2018-10-10,XLE,-0.03163636363636367,-1,1645,TRAIN,False,26.63,26.51,26.36,26.57,42.57272783884364,97.4291741562738,20.087005733851544
2018-10-11,XLE,-0.026782346284421003,-1,1645,TRAIN,False,25.8,25.71,25.97,25.75,32.391943504979366,-69.91863488976774,13.037364754503177
2018-10-23,XLE,-0.023209283713485327,-1,1645,TRAIN,False,24.41,24.32,24.45,24.38,34.378854468148184,-20.39408291326322,22.11599005609009
2018-10-24,XLE,-0.032072368421052676,-1,1645,TRAIN,False,23.54,23.37,23.66,23.58,69.73506001115058,-54.998255385997524,86.58029315786685
2018-10-25,XLE,0.01925545571245183,1,1643,TRAIN,False,23.82,23.66,23.46,23.67,-69.65315585077745,-155.07226010717085,-6.723201198375338
2018-10-26,XLE,-0.011411665257819085,-1,1645,TRAIN,False,23.4,23.48,23.65,23.39,-36.697083006346894,-110.88115058909177,-40.98810356342354
2018-10-29,XLE,-0.022998296422487186,-1,1645,TRAIN,False,22.94,23.04,23.03,22.75,-46.10337935067278,-43.249277580013434,-130.0049020793163
2018-10-30,XLE,0.0212673611111112,1,1643,TRAIN,False,23.53,23.58,23.81,23.54,18.74465735837019,114.95023562223354,14.488606102058194
2018-10-31,XLE,0.011026293469041628,1,1643,TRAIN,False,23.84,23.71,23.77,23.75,-57.016071617889445,-33.349873649430016,-19.337395678756987
2018-11-05,XLE,0.015919564306661037,1,1643,TRAIN,False,24.25,24.26,24.32,24.27,1.623180518535684,24.855235138539875,-6.618783371465821
2018-11-07,XLE,0.0155929421419778,1,1643,TRAIN,False,24.75,24.77,24.66,24.73,5.579288182767163,-40.348293977568495,13.671143652385306
2018-11-08,XLE,-0.023819136051675408,-1,1645,TRAIN,True,24.18,24.24,23.95,24.19,-27.32060059654698,91.15718925422787,-23.17536678067281
2018-11-12,XLE,-0.01942148760330574,-1,1645,TRAIN,False,23.73,23.69,23.62,23.73,14.360014860113841,42.372570595028876,14.360014860113841
2018-11-13,XLE,-0.02617138032925289,-1,1645,TRAIN,False,23.07,23.16,23.51,23.11,-41.521958487928075,-194.8009888063437,-24.141565656275226
2018-11-15,XLE,0.012115967113803599,1,1643,TRAIN,False,23.4,23.45,23.59,23.44,18.862680455362398,77.16490889856233,1.7656451644828248
2018-11-16,XLE,0.013646055437100226,1,1643,TRAIN,False,23.77,23.73,23.58,23.77,-19.323228328670332,-83.89992174051436,-19.323228328670332
2018-11-20,XLE,-0.03163222269084774,-1,1645,TRAIN,False,22.95,22.94,23.12,22.97,1.857887917450408,-78.10450979084783,10.563279395101306
2018-11-21,XLE,0.019616390584132486,1,1643,TRAIN,False,23.39,23.3,22.72,23.31,-40.96786457159127,-290.33184384927176,-6.788432103368274
2018-11-26,XLE,0.01462117855560471,1,1643,TRAIN,False,22.9,22.91,22.79,22.89,1.8662206423348822,-52.014924526011626,6.235755906923087
2018-11-28,XLE,0.011805859204197619,1,1643,TRAIN,False,23.14,23.25,23.26,23.18,45.02535102314006,47.83831479166595,27.69139873492209
2018-12-03,XLE,0.023126338329764417,1,1643,TRAIN,False,23.89,23.87,23.88,23.85,-10.869111234260954,-8.183377974886147,5.8841481179653226
2018-12-04,XLE,-0.024717218265605356,-1,1645,TRAIN,False,23.28,23.2,22.67,23.2,31.872353852213276,258.1315232118585,-2.500500100020303
2018-12-06,XLE,-0.028017241379310283,-1,1645,TRAIN,False,22.55,22.76,23.19,22.65,-95.65017216303642,-287.92809559694655,-51.07776522191988
2018-12-10,XLE,-0.017233760494918277,-1,1645,TRAIN,False,22.24,22.28,22.62,22.32,-20.49060891315128,-174.93246850809126,15.42512803635964
2018-12-14,XLE,-0.024955436720142703,-1,1645,TRAIN,False,21.88,21.92,21.87,21.83,-20.786607047189733,0.5714122714848561,-43.73847742521862
2018-12-17,XLE,-0.020072992700729982,-1,1645,TRAIN,False,21.48,21.53,21.49,21.43,-25.783788042526695,-8.658156212246485,-49.175724085556894
2018-12-18,XLE,-0.022758941012540734,-1,1645,TRAIN,False,21.04,21.02,21.13,21.06,7.007580223267671,-46.793579248167816,16.497601514603133
2018-12-19,XLE,-0.014747859181731623,-1,1645,TRAIN,True,20.7,20.77,20.52,20.75,-36.32538101823426,82.99051114570837,-12.141464437466905
2018-12-20,XLE,-0.022628791526239714,-1,1645,TRAIN,False,20.3,20.2,20.2,20.16,46.77290137830596,45.279991958984176,-22.34673125101146
2018-12-21,XLE,-0.011386138613861408,-1,1645,TRAIN,False,19.97,20.0,19.77,19.93,-17.52679028544872,96.18949328173112,-37.63221284497877
2018-12-26,XLE,0.047420531526836895,1,1643,TRAIN,False,20.1,20.38,19.98,20.27,136.76916358021805,-63.676816875432046,51.75432599715873
2019-01-02,XLE,0.012720156555772896,1,1643,TRAIN,False,20.7,20.85,20.91,20.68,69.94615569639795,97.40950360652563,79.6849817657369
2019-01-04,XLE,0.03197674418604652,1,1643,TRAIN,False,21.3,21.38,21.5,21.34,35.04979755222599,89.85996227984452,16.239957256907726
2019-01-07,XLE,0.014031805425631465,1,1643,TRAIN,False,21.68,21.66,21.97,21.64,-11.722286539001894,129.71114264232153,6.740334003438359
2019-01-08,XLE,0.010156971375807889,1,1643,TRAIN,False,21.88,21.85,22.12,21.89,-16.207224734210744,105.64614682182447,-20.768116819759328
2019-01-09,XLE,0.016018306636155506,1,1643,TRAIN,False,22.2,22.17,21.98,22.17,-16.0096359106545,-103.05866754576905,-2.499500099980307
2019-01-18,XLE,0.018385650224215254,1,1643,TRAIN,False,22.71,22.76,22.51,22.71,19.51172953432168,-92.03091129902539,19.51172953432168
2019-01-22,XLE,-0.019771528998242655,-1,1645,TRAIN,False,22.31,22.26,22.34,22.26,19.916578564477252,-17.45306479494042,-2.500500100021919
2019-01-23,XLE,-0.010332434860736766,-1,1645,TRAIN,False,22.03,22.03,21.99,22.03,-2.500500100020104,14.163522672761918,-2.500500100020104
2019-01-25,XLE,0.012641083521444748,1,1643,TRAIN,False,22.43,22.43,22.14,22.45,-2.4995000999799983,-133.23862200364204,-11.40595934265268
2019-01-28,XLE,-0.01159161836825671,-1,1645,TRAIN,False,22.17,22.2,22.34,22.16,-16.03568345604079,-80.71167684145635,-20.555555154351055
2019-01-30,XLE,0.011669658886893985,1,1643,TRAIN,True,22.54,22.58,22.63,22.57,15.242293156276727,35.913846511976956,1.9300526248311851
2019-02-01,XLE,0.013632365875110039,1,1643,TRAIN,False,23.05,23.13,22.98,23.08,32.198983196852296,-34.35581864104369,19.158863201363907
2019-02-07,XLE,-0.025151777970511636,-1,1645,TRAIN,False,22.48,22.55,22.48,22.53,-33.647076390368156,-4.000800160031661,-11.379772625630949
2019-02-12,XLE,0.013309671694764895,1,1643,TRAIN,False,22.84,22.83,22.92,22.81,-6.8766894607067295,31.01306183596975,6.266392490901372
2019-02-13,XLE,0.011388523872098186,1,1643,TRAIN,False,23.09,23.12,23.03,23.12,10.48988989556021,-29.974083139196498,-2.499500099979095
2019-02-15,XLE,0.01206896551724143,1,1643,TRAIN,False,23.48,23.57,23.45,23.53,35.82141323013188,-16.770921795198184,14.495825866701793
2019-02-21,XLE,-0.018112889637742196,-1,1645,TRAIN,False,23.31,23.38,23.55,23.31,-32.538039139359775,-107.00209539977538,-32.538039139359775
2019-03-01,XLE,0.011177987962166723,1,1643,TRAIN,False,23.52,23.69,23.77,23.58,69.76134534997789,102.2508083417336,44.13854294450855
2019-03-06,XLE,-0.014376321353065534,-1,1645,TRAIN,False,23.31,23.35,23.37,23.32,-19.66480812250117,-29.751123969967672,-15.368210863442181
2019-03-08,XLE,-0.020249892287807082,-1,1645,TRAIN,False,22.74,22.78,22.95,22.78,-20.09504803335534,-96.38603182377942,-2.5005001000212737
2019-03-11,XLE,0.01580333625987706,1,1643,TRAIN,False,23.14,23.14,23.18,23.15,-2.499500099979781,13.279971490576985,-6.818074829956688
2019-03-18,XLE,0.013169073916737566,1,1643,TRAIN,False,23.85,23.86,23.98,23.89,1.6923240089913831,50.48633879094181,-15.053916801403208
2019-03-20,XLE,0.014705882352941086,1,1643,TRAIN,True,24.15,24.01,23.94,24.09,-60.45602473707944,-90.9209462455308,-35.69999989209215
2019-03-22,XLE,-0.021505376344086002,-1,1645,TRAIN,False,23.66,23.52,23.42,23.59,56.685893391695664,97.4768072803051,27.180510286032998
2019-03-26,XLE,0.012324691882702896,1,1643,TRAIN,False,23.82,23.87,23.85,23.82,18.486017322145695,8.590221502300103,18.486017322145695
2019-04-01,XLE,0.011784511784511682,1,1643,TRAIN,False,24.04,24.08,24.13,24.07,14.135276106175288,33.42343178618914,1.6540107018052324
2019-04-05,XLE,0.016757436112274763,1,1643,TRAIN,False,24.27,24.29,24.33,24.25,5.739066442995606,20.712791928635607,13.9912223740812
2019-04-09,XLE,-0.013934426229508192,-1,1645,TRAIN,False,24.06,24.1,24.15,24.08,-19.129761114320203,-41.42224953718896,-10.80822476787867
2019-04-22,XLE,0.0190555095277548,1,1643,TRAIN,False,24.6,24.65,24.67,24.62,17.820622867295754,24.444704555025233,9.682669477476612
2019-04-24,XLE,-0.015034538805363713,-1,1645,TRAIN,False,24.25,24.18,24.18,24.24,26.3726972198548,24.87672792290343,22.258164504186624
2019-04-26,XLE,-0.015767634854771888,-1,1645,TRAIN,False,23.72,23.79,23.8,23.74,-32.01884053033264,-37.74110640003278,-23.56726610697136
2019-05-01,XLE,-0.010526315789473684,-1,1645,TRAIN,True,23.5,23.28,23.13,23.44,91.13993011368073,153.50899967227616,65.77595382557709
2019-05-02,XLE,-0.013316151202749238,-1,1645,TRAIN,False,22.96,22.87,23.09,22.94,36.70790778364721,-60.64366183341132,28.021515375438085
2019-05-03,XLE,0.01486663751639702,1,1643,TRAIN,False,23.21,23.08,22.91,23.18,-58.495840685375505,-133.2021402699212,-45.62935557840932
2019-05-07,XLE,-0.015577672003461681,-1,1645,TRAIN,False,22.74,22.9,22.89,22.81,-72.87869183335391,-69.99025134842296,-41.96674494916558
2019-05-13,XLE,-0.01738374619730561,-1,1645,TRAIN,False,22.6,22.62,22.74,22.6,-11.35227045409076,-65.97248653270309,-11.35227045409076
2019-05-14,XLE,0.013262599469496051,1,1643,TRAIN,False,22.92,22.89,22.76,22.91,-15.5852337385931,-73.77931045553616,-11.227130392340364
2019-05-21,XLE,0.012216404886561848,1,1643,TRAIN,False,23.2,23.18,23.04,23.2,-11.11803501368659,-72.93713671058876,-11.11803501368659
2019-05-22,XLE,-0.013805004314063861,-1,1645,TRAIN,False,22.86,22.82,22.44,22.84,15.00168800164036,179.79973947545417,6.258256905319987
2019-05-23,XLE,-0.03418054338299742,-1,1645,TRAIN,False,22.04,22.06,22.23,22.02,-11.577179319712226,-90.24218636830688,-20.67034660338252
2019-05-30,XLE,-0.01469912723932018,-1,1645,TRAIN,False,21.45,21.49,21.2,21.49,-21.153181685288846,112.59594576257894,-2.500500100020005
2019-05-31,XLE,-0.015821312238250344,-1,1645,TRAIN,False,21.15,21.12,21.26,21.14,11.687443871751137,-56.03106436890393,6.962603495153336
2019-06-03,XLE,0.010890151515151535,1,1643,TRAIN,False,21.35,21.38,21.59,21.36,11.54850997013631,108.3680219459632,6.861455424270109
2019-06-04,XLE,0.015902712815715616,1,1643,TRAIN,False,21.72,21.75,21.8,21.72,11.309202247948608,32.8184823440486,11.309202247948608
2019-06-05,XLE,-0.012413793103448256,-1,1645,TRAIN,False,21.48,21.51,21.56,21.51,-16.47047286552453,-41.25964857775892,-2.500500100020743
2019-06-06,XLE,0.020920502092050174,1,1643,TRAIN,False,21.96,21.91,21.98,21.93,-25.262479380261535,5.104625705095978,-11.617147614707763
2019-06-12,XLE,-0.015370705244122958,-1,1645,TRAIN,False,21.78,21.81,22.06,21.77,-16.27804899822896,-132.61054414739417,-20.879003545312695
2019-06-18,XLE,0.014932126696832502,1,1643,TRAIN,False,22.43,22.41,22.38,22.42,-11.413900902386859,-26.281859098532976,-6.958688547749177
2019-06-20,XLE,0.022788203753351277,1,1643,TRAIN,False,22.89,22.87,22.91,22.87,-11.234756106882386,4.734745493016616,-2.4995000999797314
2019-06-26,XLE,0.018093556928508392,1,1643,TRAIN,False,23.07,23.01,23.01,23.06,-28.50080179022723,-29.996601459940905,-24.176647758044492
2019-07-02,XLE,-0.019455252918287907,-1,1645,TRAIN,False,22.68,22.75,22.78,22.68,-33.372415223785765,-48.110151130755426,-33.372415223785765
2019-07-10,XLE,0.013525305410122108,1,1643,TRAIN,False,23.23,23.22,23.29,23.22,-6.8032024245182585,21.819140261486453,-2.4995000999794565
2019-07-15,XLE,-0.011120615911034987,-1,1645,TRAIN,False,23.11,23.15,23.11,23.15,-19.81335254502301,-4.000800160033077,-2.5005001000201243
2019-07-16,XLE,-0.010367170626349825,-1,1645,TRAIN,False,22.91,22.91,22.89,22.93,-2.500500100021117,4.732504772452411,6.223878879568527
2019-07-17,XLE,-0.010912265386294195,-1,1645,TRAIN,False,22.67,22.65,22.54,22.66,6.323937923889535,53.36665039227749,1.9136660518334143
2019-07-25,XLE,-0.013032145960034783,-1,1645,TRAIN,False,22.72,22.76,22.76,22.75,-20.110536191746665,-21.613477625103474,-6.897203616547842
2019-07-30,XLE,0.01197339246119732,1,1643,TRAIN,False,22.83,22.81,22.81,22.77,-11.257713415704202,-12.756099678005723,15.063083123385029
2019-08-01,XLE,-0.02198768689533861,-1,1645,TRAIN,False,22.24,22.22,22.31,22.23,6.494554306543831,-35.48821275046398,1.9990502823920486
2019-08-02,XLE,-0.013951395139513895,-1,1645,TRAIN,False,21.9,21.9,21.49,21.94,-2.500500100021884,183.28871253702815,15.73559926205889
2019-08-05,XLE,-0.033789954337899476,-1,1645,TRAIN,False,21.16,21.25,21.3,21.24,-45.04421678286573,-70.18984137091945,-7.209775288393525
2019-08-07,XLE,-0.010838831291234705,-1,1645,TRAIN,False,20.99,21.06,21.2,21.15,-35.8580529826792,-104.08846895629675,40.06333181529815
2019-08-08,XLE,0.019943019943020026,1,1643,TRAIN,False,21.48,21.67,21.69,21.56,85.9327668916874,93.7270646429374,48.50815551175675
2019-08-14,XLE,-0.03838951310861425,-1,1645,TRAIN,False,20.54,20.51,20.42,20.55,12.108799559326727,54.445163618897055,16.969087248105403
2019-08-16,XLE,0.01224889759921607,1,1643,TRAIN,False,20.66,20.67,20.96,20.7,2.339561129402744,141.15085985707142,-16.988631259253236
2019-08-19,XLE,0.024189646831156264,1,1643,TRAIN,False,21.17,21.13,21.03,21.18,-21.389439636873604,-70.10407082494733,-26.10077606763831
2019-08-23,XLE,-0.03144354454502145,-1,1645,TRAIN,False,20.33,20.29,20.47,20.29,17.179776338935927,-72.89209932493,-2.5005001000221014
2019-08-28,XLE,0.013827160493827217,1,1643,TRAIN,False,20.53,20.54,20.7,20.55,2.370203017359163,78.77333447095208,-7.364463846891372
2019-08-29,XLE,0.015579357351509265,1,1643,TRAIN,False,20.86,20.84,20.92,20.85,-12.084831355875657,24.75247999297702,-7.2944643685163335
2019-09-04,XLE,0.014464802314368405,1,1643,TRAIN,False,21.03,21.03,21.21,21.05,-2.499500099979541,81.55858129372791,-11.998312926487936
2019-09-05,XLE,0.015216357584403246,1,1643,TRAIN,False,21.34,21.31,21.25,21.34,-16.55409311764645,-46.156654329864374,-16.55409311764645
2019-09-09,XLE,0.019158878504672905,1,1643,TRAIN,False,21.81,21.83,21.96,21.81,6.668313288281372,64.74908594622315,6.668313288281372
2019-09-16,XLE,0.03837471783295718,1,1643,TRAIN,False,23.0,22.89,22.87,22.91,-50.31363292558799,-60.49833511558428,-11.227130392340364
2019-09-17,XLE,-0.014853647881170811,-1,1645,TRAIN,False,22.56,22.57,22.41,22.56,-6.934232591200641,62.51516260698986,-6.934232591200641
2019-09-24,XLE,-0.01783325902808732,-1,1645,TRAIN,False,22.03,22.07,21.97,22.04,-20.66209882920816,23.24568408915783,-16.115518929558107
2019-09-26,XLE,-0.010854816824966008,-1,1645,TRAIN,False,21.86,21.82,21.7,21.83,15.80233704563269,69.22152957581497,2.0814973805547345
2019-10-01,XLE,-0.01985226223453369,-1,1645,TRAIN,False,21.23,21.16,21.04,21.22,30.47995373921598,85.53100163132223,25.781782181127465
2019-10-02,XLE,-0.023629489603024575,-1,1645,TRAIN,False,20.66,20.64,20.53,20.65,7.1824626299891925,58.947898001672144,2.3433258080167616
2019-10-08,XLE,-0.010091302258529423,-1,1645,TRAIN,False,20.6,20.45,20.64,20.5,70.33324140556292,-23.42604443218615,21.89584258314997
2019-10-09,XLE,0.013691931540342355,1,1643,TRAIN,False,20.73,20.64,20.71,20.62,-45.903988522120514,-13.643195142928153,7.197396602153903
2019-10-10,XLE,0.014050387596899184,1,1643,TRAIN,False,20.93,20.9,21.12,20.9,-16.829410037726387,86.74328201727066,-2.4995000999797026
2019-10-11,XLE,0.019617224880382783,1,1643,TRAIN,False,21.31,21.21,21.03,21.3,-49.41409653310997,-135.34036505697367,-44.742459958712345
2019-10-16,XLE,-0.011288805268109218,-1,1645,TRAIN,False,21.02,20.96,21.05,20.97,26.050880965917262,-18.278631939518018,2.2694095328359567
2019-10-21,XLE,0.017249640632486796,1,1643,TRAIN,False,21.24,21.24,21.31,21.23,-2.4995000999807013,28.94430530089799,2.209638147734837
2019-10-22,XLE,0.01883239171374775,1,1643,TRAIN,False,21.64,21.51,21.48,21.6,-62.55842177220697,-77.90678463198358,-44.155752182896116
2019-10-30,XLE,-0.021619135234590567,-1,1645,TRAIN,True,21.27,21.29,21.21,21.26,-11.905766202606252,24.219230305864333,-16.615035142494357
2019-11-01,XLE,0.02263083451202265,1,1643,TRAIN,False,21.69,21.69,21.94,21.7,-2.49950009998077,111.2151935680179,-7.106643187490694
2019-11-04,XLE,0.032733978792069955,1,1643,TRAIN,False,22.4,22.4,22.48,22.39,-2.4995000999805215,31.70080269660412,1.9656631424938358
2019-11-06,XLE,-0.022686832740213592,-1,1645,TRAIN,False,21.97,21.97,22.19,21.96,-2.500500100019554,-104.17741263318689,-7.055372823197844
2019-11-07,XLE,0.012289485662266708,1,1643,TRAIN,False,22.24,22.3,22.16,22.24,24.472173910543262,-39.95603756946276,24.472173910543262
2019-11-18,XLE,-0.013193812556869843,-1,1645,TRAIN,False,21.69,21.72,21.65,21.68,-16.335217250918607,14.448256179591189,-20.95529807068356
2019-11-19,XLE,-0.014272559852670291,-1,1645,TRAIN,False,21.41,21.39,21.39,21.42,6.843264963126343,5.34436639780097,11.50860424185647
2019-11-20,XLE,0.011220196353436112,1,1643,TRAIN,False,21.63,21.63,21.68,21.62,-2.4995000999802137,19.10759780545195,2.1246906955315965
2019-11-21,XLE,0.013407304669440716,1,1643,TRAIN,False,21.93,21.96,21.98,21.94,11.176971172113952,18.791499338071574,6.613991695736474
2019-11-26,XLE,-0.01367365542388335,-1,1645,TRAIN,False,21.64,21.71,21.74,21.64,-34.856093214947684,-50.23000903322953,-34.856093214947684
2019-12-03,XLE,-0.01392111368909516,-1,1645,TRAIN,False,21.25,21.23,21.41,21.21,6.913618017720404,-79.32504147888355,-11.932372330194328
2019-12-04,XLE,0.01460197833254822,1,1643,TRAIN,False,21.54,21.54,21.64,21.57,-2.499500099978549,42.407488790079604,-16.40422958523762
2019-12-06,XLE,0.020522388059701385,1,1643,TRAIN,False,21.88,21.85,21.69,21.9,-16.207224734210744,-90.80176652055282,-25.324843707056274
2019-12-12,XLE,0.021071919377004162,1,1643,TRAIN,False,22.29,22.27,22.31,22.29,-11.469890858076964,4.969844972234696,-11.469890858076964
2019-12-16,XLE,0.014952424105119995,1,1643,TRAIN,False,22.4,22.36,22.46,22.4,-20.352179564086406,22.775801982461676,-20.352179564086406
2019-12-23,XLE,0.010596026490066314,1,1643,TRAIN,False,22.89,22.9,22.94,22.9,1.8681279034705554,17.835663972493318,-2.499500099980771
2020-01-06,XLE,0.011314186248912011,1,1643,TRAIN,False,23.24,23.16,23.1,23.14,-36.91430388620987,-64.21607244815914,6.141381922405087
2020-01-08,XLE,-0.012987012987013017,-1,1645,TRAIN,False,22.8,22.72,22.71,22.76,32.59599288278773,35.4886766827055,15.078586894883324
2020-01-21,XLE,-0.016021361815754316,-1,1645,TRAIN,False,22.11,22.09,22.05,22.07,6.547442459997012,23.147098890606046,-11.564841287244308
2020-01-24,XLE,-0.012385321100917411,-1,1645,TRAIN,False,21.53,21.54,21.11,21.49,-7.146343342054348,191.15388335447088,-25.772953566982128
2020-01-27,XLE,-0.026926648096564452,-1,1645,TRAIN,False,20.96,20.95,21.07,20.96,2.2716852530810185,-56.50271275629183,2.2716852530810185
2020-01-31,XLE,-0.033349213911386344,-1,1645,TRAIN,False,20.29,20.33,20.31,20.35,-22.21957452111512,-13.861816227218464,7.32996722194672
2020-02-03,XLE,-0.011313330054107078,-1,1645,TRAIN,False,20.1,20.07,20.36,20.09,12.428605124008639,-133.40578563473855,7.457190791069118
2020-02-05,XLE,0.03624627606752733,1,1643,TRAIN,False,20.87,20.9,21.0,20.87,11.871607470550584,58.26625762533124,11.871607470550584
2020-02-12,XLE,0.012094823415578132,1,1643,TRAIN,False,20.92,20.95,20.89,20.96,11.837259699112,-18.33380933755856,-7.269299956802461
2020-02-19,XLE,0.016512870325400674,1,1643,TRAIN,False,20.93,20.87,20.92,20.91,-31.15931997547024,-8.775120274558242,-21.624321716240587
2020-02-21,XLE,-0.013902205177372923,-1,1645,TRAIN,False,20.57,20.6,19.89,20.55,-17.08849305106819,326.70997009319143,-26.837484285180675
2020-02-24,XLE,-0.04320388349514566,-1,1645,TRAIN,False,19.7,19.65,19.7,19.66,22.886557006831765,-4.000800160032061,2.5872417616788126
2020-02-25,XLE,-0.047328244274809146,-1,1645,TRAIN,False,18.72,18.78,18.85,18.73,-34.559796574702666,-73.47302793892274,-29.202316704666483
2020-02-26,XLE,-0.02662406815761448,-1,1645,TRAIN,False,18.28,18.22,17.74,18.31,30.330464342321818,291.5221994070612,46.665258775402954
2020-02-27,XLE,-0.04171240395170132,-1,1645,TRAIN,False,17.46,17.24,16.7,17.39,123.53329772483681,431.4539883921815,83.77753756616733
2020-03-02,XLE,0.02205455600696454,1,1643,TRAIN,False,17.61,17.93,18.02,17.71,179.17001494647147,228.7299496375572,121.69305269380891
2020-03-03,XLE,-0.020078081427774647,-1,1645,TRAIN,True,17.56,17.38,17.75,17.58,100.03082621079885,-112.24454458089939,111.29358977597371
2020-03-04,XLE,0.019562715765247405,1,1643,TRAIN,False,17.73,17.79,17.26,17.67,31.332988901373213,-268.9806088415697,65.39524013703175
2020-03-05,XLE,-0.04665542439572784,-1,1645,TRAIN,False,16.97,17.13,16.55,17.01,-96.80810646513594,243.59379831181263,-73.0648775257696
2020-03-06,XLE,-0.06596614127262108,-1,1645,TRAIN,False,16.0,16.17,13.34,16.06,-108.77706791358452,1659.1643328665737,-71.010777497969
2020-03-09,XLE,-0.17996289424860865,-1,1645,TRAIN,False,13.26,12.91,13.95,13.22,261.51723557381104,-524.5709775439236,232.05132705814947
2020-03-10,XLE,0.037955073586367176,1,1643,TRAIN,False,13.39,13.53,13.11,13.44,102.03000475334373,-213.0268494471391,64.44804789042314
2020-03-11,XLE,-0.06356245380635621,-1,1645,TRAIN,False,12.67,12.81,11.87,12.76,-113.02536750444061,627.6646015864594,-41.695251275961716
2020-03-12,XLE,-0.12256049960967995,-1,1645,TRAIN,False,11.24,11.84,12.16,11.21,-536.4418079345411,-822.8336058670797,-564.6392436382004
2020-03-13,XLE,-0.038006756756756695,-1,1645,TRAIN,False,11.39,12.25,10.64,11.47,-757.7375879038851,654.7349856275035,-682.7054164102211
2020-03-16,XLE,-0.11183673469387749,-1,1645,TRAIN,False,10.88,10.65,10.68,10.81,208.94941856018238,179.896273372322,145.5476109097857
2020-03-17,XLE,-0.01502347417840377,-1,1645,TRAIN,False,10.49,10.65,9.909,10.51,-155.06485472499702,550.0816083140364,-135.74027840772698
2020-03-18,XLE,-0.16075117370892017,-1,1645,TRAIN,False,8.942,9.125,9.235,8.908,-207.20387647200806,-331.7990818024929,-246.16266989365624
2020-03-19,XLE,0.043945205479452035,1,1643,TRAIN,False,9.526,9.692,9.992,9.543,171.71686384956982,484.9926508504743,153.59686105323283
2020-03-20,XLE,0.010214609987618676,1,1643,TRAIN,False,9.791,9.84,9.776,9.789,47.533951487713985,-19.31326532160513,49.586772807866765
2020-03-23,XLE,-0.07286585365853664,-1,1645,TRAIN,False,9.123,9.134,9.881,9.13,-14.560952308844909,-835.2002528095223,-6.882756617040672
2020-03-24,XLE,0.12984453689511713,1,1643,TRAIN,False,10.32,10.64,10.87,10.38,307.5005154007973,528.7334006067003,247.91958756610853
2020-03-25,XLE,0.07048872180451128,1,1643,TRAIN,False,11.4,11.06,11.25,11.33,-300.6705676408568,-135.52552647365212,-240.7453196033345
2020-03-26,XLE,0.050632911392404945,1,1643,TRAIN,False,11.61,11.82,11.33,11.56,178.33384227547373,-245.07415485033866,222.35777757943214
2020-03-27,XLE,-0.04991539763113366,-1,1645,TRAIN,False,11.23,11.02,10.85,11.09,184.54536855723754,334.51391970290916,60.635210901512664
2020-04-01,XLE,-0.05305039787798405,-1,1645,TRAIN,False,10.71,10.74,11.27,10.62,-30.518708783773466,-527.0858093187234,-115.52310462092663
2020-04-02,XLE,0.0819366852886405,1,1643,TRAIN,False,11.62,11.73,12.1,11.72,92.14121031215507,408.9164955304995,6.0307904289449805
2020-04-06,XLE,0.04224137931034485,1,1643,TRAIN,False,12.09,12.22,12.82,12.16,105.0005052752899,599.5641235690003,46.83027210347599
2020-04-07,XLE,0.025368248772503987,1,1643,TRAIN,False,12.53,12.47,12.74,12.69,-50.37260704283623,163.53153950215656,-175.82102176885192
2020-04-08,XLE,0.06094627105052123,1,1643,TRAIN,False,13.24,13.31,13.83,13.22,50.35737565477932,441.44192309574464,65.56215231991389
2020-04-09,XLE,-0.012021036814425255,-1,1645,TRAIN,False,13.14,13.19,13.65,13.19,-40.56176532110053,-392.2839362393019,-2.5005001000203055
2020-04-15,XLE,-0.048892284186401874,-1,1645,TRAIN,False,12.46,12.47,12.44,12.46,-10.528189104916802,12.056986036052786,-10.528189104916802
2020-04-16,XLE,-0.03448275862068977,-1,1645,TRAIN,False,12.04,11.94,12.19,12.01,80.57674657855135,-128.63536162381908,55.798836703226925
2020-04-17,XLE,0.08375209380234507,1,1643,TRAIN,False,12.94,13.19,12.43,13.03,190.65159147459633,-397.9683197827193,120.2633609885856
2020-04-20,XLE,-0.03411675511751321,-1,1645,TRAIN,False,12.74,12.8,12.43,12.82,-49.60803777710035,239.42465102125766,13.104024861133977
2020-04-21,XLE,-0.010156250000000061,-1,1645,TRAIN,False,12.67,12.55,13.14,12.68,92.23510053233873,-375.1042236860941,100.04879524800685
2020-04-22,XLE,0.03745019920318716,1,1643,TRAIN,False,13.02,13.02,13.41,13.08,-2.4995000999794987,295.4201786370842,-48.35959413621843
2020-04-23,XLE,0.03379416282642099,1,1643,TRAIN,False,13.46,13.44,13.71,13.48,-17.3546271429227,181.66203312086523,-32.16567369018849
2020-04-24,XLE,0.012648809523809519,1,1643,TRAIN,False,13.61,13.47,13.37,13.59,-105.33932890130178,-180.26960368396527,-90.77765020947137
2020-04-27,XLE,0.024498886414253903,1,1643,TRAIN,False,13.79,13.75,13.97,13.84,-31.498776386853827,126.47796764070081,-67.51214785944491
2020-04-28,XLE,0.02618181818181814,1,1643,TRAIN,False,14.11,14.07,14.54,14.08,-30.841103218051956,300.6273302391258,-9.599997614113002
2020-04-29,XLE,0.07462686567164172,1,1643,TRAIN,True,15.12,15.13,15.2,15.1,4.112603405246228,48.889692960878584,17.36308367465724
2020-04-30,XLE,-0.023793787177792545,-1,1645,TRAIN,False,14.77,14.78,14.48,14.76,-9.272673762917753,192.4216935465633,-16.0540238128935
2020-05-01,XLE,-0.058863328822733374,-1,1645,TRAIN,False,13.92,13.95,13.69,13.91,-24.057613246787728,161.29519007249817,-31.26398104926529
2020-05-04,XLE,0.02795698924731187,1,1643,TRAIN,False,14.34,14.43,15.02,14.34,60.2463189370503,470.0092059691279,60.2463189370503
2020-05-06,XLE,-0.01939058171745148,-1,1645,TRAIN,False,14.17,14.06,14.46,14.16,75.14770420562445,-208.74040722047033,68.13862772554403
2020-05-07,XLE,0.024893314366998553,1,1643,TRAIN,False,14.4,14.43,14.76,14.41,18.328625941478982,245.9008198360325,11.376281301686097
2020-05-08,XLE,0.03880803880803884,1,1643,TRAIN,False,15.0,15.08,14.99,15.04,50.82050256615301,-10.663200693194518,24.089596974222765
2020-05-11,XLE,-0.015251989389920452,-1,1645,TRAIN,False,14.85,14.82,14.97,14.89,17.70657161735273,-84.84121066637552,44.522672163714155
2020-05-13,XLE,-0.05013736263736267,-1,1645,TRAIN,False,13.83,13.92,13.65,13.92,-67.59269424383835,126.20311480951335,-2.5005001000210685
2020-05-18,XLE,0.08571428571428566,1,1643,TRAIN,False,15.2,15.14,15.16,15.2,-41.96331786274273,-30.30446542270413,-41.96331786274273
2020-05-19,XLE,-0.01783355350066059,-1,1645,TRAIN,False,14.87,14.72,15.02,14.81,98.39896694873401,-104.91540137213677,58.28444554542111
2020-05-20,XLE,0.03940217391304348,1,1643,TRAIN,False,15.3,15.31,15.35,15.32,4.034813952242358,28.667469120555022,-9.025283716102692
2020-05-21,XLE,-0.014369693011103895,-1,1645,TRAIN,False,15.09,15.06,14.94,15.06,17.38518677890578,95.44254775408432,-2.5005001000209006
2020-05-22,XLE,-0.01128818061088977,-1,1645,TRAIN,False,14.89,14.97,15.45,14.93,-56.24126840143107,-380.2426032553708,-29.298893938200163
2020-05-26,XLE,0.03807615230460912,1,1643,TRAIN,False,15.54,15.39,15.61,15.45,-99.00047017623396,41.02783046994312,-41.324744759785595
2020-05-28,XLE,-0.018613607188703526,-1,1645,TRAIN,False,15.29,15.15,15.02,15.2,89.08550840318296,172.6558522953782,30.402462071359107
2020-06-01,XLE,0.021220159151193654,1,1643,TRAIN,False,15.4,15.34,15.51,15.36,-41.45080074894054,67.40080555317535,-15.51707887589073
2020-06-02,XLE,0.02281616688396347,1,1643,TRAIN,False,15.68,15.77,16.04,15.69,54.884112463221484,225.50081820370562,48.475645852346226
2020-06-03,XLE,0.02916930881420424,1,1643,TRAIN,False,16.23,16.23,16.14,16.27,-2.499500099981127,-59.42988851397965,-27.078481046260656
2020-06-05,XLE,0.06834975369458147,1,1643,TRAIN,False,17.35,17.44,18.08,17.32,49.360733040710976,416.58181332033064,66.76724701249061
2020-06-08,XLE,0.03669724770642185,1,1643,TRAIN,False,18.08,18.23,17.65,18.14,80.44436466688983,-241.7359448464301,47.10221131076979
2020-06-09,XLE,-0.030718595721338383,-1,1645,TRAIN,False,17.66,17.54,17.38,17.66,65.46666071606079,154.61302906107954,65.46666071606079
2020-06-10,XLE,-0.03249714937286205,-1,1645,TRAIN,True,16.97,16.68,15.52,16.83,168.43203643674988,850.7900755165758,86.64834571192178
2020-06-11,XLE,-0.0911270983213429,-1,1645,TRAIN,False,15.16,15.14,15.77,15.25,10.69541084997898,-406.53645240921463,69.64868383512606
2020-06-12,XLE,0.011228533685601052,1,1643,TRAIN,False,15.31,15.49,14.83,15.41,115.04132876886378,-317.39439179440353,49.4018652466785
2020-06-16,XLE,0.025740025740025763,1,1643,TRAIN,False,15.94,15.99,15.92,15.91,28.860288168214264,-16.541233785864225,47.7707726839307
2020-06-17,XLE,-0.030018761726078827,-1,1645,TRAIN,False,15.51,15.44,15.28,15.47,42.64295799198447,144.34995316278034,16.89672129642526
2020-06-24,XLE,-0.0478654592496766,-1,1645,TRAIN,False,14.72,14.62,14.48,14.74,65.45126960174657,159.10790853823008,78.93098294014247
2020-06-25,XLE,0.014363885088919347,1,1643,TRAIN,False,14.82,14.9,14.8,14.85,51.46811393456763,-17.489079781884268,31.162117744801897
2020-06-26,XLE,-0.034228187919463075,-1,1645,TRAIN,False,14.38,14.39,14.42,14.43,-9.456341894248796,-31.82834063335586,25.22645901321521
2020-06-29,XLE,0.011813759555246694,1,1643,TRAIN,False,14.56,14.58,14.46,14.51,11.233330257025221,-72.65305180722036,45.73103298017287
2020-06-30,XLE,0.019890260631001314,1,1643,TRAIN,False,14.87,14.91,14.97,14.89,24.39357454669131,63.22340104944856,10.928976058381357
2020-07-01,XLE,-0.017437961099932918,-1,1645,TRAIN,False,14.65,14.55,14.85,14.63,65.77595382557648,-140.5741899233075,52.195333119937644
2020-07-02,XLE,0.014432989690721586,1,1643,TRAIN,False,14.76,14.71,14.97,14.72,-36.36637171210661,138.22032341499252,-9.291280330889332
2020-07-07,XLE,-0.025745257452574458,-1,1645,TRAIN,False,14.37,14.29,14.29,14.34,53.18495849482977,51.693010835987664,32.375722006326264
2020-07-09,XLE,-0.04621848739495799,-1,1645,TRAIN,False,13.62,13.57,13.49,13.61,34.2193989458677,91.48525740390342,26.89700320666461
2020-07-10,XLE,0.026529108327192293,1,1643,TRAIN,False,13.93,14.0,14.13,13.93,47.7391958794169,139.51839926343646,47.7391958794169
2020-07-14,XLE,0.03302225412778183,1,1643,TRAIN,False,14.39,14.42,14.78,14.39,18.34309996930419,266.9139556383376,18.34309996930419
2020-07-15,XLE,0.019417475728155296,1,1643,TRAIN,False,14.7,14.72,14.63,14.72,11.102541396484424,-51.59920396872855,-2.499500099979487
2020-07-17,XLE,-0.01432469304229201,-1,1645,TRAIN,False,14.45,14.46,14.41,14.46,-9.422645774830542,23.69193561895811,-2.5005001000199507
2020-07-20,XLE,-0.015214384508990361,-1,1645,TRAIN,False,14.24,14.22,14.46,14.24,11.547955658546455,-158.5569922973359,11.547955658546455
2020-07-21,XLE,0.05625879043600555,1,1643,TRAIN,False,15.02,15.07,14.91,15.02,30.78112739635944,-77.2055974956791,30.78112739635944
2020-07-22,XLE,-0.013271400132714072,-1,1645,TRAIN,False,14.87,14.89,14.84,14.88,-15.95376237318941,16.182120082389133,-9.222610651163551
2020-07-23,XLE,-0.010745466756212232,-1,1645,TRAIN,False,14.74,14.86,14.86,14.77,-83.93198314018359,-85.44449731194469,-63.45006306610041
2020-07-28,XLE,-0.016903313049357674,-1,1645,TRAIN,False,14.54,14.54,14.58,14.54,-2.500500100020653,-31.52212285648302,-2.500500100020653
2020-07-29,XLE,0.017881705639614963,1,1643,TRAIN,True,14.8,14.85,14.54,14.83,31.27583942670902,-179.60461961661795,10.983305698941964
2020-07-30,XLE,-0.03299663299663301,-1,1645,TRAIN,False,14.35,14.26,14.05,14.3,60.23295251384708,205.14207371090876,25.478522277881986
2020-07-31,XLE,-0.011921458625525941,-1,1645,TRAIN,False,14.09,14.2,14.19,14.09,-80.58957426687645,-75.00151556216123,-80.58957426687645
2020-08-04,XLE,0.023859649122807008,1,1643,TRAIN,False,14.59,14.59,14.88,14.57,-2.4995000999797172,194.687587499636,11.223904841542861
2020-08-10,XLE,0.03003412969283273,1,1643,TRAIN,False,15.09,15.1,15.4,15.09,4.125748740245902,201.35270493946442,4.125748740245902
2020-08-13,XLE,-0.017105263157894724,-1,1645,TRAIN,False,14.94,14.91,14.79,14.93,17.584842269657692,96.44097494197673,10.898696819068375
2020-08-18,XLE,-0.014696058784235178,-1,1645,TRAIN,False,14.75,14.76,14.76,14.74,-9.281856371275557,-10.783173583869672,-16.072413940048136
2020-08-20,XLE,-0.017808219178082178,-1,1645,TRAIN,False,14.34,14.29,14.23,14.35,32.375722006326264,72.73839705179536,39.32180164255845
2020-08-24,XLE,0.02394366197183098,1,1643,TRAIN,False,14.55,14.59,14.67,14.54,24.985037356789057,78.44204355005252,31.879800106004076
2020-08-25,XLE,-0.01302261823166549,-1,1645,TRAIN,False,14.4,14.38,14.36,14.39,11.39186170567331,23.788090951524758,4.450507891709562
2020-08-26,XLE,-0.016689847009735758,-1,1645,TRAIN,False,14.14,14.08,14.08,14.1,39.94292493576553,38.44899107120014,11.687443871752398
2020-08-28,XLE,0.018426647767540737,1,1643,TRAIN,False,14.37,14.36,14.38,14.37,-9.456702953076164,2.956959060519666,-9.456702953076164
2020-08-31,XLE,-0.019498607242339788,-1,1645,TRAIN,False,14.09,14.05,13.98,14.07,25.895526869744895,74.09998678231024,11.717695351436777
2020-09-01,XLE,-0.012099644128113873,-1,1645,TRAIN,False,13.88,13.94,13.95,13.93,-45.73897488431284,-54.453253763142165,-9.681046044098123
2020-09-08,XLE,-0.03202328966521103,-1,1645,TRAIN,False,13.3,13.24,13.39,13.29,42.62356230644475,-71.69704617615245,35.13117973481583
2020-09-09,XLE,0.012084592145015116,1,1643,TRAIN,False,13.4,13.33,13.37,13.37,-54.72524898005439,-26.378306428266498,-32.40974841680697
2020-09-10,XLE,-0.03300825206301572,-1,1645,TRAIN,False,12.89,12.84,12.87,12.9,36.29895878322293,11.521311244407466,44.02275803997974
2020-09-14,XLE,0.010116731517509789,1,1643,TRAIN,False,12.98,12.95,13.04,12.98,-25.606203874788285,42.20727503189489,-25.606203874788285
2020-09-16,XLE,0.04043545878693634,1,1643,TRAIN,True,13.38,13.37,13.16,13.39,-9.971473567768163,-168.35795770591776,-17.43228650759811
2020-09-18,XLE,-0.012696041822255408,-1,1645,TRAIN,False,13.22,13.24,12.92,13.2,-17.632876045709597,223.01888516886436,-32.811107676082486
2020-09-21,XLE,-0.0377643504531722,-1,1645,TRAIN,False,12.74,12.8,12.81,12.73,-49.60803777710035,-58.967837523547615,-57.502466714868135
2020-09-23,XLE,-0.03946329913180742,-1,1645,TRAIN,False,12.17,12.1,12.05,12.16,55.03237048395641,94.64177141097957,46.85394315705217
2020-09-28,XLE,0.028949545078577308,1,1643,TRAIN,False,12.45,12.38,12.34,12.41,-58.71034628415583,-92.3172795159841,-26.66751097806246
2020-09-29,XLE,-0.02504038772213251,-1,1645,TRAIN,False,12.07,12.03,12.11,12.06,30.64780313146232,-37.154075388398574,22.38134194002945
2020-10-01,XLE,-0.03586321934945786,-1,1645,TRAIN,False,11.56,11.63,11.31,11.57,-63.06927475460581,212.34869811332518,-54.3717213624242
2020-10-02,XLE,0.013757523645743624,1,1643,TRAIN,False,11.79,11.74,11.84,11.75,-44.89772104951154,38.392660738421384,-11.008011163723927
2020-10-05,XLE,0.027257240204429326,1,1643,TRAIN,False,12.06,12.09,12.27,12.06,22.369904128627052,170.06051526013144,22.369904128627052
2020-10-06,XLE,-0.012406947890818889,-1,1645,TRAIN,False,11.94,11.91,11.98,11.97,22.6314107042501,-37.51504069658147,47.63734701827626
2020-10-07,XLE,0.014273719563392101,1,1643,TRAIN,False,12.08,12.07,12.18,12.08,-10.775576672745256,78.74915083208525,-10.775576672745256
2020-10-08,XLE,0.03728251864125926,1,1643,TRAIN,False,12.52,12.53,12.64,12.52,5.485723941474108,91.80911421549642,5.485723941474108
2020-10-09,XLE,-0.014365522745410992,-1,1645,TRAIN,False,12.35,12.33,12.29,12.32,13.69788127665967,44.60163287718488,-10.619412843608444
2020-10-13,XLE,-0.01375404530744336,-1,1645,TRAIN,False,12.19,12.18,12.2,12.19,5.704996618683311,-12.207527641705127,5.704996618683311
2020-10-16,XLE,-0.02021018593371059,-1,1645,TRAIN,False,12.12,12.09,12.13,12.09,22.258164504186624,-12.254926232772064,-2.500500100021598
2020-10-19,XLE,-0.01654259718775842,-1,1645,TRAIN,False,11.9,11.83,11.9,11.87,56.337738135861855,-4.000800160032835,31.20632551109967
2020-10-20,XLE,0.016060862214708326,1,1643,TRAIN,False,12.02,11.97,11.91,12.01,-44.086440615370975,-95.47674491723845,-35.7967540546843
2020-10-21,XLE,-0.012531328320802034,-1,1645,TRAIN,False,11.82,11.75,11.77,11.77,56.73596648263537,38.31730813167732,14.496102279077247
2020-10-22,XLE,0.03914893617021284,1,1643,TRAIN,False,12.21,12.23,12.3,12.23,13.87642209477804,69.68139541624872,-2.4995000999790435
2020-10-26,XLE,-0.036976170912078825,-1,1645,TRAIN,False,11.72,11.73,11.72,11.72,-11.03505684071926,-4.000800160030322,-11.03505684071926
2020-10-28,XLE,-0.03284356093344864,-1,1645,TRAIN,False,11.19,11.1,10.95,11.15,77.94856558443,210.56221968254192,42.353762232268274
2020-10-29,XLE,0.02522522522522533,1,1643,TRAIN,False,11.38,11.44,11.36,11.4,50.21139884501003,-21.566864131568344,32.57944902247637
2020-11-02,XLE,0.042608695652173935,1,1643,TRAIN,False,11.99,11.89,12.09,11.89,-85.8814892567768,79.37028107305954,-2.499500099980228
2020-11-06,XLE,-0.02027027027027029,-1,1645,TRAIN,False,11.6,11.59,12.98,11.61,6.12234515868687,-1194.131929834243,14.730336248127715
2020-11-09,XLE,0.15616911130284733,1,1643,TRAIN,False,13.4,13.24,13.49,13.37,-121.87264039729374,63.138118644927374,-99.70780712967215
2020-11-10,XLE,0.022658610271903242,1,1643,TRAIN,False,13.54,13.67,13.82,13.57,93.48831858443782,202.71278092978295,71.17404816752291
2020-11-11,XLE,-0.019751280175566904,-1,1645,TRAIN,False,13.4,13.53,13.29,13.45,-99.53968405621396,78.12159446814822,-61.99492686641443
2020-11-12,XLE,-0.03843311160384328,-1,1645,TRAIN,False,13.01,13.09,13.19,13.02,-64.00703661101241,-142.41126472796367,-56.27738450916101
2020-11-13,XLE,0.036669213139801406,1,1643,TRAIN,False,13.57,13.57,14.15,13.61,-2.4995000999789556,423.24328059959225,-31.882308328928517
2020-11-16,XLE,0.06190125276344877,1,1643,TRAIN,False,14.41,14.47,14.26,14.43,39.127844105017616,-108.05194963783019,25.21359899884287
2020-11-18,XLE,-0.01574264202600949,-1,1645,TRAIN,False,14.38,14.19,14.09,14.27,129.66049399031385,197.74886827156865,53.57518595520071
2020-11-19,XLE,0.011980267794221278,1,1643,TRAIN,False,14.36,14.42,14.38,14.41,39.272786111301485,9.922806525046537,4.4383906008526015
2020-11-23,XLE,0.06415620641562064,1,1643,TRAIN,False,15.26,15.35,15.87,15.29,56.463477946612066,395.57881346404344,36.73202573350661
2020-11-24,XLE,0.048859934853420314,1,1643,TRAIN,False,16.1,16.14,16.04,16.08,22.339010458779068,-41.25137705378298,34.80460624293408
2020-11-25,XLE,-0.019826517967781926,-1,1645,TRAIN,False,15.82,15.77,15.68,15.79,29.112965450231933,84.53018037235832,10.168911553050425
2020-11-30,XLE,-0.04685494223363289,-1,1645,TRAIN,False,14.85,14.73,15.13,14.74,78.32778676947349,-192.6284246748345,4.2854568199920156
2020-12-02,XLE,0.033130493576741055,1,1643,TRAIN,False,15.28,15.27,15.33,15.3,-9.042366919285346,28.710226541080004,-22.102442256647006
2020-12-03,XLE,0.02161100196463655,1,1643,TRAIN,False,15.6,15.43,15.72,15.38,-111.4466209322226,72.8931136849572,30.002127012828783
2020-12-04,XLE,0.04860661049902787,1,1643,TRAIN,False,16.19,16.27,16.08,16.24,46.901367101501926,-71.9152031236748,15.96878900082195
2020-12-07,XLE,-0.02151198524892438,-1,1645,TRAIN,False,15.92,15.88,15.69,15.84,22.631410704250843,140.52936215383866,-27.759339746738664
2020-12-08,XLE,0.013224181360201452,1,1643,TRAIN,False,16.08,16.13,16.29,16.13,28.587255185780567,126.54558640510935,-2.4995000999784183
2020-12-10,XLE,0.03094059405940594,1,1643,TRAIN,False,16.66,16.66,16.55,16.63,-2.499500099980255,-69.99920544102392,15.535678192082438
2020-12-11,XLE,-0.013205282112845069,-1,1645,TRAIN,False,16.44,16.46,16.72,16.41,-14.66899219259991,-174.3852420119044,-32.977345011963905
2020-12-14,XLE,-0.03341433778857841,-1,1645,TRAIN,False,15.91,15.9,15.98,15.88,3.7864266756550564,-48.01588853282804,-15.098107782766437
2020-12-15,XLE,0.01698113207547178,1,1643,TRAIN,False,16.17,16.2,16.25,16.16,16.048738304285465,45.45534925173154,22.246788266107462
2020-12-18,XLE,-0.023052959501557693,-1,1645,TRAIN,False,15.68,15.78,15.18,15.71,-66.29195737106622,315.0043273960918,-47.06924834998825
2020-12-21,XLE,-0.01774397972116599,-1,1645,TRAIN,False,15.51,15.48,15.43,15.48,16.84669622512355,47.59946186529389,-2.5005001000206035
2020-12-22,XLE,-0.01614987080103359,-1,1645,TRAIN,False,15.23,15.22,15.35,15.2,4.067129906610274,-82.82418138256534,-15.661684968575415
2020-12-23,XLE,0.022339027595269373,1,1643,TRAIN,False,15.56,15.55,15.57,15.61,-8.924628955956523,2.4249648784895617,-40.92679222003005
2020-12-30,XLE,0.0157377049180328,1,1643,TRAIN,False,15.49,15.51,15.44,15.52,10.40882849898734,-36.26518079211807,-8.941188566410315
2021-01-05,XLE,0.049967553536664475,1,1643,VAL,False,16.17,16.1,16.41,16.23,-45.778723043269565,144.36444807513493,-82.5780623296163
2021-01-06,XLE,0.0285714285714284,1,1643,VAL,False,16.56,16.59,16.73,16.57,15.611913849115313,98.61675007993577,9.567489036894925
2021-01-07,XLE,0.018685955394816076,1,1643,VAL,False,16.9,16.83,17.05,16.9,-43.90926548418137,84.72270043033015,-43.90926548418137
2021-01-11,XLE,0.01665675193337306,1,1643,VAL,False,17.1,17.07,17.28,17.07,-20.038974661208798,101.22186089098052,-2.4995000999805774
2021-01-12,XLE,0.034563561804335084,1,1643,VAL,False,17.66,17.67,17.73,17.74,3.1615987108360963,35.62254706476619,-41.94848741638131
2021-01-14,XLE,0.034797490017113485,1,1643,VAL,False,18.14,18.05,17.73,18.1,-52.10121151072852,-229.9286559446651,-30.11690479583496
2021-01-15,XLE,-0.03656509695290859,-1,1645,VAL,False,17.39,17.35,17.56,17.32,20.50697661096115,-101.79724271478791,-19.825847386569666
2021-01-19,XLE,0.02478386167146972,1,1643,VAL,False,17.78,17.7,17.85,17.72,-47.48262945836129,35.35513369767035,-13.783360709346741
2021-01-21,XLE,-0.03209459459459461,-1,1645,VAL,False,17.19,17.18,16.79,17.23,3.318290185087894,228.78572224043663,26.525908780130077
2021-01-25,XLE,-0.013473930872876416,-1,1645,VAL,False,16.84,16.9,17.05,16.87,-38.138862926978945,-128.7537792594136,-20.287993579747496
2021-01-26,XLE,-0.017751479289940662,-1,1645,VAL,False,16.6,16.54,16.27,16.59,33.65311616540331,194.87391454194744,27.645673800220884
2021-01-27,XLE,-0.012091898428053163,-1,1645,VAL,True,16.34,16.33,16.45,16.29,3.620981234190783,-71.34719477555102,-27.061581745447114
2021-01-28,XLE,0.012247397428046716,1,1643,VAL,False,16.52,16.51,16.27,16.5,-8.55125585052435,-155.27039870476165,3.559591112081155
2021-01-29,XLE,-0.026650514839491293,-1,1645,VAL,False,16.06,15.96,16.15,15.94,59.781570261745465,-60.063071144739354,-15.050688933271287
2021-02-02,XLE,0.015556938394523958,1,1643,VAL,False,16.32,16.25,16.33,16.25,-45.38093606768645,2.1258003301301045,-2.499500099979916
2021-02-03,XLE,0.03876923076923071,1,1643,VAL,False,16.88,16.95,17.07,16.89,38.95932898728424,108.51502685245092,33.015599366806235
2021-02-08,XLE,0.04574406485234506,1,1643,VAL,False,18.06,17.99,17.85,18.03,-41.24950203757689,-120.23176759996703,-24.67920170819036
2021-02-09,XLE,-0.011117287381878784,-1,1645,VAL,False,17.79,17.8,17.87,17.81,-8.123041134366035,-48.987875146699054,3.115727019630453
2021-02-10,XLE,0.0168539325842697,1,1643,VAL,False,18.1,18.15,18.09,18.04,25.117904595875807,-9.52185253556967,58.46086880184901
2021-02-11,XLE,-0.020385674931129336,-1,1645,VAL,False,17.78,17.87,17.74,17.81,-53.131829965544945,18.505388366764734,-36.197862817933974
2021-02-12,XLE,0.01007274762171235,1,1643,VAL,False,18.05,18.13,18.55,18.09,41.810751423122966,272.8983289214753,19.606636992115362
2021-02-16,XLE,0.02813017098731393,1,1643,VAL,False,18.65,18.58,18.77,18.62,-40.02363066260768,60.318231259913915,-23.976407725973754
2021-02-17,XLE,0.011302475780409089,1,1643,VAL,False,18.79,18.86,18.78,18.82,34.74504673306932,-9.319051570206701,18.74917258843627
2021-02-18,XLE,-0.02120890774125125,-1,1645,VAL,False,18.46,18.43,18.46,18.47,13.754917830803299,-4.000800160033,19.161655828728964
2021-02-19,XLE,0.018448182311448718,1,1643,VAL,False,18.77,18.74,18.86,18.76,-18.478456679469776,43.93047868849313,-13.157816197955603
2021-02-22,XLE,0.03842049092849533,1,1643,VAL,False,19.46,19.45,19.62,19.47,-7.636961816270667,78.18785677602499,-12.769146222115683
2021-02-23,XLE,0.014910025706940831,1,1643,VAL,False,19.74,19.71,19.84,19.72,-17.693269856665705,46.63910176424687,-7.56922651980627
2021-02-24,XLE,0.034500253678335854,1,1643,VAL,False,20.38,20.41,20.62,20.37,12.21713459074654,113.71621652117064,17.132312369141637
2021-02-25,XLE,-0.020088192062714363,-1,1645,VAL,False,19.99,20.02,19.75,19.98,-17.51175647836054,116.10726347370499,-22.525526126247357
2021-02-26,XLE,-0.021978021978022042,-1,1645,VAL,False,19.58,19.53,20.06,19.67,23.04214673373551,-249.24698933658038,68.69167427791398
2021-03-01,XLE,0.028161802355350596,1,1643,VAL,False,20.08,20.05,20.12,20.09,-17.43600483090437,15.913152030949162,-22.40492668016727
2021-03-03,XLE,0.021063189568706023,1,1643,VAL,False,20.36,20.23,20.41,20.39,-66.33422824276026,20.548935399560364,-80.94972471910745
2021-03-04,XLE,0.01730103806228363,1,1643,VAL,False,20.58,20.71,21.3,20.72,60.65283541931185,345.7151135370613,-7.324548603792064
2021-03-05,XLE,0.034765813616610276,1,1643,VAL,False,21.42,21.49,21.7,21.45,30.17207016112973,126.66747696212394,16.143857475589595
2021-03-09,XLE,-0.01439851370181153,-1,1645,VAL,False,21.22,21.15,21.19,21.13,30.495495894654265,10.142462045659281,-11.968082210857911
2021-03-10,XLE,0.02269503546099293,1,1643,VAL,False,21.63,21.69,21.73,21.7,25.23281751416813,42.21439577087093,-7.106643187490694
2021-03-15,XLE,-0.013799448022078987,-1,1645,VAL,False,21.44,21.49,21.14,21.44,-25.82722701256554,135.98055431981942,-25.82722701256554
2021-03-16,XLE,-0.026058631921824046,-1,1645,VAL,False,20.93,20.88,20.82,20.89,21.394627707192754,48.57636601376623,2.2876763002184797
2021-03-18,XLE,-0.04320987654320989,-1,1645,VAL,False,20.15,20.1,20.08,20.07,22.319600396503198,30.75255249561082,-17.451920877449982
2021-03-23,XLE,-0.015570065293822136,-1,1645,VAL,False,19.6,19.61,19.92,19.63,-7.603816681703452,-167.33142546876732,7.690534540937216
2021-03-24,XLE,0.027536970933197305,1,1643,VAL,False,20.16,20.15,19.77,20.11,-7.458577728898822,-197.3742156330636,17.38612993462969
2021-03-26,XLE,0.01783944499504457,1,1643,VAL,False,20.54,20.68,20.51,20.57,65.64315179807333,-18.599006586217257,50.963069418200696
2021-04-01,XLE,0.021868787276341835,1,1643,VAL,False,20.56,20.64,20.59,20.59,36.40128005527495,10.586404119955981,21.77806303722443
2021-04-05,XLE,-0.022771317829457308,-1,1645,VAL,False,20.17,20.14,20.24,20.19,12.37679365322696,-38.71969237674924,22.270427339553137
2021-04-08,XLE,-0.01240079365079365,-1,1645,VAL,False,19.91,19.9,19.89,19.86,2.5233575092707037,6.0484221404798,-22.64652326235807
2021-04-14,XLE,0.026490066225165542,1,1643,VAL,False,20.15,20.18,20.2,20.15,12.385116028903957,20.804772048072117,12.385116028903957
2021-04-15,XLE,-0.010406342913776059,-1,1645,VAL,False,19.96,20.01,20.16,20.0,-27.556864078228692,-104.24128913959053,-7.501750350071442
2021-04-20,XLE,-0.02874432677760952,-1,1645,VAL,False,19.26,19.31,19.06,19.31,-28.46753151253232,99.88290492989795,-2.500500100020571
2021-04-21,XLE,0.012428793371310306,1,1643,VAL,False,19.55,19.55,19.65,19.58,-2.4995000999812187,47.131238713892124,-17.81742732148107
2021-04-22,XLE,-0.010230179028132955,-1,1645,VAL,False,19.35,19.32,19.34,19.34,13.007252613313455,1.1692260932815826,7.843347366472844
2021-04-23,XLE,0.012422360248447124,1,1643,VAL,False,19.56,19.5,19.43,19.54,-33.16667954752547,-70.43478829796237,-22.965212484626246
2021-04-27,XLE,0.013245033112582861,1,1643,VAL,False,19.89,19.87,20.02,19.91,-12.552290949552413,61.33413840107827,-22.58488533332992
2021-04-28,XLE,0.03522898842476091,1,1643,VAL,True,20.57,20.55,20.85,20.62,-12.219967285104062,132.06692642997962,-36.438638557448776
2021-04-30,XLE,-0.02261790182868154,-1,1645,VAL,False,20.31,20.26,20.49,20.24,22.12407030888978,-92.6625502353055,-12.38439387482459
2021-05-03,XLE,0.028134254689042286,1,1643,VAL,False,20.83,20.82,20.86,20.83,-7.29906827083774,10.397344438938779,-7.29906827083774
2021-05-05,XLE,0.02784445511281814,1,1643,VAL,False,21.41,21.5,21.5,21.46,39.52642446755852,38.02042020367497,16.135169983710373
2021-05-07,XLE,0.01897269782508099,1,1643,VAL,False,22.02,22.0,22.27,21.99,-11.57988202541214,109.48854734048648,2.046884847679044
2021-05-11,XLE,-0.024079963652885103,-1,1645,VAL,False,21.48,21.44,21.55,21.41,16.126130253983032,-36.6022925255445,-16.5161476947429
2021-05-13,XLE,-0.011142061281336975,-1,1645,VAL,False,21.3,21.28,21.51,21.31,6.8915191488992225,-102.63179396442602,11.580917779048006
2021-05-14,XLE,0.031015037593984968,1,1643,VAL,False,21.94,21.94,21.86,21.87,-2.499500099980088,-40.44769897433486,29.49981562900967
2021-05-17,XLE,0.018687329079307206,1,1643,VAL,False,22.35,22.45,22.42,22.37,42.23204576086979,27.308184895461444,33.25374263546887
2021-05-18,XLE,-0.016481069042316304,-1,1645,VAL,False,22.08,21.93,21.41,22.1,65.45126960174497,299.56262991728744,74.44181143921061
2021-05-19,XLE,-0.028727770177838532,-1,1645,VAL,False,21.3,21.35,21.37,21.34,-25.980548222320817,-36.87779809482913,-7.187707457144011
2021-05-24,XLE,0.01073762838468706,1,1643,VAL,False,21.64,21.61,21.55,21.65,-16.35925125511063,-45.57221642547697,-20.970632663305278
2021-05-25,XLE,-0.019435446552521895,-1,1645,VAL,False,21.19,21.17,21.19,21.19,6.940274321969624,-4.000800160032811,6.940274321969624
2021-05-26,XLE,0.010392064241851622,1,1643,VAL,False,21.39,21.36,21.44,21.4,-16.52123993153709,19.36686061572277,-21.18641692222166
2021-06-01,XLE,0.03549743110695944,1,1643,VAL,False,22.18,22.25,22.37,22.22,29.05257541818983,81.62930083054835,10.998475372432392
2021-06-02,XLE,0.0193258426966292,1,1643,VAL,False,22.68,22.65,22.56,22.67,-15.723707110429714,-56.88809328081359,-11.319527007700959
2021-06-15,XLE,0.01724137931034485,1,1643,VAL,False,23.01,23.05,23.01,23.04,14.879901029790052,-3.9992001599666516,1.8396928253240923
2021-06-17,XLE,-0.03359511343804551,-1,1645,VAL,False,22.15,22.14,21.68,22.19,2.015301480159537,208.27370891785628,20.03780656987605
2021-06-18,XLE,-0.023938572719060573,-1,1645,VAL,False,21.62,21.49,21.67,21.63,57.64404499771402,-27.136787209431343,62.240603460498015
2021-06-21,XLE,0.04327594229874376,1,1643,VAL,False,22.42,22.4,22.35,22.38,-11.417876995520295,-35.20883691236595,6.434816700645114
2021-06-22,XLE,0.010267857142857162,1,1643,VAL,False,22.63,22.55,22.76,22.57,-37.84196762061456,53.42369440385178,-11.358605549602965
2021-06-28,XLE,-0.03488879197557788,-1,1645,VAL,False,22.13,22.16,22.29,22.09,-16.06014831524911,-76.32977115079522,-34.19697067525934
2021-06-30,XLE,0.012698412698412589,1,1643,VAL,False,22.33,22.32,22.83,22.33,-6.976661094112764,219.8252691602292,-6.976661094112764
2021-07-01,XLE,0.01747311827956992,1,1643,VAL,False,22.71,22.71,22.62,22.72,-2.499500099980396,-43.61347017254433,-6.8998084185968285
2021-07-06,XLE,-0.03177405119152687,-1,1645,VAL,False,21.94,21.92,21.89,21.94,6.617549581017782,18.79774314024285,6.617549581017782
2021-07-07,XLE,-0.013229927007299393,-1,1645,VAL,False,21.63,21.57,21.19,21.57,25.24568714020095,199.50175888159504,-2.500500100021301
2021-07-09,XLE,0.02098880597014922,1,1643,VAL,False,21.89,21.9,21.65,21.86,2.0676540799649588,-113.59445790147616,15.794187914475524
2021-07-14,XLE,-0.030875576036866276,-1,1645,VAL,False,21.03,21.05,20.83,20.98,-12.013101621752396,91.13948324615232,-35.873952674235646
2021-07-15,XLE,-0.015201900237529703,-1,1645,VAL,False,20.73,20.76,20.92,20.74,-16.975898797705025,-95.6920761865825,-12.146112925576938
2021-07-16,XLE,-0.029383429672447156,-1,1645,VAL,False,20.15,20.17,19.48,20.15,-12.428540298632633,328.6384324011189,-12.428540298632633
2021-07-19,XLE,-0.04115022310361933,-1,1645,VAL,False,19.34,19.46,19.47,19.36,-64.56358489898783,-71.24589343928693,-54.16630846830757
2021-07-20,XLE,0.015416238437821207,1,1643,VAL,False,19.76,19.72,20.11,19.75,-22.737355362936484,173.0554698776847,-17.685576808689834
2021-07-21,XLE,0.03752535496957414,1,1643,VAL,False,20.46,20.41,20.39,20.46,-26.93131950345019,-38.19861638620471,-26.93131950345019
2021-07-26,XLE,0.021890547263681476,1,1643,VAL,False,20.54,20.6,20.44,20.59,26.704493570615732,-52.665221580803596,2.3560125274620587
2021-07-27,XLE,-0.012135922330097087,-1,1645,VAL,False,20.35,20.41,20.47,20.37,-31.991902065916946,-62.992451070063936,-22.142130929868422
2021-07-28,XLE,0.013228809407153335,1,1643,VAL,True,20.68,20.6,20.86,20.61,-41.17455038972738,83.0066095098196,-7.350300924772322
2021-07-30,XLE,-0.01730769230769228,-1,1645,VAL,False,20.44,20.47,20.48,20.42,-17.181273828150804,-23.57810113881833,-26.99242101113577
2021-08-03,XLE,0.01723289020187107,1,1643,VAL,False,20.67,20.66,20.29,20.65,-7.336220225718623,-187.76699425475508,2.341904500456799
2021-08-04,XLE,-0.02807357212003881,-1,1645,VAL,False,20.08,20.1,20.22,20.16,-12.463150000520999,-73.74980972290123,27.268846626466765
2021-08-05,XLE,0.011940298507462609,1,1643,VAL,False,20.34,20.33,20.5,20.34,-7.414692086165062,74.63207456836993,-7.414692086165062
2021-08-06,XLE,0.01032956222331534,1,1643,VAL,False,20.54,20.51,20.24,20.5,-17.101496935275577,-149.9972644224808,2.3773294121661865
2021-08-09,XLE,-0.0112140419307655,-1,1645,VAL,False,20.28,20.22,20.33,20.26,27.092696645838977,-28.665496412888977,17.24777334539113
2021-08-10,XLE,0.018298714144411525,1,1643,VAL,False,20.59,20.58,20.53,20.59,-7.35501272741999,-33.12790574473603,-7.35501272741999
2021-08-13,XLE,-0.011583011583011508,-1,1645,VAL,False,20.48,20.48,20.2,20.47,-2.5005001000207696,132.7726482796563,-7.386919494304857
2021-08-16,XLE,-0.01855468749999995,-1,1645,VAL,False,20.1,20.1,19.91,20.07,-2.5005001000216898,90.56438153302307,-17.451920877449982
2021-08-18,XLE,-0.01357466063348414,-1,1645,VAL,False,19.62,19.48,19.14,19.58,68.87310183749278,240.74539678578117,48.584793567495275
2021-08-19,XLE,-0.026180698151950798,-1,1645,VAL,False,18.97,18.97,18.8,18.89,-2.500500100021341,85.65023494946706,-44.86153980399158
2021-08-23,XLE,0.037874802735402356,1,1643,VAL,False,19.73,19.73,19.89,19.73,-2.4995000999794446,77.06314793807634,-2.4995000999794446
2021-08-24,XLE,0.017232640648758228,1,1643,VAL,False,20.07,20.05,20.01,20.08,-12.46213139036169,-33.882610622866224,-17.43600483090437
2021-08-26,XLE,-0.014349332013854485,-1,1645,VAL,False,19.93,19.9,20.15,19.93,12.555948219245852,-114.43131576641481,12.555948219245852
2021-08-27,XLE,0.026130653266331818,1,1643,VAL,False,20.42,20.43,20.51,20.43,2.3964355023211388,40.057610417192464,-2.499500099980568
2021-09-01,XLE,-0.014463840399002451,-1,1645,VAL,False,19.76,19.76,19.94,19.76,-2.5005001000206497,-95.13036210480837,-2.5005001000206497
2021-09-02,XLE,0.02327935222672051,1,1643,VAL,False,20.22,20.26,20.22,20.19,17.277948960159474,-3.999200159968383,32.162463000217485
2021-09-13,XLE,0.02626262626262624,1,1643,VAL,False,20.32,20.37,20.55,20.34,22.100648767884408,109.14450968074107,12.246075858574724
2021-09-14,XLE,-0.01816396661757491,-1,1645,VAL,False,19.99,20.08,20.36,20.03,-47.53426923503806,-189.16739826204412,-27.469298153189968
2021-09-15,XLE,0.03535856573705184,1,1643,VAL,False,20.79,20.83,20.8,20.83,16.73571009703752,0.8088810328373979,-2.4995000999787407
2021-09-20,XLE,-0.038649706457925766,-1,1645,VAL,False,19.65,19.81,20.05,19.71,-83.94579679294685,-207.64458235158662,-53.248853728126015
2021-09-22,XLE,0.036757301107754305,1,1643,VAL,True,20.59,20.47,20.58,20.53,-60.76565162926523,-8.853984424096065,-31.717718804023495
2021-09-23,XLE,0.034684904738641956,1,1643,VAL,False,21.18,21.19,21.07,21.21,2.2207550935528446,-55.91421847830589,-11.926657572774765
2021-09-24,XLE,0.011326097215667694,1,1643,VAL,False,21.43,21.35,21.82,21.43,-39.82101386535576,177.91588672466216,-39.82101386535576
2021-09-27,XLE,0.03653395784543314,1,1643,VAL,False,22.13,22.11,22.32,22.11,-11.534746823793668,81.82276784589033,-2.4995000999797616
2021-10-01,XLE,0.03295194508009148,1,1643,VAL,False,22.56,22.58,22.82,22.6,6.363532258088477,111.20293671762316,-11.34684567511337
2021-10-04,XLE,0.016829052258636075,1,1643,VAL,False,22.95,22.95,23.28,23.0,-2.4995000999794024,139.7341446743335,-24.233196838892635
2021-10-06,XLE,-0.011265164644713953,-1,1645,VAL,False,22.81,22.84,22.9,22.81,-15.655915049736217,-43.47296464992276,-15.655915049736217
2021-10-08,XLE,0.03258036490008688,1,1643,VAL,False,23.76,23.72,24.08,23.73,-19.33030902237193,130.6270732385504,-6.712521802425416
2021-10-14,XLE,0.010152284263959324,1,1643,VAL,False,23.88,23.93,24.19,23.91,18.43328989143633,125.7646293186937,5.863110104872337
2021-10-21,XLE,-0.01956787607011824,-1,1645,VAL,False,24.05,24.08,24.17,24.07,-14.977631700975532,-53.91681246852238,-6.656088176504838
2021-10-25,XLE,0.013991769547325096,1,1643,VAL,False,24.64,24.66,24.74,24.65,5.61535420188723,36.5689849043176,1.556281035883821
2021-10-27,XLE,-0.028225806451612875,-1,1645,VAL,False,24.1,24.09,23.96,24.17,1.6499150452493996,54.11372730977876,30.606659188684795
2021-11-01,XLE,0.017427385892116103,1,1643,VAL,False,24.52,24.52,24.37,24.55,-2.4995000999795387,-65.14928661902177,-14.716404987841152
2021-11-05,XLE,0.012852404643449366,1,1643,VAL,False,24.43,24.43,24.64,24.43,-2.499500099979522,81.92630814811339,-2.499500099979522
2021-11-10,XLE,-0.026252019386106707,-1,1645,VAL,False,24.11,24.1,24.12,24.1,1.6481935955813716,-8.15011612857686,-2.5005001000204428
2021-11-17,XLE,-0.01682396389002873,-1,1645,VAL,False,23.96,24.0,23.95,23.94,-19.19916537564683,0.17449232751531948,-27.569423659168265
2021-11-19,XLE,-0.03981559094719193,-1,1645,VAL,False,22.91,22.93,22.89,22.89,-11.232495298710374,4.732504772452411,-19.979749554104185
2021-11-22,XLE,0.02921936327954652,1,1643,VAL,False,23.6,23.33,23.64,23.47,-116.87768378527774,12.943174077049054,-62.135208237432735
2021-11-23,XLE,0.027861123017574034,1,1643,VAL,False,23.97,24.05,23.93,24.0,30.867209953920728,-20.680052558532452,18.328625941478244
2021-11-29,XLE,0.012441012441012558,1,1643,VAL,False,23.6,23.44,23.0,23.49,-70.27916450608161,-258.1348137152232,-23.779833220243457
2021-11-30,XLE,-0.019624573378839626,-1,1645,VAL,False,22.99,22.89,23.43,23.08,41.007549052219176,-195.4649303066349,79.84244162523872
2021-12-02,XLE,0.030022075055187628,1,1643,VAL,False,23.33,23.31,23.62,23.32,-11.070010601394037,120.25456031811336,-6.786592938701639
2021-12-06,XLE,0.019022913964548263,1,1643,VAL,False,23.57,23.47,23.8,23.52,-44.91570926374821,93.54344659281956,-23.752689938203318
2021-12-07,XLE,0.023860247123988168,1,1643,VAL,False,24.03,24.02,24.15,23.96,-6.659924777424177,45.91840683049431,22.535976944845643
2021-12-13,XLE,-0.022490628904623184,-1,1645,VAL,False,23.47,23.34,23.2,23.41,52.90320952984632,111.08570244087186,27.40872822150887
2021-12-17,XLE,-0.016752577319587653,-1,1645,VAL,False,22.88,22.8,22.19,22.91,32.47327787235556,297.693279914723,45.525473492776776
2021-12-20,XLE,-0.0175438596491229,-1,1645,VAL,False,22.4,22.52,22.75,22.42,-56.085324207700815,-160.31331266253278,-47.11468609511314
2021-12-21,XLE,0.029751332149200786,1,1643,VAL,False,23.19,23.16,23.19,23.13,-15.432877202050436,-3.999200159967937,10.46742661843882
2021-12-27,XLE,0.01929674099485417,1,1643,VAL,False,23.77,23.83,23.89,23.8,22.73609224305726,46.464413469853135,10.102391286446785
2022-01-03,XLE,0.03095843935538594,1,1643,VAL,False,24.31,24.31,24.64,24.32,-2.4995000999799872,131.69311838989793,-6.610314450267851
2022-01-04,XLE,0.03455368161250514,1,1643,VAL,False,25.15,25.15,25.4,25.18,-2.4995000999796515,95.36462488814469,-14.410739774206741
2022-01-06,XLE,0.02107355864811138,1,1643,VAL,False,25.68,25.71,25.8,25.76,9.179822913921608,42.71108395143428,-21.90458647401003
2022-01-07,XLE,0.01361338000777899,1,1643,VAL,False,26.06,26.06,26.12,26.05,-2.499500099980108,19.015383416027355,1.3383119921120559
2022-01-11,XLE,0.035026943802925335,1,1643,VAL,False,26.89,26.86,27.01,26.84,-13.653275295108328,40.60920802079842,4.950202209930715
2022-01-14,XLE,0.02128454070201644,1,1643,VAL,False,27.35,27.41,27.7,27.41,19.43285931479137,123.9203713187889,-2.4995000999803016
2022-01-21,XLE,-0.024011821204285133,-1,1645,VAL,False,26.42,26.53,25.9,26.56,-44.1460358687938,192.89853428672268,8.797504982922971
2022-01-25,XLE,0.03594159490827409,1,1643,VAL,False,27.67,27.74,28.04,27.77,22.792333474033338,129.66615206051594,-13.299824730769487
2022-01-28,XLE,-0.014642857142857148,-1,1645,VAL,False,27.59,27.88,27.82,27.7,-107.63733029316953,-87.39768975904593,-67.4986982956161
2022-02-01,XLE,0.034285714285714315,1,1643,VAL,False,28.95,29.0,28.85,28.95,14.767340141643949,-38.52770033212605,14.767340141643949
2022-02-04,XLE,0.02359472588480221,1,1643,VAL,False,29.5,29.27,29.13,29.44,-80.44611416699736,-129.37276951389399,-60.229632062718004
2022-02-07,XLE,0.02084045097369318,1,1643,VAL,False,29.89,29.64,29.55,29.73,-86.1186076602004,-117.70412729096833,-32.7643855688994
2022-02-08,XLE,-0.02327935222672069,-1,1645,VAL,False,28.95,29.01,29.07,29.0,-23.23107108468588,-45.46816098971191,-5.94963820350501
2022-02-11,XLE,0.026487788097695204,1,1643,VAL,False,29.84,29.91,29.73,29.87,20.953081501662208,-40.84772857760779,10.888515299953072
2022-02-14,XLE,-0.026412571046472724,-1,1645,VAL,False,29.12,29.21,28.49,29.19,-33.41482170060531,212.43190945881594,-9.35387488597552
2022-02-15,XLE,-0.01129750085587134,-1,1645,VAL,False,28.88,28.9,29.13,28.81,-9.427439504522921,-90.6005300783148,-33.747464522409686
2022-02-22,XLE,-0.015219647180906305,-1,1645,VAL,False,28.47,28.44,28.61,28.47,8.039542576586157,-53.19504364518761,8.039542576586157
2022-02-23,XLE,0.011251758087201134,1,1643,VAL,False,28.77,28.75,29.35,28.67,-9.449448309851656,197.51906413990204,25.39725748606693
2022-02-24,XLE,-0.020173913043478202,-1,1645,VAL,False,28.17,28.51,28.57,28.27,-123.22645572778164,-146.05263970792038,-87.41737735591165
2022-02-25,XLE,0.022799017888460137,1,1643,VAL,False,29.16,29.26,29.05,29.19,31.785481038223857,-41.70702210723761,21.47532124270538
2022-02-28,XLE,0.017429938482569993,1,1643,VAL,False,29.77,29.98,30.25,29.84,68.02368112202306,157.17246204773255,44.40566310330502
2022-03-02,XLE,0.029712776493892444,1,1643,VAL,False,31.19,30.98,30.68,31.1,-69.81194335034925,-167.44775443757007,-41.07506472981952
2022-03-04,XLE,0.027044430135222147,1,1643,VAL,False,31.9,31.96,32.29,31.88,16.30457607538082,118.20896008885948,22.58833051457495
2022-03-08,XLE,0.014492753623188371,1,1643,VAL,False,32.9,32.94,31.73,32.94,9.655515705369918,-359.4800796679565,-2.4995000999797323
2022-03-09,XLE,-0.03278688524590159,-1,1645,VAL,False,31.86,31.93,32.31,31.91,-24.477117645752728,-145.30024648997622,-8.769695023305268
2022-03-10,XLE,0.03288443470090815,1,1643,VAL,False,32.98,32.91,32.38,32.79,-23.71917975410506,-185.85488481442445,34.0878759289304
2022-03-14,XLE,-0.03675344563552831,-1,1645,VAL,False,31.45,31.67,30.44,31.5,-72.47029692107094,317.2723574921661,-56.482248830719676
2022-03-15,XLE,-0.035996210925165785,-1,1645,VAL,False,30.54,30.51,30.63,30.47,7.325138898112578,-33.482138470914784,-15.631449230445634
2022-03-17,XLE,0.03490286466908129,1,1643,VAL,False,31.43,31.42,31.36,31.47,-5.680378400933175,-26.262008177428722,-18.383676299375036
2022-03-21,XLE,0.04237018158649246,1,1643,VAL,False,32.72,32.65,32.51,32.7,-23.88779579047451,-68.15446201713097,-17.786198112061026
2022-03-23,XLE,0.025609379821043058,1,1643,VAL,False,33.24,32.97,33.09,33.1,-83.70663412443963,-49.10750701844981,-41.76460780351553
2022-03-25,XLE,0.020272314674735302,1,1643,VAL,False,33.72,33.77,33.08,33.69,12.32478889750117,-193.72163526962441,21.24048327764148
2022-03-28,XLE,-0.030204323363932573,-1,1645,VAL,False,32.75,32.95,32.2,32.8,-63.584472619716074,164.00532014799973,-48.24364263096835
2022-04-05,XLE,-0.011483831973405939,-1,1645,VAL,False,32.71,32.57,32.93,32.65,40.31056899242949,-71.28542798134482,22.007923789964085
2022-04-07,XLE,0.011290814769606267,1,1643,VAL,False,33.14,33.2,33.29,33.26,15.600983605331432,41.24522108251789,-20.534678392042224
2022-04-08,XLE,0.02951807228915653,1,1643,VAL,False,34.18,34.11,33.74,34.15,-22.974193926574557,-132.67796996481317,-14.209603174533422
2022-04-11,XLE,-0.026678393433010747,-1,1645,VAL,False,33.2,33.08,33.75,33.18,33.65311616540331,-169.7297290783431,27.645673800220884
2022-04-12,XLE,0.014812575574365236,1,1643,VAL,False,33.57,33.63,34.04,33.62,15.369133501272156,135.9507663555156,0.4741764318195723
2022-04-13,XLE,0.014272970561998121,1,1643,VAL,False,34.11,34.13,33.97,34.14,3.3624175194295867,-45.0264681745561,-5.4278833747000235
2022-04-18,XLE,0.012262773722627787,1,1643,VAL,False,34.67,34.75,34.57,34.68,20.569436732786095,-32.83104555898869,17.67999917894361
2022-04-21,XLE,-0.03179190751445091,-1,1645,VAL,False,33.5,33.5,33.37,33.53,-2.500500100022397,34.820695482381154,6.448948602722054
2022-04-22,XLE,-0.01671641791044783,-1,1645,VAL,False,32.94,32.68,31.65,32.95,76.45062710173927,387.7770089537034,79.46232645618579
2022-04-25,XLE,-0.030599755201958383,-1,1645,VAL,False,31.68,31.6,31.84,31.66,22.75833954669506,-54.52605672649667,16.455596867950387
2022-04-27,XLE,0.01864728192161809,1,1643,VAL,False,32.23,32.11,32.32,32.2,-39.72258604437688,23.913926491774387,-30.442824478581855
2022-04-28,XLE,0.0351915291186547,1,1643,VAL,False,33.24,33.08,33.15,33.16,-50.62224618854934,-31.064184275059276,-26.618922295153922
2022-04-29,XLE,-0.028113663845223694,-1,1645,VAL,False,32.15,32.23,32.03,32.27,-27.39008143775031,33.33917172236854,9.89801307023274
2022-05-02,XLE,0.013341607198262481,1,1643,VAL,False,32.66,32.75,32.81,32.57,25.05025632962886,41.91017277254999,52.75226809105352
2022-05-03,XLE,0.029007633587786345,1,1643,VAL,False,33.7,33.66,34.31,33.57,-14.36596953606512,176.93731283416926,24.303450301894966
2022-05-04,XLE,0.03565062388591809,1,1643,VAL,True,34.86,35.06,35.31,34.97,54.85850621040581,125.03695474330483,23.230412539168977
2022-05-05,XLE,-0.024244152880775853,-1,1645,VAL,False,34.2,34.53,34.98,34.39,-99.01585580273915,-232.16222191806537,-43.22018809112351
2022-05-06,XLE,0.019982623805386554,1,1643,VAL,False,35.23,35.56,34.8,35.42,91.14725451162997,-126.00545460025272,37.01631215258924
2022-05-09,XLE,-0.08380202474690675,-1,1645,VAL,False,32.58,32.62,33.12,32.56,-14.781040922733398,-169.8129681184853,-20.932626328705293
2022-05-11,XLE,0.02521263669501817,1,1643,VAL,False,33.75,33.36,33.35,33.51,-118.026172543269,-122.4703207506632,-47.25106903417822
2022-05-13,XLE,0.035223880597014916,1,1643,VAL,False,34.68,34.65,34.77,34.64,-11.14785693380355,21.94197838633168,0.38661436303765967
2022-05-16,XLE,0.03030303030303043,1,1643,VAL,False,35.69,35.56,36.04,35.62,-38.91516457145521,94.02826635569643,-19.33975922389757
2022-05-17,XLE,0.010404949381327262,1,1643,VAL,False,35.93,35.97,36.23,35.96,8.630475407841423,79.46309430014855,0.2806724528292634
2022-05-18,XLE,-0.035307200444815015,-1,1645,VAL,False,34.7,35.05,34.25,34.91,-103.39027459670507,125.73408053368674,-42.61365020067988
2022-05-23,XLE,0.027373823781009433,1,1643,VAL,False,36.03,36.0,35.6,35.98,-10.823813588656273,-123.2964619954157,3.0577542079132236
2022-05-25,XLE,0.019928037641848848,1,1643,VAL,False,36.85,36.88,37.1,36.91,5.639577647564403,63.81627338033129,-10.625347160313865
2022-05-26,XLE,0.013557483731019521,1,1643,VAL,False,37.38,37.29,37.12,37.45,-26.570528590910154,-73.52729561096939,-45.21245283653475
2022-05-27,XLE,0.01823545186377044,1,1643,VAL,False,37.96,37.97,38.6,37.97,0.1341933931423971,164.53189867821982,-2.4995000999800956
2022-05-31,XLE,-0.01369502238609418,-1,1645,VAL,False,37.46,37.4,37.87,37.27,13.520589862766812,-113.49466903524697,-37.38982301423925
2022-06-01,XLE,0.021122994652406395,1,1643,VAL,False,38.2,38.01,37.74,38.13,-52.22528792670909,-124.36989041982251,-33.96291630737695
2022-06-03,XLE,0.015835312747426798,1,1643,VAL,False,38.49,38.39,38.57,38.39,-28.473780432273852,16.777107036374105,-2.499500099979522
2022-06-07,XLE,0.029465449804432737,1,1643,VAL,False,39.48,39.49,39.68,39.51,0.0327948594677958,46.63910176424687,-7.560244468443772
2022-06-09,XLE,-0.013643254168772085,-1,1645,VAL,False,39.04,38.7,38.26,38.95,84.6114407307681,195.87421582677285,61.70040169779704
2022-06-10,XLE,-0.010852713178294617,-1,1645,VAL,False,38.28,38.05,36.89,38.3,57.59811836975538,359.25837205058764,62.7899731382286
2022-06-13,XLE,-0.051248357424441414,-1,1645,VAL,False,36.1,36.06,36.79,35.9,8.582602947182242,-195.21300381959793,-47.07988951550876
2022-06-15,XLE,-0.016053141433711747,-1,1645,VAL,True,35.55,35.33,34.39,35.42,59.399643641808346,322.43073087191243,22.91522674947248
2022-06-16,XLE,-0.05830738748938566,-1,1645,VAL,False,33.28,33.34,33.11,33.3,-20.533854367029225,47.101367388863,-14.515515715758033
2022-06-17,XLE,-0.044991001799640176,-1,1645,VAL,False,31.84,31.52,32.36,31.8,98.0271431170651,-167.38272277571096,85.57183134740053
2022-06-21,XLE,0.05647208121827404,1,1643,VAL,False,33.3,33.15,31.56,33.26,-47.533286135564325,-526.3127554669226,-35.563993635428744
2022-06-22,XLE,-0.034992458521870294,-1,1645,VAL,False,31.99,31.82,31.98,32.02,50.6543947113876,-0.8735726513860189,59.97608016294131
2022-06-23,XLE,-0.037397862979258366,-1,1645,VAL,False,30.63,30.64,31.17,30.68,-5.766089554836985,-180.369080672158,10.54056965239094
2022-06-24,XLE,0.020234986945169744,1,1643,VAL,False,31.27,31.05,31.41,31.21,-72.83688769121656,40.7542412208327,-53.75230625134166
2022-06-27,XLE,0.03317230273752005,1,1643,VAL,False,32.08,31.96,32.72,32.09,-39.896634139506354,195.42226218098057,-43.000436995804435
2022-06-28,XLE,0.022528160200250277,1,1643,VAL,False,32.68,32.82,33.28,32.75,40.329449409996904,179.5259063242446,18.86920325858608
2022-06-29,XLE,-0.02772699573430835,-1,1645,VAL,False,31.91,31.68,31.0,31.68,69.59524151774798,281.2903539654975,-2.500500100021804
2022-06-30,XLE,-0.02020202020202022,-1,1645,VAL,False,31.03,31.01,31.39,30.92,3.946487009292526,-120.06397412257071,-31.61515226719501
2022-07-01,XLE,0.011931634956465573,1,1643,VAL,False,31.38,31.48,30.83,31.6,29.35996612022407,-179.19997899718996,-40.464691871752635
2022-07-05,XLE,-0.046696315120711526,-1,1645,VAL,False,30.01,30.23,29.9,30.14,-75.82772802477875,32.66831306947936,-32.36861705453348
2022-07-06,XLE,-0.014885874958650324,-1,1645,VAL,False,29.79,29.71,30.52,29.85,24.36086411642648,-249.14751328916358,44.41240006795264
2022-07-07,XLE,0.04140020195220466,1,1643,VAL,False,30.94,30.78,31.16,30.87,-54.19956732635351,67.07772860424686,-31.646731878113794
2022-07-12,XLE,-0.02362204724409445,-1,1645,VAL,False,29.76,29.88,29.45,29.79,-42.833163406875805,100.20754150830193,-32.71953484352597
2022-07-14,XLE,-0.019443513241702928,-1,1645,VAL,False,29.24,29.27,29.91,29.24,-12.76298351325697,-233.23064065617555,-12.76298351325697
2022-07-15,XLE,0.015374103177314632,1,1643,VAL,False,29.73,29.75,30.54,29.77,4.226030004225164,268.3439094219512,-9.21599354969394
2022-07-18,XLE,0.021848739495798273,1,1643,VAL,False,30.4,30.43,30.38,30.35,7.36645434071124,-10.575516475652408,23.853054759724056
2022-07-19,XLE,0.028590207032533718,1,1643,VAL,False,31.3,31.36,31.02,31.41,16.66503759950846,-93.42029357706812,-18.414018565277203
2022-07-20,XLE,0.012117346938775479,1,1643,VAL,False,31.74,31.67,30.8,31.79,-24.548177951049585,-300.0370310310952,-40.237784465753926
2022-07-21,XLE,-0.025260498894853194,-1,1645,VAL,False,30.87,31.11,31.23,30.97,-80.26532420186606,-120.6655325234137,-47.716840752717324
2022-07-25,XLE,0.033376539209332506,1,1643,VAL,False,31.89,31.99,32.37,31.95,28.850454430907106,146.45800849237543,10.016932450755041
2022-07-26,XLE,-0.010315723663644836,-1,1645,VAL,False,31.66,31.7,31.9,31.68,-15.137898078668723,-79.83656112144695,-8.815210011700177
2022-07-27,XLE,0.02334384858044159,1,1643,VAL,True,32.44,32.41,32.7,32.57,-11.745030771897374,76.11671253912185,-51.61218293645779
2022-07-29,XLE,0.043598403438747366,1,1643,VAL,False,33.99,34.01,33.43,34.04,3.3831127272637223,-168.6876511134962,-11.310458237376892
2022-08-01,XLE,-0.018229932372831447,-1,1645,VAL,False,33.39,33.31,33.31,33.34,21.464760157780585,19.968054707077634,6.499950259998619
2022-08-03,XLE,-0.019861570869695956,-1,1645,VAL,False,32.58,32.28,32.05,32.47,89.60355607032882,158.7407720954875,56.029684532532535
2022-08-04,XLE,-0.028810408921933074,-1,1645,VAL,False,31.35,31.08,30.66,31.16,83.64543722141563,216.18294950856188,23.179860619106776
2022-08-05,XLE,0.022844272844272873,1,1643,VAL,False,31.78,31.69,31.66,31.74,-30.812119514423102,-41.74369657220277,-18.248555707886833
2022-08-09,XLE,0.01726302573760192,1,1643,VAL,False,32.41,32.42,32.49,32.36,0.5851961357209272,20.67466790505106,16.037274621713458
2022-08-11,XLE,0.036140888208269516,1,1643,VAL,False,33.83,33.78,33.55,33.7,-17.27558715274239,-86.73287512169406,21.23343877218583
2022-08-15,XLE,-0.019394651777843188,-1,1645,VAL,False,33.37,33.37,33.42,33.34,-2.5005001000193143,-18.990312896262473,-11.500950460035817
2022-08-18,XLE,0.025022341376228666,1,1643,VAL,False,34.4,34.47,34.38,34.5,17.844250917258623,-9.810828531967092,-11.192978795545217
2022-08-23,XLE,0.03575581395348849,1,1643,VAL,False,35.63,35.64,35.64,35.69,0.3064220161861175,-1.1936989531656084,-16.505524896699963
2022-08-29,XLE,0.01976064569997219,1,1643,VAL,False,36.64,36.47,35.84,36.69,-48.88528298707159,-222.252492732894,-62.44635510074232
2022-08-30,XLE,-0.03591993419248704,-1,1645,VAL,False,35.16,35.23,34.36,35.33,-22.414465828320186,223.6215161120943,25.81113448843151
2022-09-01,XLE,-0.02692638212546542,-1,1645,VAL,False,33.97,34.05,34.89,33.92,-26.056580170905534,-274.9363531817337,-40.83555508271228
2022-09-02,XLE,0.02143906020558015,1,1643,VAL,False,34.78,34.68,35.0,34.58,-31.244469909929123,59.230247107564836,26.411721704243767
2022-09-09,XLE,0.02873057754324257,1,1643,VAL,False,35.09,34.96,35.47,35.07,-39.537831960539755,104.25045227488873,-33.85749995709347
2022-09-12,XLE,0.016304347826086963,1,1643,VAL,False,35.54,35.6,35.04,35.55,14.378666191354688,-144.6294871582806,11.561682037716345
2022-09-13,XLE,-0.021910112359550593,-1,1645,VAL,False,34.82,34.7,35.03,34.67,31.971069687802412,-64.33509562337343,-11.155677919548674
2022-09-14,XLE,0.017579250720461077,1,1643,VAL,False,35.3,35.68,35.05,35.48,105.12231831254121,-74.79240695770302,53.856196066312414
2022-09-15,XLE,-0.02858744394618843,-1,1645,VAL,False,34.66,34.76,34.65,34.73,-31.359416718890117,-1.1144756360383543,-11.140725121702571
2022-09-16,XLE,-0.0264672036823934,-1,1645,VAL,False,33.84,34.02,33.08,34.07,-55.705289994170485,220.67534074190812,12.17883729372656
2022-09-23,XLE,-0.06959927689062967,-1,1645,VAL,False,30.88,30.9,30.71,30.98,-8.978803532728312,51.07303844188451,23.329068654272803
2022-09-26,XLE,-0.022006472491909377,-1,1645,VAL,False,30.22,30.14,30.66,30.24,23.97865410275812,-149.65799248532747,30.576551818298295
2022-09-27,XLE,0.014598540145985326,1,1643,VAL,False,30.58,30.48,30.79,30.56,-35.19243829455051,64.64567125816268,-28.67096737720397
2022-09-28,XLE,0.04658792650918629,1,1643,VAL,False,31.9,31.83,31.6,31.95,-24.437588971234064,-98.0054772744498,-40.04879775218686
2022-10-03,XLE,0.0607979734008867,1,1643,VAL,False,33.5,33.36,34.03,33.45,-44.280099204041264,154.1464841360091,-29.39860458401731
2022-10-04,XLE,0.03507194244604322,1,1643,VAL,False,34.53,34.79,34.78,34.69,72.77852277792282,68.37265619566409,26.320045878401135
2022-10-05,XLE,0.026731819488358715,1,1643,VAL,False,35.71,35.51,35.22,35.68,-58.49222202605276,-141.1607905246182,-50.13333095712842
2022-10-06,XLE,0.017459870459025757,1,1643,VAL,False,36.13,36.14,36.22,36.16,0.26759109844314743,20.900884865927605,-8.029091084437253
2022-10-07,XLE,-0.01438848920863318,-1,1645,VAL,False,35.62,35.86,36.0,35.87,-69.89522553584435,-110.7251208804359,0.288041996465229
2022-10-10,XLE,-0.022587841606246578,-1,1645,VAL,False,35.05,35.13,34.47,35.15,-25.33074375217772,161.54329296672307,3.190823086378172
2022-10-12,XLE,0.011477761836441853,1,1643,VAL,False,35.24,35.13,34.67,35.26,-33.706226972538516,-165.68252751265834,-39.35925804061993
2022-10-13,XLE,0.04013663535439785,1,1643,VAL,False,36.54,36.56,36.16,36.59,2.9725855595158985,-107.95323146646157,-10.69641223436164
2022-10-14,XLE,-0.03419037199124726,-1,1645,VAL,False,35.31,35.2,35.75,35.31,28.659937594994876,-128.66124626794266,28.659937594994876
2022-10-17,XLE,0.014488636363636306,1,1643,VAL,False,35.71,35.63,35.93,35.78,-24.89658887040848,57.58355469762946,-44.411883414261915
2022-10-19,XLE,0.030319888734353165,1,1643,VAL,False,37.04,37.01,37.29,36.91,-10.596827718690207,63.46840783031358,24.586656767806108
2022-10-21,XLE,0.029697624190064834,1,1643,VAL,False,38.14,38.11,38.09,38.14,-10.363291788416689,-17.103553594471148,-10.363291788416689
2022-10-26,XLE,0.015392642838507786,1,1643,VAL,False,38.92,38.85,39.39,38.96,-20.480616106994322,116.71303971477026,-30.726529232141214
2022-10-31,XLE,0.01252236135957053,1,1643,VAL,False,39.62,39.46,40.12,39.67,-42.873050831527735,122.1492198279187,-55.42299657033534
2022-11-02,XLE,-0.024096385542168693,-1,1645,VAL,True,38.88,38.88,38.64,38.95,-2.5005001000203912,57.75229119898105,15.475752403368631
2022-11-03,XLE,0.02366255144032908,1,1643,VAL,False,39.8,39.6,40.48,39.71,-52.738196079376095,166.786743153882,-30.193407301919752
2022-11-04,XLE,0.010101010101010065,1,1643,VAL,False,40.0,40.08,40.16,40.07,17.495500899820858,35.984803039392375,-0.004491240508371232
2022-11-07,XLE,0.017964071856287397,1,1643,VAL,False,40.8,40.77,40.69,40.71,-9.850603408727142,-30.94920231639909,12.23520955352168
2022-11-09,XLE,-0.046312178387650095,-1,1645,VAL,False,38.92,38.81,39.62,38.83,25.76967089203942,-183.92887210535432,2.6514445304708527
2022-11-10,XLE,0.01880958515846423,1,1643,VAL,False,39.54,39.68,40.44,39.61,32.89883247427396,223.5273734327483,15.168387680706582
2022-11-11,XLE,0.03301411290322587,1,1643,VAL,False,40.99,40.83,40.71,41.01,-41.52365428353728,-72.28122562850218,-46.38026308417762
2022-11-15,XLE,0.011268985791278805,1,1643,VAL,False,41.28,41.25,40.88,41.29,-9.765125463278935,-100.85967302663335,-12.184654374525433
2022-11-16,XLE,-0.01915151515151513,-1,1645,VAL,False,40.46,40.41,39.79,40.52,9.86047431928278,161.66110137499612,24.653375887419116
2022-11-21,XLE,-0.01692805576300721,-1,1645,VAL,False,39.48,39.63,40.12,39.43,-40.50392145298729,-166.17305223962774,-53.23598323519853
2022-11-22,XLE,0.03128942720161481,1,1643,VAL,False,40.87,40.87,40.13,40.91,-2.4995000999790244,-184.98869347735365,-12.27461669729028
2022-11-23,XLE,-0.011255199412772227,-1,1645,VAL,False,40.41,40.43,40.45,40.41,-7.451007647708665,-13.903300333415773,-7.451007647708665
2022-11-28,XLE,-0.025571002979146006,-1,1645,VAL,False,39.25,39.17,39.61,39.22,17.886762065788943,-95.75724062009797,10.251285341208447
2022-11-29,XLE,0.014551953025274452,1,1643,VAL,False,39.74,39.76,40.21,39.75,2.5319546055559523,114.22224865545355,0.015594365403594613
2022-12-05,XLE,-0.03283657489264977,-1,1645,VAL,False,38.3,38.42,38.18,38.33,-33.839927254382694,27.34332767336709,-25.986673984942243
2022-12-06,XLE,-0.03123373243102558,-1,1645,VAL,False,37.22,37.41,37.4,37.35,-53.56108835953108,-52.38124465301451,-18.568773995761827
2022-12-09,XLE,-0.019380888290713296,-1,1645,VAL,False,36.43,36.25,36.45,36.29,46.9216818933351,-9.492977376699955,8.524576229655427
2022-12-12,XLE,0.026206896551724215,1,1643,VAL,False,37.2,37.2,37.92,37.2,-2.499500099980862,189.4717830627409,-2.499500099980862
2022-12-13,XLE,0.020430107526881666,1,1643,VAL,False,37.96,37.91,38.16,37.91,-15.667967565602533,48.66676822696374,-2.49950009997884
2022-12-20,XLE,0.016224986479177975,1,1643,VAL,False,37.58,37.54,38.31,37.71,-13.14079919513756,190.17537631377536,-47.569112536549405
2022-12-21,XLE,0.01784762919552482,1,1643,VAL,False,38.21,38.25,38.29,38.27,7.966347060344282,16.929354249537944,-7.724219462354847
2022-12-22,XLE,-0.0196078431372549,-1,1645,VAL,False,37.5,37.37,37.87,37.31,32.17483496699388,-102.70694138827656,-18.58600077024046
2022-12-23,XLE,0.028900187316029047,1,1643,VAL,False,38.44,38.56,38.73,38.52,28.71017887993769,71.41287663383038,7.882120356822415
2022-12-27,XLE,0.012448132780082905,1,1643,VAL,False,39.04,38.97,38.92,39.05,-20.425346283201073,-34.72461245455712,-22.980935183000522
2022-12-28,XLE,-0.024890941750064125,-1,1645,VAL,False,38.0,38.1,37.94,38.04,-28.822869837124955,11.794990577064727,-18.27731476894764
2022-12-29,XLE,0.012860892388451495,1,1643,VAL,False,38.59,38.5,38.3,38.51,-25.81577491187442,-79.11814890196477,-5.095579170325332
2023-01-03,XLE,-0.03768714506969543,-1,1645,VAL,False,37.28,37.38,36.83,37.34,-29.33124178483911,116.75564726679445,-13.21555151951689
2023-01-05,XLE,0.017121455323702527,1,1643,VAL,False,38.02,38.06,38.55,38.07,8.018648768931085,135.34536648693341,-5.125583761627855
2023-01-06,XLE,0.0194429847609037,1,1643,VAL,False,38.8,38.78,39.37,38.84,-7.652850873122722,142.84926519850714,-17.94363063535621
2023-01-12,XLE,0.019211065573770492,1,1643,VAL,False,39.79,39.78,39.75,39.82,-5.012066196964661,-14.047956932866327,-12.542192716655595
2023-01-18,XLE,-0.015777610818933197,-1,1645,VAL,False,39.31,39.2,38.97,39.26,25.48919857744117,82.5257903272363,12.786051861414428
2023-01-19,XLE,0.014285714285714162,1,1643,VAL,False,39.76,39.68,39.77,39.76,-22.615195270803607,-1.485115451755943,-22.615195270803607
2023-01-26,XLE,0.027513756878439256,1,1643,VAL,False,41.09,41.24,41.02,41.11,33.99660783345812,-21.02816234027443,29.11507214490061
2023-01-27,XLE,-0.014791464597478161,-1,1645,VAL,False,40.63,40.41,40.12,40.59,51.66022128865872,121.57243164114215,41.856486596654925
2023-01-30,XLE,-0.022271714922048963,-1,1645,VAL,False,39.51,39.48,39.35,39.58,5.09441296003964,36.51147845362498,22.771102982596446
2023-02-01,XLE,-0.016570424303288894,-1,1645,VAL,True,39.16,39.05,38.9,39.35,25.596411417114208,62.420042741950006,73.75744526287868
2023-02-02,XLE,-0.029961587708066444,-1,1645,VAL,False,37.88,38.16,38.32,38.04,-76.43661784099207,-120.20355496653616,-34.05412943787559
2023-02-07,XLE,0.029023746701847004,1,1643,VAL,False,39.0,39.13,39.1,39.08,30.825501566355435,21.631571121673876,10.291570140426217
2023-02-10,XLE,0.03849154746423919,1,1643,VAL,False,39.93,39.96,39.75,39.96,5.0117699976153665,-49.06006026443177,-2.4995000999804895
2023-02-15,XLE,-0.019312766491095965,-1,1645,VAL,False,39.1,39.19,38.98,39.14,-25.524158540148928,26.70201559493565,-15.278349486964016
2023-02-17,XLE,-0.03633084256634897,-1,1645,VAL,False,37.4,37.42,37.26,37.42,-7.849430848738052,33.44733117746513,-2.5005001000198264
2023-02-22,XLE,-0.011815252416756305,-1,1645,VAL,False,36.8,36.99,37.55,36.84,-54.143845073364986,-207.88668603285734,-43.22729366720358
2023-02-23,XLE,0.017301973506353083,1,1643,VAL,False,37.63,37.55,36.99,37.65,-23.75381952575817,-174.00824910755324,-29.05328628829432
2023-02-28,XLE,-0.012496676415846819,-1,1645,VAL,False,37.14,37.07,37.1,37.14,16.351816405284318,6.773567960766523,16.351816405284318
2023-03-01,XLE,0.02131103318046936,1,1643,VAL,False,37.86,37.8,37.73,37.9,-18.343399465907524,-38.32249926137238,-28.878129387315607
2023-03-02,XLE,0.010582010582010732,1,1643,VAL,False,38.2,38.13,37.68,38.21,-20.81952719403745,-140.07041523632626,-23.431194420627065
2023-03-03,XLE,0.014948859166011021,1,1643,VAL,False,38.7,38.65,38.44,38.64,-15.416167412513596,-71.15579468085843,0.08784474988943623
2023-03-07,XLE,-0.01732609257822606,-1,1645,VAL,False,38.0,38.0,37.83,38.0,-2.5005001000207216,40.75394026173869,-2.5005001000207216
2023-03-08,XLE,-0.017368421052631488,-1,1645,VAL,False,37.34,37.61,37.82,37.48,-74.82709718162099,-132.60070332223776,-37.19433854753994
2023-03-09,XLE,-0.010901356022334396,-1,1645,VAL,False,37.2,37.07,37.07,37.24,32.45447476592016,30.959417689990378,43.16075352557146
2023-03-10,XLE,-0.012678715942810868,-1,1645,VAL,False,36.6,36.6,35.67,36.41,-2.500500100021458,250.19922017190297,-54.6970146569843
2023-03-13,XLE,-0.02295081967213124,-1,1645,VAL,False,35.76,35.86,35.85,35.9,-30.471698366520513,-29.17865452285182,8.644347253850375
2023-03-15,XLE,-0.05578569455951403,-1,1645,VAL,False,34.19,34.27,33.51,34.15,-25.90500551119535,194.96733508737455,-37.648378870505105
2023-03-17,XLE,-0.014722863741339434,-1,1645,VAL,False,34.13,34.09,34.06,34.13,9.222324980671504,16.517220818909497,9.222324980671504
2023-03-20,XLE,0.02229392783807562,1,1643,VAL,False,34.84,34.78,35.49,34.84,-19.716779950555065,182.49335207585315,-19.716779950555065
2023-03-21,XLE,0.03479010925819439,1,1643,VAL,False,35.98,35.98,36.0,36.08,-2.499500099979658,1.5572205180990684,-30.20875869172048
2023-03-23,XLE,-0.019596705481397265,-1,1645,VAL,False,34.52,34.73,34.04,34.7,-63.350010674208804,135.10465708437334,-11.148195056879132
2023-03-27,XLE,0.024956970740103196,1,1643,VAL,False,35.73,35.6,35.4,35.7,-38.8743969649929,-96.3216256832594,-30.50370318093179
2023-03-28,XLE,0.012921348314606765,1,1643,VAL,False,36.06,36.15,36.51,36.12,22.452664209253395,120.74290632721967,5.8040717437913765
2023-03-29,XLE,0.012171507607192388,1,1643,VAL,False,36.59,36.66,36.96,36.64,16.626628213574964,97.08088445169771,2.957650827912244
2023-04-03,XLE,0.050445103857566696,1,1643,VAL,False,38.94,38.75,38.87,38.76,-51.280319180127115,-21.968384956803174,-5.0788345942760005
2023-04-04,XLE,-0.021161290322580652,-1,1645,VAL,False,37.94,38.05,38.14,37.91,-31.500896911065087,-56.73670316561944,-39.43930437367002
2023-04-05,XLE,0.011563731931668984,1,1643,VAL,False,38.49,38.62,38.56,38.58,31.267064332002054,14.18006863683241,7.865974757354926
2023-04-06,XLE,-0.015018125323666452,-1,1645,VAL,False,38.04,38.03,38.18,37.98,0.12896901146736994,-40.81888932991545,-15.668615555656208
2023-04-11,XLE,0.011997913406363947,1,1643,VAL,False,38.8,38.7,38.97,38.75,-28.266253965700418,39.79771056098244,-15.399500745012743
2023-04-17,XLE,-0.010245901639344227,-1,1645,VAL,False,38.64,38.58,38.49,38.57,13.031332974668956,34.83460667288754,-5.093837019932396
2023-04-20,XLE,-0.01502590673575125,-1,1645,VAL,False,38.01,38.26,38.4,38.02,-68.28911165027017,-106.64642794383651,-65.64095565036135
2023-04-24,XLE,0.018669471469892212,1,1643,VAL,False,38.74,38.62,38.24,38.66,-33.46749338826168,-133.0131495642006,-12.843525449073496
2023-04-25,XLE,-0.01967892283790777,-1,1645,VAL,False,37.86,37.89,37.62,37.83,-10.426411748277594,59.416003644471445,-18.364894231821584
2023-04-26,XLE,-0.016891000263921895,-1,1645,VAL,False,37.25,37.38,37.36,37.23,-37.408555536612695,-33.54281594573894,-42.80066327528564
2023-04-28,XLE,0.018390191897654524,1,1643,VAL,False,38.21,38.1,37.62,38.16,-31.280579790871766,-158.3472889300698,-18.21884050862701
2023-05-01,XLE,-0.012335958005249314,-1,1645,VAL,False,37.62,37.67,37.22,37.67,-15.794626229872783,102.36816103252615,-2.500500100021322
2023-05-02,XLE,-0.039554021767985184,-1,1645,VAL,False,36.18,36.03,35.57,36.1,38.969236633394516,164.66809116383783,16.894930232583185
2023-05-03,XLE,-0.01582014987510409,-1,1645,VAL,True,35.46,35.35,35.37,35.37,28.528125252798027,21.390064814995576,3.1554232814313528
2023-05-05,XLE,0.030320366132723178,1,1643,VAL,False,36.02,35.91,36.43,36.02,-33.03045665159254,109.78093109862048,-33.03045665159254
2023-05-11,XLE,-0.014080540692762603,-1,1645,VAL,False,35.01,35.09,35.26,34.97,-25.35682800656374,-75.43753823601098,-36.82420784986493
2023-05-16,XLE,-0.02321630804077011,-1,1645,VAL,False,34.51,34.45,34.81,34.46,14.890112186445345,-90.96690389947081,0.4021407879923964
2023-05-17,XLE,0.01915820029027566,1,1643,VAL,False,35.12,35.12,34.91,35.1,-2.4995000999804495,-63.77027555764554,3.197081381444101
2023-05-23,XLE,0.011830985915493007,1,1643,VAL,False,35.92,35.88,36.16,35.94,-13.632574153320277,62.78922389241268,-19.189818129860733
2023-05-25,XLE,-0.01804052178739935,-1,1645,VAL,False,35.38,35.39,35.61,35.41,-5.327662479923239,-69.0352881203706,3.149034212376884
2023-05-30,XLE,-0.011347517730496413,-1,1645,VAL,False,34.85,34.89,34.35,34.82,-13.981131950924663,139.5286230847312,-22.60891580958283
2023-05-31,XLE,-0.018056749785038767,-1,1645,VAL,False,34.26,34.28,34.36,34.35,-8.33967143691788,-33.201036004049854,17.883052593049655
2023-06-01,XLE,0.015752625437572904,1,1643,VAL,False,34.82,34.7,35.35,34.8,-36.95383841094801,148.1513002396666,-31.227949812333573
2023-06-02,XLE,0.033429394812680015,1,1643,VAL,False,35.86,35.76,36.28,35.77,-30.37875414320264,113.07610201328573,-5.294440133500467
2023-06-07,XLE,0.02569114772409926,1,1643,VAL,False,36.73,36.76,36.81,36.75,5.666168699285871,17.772650207232328,0.220908199311501
2023-06-12,XLE,-0.010164835164835096,-1,1645,VAL,False,36.02,36.05,36.45,36.06,-10.831288967399052,-123.42668422635077,0.2733491789868654
2023-06-14,XLE,-0.012147984538928706,-1,1645,VAL,True,35.78,35.85,35.91,35.83,-22.06939431486151,-40.34848333557087,-8.083810454527875
2023-06-15,XLE,0.013110181311018099,1,1643,VAL,False,36.32,36.24,36.38,36.29,-24.520426311213143,12.514017020386014,-16.27395656167703
2023-06-20,XLE,-0.02321083172146992,-1,1645,VAL,False,35.35,35.38,35.24,35.4,-10.989185107177857,27.12904674287138,3.1506301260226706
2023-06-21,XLE,0.011588468061051344,1,1643,VAL,False,35.79,35.66,35.33,35.76,-38.81341641702469,-132.4753210855453,-30.45671626301207
2023-06-22,XLE,-0.01570386988222084,-1,1645,VAL,False,35.1,35.18,34.8,35.19,-25.298222037570582,81.50348018321831,0.34192686789407584
2023-06-26,XLE,0.022616661895218985,1,1643,VAL,False,35.71,35.56,35.52,35.59,-44.49404154453398,-57.18430662789248,-10.926727270449577
2023-07-06,XLE,-0.02244730358609363,-1,1645,VAL,False,35.71,35.71,35.53,35.73,-2.5005001000216147,46.42541501859534,3.098436647865052
2023-07-07,XLE,0.028283394007280818,1,1643,VAL,False,36.72,36.48,36.38,36.56,-67.84264062220166,-96.55476312144705,-24.375868808733724
2023-07-11,XLE,0.02094668117519051,1,1643,VAL,False,37.53,37.57,37.88,37.58,8.155976052325702,89.22223016094938,-5.159824873768486
2023-07-14,XLE,-0.026740799576383506,-1,1645,VAL,False,36.76,36.77,36.64,36.75,-5.221528527688035,28.656438578248554,-7.944037787152184
2023-07-18,XLE,0.013623978201634876,1,1643,VAL,False,37.2,37.07,37.07,37.18,-37.437001846944575,-38.931461019624635,-32.077903945838244
2023-07-20,XLE,0.010994904800214634,1,1643,VAL,False,37.7,37.73,37.87,37.66,5.456070589594967,41.075604507745034,16.083214583850346
2023-07-24,XLE,0.01523909616395161,1,1643,VAL,False,38.64,38.68,38.66,38.7,7.849879299502526,1.1747132975057826,-7.666167024992928
2023-07-31,XLE,0.018575851393188826,1,1643,VAL,False,39.48,39.5,39.34,39.46,2.5650898189154385,-39.44601150691791,7.634813635346752
2023-08-02,XLE,-0.014754515390486018,-1,1645,VAL,False,38.74,38.8,38.9,38.75,-17.992240678388466,-45.31830475542522,-15.406952358214443
2023-08-03,XLE,0.01159793814432997,1,1643,VAL,False,39.25,39.19,39.47,39.28,-17.78230341192859,52.02933935505915,-25.40619676471994
2023-08-09,XLE,0.01798378926038503,1,1643,VAL,False,40.19,39.98,40.04,40.08,-54.73824369239062,-41.30699115215384,-27.44336362268392
2023-08-11,XLE,0.01425712856428215,1,1643,VAL,False,40.56,40.59,40.48,40.53,4.895100861485767,-23.715178068923763,12.300648678555755
2023-08-15,XLE,-0.021276595744680837,-1,1645,VAL,False,39.55,39.58,39.62,39.51,-10.087731832083078,-21.70699626650954,-20.221963906830325
2023-08-17,XLE,0.013761467889908235,1,1643,VAL,False,39.78,39.71,39.47,39.72,-20.091884086731365,-81.89664229044654,-5.0164941835390175
2023-08-25,XLE,0.01250957365330597,1,1643,VAL,False,39.66,39.55,39.65,39.59,-30.22832145623285,-6.519623962246508,-12.600536220112684
2023-09-01,XLE,0.01967621419676212,1,1643,VAL,False,40.94,40.97,41.2,40.96,4.826465092912873,59.4829739474693,-0.05870407949754351
2023-09-11,XLE,-0.015880654475457258,-1,1645,VAL,False,40.9,41.01,41.46,40.96,-29.402090687085614,-140.9748942453516,-14.710583718306426
2023-09-12,XLE,0.021458180931480192,1,1643,VAL,False,41.89,41.98,42.02,41.94,18.97997101462846,27.022048443021678,7.035550448327468
2023-09-13,XLE,-0.010004764173415785,-1,1645,VAL,False,41.56,41.66,42.1,41.63,-26.568114392848948,-133.98541113419907,-9.70864362639446
2023-09-14,XLE,0.01152184349495929,1,1643,VAL,False,42.13,42.15,41.76,42.14,2.2465243481080512,-91.78748157323358,-0.12705100176099784
2023-09-15,XLE,-0.011862396204033215,-1,1645,VAL,False,41.65,41.54,41.97,41.63,23.916668087517053,-80.86227089355367,19.123930479105596
2023-09-19,XLE,-0.011936022917164,-1,1645,VAL,False,41.39,41.5,41.3,41.47,-29.08361329187835,17.752282034084118,-9.73645416327187
2023-09-21,XLE,-0.015321011673151641,-1,1645,VAL,False,40.49,40.55,40.86,40.58,-17.32267915672442,-95.41794750651688,4.894152807889313
2023-09-25,XLE,0.011078286558345713,1,1643,VAL,False,41.07,41.13,40.78,41.07,12.106052127777021,-74.58211303928674,12.106052127777021
2023-09-27,XLE,0.025678650036683716,1,1643,VAL,False,41.94,41.91,41.73,41.84,-9.650788011210482,-54.05070631081065,14.22671966562543
2023-09-29,XLE,-0.02025738798856057,-1,1645,VAL,False,41.11,41.11,41.06,41.1,-2.500500100020205,8.1665566876451,-4.93419851853677
2023-10-02,XLE,-0.023351982486013157,-1,1645,VAL,False,40.15,40.29,40.2,40.25,-37.37845950261034,-16.459082601078972,-12.440873267820702
2023-10-04,XLE,-0.03724857213806804,-1,1645,VAL,False,38.78,39.0,38.44,38.87,-59.244958842206856,83.70833527200571,-35.95367903012068
2023-10-06,XLE,0.010577915376677082,1,1643,VAL,False,39.17,38.99,40.04,39.1,-48.44154988251885,218.0207308040557,-30.62546058563322
2023-10-09,XLE,0.03385483457296743,1,1643,VAL,False,40.3,40.29,40.33,40.21,-4.980269454793849,3.4419915024442442,17.391075378557918
2023-10-11,XLE,-0.014873574615766024,-1,1645,VAL,False,39.74,39.83,40.25,39.83,-25.153369878806622,-132.3863162164376,-2.500500100019685
2023-10-13,XLE,0.02357662402809142,1,1643,VAL,False,40.81,40.75,41.01,40.7,-17.19810411845616,44.98879689879223,9.78244154608873
2023-10-17,XLE,0.01072647489029736,1,1643,VAL,False,41.45,41.45,41.62,41.41,-2.4995000999798553,36.99766681162934,7.157588042885987
2023-10-20,XLE,-0.014850299401197543,-1,1645,VAL,False,41.13,41.05,40.82,41.03,16.95488623618232,71.40012977066627,-7.3762010505932984
2023-10-23,XLE,-0.018514007308160732,-1,1645,VAL,False,40.29,40.39,40.49,40.32,-27.32676095904282,-53.660769383958204,-19.86595235713825
2023-10-24,XLE,-0.010151027482050103,-1,1645,VAL,False,39.98,39.82,39.85,39.97,37.529516908883075,28.528467074104327,35.037029922871795
2023-10-27,XLE,-0.02459432048681539,-1,1645,VAL,False,38.47,38.49,38.63,38.44,-7.70065632570369,-45.60828984096861,-15.511036650620234
2023-11-02,XLE,0.026383859286083892,1,1643,VAL,False,39.68,39.83,39.75,39.73,35.29347053976179,13.634873831684883,22.66410548748593
2023-11-06,XLE,-0.01014713343480463,-1,1645,VAL,False,39.02,38.98,38.47,39.02,7.7532164556957515,137.00894971408513,7.7532164556957515
2023-11-07,XLE,-0.022319138019497115,-1,1645,VAL,False,38.11,38.11,37.97,38.12,-2.500500100021146,32.749661976479615,0.12345071322543698
2023-11-08,XLE,-0.011020729467331455,-1,1645,VAL,False,37.69,37.64,37.91,37.74,10.768935426777185,-62.395073867518235,24.003210817044064
2023-11-10,XLE,0.010660980810234503,1,1643,VAL,False,37.92,37.94,38.0,37.92,2.773443201653725,17.08940912239504,2.773443201653725
2023-11-14,XLE,0.010468463752944218,1,1643,VAL,False,38.61,38.55,38.49,38.59,-18.03563141295702,-35.06680171347143,-12.862288905267405
2023-11-16,XLE,-0.02053014553014551,-1,1645,VAL,False,37.68,37.73,38.05,37.68,-15.77345723921953,-102.23541523591314,-15.77345723921953
2023-11-17,XLE,0.023853697323085232,1,1643,VAL,False,38.63,38.52,38.68,38.53,-30.9676609850163,8.938931861569113,-5.094231607868491
2023-12-05,XLE,-0.01454923356716036,-1,1645,VAL,False,37.93,37.82,37.57,37.91,26.507542478704696,90.94885151562414,21.245874075895756
2023-12-06,XLE,-0.01533580116340556,-1,1645,VAL,False,37.24,37.26,37.43,37.24,-7.872412291265949,-55.04162056901025,-7.872412291265949
2023-12-12,XLE,-0.011214953271028082,-1,1645,VAL,False,37.03,36.93,36.96,37.01,24.511383508135353,14.910354471652743,19.12068444491194
2023-12-13,XLE,0.011102085025724443,1,1643,VAL,True,37.34,37.45,37.82,37.44,26.952161790460902,124.49786421933582,0.17077246943919314
2023-12-14,XLE,0.0283044058744992,1,1643,VAL,False,38.51,38.55,38.2,38.49,7.884816181400574,-84.46557896937858,13.08506809939562
2023-12-18,XLE,0.010172143974960706,1,1643,VAL,False,38.73,38.66,38.73,38.69,-20.56882710728671,-3.999200159966647,-10.251503589175798
2023-12-19,XLE,0.010605276771857313,1,1643,VAL,False,39.07,39.12,39.26,39.07,10.29484402582015,44.61201437726322,10.29484402582015
2023-12-26,XLE,0.011532547411583693,1,1643,VAL,False,39.47,39.36,39.36,39.44,-30.361801974542434,-31.857322480271797,-22.778405779289756
2023-12-28,XLE,-0.011995916283818246,-1,1645,VAL,False,38.71,38.59,38.72,38.69,28.506993054512293,-6.585145497195741,23.35243476712796
2016-01-06,GDX,0.01966955153422502,1,1643,TRAIN,False,12.96,12.92,13.15,12.97,-33.355983124363206,142.54710786237786,-41.04036555834602
2016-01-07,GDX,0.04411764705882355,1,1643,TRAIN,False,13.49,13.49,13.15,13.41,-2.499500099980827,-255.93695197209652,57.14256104781983
2016-01-08,GDX,-0.03039288361749445,-1,1645,TRAIN,False,13.07,13.15,13.21,13.1,-63.724680666814606,-111.1591866957935,-40.677982924830665
2016-01-11,GDX,-0.040304182509505786,-1,1645,TRAIN,False,12.62,12.62,12.51,12.68,-2.5005001000210747,83.19730507115713,44.82994390676183
2016-01-12,GDX,-0.022187004754358114,-1,1645,TRAIN,False,12.34,12.32,12.28,12.4,13.711008003868502,44.64101896554325,62.03176119094704
2016-01-14,GDX,-0.028363047001620716,-1,1645,TRAIN,False,11.99,11.91,12.33,11.97,64.23845236103061,-287.68389207449445,47.63734701827626
2016-01-19,GDX,-0.04465037910699237,-1,1645,TRAIN,False,11.34,11.31,11.59,11.39,23.961141434636016,-224.54755501364644,67.75411271894342
2016-01-20,GDX,0.030946065428824016,1,1643,TRAIN,False,11.66,11.65,11.52,11.64,-11.073685777423462,-124.01979295393083,6.089417855259966
2016-01-25,GDX,0.016074450084602326,1,1643,TRAIN,False,12.01,12.13,12.27,12.06,97.39226176413429,212.40048409968264,55.52910976677027
2016-01-26,GDX,0.03462489694971145,1,1643,TRAIN,False,12.55,12.67,12.58,12.57,93.09413017794913,19.89562246913189,77.03511008220049
2016-01-27,GDX,0.01499605367008678,1,1643,TRAIN,True,12.86,12.88,12.58,12.83,13.048712186025487,-221.6415192855661,36.461920398462354
2016-01-28,GDX,-0.02018633540372683,-1,1645,TRAIN,False,12.62,12.57,12.54,12.62,37.12905814126247,59.416003644470514,37.12905814126247
2016-01-29,GDX,0.021479713603818583,1,1643,TRAIN,False,12.84,12.89,12.99,12.86,36.431576613026806,112.776510118538,20.822818329026493
2016-02-01,GDX,0.025601241272304117,1,1643,TRAIN,False,13.22,13.29,13.13,13.23,50.43734067104826,-72.0506428215108,42.84063822156141
2016-02-02,GDX,-0.02332580887885619,-1,1645,TRAIN,False,12.98,12.97,13.1,13.0,5.205586571858905,-96.48771048508623,20.58219336174896
2016-02-03,GDX,0.06476484194294524,1,1643,TRAIN,False,13.81,13.92,14.31,13.83,77.13301655382249,357.9124870174415,62.56015608158259
2016-02-04,GDX,0.055316091954022956,1,1643,TRAIN,False,14.7,14.65,14.29,14.66,-36.50460384113489,-282.7992224684307,-9.31907752146643
2016-02-05,GDX,0.03822525597269628,1,1643,TRAIN,False,15.21,15.46,15.89,15.3,161.82496571034284,442.89629910967227,102.04952473557572
2016-02-08,GDX,0.035575679172056965,1,1643,TRAIN,False,16.01,15.84,16.08,15.93,-108.65659472727593,39.705987596984194,-58.98255377173147
2016-02-09,GDX,-0.03661616161616162,-1,1645,TRAIN,False,15.26,15.19,15.16,15.3,43.38252971695197,61.55621687902463,69.41290218828124
2016-02-11,GDX,0.07786357786357792,1,1643,TRAIN,False,16.75,16.66,16.19,16.56,-56.21741323377176,-338.19385376655976,57.87187973033427
2016-02-12,GDX,0.0168067226890757,1,1643,TRAIN,False,16.94,17.09,16.27,16.95,86.0261831931125,-399.35460369555426,80.0757252679269
2016-02-16,GDX,-0.08133411351667645,-1,1645,TRAIN,False,15.7,15.61,15.91,15.69,54.83867474131676,-137.8122758309623,48.50013979851357
2016-02-17,GDX,0.028827674567584838,1,1643,TRAIN,False,16.07,16.16,15.89,16.1,53.49147967544062,-115.96436157696878,34.75826573815707
2016-02-18,GDX,0.05754950495049503,1,1643,TRAIN,False,17.09,17.14,16.88,17.1,26.7500625094413,-126.82893497368411,20.88646598165796
2016-02-19,GDX,-0.02800466744457412,-1,1645,TRAIN,False,16.67,16.67,16.16,16.64,-2.500500100020731,302.0604120824177,-20.533854367029225
2016-02-23,GDX,0.015476190476190357,1,1643,TRAIN,False,17.06,17.16,17.63,17.08,56.10249579626844,329.98206923679663,44.32720013374555
2016-02-26,GDX,-0.03356086461888509,-1,1645,TRAIN,False,16.99,16.95,17.19,17.0,21.048647634174227,-121.76419980876852,26.918619017920626
2016-02-29,GDX,0.03657817109144549,1,1643,TRAIN,False,17.57,17.58,17.63,17.55,3.1905969403715715,30.13626073874513,14.5902443442923
2016-03-01,GDX,-0.032992036405005594,-1,1645,TRAIN,False,17.0,16.84,16.98,16.92,91.6406810773912,7.768612546039661,44.7926464725564
2016-03-02,GDX,0.022565320665083075,1,1643,TRAIN,False,17.22,17.28,17.38,17.28,32.334996415353444,88.87885605225226,-2.499500099979934
2016-03-03,GDX,0.04803240740740731,1,1643,TRAIN,False,18.11,17.97,17.99,18.03,-79.78553378225443,-70.23443461501031,-35.76905251229384
2016-03-07,GDX,0.029658645775041834,1,1643,TRAIN,False,18.4,18.5,18.7,18.36,51.8347417473046,158.97907375046785,73.73416384261478
2016-03-08,GDX,-0.042702702702702655,-1,1645,TRAIN,False,17.71,17.61,17.24,17.66,53.978892898851356,261.49216291592825,25.819150240013965
2016-03-09,GDX,0.013628620102214764,1,1643,TRAIN,False,17.86,17.69,17.98,17.86,-97.6604791023867,63.163179234256454,-97.6604791023867
2016-03-10,GDX,0.032221594120972315,1,1643,TRAIN,False,18.26,18.48,18.35,18.4,117.95231315182677,45.2691498940088,40.967893377846906
2016-03-11,GDX,-0.02164502164502176,-1,1645,TRAIN,False,18.09,18.12,18.27,18.03,-19.08839479338715,-103.54309667903735,-52.429787122150834
2016-03-14,GDX,-0.04083885209713035,-1,1645,TRAIN,False,17.38,17.34,17.34,17.4,20.520214514707856,19.023367389244232,31.99088093480533
2016-03-15,GDX,0.01614763552479822,1,1643,TRAIN,False,17.62,17.71,17.43,17.72,48.566052964209725,-111.78808506176108,-8.141430404661161
2016-03-16,GDX,0.05815923207227541,1,1643,TRAIN,True,18.74,18.92,19.08,18.87,93.52771921603204,177.35833836434495,23.990962273894855
2016-03-17,GDX,-0.017441860465116376,-1,1645,TRAIN,False,18.59,18.53,18.46,18.51,29.78298725909649,65.95724739353403,-13.308172169281052
2016-03-18,GDX,0.020507285483000483,1,1643,TRAIN,False,18.91,18.69,18.57,18.87,-118.81098132568067,-183.72634304445273,-97.86516464592574
2016-03-23,GDX,-0.06162915326902457,-1,1645,TRAIN,False,17.51,17.26,17.46,17.42,140.31075775406165,24.565735534313212,89.37091666323927
2016-03-24,GDX,0.01969872537659327,1,1643,TRAIN,False,17.6,17.65,17.79,17.61,25.902489956553868,103.91217211103312,20.209189280826084
2016-03-29,GDX,0.05281090289608176,1,1643,TRAIN,False,18.54,18.63,18.35,18.56,46.03205572477747,-106.43933780665493,35.206590147487766
2016-03-30,GDX,-0.013419216317767043,-1,1645,TRAIN,False,18.38,18.35,18.58,18.27,13.825670465973198,-112.85826262096744,-46.29907919186807
2016-04-04,GDX,-0.030136986301369902,-1,1645,TRAIN,False,17.71,17.71,18.19,17.77,-2.5005001000211484,-275.1425496844138,31.272714869363867
2016-04-05,GDX,0.0338791643139468,1,1643,TRAIN,False,18.3,18.26,18.03,18.24,-24.35196020905095,-151.48117917400177,8.462671500789865
2016-04-07,GDX,0.03284072249589499,1,1643,TRAIN,False,18.87,18.84,18.78,18.86,-18.39377752430411,-51.674879650460475,-13.101303387252512
2016-04-08,GDX,0.03025477707006371,1,1643,TRAIN,False,19.41,19.44,19.88,19.46,12.952587225985738,238.04718705923938,-12.77442353256013
2016-04-11,GDX,0.060699588477366236,1,1643,TRAIN,False,20.61,20.59,20.66,20.6,-12.201101749567494,20.251165681469914,-7.352655682457322
2016-04-13,GDX,-0.030361445783132483,-1,1645,TRAIN,False,20.12,20.18,20.09,20.18,-32.32903041841133,10.915702027086072,-2.500500100021308
2016-04-14,GDX,-0.031714568880079314,-1,1645,TRAIN,False,19.55,19.59,19.72,19.56,-22.965974269024436,-90.99211146577139,-17.841758535758313
2016-04-15,GDX,0.026544155181214883,1,1643,TRAIN,False,20.11,20.13,20.38,20.14,7.443314917325571,130.2086673664766,-7.463502334289215
2016-04-19,GDX,0.05619094977623068,1,1643,TRAIN,False,21.24,21.09,21.08,21.21,-73.10331718966832,-79.29864121337698,-59.06244493675404
2016-04-20,GDX,-0.021337126600284462,-1,1645,TRAIN,False,20.65,20.69,21.27,20.63,-21.87580373217772,-304.36305178711314,-31.591630977676203
2016-04-21,GDX,0.013533107781536857,1,1643,TRAIN,False,20.97,21.08,20.81,21.1,49.94327791570981,-80.26816191363505,-11.97580389135591
2016-04-22,GDX,-0.029411764705882235,-1,1645,TRAIN,False,20.46,20.49,20.61,20.48,-17.166923120694953,-77.34391453070546,-7.384533547335379
2016-04-26,GDX,0.02160039273441324,1,1643,TRAIN,False,20.81,20.85,20.99,20.82,16.717223590361847,82.46308450947966,11.906120216879414
2016-04-28,GDX,0.03462998102466795,1,1643,TRAIN,False,21.81,22.02,22.44,21.9,93.76254047677487,284.7436014860319,52.28132455700704
2016-04-29,GDX,0.05903723887375117,1,1643,TRAIN,False,23.33,23.42,23.67,23.3,36.06779715638688,141.67762246950696,48.98977286087864
2016-05-02,GDX,-0.023911187019641428,-1,1645,TRAIN,False,22.86,23.03,23.13,23.01,-76.88479953208652,-122.15828992570054,-11.194546601628202
2016-05-03,GDX,-0.027355623100304063,-1,1645,TRAIN,False,22.39,22.36,21.95,22.31,10.901689047054848,192.59412400568615,-24.91757876452145
2016-05-04,GDX,-0.042039355992844266,-1,1645,TRAIN,False,21.42,21.23,21.6,21.37,86.2238273985332,-88.06803377482125,63.028281837930294
2016-05-05,GDX,0.029674988224210976,1,1643,TRAIN,False,21.85,21.93,22.39,21.91,34.10462072345309,243.04155187269288,6.6264702331102665
2016-05-06,GDX,0.042407660738714076,1,1643,TRAIN,False,22.86,22.79,21.8,22.82,-33.11301869110019,-467.5057989277021,-15.642577006071326
2016-05-09,GDX,-0.05923650724001746,-1,1645,TRAIN,False,21.44,21.33,21.45,21.38,48.81829910758279,-8.666845309359438,20.89169003117556
2016-05-10,GDX,0.03797468354430391,1,1643,TRAIN,False,22.14,22.13,22.6,22.13,-7.015082981597501,203.68645331457674,-2.499500099978874
2016-05-11,GDX,0.024853140533212865,1,1643,TRAIN,False,22.68,22.72,22.75,22.65,15.132775913953955,26.852654160527642,28.397852438343385
2016-05-12,GDX,-0.013644366197183042,-1,1645,TRAIN,False,22.41,22.25,22.29,22.29,68.91405054772636,49.56814656103998,15.449254050001619
2016-05-16,GDX,0.019590382902938457,1,1643,TRAIN,False,22.89,22.89,22.83,22.94,-2.499500099978873,-30.20103711892022,-24.29004173010112
2016-05-17,GDX,0.01616426387068593,1,1643,TRAIN,False,23.26,23.2,22.73,23.22,-28.28840938605103,-231.76706017352097,-11.110611641667047
2016-05-18,GDX,-0.07025862068965513,-1,1645,TRAIN,False,21.56,21.36,20.85,21.47,90.28707411240917,325.44449520701914,48.74659142354683
2016-05-24,GDX,-0.04872389791183298,-1,1645,TRAIN,False,20.5,20.36,20.28,20.48,65.80925941285696,103.3592084270509,56.107901267752815
2016-05-25,GDX,0.026522593320235717,1,1643,TRAIN,False,20.9,20.89,21.18,20.88,-7.282993162130776,129.9185139048766,2.288574852080106
2016-05-27,GDX,-0.031234983181162836,-1,1645,TRAIN,False,20.16,20.2,20.23,20.2,-22.34673125101146,-38.7369140494755,-2.5005001000203335
2016-05-31,GDX,0.02673267326732669,1,1643,TRAIN,False,20.74,20.48,20.59,20.73,-127.82978601965226,-76.29428791194393,-123.06752349481849
2016-06-03,GDX,0.10121065375302664,1,1643,TRAIN,False,22.74,22.97,22.93,22.82,98.6185788348053,79.5205954411588,63.215884430476216
2016-06-07,GDX,-0.014298093587521592,-1,1645,TRAIN,False,22.75,22.77,23.75,22.84,-11.293907133075455,-443.73709906816356,28.155149418674455
2016-06-08,GDX,0.03381642512077293,1,1643,TRAIN,False,23.54,23.52,23.51,23.56,-10.993553201000136,-16.738368553985303,-19.473185159232134
2016-06-09,GDX,0.016156462585033973,1,1643,TRAIN,False,23.91,23.86,24.06,23.84,-23.40602561210891,58.71096796951723,5.887664748929559
2016-06-10,GDX,-0.015088013411567453,-1,1645,TRAIN,False,23.5,23.54,24.11,23.53,-19.526032866148054,-263.67911880248386,-6.751456538651019
2016-06-14,GDX,-0.01957446808510642,-1,1645,TRAIN,False,23.04,22.98,22.98,23.02,23.547678285655415,22.05128525705067,14.880039430995248
2016-06-15,GDX,0.036988685813751,1,1643,TRAIN,True,23.84,23.85,24.51,23.69,1.694082324476647,276.9286746677533,65.02266452577027
2016-06-16,GDX,-0.03018867924528312,-1,1645,TRAIN,False,23.13,23.11,23.53,23.15,6.1484411019680625,-177.0055697261368,14.782438129093366
2016-06-17,GDX,0.01384681955863264,1,1643,TRAIN,False,23.43,23.39,22.68,23.4,-19.567362669164105,-323.9736175684187,-6.771936211047565
2016-06-21,GDX,-0.022365591397849445,-1,1645,TRAIN,False,22.73,22.61,22.69,22.69,50.306365716609044,13.60412865679063,32.76613894837123
2016-06-22,GDX,0.013710747456877588,1,1643,TRAIN,False,22.91,23.13,22.92,22.99,93.50443311599541,0.36396038121101737,58.38132069106069
2016-06-24,GDX,0.06558810668998688,1,1643,TRAIN,False,24.37,24.26,24.46,24.31,-47.625682085577246,32.9166829744436,-23.06202683774077
2016-06-27,GDX,0.013602638087386574,1,1643,TRAIN,False,24.59,24.54,24.1,24.52,-22.827886639020623,-203.18750402013828,5.6550680076055295
2016-06-28,GDX,-0.015077424612876832,-1,1645,TRAIN,False,24.17,24.12,24.49,24.18,18.19147445542002,-136.44930061725887,22.319600396503784
2016-06-29,GDX,0.031509121061359786,1,1643,TRAIN,False,24.88,24.62,24.89,24.82,-106.97498763912728,0.01848504897278319,-83.05953636025454
2016-06-30,GDX,0.019902518277822846,1,1643,TRAIN,False,25.1,25.13,25.85,25.07,9.449703684760706,294.6860827037788,21.427505484144223
2016-07-01,GDX,0.047751691205730175,1,1643,TRAIN,False,26.33,26.37,26.73,26.41,12.688499140279738,147.8580091045991,-17.64149252693962
2016-07-05,GDX,0.01934015927189981,1,1643,TRAIN,False,26.88,26.88,27.28,26.86,-2.4995000999792008,144.75081174241532,4.9446551493879545
2016-07-06,GDX,0.03013392857142866,1,1643,TRAIN,False,27.69,27.72,27.31,27.66,8.332028068925634,-141.1779760335395,19.187051960540593
2016-07-07,GDX,-0.029581529581529594,-1,1645,TRAIN,False,26.9,26.85,26.9,26.8,16.091508264476307,-4.000800160031137,-21.161881630058716
2016-07-08,GDX,0.03351955307262564,1,1643,TRAIN,False,27.75,27.7,27.41,27.77,-20.51301451421402,-126.47272347332336,-27.70025757181996
2016-07-12,GDX,-0.03567567567567562,-1,1645,TRAIN,False,26.76,26.66,27.29,26.76,34.87805184355274,-202.13683992403742,34.87805184355274
2016-07-13,GDX,0.037134283570892664,1,1643,TRAIN,False,27.65,27.54,26.77,27.57,-42.27255814659897,-322.13593447675737,-13.378173114017267
2016-07-15,GDX,-0.012043795620437895,-1,1645,TRAIN,False,27.07,27.09,27.16,27.11,-9.890600210917436,-37.261238727241974,4.878696137604032
2016-07-20,GDX,-0.05351170568561878,-1,1645,TRAIN,False,25.47,25.38,25.67,25.31,32.84402463531417,-82.55596937997758,-30.164468294687488
2016-07-21,GDX,0.030338849487785643,1,1643,TRAIN,False,26.15,26.18,25.83,26.2,8.969907739293848,-126.32119847541023,-10.13117987089577
2016-07-25,GDX,-0.041379310344827655,-1,1645,TRAIN,False,25.03,25.15,25.58,25.15,-50.45495715203637,-223.825028689316,-2.500500100019651
2016-07-26,GDX,0.032206759443340054,1,1643,TRAIN,False,25.96,25.85,26.27,25.85,-44.86179035379309,115.36752741901427,-2.49950009997916
2016-07-27,GDX,0.044487427466150815,1,1643,TRAIN,True,27.0,27.02,27.14,27.05,4.906055825872546,47.83191509846329,-13.587301024082981
2016-07-29,GDX,0.03151649981460888,1,1643,TRAIN,False,27.82,27.74,27.63,27.71,-31.248602903431777,-72.26807693817119,8.324210293270854
2016-08-01,GDX,0.014419610670511973,1,1643,TRAIN,False,28.14,28.05,28.42,28.05,-34.47444839390292,95.46349436580505,-2.4995000999806685
2016-08-02,GDX,0.016042780748663076,1,1643,TRAIN,False,28.5,28.4,28.22,28.48,-37.57844922243687,-102.20552380751998,-30.58236667273348
2016-08-03,GDX,-0.01267605633802815,-1,1645,TRAIN,False,28.05,28.06,28.23,28.14,-6.066453932498502,-68.19759673859878,25.93589080289423
2016-08-04,GDX,0.0128296507483964,1,1643,TRAIN,False,28.42,28.32,27.52,28.38,-37.67719362531402,-320.5509496271046,-23.635864793214303
2016-08-05,GDX,-0.033192090395480274,-1,1645,TRAIN,False,27.38,27.41,27.39,27.4,-13.46014272248273,-7.654562322252505,-6.151047727795149
2016-08-08,GDX,0.012039401678219566,1,1643,TRAIN,False,27.74,27.66,27.88,27.71,-31.331513077341228,46.4492537685692,-20.53901742206581
2016-08-10,GDX,0.01792114695340502,1,1643,TRAIN,False,28.4,28.38,28.4,28.39,-9.539993409767417,-3.999200159966691,-6.020986714949964
2016-08-17,GDX,-0.02075876879026492,-1,1645,TRAIN,False,27.36,27.54,27.78,27.54,-68.30642444278412,-157.57098788178737,-2.5005001000201763
2016-08-18,GDX,0.011256354393609379,1,1643,TRAIN,False,27.85,27.89,27.33,27.86,11.859567045298459,-190.63907146757373,8.265934752748077
2016-08-19,GDX,-0.02330584438866985,-1,1645,TRAIN,False,27.24,27.17,26.75,27.18,23.20342923210083,175.9536929412317,1.1795957425467505
2016-08-22,GDX,-0.015458225984541836,-1,1645,TRAIN,False,26.75,26.72,26.95,26.75,8.717257470185315,-78.79706782477906,8.717257470185315
2016-08-23,GDX,-0.011227544910179535,-1,1645,TRAIN,False,26.42,26.33,25.95,26.32,31.573120074432104,173.96590597453476,-6.300842235316321
2016-08-24,GDX,-0.06684390429168242,-1,1645,TRAIN,False,24.57,24.46,24.45,24.56,42.28073942016605,44.858788607539154,38.22629346715999
2016-08-30,GDX,-0.055465587044534456,-1,1645,TRAIN,False,23.33,23.49,23.22,23.4,-71.09887472565306,43.1676562487809,-40.97165586963611
2016-08-31,GDX,-0.012771392081736789,-1,1645,TRAIN,False,23.19,23.08,22.99,23.15,44.945599727966226,82.27777508930204,27.744641800929635
2016-09-01,GDX,0.029462738301559935,1,1643,TRAIN,False,23.75,23.96,24.71,23.85,85.89945168861149,400.0496742756726,43.61056509872034
2016-09-02,GDX,0.03547579298831376,1,1643,TRAIN,False,24.81,24.8,25.32,24.81,-6.529125452618577,201.48086464931995,-6.529125452618577
2016-09-06,GDX,0.041129032258064496,1,1643,TRAIN,False,25.83,26.01,25.94,25.88,67.16949293068406,38.56990893730022,47.71978370941135
2016-09-08,GDX,-0.02281515854601701,-1,1645,TRAIN,False,25.27,25.3,24.95,25.28,-14.375253364880505,122.68223332042871,-10.413870748834468
2016-09-09,GDX,-0.05059288537549411,-1,1645,TRAIN,False,24.01,23.95,23.53,23.91,22.495336218431014,195.995883891482,-19.2340852110202
2016-09-12,GDX,0.030897703549060625,1,1643,TRAIN,False,24.68,24.52,24.25,24.69,-67.31311760338366,-178.1596679043452,-71.33607705352408
2016-09-13,GDX,-0.0383360522022839,-1,1645,TRAIN,False,23.58,23.63,23.86,23.52,-23.71021278046974,-122.79300643843723,-49.28090209878752
2016-09-15,GDX,0.011445527766002526,1,1643,TRAIN,False,23.86,23.74,23.43,23.81,-52.780307308195404,-184.14506537083128,-31.891563728414074
2016-09-16,GDX,-0.016006739679865167,-1,1645,TRAIN,False,23.36,23.54,23.91,23.44,-79.57456217270895,-239.54020256105963,-45.17328380351747
2016-09-21,GDX,0.06474820143884898,1,1643,TRAIN,True,25.16,25.3,25.62,25.33,53.13047088515547,178.75757122025607,-14.34020341608623
2016-09-23,GDX,-0.02542709574890745,-1,1645,TRAIN,False,24.54,24.5,24.68,24.42,13.803494195170414,-61.07333936224965,-35.268724506572255
2016-09-27,GDX,-0.02099629477151083,-1,1645,TRAIN,False,23.79,23.87,23.82,23.83,-36.13648328657061,-16.61618578444485,-19.2902617451756
2016-09-28,GDX,0.018852115626309143,1,1643,TRAIN,False,24.32,24.41,24.1,24.34,34.49782905261192,-94.42354950062428,26.252555569413328
2016-10-03,GDX,-0.022499999999999964,-1,1645,TRAIN,False,23.46,23.54,22.76,23.49,-36.609623715023844,294.49879745770136,-23.791476047446146
2016-10-04,GDX,-0.08496176720475786,-1,1645,TRAIN,False,21.54,21.22,21.62,21.42,146.09746461827118,-41.155863484674875,90.8935288458256
2016-10-06,GDX,-0.03367633302151538,-1,1645,TRAIN,False,20.66,20.71,21.37,20.76,-26.707906925044057,-347.7975362739528,21.590300719102892
2016-10-07,GDX,0.012071463061323031,1,1643,TRAIN,False,20.95,20.86,21.01,20.88,-45.448189598357345,24.628964421913544,-12.07565000409874
2016-10-11,GDX,-0.022380952380952328,-1,1645,TRAIN,False,20.53,20.48,20.59,20.52,21.860192788679274,-33.23801633195473,16.99755155709505
2016-10-12,GDX,0.024902343749999903,1,1643,TRAIN,False,20.99,20.92,21.05,21.02,-35.8403783750131,24.57440860565523,-50.0613483392734
2016-10-13,GDX,0.024378585086041966,1,1643,TRAIN,False,21.43,21.3,20.98,21.44,-63.14695996871554,-213.90122348838682,-67.78168620007345
2016-10-14,GDX,-0.021596244131455437,-1,1645,TRAIN,False,20.84,20.85,20.99,20.89,-7.300164447477794,-76.00656407672962,16.652205500936986
2016-10-17,GDX,0.017266187050359684,1,1643,TRAIN,False,21.21,21.17,21.6,21.14,-21.353815045569952,179.80279474515416,11.688059739045908
2016-10-18,GDX,0.03731695795937643,1,1643,TRAIN,False,21.95,21.95,22.35,21.9,-2.4995000999804495,178.16026771866746,20.325843507097375
2016-10-19,GDX,0.026879271070615027,1,1643,TRAIN,False,22.54,22.55,22.54,22.54,1.9359482140860063,-3.9992001599659983,1.9359482140860063
2016-10-24,GDX,-0.023287057769816374,-1,1645,TRAIN,False,21.82,21.85,22.02,21.82,-16.25279226331161,-95.69649951988525,-16.25279226331161
2016-10-25,GDX,0.030663615560640647,1,1643,TRAIN,False,22.51,22.38,22.33,22.42,-60.23717513272132,-83.93168101164427,-20.33625389105936
2016-10-26,GDX,-0.024128686327077712,-1,1645,TRAIN,False,21.84,21.88,22.06,21.88,-20.820098085551432,-104.77370199314444,-2.50050010002116
2016-10-27,GDX,-0.014168190127970692,-1,1645,TRAIN,False,21.58,21.52,21.47,21.51,25.3099739503036,46.99271643021936,-7.150663047532023
2016-10-31,GDX,0.027327466419638714,1,1643,TRAIN,False,22.18,22.24,22.74,22.2,24.545136058451646,248.37953960154798,15.514014314254782
2016-11-01,GDX,0.03327338129496412,1,1643,TRAIN,False,22.98,22.81,23.3,22.88,-76.45838108270395,135.19663343223422,-33.0862586224008
2016-11-02,GDX,-0.018851380973257333,-1,1645,TRAIN,True,22.38,22.45,22.47,22.41,-33.78624786619597,-44.23136638051531,-20.354137761956498
2016-11-03,GDX,0.019153674832962125,1,1643,TRAIN,False,22.88,22.94,22.92,22.89,23.717721490668026,13.476325713878776,19.33863991727758
2016-11-04,GDX,-0.010026155187445528,-1,1645,TRAIN,False,22.71,22.74,21.96,22.75,-15.713842900681321,326.3823174146058,1.8962034165073844
2016-11-07,GDX,-0.03693931398416886,-1,1645,TRAIN,False,21.9,21.84,21.94,21.86,24.90361085915546,-22.272947740234166,6.650918472805315
2016-11-09,GDX,0.021159153633854687,1,1643,TRAIN,False,22.2,22.3,22.07,22.21,42.53428593560742,-62.5343399788504,38.01265861190673
2016-11-10,GDX,-0.07354260089686102,-1,1645,TRAIN,False,20.67,20.63,20.63,20.58,16.856056262050075,15.3586595403274,-26.802007631848966
2016-11-11,GDX,-0.08191953465826456,-1,1645,TRAIN,False,18.94,18.97,18.6,18.99,-18.34395390165734,175.58527545002056,8.033992264485798
2016-11-14,GDX,0.018450184501845095,1,1643,TRAIN,False,19.34,19.16,19.25,19.23,-95.54759161921547,-50.51626696377395,-38.8918576139168
2016-11-15,GDX,0.03705636743215036,1,1643,TRAIN,False,19.87,19.96,19.86,20.0,42.78359224984455,-9.029900109561387,-22.494501099778095
2016-11-16,GDX,-0.013527054108216412,-1,1645,TRAIN,False,19.7,19.79,19.78,19.81,-48.19720289235653,-44.62618412007308,7.597935538646805
2016-11-17,GDX,-0.037392622536634584,-1,1645,TRAIN,False,19.04,19.32,19.09,19.11,-149.59609568972738,-30.271810664653447,-112.41808801320819
2016-11-18,GDX,-0.01086956521739135,-1,1645,TRAIN,False,19.12,19.12,19.44,19.1,-2.5005001000201235,-171.431775894927,-12.974322613215207
2016-11-21,GDX,0.019874476987447647,1,1643,TRAIN,False,19.5,19.48,19.54,19.47,-12.753346766542567,16.505416865345907,2.635322961089983
2016-11-23,GDX,-0.05473145780051152,-1,1645,TRAIN,False,18.48,18.58,18.77,18.52,-56.62658505727045,-160.98999020583216,-34.906009279610025
2016-11-28,GDX,0.0368983957219252,1,1643,TRAIN,False,19.39,19.41,18.94,19.41,7.8125169189979475,-235.9847782893136,-2.4995000999809953
2016-11-30,GDX,-0.022857142857142923,-1,1645,TRAIN,False,18.82,18.89,18.67,18.82,-39.70427454247672,75.73353140341158,-39.70427454247672
2016-12-02,GDX,0.03361792956243344,1,1643,TRAIN,False,19.37,19.37,19.04,19.37,-2.499500099979359,-174.29761337355706,-2.499500099979359
2016-12-07,GDX,0.010400416016640629,1,1643,TRAIN,False,19.43,19.44,19.36,19.42,2.645893878353957,-40.011555074471126,7.7965869236036305
2016-12-09,GDX,-0.04110996916752316,-1,1645,TRAIN,False,18.66,18.74,18.95,18.74,-45.38367480569967,-159.47562502854117,-2.500500100019201
2016-12-13,GDX,0.01435406698564591,1,1643,TRAIN,False,19.07,19.07,19.35,19.07,-2.4995000999799064,142.76955830648427,-2.4995000999799064
2016-12-14,GDX,-0.03093864708966963,-1,1645,TRAIN,True,18.47,18.04,17.51,18.19,230.36767613403393,515.9689219923015,79.98301144560958
2016-12-15,GDX,-0.050443458980044355,-1,1645,TRAIN,False,17.12,17.3,17.47,17.18,-107.6669773206976,-208.5218445558251,-72.36662699245475
2016-12-23,GDX,0.014994232987312662,1,1643,TRAIN,False,17.6,17.59,17.89,17.63,-8.179898111286649,160.7076312010325,-25.182428063451333
2016-12-27,GDX,0.024445707788516187,1,1643,TRAIN,False,18.03,18.07,17.96,18.03,19.680201508227523,-42.807855511539266,19.680201508227523
2016-12-28,GDX,0.017708909795240747,1,1643,TRAIN,False,18.4,18.41,18.62,18.39,2.933924084749837,115.51820070768721,8.373257376800552
2016-12-29,GDX,0.05812058663769692,1,1643,TRAIN,False,19.48,19.85,19.82,19.52,187.39142315274168,170.468986284878,166.51562105611893
2016-12-30,GDX,-0.03727959697733007,-1,1645,TRAIN,False,19.11,18.97,19.16,19.09,70.77789184210347,-30.175579856944402,60.37535427462583
2017-01-03,GDX,0.034264628360569434,1,1643,TRAIN,False,19.62,19.77,20.01,19.63,73.93398996041897,194.69806344541638,68.80208268076512
2017-01-05,GDX,0.05817452357071214,1,1643,TRAIN,False,21.1,21.1,20.63,21.19,-2.4995000999804913,-226.6589336161213,-44.96174856581379
2017-01-06,GDX,-0.037440758293838985,-1,1645,TRAIN,False,20.3,20.36,20.85,20.21,-32.06454098701501,-275.0451568146133,-76.73974181278554
2017-01-17,GDX,0.029013539651837592,1,1643,TRAIN,False,21.28,21.25,21.22,21.32,-16.593720729537797,-32.183412941471964,-35.3243141240416
2017-01-18,GDX,-0.024470588235294098,-1,1645,TRAIN,False,20.73,20.93,20.69,20.71,-99.00315808458313,15.302626371873222,-108.75593757090287
2017-01-20,GDX,0.012993262752646754,1,1643,TRAIN,False,21.05,21.03,21.25,20.97,-11.998312926487936,90.97467917342888,26.105651544943722
2017-01-23,GDX,0.029006181645268636,1,1643,TRAIN,False,21.64,21.66,21.6,21.59,6.740334003438359,-22.476096277971774,29.914813702382816
2017-01-25,GDX,-0.01522842639593917,-1,1645,TRAIN,False,21.33,21.35,20.85,21.29,-11.879309757875474,221.12439365510107,-30.68979225624538
2017-01-26,GDX,-0.02435597189695565,-1,1645,TRAIN,False,20.83,20.8,20.81,20.85,11.905405565028719,5.604577468542577,21.48631165081889
2017-01-27,GDX,0.013942307692307651,1,1643,TRAIN,False,21.09,21.12,21.22,21.1,11.72169549020717,57.61673649148835,6.976803691394928
2017-01-31,GDX,0.029928741092636532,1,1643,TRAIN,False,21.68,21.76,21.43,21.68,34.39164565611046,-119.26673705849193,34.39164565611046
2017-02-02,GDX,0.01657458563535909,1,1643,TRAIN,False,22.08,22.18,22.17,22.13,42.779034772756845,36.74536831764286,20.088616709555705
2017-02-06,GDX,0.03231597845601431,1,1643,TRAIN,False,22.99,23.1,22.86,23.03,45.33543052155312,-60.522910641880536,27.88803941339418
2017-02-09,GDX,-0.02321582115219272,-1,1645,TRAIN,False,22.72,22.66,22.44,22.74,23.914554037566568,119.2879420954613,32.68859576664479
2017-02-10,GDX,0.012797881729920527,1,1643,TRAIN,False,22.95,23.01,22.74,22.97,23.637756108909187,-95.46587414543276,14.910165550695016
2017-02-16,GDX,0.011899515204936076,1,1643,TRAIN,False,22.97,22.94,23.0,22.95,-15.556749337985265,9.05609039271829,-6.855709468127243
2017-02-17,GDX,-0.017872711421098524,-1,1645,TRAIN,False,22.52,22.55,22.26,22.55,-15.825323146336407,111.49832097858148,-2.5005001000210703
2017-02-22,GDX,-0.013839285714285658,-1,1645,TRAIN,False,22.1,22.13,22.49,22.14,-16.07855507753115,-180.541990751089,2.0173411376035175
2017-02-27,GDX,-0.041913439635535225,-1,1645,TRAIN,False,21.03,20.77,21.14,20.81,121.16331968248053,-56.32795603343236,16.725834354758877
2017-03-02,GDX,-0.04445506692160627,-1,1645,TRAIN,False,20.0,19.95,19.76,19.91,22.505751150231294,116.0472094418896,-22.595930537187385
2017-03-03,GDX,0.013533834586466145,1,1643,TRAIN,False,20.22,20.18,20.1,20.27,-22.276949160118196,-63.32264704329085,-46.88899417945699
2017-03-06,GDX,-0.03072348860257686,-1,1645,TRAIN,False,19.55,19.68,19.44,19.55,-69.01329114927985,52.28769539073971,-69.01329114927985
2017-03-10,GDX,0.03116883116883124,1,1643,TRAIN,False,19.84,19.76,19.91,19.81,-42.81200211570501,31.26894782333819,-27.732969307195862
2017-03-14,GDX,-0.029970029970029864,-1,1645,TRAIN,False,19.43,19.44,19.62,19.34,-7.648467418651131,-101.82685018732872,-54.21973743249319
2017-03-15,GDX,0.07355967078189299,1,1643,TRAIN,True,20.87,20.9,21.24,20.89,11.871607470550584,173.21787199819164,2.2862828104542543
2017-03-21,GDX,0.022094140249759888,1,1643,TRAIN,False,21.28,21.15,21.29,21.29,-63.574456161398714,0.6981686369492437,-68.24163584380298
2017-03-23,GDX,-0.011820330969267141,-1,1645,TRAIN,False,20.9,20.94,20.87,20.9,-21.64404172700766,10.359009600963494,-21.64404172700766
2017-03-27,GDX,0.0196642685851319,1,1643,TRAIN,False,21.26,21.31,21.24,21.25,21.012965798184126,-13.402775700741614,25.728736605620274
2017-03-28,GDX,-0.0309713749413421,-1,1645,TRAIN,False,20.64,20.75,20.68,20.7,-55.80840005210335,-23.388398609952652,-26.661129327316075
2017-03-30,GDX,-0.01583493282149704,-1,1645,TRAIN,False,20.51,20.53,20.6,20.57,-12.25427923224869,-47.899389726799484,16.950157168038395
2017-03-31,GDX,0.014612761811982325,1,1643,TRAIN,False,20.83,20.75,20.77,20.81,-40.89604546685244,-32.792289357777214,-31.324585635491125
2017-04-03,GDX,0.012530120481927786,1,1643,TRAIN,False,21.01,21.1,21.23,21.05,40.326537262751906,100.67096528338362,21.247531966290495
2017-04-11,GDX,0.02696420269642019,1,1643,TRAIN,False,22.08,22.16,22.16,22.12,33.72332779821038,32.21819404235321,15.579162648483136
2017-04-19,GDX,-0.03579519710013589,-1,1645,TRAIN,False,21.28,21.27,21.35,21.3,2.199923067321524,-36.908697528977854,11.587528773361134
2017-04-24,GDX,-0.013041453190498258,-1,1645,TRAIN,False,21.19,21.1,20.84,21.22,39.98298479894095,161.23753301863798,54.064064462278225
2017-04-25,GDX,-0.04502369668246459,-1,1645,TRAIN,False,20.16,20.21,20.18,20.18,-27.308289038761394,-13.925404128443514,-17.370421557058453
2017-04-27,GDX,-0.016312407315867614,-1,1645,TRAIN,False,19.9,19.83,19.99,19.86,32.68417502596016,-49.2450248843727,12.609017271731688
2017-04-28,GDX,0.021684316691881155,1,1643,TRAIN,False,20.26,20.24,20.04,20.29,-12.368700988331662,-112.54412493611804,-27.136021785293323
2017-05-01,GDX,-0.02420948616600783,-1,1645,TRAIN,False,19.76,19.72,19.66,19.77,17.747476620831996,46.626734253735506,22.796668590166913
2017-05-04,GDX,-0.021472392638036717,-1,1645,TRAIN,False,19.14,19.19,19.25,19.13,-28.630334217313557,-61.49505763221502,-33.8726919456044
2017-05-05,GDX,0.02657634184471068,1,1643,TRAIN,False,19.7,19.6,19.63,19.69,-53.24823360200871,-39.51798472792762,-48.196556727250936
2017-05-10,GDX,0.020950434338272872,1,1643,TRAIN,False,19.99,19.95,20.05,19.97,-22.50450360153025,26.003803741503845,-12.512019378797614
2017-05-11,GDX,0.02305764411027573,1,1643,TRAIN,False,20.42,20.35,20.65,20.42,-36.77104931609115,108.59042687055049,-36.77104931609115
2017-05-12,GDX,0.01621621621621613,1,1643,TRAIN,False,20.67,20.67,21.04,20.7,-2.4995000999794623,174.93259935337483,-16.988631259253236
2017-05-17,GDX,0.014367816091954057,1,1643,TRAIN,False,21.18,21.25,21.02,21.22,30.542286254742322,-79.51195407754938,11.634572237296878
2017-05-18,GDX,-0.025882352941176506,-1,1645,TRAIN,False,20.7,20.62,20.89,20.71,36.156506663650404,-95.82496209386827,40.967633410796424
2017-05-19,GDX,0.01212415130940834,1,1643,TRAIN,False,20.87,20.8,20.98,20.84,-36.03208443122061,48.6869564275933,-21.68856056044012
2017-05-22,GDX,0.016826923076922976,1,1643,TRAIN,False,21.15,21.06,21.15,21.11,-45.042055418702766,-3.999200159967755,-26.179037049055463
2017-05-23,GDX,-0.019943019943019856,-1,1645,TRAIN,False,20.64,20.57,20.53,20.63,31.422708960396,49.31509557725563,26.590630777631745
2017-05-24,GDX,0.011667476908118543,1,1643,TRAIN,False,20.81,20.9,20.66,20.85,40.73812820328662,-76.0511040511734,21.475321242704652
2017-05-30,GDX,-0.011505273250239619,-1,1645,TRAIN,False,20.62,20.55,20.63,20.6,31.455612169958986,-8.852400936054487,21.777413735173013
2017-05-31,GDX,0.010705596107055905,1,1643,TRAIN,False,20.78,20.64,20.46,20.73,-69.85513388178833,-157.93184000350968,-45.903988522120514
2017-06-06,GDX,0.04352030947775622,1,1643,TRAIN,False,21.58,21.66,21.44,21.59,34.56259628519211,-68.84813954725057,29.914813702382816
2017-06-07,GDX,-0.014773776546629746,-1,1645,TRAIN,False,21.35,21.51,21.28,21.43,-77.46069120147251,28.799202463445393,-39.84067928844974
2017-06-08,GDX,-0.018596001859600284,-1,1645,TRAIN,False,21.12,21.12,20.77,21.11,-2.5005001000212426,161.78519794868112,-7.238776035643947
2017-06-09,GDX,-0.011363636363636458,-1,1645,TRAIN,False,20.88,20.76,20.69,20.82,54.985134958023785,87.03177417092404,26.325149756175115
2017-06-14,GDX,-0.031115366203925424,-1,1645,TRAIN,True,20.24,20.21,20.01,20.22,12.325340562180378,109.6810271145119,2.4463349643195187
2017-06-21,GDX,0.01260716086737267,1,1643,TRAIN,False,20.08,20.11,20.33,20.09,12.437004630946108,120.45300103326042,7.453213190114345
2017-06-22,GDX,0.014420686225758287,1,1643,TRAIN,False,20.4,20.36,20.63,20.39,-22.102442256644686,108.70080885783761,-17.20891721606603
2017-06-23,GDX,0.015717092337917498,1,1643,TRAIN,False,20.68,20.69,20.41,20.69,2.3348811862400978,-134.50791466464878,-2.49950009998023
2017-06-29,GDX,-0.019607843137254832,-1,1645,TRAIN,False,20.0,19.97,19.9,20.01,12.503250650130974,46.01920384077069,17.49450339843151
2017-07-05,GDX,0.01124744376278131,1,1643,TRAIN,False,19.79,19.79,19.72,19.79,-2.499500099980057,-39.35645412605286,-2.499500099980057
2017-07-07,GDX,-0.017911975435005008,-1,1645,TRAIN,False,19.19,19.29,19.13,19.19,-54.62400452993054,27.277993378771598,-54.62400452993054
2017-07-10,GDX,0.017625712804561943,1,1643,TRAIN,False,19.63,19.56,19.57,19.68,-38.150291490352,-34.55243744933988,-63.45986900180961
2017-07-12,GDX,0.010659898477157405,1,1643,TRAIN,False,19.91,19.77,19.8,19.9,-72.79834841670512,-59.22572391598994,-67.80980487319412
2017-07-14,GDX,0.019447287615148544,1,1643,TRAIN,False,19.92,19.85,20.05,19.95,-37.63127896508962,61.23574481890717,-52.61228456062917
2017-07-18,GDX,0.010005002501250769,1,1643,TRAIN,False,20.19,20.15,20.15,20.2,-22.306336157238125,-23.803065043258915,-27.245788466069452
2017-07-24,GDX,-0.01716527709661606,-1,1645,TRAIN,False,20.04,20.06,20.1,20.03,-12.483035529261155,-33.95289836410483,-17.48177893192155
2017-07-26,GDX,0.02564102564102562,1,1643,TRAIN,True,20.8,20.78,20.9,20.82,-12.112481349882467,44.05849599310953,-21.706993855790426
2017-07-27,GDX,-0.01058710298363823,-1,1645,TRAIN,False,20.56,20.55,20.63,20.55,2.3645293260967066,-38.06111416835844,-2.5005001000217413
2017-07-28,GDX,0.011192214111922161,1,1643,TRAIN,False,20.78,20.84,20.81,20.8,26.367200092225172,10.431984825363333,16.72646239982874
2017-08-04,GDX,-0.018886198547215353,-1,1645,TRAIN,False,20.26,20.3,20.22,20.27,-22.24877354542948,15.75043537829203,-17.304398225478135
2017-08-09,GDX,0.01630434782608705,1,1643,TRAIN,False,20.57,20.54,20.93,20.55,-17.08020087766743,170.94296259853397,-7.364463846891372
2017-08-10,GDX,0.01801363193768262,1,1643,TRAIN,False,20.91,20.99,21.01,20.97,35.750143132539236,43.80568171396898,7.035550448327468
2017-08-14,GDX,-0.010456273764258502,-1,1645,TRAIN,False,20.82,20.77,20.42,20.79,21.520874780142304,188.1990230899207,7.121915003489275
2017-08-15,GDX,-0.012518054886855947,-1,1645,TRAIN,False,20.51,20.52,20.47,20.54,-7.377389666134444,15.509684091866937,7.2390330062107
2017-08-16,GDX,0.0233918128654971,1,1643,TRAIN,False,21.0,20.99,21.06,20.96,-7.260214623743359,24.560802125288685,11.809899470486265
2017-08-21,GDX,0.013908872901678615,1,1643,TRAIN,False,21.14,21.2,21.1,21.16,25.87561957807045,-22.913108958151838,16.399366629510563
2017-08-28,GDX,0.031470173790512056,1,1643,TRAIN,False,21.96,22.06,22.37,21.97,43.02645846058387,182.62923007384066,38.45521291736262
2017-08-31,GDX,0.020018198362147466,1,1643,TRAIN,False,22.42,22.5,22.59,22.47,33.17400748217979,71.79563195300248,10.848297630194372
2017-09-05,GDX,0.01861702127659582,1,1643,TRAIN,False,22.98,23.03,22.91,22.97,19.2531119537635,-34.448288758261775,23.614998376033345
2017-09-06,GDX,-0.013894919669995669,-1,1645,TRAIN,False,22.71,22.69,22.92,22.68,6.3083951004186565,-96.50807308093182,-6.910773689130402
2017-09-07,GDX,0.02247686205376809,1,1643,TRAIN,False,23.2,23.18,23.12,23.21,-11.11803501368659,-38.46816843527694,-15.421732542764543
2017-09-11,GDX,-0.029616724738675944,-1,1645,TRAIN,False,22.28,22.34,22.23,22.3,-29.437215988979013,18.449830001907756,-20.442205032933927
2017-09-13,GDX,-0.020944741532976933,-1,1645,TRAIN,False,21.98,22.01,21.96,22.01,-16.152684586054725,5.102021314181146,-2.500500100020997
2017-09-18,GDX,-0.018687329079307206,-1,1645,TRAIN,False,21.54,21.56,21.61,21.54,-11.787872894913718,-36.51148056909287,-11.787872894913718
2017-09-20,GDX,-0.019833948339483383,-1,1645,TRAIN,True,21.25,21.35,21.01,21.29,-49.5710906887268,108.98556181824604,-30.68979225624538
2017-09-25,GDX,0.013602251407129416,1,1643,TRAIN,False,21.61,21.67,21.35,21.69,25.258483703538737,-124.26575305022043,-11.718034447513544
2017-09-26,GDX,-0.022611905860636914,-1,1645,TRAIN,False,21.18,21.24,21.0,21.19,-30.836195567724747,81.01903666852354,-26.10243615499835
2017-09-27,GDX,-0.013653483992467004,-1,1645,TRAIN,False,20.95,20.91,20.98,20.95,16.59735288346181,-18.32633829868728,16.59735288346181
2017-10-06,GDX,0.012310606060605966,1,1643,TRAIN,False,21.38,21.45,21.52,21.4,30.23319564337838,61.45637102701,20.85914592782542
2017-10-16,GDX,-0.019372693726937184,-1,1645,TRAIN,False,21.26,21.34,21.19,21.25,-40.139260213285326,28.93805477934646,-44.86403162985605
2017-10-26,GDX,-0.020712909441233298,-1,1645,TRAIN,False,20.33,20.38,20.35,20.32,-27.10084564871746,-13.842414326446175,-32.03544252157584
2017-11-06,GDX,0.021078431372549007,1,1643,TRAIN,False,20.83,20.84,20.75,20.84,2.3000680708819634,-42.38998575704706,-2.4995000999791213
2017-11-10,GDX,-0.010120481927710884,-1,1645,TRAIN,False,20.54,20.48,20.54,20.51,26.718099218674812,-4.0008001600307095,12.130168598322543
2017-11-17,GDX,0.011192214111922161,1,1643,TRAIN,False,20.78,20.73,20.58,20.79,-26.555083593483623,-100.20710006218242,-31.35231539550699
2017-11-20,GDX,-0.010612638687891888,-1,1645,TRAIN,False,20.51,20.5,20.54,20.51,2.3763894660940497,-18.63366334895251,2.3763894660940497
2017-11-22,GDX,0.010648596321393942,1,1643,TRAIN,False,20.88,20.85,20.89,20.87,-16.86372495615779,0.7881565449366662,-12.080238480334161
2017-11-29,GDX,-0.018225419664268706,-1,1645,TRAIN,False,20.47,20.46,20.35,20.48,2.385919294262357,54.645027686534014,7.267566794606715
2017-12-04,GDX,-0.012713936430317752,-1,1645,TRAIN,False,20.19,20.19,20.02,20.19,-2.5005001000217004,80.23298567588805,-2.5005001000217004
2017-12-05,GDX,-0.012877662209014441,-1,1645,TRAIN,False,19.93,19.98,19.84,19.92,-27.594580632135266,41.175319860760055,-32.62851365453892
2017-12-06,GDX,-0.01201201201201211,-1,1645,TRAIN,False,19.74,19.73,19.5,19.71,2.5666227470385197,117.62838889966407,-12.650170825642277
2017-12-07,GDX,-0.010643689812468365,-1,1645,TRAIN,False,19.53,19.63,19.65,19.58,-53.71658048967716,-65.46931506116815,-28.043146933780378
2017-12-13,GDX,0.03388090349075976,1,1643,TRAIN,True,20.14,20.15,20.08,20.15,2.464502134329746,-33.77874574042512,-2.499500099980128
2017-12-18,GDX,0.014000000000000058,1,1643,TRAIN,False,20.28,20.32,20.32,20.3,17.21943579725906,15.716777748987194,7.3502540871139095
2017-12-20,GDX,0.01823558403154268,1,1643,TRAIN,False,20.66,20.63,20.56,20.7,-17.016683788121107,-52.38255349898032,-36.307472804955786
2017-12-22,GDX,0.010602409638554163,1,1643,TRAIN,False,20.97,20.99,21.06,20.97,7.035550448327468,38.902090826471145,7.035550448327468
2017-12-26,GDX,0.012863268222963466,1,1643,TRAIN,False,21.26,21.27,21.33,21.28,2.2029930796513346,28.913314232729405,-7.19757364316628
2018-01-02,GDX,0.02064758329422812,1,1643,TRAIN,False,21.76,21.84,21.8,21.79,34.25601644376897,14.37580131032616,20.4410701154863
2018-01-08,GDX,-0.012442396313364036,-1,1645,TRAIN,False,21.43,21.47,21.26,21.44,-21.170589694235417,75.35898220241187,-16.496536247548242
2018-01-09,GDX,-0.012575687005123409,-1,1645,TRAIN,False,21.2,21.19,21.4,21.24,2.2176605132323113,-98.37816619927592,21.0458758418317
2018-01-12,GDX,0.02565298507462673,1,1643,TRAIN,False,21.99,22.01,22.04,21.98,6.593269795338365,18.729314619115467,11.14585999997524
2018-01-16,GDX,0.01726487960018169,1,1643,TRAIN,False,22.39,22.34,22.2,22.36,-24.82531631235177,-88.82457541542118,-11.441808239425498
2018-01-17,GDX,-0.015219337511190683,-1,1645,TRAIN,False,22.01,21.95,21.98,21.96,24.76665255813526,9.634821103249447,2.0543726231578416
2018-01-18,GDX,-0.014578587699316642,-1,1645,TRAIN,False,21.63,21.65,21.8,21.61,-11.749229180094481,-82.62678888066056,-21.015077610617016
2018-01-23,GDX,0.015639374425022994,1,1643,TRAIN,False,22.09,22.1,22.47,22.14,2.0263036573316375,167.95554424651363,-20.56183162644749
2018-01-24,GDX,0.025791855203619922,1,1643,TRAIN,False,22.67,22.55,22.68,22.64,-55.41966154629667,0.4101517587970361,-42.2422141013491
2018-01-25,GDX,-0.019955654101995533,-1,1645,TRAIN,False,22.1,22.12,22.28,22.14,-11.552536751695506,-85.48134966359808,6.535182375226268
2018-01-29,GDX,-0.02912186379928309,-1,1645,TRAIN,False,21.67,21.71,21.82,21.66,-20.963814359549932,-73.24861372828214,-25.59029811502503
2018-01-31,GDX,0.013953488372093056,1,1643,TRAIN,True,21.8,21.77,21.61,21.81,-16.2575283108521,-91.12030804848115,-20.835126876505107
2018-02-02,GDX,-0.0317533364012886,-1,1645,TRAIN,False,21.03,21.0,21.09,20.98,11.768402182575517,-32.542885181885026,-12.035772264082352
2018-02-06,GDX,-0.02785782901056685,-1,1645,TRAIN,False,20.24,20.27,20.16,20.33,-17.326340762225936,35.54070497893979,27.019914558414847
2018-02-07,GDX,-0.01332017760236801,-1,1645,TRAIN,False,20.0,19.99,19.99,19.98,2.5007501500306537,1.00120024005026,-7.506756606577207
2018-02-09,GDX,-0.02816901408450698,-1,1645,TRAIN,False,19.32,19.88,19.78,19.44,-292.42805082755734,-242.19129540193737,-228.89454434096683
2018-02-12,GDX,0.020623742454728377,1,1643,TRAIN,False,20.29,20.14,20.16,20.23,-76.40906515591927,-68.04454781788752,-46.97676381678685
2018-02-14,GDX,0.05104063429137766,1,1643,TRAIN,False,21.2,21.1,21.15,21.15,-49.65752132592262,-27.57467374449629,-26.134253054825354
2018-02-16,GDX,-0.02417061611374415,-1,1645,TRAIN,False,20.59,20.64,20.37,20.55,-26.790205054124538,102.88993204177567,-46.30707163330609
2018-02-20,GDX,-0.02858527131782945,-1,1645,TRAIN,False,20.06,20.06,20.23,20.04,-2.5005001000201106,-88.78046795799841,-12.483035529261155
2018-02-27,GDX,-0.03244837758112095,-1,1645,TRAIN,False,19.68,19.7,19.75,19.69,-12.665642884675835,-39.58413633946274,-7.580490196566267
2018-03-06,GDX,0.021673387096774178,1,1643,TRAIN,False,20.27,20.19,20.15,20.27,-41.9568281706248,-63.1763139232051,-41.9568281706248
2018-03-07,GDX,-0.019811788013868355,-1,1645,TRAIN,False,19.79,19.79,19.85,19.8,-2.5005001000218527,-34.33127252029587,2.551267829323139
2018-03-15,GDX,-0.012048192771084437,-1,1645,TRAIN,False,19.68,19.67,19.66,19.68,2.5820712923045552,6.165867319806005,2.5820712923045552
2018-03-20,GDX,-0.0106490872210952,-1,1645,TRAIN,False,19.51,19.5,19.71,19.49,2.6263581778380782,-106.5533455230246,-7.632619392016663
2018-03-21,GDX,0.030256410256410248,1,1643,TRAIN,True,20.09,20.04,19.93,20.16,-27.381283325215975,-83.6089626275839,-62.00843164700365
2018-03-22,GDX,-0.010978043912175592,-1,1645,TRAIN,False,19.82,19.71,20.23,19.82,53.012873008505466,-210.9453172168232,53.012873008505466
2018-03-23,GDX,0.035007610350075984,1,1643,TRAIN,False,20.4,20.28,20.45,20.41,-61.30832656997874,20.500801800426423,-66.17784723310153
2018-03-26,GDX,0.014792899408283882,1,1643,TRAIN,False,20.58,20.57,20.26,20.56,-7.357372063001451,-159.4277840253108,2.3630974194276004
2018-03-27,GDX,-0.014584346135148309,-1,1645,TRAIN,False,20.26,20.19,20.05,20.25,32.0589784294471,99.6931864161588,27.136538418793474
2018-03-28,GDX,-0.015849430411094614,-1,1645,TRAIN,False,19.87,19.86,19.84,19.84,2.533470961933178,11.103378199545919,-12.5836659267343
2018-03-29,GDX,0.011077542799597124,1,1643,TRAIN,False,20.08,20.15,20.34,20.11,32.352344272181526,125.43108908098927,17.38612993462969
2018-04-02,GDX,0.011910669975186203,1,1643,TRAIN,False,20.39,20.38,20.2,20.37,-7.4026391386758466,-97.14486725018944,2.4084530172999905
2018-04-03,GDX,-0.013248282630029421,-1,1645,TRAIN,False,20.11,20.09,20.33,20.11,7.4472875679064074,-113.44287753622135,7.4472875679064074
2018-04-10,GDX,0.013888888888888945,1,1643,TRAIN,False,20.44,20.41,20.6,20.45,-17.17293527595839,74.24738144347666,-22.054513302716614
2018-04-11,GDX,0.02498775110240086,1,1643,TRAIN,False,20.92,20.86,20.66,20.89,-31.173019698163685,-128.23247969908823,-16.856848831286854
2018-04-13,GDX,0.01990291262135923,1,1643,TRAIN,False,21.0,20.99,21.07,21.03,-7.260214623743359,29.32080250616465,-21.515192919572634
2018-04-20,GDX,-0.015610217596972651,-1,1645,TRAIN,False,20.82,20.82,20.63,20.82,-2.500500100020065,87.29411588369666,-2.500500100020065
2018-04-23,GDX,-0.011047070124879944,-1,1645,TRAIN,False,20.59,20.55,20.67,20.59,16.931263863262217,-42.870157324325795,16.931263863262217
2018-04-24,GDX,0.0121654501216545,1,1643,TRAIN,False,20.8,20.81,20.56,20.8,2.3069905249722815,-119.33767092735302,2.3069905249722815
2018-04-30,GDX,-0.018714011516314806,-1,1645,TRAIN,False,20.45,20.43,20.3,20.41,7.281896477093883,69.37817881424773,-12.302068448968441
2018-05-10,GDX,0.013493975903614513,1,1643,TRAIN,False,21.03,21.05,21.09,21.04,7.008346309815316,24.52006032459734,2.25216363571535
2018-05-15,GDX,-0.0234674329501915,-1,1645,TRAIN,False,20.39,20.41,20.37,20.39,-12.31168254249287,5.811853886226252,-12.31168254249287
2018-05-24,GDX,0.013671875000000056,1,1643,TRAIN,False,20.76,20.77,20.64,20.73,2.316251585904785,-61.77955160413011,16.791383643194447
2018-05-25,GDX,-0.016851227732306108,-1,1645,TRAIN,False,20.42,20.44,20.28,20.43,-12.297268464467113,64.58686448357408,-7.3964866394742526
2018-05-30,GDX,0.01280157557853282,1,1643,TRAIN,False,20.57,20.55,20.51,20.56,-12.219967285104062,-33.15622728638502,-7.362097619384942
2018-06-15,GDX,-0.019730510105871034,-1,1645,TRAIN,False,20.37,20.38,20.34,20.36,-7.410907807482087,10.73263253534443,-12.326139098155243
2018-06-22,GDX,0.013439522150323523,1,1643,TRAIN,False,20.36,20.34,20.24,20.35,-12.320227506562171,-62.914725502837875,-7.4122767584081135
2018-06-25,GDX,-0.010324483775811251,-1,1645,TRAIN,False,20.13,20.18,20.06,20.16,-27.3452604082683,30.787081410321402,-12.42361567551687
2018-06-29,GDX,0.017404276479363573,1,1643,TRAIN,False,20.46,20.45,20.28,20.45,-7.385863980675422,-91.94055617028998,-2.499500099979607
2018-07-05,GDX,0.010194174757281422,1,1643,TRAIN,False,20.81,20.8,20.82,20.8,-7.303681022564639,0.80426009944637,-2.499500099979302
2018-07-11,GDX,-0.027509652509652524,-1,1645,TRAIN,False,20.15,20.17,20.29,20.16,-12.428540298632633,-73.50750547131825,-7.4620578877686965
2018-07-19,GDX,-0.010978043912175592,-1,1645,TRAIN,False,19.82,19.79,19.97,19.8,12.639510747759248,-79.71220883934463,2.551267829323139
2018-07-23,GDX,-0.019028542814221283,-1,1645,TRAIN,False,19.59,19.56,19.67,19.56,12.817264831219896,-44.85430010963989,-2.500500100021625
2018-07-24,GDX,0.010736196319018449,1,1643,TRAIN,False,19.77,19.82,19.9,19.76,22.785023167344985,61.73069887792812,27.857282794453997
2018-07-26,GDX,-0.018009004502251097,-1,1645,TRAIN,False,19.63,19.61,19.59,19.61,7.690534540937216,16.384326279418143,-2.5005001000200204
2018-08-03,GDX,0.01041666666666663,1,1643,TRAIN,False,19.4,19.4,19.27,19.37,-2.4995000999787567,-70.98271067435908,12.984496544159969
2018-08-06,GDX,-0.011340206185566953,-1,1645,TRAIN,False,19.17,19.16,19.32,19.16,2.717288371602154,-82.2793666714563,-2.5005001000199254
2018-08-07,GDX,-0.010960334029227602,-1,1645,TRAIN,False,18.95,18.94,18.96,18.94,2.777864279977789,-9.279956255103725,-2.500500100021962
2018-08-13,GDX,-0.028116710875331623,-1,1645,TRAIN,False,18.33,18.32,18.35,18.32,2.9564014275824397,-14.916240203851903,-2.500500100022323
2018-08-15,GDX,-0.062327633756205134,-1,1645,TRAIN,False,17.0,17.05,17.24,16.98,-31.91961921796152,-145.23375263287738,-43.73577895791142
2018-08-16,GDX,-0.017008797653958893,-1,1645,TRAIN,False,16.76,16.65,16.86,16.7,63.148369530709274,-63.690542404421365,27.447106187705483
2018-08-17,GDX,0.028228228228228375,1,1643,TRAIN,False,17.11,17.16,17.25,17.22,26.715872488856593,77.79157201873433,-37.33399661530985
2018-08-23,GDX,-0.033772180881511155,-1,1645,TRAIN,False,16.88,16.92,17.15,16.87,-26.203107920165117,-164.01740063652363,-32.14632256623487
2018-08-24,GDX,0.028959810874704395,1,1643,TRAIN,False,17.41,17.37,17.47,17.39,-25.46905897395859,30.449969741836025,-13.997488023959352
2018-08-27,GDX,0.017271157167530263,1,1643,TRAIN,False,17.66,17.68,17.79,17.66,8.822697521651097,69.58404468596709,8.822697521651097
2018-08-28,GDX,-0.01923076923076922,-1,1645,TRAIN,False,17.34,17.35,17.42,17.36,-8.268954829028889,-50.1553597916816,3.261308943815045
2018-08-30,GDX,-0.018401380103507777,-1,1645,TRAIN,False,17.07,17.14,17.15,17.14,-43.51836975479635,-50.88539676300562,-2.500500100021743
2018-09-04,GDX,-0.029982363315696738,-1,1645,TRAIN,False,16.5,16.52,16.64,16.52,-14.624743130443653,-88.88323119169273,-2.500500100019984
2018-09-10,GDX,-0.015863331299573007,-1,1645,TRAIN,False,16.13,16.15,15.99,16.13,-14.90285657875409,82.82871701432751,-14.90285657875409
2018-09-12,GDX,0.03476101800124161,1,1643,TRAIN,False,16.67,16.6,16.86,16.64,-44.48060597838421,109.93242263364968,-26.531953224739354
2018-09-17,GDX,0.02063106796116504,1,1643,TRAIN,False,16.82,16.8,16.78,16.83,-14.387134463714274,-27.77090241880312,-20.320356606039173
2018-09-19,GDX,0.018934911242603568,1,1643,TRAIN,False,17.22,17.19,17.36,17.18,-19.91674835764351,77.26909902572551,3.319766780055062
2018-09-21,GDX,-0.016705069124423915,-1,1645,TRAIN,False,17.07,17.22,17.33,17.16,-90.39593507453593,-156.37573911970262,-37.47427807239727
2018-09-26,GDX,-0.019675925925925916,-1,1645,TRAIN,True,16.94,16.89,16.7,16.91,27.022818967569563,137.7323870913516,9.329778433509356
2018-09-28,GDX,0.011302795954788893,1,1643,TRAIN,False,17.0,16.98,16.91,16.98,-14.26126539397857,-56.919204394413754,-2.499500099978467
2018-10-02,GDX,0.026455026455026412,1,1643,TRAIN,False,17.46,17.47,17.51,17.45,3.226445203511284,24.62623168378828,8.958953195033995
2018-10-03,GDX,-0.014882655981682771,-1,1645,TRAIN,False,17.21,17.22,17.34,17.21,-8.31252828136701,-79.56849940586417,-8.31252828136701
2018-10-09,GDX,-0.017492711370262225,-1,1645,TRAIN,False,16.86,16.87,16.81,16.89,-8.433181298182754,25.66705511921049,9.343787052259293
2018-10-10,GDX,0.010669828097213972,1,1643,TRAIN,False,17.04,17.08,17.45,17.09,20.96881093264827,236.51490359205184,-8.349412621865234
2018-10-11,GDX,0.06615925058548025,1,1643,TRAIN,False,18.21,18.22,18.11,18.3,2.9906154957916717,-58.89212053251112,-46.20442031812238
2018-10-15,GDX,0.019878520154610682,1,1643,TRAIN,False,18.48,18.39,18.55,18.43,-51.188625911179344,33.864439233367754,-24.197819144796032
2018-10-23,GDX,0.012081274025260783,1,1643,TRAIN,False,18.42,18.43,18.43,18.38,2.9280246013760047,1.4275103719755018,24.697182435113398
2018-10-24,GDX,-0.01247965274009769,-1,1645,TRAIN,False,18.2,18.22,18.24,18.2,-13.492258891340043,-25.987615105437694,-13.492258891340043
2018-10-25,GDX,-0.04610318331503841,-1,1645,TRAIN,False,17.38,17.42,17.54,17.35,-25.521214714750727,-96.09747035713205,-42.85640989869468
2018-10-31,GDX,-0.017084282460136515,-1,1645,TRAIN,False,17.26,17.36,17.64,17.26,-60.452414932579636,-224.2511074636698,-60.452414932579636
2018-11-01,GDX,0.03686635944700464,1,1643,TRAIN,False,18.0,17.94,17.87,17.94,-35.82450176631108,-76.19253926992276,-2.4995000999794255
2018-11-09,GDX,-0.019144144144144136,-1,1645,TRAIN,False,17.42,17.46,17.23,17.41,-25.468354290836086,105.11287102426266,-31.226808256539897
2018-11-12,GDX,-0.021191294387170732,-1,1645,TRAIN,False,17.09,17.06,17.14,17.05,15.058014528592281,-33.26938061690757,-8.36706930828963
2018-11-14,GDX,0.026642984014209548,1,1643,TRAIN,False,17.34,17.24,17.32,17.35,-60.15521232547085,-15.52861284721062,-65.88422949416142
2018-11-15,GDX,0.013341067285382856,1,1643,TRAIN,False,17.47,17.5,17.76,17.53,14.668503048102817,161.93326875552407,-19.608742256112254
2018-11-16,GDX,0.01885714285714276,1,1643,TRAIN,False,17.82,17.77,17.74,17.82,-30.55084830396435,-48.87462462614165,-30.55084830396435
2018-11-21,GDX,0.029960429621254808,1,1643,TRAIN,False,18.22,18.16,18.0,18.18,-35.42211425991369,-124.69734373652102,-13.497850484907852
2018-11-27,GDX,-0.022096317280453092,-1,1645,TRAIN,False,17.26,17.3,17.21,17.31,-25.68126603304409,24.979503432553045,3.2779519508743116
2018-11-28,GDX,0.02543352601156056,1,1643,TRAIN,False,17.74,17.73,17.82,17.75,-8.135069716607173,41.07859375137516,-13.764289395642107
2018-12-03,GDX,0.017704169046259207,1,1643,TRAIN,False,17.82,17.81,18.03,17.83,-8.109769740778512,113.79878906373537,-13.713746314113196
2018-12-04,GDX,0.01010668163952834,1,1643,TRAIN,False,17.99,17.97,18.02,18.01,-13.61400871576542,12.67006187422974,-24.703832137515644
2018-12-07,GDX,0.029883785279468684,1,1643,TRAIN,False,18.61,18.53,18.43,18.54,-45.47639639186433,-100.6827113889408,-7.891895191617615
2018-12-12,GDX,0.02070844686648496,1,1643,TRAIN,False,18.73,18.75,18.64,18.72,8.175887513368037,-52.0312381730799,13.522135316526924
2018-12-14,GDX,-0.015441959531416543,-1,1645,TRAIN,False,18.49,18.45,18.6,18.5,19.138224616257855,-63.516218657470944,24.533285035385852
2018-12-17,GDX,0.022764227642276515,1,1643,TRAIN,False,18.87,18.9,18.83,18.88,13.394777324342291,-25.188391044632336,8.091072463473196
2018-12-18,GDX,0.022222222222222313,1,1643,TRAIN,False,19.32,19.34,19.34,19.32,7.849879299502526,6.348626754979664,7.849879299502526
2018-12-19,GDX,-0.04963805584281287,-1,1645,TRAIN,True,18.38,18.29,18.92,18.39,46.47801159796747,-297.9159488045601,51.89047597447728
2018-12-20,GDX,0.0481137233460909,1,1643,TRAIN,False,19.17,19.05,19.06,19.12,-65.08166285365908,-61.35757720652224,-39.101227871579816
2018-12-21,GDX,-0.015223097112860847,-1,1645,TRAIN,False,18.76,18.84,19.08,18.8,-45.15508645439052,-174.64473704975313,-23.782416057680102
2018-12-26,GDX,-0.02366255144032926,-1,1645,TRAIN,False,18.97,19.01,19.21,18.98,-23.59169778078111,-130.56696737344305,-18.3105641149327
2018-12-27,GDX,0.013150973172014729,1,1643,TRAIN,False,19.26,19.36,19.25,19.28,49.40860218402797,-9.189231727901504,38.983904463919984
2018-12-31,GDX,0.020537124802527677,1,1643,TRAIN,False,19.38,19.46,19.46,19.43,38.76985180879475,37.26396103648372,12.936681835020009
2019-01-03,GDX,0.020103092783505184,1,1643,TRAIN,False,19.8,19.82,19.48,19.76,7.598985253454965,-165.55072823819103,27.857282794453997
2019-01-04,GDX,-0.012613521695257316,-1,1645,TRAIN,False,19.57,19.63,19.8,19.65,-33.167338628685705,-121.5746470704452,7.680161986594468
2019-01-07,GDX,-0.01324503311258268,-1,1645,TRAIN,False,19.38,19.39,19.22,19.4,-7.661749068081623,78.59156970713083,2.6554279928127977
2019-01-09,GDX,0.011855670103092806,1,1643,TRAIN,False,19.63,19.65,19.58,19.65,7.686440297269369,-29.460231234446354,-2.499500099979828
2019-01-10,GDX,-0.014249363867684356,-1,1645,TRAIN,False,19.37,19.36,19.41,19.43,2.663413426103677,-24.659552457729383,33.53527113039805
2019-01-15,GDX,-0.019121447028423822,-1,1645,TRAIN,False,18.97,19.0,18.96,18.98,-18.31889836059117,1.2727901405258069,-13.040542776629053
2019-01-18,GDX,-0.01785714285714285,-1,1645,TRAIN,False,18.7,18.72,18.77,18.72,-13.1983615974548,-41.44893149753026,-2.500500100022149
2019-01-25,GDX,0.032821598729486555,1,1643,TRAIN,False,19.51,19.51,19.52,19.53,-2.4995000999795947,1.1243266467154356,-12.737595850005285
2019-01-28,GDX,0.010763710917478077,1,1643,TRAIN,False,19.72,19.78,19.95,19.74,27.918858418986126,112.58701606534761,17.758859575603093
2019-01-29,GDX,0.021233569261880594,1,1643,TRAIN,False,20.21,20.25,20.15,20.23,17.28773493198401,-33.675600357415306,7.3843362815321525
2019-01-31,GDX,0.02103718199608609,1,1643,TRAIN,False,20.87,20.91,20.77,20.86,16.661976660729234,-51.89570614866016,21.463828039761257
2019-02-06,GDX,-0.01583493282149704,-1,1645,TRAIN,False,20.51,20.48,20.47,20.48,12.130168598322543,15.509684091866937,-2.5005001000207696
2019-02-08,GDX,0.017241379310344723,1,1643,TRAIN,False,20.65,20.55,20.38,20.61,-50.913546104337065,-134.69751570267104,-31.604305048741278
2019-02-15,GDX,0.011758941695247351,1,1643,TRAIN,False,20.65,20.67,20.93,20.64,7.183309100894013,131.53979373616826,12.031750626621221
2019-02-19,GDX,0.0319303338171261,1,1643,TRAIN,False,21.34,21.33,21.48,21.34,-7.184364439202873,61.57906188209442,-7.184364439202873
2019-02-20,GDX,0.011720581340834505,1,1643,TRAIN,False,21.58,21.53,21.3,21.49,-25.663310340710545,-133.6970789345354,16.10915601896103
2019-02-21,GDX,-0.016256386437529094,-1,1645,TRAIN,False,21.18,21.19,21.31,21.18,-7.223116011306192,-65.40401564732136,-7.223116011306192
2019-02-25,GDX,-0.012212306247064257,-1,1645,TRAIN,False,21.03,20.99,20.99,21.01,16.52470294344279,15.027256521206263,7.021156730157626
2019-02-27,GDX,-0.019570405727923634,-1,1645,TRAIN,False,20.54,20.6,20.61,20.56,-31.719099418717523,-38.094279031072915,-21.96061780449746
2019-03-01,GDX,-0.021951219512195086,-1,1645,TRAIN,False,20.05,20.0,19.87,20.01,22.443391421425694,85.81067834514499,2.4982507745929503
2019-03-06,GDX,-0.020740740740740823,-1,1645,TRAIN,False,19.83,19.83,19.83,19.84,-2.500500100019866,-4.0008001600303515,2.5410828133367507
2019-03-07,GDX,0.012102874432677862,1,1643,TRAIN,False,20.07,20.08,20.47,20.07,2.4818155452127404,195.22353625936603,2.4818155452127404
2019-03-08,GDX,0.026394422310757032,1,1643,TRAIN,False,20.61,20.62,20.65,20.62,2.3513007248145716,15.401092513181174,-2.499500099980983
2019-03-12,GDX,0.01655306718597857,1,1643,TRAIN,False,20.88,20.9,21.02,20.92,7.076649804137454,63.023793708692,-12.057339966042669
2019-03-14,GDX,-0.026103464641670654,-1,1645,TRAIN,False,20.51,20.51,20.65,20.53,-2.5005001000201963,-72.28749504166878,7.2437770554591285
2019-03-20,GDX,0.024019607843137353,1,1643,TRAIN,True,20.89,20.86,20.92,20.86,-16.856848831286854,10.355994861345076,-2.499500099979883
2019-03-25,GDX,0.020952380952381014,1,1643,TRAIN,False,21.43,21.43,21.23,21.43,-2.4995000999794414,-97.28898830593104,-2.4995000999794414
2019-03-27,GDX,-0.01301115241635693,-1,1645,TRAIN,False,21.24,21.21,20.88,21.24,11.627325465091074,165.55853543589978,11.627325465091074
2019-03-28,GDX,-0.025931164545025965,-1,1645,TRAIN,False,20.66,20.65,20.84,20.71,2.340981264985917,-91.16053607623661,26.478255573859
2019-04-01,GDX,-0.023233301064859654,-1,1645,TRAIN,False,20.18,20.24,20.26,20.19,-32.24034301409384,-43.659871716661996,-27.271427539594782
2019-04-04,GDX,0.01966568338249747,1,1643,TRAIN,False,20.74,20.74,20.66,20.74,-2.49950009998043,-42.55658029435457,-2.49950009998043
2019-04-08,GDX,0.011611030478954931,1,1643,TRAIN,False,20.91,20.91,21.02,20.92,-2.4995000999800814,48.58616990136235,-7.278420033010716
2019-04-11,GDX,-0.018225419664268706,-1,1645,TRAIN,False,20.47,20.51,20.51,20.5,-22.046177677158283,-23.549409442221027,-7.379768636655847
2019-04-16,GDX,-0.014648437500000035,-1,1645,TRAIN,False,20.18,20.1,20.16,20.12,37.15262378540932,5.913967729126403,7.442343339441063
2019-04-17,GDX,-0.013432835820895677,-1,1645,TRAIN,False,19.84,19.96,19.92,19.9,-62.99949506030447,-44.339513063903794,-32.65879306514747
2019-04-18,GDX,-0.015030060120240515,-1,1645,TRAIN,False,19.66,19.67,19.72,19.64,-7.588241961721082,-34.53183006896306,-17.779268684695854
2019-04-22,GDX,-0.016776817488561354,-1,1645,TRAIN,False,19.34,19.34,19.17,19.33,-2.5005001000218017,83.93509105130038,-7.675099427543544
2019-04-24,GDX,0.010943199583116065,1,1643,TRAIN,False,19.4,19.37,19.41,19.39,-17.959552419410652,1.1533775719093093,-12.811517118958303
2019-04-26,GDX,0.024428274428274555,1,1643,TRAIN,False,19.71,19.63,19.56,19.66,-43.07788873478404,-80.07226560776145,-17.755095979785867
2019-04-29,GDX,-0.02394294447274574,-1,1645,TRAIN,False,19.16,19.22,19.2,19.18,-33.823570559624265,-24.88597928353865,-23.36077225872841
2019-05-01,GDX,-0.016623376623376637,-1,1645,TRAIN,True,18.93,18.91,18.73,18.96,8.067382097656319,101.6938728474705,23.87740206269089
2019-05-02,GDX,-0.01533580116340556,-1,1645,TRAIN,False,18.62,18.59,18.8,18.63,13.615236473718626,-100.70972304020296,18.975614768684938
2019-05-07,GDX,0.025120256547300848,1,1643,TRAIN,False,19.18,19.09,19.24,19.14,-49.411650516611196,27.27087533483978,-28.616272565757583
2019-05-08,GDX,-0.01257202723939227,-1,1645,TRAIN,False,18.86,18.88,18.91,18.87,-13.107605614441,-30.522541411781646,-7.801242283432019
2019-05-13,GDX,0.030966364121729754,1,1643,TRAIN,False,19.32,19.29,19.22,19.33,-18.023569199203486,-55.7383347347106,-23.187550798167436
2019-05-16,GDX,-0.010960334029227602,-1,1645,TRAIN,False,18.95,18.95,18.87,18.95,-2.500500100020505,38.2324486005379,-2.500500100020505
2019-05-22,GDX,-0.018858040859088498,-1,1645,TRAIN,False,18.73,18.77,18.95,18.74,-23.86195338373732,-121.50641553831166,-18.51304092195331
2019-05-28,GDX,-0.010021097046413569,-1,1645,TRAIN,False,18.77,18.82,18.91,18.78,-29.145413525966983,-78.61774805680493,-23.80508050491851
2019-05-30,GDX,0.015940488841657847,1,1643,TRAIN,False,19.13,19.14,19.58,19.13,2.7265848450810646,231.13934453046608,2.7265848450810646
2019-05-31,GDX,0.04284221525600837,1,1643,TRAIN,False,19.96,19.9,20.3,19.95,-32.55210681310738,166.27335855474223,-27.555892330305124
2019-06-03,GDX,0.039195979899497545,1,1643,TRAIN,False,20.68,20.73,20.43,20.7,21.672406331113006,-124.84060247911731,11.98963105929544
2019-06-10,GDX,-0.017552182163187737,-1,1645,TRAIN,False,20.71,20.7,20.62,20.73,2.3292925122937658,39.47385324481644,11.974898597664932
2019-06-12,GDX,0.016810758885686908,1,1643,TRAIN,False,21.17,21.16,21.22,21.17,-7.221984984204058,19.609682220380176,-7.221984984204058
2019-06-19,GDX,0.010999083409715785,1,1643,TRAIN,True,22.06,22.12,22.73,22.06,24.692251033022632,299.59647236463945,24.692251033022632
2019-06-20,GDX,0.03933092224231453,1,1643,TRAIN,False,22.99,23.09,23.04,23.04,40.9868004650506,17.74068848692279,19.196464526539685
2019-06-24,GDX,0.027538726333907082,1,1643,TRAIN,False,23.88,24.11,24.18,23.94,93.79133386053095,121.57869933550982,68.49361121927632
2019-06-25,GDX,-0.019908751555371234,-1,1645,TRAIN,False,23.63,23.62,23.11,23.65,1.7324666795388106,216.14648786718845,10.187661210887622
2019-07-01,GDX,-0.03862478777589135,-1,1645,TRAIN,False,22.65,22.65,22.94,22.65,-2.5005001000198637,-132.08734462124212,-2.5005001000198637
2019-07-02,GDX,0.04105960264900661,1,1643,TRAIN,False,23.58,23.54,23.66,23.61,-19.458788479791732,29.914288558744083,-32.14054351349117
2019-07-10,GDX,0.01988155668358709,1,1643,TRAIN,False,24.11,24.15,24.08,24.11,14.086979368953582,-16.437193689424728,14.086979368953582
2019-07-11,GDX,-0.010766045548654162,-1,1645,TRAIN,False,23.89,23.91,23.96,23.9,-10.874297086290092,-33.31348563559376,-6.68564675278288
2019-07-17,GDX,0.036651395251978296,1,1643,TRAIN,False,24.89,24.97,24.8,24.94,29.633888409140788,-40.14383945227752,9.526362570307752
2019-07-18,GDX,0.04164997997597127,1,1643,TRAIN,False,26.02,26.04,25.72,26.05,5.1849737662004305,-119.24901722191981,-6.337312192071663
2019-07-19,GDX,-0.011136712749615942,-1,1645,TRAIN,False,25.75,25.78,25.88,25.76,-14.153898740915173,-54.50643526763535,-10.26641663736549
2019-07-23,GDX,-0.010392609699769037,-1,1645,TRAIN,False,25.71,25.69,25.87,25.69,5.280519347742023,-66.25829249863962,-2.5005001000211267
2019-07-25,GDX,-0.025048169556840024,-1,1645,TRAIN,False,25.3,25.28,25.39,25.27,5.4066149198206,-39.58815478510768,-6.458751188307242
2019-07-29,GDX,0.01591089896579151,1,1643,TRAIN,False,25.54,25.6,25.71,25.54,20.98718862335642,62.53643554766044,20.98718862335642
2019-07-31,GDX,-0.03625730994152046,-1,1645,TRAIN,True,24.72,24.42,24.06,24.47,118.88906907595025,263.09630858210505,17.937792707702126
2019-08-01,GDX,0.04381654381654368,1,1643,TRAIN,False,25.48,25.67,25.56,25.64,72.05015040947993,27.38541773591892,9.198043386643441
2019-08-05,GDX,0.03320312499999992,1,1643,TRAIN,False,26.45,26.36,26.35,26.31,-36.517460213061284,-41.791263675429754,16.499930724611875
2019-08-07,GDX,0.027252081756245224,1,1643,TRAIN,False,27.13,26.97,26.83,26.94,-61.460063313544055,-114.53367269782288,8.633573953360319
2019-08-08,GDX,0.015572858731924424,1,1643,TRAIN,False,27.39,27.44,27.24,27.38,15.75077463514259,-58.74181133105248,19.408828241657847
2019-08-09,GDX,-0.01093294460641402,-1,1645,TRAIN,False,27.14,27.06,27.27,27.14,26.98365760108606,-51.91974282844694,26.98365760108606
2019-08-13,GDX,-0.021657953696788718,-1,1645,TRAIN,False,26.21,26.22,26.66,26.37,-6.316791782621409,-175.75968455804767,54.3965448379782
2019-08-16,GDX,-0.013972809667673754,-1,1645,TRAIN,False,26.11,26.05,25.58,26.09,20.48494723839351,199.06777219097606,12.834878205997102
2019-08-19,GDX,-0.011132437619961579,-1,1645,TRAIN,False,25.77,25.74,25.95,25.8,9.143854382051721,-73.87740644752918,20.761128969980373
2019-08-20,GDX,0.03146853146853156,1,1643,TRAIN,False,26.56,26.59,26.36,26.56,8.792857392377137,-79.27029052020816,8.792857392377137
2019-08-23,GDX,0.0418888042650418,1,1643,TRAIN,False,27.36,27.33,27.36,27.27,-13.461671700748218,-3.99920015996876,19.497200669876595
2019-08-27,GDX,0.02781844802342599,1,1643,TRAIN,False,28.08,28.17,28.25,28.17,29.5437707330341,56.51789869946331,-2.4995000999802626
2019-08-29,GDX,-0.023885918003565123,-1,1645,TRAIN,False,27.37,27.34,27.22,27.36,8.46314677623128,50.825656545266646,4.811269271396914
2019-09-03,GDX,0.017441860465116296,1,1643,TRAIN,False,27.99,27.99,27.95,28.03,-2.4995000999802386,-18.284303125082822,-16.766357752354086
2019-09-04,GDX,0.014648088603072531,1,1643,TRAIN,False,28.4,28.53,27.86,28.46,43.263706413648094,-194.06400410058768,22.090276252549767
2019-09-05,GDX,-0.05327725201542235,-1,1645,TRAIN,False,27.01,27.01,27.22,27.01,-2.500500100021708,-81.78088783250841,-2.500500100021708
2019-09-06,GDX,-0.024805627545353634,-1,1645,TRAIN,False,26.34,26.25,26.39,26.42,31.676608670251298,-22.990930760184767,61.86078245172031
2019-09-09,GDX,-0.02209523809523803,-1,1645,TRAIN,False,25.67,25.5,25.53,25.71,63.741225066205395,50.55939119261504,79.20020410149641
2019-09-12,GDX,-0.010176125244618457,-1,1645,TRAIN,False,25.28,25.13,25.27,25.18,56.84977976607926,-0.043521362498700554,17.361494538779265
2019-09-13,GDX,-0.0191006764822921,-1,1645,TRAIN,False,24.65,24.55,25.12,24.62,38.07759523507029,-194.746454361866,25.93877833243288
2019-09-16,GDX,0.023625254582484656,1,1643,TRAIN,False,25.12,25.19,25.33,25.06,25.359776770761187,79.56609315079625,49.36303242144952
2019-09-17,GDX,0.028185788011115414,1,1643,TRAIN,False,25.9,25.92,25.91,25.85,5.220577506121891,-0.13974039168827723,24.573035102844287
2019-09-18,GDX,-0.030092592592592636,-1,1645,TRAIN,True,25.14,25.43,25.65,25.38,-117.88336187523898,-206.94592379096287,-22.20597783859416
2019-09-19,GDX,0.012976799056232868,1,1643,TRAIN,False,25.76,25.9,25.98,25.79,51.834741747302374,81.37037188835599,40.142029756128075
2019-09-20,GDX,0.016216216216216283,1,1643,TRAIN,False,26.33,26.44,26.55,26.26,39.267497810732515,79.52226493554522,66.02868306765257
2019-09-23,GDX,0.01323751891074122,1,1643,TRAIN,False,26.79,26.88,26.58,26.83,31.086727783222454,-82.35530945322786,16.13169725354314
2019-09-24,GDX,0.01041666666666671,1,1643,TRAIN,False,27.17,27.18,27.01,27.2,1.180109947828684,-62.86412941923993,-9.850603408730189
2019-09-25,GDX,-0.03348050036791759,-1,1645,TRAIN,False,26.27,26.2,26.31,26.31,24.15252749826548,-19.233386075767964,39.319152313928164
2019-09-27,GDX,-0.020069471246622908,-1,1645,TRAIN,False,25.38,25.3,24.88,25.38,29.028264281696256,193.08353396447683,29.028264281696256
2019-09-30,GDX,-0.025296442687747056,-1,1645,TRAIN,False,24.67,24.62,24.54,24.6,17.77209921108577,48.71586396728212,-10.632614327744513
2019-10-01,GDX,0.012185215272136504,1,1643,TRAIN,False,24.92,24.82,25.32,24.85,-42.617880918199184,156.45025088080192,-14.56891720247562
2019-10-02,GDX,0.01651893634165996,1,1643,TRAIN,False,25.23,25.25,25.26,25.2,5.4255894758425205,7.88665096945013,17.336810415694792
2019-10-04,GDX,0.021496815286624168,1,1643,TRAIN,False,25.66,25.69,25.44,25.67,9.188926049552704,-89.70146734487834,5.289748439093171
2019-10-08,GDX,0.021636506687647408,1,1643,TRAIN,False,25.97,26.14,26.13,26.02,62.944284458472815,57.585710428187866,43.60734309709975
2019-10-11,GDX,-0.035203094777562866,-1,1645,TRAIN,False,24.94,24.86,24.92,24.87,29.584505513772616,4.021654370969772,1.521414053618338
2019-10-15,GDX,-0.028456913827655344,-1,1645,TRAIN,False,24.24,24.14,24.35,24.18,38.76394090699243,-49.39849356009916,14.046233564329636
2019-10-16,GDX,0.013670256835128347,1,1643,TRAIN,False,24.47,24.62,24.42,24.51,58.78472854673091,-24.424212010886702,42.36892319618535
2019-10-17,GDX,0.013809910641754665,1,1643,TRAIN,False,24.97,24.97,24.84,24.95,-2.49950009997962,-56.04085430410795,5.514528356854117
2019-10-21,GDX,-0.019599999999999937,-1,1645,TRAIN,False,24.51,24.52,24.58,24.5,-6.581487656159695,-32.57199787570422,-10.66580663071448
2019-10-23,GDX,0.011038430089942746,1,1643,TRAIN,False,24.73,24.71,24.86,24.7,-10.584821976162734,48.54750845221171,1.5480709526126737
2019-10-24,GDX,0.025900445163901276,1,1643,TRAIN,False,25.35,25.36,25.82,25.36,1.444287079467144,181.33099218420548,-2.499500099979221
2019-10-28,GDX,-0.02190066484161121,-1,1645,TRAIN,False,25.01,24.94,24.78,25.0,25.495302979026967,87.99920719849663,21.505501100218776
2019-10-31,GDX,0.026482213438735105,1,1643,TRAIN,False,25.96,25.95,25.74,25.92,-6.350617395782116,-88.7110713450537,9.071681034162765
2019-11-04,GDX,-0.0166537567776917,-1,1645,TRAIN,False,25.38,25.36,24.86,25.39,5.381690995408478,200.96690732945723,9.318129872527068
2019-11-05,GDX,-0.016561514195583524,-1,1645,TRAIN,False,24.94,24.86,25.01,24.93,29.584505513772616,-32.07939101854141,25.58514109560746
2019-11-06,GDX,0.011665325824617826,1,1643,TRAIN,False,25.15,25.16,24.9,25.12,1.4756492041566687,-103.36302520807872,13.420086683300426
2019-11-07,GDX,-0.025437201907790166,-1,1645,TRAIN,False,24.52,24.42,24.18,24.49,38.29273195585163,134.71699233810838,26.089742244077634
2019-11-18,GDX,0.014198782961460505,1,1643,TRAIN,False,24.99,25.07,24.92,25.0,29.50530342110876,-31.9992024004153,25.49350129974029
2019-11-21,GDX,-0.015873015873015817,-1,1645,TRAIN,False,24.8,24.72,24.81,24.78,29.765630545463562,-8.034671450418129,21.71862944017378
2019-11-25,GDX,-0.0202757502027575,-1,1645,TRAIN,False,24.16,24.15,24.19,24.18,1.6396077228682637,-16.422986584072188,9.909550148241829
2019-11-26,GDX,0.018633540372670926,1,1643,TRAIN,False,24.61,24.68,24.5,24.62,25.937112455607036,-48.67860235348266,21.864839054934546
2019-12-03,GDX,0.018370607028754028,1,1643,TRAIN,False,25.5,25.6,25.47,25.54,36.70638421335394,-15.759201100956131,20.98718862335642
2019-12-06,GDX,-0.02160251374705423,-1,1645,TRAIN,False,24.92,24.86,25.01,24.87,21.582566914666895,-40.13081910122042,1.521414053618338
2019-12-11,GDX,0.019592163134746036,1,1643,TRAIN,True,25.5,25.54,25.81,25.54,13.182853625354216,117.52080956357804,-2.4995000999792554
2019-12-16,GDX,-0.010176125244618457,-1,1645,TRAIN,False,25.29,25.24,25.22,25.25,17.275103893850492,23.689198100594414,1.4608862366520057
2019-12-23,GDX,0.029988004798080767,1,1643,TRAIN,False,25.76,25.78,25.91,25.77,5.26253444963211,54.207326236616744,1.3800111533768908
2019-12-26,GDX,0.013909774436090129,1,1643,TRAIN,False,26.96,26.99,26.93,26.93,8.625314996346866,-15.122346450591015,19.77491616418675
2019-12-30,GDX,0.018656716417910446,1,1643,TRAIN,False,27.3,27.37,27.57,27.31,23.13511656643134,94.86234621207707,19.464982873072515
2020-01-08,GDX,-0.04419284149013869,-1,1645,TRAIN,False,26.17,26.31,26.09,26.2,-56.010246757031574,26.580784250088307,-44.49573120731171
2020-01-10,GDX,0.0119093353822512,1,1643,TRAIN,False,26.34,26.41,26.24,26.4,24.06940783445469,-41.94908930135024,1.2874319075593958
2020-01-13,GDX,-0.021204089360090828,-1,1645,TRAIN,False,25.85,25.78,25.72,25.88,24.58557475518205,46.309455314662564,36.149038153842405
2020-01-14,GDX,0.012800620636151989,1,1643,TRAIN,False,26.11,26.23,26.35,26.15,43.4484148746663,87.8828447255791,28.085587471416225
2020-01-15,GDX,0.01639344262295081,1,1643,TRAIN,False,26.66,26.72,26.55,26.7,20.000501025076698,-45.24301441287008,4.989264319421053
2020-01-21,GDX,0.016300227445034107,1,1643,TRAIN,False,26.82,26.87,26.82,26.84,16.13864400870748,-3.9992001599681157,8.675053364885741
2020-01-24,GDX,0.017669172932330782,1,1643,TRAIN,False,27.07,27.14,27.51,27.09,23.352920845459025,158.47735513850432,15.952881775067349
2020-01-28,GDX,-0.023712486105965064,-1,1645,TRAIN,False,26.35,26.28,26.27,26.35,24.071607490377236,26.371877791118617,24.071607490377236
2020-01-29,GDX,0.017503805175037947,1,1643,TRAIN,True,26.74,26.79,26.82,26.78,16.19440509803893,25.90656139527659,1.2336965019239285
2020-02-03,GDX,-0.014121144555927128,-1,1645,TRAIN,False,26.53,26.56,26.18,26.56,-13.81128091430685,127.97810221674959,-2.500500100021669
2020-02-04,GDX,-0.016942771084337324,-1,1645,TRAIN,False,26.11,26.04,26.01,26.08,24.315855128129368,34.3140248118553,12.840758335714613
2020-02-06,GDX,0.013056835637480793,1,1643,TRAIN,False,26.37,26.35,26.52,26.41,-10.081980570134947,52.86087264913332,-25.212488740418824
2020-02-07,GDX,-0.012903225806451606,-1,1645,TRAIN,False,26.0,25.92,26.17,25.97,28.276424515670918,-69.41157462261613,16.757298321425612
2020-02-10,GDX,0.014274691358024592,1,1643,TRAIN,False,26.3,26.35,26.29,26.33,16.507154842796428,-7.799960920363132,5.094499520151143
2020-02-12,GDX,-0.01061007957559686,-1,1645,TRAIN,False,26.11,26.1,26.33,26.12,1.3304077897142288,-88.29341509818532,5.1583823655998895
2020-02-18,GDX,0.033549370949294666,1,1643,TRAIN,False,27.11,27.13,27.26,27.09,4.876007461731637,51.3088086919704,12.26240540005707
2020-02-19,GDX,0.01548101732399564,1,1643,TRAIN,False,27.54,27.61,27.53,27.56,22.911721214218137,-7.62883008002518,15.638200371537236
2020-02-21,GDX,0.03042375950742484,1,1643,TRAIN,False,28.45,28.45,29.48,28.5,-2.499500099979329,357.8946776549799,-20.038974661208798
2020-02-25,GDX,-0.02220680083275505,-1,1645,TRAIN,False,28.17,27.82,27.74,28.03,121.77621892855643,148.70492735394848,72.43796244086452
2020-02-27,GDX,-0.045798773891092666,-1,1645,TRAIN,False,26.45,26.13,24.88,26.37,118.512738464517,589.8094552747988,88.53477180077658
2020-02-28,GDX,-0.068886337543054,-1,1645,TRAIN,False,24.33,24.34,25.14,24.24,-6.611679919216642,-337.05631385216685,-43.764941107035156
2020-03-02,GDX,0.03656532456861136,1,1643,TRAIN,False,25.23,25.4,25.82,25.29,64.8637612945108,229.75587205190715,40.985080959293754
2020-03-03,GDX,0.04645669291338582,1,1643,TRAIN,True,26.57,26.62,26.95,26.64,16.314012319855117,138.96204575419205,-10.005131105910445
2020-03-04,GDX,0.010518407212621997,1,1643,TRAIN,False,26.9,27.04,27.35,26.85,49.53210101474169,163.22014407527604,68.24631349335266
2020-03-05,GDX,0.019600591715976372,1,1643,TRAIN,False,27.56,27.68,27.76,27.59,41.0309810316601,68.5407185616597,30.112861081281274
2020-03-06,GDX,-0.023482658959537522,-1,1645,TRAIN,False,27.04,27.3,26.34,27.17,-98.6783895240602,254.9785104949981,-50.35935416748548
2020-03-09,GDX,-0.05934065934065937,-1,1645,TRAIN,False,25.69,26.31,25.75,25.79,-243.89988935895397,-27.365535388120016,-204.1794555111106
2020-03-10,GDX,-0.035727860129228343,-1,1645,TRAIN,False,25.36,25.52,25.1,25.27,-65.60775877573103,98.56387681321806,-101.45677730718361
2020-03-11,GDX,-0.08189655172413793,-1,1645,TRAIN,False,23.43,23.4,21.34,23.69,10.306798875780158,888.3748580702058,119.94463054704698
2020-03-12,GDX,-0.10085470085470084,-1,1645,TRAIN,False,21.03,20.71,21.62,20.9,149.70112424767404,-284.66463620826886,88.43132262816162
2020-03-13,GDX,-0.10333172380492518,-1,1645,TRAIN,False,18.57,17.64,15.55,17.73,498.43248132663706,1622.9287860803186,48.27361411368517
2020-03-16,GDX,0.17120181405895687,1,1643,TRAIN,False,20.66,15.72,20.52,20.04,-2392.9957474139237,-71.73589483458447,-2157.6493084616595
2020-03-17,GDX,0.43511450381679373,1,1643,TRAIN,False,22.56,23.67,22.39,22.67,489.3987957727626,-79.32367427223568,438.5018452859938
2020-03-18,GDX,-0.17025771018166458,-1,1645,TRAIN,False,19.64,20.94,19.17,19.54,-664.5804721025684,235.40247764420462,-719.1586730856943
2020-03-19,GDX,0.07115568290353383,1,1643,TRAIN,False,22.43,19.76,21.21,22.21,-1192.5720072213815,-547.6960782609402,-1105.3304872568933
2020-03-23,GDX,0.12690089145254316,1,1643,TRAIN,False,21.49,20.36,23.14,21.18,-528.1940354600072,763.4927179291938,-389.56042596957354
2020-03-24,GDX,0.1463654223968566,1,1643,TRAIN,False,23.34,23.41,23.57,23.72,27.484434561245795,94.50466376304935,-133.15823344605874
2020-03-25,GDX,0.06151217428449386,1,1643,TRAIN,False,24.84,24.42,24.77,24.74,-171.53936362485848,-32.16828453954792,-131.81236024419877
2020-03-26,GDX,-0.030303030303030384,-1,1645,TRAIN,False,23.69,24.0,23.34,23.83,-133.39012251585086,143.79997147593423,-73.85698709192366
2020-03-27,GDX,-0.06541666666666668,-1,1645,TRAIN,False,22.44,22.62,22.64,22.27,-82.73446133076841,-93.16301763026325,-159.70189996688217
2020-03-30,GDX,-0.04332449160035368,-1,1645,TRAIN,False,21.65,22.21,21.91,21.73,-261.2256862457964,-124.1412254737325,-223.44850930609567
2020-03-31,GDX,-0.023412877082395298,-1,1645,TRAIN,False,21.69,21.39,21.37,21.75,135.84667140896906,143.59165055694444,163.05812886715148
2020-04-01,GDX,0.04534829359513786,1,1643,TRAIN,False,22.36,22.3,22.82,22.31,-29.32642451831511,201.64303454157226,-6.980674685321494
2020-04-02,GDX,0.06636771300448432,1,1643,TRAIN,False,23.78,23.24,23.35,23.83,-229.52432221713937,-184.75110696952322,-250.0246908234806
2020-04-06,GDX,0.06822107081174432,1,1643,TRAIN,False,24.73,24.47,24.7,24.65,-107.60868449035635,-16.12536368585531,-75.50356054549582
2020-04-07,GDX,-0.017163874131589627,-1,1645,TRAIN,False,24.06,24.22,24.3,24.12,-69.01754415721162,-103.79133183245291,-43.970236833435735
2020-04-09,GDX,0.08182565789473678,1,1643,TRAIN,False,26.31,26.87,26.59,26.5,210.2941251354454,102.3816521378369,137.08824272881344
2020-04-13,GDX,0.06475623371790094,1,1643,TRAIN,False,28.61,28.57,28.89,28.62,-16.477130998126558,93.82953888076041,-19.965433887366768
2020-04-15,GDX,-0.017168885774351734,-1,1645,TRAIN,False,28.05,27.99,28.24,28.02,18.895222894846327,-71.76408543740808,8.208815210580095
2020-04-16,GDX,0.017506252232940406,1,1643,TRAIN,False,28.48,28.7,27.62,28.51,74.72838297508959,-305.8447299304175,64.12712546932828
2020-04-17,GDX,-0.03066202090592331,-1,1645,TRAIN,False,27.82,27.79,27.83,27.78,8.285805255946777,-7.596774566989557,-6.101112231084986
2020-04-20,GDX,0.024109391867578326,1,1643,TRAIN,False,28.46,28.53,27.55,28.7,22.090276252549767,-323.6183402813467,-61.7181441760423
2020-04-22,GDX,0.06415227352837505,1,1643,TRAIN,False,30.19,30.18,30.83,30.27,-5.81102726125872,207.9067459114989,-32.22447680929536
2020-04-23,GDX,0.02584493041749507,1,1643,TRAIN,False,30.97,31.02,31.58,31.02,13.641120661886616,192.88683432186684,-2.499500099979847
2020-04-30,GDX,-0.05159860715416268,-1,1645,TRAIN,False,29.96,29.94,29.22,29.91,4.1767365489107116,243.09401266101122,-12.53309839500655
2020-05-01,GDX,0.030060120240480912,1,1643,TRAIN,False,30.84,30.88,31.34,30.89,10.467426618438052,158.06306961694642,-5.7359845609379665
2020-05-04,GDX,0.025582901554404232,1,1643,TRAIN,False,31.67,31.55,31.48,31.58,-40.3807776493327,-63.96889235982901,-11.996808997920361
2020-05-05,GDX,0.017115689381933523,1,1643,TRAIN,False,32.09,32.32,31.7,32.07,69.1560036387867,-125.48378451452078,75.43548976515953
2020-05-06,GDX,-0.027846534653465302,-1,1645,TRAIN,False,31.43,31.27,31.64,31.26,48.41900610475186,-70.84267633036633,-5.700276331658236
2020-05-07,GDX,0.04669011832427238,1,1643,TRAIN,False,32.73,32.51,32.48,32.58,-69.6993201420828,-80.35117693845854,-23.979703752313068
2020-05-11,GDX,-0.024412855377008626,-1,1645,TRAIN,False,31.58,31.46,31.87,31.56,35.50773485919324,-95.86781194110954,29.193100977608758
2020-05-14,GDX,0.0319317104015176,1,1643,TRAIN,False,32.64,32.64,33.38,32.55,-2.4995000999789676,222.62581797366244,25.143358425090405
2020-05-15,GDX,0.036151960784313715,1,1643,TRAIN,False,33.83,33.94,34.48,33.85,30.007891416100595,188.06111671546924,24.08174199724318
2020-05-18,GDX,-0.014731879787860933,-1,1645,TRAIN,False,33.43,33.35,33.89,33.43,21.436085003417926,-141.6568087772505,21.436085003417926
2020-05-19,GDX,0.03388305847076448,1,1643,TRAIN,False,34.48,34.54,34.68,34.42,14.897542533257337,53.98224299455922,32.35523726166897
2020-05-20,GDX,-0.013896931094383233,-1,1645,TRAIN,False,34.07,33.98,33.49,34.07,23.922307208727556,166.30505437747357,23.922307208727556
2020-05-21,GDX,-0.024720423778693244,-1,1645,TRAIN,False,33.14,33.1,33.4,33.07,9.572524040110778,-82.48722768089918,-11.574434632921978
2020-05-26,GDX,-0.04424242424242427,-1,1645,TRAIN,False,31.55,31.63,30.71,31.58,-27.863417374442033,262.3497758188722,-18.337264666360387
2020-05-27,GDX,-0.012962377489724949,-1,1645,TRAIN,False,31.22,31.29,31.92,31.15,-24.927631266164596,-228.30575083626664,-47.455558527436914
2020-05-29,GDX,0.014258555133079826,1,1643,TRAIN,False,32.0,31.86,32.12,31.8,-46.23856478704246,33.485802839430704,16.363708390396816
2020-06-01,GDX,0.028562460765850714,1,1643,TRAIN,False,32.77,32.84,33.01,32.81,18.856161633099738,69.20922803537941,6.641768263233035
2020-06-02,GDX,-0.03440925700365415,-1,1645,TRAIN,False,31.72,31.64,30.92,31.82,22.726487289890855,248.3069123282404,54.081840881060955
2020-06-03,GDX,-0.035082174462705416,-1,1645,TRAIN,False,30.53,30.47,31.08,30.52,17.15721460702181,-184.2235463142398,13.886296263183006
2020-06-05,GDX,-0.02408070289619271,-1,1645,TRAIN,False,29.99,30.13,30.23,29.95,-49.194400400587,-84.05949279218896,-62.615695092274464
2020-06-10,GDX,0.04235907461713904,1,1643,TRAIN,True,31.98,32.05,31.95,31.93,19.38370924939494,-13.37631160447071,35.07331731273578
2020-06-11,GDX,-0.05678627145085794,-1,1645,TRAIN,False,30.23,30.47,31.06,30.56,-81.91168501646106,-278.67234048860513,26.957125718336425
2020-06-15,GDX,0.02442244224422437,1,1643,TRAIN,False,31.03,31.1,31.06,31.06,20.053675375141445,5.664996552736142,10.375581033183275
2020-06-16,GDX,-0.02733118971061098,-1,1645,TRAIN,False,30.25,30.29,30.43,30.31,-15.726947042301026,-63.52873880561165,4.0996321996161145
2020-06-18,GDX,-0.013775008199409583,-1,1645,TRAIN,False,30.07,30.1,30.52,30.12,-12.479715763572797,-153.71148722594543,4.141266500311318
2020-06-19,GDX,0.03787375415282382,1,1643,TRAIN,False,31.24,31.14,31.93,31.22,-34.501742417200134,216.78314785186458,-28.117694846679402
2020-06-22,GDX,0.032434168272318493,1,1643,TRAIN,False,32.16,32.37,32.84,32.33,62.78268600011494,207.35902570729908,9.869816942891584
2020-06-23,GDX,0.013592832869941455,1,1643,TRAIN,False,32.81,32.83,32.62,32.82,3.5946788088269406,-61.885215154471716,0.5466609298501621
2020-06-24,GDX,-0.015534572037770273,-1,1645,TRAIN,False,32.32,32.25,32.25,32.38,19.163331428661632,17.666280780908096,37.65777862181548
2020-06-30,GDX,0.0254468342926387,1,1643,TRAIN,False,33.85,34.05,33.94,33.98,56.56992678273782,22.57805455157126,18.09570399045516
2020-07-06,GDX,0.013702710753649117,1,1643,TRAIN,False,34.03,34.19,34.06,34.04,44.5060855592626,4.813025052940404,41.555290587006624
2020-07-07,GDX,0.025738520035098057,1,1643,TRAIN,False,35.07,35.02,35.65,35.14,-16.75313639866665,161.31817833753001,-36.64008234209574
2020-07-08,GDX,0.031125071387778303,1,1643,TRAIN,False,36.1,36.16,36.45,36.15,14.1168442211839,92.91493501853844,0.266060204280372
2020-07-10,GDX,-0.012500000000000079,-1,1645,TRAIN,False,35.55,35.64,36.26,35.56,-27.823286176224393,-203.79940967096354,-25.0033133735868
2020-07-13,GDX,-0.021885521885521918,-1,1645,TRAIN,False,34.86,34.46,34.34,34.61,112.27288486957161,145.22697999152362,40.850412208994015
2020-07-14,GDX,0.02988972721996521,1,1643,TRAIN,False,35.49,35.82,35.61,35.58,90.46119770128868,29.799619112524567,64.9372654979989
2020-07-16,GDX,-0.01643911953190313,-1,1645,TRAIN,False,35.3,35.36,35.79,35.34,-19.50191738064626,-142.86653364667316,-8.161224774665829
2020-07-17,GDX,0.02912895927601813,1,1643,TRAIN,False,36.39,36.49,36.92,36.43,24.973708198729607,141.58696153047484,13.966325592966449
2020-07-20,GDX,0.027952863798300795,1,1643,TRAIN,False,37.5,37.48,38.31,37.56,-7.831500366594476,211.91441711657822,-23.793430877191074
2020-07-21,GDX,0.014941302027748194,1,1643,TRAIN,False,38.04,37.97,38.49,37.92,-20.896583038807808,114.25002065833087,10.682858154105695
2020-07-22,GDX,0.015801948907031904,1,1643,TRAIN,False,38.58,38.75,38.71,38.75,41.553768043696294,29.683539704708135,-2.4995000999795636
2020-07-23,GDX,-0.022709677419354906,-1,1645,TRAIN,False,37.86,38.03,38.48,38.07,-47.413999440141666,-167.82754332165675,8.009088027219319
2020-07-24,GDX,0.01840652116749923,1,1643,TRAIN,False,38.72,38.83,40.31,38.71,25.902489956553133,406.47707235412383,28.49249318309837
2020-07-27,GDX,0.043265516353335046,1,1643,TRAIN,False,40.51,40.69,40.1,40.64,41.922866969434594,-105.16830230596672,9.800574333951445
2020-07-29,GDX,-0.013356418501113014,-1,1645,TRAIN,True,39.88,40.03,38.89,40.12,-40.12274370621458,244.34325179980848,19.937811091628003
2020-07-30,GDX,-0.030976767424431725,-1,1645,TRAIN,False,38.79,38.64,39.32,38.71,36.17892952140116,-140.6886172284732,15.587204240123748
2020-07-31,GDX,0.027950310559006167,1,1643,TRAIN,False,39.72,39.86,39.54,39.71,32.73841706985889,-49.298297440210376,35.26491881175512
2020-08-03,GDX,-0.011791269443050648,-1,1645,TRAIN,False,39.39,39.49,39.45,39.46,-27.89400225818262,-19.239186755857517,-10.105036719457994
2020-08-04,GDX,0.03494555583692062,1,1643,TRAIN,False,40.88,41.22,42.14,41.12,80.64996589723147,304.09671490359386,21.813487497054414
2020-08-07,GDX,-0.029476248477466355,-1,1645,TRAIN,False,39.83,39.67,40.13,39.74,37.680270174044594,-79.35104470052971,15.118398616814417
2020-08-11,GDX,-0.0815756035578145,-1,1645,TRAIN,False,36.15,36.25,37.44,36.22,-30.169934401820377,-360.9900403317181,-10.785287924511476
2020-08-13,GDX,0.028838231255149803,1,1643,TRAIN,False,37.46,37.71,37.55,37.49,64.22167248344262,20.01681884658861,56.1681475388039
2020-08-17,GDX,0.05927903871829102,1,1643,TRAIN,False,39.67,39.83,40.91,39.72,37.823163877432535,308.4545682242423,25.187434819177877
2020-08-19,GDX,-0.033324917950012634,-1,1645,TRAIN,False,38.29,38.07,38.1,38.12,54.970121733930256,45.640363382157425,10.61925396621633
2020-08-20,GDX,0.017336485421591715,1,1643,TRAIN,False,38.73,38.96,38.17,38.94,56.871145781173716,-148.53213194179872,2.635322961089983
2020-08-21,GDX,-0.022843942505133483,-1,1645,TRAIN,False,38.06,37.95,38.59,37.86,26.408460882925997,-143.31032260051586,-26.278235044791572
2020-08-26,GDX,0.024422617467480798,1,1643,TRAIN,False,38.59,38.61,39.3,38.52,2.6818943026628506,179.91270882905457,20.859145927823572
2020-08-27,GDX,-0.01657601657601659,-1,1645,TRAIN,False,37.96,37.74,38.64,37.88,55.46973462131648,-183.20840142738834,34.46755877046497
2020-08-28,GDX,0.031796502384737566,1,1643,TRAIN,False,38.94,38.95,39.17,38.96,0.06791143055600933,55.04240702963761,-5.065593657449213
2020-09-01,GDX,-0.021667091511598124,-1,1645,TRAIN,False,38.38,38.68,38.27,38.54,-80.68575674488707,24.67142725053627,-38.83547856431877
2020-09-03,GDX,-0.014705882352941185,-1,1645,TRAIN,False,38.19,38.33,38.02,38.26,-39.16847784325334,40.53127986162667,-20.80094534327872
2020-09-09,GDX,0.04539421290151316,1,1643,TRAIN,False,39.38,39.3,39.69,39.31,-22.80930304543455,74.68948059042417,-5.042746220534416
2020-09-10,GDX,-0.01755725190839689,-1,1645,TRAIN,False,38.61,38.65,38.86,38.69,-12.863100980725179,-68.77677011703734,7.840673846839816
2020-09-14,GDX,0.04057591623036642,1,1643,TRAIN,False,39.75,39.72,40.17,39.73,-10.044783496132071,101.61892149871878,-5.015860658725838
2020-09-17,GDX,-0.02087000251445827,-1,1645,TRAIN,False,38.94,39.08,39.2,38.95,-38.462237902126745,-70.79690206146125,-35.88496903488536
2020-09-18,GDX,-0.011003070624360279,-1,1645,TRAIN,False,38.65,38.39,37.32,38.5,64.78669601966682,340.2507150848015,26.078072757406776
2020-09-21,GDX,-0.03464443865589993,-1,1645,TRAIN,False,37.06,36.98,37.18,37.05,19.09151393149545,-36.39367916756532,16.397611506105015
2020-09-23,GDX,-0.06433378196500675,-1,1645,TRAIN,False,34.76,34.93,34.53,34.79,-51.41951865632131,62.19368154413329,-42.75201116682115
2020-09-24,GDX,0.014600629831090697,1,1643,TRAIN,False,35.44,35.88,35.46,35.77,121.62296660307109,1.641883812855669,28.24484026873764
2020-09-28,GDX,0.011497476163769034,1,1643,TRAIN,False,36.07,36.08,36.26,35.96,0.2721939670841774,48.65508739117133,30.862570533724515
2020-09-29,GDX,0.011086474501108608,1,1643,TRAIN,False,36.48,36.54,36.29,36.56,13.943757301173251,-56.06170432580003,-7.968592277168388
2020-10-02,GDX,-0.013885107541519141,-1,1645,TRAIN,False,36.22,36.17,36.37,36.26,11.307479607460522,-45.4309525626829,22.326445432493117
2020-10-05,GDX,0.016311860658003767,1,1643,TRAIN,False,36.76,36.73,37.01,36.74,-10.658504860508211,63.982306911850394,-5.2206488479137585
2020-10-06,GDX,-0.028314729104274416,-1,1645,TRAIN,False,35.69,35.37,35.74,35.57,87.18288908552188,-18.015931569615333,53.74071721850616
2020-10-08,GDX,0.016011235955056186,1,1643,TRAIN,False,36.16,36.17,37.04,36.23,0.2652953922491072,239.26630603082995,-19.056221877346864
2020-10-09,GDX,0.0425767210395355,1,1643,TRAIN,False,37.71,37.85,37.76,37.79,34.61665131837143,9.254579739050715,13.373747584436428
2020-10-14,GDX,0.013918629550321283,1,1643,TRAIN,False,37.89,37.99,37.3,38.02,23.886091084765027,-159.65083573414833,-10.388111751663905
2020-10-15,GDX,-0.013161358252171624,-1,1645,TRAIN,False,37.48,37.41,37.51,37.44,16.180797525567428,-12.008271451515396,5.51432401864893
2020-10-19,GDX,-0.010008114687584458,-1,1645,TRAIN,False,36.6,36.35,36.47,36.52,65.82259074765736,31.53253601540004,44.0609753933269
2020-10-21,GDX,0.010647010647010662,1,1643,TRAIN,False,37.01,37.04,36.52,36.94,5.604391145548949,-136.3429016439327,24.564659347503284
2020-10-22,GDX,-0.018358531317494594,-1,1645,TRAIN,False,36.36,36.38,36.34,36.39,-8.00242556762403,1.5019505551273495,0.2481947337513342
2020-10-26,GDX,-0.014987510407993315,-1,1645,TRAIN,False,35.49,35.47,35.52,35.46,3.136299280142897,-12.45726744672646,-5.321284223004774
2020-10-27,GDX,0.012686777558500222,1,1643,TRAIN,False,35.92,36.04,35.01,35.99,30.899722060041576,-257.2386413585896,11.389775393072764
2020-10-28,GDX,-0.05993340732519414,-1,1645,TRAIN,False,33.88,33.9,33.47,33.82,-8.405163913539273,117.06296395052495,-26.161057167081044
2020-10-29,GDX,0.01150442477876108,1,1643,TRAIN,False,34.28,34.29,34.65,34.25,0.4169236164436939,103.89229038673052,9.17641289260414
2020-10-30,GDX,0.010790317876931976,1,1643,TRAIN,False,34.67,34.87,35.36,34.84,55.172841981934816,194.94053309326475,6.109139825306223
2020-11-02,GDX,0.027530828792658474,1,1643,TRAIN,False,35.83,35.86,36.29,35.72,5.871278995667197,124.33349221866558,36.6844324304245
2020-11-03,GDX,0.022866703848298947,1,1643,TRAIN,False,36.68,36.59,36.59,36.57,-27.029899363638183,-28.52591967974902,2.9680965638982433
2020-11-04,GDX,-0.023776988248155356,-1,1645,TRAIN,False,35.73,35.71,37.02,35.76,3.098436647865052,-365.18638740342703,11.485099033228162
2020-11-05,GDX,0.07672920750490064,1,1643,TRAIN,True,38.45,38.27,38.65,38.4,-49.30184314242403,47.99560243997932,-36.34520491734897
2020-11-09,GDX,-0.060338101430429135,-1,1645,TRAIN,False,36.13,36.07,36.23,36.09,14.110350439865265,-31.689703564845853,3.042586904745932
2020-11-10,GDX,-0.029110063764901502,-1,1645,TRAIN,False,35.02,34.86,34.41,35.08,43.19910241328591,170.25506757548172,60.228978520902025
2020-11-11,GDX,-0.01405622489959845,-1,1645,TRAIN,False,34.37,34.48,34.81,34.39,-34.513158086955954,-132.07063874223857,-28.677442380014135
2020-11-13,GDX,0.014080459770115001,1,1643,TRAIN,False,35.29,35.28,35.14,35.33,-5.332455753111241,-46.48716048799237,-16.648241254664544
2020-11-17,GDX,-0.015121255349500545,-1,1645,TRAIN,False,34.52,34.3,34.29,34.43,61.24660621579788,62.65389810291263,35.26671061775431
2020-11-18,GDX,-0.02390670553935861,-1,1645,TRAIN,False,33.48,33.25,32.83,33.35,66.21440775610228,190.22263234008844,27.492005147656155
2020-11-19,GDX,-0.012932330827067661,-1,1645,TRAIN,False,32.82,33.02,33.39,32.88,-63.454189923908814,-177.74487255769208,-45.09022242404857
2020-11-23,GDX,-0.03601440576230501,-1,1645,TRAIN,False,32.12,31.89,30.98,31.98,69.12388081601102,351.06024940978085,25.649126072868754
2020-11-24,GDX,-0.025399811853245604,-1,1645,TRAIN,False,31.08,31.02,31.33,30.99,16.809346425268817,-84.4705620660807,-12.183462830030216
2020-11-25,GDX,0.019019987105093485,1,1643,TRAIN,False,31.61,31.6,31.13,31.51,-5.662265205927311,-155.78915219803218,26.055721892752917
2020-12-01,GDX,0.03696800248524402,1,1643,TRAIN,False,33.38,33.38,33.34,33.4,-2.4995000999795525,-15.977631316156065,-8.486027345426582
2020-12-07,GDX,0.031126029905401156,1,1643,TRAIN,False,33.79,33.88,34.03,33.81,24.12894159848263,66.99932579332219,18.199258698984195
2020-12-09,GDX,-0.028156490812092556,-1,1645,TRAIN,False,32.79,32.86,32.98,32.83,-23.853810103283227,-61.96847786757651,-11.640768604528684
2020-12-14,GDX,-0.01781874039938551,-1,1645,TRAIN,False,31.97,31.87,32.5,31.83,28.786645661943027,-169.8475447357235,-15.070403336088077
2020-12-15,GDX,0.029494822717289027,1,1643,TRAIN,False,32.81,32.83,33.04,32.82,3.5946788088269406,66.07334430705889,0.5466609298501621
2020-12-16,GDX,0.015534572037770488,1,1643,TRAIN,True,33.34,33.44,34.22,33.32,27.487004098879506,259.84245262525087,33.50590386124382
2020-12-17,GDX,0.03289473684210531,1,1643,TRAIN,False,34.54,34.61,34.59,34.54,17.76179216965057,10.470980499907462,17.76179216965057
2020-12-18,GDX,-0.013002022536839146,-1,1645,TRAIN,False,34.16,33.95,33.92,34.11,58.99028166288765,66.28491974741641,44.41829438886635
2020-12-22,GDX,-0.03125000000000006,-1,1645,TRAIN,False,32.86,32.92,33.15,32.84,-20.764347635200096,-92.28930387416462,-26.867127384064105
2020-12-23,GDX,0.01609963547995143,1,1643,TRAIN,False,33.45,33.51,33.36,33.46,15.433236222710223,-30.894269576579205,12.439980623121826
2020-12-30,GDX,0.019190404797601215,1,1643,TRAIN,False,33.99,34.11,34.11,34.07,32.79617686348027,31.291182187217007,9.23809954768679
2020-12-31,GDX,-0.01260627381999413,-1,1645,TRAIN,False,33.68,33.61,35.17,33.54,18.288544882372424,-446.5768450602221,-23.37632106027724
2021-01-04,GDX,0.07319250223147876,1,1643,VAL,False,36.07,35.93,36.39,36.15,-41.30321703887548,84.68170518932068,-63.341826793699695
2021-01-08,GDX,-0.052793296089385496,-1,1645,VAL,False,33.91,34.07,33.38,34.07,-49.6960200061274,152.35780863043564,-2.500500100021034
2021-01-11,GDX,-0.016730261226885833,-1,1645,VAL,False,33.51,33.38,33.49,33.5,36.303590171926224,1.9699553160404772,33.329352437648275
2021-01-15,GDX,-0.02919049052061387,-1,1645,VAL,False,32.26,32.2,32.78,32.26,16.103034618080684,-165.25561776955365,16.103034618080684
2021-01-20,GDX,0.0396435156730178,1,1643,VAL,False,33.82,33.63,33.59,33.83,-58.66523324548313,-71.97909915355578,-61.60384831103281
2021-01-21,GDX,-0.012786202795123392,-1,1645,VAL,False,33.21,33.32,32.52,33.26,-35.631335842597295,203.85106831664396,-20.544698236100917
2021-01-22,GDX,-0.012605042016806773,-1,1645,VAL,False,32.9,32.87,33.11,32.98,6.620321024691692,-67.85612441637281,30.861387559500226
2021-01-27,GDX,-0.039095907147220554,-1,1645,VAL,True,31.46,31.48,32.3,31.46,-8.859368822271463,-271.1133453645566,-8.859368822271463
2021-01-28,GDX,0.02890724269377383,1,1643,VAL,False,32.4,32.26,33.1,32.4,-45.698576334114605,211.9637800834921,-45.698576334114605
2021-02-01,GDX,0.036335403726707904,1,1643,VAL,False,33.38,33.29,32.54,33.31,-29.455013730626867,-255.5462544399445,-8.502202291453624
2021-02-02,GDX,-0.030940222288975704,-1,1645,VAL,False,32.26,32.3,32.38,32.32,-14.90285657875409,-41.21345037761417,3.6891660510322852
2021-02-04,GDX,-0.021678538247135313,-1,1645,VAL,False,31.58,31.57,31.83,31.57,0.6668528132464461,-83.19649997130462,-2.500500100021296
2021-02-05,GDX,0.020905923344947626,1,1643,VAL,False,32.23,32.29,32.91,32.29,16.112042872220822,206.89997898651774,-2.4995000999813564
2021-02-08,GDX,0.021678538247135424,1,1643,VAL,False,32.99,32.86,33.06,32.88,-41.89553116960746,17.210865192831868,-8.580704783619643
2021-02-11,GDX,-0.013973268529769163,-1,1645,VAL,False,32.46,32.48,32.19,32.45,-8.663470217150099,79.2117758117239,-11.747804106275863
2021-02-16,GDX,-0.01848998459167955,-1,1645,VAL,False,31.86,31.81,31.3,31.84,13.197083861216463,171.8385108283423,6.923966451581858
2021-02-17,GDX,-0.02955045583149946,-1,1645,VAL,False,30.87,31.0,30.95,30.96,-44.623113155186466,-29.92629624078244,-15.42362736113098
2021-02-18,GDX,-0.013870967741935475,-1,1645,VAL,False,30.57,30.59,30.87,30.58,-9.044497810259953,-102.17548907229884,-5.771428975135766
2021-02-22,GDX,0.047463175122749564,1,1643,VAL,False,32.0,31.92,31.54,31.98,-27.493251349729075,-147.69171165766872,-21.256536685157254
2021-02-23,GDX,-0.021929824561403598,-1,1645,VAL,False,31.23,31.2,30.67,31.14,7.108049852043858,175.38570153992325,-21.77314075531989
2021-02-24,GDX,0.010576923076923136,1,1643,VAL,False,31.53,31.44,30.8,31.45,-31.036609043556943,-235.43213970589858,-5.678355584844042
2021-02-25,GDX,-0.03975826972010178,-1,1645,VAL,False,30.2,30.17,29.83,30.18,7.435758674912269,118.56477255716094,0.8137810464665468
2021-02-26,GDX,-0.03612860457408032,-1,1645,VAL,False,29.08,29.05,29.41,29.07,7.818448146298952,-117.52625628289378,4.381165190725093
2021-03-02,GDX,0.03676725633021167,1,1643,VAL,False,29.89,29.82,29.33,30.0,-25.912850216842106,-191.27790366985226,-62.484503099380596
2021-03-03,GDX,-0.02380952380952384,-1,1645,VAL,False,29.12,29.25,29.2,29.16,-47.15452018975288,-31.484318841789637,-33.372415223785595
2021-03-05,GDX,0.012299282541851706,1,1643,VAL,False,29.63,29.65,29.44,29.65,4.248728384596182,-68.0977540570169,-2.4995000999803185
2021-03-09,GDX,0.03482417207237964,1,1643,VAL,False,30.31,30.14,30.21,30.19,-58.57258109578952,-36.97841757943319,-19.057135906373233
2021-03-11,GDX,0.015862524785194874,1,1643,VAL,False,30.74,30.84,30.06,30.81,30.02327315929177,-225.12088343554376,7.235164456884917
2021-03-15,GDX,0.016520894071914417,1,1643,VAL,False,31.38,31.37,31.42,31.39,-5.685446722000065,8.742674664557889,-8.869363432187408
2021-03-17,GDX,0.025279999999999973,1,1643,VAL,True,32.04,31.92,31.27,31.97,-39.943322196982926,-244.2276838015663,-18.135253149556718
2021-03-18,GDX,-0.013784461152882245,-1,1645,VAL,False,31.47,31.37,31.48,31.36,29.283740446847762,-7.179700954490548,-5.690072963574052
2021-03-23,GDX,-0.026879999999999994,-1,1645,VAL,False,30.42,30.45,30.46,30.41,-12.364899015305687,-17.155304828222636,-15.657357055101269
2021-03-26,GDX,0.01562500000000008,1,1643,VAL,False,30.55,30.58,30.33,30.56,7.318012665878125,-75.9834939722375,4.043366719326295
2021-03-30,GDX,-0.03522504892367912,-1,1645,VAL,False,29.59,29.7,29.76,29.63,-39.68451682901618,-61.47562733229308,-26.13111214885618
2021-03-31,GDX,0.024915824915824985,1,1643,VAL,False,30.44,30.32,30.74,30.31,-41.9114600207416,94.51591941795584,0.7989164291862217
2021-04-01,GDX,0.03199208443271764,1,1643,VAL,False,31.29,31.35,31.34,31.33,16.67116241181394,11.973955480557171,3.8825621406209843
2021-04-06,GDX,0.01939586645469008,1,1643,VAL,False,32.06,31.98,31.85,32.04,-27.446475770347508,-69.47518793184554,-21.22141114848127
2021-04-07,GDX,-0.01219512195121953,-1,1645,VAL,False,31.6,31.66,32.23,31.67,-21.492589657172303,-203.44765155562473,0.6578518103364742
2021-04-08,GDX,0.024005053695514894,1,1643,VAL,False,32.42,32.4,31.83,32.33,-8.666989612566729,-185.91284827550334,19.14680472504373
2021-04-12,GDX,-0.02376543209876542,-1,1645,VAL,False,31.63,31.69,32.09,31.62,-21.474576293698046,-149.49053674155593,-24.643923092019744
2021-04-13,GDX,0.017671189649731734,1,1643,VAL,False,32.25,32.25,32.23,32.22,-2.499500099980374,-10.198270423434979,6.80915958335304
2021-04-15,GDX,0.04407627383557362,1,1643,VAL,False,33.4,33.32,33.67,33.38,-26.445609081774744,76.80679432975855,-20.469842520411802
2021-04-20,GDX,0.010182689427972336,1,1643,VAL,False,33.73,33.78,33.79,33.73,12.320393911139393,13.782004939066963,12.320393911139393
2021-04-21,GDX,0.0165778567199527,1,1643,VAL,False,34.34,34.36,34.18,34.27,3.3231559861592133,-50.57346131239703,23.755972470519758
2021-04-22,GDX,-0.019790454016298014,-1,1645,VAL,False,33.68,33.76,34.06,33.77,-26.25940865132536,-116.87254315471037,0.4614485230486532
2021-04-27,GDX,-0.015787905868334857,-1,1645,VAL,False,33.05,32.94,32.54,33.02,30.790726980491996,150.37258586361733,21.733298809975214
2021-04-29,GDX,-0.019347037484885147,-1,1645,VAL,False,32.43,32.44,32.26,32.45,-5.584835746059209,48.440770485272935,0.5819345687322364
2021-05-03,GDX,0.04304429195258875,1,1643,VAL,False,33.44,33.29,33.27,33.44,-47.34474755766322,-54.816189872070154,-47.34474755766322
2021-05-04,GDX,-0.011414839291078479,-1,1645,VAL,False,32.91,32.95,33.1,32.9,-14.657899674742652,-61.75710985405971,-17.701868641207906
2021-05-06,GDX,0.03460728257598573,1,1643,VAL,False,34.38,34.3,34.87,34.32,-25.76302656862489,138.46852502681458,-8.325549342346152
2021-05-07,GDX,0.015743440233236334,1,1643,VAL,False,34.84,34.91,35.44,34.82,17.58732639235478,168.14777113463578,23.341253633248506
2021-05-12,GDX,-0.023063781321184373,-1,1645,VAL,False,34.31,34.39,34.26,34.32,-25.82314772485145,10.578040994384837,-22.90187058390716
2021-05-14,GDX,0.025827045850261188,1,1643,VAL,False,35.34,35.31,35.71,35.32,-10.98634262960524,100.65615626167323,-5.330049505386406
2021-05-17,GDX,0.049844236760124554,1,1643,VAL,False,37.07,37.02,37.12,37.07,-15.984124459164372,9.483401404423647,-15.984124459164372
2021-05-19,GDX,-0.020292207792207792,-1,1645,VAL,False,36.21,36.43,36.47,36.3,-63.27238935773961,-75.83289648816194,-38.32212723536727
2021-05-20,GDX,0.015097447158934865,1,1643,VAL,False,36.98,36.86,37.08,36.94,-34.941362187270045,23.031629477241996,-24.15082765796545
2021-06-03,GDX,-0.03198698834372458,-1,1645,VAL,False,35.72,35.62,35.98,35.66,25.50202089690154,-76.81827518919101,8.719354639295616
2021-06-04,GDX,0.012352610892757014,1,1643,VAL,False,36.05,36.09,35.97,36.08,8.593426945680767,-26.181726206768985,0.271425759195942
2021-06-08,GDX,-0.013033832501386546,-1,1645,VAL,False,35.59,35.55,35.6,35.56,8.741422350220247,-6.811702323605173,0.31235155917654306
2021-06-10,GDX,0.023970671178793045,1,1643,VAL,False,36.31,36.34,36.11,36.24,5.760621491785724,-59.05841690378497,25.087421809236876
2021-06-11,GDX,-0.017061089708310526,-1,1645,VAL,False,35.72,35.72,35.05,35.73,-2.500500100019847,183.64423164588234,0.29896827392249126
2021-06-15,GDX,-0.010146561443066502,-1,1645,VAL,False,35.12,35.07,35.02,35.06,11.739961887590868,24.48439574019333,-5.353466586072677
2021-06-16,GDX,-0.017393783860849714,-1,1645,VAL,True,34.45,34.31,33.2,34.42,38.14826826032811,358.98906922168294,29.46565489739345
2021-06-17,GDX,-0.051005537744097926,-1,1645,VAL,False,32.56,32.59,32.51,32.53,-11.716563214363337,11.361608931124664,-20.949624908075346
2021-06-18,GDX,-0.01687634243633029,-1,1645,VAL,False,32.03,31.84,32.34,31.95,56.83372078724226,-100.82378636201756,31.936903812686637
2021-06-21,GDX,0.021984924623115555,1,1643,VAL,False,32.53,32.44,32.28,32.49,-30.159353926940604,-80.8206019417087,-17.885004101058023
2021-06-28,GDX,-0.014348097317529658,-1,1645,VAL,False,31.61,31.7,31.16,31.66,-30.979622055383192,138.41616789033156,-15.137898078668723
2021-06-29,GDX,-0.010094637223974773,-1,1645,VAL,False,31.38,31.39,31.39,31.4,-5.688040093679511,-7.188818260783935,0.6850096133862134
2021-07-02,GDX,0.015777847901546117,1,1643,VAL,False,32.19,32.12,32.68,32.16,-24.239948530954123,148.1611102445563,-14.93420221428297
2021-07-08,GDX,-0.028837209302325573,-1,1645,VAL,False,31.33,31.42,31.54,31.34,-31.234143413427503,-71.05602416365865,-28.033366724398626
2021-07-09,GDX,0.022915340547421986,1,1643,VAL,False,32.15,32.07,31.91,32.1,-27.376639757585544,-78.61942386017311,-11.842958511101928
2021-07-12,GDX,-0.014967259120673539,-1,1645,VAL,False,31.59,31.62,31.72,31.64,-11.999550907333418,-45.16952773270636,3.8221930100299693
2021-07-13,GDX,0.012017710309930391,1,1643,VAL,False,31.99,31.98,32.74,32.01,-5.624695629801079,230.3553043689482,-11.86922877842355
2021-07-14,GDX,0.016572858036272595,1,1643,VAL,False,32.51,32.41,32.51,32.47,-33.25157792188113,-3.9992001599665095,-20.973477001550748
2021-07-16,GDX,-0.031872509960159445,-1,1645,VAL,False,31.59,31.65,31.28,31.66,-21.498601714646163,94.17078097480781,0.6588493946408321
2021-07-19,GDX,-0.02685624012638224,-1,1645,VAL,False,30.81,30.97,31.15,30.87,-54.44467666659001,-114.3987317424531,-34.90251014245535
2021-07-21,GDX,0.011264885741873235,1,1643,VAL,False,31.42,31.37,31.43,31.39,-18.408953473469133,-0.8177867927376273,-8.869363432187408
2021-07-26,GDX,0.010992563853863558,1,1643,VAL,False,31.27,31.26,31.4,31.26,-5.696654081399042,37.55756683648889,-2.4995000999802577
2021-07-28,GDX,0.012412476129853502,1,1643,VAL,True,31.81,31.9,32.42,31.78,25.78641769288466,187.6877060928598,35.25065911927713
2021-07-29,GDX,0.025391849529780637,1,1643,VAL,False,32.72,32.72,32.47,32.75,-2.499500099978738,-80.37451189468543,-11.657515825078058
2021-08-05,GDX,-0.015716486902927627,-1,1645,VAL,False,31.94,31.97,31.14,31.96,-11.895459868429167,246.5690382910655,-5.6301936232051775
2021-08-06,GDX,-0.02815139192993427,-1,1645,VAL,False,31.06,31.01,30.6,30.99,13.601400254292734,144.15890261117264,-8.955808586694697
2021-08-09,GDX,-0.023540793292486307,-1,1645,VAL,False,30.27,30.26,30.16,30.3,0.8039268904313914,32.35334876688022,10.704121022223728
2021-08-10,GDX,-0.010575016523463326,-1,1645,VAL,False,29.94,29.88,30.26,29.89,17.54459108254489,-110.92398840489514,0.8459370027227551
2021-08-11,GDX,0.02008032128514061,1,1643,VAL,False,30.48,30.47,30.3,30.47,-5.779519949029263,-63.030700946423934,-2.499500099980678
2021-08-12,GDX,-0.017065966524450266,-1,1645,VAL,False,29.95,30.01,30.4,29.96,-22.538898430773045,-154.31132971168546,-19.193591722350533
2021-08-13,GDX,0.01999333555481499,1,1643,VAL,False,30.61,30.62,30.66,30.65,0.7665895765648811,12.32879853300887,-12.284981829081621
2021-08-17,GDX,-0.014778325123152686,-1,1645,VAL,False,30.01,30.09,30.17,30.03,-29.164946618113998,-57.337692130228284,-22.48551608423613
2021-08-18,GDX,-0.021934197407776676,-1,1645,VAL,False,29.42,29.38,29.33,29.42,11.099092694133915,26.602873259901518,11.099092694133915
2021-08-19,GDX,-0.01497617426820959,-1,1645,VAL,False,28.93,28.89,28.78,28.94,11.329434915672042,47.86923509831588,14.780945131666302
2021-08-23,GDX,0.04447533009034043,1,1643,VAL,False,30.05,29.97,30.19,30.02,-29.11514202983097,42.571186261915834,-19.1508999998807
2021-08-25,GDX,-0.013351134846462021,-1,1645,VAL,False,29.56,29.56,29.35,29.57,-2.500500100020307,67.0695708830537,0.8821514049169696
2021-08-27,GDX,0.03779366700715013,1,1643,VAL,False,30.47,30.43,30.43,30.39,-15.62388539686193,-17.12161670061783,10.659434417822387
2021-08-30,GDX,-0.013473545842918178,-1,1645,VAL,False,30.02,30.02,30.1,29.99,-2.5005001000218114,-30.660362585509144,-12.506335878714237
2021-08-31,GDX,0.013324450366422456,1,1643,VAL,False,30.42,30.42,30.59,30.4,-2.4995000999793744,51.86273724873686,4.077802860481209
2021-09-03,GDX,0.0270448548812665,1,1643,VAL,False,31.14,31.05,30.69,31.09,-31.39401021529764,-148.4500787703729,-15.362157545975078
2021-09-07,GDX,-0.027375201288244812,-1,1645,VAL,False,30.2,30.18,30.16,30.18,4.123672416602082,9.24953202561136,-2.500500100020122
2021-09-09,GDX,-0.011655011655011703,-1,1645,VAL,False,29.67,29.82,29.81,29.86,-53.069258947846166,-51.205387690277234,10.898696819068375
2021-09-10,GDX,-0.013413816230717591,-1,1645,VAL,False,29.41,29.39,29.56,29.47,4.3016083665551195,-55.024265648776435,24.652538244329556
2021-09-13,GDX,0.022456617897243965,1,1643,VAL,False,30.06,29.96,30.12,29.97,-35.75798479691879,15.952897244903614,-5.835336102615039
2021-09-16,GDX,-0.04152823920265781,-1,1645,VAL,False,28.85,28.85,28.64,28.8,-2.5005001000204885,68.81861640959208,-19.86595235713896
2021-09-17,GDX,-0.01005199306759108,-1,1645,VAL,False,28.56,28.53,28.31,28.57,8.006328156385512,83.56923485537445,11.503700810163295
2021-09-23,GDX,-0.017919887561489864,-1,1645,VAL,False,27.95,27.89,27.68,27.95,18.97177288767135,92.6389213441981,18.97177288767135
2021-09-28,GDX,-0.012639942217407057,-1,1645,VAL,False,27.34,27.4,27.33,27.4,-24.451854525989553,-0.34169233261331344,-2.500500100020012
2021-09-29,GDX,-0.013503649635036403,-1,1645,VAL,False,27.02,26.97,27.32,26.99,16.00893827914349,-115.07408809667162,4.911504716651958
2021-09-30,GDX,0.024471635150166857,1,1643,VAL,False,27.63,27.5,27.69,27.54,-49.53804751174201,17.707641967807945,-17.02019799380631
2021-10-06,GDX,0.014033825116948563,1,1643,VAL,False,28.18,28.31,28.08,28.21,43.62097772070841,-39.47116893157932,32.94006211164697
2021-10-08,GDX,0.010578279266572663,1,1643,VAL,False,28.66,28.62,28.66,28.63,-16.45274573836022,-3.9992001599668163,-5.991466743325252
2021-10-12,GDX,0.01927795303189615,1,1643,VAL,False,29.08,29.05,29.33,29.04,-12.81329016177375,81.93615747276941,0.9431653614194908
2021-10-13,GDX,0.032702237521514604,1,1643,VAL,False,30.0,30.0,30.42,29.95,-2.4995000999800987,135.94481103779367,14.190817929903183
2021-10-14,GDX,0.022000000000000006,1,1643,VAL,False,30.66,30.65,29.99,30.61,-5.7602634724203865,-222.43757380291743,10.564858606195028
2021-10-15,GDX,-0.015008156606851463,-1,1645,VAL,False,30.19,30.34,30.23,30.28,-52.19825018332653,-17.255521326192078,-22.320514301011784
2021-10-20,GDX,0.010883905013192556,1,1643,VAL,False,30.65,30.66,30.54,30.64,0.7623271430556474,-39.87391754927835,4.026283516142975
2021-10-22,GDX,0.010150622134905118,1,1643,VAL,False,30.85,30.78,31.2,30.87,-25.184266226172024,109.40761604567213,-31.646731878113794
2021-10-25,GDX,0.018518518518518528,1,1643,VAL,False,31.35,31.21,30.96,31.2,-47.145435346742865,-128.35136322017888,0.704826983322323
2021-10-28,GDX,-0.015867875647668343,-1,1645,VAL,False,30.4,30.41,29.91,30.36,-5.790796317159453,157.24789694781003,-18.97365639135796
2021-10-29,GDX,-0.025320618217691535,-1,1645,VAL,False,29.64,29.59,29.64,29.66,14.372813834021127,-4.000800160032561,21.10621045314942
2021-11-02,GDX,-0.013790783720148003,-1,1645,VAL,False,29.31,29.42,29.01,29.35,-40.039737732604756,98.39429503096031,-26.356548992933355
2021-11-03,GDX,0.010197144799456055,1,1643,VAL,True,29.72,29.73,30.13,29.81,0.864396434307837,133.8998687476509,-29.32942428622533
2021-11-05,GDX,0.02869682646860222,1,1643,VAL,False,30.47,30.56,30.87,30.53,27.03036681800447,127.2249652465317,7.324444053212976
2021-11-09,GDX,0.010097719869706914,1,1643,VAL,False,31.01,31.09,31.85,31.04,23.29218129286075,266.7728305354734,13.60472106609568
2021-11-10,GDX,0.017690575747828906,1,1643,VAL,False,31.63,31.64,32.4,31.62,0.6612651544950718,239.34321577037912,3.8240296279773647
2021-11-11,GDX,0.023072060682680053,1,1643,VAL,False,32.37,32.38,32.14,32.34,0.589007932120673,-75.0242290127065,9.865992169532378
2021-11-16,GDX,-0.01566339066339082,-1,1645,VAL,False,32.06,31.99,32.37,32.07,19.33902064255701,-100.73318469058432,22.451169373256544
2021-11-19,GDX,-0.01439749608763696,-1,1645,VAL,False,31.49,31.42,30.81,31.45,19.73433746768208,212.02716249823447,7.040835830121729
2021-11-22,GDX,-0.017504774029280735,-1,1645,VAL,False,30.88,30.79,30.34,30.81,26.651865347161575,170.93962834017586,3.9925219708000146
2021-11-23,GDX,-0.01656381942189016,-1,1645,VAL,False,30.28,30.32,30.06,30.34,-15.713842900681321,68.68348570638933,4.093106030566102
2021-12-01,GDX,-0.028311425682507697,-1,1645,VAL,False,28.83,28.77,28.81,28.95,18.316358380936833,2.9391934578386874,59.69121285396841
2021-12-02,GDX,-0.0100799443865137,-1,1645,VAL,False,28.48,28.42,28.45,28.52,18.57218353782914,6.537122031148862,32.57138103637411
2021-12-06,GDX,0.011522346368715025,1,1643,VAL,False,28.97,29.04,29.06,28.98,21.6573875421677,27.05499631865238,18.199258698984195
2021-12-09,GDX,-0.0265486725663716,-1,1645,VAL,False,28.6,28.63,28.87,28.57,-12.99263349173339,-98.4441643573465,-23.506801465299116
2021-12-15,GDX,-0.014239943040227788,-1,1645,VAL,True,27.69,27.71,28.11,27.66,-9.72513029149664,-155.74079062832965,-20.58166513996973
2021-12-16,GDX,0.04655359076145792,1,1643,VAL,False,29.0,29.1,29.25,28.97,31.974639554847904,82.1732205283083,42.36329123543759
2021-12-30,GDX,0.01788124156545213,1,1643,VAL,False,30.17,30.17,30.39,30.18,-2.4995000999798593,68.89175694857731,-5.81212452009137
2022-01-03,GDX,-0.02301874383426502,-1,1645,VAL,False,29.71,29.67,29.85,29.66,10.966346753024624,-51.14183388680408,-5.872887321902016
2022-01-05,GDX,-0.015105740181268859,-1,1645,VAL,False,29.34,29.29,28.64,29.38,14.545342606352472,234.67679220915826,28.140243433300267
2022-01-06,GDX,-0.03141003755547962,-1,1645,VAL,False,28.37,28.25,28.44,28.29,39.80827889229508,-28.684623071952636,11.642307252540824
2022-01-10,GDX,0.01368901368901371,1,1643,VAL,False,28.88,28.96,29.07,28.92,25.194407101959477,61.76396299687414,11.328301421320438
2022-01-11,GDX,0.018646408839778975,1,1643,VAL,False,29.5,29.56,29.69,29.51,17.834399221850376,60.38182194069673,14.439673908660977
2022-01-12,GDX,0.014546684709066298,1,1643,VAL,False,29.99,30.1,29.96,30.08,34.170224974680536,-13.998534071110043,4.147774168572577
2022-01-13,GDX,-0.011295681063122918,-1,1645,VAL,False,29.76,29.66,29.71,29.76,31.110052655691387,12.80699688324731,31.110052655691387
2022-01-18,GDX,-0.010884353741496608,-1,1645,VAL,False,29.09,29.05,29.45,28.99,11.25336789599189,-127.80417891759794,-23.202467330307613
2022-01-19,GDX,0.0733218588640275,1,1643,VAL,False,31.18,31.13,31.43,31.21,-18.531412383334082,76.14833672136739,-28.12590317566146
2022-01-21,GDX,-0.024112088628217725,-1,1645,VAL,False,29.94,30.05,29.98,30.0,-39.249833934723604,-17.36619869063905,-19.17133426685515
2022-01-24,GDX,-0.014309484193011637,-1,1645,VAL,False,29.61,29.86,29.53,29.68,-86.9525475510508,23.027908519900727,-63.16256512758131
2022-01-26,GDX,-0.03193612774451089,-1,1645,VAL,True,29.09,29.08,28.36,29.05,0.9379668989835003,247.04494009836753,-12.830104747283503
2022-01-27,GDX,-0.02957359009628609,-1,1645,VAL,False,28.22,28.18,27.84,28.19,11.677388631516703,130.70934527089634,1.0477441355592811
2022-01-28,GDX,-0.018807665010645888,-1,1645,VAL,False,27.65,27.82,28.06,27.68,-63.99869485651332,-152.34222251321864,-53.09118182017964
2022-01-31,GDX,0.028037383177570135,1,1643,VAL,False,28.6,28.7,29.0,28.61,32.456795354214805,135.80500683080086,28.95016942085209
2022-02-07,GDX,0.0291060291060291,1,1643,VAL,False,29.71,29.71,29.67,29.73,-2.4995000999807244,-17.457296154367253,-9.225030204184094
2022-02-10,GDX,-0.029676558852950886,-1,1645,VAL,False,29.09,29.14,29.21,29.02,-19.692835095035722,-45.26859307921968,-43.86163242297003
2022-02-11,GDX,0.06314344543582703,1,1643,VAL,False,30.98,30.79,30.89,30.87,-63.81406094507383,-33.0385827289021,-28.408150569432458
2022-02-14,GDX,0.01883728483273796,1,1643,VAL,False,31.37,31.41,30.59,31.46,10.248348800116222,-252.5449643893343,-18.3887253064323
2022-02-15,GDX,-0.018465456860872392,-1,1645,VAL,False,30.83,30.84,31.02,30.78,-5.74490506275308,-65.65374054376296,-21.998551757136216
2022-02-16,GDX,0.03534370946822308,1,1643,VAL,False,31.93,31.83,32.31,31.89,-33.81018127724299,114.96354033296203,-21.309472818512575
2022-02-17,GDX,0.04115614200439844,1,1643,VAL,False,33.14,33.02,33.07,33.14,-38.70046751060142,-25.11326340646128,-38.70046751060142
2022-02-18,GDX,-0.013022410660205926,-1,1645,VAL,False,32.59,32.75,32.96,32.75,-51.607590619074244,-117.57798015571046,-2.5005001000194658
2022-02-22,GDX,-0.010687022900763402,-1,1645,VAL,False,32.4,32.38,32.33,32.45,3.6738829247314304,17.61278181562483,19.076542581242194
2022-02-23,GDX,0.019456454601605788,1,1643,VAL,False,33.01,32.97,34.22,32.95,-14.614011460053264,362.40979613831826,3.568785484175256
2022-02-24,GDX,-0.02487109493478921,-1,1645,VAL,False,32.15,32.33,31.97,32.27,-58.50205810991305,52.00915766356935,-21.098269855395767
2022-03-01,GDX,0.036458333333333266,1,1643,VAL,False,33.83,34.04,33.52,33.96,59.560065521628246,-95.5971974390204,21.051737826757208
2022-03-04,GDX,0.042105263157894667,1,1643,VAL,False,35.64,35.51,35.78,35.61,-38.96625276516104,35.266796247932525,-30.574480442300967
2022-03-07,GDX,0.02562658406082804,1,1643,VAL,False,36.42,36.42,36.86,36.46,-2.499500099979494,116.76522465962672,-13.46768495999056
2022-03-09,GDX,-0.013107591480065453,-1,1645,VAL,False,36.14,36.2,36.46,36.22,-19.10675438906435,-92.58077404080642,3.022691782970042
2022-03-10,GDX,0.02486187845303863,1,1643,VAL,False,37.09,36.94,35.89,37.01,-42.93155927994904,-327.40715270264906,-21.408579672878513
2022-03-11,GDX,-0.014618299945858126,-1,1645,VAL,False,36.39,36.35,35.49,36.41,8.494279235071618,243.41884040451947,13.982609760072682
2022-03-14,GDX,-0.04951856946354895,-1,1645,VAL,False,34.55,34.87,33.94,34.78,-95.14305176520152,172.62555260690385,-28.383911399876915
2022-03-17,GDX,0.020489470688673843,1,1643,VAL,False,35.86,35.79,35.35,35.89,-22.01497793023614,-146.16206708462934,-30.355450225084144
2022-03-18,GDX,-0.012573344509639445,-1,1645,VAL,False,35.33,35.33,35.55,35.36,-2.5005001000211418,-66.29573862692096,5.985784260924033
2022-03-21,GDX,0.026606283611661615,1,1643,VAL,False,36.26,36.22,36.27,36.23,-13.528182394408253,-1.2424431826244038,-5.2589537295401945
2022-03-22,GDX,-0.012700165654334645,-1,1645,VAL,False,35.77,35.85,36.1,35.87,-24.871202923838524,-96.29379048859668,3.0765840929536243
2022-03-23,GDX,0.02510460251046021,1,1643,VAL,False,36.74,36.76,37.1,36.73,2.942797395881827,93.947459827578,5.666168699285871
2022-03-28,GDX,-0.02774755168661578,-1,1645,VAL,False,35.74,35.79,35.03,35.71,-16.49392553384739,194.73564550627054,-24.90879021505815
2022-03-29,GDX,0.010617490919251259,1,1643,VAL,False,36.17,36.28,36.32,36.23,27.90484203408129,37.455047005529075,11.297768047825459
2022-04-01,GDX,0.029112881076627364,1,1643,VAL,False,37.47,37.49,37.71,37.47,2.8367691820595975,60.02642545950376,2.8367691820595975
2022-04-04,GDX,-0.01600426780474797,-1,1645,VAL,False,36.9,37.16,37.39,36.98,-72.9788234069582,-136.84525522990742,-51.18763071164946
2022-04-05,GDX,-0.02287405812701815,-1,1645,VAL,False,36.31,36.34,36.31,36.3,-10.764752785313595,-4.0008001600304715,-13.522539218590591
2022-04-07,GDX,0.01517241379310337,1,1643,VAL,False,36.8,36.77,36.96,36.73,-10.649636377069857,39.46167288281729,8.388058299042582
2022-04-08,GDX,0.02638020125101982,1,1643,VAL,False,37.74,37.66,38.17,37.69,-23.69186999908039,109.89270084509963,-10.457181580398505
2022-04-13,GDX,0.022498676548438363,1,1643,VAL,False,38.63,38.63,38.47,38.58,-2.499500099978937,-45.401222628889336,10.457343471690436
2022-04-19,GDX,-0.03350515463917519,-1,1645,VAL,False,37.49,37.69,37.58,37.54,-55.86139900692773,-28.01680634873228,-42.4678702389393
2022-04-21,GDX,-0.046719160104986904,-1,1645,VAL,False,36.32,36.16,35.17,36.37,41.56337875504627,312.7558331049475,55.25383327971462
2022-04-22,GDX,-0.028761061946902634,-1,1645,VAL,False,35.12,35.07,33.67,35.23,11.739961887590868,409.03454039327033,42.92669490468842
2022-04-25,GDX,-0.031080695751354533,-1,1645,VAL,False,33.98,33.86,34.04,33.93,32.8232215012729,-21.665310107343164,18.13536889517575
2022-04-26,GDX,-0.018310691080921367,-1,1645,VAL,False,33.24,33.13,33.18,33.27,30.600434166255077,14.056963017153228,39.58997390100209
2022-04-28,GDX,0.02276867030965392,1,1643,VAL,False,33.68,33.62,33.96,33.61,-20.309774149682127,79.10294425675654,0.47506119127374924
2022-05-02,GDX,-0.015051173991571343,-1,1645,VAL,False,32.73,32.8,32.92,32.66,-23.892954576250514,-62.0747430879398,-45.37710971465647
2022-05-03,GDX,0.017987804878048887,1,1643,VAL,False,33.39,33.33,33.29,33.35,-20.4644605670067,-33.936309473655996,-8.495002648646212
2022-05-04,GDX,0.013501350135013588,1,1643,VAL,True,33.77,33.97,34.27,33.98,56.70986027846211,144.001996165766,-5.441672112898091
2022-05-05,GDX,-0.04180158963791586,-1,1645,VAL,False,32.54,32.88,32.73,32.77,-107.01341251655555,-62.41383494891802,-36.0761807533941
2022-05-06,GDX,-0.01459854014598552,-1,1645,VAL,False,32.4,32.51,31.67,32.54,-36.459606736161625,221.39798330036427,6.721227466145216
2022-05-09,GDX,-0.055982774530913465,-1,1645,VAL,False,30.69,30.6,31.02,30.73,26.83234594132818,-111.57070123702113,39.81401552031702
2022-05-10,GDX,-0.017647058823529498,-1,1645,VAL,False,30.06,30.08,30.58,30.06,-9.155523719515058,-177.05736756133547,-9.155523719515058
2022-05-12,GDX,-0.05257903494176379,-1,1645,VAL,False,28.47,28.65,28.59,28.56,-65.7407561596624,-46.167294575879495,-34.0209848692436
2022-05-13,GDX,0.022338568935427596,1,1643,VAL,False,29.29,29.32,29.23,29.25,7.740343361850192,-24.475814976983056,21.42614212200324
2022-05-16,GDX,0.010572987721691634,1,1643,VAL,False,29.63,29.6,29.97,29.52,-12.621842826843732,110.7034752347551,24.593997189721954
2022-05-18,GDX,-0.022252191503708704,-1,1645,VAL,False,29.0,28.91,29.66,29.06,28.541742831323685,-231.67805974988056,49.129750244610904
2022-05-19,GDX,0.05603597371151854,1,1643,VAL,False,30.53,30.52,30.54,30.5,-5.774148151044204,-0.7250433306717647,4.05623793274172
2022-05-20,GDX,-0.010484927916120585,-1,1645,VAL,False,30.2,30.44,30.99,30.36,-81.9905702994922,-265.6948608264684,-28.85755016616182
2022-05-24,GDX,0.016982364467668175,1,1643,VAL,False,31.14,31.08,30.7,31.09,-21.762506843525678,-145.24005924569738,-5.715164461479137
2022-05-31,GDX,-0.023979261179520366,-1,1645,VAL,False,30.12,30.12,30.4,30.19,-2.5005001000209006,-96.99947957718979,20.691783272188523
2022-06-02,GDX,0.043807641633728654,1,1643,VAL,False,31.68,31.66,31.26,31.66,-8.8110534458767,-136.52193803663482,-2.499500099980181
2022-06-03,GDX,-0.022425773847125737,-1,1645,VAL,False,30.95,30.91,31.18,30.93,10.426802646473265,-78.34394019353087,3.967330808546958
2022-06-06,GDX,-0.013264315755418962,-1,1645,VAL,False,30.5,30.59,30.53,30.54,-32.01607534621796,-13.840800947074722,-18.876565096910017
2022-06-09,GDX,-0.034235409194652774,-1,1645,VAL,False,29.62,29.52,29.09,29.6,31.268914147447095,175.00394069360902,24.533285035384893
2022-06-10,GDX,0.04979674796747964,1,1643,VAL,False,30.99,30.92,29.69,30.8,-25.081785837087374,-423.3215957647436,36.4518005489818
2022-06-13,GDX,-0.06338939197930145,-1,1645,VAL,False,28.96,28.93,29.03,29.01,7.861206219143649,-28.181741320639684,25.083093143964525
2022-06-14,GDX,-0.028344279294849648,-1,1645,VAL,False,28.1,28.2,28.91,28.2,-38.096587288988665,-292.3723534742532,-2.5005001000211067
2022-06-15,GDX,0.023758865248227012,1,1643,VAL,True,28.88,28.66,28.39,28.59,-78.65774490531203,-173.59893672235046,21.978465447170617
2022-06-16,GDX,0.02058618283321702,1,1643,VAL,False,29.25,29.2,29.15,29.23,-19.589244544253912,-38.173561868822745,-12.76036274099985
2022-06-17,GDX,-0.013698630136986254,-1,1645,VAL,False,28.8,28.85,28.81,28.82,-19.86595235713896,-7.47441154897555,-12.912540870423728
2022-06-23,GDX,-0.03921568627450971,-1,1645,VAL,False,27.44,27.45,27.56,27.51,-6.145726229794044,-47.75007479629915,19.315204371299618
2022-06-24,GDX,0.02695810564663031,1,1643,VAL,False,28.19,28.16,27.97,28.17,-13.13891177068016,-82.00984847372564,-6.048488562849572
2022-06-28,GDX,-0.02001429592566114,-1,1645,VAL,False,27.42,27.41,27.68,27.39,1.1473848380174543,-98.86003458897339,-9.804260961722605
2022-06-29,GDX,-0.014228383801532308,-1,1645,VAL,False,27.02,27.0,26.8,26.99,4.903275251644984,77.45294432683748,-6.206502508357661
2022-06-30,GDX,-0.03666666666666661,-1,1645,VAL,False,26.02,25.99,25.59,26.08,9.03197549579103,161.3228102961104,32.01733138038547
2022-07-01,GDX,0.030396306271643046,1,1643,VAL,False,26.78,26.73,26.28,26.82,-21.16548310950225,-190.63102988065503,-36.04815949561793
2022-07-05,GDX,-0.04190048634493083,-1,1645,VAL,False,25.61,25.59,25.63,25.67,5.310902086702761,-11.813373998501486,28.67207644879233
2022-07-06,GDX,-0.010550996483001156,-1,1645,VAL,False,25.33,25.43,25.64,25.33,-41.98925059390172,-126.43428804197505,-41.98925059390172
2022-07-07,GDX,0.015336217066456962,1,1643,VAL,False,25.82,25.78,25.89,25.82,-17.987494677671602,23.10072454912537,-17.987494677671602
2022-07-11,GDX,-0.01323472168158816,-1,1645,VAL,False,25.35,25.3,25.31,25.28,17.228297730550914,11.784605441799998,-10.413870748834468
2022-07-12,GDX,-0.01660079051383406,-1,1645,VAL,False,24.88,24.93,24.74,24.86,-22.601988243309457,52.29180884408494,-30.665223953882922
2022-07-13,GDX,0.01965503409546739,1,1643,VAL,False,25.41,25.47,24.45,25.42,21.107348778178547,-381.65212294022837,17.165135029641256
2022-07-14,GDX,-0.038476639183352986,-1,1645,VAL,False,24.49,24.41,24.57,24.46,30.17406257894914,-36.68026377835878,17.946148510160043
2022-07-19,GDX,0.010651372388365488,1,1643,VAL,False,24.68,24.7,24.79,24.69,5.602202087944505,40.55347763510517,1.5497103090510218
2022-07-20,GDX,-0.027530364372469626,-1,1645,VAL,False,24.02,23.98,24.09,24.02,14.156453272334666,-33.154840793304594,14.156453272334666
2022-07-21,GDX,0.015429524603836571,1,1643,VAL,False,24.35,24.44,24.54,24.41,34.45224712757694,73.99834201537392,9.78747306663376
2022-07-25,GDX,-0.037728026533996685,-1,1645,VAL,False,23.21,23.34,23.41,23.17,-58.52484585672061,-90.2050293729572,-75.88958447710252
2022-07-26,GDX,0.02056555269922881,1,1643,VAL,False,23.81,23.83,23.89,23.81,5.898232365286366,29.586690809676867,5.898232365286366
2022-07-27,GDX,0.02014267729752415,1,1643,VAL,True,24.31,24.24,24.93,24.28,-31.287037532846547,250.93788317614263,-18.96984688729543
2022-07-28,GDX,0.016089108910891114,1,1643,VAL,False,24.62,24.68,24.85,24.62,21.864839054934546,89.38342307168188,21.864839054934546
2022-07-29,GDX,0.010534846029173484,1,1643,VAL,False,24.94,24.94,25.05,24.92,-2.499500099980089,40.089015075894174,5.5241760636636394
2022-08-03,GDX,-0.01750101750101749,-1,1645,VAL,False,24.14,24.25,24.49,24.18,-48.07941704330942,-149.04637928414118,-31.45728401263479
2022-08-04,GDX,0.04041237113402064,1,1643,VAL,False,25.23,25.09,24.5,25.09,-57.97512713073669,-293.22157764245793,-2.499500099979169
2022-08-05,GDX,-0.01514547628537262,-1,1645,VAL,False,24.71,24.95,25.41,24.84,-99.65145598929573,-287.4002562552158,-46.794987016726665
2022-08-08,GDX,0.026452905811623253,1,1643,VAL,False,25.61,25.63,25.81,25.6,5.307997361870249,74.06406262675644,9.216320798339755
2022-08-11,GDX,-0.015916149068322987,-1,1645,VAL,False,25.35,25.27,25.49,25.3,29.065576428894488,-59.24971976643738,9.360172429741676
2022-08-12,GDX,0.021764938662445617,1,1643,VAL,False,25.82,25.84,25.23,25.86,5.244497188865696,-232.4128512794732,-10.231519048084103
2022-08-15,GDX,-0.022832817337461293,-1,1645,VAL,False,25.25,25.28,25.16,25.3,-14.384659110041571,31.65702447420148,5.4066149198206
2022-08-17,GDX,-0.03427895981087461,-1,1645,VAL,False,24.51,24.47,24.54,24.55,13.82345012454271,-16.245599181033953,30.094206213952024
2022-08-19,GDX,-0.02122448979591835,-1,1645,VAL,False,23.98,23.97,23.7,24.03,1.6706844287963765,112.80988474592502,22.474532359656592
2022-08-23,GDX,0.021675698207586625,1,1643,VAL,False,24.51,24.4,24.27,24.4,-47.36792339614522,-101.87925695154641,-2.499500099980002
2022-08-26,GDX,-0.05239822652156377,-1,1645,VAL,False,23.51,23.64,23.53,23.63,-57.809945655656335,-12.511221938133499,-6.733466879581224
2022-08-29,GDX,-0.012690355329949268,-1,1645,VAL,False,23.34,23.36,23.34,23.39,-11.07162306497364,-4.000800160030964,10.32870105444746
2022-08-30,GDX,-0.021404109589041095,-1,1645,VAL,False,22.86,22.86,22.8,22.88,-2.500500100020938,22.256419787895133,6.2429443930730555
2022-08-31,GDX,-0.010061242344706931,-1,1645,VAL,False,22.63,22.59,22.17,22.7,15.179571486546338,199.35051968413967,45.96976664055263
2022-09-01,GDX,-0.030101814962372717,-1,1645,VAL,False,21.91,21.89,22.36,21.88,6.630034359222024,-209.46863950608412,-7.072026836812897
2022-09-02,GDX,0.03152124257651885,1,1643,VAL,False,22.58,22.59,22.66,22.49,1.928090909719559,31.416214542743315,41.95359238512555
2022-09-06,GDX,-0.015050907481186359,-1,1645,VAL,False,22.25,22.25,22.24,22.28,-2.5005001000199654,0.49537997487274754,10.96785784445875
2022-09-07,GDX,0.039550561797752765,1,1643,VAL,False,23.12,23.09,22.87,23.01,-15.472035350715007,-112.08744410287397,32.25930215956003
2022-09-09,GDX,0.029399048854301762,1,1643,VAL,False,23.81,23.83,24.34,23.87,5.898232365286366,218.50732751391905,-19.252747690933017
2022-09-12,GDX,0.011330255979857455,1,1643,VAL,False,24.1,24.16,23.29,24.19,22.390542638360994,-339.9643722707741,-14.898219198656719
2022-09-13,GDX,-0.04014900662251651,-1,1645,VAL,False,23.19,23.18,23.33,23.16,1.8127817025243773,-64.39580283456313,-11.138238010297083
2022-09-15,GDX,-0.03616013775290572,-1,1645,VAL,False,22.38,22.54,22.18,22.42,-74.01078070842247,85.4004581077076,-56.037523294132164
2022-09-19,GDX,0.01229148375768207,1,1643,VAL,False,23.06,23.18,22.83,23.03,49.52565427937904,-103.69912140728793,62.616656000106246
2022-09-20,GDX,-0.02804141501294213,-1,1645,VAL,False,22.53,22.55,22.78,22.61,-11.379772625630949,-115.00835453375633,24.043066021429933
2022-09-21,GDX,0.013747228381374666,1,1643,VAL,True,22.85,22.62,22.77,22.64,-103.13079616024382,-38.99613950295356,-11.331214322506959
2022-09-23,GDX,-0.056344276841171236,-1,1645,VAL,False,21.28,21.3,21.27,21.43,-11.901346434699603,0.7003280355337929,58.17729108117378
2022-09-26,GDX,-0.03051643192488273,-1,1645,VAL,False,20.65,20.75,21.14,20.7,-50.93875918040938,-241.3838699943394,-26.661129327316075
2022-09-27,GDX,0.011084337349397611,1,1643,VAL,False,20.97,20.89,21.36,20.97,-40.63970229320639,181.90639411459725,-40.63970229320639
2022-09-28,GDX,0.06510292005744373,1,1643,VAL,False,22.25,22.39,22.18,22.28,60.40612102298667,-35.44729256395783,46.85979321191273
2022-09-30,GDX,0.02089817696754124,1,1643,VAL,False,22.96,22.9,23.26,22.94,-28.625372486479254,126.61056638846524,-19.931933404078567
2022-10-03,GDX,0.03537117903930141,1,1643,VAL,False,23.71,23.77,24.2,23.7,22.7999528731947,202.5820057414077,27.028982389176484
2022-10-04,GDX,0.028186790071518794,1,1643,VAL,False,24.45,24.45,23.91,24.46,-2.4995000999801715,-224.7697699723849,-6.586785668214058
2022-10-05,GDX,-0.01758691206543966,-1,1645,VAL,False,24.02,24.09,23.93,24.07,-31.650168501645343,33.48296636846126,-10.811676252991699
2022-10-07,GDX,-0.04845995893223818,-1,1645,VAL,False,23.17,23.15,22.77,23.28,6.1335098266965815,168.70529910902505,53.355387572360016
2022-10-10,GDX,-0.012958963282937244,-1,1645,VAL,False,22.85,22.8,22.85,22.86,19.386809528206125,-4.000800160032946,23.752782052471787
2022-10-13,GDX,-0.013596491228070275,-1,1645,VAL,False,22.49,22.54,22.35,22.57,-24.738162394596614,58.27399361597581,10.79480406493213
2022-10-14,GDX,-0.03992901508429453,-1,1645,VAL,False,21.63,21.57,22.22,21.61,25.24568714020095,-276.87923160221425,16.014077410576416
2022-10-17,GDX,0.030598052851182205,1,1643,VAL,False,22.23,22.26,22.58,22.27,10.992403408658369,153.38272876239014,-6.988723494635255
2022-10-19,GDX,-0.030343596608656837,-1,1645,VAL,False,21.73,21.73,21.85,21.74,-2.500500100020594,-59.24608759763787,2.1004660913758975
2022-10-20,GDX,0.011044638748274204,1,1643,VAL,False,21.97,22.01,22.13,22.0,15.702594574396542,68.79825673463563,2.0448183090661107
2022-10-21,GDX,0.048159927305770046,1,1643,VAL,False,23.08,23.11,22.81,23.03,10.495517880827258,-120.93681783573884,32.22911648673299
2022-10-24,GDX,-0.015577672003461681,-1,1645,VAL,False,22.75,22.72,22.83,22.69,10.689610449562611,-39.17970407268138,-15.72548974316688
2022-10-25,GDX,0.015845070422535187,1,1643,VAL,False,23.08,23.17,23.45,23.03,36.48555384244028,156.24864628460892,58.27557892676897
2022-10-26,GDX,0.028053517479499288,1,1643,VAL,False,23.81,23.86,23.98,23.84,18.494831063187007,67.370818150525,5.887664748929559
2022-10-31,GDX,-0.018321261184490827,-1,1645,VAL,False,23.05,22.94,23.58,23.06,45.23377560544506,-234.02771660622602,49.55067336103659
2022-11-01,GDX,0.021360069747166453,1,1643,VAL,False,23.43,23.45,23.61,23.44,6.034431184612807,72.79466001806007,1.7656451644828248
2022-11-02,GDX,-0.04776119402985079,-1,1645,VAL,True,22.33,22.07,21.82,22.4,113.96390339420078,224.4828723917638,144.85776619609393
2022-11-03,GDX,-0.019936565473493487,-1,1645,VAL,False,21.63,21.53,22.56,21.6,43.74314530034784,-434.13120904347164,29.91501077993234
2022-11-04,GDX,0.09428704133766826,1,1643,VAL,False,23.56,23.69,23.83,23.56,52.66497634259393,110.55598727453224,52.66497634259393
2022-11-08,GDX,0.060301507537688495,1,1643,VAL,False,25.33,25.31,25.19,25.35,-10.393302310717381,-59.247526728367454,-18.27464881777152
2022-11-09,GDX,-0.013038324772817002,-1,1645,VAL,False,24.97,24.91,26.37,24.94,21.53434291183253,-564.8979215146202,9.531377005151286
2022-11-10,GDX,0.07507025291047775,1,1643,VAL,False,26.79,26.78,26.86,26.86,-6.231303198113879,22.119502937785526,-32.27612109744751
2022-11-17,GDX,-0.019510328997704728,-1,1645,VAL,False,25.63,25.75,25.67,25.66,-49.33234013170379,-19.61375497885435,-37.58331557192312
2022-11-22,GDX,0.03720930232558143,1,1643,VAL,False,26.76,26.83,26.82,26.79,23.65240703727696,18.413357687206993,12.427712292554288
2022-11-23,GDX,0.015281401416325016,1,1643,VAL,False,27.25,27.26,27.15,27.31,1.1693074229192675,-40.68177190250084,-20.803235910853843
2022-11-28,GDX,-0.03888888888888892,-1,1645,VAL,False,25.95,25.92,26.32,26.02,9.06308429315734,-146.63973257079172,35.94108521934797
2022-11-29,GDX,0.03047839506172836,1,1643,VAL,False,26.71,26.72,27.08,26.75,1.2434802444231157,134.47029800329648,-13.711650193325655
2022-11-30,GDX,0.03555389221556897,1,1643,VAL,False,27.67,27.58,28.22,27.61,-35.01757183800112,194.69253962723758,-13.362412631562892
2022-12-01,GDX,0.03081943437273392,1,1643,VAL,False,28.44,28.52,27.88,28.49,25.622864175406992,-200.8262201286885,8.02787845379456
2022-12-05,GDX,-0.03802816901408445,-1,1645,VAL,False,27.32,27.38,27.72,27.42,-24.46792433157297,-150.47226136296032,12.09103965213159
2022-12-07,GDX,0.023366192040890858,1,1643,VAL,False,28.02,27.92,28.14,27.98,-38.179373404403975,38.810225107014595,-23.938028691616587
2022-12-13,GDX,0.028394612304332042,1,1643,VAL,False,28.25,28.27,28.28,28.3,4.578376360126957,6.616021928358944,-13.097557167011194
2022-12-15,GDX,-0.039815143974404464,-1,1645,VAL,False,27.01,26.89,26.9,26.94,41.938598752700926,36.74115052555273,16.063903203802937
2022-12-16,GDX,0.014503532911863168,1,1643,VAL,False,27.29,27.15,27.24,27.23,-53.787520253370516,-22.31360250485602,-31.871517727303615
2022-12-19,GDX,-0.01878453038674026,-1,1645,VAL,False,26.64,26.7,27.23,26.62,-25.02865437952527,-225.56087794135317,-32.560606787022664
2022-12-20,GDX,0.04344569288389514,1,1643,VAL,False,27.86,27.75,27.98,27.82,-41.972761226649176,39.0560796670528,-27.654965052999408
2022-12-22,GDX,-0.013181332383327431,-1,1645,VAL,False,27.7,27.77,27.85,27.69,-27.777577176086705,-58.1740896915848,-31.399020865928534
2022-12-27,GDX,0.029063509149623204,1,1643,VAL,False,28.68,28.58,28.34,28.62,-37.358288453884676,-122.50130169224131,-16.472247129889727
2022-12-28,GDX,-0.030790762771168618,-1,1645,VAL,False,27.7,27.69,28.03,27.68,1.1105109108443478,-123.18203712944826,-6.114120222890235
2023-01-03,GDX,0.03505601734730751,1,1643,VAL,False,28.64,28.63,29.23,28.59,-5.990247481229389,201.92400067472676,11.487908784106109
2023-01-04,GDX,0.04715333566189317,1,1643,VAL,False,29.98,29.85,29.3,29.82,-45.85090320161448,-230.72636973605873,7.558347485432881
2023-01-05,GDX,-0.012730318257956534,-1,1645,VAL,False,29.48,29.59,30.1,29.57,-39.82326316009519,-214.39701780247515,-9.265803109895666
2023-01-06,GDX,0.028050016897600602,1,1643,VAL,False,30.42,30.47,30.85,30.44,13.932946481051678,137.29864152087436,7.3534898802099455
2023-01-10,GDX,0.018223989396951648,1,1643,VAL,False,30.74,30.74,30.89,30.71,-2.499500099979552,44.77764173905755,7.266863136652394
2023-01-11,GDX,-0.010409889394925074,-1,1645,VAL,False,30.43,30.48,31.0,30.44,-18.93576217708344,-191.3908907315475,-15.644390376104417
2023-01-12,GDX,0.01870078740157481,1,1643,VAL,False,31.05,31.07,31.07,31.04,3.9401137485869024,2.4394476982221107,7.163032599665722
2023-01-13,GDX,0.014161570646926337,1,1643,VAL,False,31.52,31.52,31.16,31.52,-2.4995000999800387,-118.1667219855522,-2.4995000999800387
2023-01-17,GDX,-0.0368020304568528,-1,1645,VAL,False,30.36,30.43,30.95,30.44,-25.562918907893085,-198.41320042664648,0.7854724690012338
2023-01-19,GDX,0.027215399933620987,1,1643,VAL,False,30.95,30.91,30.66,30.95,-15.420340810674102,-97.66124319562589,-15.420340810674102
2023-01-20,GDX,0.011646716273050774,1,1643,VAL,False,31.27,31.3,30.92,31.24,7.091961844280756,-115.88280361196625,16.701845290354076
2023-01-25,GDX,0.015506329113924112,1,1643,VAL,False,32.1,32.12,32.02,32.11,3.7294721740994614,-28.911351686046945,0.6140160943192793
2023-01-26,GDX,-0.0180572851805728,-1,1645,VAL,False,31.54,31.63,31.47,31.58,-31.042828730617526,18.202118546727473,-18.337264666360387
2023-01-27,GDX,-0.011065444198545618,-1,1645,VAL,False,31.28,31.19,31.1,31.23,26.27907295013887,53.5669793805309,10.310899836065737
2023-01-30,GDX,-0.01378647002244308,-1,1645,VAL,False,30.76,30.73,30.63,30.83,7.254864496955682,38.27878709682252,29.943549527289083
2023-02-01,GDX,0.02717567130378518,1,1643,VAL,True,31.75,31.61,31.77,31.79,-46.582966871191914,2.29749325725524,-59.10692664864253
2023-02-02,GDX,-0.03669724770642202,-1,1645,VAL,False,30.44,30.62,29.77,30.51,-61.64800634239907,216.1923843375785,-38.56326820919786
2023-02-03,GDX,-0.044741998693664305,-1,1645,VAL,False,29.25,29.27,29.22,29.22,-9.339816681285578,6.259713481158658,-19.616346267201365
2023-02-07,GDX,0.011998628728145281,1,1643,VAL,False,29.52,29.57,29.72,29.52,14.433935706083256,63.72438249477434,14.433935706083256
2023-02-09,GDX,-0.024897680763983642,-1,1645,VAL,False,28.59,28.73,28.78,28.68,-51.48091528064365,-70.4841912768694,-19.938611153194245
2023-02-15,GDX,-0.03284416491963666,-1,1645,VAL,False,27.68,27.79,27.49,27.7,-42.250321451573804,64.66828047690558,-34.999599197818505
2023-02-17,GDX,-0.010476878612716732,-1,1645,VAL,False,27.4,27.43,27.29,27.39,-13.452142983341531,36.16124684790972,-17.10802182342289
2023-02-22,GDX,-0.028739867354458406,-1,1645,VAL,False,26.36,26.5,26.54,26.42,-55.62455434941308,-72.31340046461382,-32.78816247730972
2023-02-24,GDX,-0.013272658323852916,-1,1645,VAL,False,26.01,26.06,26.18,26.02,-21.72868253004748,-69.38642630486834,-17.877134227768632
2023-02-28,GDX,0.010281797410510265,1,1643,VAL,False,26.53,26.56,26.84,26.5,8.805626737447753,112.80292000401165,20.136350088472696
2023-03-01,GDX,0.02597891566265065,1,1643,VAL,False,27.25,27.14,27.03,27.25,-42.85638285186921,-84.70085799353865,-42.85638285186921
2023-03-03,GDX,0.012132352941176539,1,1643,VAL,False,27.54,27.64,27.37,27.57,33.80224463458903,-65.70290880095465,22.884070266107358
2023-03-06,GDX,-0.022431259044862553,-1,1645,VAL,False,27.02,27.11,26.76,27.06,-35.81748918251489,92.26271605172289,-20.982577890301997
2023-03-07,GDX,-0.04500184433788266,-1,1645,VAL,False,25.89,25.96,25.99,26.01,-29.544727021882977,-42.641204950143646,16.727682330006214
2023-03-10,GDX,0.020574534161490587,1,1643,VAL,False,26.28,26.26,27.51,26.27,-10.107947969005327,463.8501523439609,-6.30517215932468
2023-03-13,GDX,0.07311500380807304,1,1643,VAL,False,28.17,28.09,28.03,28.21,-30.89140780292717,-53.677585391690336,-45.026974753932144
2023-03-16,GDX,-0.013418079096045163,-1,1645,VAL,False,27.94,28.15,28.71,28.06,-77.68035353670571,-279.70160961326013,-34.58264710675628
2023-03-17,GDX,0.056483126110124335,1,1643,VAL,False,29.75,29.52,29.95,29.64,-79.79110060340848,63.20080521710788,-42.97521062589171
2023-03-20,GDX,0.01693766937669377,1,1643,VAL,False,30.02,30.03,29.56,30.05,0.8307798800003338,-157.1690991581831,-9.153410582442328
2023-03-21,GDX,-0.037629037629037715,-1,1645,VAL,False,28.9,28.96,29.08,29.0,-23.266937124450365,-66.30945566275781,11.296052313909337
2023-03-22,GDX,0.027279005524861847,1,1643,VAL,True,29.75,29.5,29.82,29.61,-86.51210934283658,19.520801722009537,-39.63982617188041
2023-03-23,GDX,0.02372881355932201,1,1643,VAL,False,30.21,30.23,30.3,30.2,4.11916954576624,25.780345420489265,7.4317917873388835
2023-03-28,GDX,0.02366086099244163,1,1643,VAL,False,31.16,31.19,30.91,31.19,7.125821305572457,-84.19817961953171,-2.4995000999796164
2023-03-30,GDX,0.014548981571289987,1,1643,VAL,False,31.38,31.4,31.49,31.39,3.872393144060445,31.04095560747592,0.6854315661234818
2023-04-03,GDX,0.021773935318603898,1,1643,VAL,False,31.91,31.94,31.97,31.94,6.899591563981874,14.796163299461679,-2.4995000999793504
2023-04-04,GDX,0.0325610519724482,1,1643,VAL,False,32.98,33.01,33.33,32.91,6.594648323216693,102.08328255513145,27.87880588573963
2023-04-10,GDX,-0.0135379061371842,-1,1645,VAL,False,32.79,32.81,33.06,32.82,-8.601445815238684,-86.37592111285885,0.5471843911744143
2023-04-11,GDX,0.02224931423346531,1,1643,VAL,False,33.54,33.38,33.92,33.37,-50.191810177020194,109.25304503798415,0.4964544999327014
2023-04-13,GDX,0.029071492138831114,1,1643,VAL,False,34.69,34.63,34.15,34.69,-19.791227687005552,-159.60140344372698,-19.791227687005552
2023-04-14,GDX,-0.024833958995090943,-1,1645,VAL,False,33.78,33.88,33.47,33.84,-32.111217980718024,87.8061935655368,-14.323786743164433
2023-04-17,GDX,-0.023022432113341235,-1,1645,VAL,False,33.1,33.11,33.22,33.14,-5.522403574370899,-40.2690810065327,6.55426800507856
2023-04-19,GDX,-0.015587529976019065,-1,1645,VAL,False,32.84,32.9,33.12,32.85,-20.77547056305295,-89.29678749391707,-17.725006188451392
2023-04-21,GDX,-0.013990267639902701,-1,1645,VAL,False,32.42,32.45,32.39,32.45,-11.756361142680396,5.256449192367604,-2.5005001000208833
2023-04-26,GDX,-0.01257668711656453,-1,1645,VAL,False,32.19,32.18,32.09,32.15,0.6068315247371346,27.077176851957848,-11.834093101670046
2023-04-27,GDX,0.015537600994406464,1,1643,VAL,False,32.68,32.68,32.62,32.66,-2.4995000999799393,-22.351710808388546,3.622667995488577
2023-05-02,GDX,0.038139534883720835,1,1643,VAL,False,33.48,33.54,33.44,33.51,15.417167462565859,-15.941853445318735,6.450813686860725
2023-05-04,GDX,0.02555720653789003,1,1643,VAL,False,34.51,34.46,33.42,34.51,-16.984432728056582,-319.7233633539861,-16.984432728056582
2023-05-11,GDX,-0.039360757620597764,-1,1645,VAL,False,32.46,32.36,32.34,32.47,28.31435048562373,32.98256693852566,31.385396266195777
2023-05-16,GDX,-0.023213194868662232,-1,1645,VAL,False,31.98,31.87,31.86,31.95,31.904598555733244,33.53766438090724,22.544884563766146
2023-05-17,GDX,-0.010040790712268599,-1,1645,VAL,False,31.55,31.6,31.06,31.55,-18.35232339653477,151.370369160997,-18.35232339653477
2023-05-18,GDX,-0.027848101265822864,-1,1645,VAL,False,30.72,30.78,30.95,30.82,-22.036633889279788,-78.9005457341467,10.481330529569977
2023-05-24,GDX,-0.022905759162303644,-1,1645,VAL,False,29.87,29.85,29.59,29.87,4.1968554407220315,89.77624115382336,4.1968554407220315
2023-05-25,GDX,-0.0221105527638191,-1,1645,VAL,False,29.18,29.21,29.63,29.25,-12.7840852611933,-158.27771448737886,11.178133062508735
2023-05-31,GDX,0.02091906721536349,1,1643,VAL,False,29.78,29.84,30.01,29.82,17.643214137562737,73.20295511079252,4.205731623628959
2023-06-01,GDX,0.035522788203753305,1,1643,VAL,False,30.9,30.9,30.95,30.85,-2.4995000999802137,12.175558415824943,13.703904275869665
2023-06-02,GDX,-0.021035598705501573,-1,1645,VAL,False,30.25,30.32,30.18,30.26,-25.646782249012087,19.14895375769494,-22.333614112115683
2023-06-07,GDX,-0.018991486574983573,-1,1645,VAL,False,29.96,29.98,30.46,30.0,-9.177736748952348,-170.9567547688436,4.167833566712264
2023-06-08,GDX,0.015010006671114053,1,1643,VAL,False,30.43,30.45,30.38,30.38,4.0713185000199,-20.423782479784265,20.536215337577644
2023-06-09,GDX,-0.014449917898193686,-1,1645,VAL,False,30.01,30.01,29.96,30.05,-2.500500100020363,12.66697858065544,10.813976439213617
2023-06-13,GDX,-0.012267904509283853,-1,1645,VAL,False,29.79,29.82,30.18,29.81,-12.57351168118897,-134.9695921057318,-5.855917912869145
2023-06-16,GDX,0.014032743067156756,1,1643,VAL,False,30.35,30.3,29.76,30.32,-18.96984688729455,-198.32013827876867,-9.094157421813577
2023-06-20,GDX,-0.03729372937293726,-1,1645,VAL,False,29.17,29.1,28.96,29.26,21.502757870736517,68.01977467828195,52.195333119937644
2023-06-27,GDX,-0.014812263176024791,-1,1645,VAL,False,28.6,28.62,28.39,28.63,-9.495255694496757,69.45514977121336,0.9932129632335982
2023-06-28,GDX,-0.015373864430468249,-1,1645,VAL,False,28.18,28.21,27.9,28.24,-13.149010213683058,95.40020140295046,8.12538570036763
2023-06-30,GDX,0.015034965034965025,1,1643,VAL,False,29.03,29.07,29.2,29.04,11.275905342527489,54.53749071060718,7.828496284215148
2023-07-05,GDX,-0.02328720890988855,-1,1645,VAL,False,28.93,28.8,28.62,28.96,42.44678870098117,103.19727270721945,52.761933602189444
2023-07-06,GDX,-0.025694444444444513,-1,1645,VAL,False,28.06,28.06,28.29,28.08,-2.5005001000209517,-86.00080671872084,4.623788005463044
2023-07-07,GDX,0.01603706343549547,1,1643,VAL,False,28.51,28.43,28.3,28.5,-30.552816129163006,-77.6281081910588,-27.05476448569953
2023-07-10,GDX,0.022511431586352465,1,1643,VAL,False,29.07,29.0,29.19,29.03,-26.57328871343019,37.26396103648188,-12.831054181860592
2023-07-12,GDX,0.05481329222336409,1,1643,VAL,False,30.79,30.72,31.06,30.76,-25.22847168143541,83.65653923453779,-15.500150945104993
2023-07-13,GDX,0.012044270833333367,1,1643,VAL,False,31.09,31.08,31.0,31.09,-5.715164461479137,-32.93583804950175,-5.715164461479137
2023-07-18,GDX,0.020414776409591672,1,1643,VAL,False,31.49,31.5,31.32,31.51,0.6753174611192542,-57.9630025090559,-5.672302543616503
2023-07-20,GDX,-0.025608194622279038,-1,1645,VAL,False,30.44,30.3,30.12,30.44,43.50311586627359,101.16609392837894,43.50311586627359
2023-07-25,GDX,0.017543859649122726,1,1643,VAL,False,30.74,30.68,30.73,30.73,-22.013164055542113,-7.250989619902533,-18.76617842718514
2023-07-27,GDX,-0.03861256544502617,-1,1645,VAL,False,29.38,29.3,29.66,29.34,24.735716374042163,-99.34185611798999,11.136174065077652
2023-07-28,GDX,0.015017064846416303,1,1643,VAL,False,29.74,29.66,29.9,29.73,-29.392574746650773,49.7788808075638,-26.03885546469537
2023-07-31,GDX,0.025623735670937342,1,1643,VAL,False,30.42,30.32,29.66,30.34,-35.36439326204382,-253.73492034005994,-9.089810251528267
2023-08-01,GDX,-0.03759894459102904,-1,1645,VAL,False,29.19,29.18,29.08,29.19,0.9261872929559503,33.69841491422743,0.9261872929559503
2023-08-02,GDX,-0.030843043180260404,-1,1645,VAL,False,28.28,28.27,28.34,28.29,1.0364519862959514,-25.225695775646308,4.570903576260482
2023-08-14,GDX,-0.01722925457102679,-1,1645,VAL,False,27.96,27.95,27.84,27.98,1.0769321246218029,38.93482559172804,8.224125168134945
2023-08-15,GDX,-0.02790697674418596,-1,1645,VAL,False,27.18,27.23,27.23,27.18,-20.900979312861036,-22.40403930675739,-20.900979312861036
2023-08-16,GDX,-0.013587954461990489,-1,1645,VAL,False,26.86,26.87,26.93,26.94,-6.224439228874687,-30.07228400259199,23.48966452533118
2023-08-17,GDX,-0.010048381094157037,-1,1645,VAL,False,26.61,26.66,26.67,26.61,-21.295127120126313,-26.557735447878603,-21.295127120126313
2023-08-23,GDX,0.029651593773165334,1,1643,VAL,False,27.78,27.75,27.66,27.76,-13.295936924925876,-47.17846927374723,-6.100905179194507
2023-08-28,GDX,0.02005835156819829,1,1643,VAL,False,27.97,28.0,27.89,28.03,8.223596610675113,-32.589835268554694,-13.199643339259957
2023-08-29,GDX,0.014642857142857148,1,1643,VAL,False,28.41,28.51,28.75,28.44,32.690575577246875,115.6291093066148,22.107568640983892
2023-09-05,GDX,-0.0192307692307692,-1,1645,VAL,False,27.54,27.51,27.35,27.56,8.395469943660801,65.017360770629,15.64627148941976
2023-09-11,GDX,0.012061403508771997,1,1643,VAL,False,27.69,27.78,27.42,27.69,29.99508440673815,-101.4683303859259,29.99508440673815
2023-09-14,GDX,0.015146051208077826,1,1643,VAL,False,28.15,28.1,28.4,28.12,-20.257049833370985,84.77522967875407,-9.610097895072073
2023-09-15,GDX,0.022064056939501687,1,1643,VAL,False,28.72,28.69,28.62,28.67,-12.94257165279897,-38.80421687250244,4.474689296532312
2023-09-19,GDX,-0.011838440111420608,-1,1645,VAL,False,28.38,28.38,28.44,28.39,-2.5005001000211258,-25.150907559948443,1.0227476985357895
2023-09-20,GDX,0.013742071881606786,1,1643,VAL,True,28.77,28.68,28.08,28.69,-33.77426704440105,-243.73644562015673,-5.984163920092309
2023-09-21,GDX,-0.02615062761506276,-1,1645,VAL,False,27.93,27.91,28.14,27.96,4.662049488305842,-79.21885128905473,15.386661023190376
2023-09-25,GDX,-0.013634732687477665,-1,1645,VAL,False,27.49,27.52,27.28,27.46,-13.41628820489617,72.42117757854923,-24.355927267027706
2023-09-26,GDX,-0.023982558139534888,-1,1645,VAL,False,26.87,26.78,26.61,26.88,31.00247887314663,92.80010077192296,34.71118330808947
2023-09-27,GDX,-0.03024645257654975,-1,1645,VAL,False,25.97,25.98,25.94,25.94,-6.352059784311151,7.555612008037993,-17.924556383906932
2023-10-02,GDX,-0.03579676674364895,-1,1645,VAL,False,25.04,25.09,25.01,25.08,-22.47354422961371,7.98482380181963,-6.48873793897574
2023-10-05,GDX,0.011995201919232193,1,1643,VAL,False,25.3,25.41,25.45,25.36,40.96789337784568,55.26562671655358,17.211660191621732
2023-10-06,GDX,0.025580480125934616,1,1643,VAL,False,26.06,25.96,26.42,26.02,-40.86289419015528,134.0883012959968,-25.552921698518208
2023-10-09,GDX,0.024268104776579313,1,1643,VAL,False,26.59,26.59,26.71,26.58,-2.4995000999798895,41.11249957605437,1.2617867698094585
2023-10-11,GDX,0.015270018621973934,1,1643,VAL,False,27.26,27.34,27.34,27.27,26.840193223278206,25.33609198923223,23.1633174648538
2023-10-12,GDX,-0.01865398683247994,-1,1645,VAL,False,26.84,26.78,27.7,26.81,19.85978417740049,-324.54628034399724,8.69215245510794
2023-10-13,GDX,0.0421956684092606,1,1643,VAL,False,27.91,27.95,27.86,27.93,11.828698395039455,-21.90676160719197,4.659469108684206
2023-10-17,GDX,0.01642857142857146,1,1643,VAL,False,28.45,28.51,28.94,28.46,18.584859478018164,168.16390676170752,15.064625866113161
2023-10-23,GDX,-0.011243851018974009,-1,1645,VAL,False,28.13,28.23,27.91,28.2,-38.05862487819431,74.23880794644495,-13.141458078851235
2023-10-25,GDX,-0.012035398230088491,-1,1645,VAL,False,27.9,27.78,27.72,27.84,40.521007427290435,60.54114048616208,19.056613046745586
2023-10-27,GDX,0.02106792589901919,1,1643,VAL,False,28.11,28.19,28.24,28.07,25.953009326986177,42.22919201289566,40.24008165947931
2023-10-30,GDX,-0.013834693153600587,-1,1645,VAL,False,27.8,27.78,27.63,27.78,4.695543425230823,57.1747443013793,-2.5005001000206355
2023-10-31,GDX,-0.026997840172786176,-1,1645,VAL,False,27.03,27.04,27.13,27.03,-6.201018228064013,-41.01153194012775,-6.201018228064013
2023-11-03,GDX,0.05131964809384159,1,1643,VAL,False,28.67,28.45,28.35,28.61,-79.2155834616136,-115.56949161266427,-58.41002369256982
2023-11-07,GDX,-0.018479033404406525,-1,1645,VAL,False,27.62,27.6,27.35,27.64,4.742440160732121,93.79355958085279,11.974898597663216
2023-11-08,GDX,-0.030797101449275412,-1,1645,VAL,False,26.75,26.73,26.82,26.78,4.978004946781997,-30.179493842693923,16.174818234743807
2023-11-10,GDX,-0.01614114114114113,-1,1645,VAL,False,26.21,26.31,26.2,26.3,-40.66341692604105,-0.1839360622975778,-6.303732229336306
2023-11-14,GDX,0.054002297970126394,1,1643,VAL,False,27.52,27.35,27.38,27.46,-64.25731568802418,-54.850948414967085,-42.547754105406284
2023-11-16,GDX,0.01432770022042618,1,1643,VAL,False,27.61,27.62,27.7,27.6,1.1214707438823364,28.584648879713676,4.745065479657842
2023-11-21,GDX,0.02797965116279068,1,1643,VAL,False,28.29,28.2,28.23,28.23,-34.30490996180409,-25.199626034495406,-13.123836444188228
2023-11-27,GDX,0.017661603673613566,1,1643,VAL,False,28.81,28.76,29.11,28.78,-19.85024723621681,100.08966620421198,-9.447033456407377
2023-11-28,GDX,0.04485396383866478,1,1643,VAL,False,30.04,30.14,30.14,30.08,30.78112739635944,29.276434992629653,17.4423227056727
2023-12-01,GDX,0.016534391534391537,1,1643,VAL,False,30.73,30.71,30.04,30.69,-9.006171430861862,-228.44568736757046,4.015651740945506
2023-12-04,GDX,-0.02865516118528175,-1,1645,VAL,False,29.84,29.95,29.63,29.87,-39.37298853872703,66.40269072581366,-29.28992226299276
2023-12-05,GDX,-0.015358931552587675,-1,1645,VAL,False,29.49,29.43,29.77,29.51,17.85046734677414,-98.98622654337537,24.615733041558624
2023-12-08,GDX,-0.01879057055005127,-1,1645,VAL,False,28.72,28.65,28.33,28.67,21.878853486573643,131.8474001206936,4.477177263146831
2023-12-12,GDX,-0.02523659305993699,-1,1645,VAL,False,27.81,27.86,27.87,27.82,-20.4841399779424,-25.584404906871054,-16.882240574643532
2023-12-13,GDX,0.048815506101938244,1,1643,VAL,True,29.22,29.64,30.1,29.46,141.20173911829636,297.0439450781998,58.58502433932801
2023-12-14,GDX,0.01788124156545213,1,1643,VAL,False,30.17,30.23,30.03,30.22,17.382834338004663,-50.384354683587475,0.8087396418806402
2023-12-19,GDX,0.02686567164179112,1,1643,VAL,False,30.96,30.96,31.04,30.99,-2.4995000999794565,21.83025927114279,-12.177622558739287
2023-12-20,GDX,-0.017764857881136974,-1,1645,VAL,False,30.41,30.2,30.71,30.37,66.57299891415256,-102.69202804717487,53.48978916626273
2023-12-21,GDX,0.020860927152317847,1,1643,VAL,False,30.82,30.76,31.4,30.75,-21.96251210497584,184.11502644312142,0.751719574785343
2023-12-22,GDX,0.010728218465539606,1,1643,VAL,False,31.09,30.97,31.1,31.02,-41.08747243796654,-0.7840181722413774,-18.614104387375082
2023-12-28,GDX,-0.02262587635436575,-1,1645,VAL,False,30.67,30.59,30.42,30.64,23.59014352593332,77.54469054880516,13.822118209541587
2016-01-05,XBI,-0.010178117048346157,-1,1645,TRAIN,False,66.13,66.21,64.85,66.2,-14.600908991720218,189.63478163650308,-4.011451837195088
2016-01-06,XBI,-0.040930373055429604,-1,1645,TRAIN,False,63.49,63.38,61.59,63.53,14.829395238000545,295.3786536170043,21.11629629561837
2016-01-07,XBI,-0.03707794256863366,-1,1645,TRAIN,False,61.02,60.89,62.01,61.05,18.80931741903887,-166.3075978027453,23.714079425220337
2016-01-11,XBI,-0.0585570469798658,-1,1645,TRAIN,False,56.12,56.28,57.17,56.6,-31.017964106009035,-191.17472817443107,54.05073947651626
2016-01-12,XBI,0.014392324093816671,1,1643,TRAIN,False,57.09,57.96,58.64,57.52,149.85337141715056,267.39335965352035,73.97651206893421
2016-01-13,XBI,-0.057625948930296815,-1,1645,TRAIN,False,54.6,53.91,54.29,54.29,123.9047260001446,52.79847178226939,67.51147613939716
2016-01-14,XBI,0.038582823223891775,1,1643,TRAIN,False,56.0,56.0,53.06,56.03,-2.4995000999805215,-528.78924215157,-7.852436294822616
2016-01-15,XBI,-0.03910714285714282,-1,1645,TRAIN,False,53.76,54.27,55.11,54.05,-97.39029279070239,-255.21733811047827,-43.21373062771872
2016-01-19,XBI,-0.03353602358577483,-1,1645,TRAIN,False,52.45,52.06,50.51,52.35,71.87462277965518,366.02325231490744,52.90972234561401
2016-01-20,XBI,0.05647330003841716,1,1643,TRAIN,False,55.06,54.31,54.47,54.38,-138.68049129004595,-111.11217640235205,-15.368662199887561
2016-01-21,XBI,-0.020806481310992497,-1,1645,TRAIN,False,53.16,52.92,54.51,53.54,42.65751570178372,-258.05273921601554,113.32972608716564
2016-01-22,XBI,0.020597127739984813,1,1643,TRAIN,False,54.01,54.48,53.86,54.35,84.49967107115515,-31.760728024732504,21.413564573193508
2016-01-26,XBI,-0.010993106018259799,-1,1645,TRAIN,False,53.12,53.29,53.68,53.36,-34.51151450169748,-109.46466401714146,10.62122094583684
2016-01-27,XBI,-0.04522424469881773,-1,1645,TRAIN,True,50.86,50.87,51.34,50.83,-4.467173418955102,-98.41527880880886,-10.37183631886833
2016-01-28,XBI,-0.033221938274031804,-1,1645,TRAIN,False,49.17,48.96,48.89,48.82,40.219148161540936,52.96727435786243,-31.184442541930302
2016-02-01,XBI,0.01225145611568587,1,1643,TRAIN,False,50.38,50.19,49.34,50.63,-40.203451965423696,-210.347767683461,-89.38277523243259
2016-02-02,XBI,-0.03486750348675035,-1,1645,TRAIN,False,48.47,48.39,48.56,48.56,14.008681662059702,-22.576415427504706,32.516490942339885
2016-02-04,XBI,0.016656384947563132,1,1643,TRAIN,False,49.46,49.62,49.43,49.55,29.84178740474971,-10.062281922912511,11.62411311884936
2016-02-05,XBI,-0.045747682386134546,-1,1645,TRAIN,False,47.35,47.76,46.47,47.53,-89.11138088230112,181.9236075303773,-50.90309035928836
2016-02-08,XBI,-0.052973199329983275,-1,1645,TRAIN,False,45.22,45.12,43.93,45.36,19.619138334522916,281.38533500596685,50.42278296929295
2016-02-12,XBI,0.028197158081705222,1,1643,TRAIN,False,46.29,46.34,47.36,46.39,8.299269072521813,227.0597943491886,-13.274991046196227
2016-02-16,XBI,0.03625377643504531,1,1643,TRAIN,False,48.01,48.23,49.05,48.19,43.31283295517463,212.5357057311713,5.798902473084087
2016-02-17,XBI,0.03690648973667844,1,1643,TRAIN,False,50.01,50.18,50.68,50.12,31.48520465872939,129.9204266325311,9.468776635735221
2016-02-18,XBI,-0.029095257074531703,-1,1645,TRAIN,False,48.73,48.43,48.12,48.58,59.078612356986746,121.22884252614884,28.384124745903712
2016-02-19,XBI,0.018170555440842506,1,1643,TRAIN,False,49.28,49.36,50.08,49.28,13.73020850375354,158.2735400971749,13.73020850375354
2016-02-23,XBI,-0.037074148296593216,-1,1645,TRAIN,False,48.07,47.51,47.03,48.03,114.02540545554433,212.43691217960705,105.79223902244503
2016-02-24,XBI,0.013260366238686646,1,1643,TRAIN,False,48.12,48.02,48.22,47.95,-23.27568567749368,16.773868833880268,12.095391140751106
2016-02-26,XBI,0.018193224592220773,1,1643,TRAIN,False,48.72,48.65,48.68,48.65,-16.863724956157302,-12.206097368373932,-2.4995000999790156
2016-02-29,XBI,-0.024460431654676214,-1,1645,TRAIN,False,47.45,47.18,47.89,47.45,54.41573035365724,-96.76708787489741,54.41573035365724
2016-03-01,XBI,0.04133107248834258,1,1643,TRAIN,False,49.17,49.45,49.49,49.27,54.4315582683748,61.05510644871283,34.024755836330066
2016-03-02,XBI,0.036198179979777534,1,1643,TRAIN,False,51.25,51.51,51.58,51.47,48.21952682634202,60.36529279510012,5.2700747979408185
2016-03-03,XBI,-0.016113376043486668,-1,1645,TRAIN,False,50.69,50.94,51.06,50.91,-51.83222479966594,-77.02270381083476,-8.394725497841359
2016-03-07,XBI,0.029319781078967946,1,1643,TRAIN,False,52.67,52.99,53.12,52.83,58.24096240178651,81.40426215117637,27.778752407763697
2016-03-08,XBI,-0.04529156444612188,-1,1645,TRAIN,False,50.56,50.22,50.67,50.39,64.76315041489279,-25.765833546456054,31.24478835040598
2016-03-09,XBI,-0.010155316606929471,-1,1645,TRAIN,False,49.67,49.76,50.14,49.73,-20.624620192813325,-98.66317938441694,-8.534584455601594
2016-03-10,XBI,-0.01165594855305463,-1,1645,TRAIN,False,49.17,48.9,49.55,48.92,52.424761950559024,-81.314615577171,1.5888296220156124
2016-03-11,XBI,0.030061349693251513,1,1643,TRAIN,False,50.35,50.54,50.59,50.45,35.22691688077443,43.64807276876393,15.335485925609236
2016-03-14,XBI,0.012861100118717819,1,1643,TRAIN,False,51.18,51.12,50.23,51.1,-14.219899279229685,-189.54434982483718,1.4134159469477505
2016-03-15,XBI,-0.05301251956181536,-1,1645,TRAIN,False,48.42,48.16,48.06,48.21,51.20974628630857,70.37838794524752,7.873385504730514
2016-03-16,XBI,-0.011835548172757334,-1,1645,TRAIN,True,47.6,47.58,47.47,47.59,1.702231202542265,23.32105076477565,-0.39869289260238966
2016-03-18,XBI,0.025350932327676535,1,1643,TRAIN,False,48.94,48.9,48.79,49.05,-10.670730586208276,-34.636717936346706,-33.072896124139454
2016-03-21,XBI,0.02106339468302661,1,1643,TRAIN,False,49.94,50.06,49.7,50.09,21.523328494094415,-52.03765013917422,-8.487222499600836
2016-03-22,XBI,0.02996404314822213,1,1643,TRAIN,False,51.58,51.71,51.68,51.64,22.697767542265964,15.380405888578604,11.052495155499678
2016-03-23,XBI,-0.0497002514020499,-1,1645,TRAIN,False,49.14,49.12,48.26,49.24,1.570521674542897,175.151025321061,21.87602427065515
2016-03-29,XBI,0.021788283658787305,1,1643,TRAIN,False,49.69,49.82,50.48,49.68,23.656166331637117,154.92292968252875,25.673810487500987
2016-03-31,XBI,0.03278688524590173,1,1643,TRAIN,False,51.04,50.88,50.59,51.09,-33.83962705891337,-92.1300849547945,-43.59316040491314
2016-04-01,XBI,0.0296776729559748,1,1643,TRAIN,False,52.39,52.36,52.74,52.47,-8.22435245724256,62.78072501552416,-23.458620644843585
2016-04-04,XBI,0.017761650114591285,1,1643,TRAIN,False,53.32,53.06,52.54,53.09,-51.249502537601764,-150.2272688748074,-8.14886937850785
2016-04-06,XBI,0.056415094339622676,1,1643,TRAIN,False,55.99,56.72,56.26,56.21,127.84833638737416,44.20441148419661,88.20900826061441
2016-04-07,XBI,-0.011459802538787,-1,1645,TRAIN,False,56.1,55.95,56.79,55.86,24.244153643561177,-127.0446602689523,-18.61623667376015
2016-04-08,XBI,-0.023592493297587135,-1,1645,TRAIN,False,54.64,55.0,55.36,54.82,-68.40277279467703,-135.82511524266735,-35.343442274738614
2016-04-11,XBI,-0.025818181818181848,-1,1645,TRAIN,False,53.56,53.64,53.63,53.44,-17.44075476783249,-17.075483804751347,-39.93500795967798
2016-04-13,XBI,0.02437223042836042,1,1643,TRAIN,False,55.47,55.47,55.75,55.51,-2.4995000999793495,46.45834849615628,-9.70360782824459
2016-04-18,XBI,0.010407321012022347,1,1643,TRAIN,False,56.31,56.5,56.63,56.44,31.233852678939297,52.806345141911294,8.128601069297208
2016-04-19,XBI,-0.015929203539822984,-1,1645,TRAIN,False,55.59,55.42,55.8,55.59,28.08818644462887,-41.79249233548574,28.08818644462887
2016-04-26,XBI,-0.026264762912039396,-1,1645,TRAIN,False,55.24,55.2,54.84,55.31,4.742440160732121,68.43946631469758,17.392377408765924
2016-04-29,XBI,-0.022823486103441835,-1,1645,TRAIN,False,53.1,53.12,53.26,53.18,-6.2679202507169505,-34.14468204375202,8.78475807985879
2016-05-02,XBI,0.010918674698795284,1,1643,TRAIN,False,53.69,54.17,53.54,53.92,86.88027713883757,-31.92619066054474,43.85389613471999
2016-05-03,XBI,-0.029167435850101498,-1,1645,TRAIN,False,52.58,52.14,51.7,52.29,81.20243295520982,163.43017557486402,26.192846142377075
2016-05-04,XBI,-0.03778289221327194,-1,1645,TRAIN,False,50.19,49.97,50.28,50.25,41.34389340509838,-21.939833274485878,53.23482606969012
2016-05-09,XBI,0.036895161290322546,1,1643,TRAIN,False,51.44,51.43,51.86,51.33,-4.443026635729541,77.61666951213363,16.977414959244275
2016-05-11,XBI,-0.023075431452394757,-1,1645,TRAIN,False,50.38,49.85,50.28,49.98,102.72628165966671,15.856287573514049,23.51640796346384
2016-05-12,XBI,-0.020060180541624874,-1,1645,TRAIN,False,48.85,48.8,48.6,48.92,7.737473799775533,47.19674743546506,22.03547823219615
2016-05-13,XBI,0.014959016393442706,1,1643,TRAIN,False,49.53,49.61,50.3,49.48,13.648289926105273,151.3999643035252,23.76717461681626
2016-05-16,XBI,0.04253174763152589,1,1643,TRAIN,False,51.72,51.91,51.54,51.85,34.227589903520304,-38.78806605268237,9.069449369527291
2016-05-18,XBI,0.012818022917071209,1,1643,TRAIN,False,52.14,52.44,52.35,52.2,55.02351773603802,36.26087210636228,43.46601943978962
2016-05-20,XBI,0.022933127770283248,1,1643,TRAIN,False,53.09,53.26,53.3,53.16,29.513592478339024,35.54045265537049,16.306934248966993
2016-05-23,XBI,0.013894104393541157,1,1643,TRAIN,False,53.99,53.98,54.62,53.93,-4.351231994757947,112.6424094695783,6.769460126146736
2016-05-24,XBI,0.020563171545016794,1,1643,TRAIN,False,55.09,55.04,55.63,55.16,-11.573288900035424,93.9830186077509,-24.2489573151357
2016-05-25,XBI,0.015443313953488398,1,1643,TRAIN,False,55.89,55.98,55.93,55.91,13.599534521435698,3.1548530157979835,10.017492119533374
2016-05-31,XBI,0.019828510182208048,1,1643,TRAIN,False,57.09,57.13,56.97,57.19,4.505229624945578,-25.010237048754075,-12.988222428952485
2016-06-02,XBI,0.026357130389247654,1,1643,TRAIN,False,58.8,58.97,58.74,58.67,26.404838080003753,-14.199200976129216,48.62117741783123
2016-06-03,XBI,-0.025775818212650434,-1,1645,TRAIN,False,57.46,57.22,57.39,57.22,39.27813060001526,8.186461517852921,-2.500500100020045
2016-06-06,XBI,0.02638937434463471,1,1643,TRAIN,False,58.74,58.77,58.01,58.68,2.606475640521345,-128.22597210214028,12.834089623793929
2016-06-07,XBI,-0.015313935681470233,-1,1645,TRAIN,False,57.86,57.74,57.89,57.78,18.244402423517563,-9.187803685867186,4.424041609982097
2016-06-09,XBI,-0.02559667934970593,-1,1645,TRAIN,False,56.33,56.11,55.11,56.2,36.56483116257403,212.6667122879578,13.517739135014654
2016-06-10,XBI,-0.0224558902156478,-1,1645,TRAIN,False,54.84,54.88,54.29,54.81,-9.796269976096681,96.33108240904326,-15.275085668475876
2016-06-13,XBI,-0.013666180758017493,-1,1645,TRAIN,False,54.14,53.95,53.82,53.99,32.602475426743574,55.128868403899105,4.910131868936184
2016-06-15,XBI,0.012481371087928498,1,1643,TRAIN,True,54.36,53.91,53.44,53.91,-85.26026582762981,-173.17360663261067,-2.4995000999800925
2016-06-17,XBI,-0.027022024801036475,-1,1645,TRAIN,False,52.58,52.57,53.5,52.62,-0.5981607124020407,-179.0422747919681,7.003966357694431
2016-06-20,XBI,0.011603576184135428,1,1643,TRAIN,False,53.19,53.39,53.6,53.32,35.09215434596846,73.05213144248465,10.625500556302585
2016-06-21,XBI,-0.017418992320659295,-1,1645,TRAIN,False,52.47,52.43,52.43,52.43,5.124809982006732,3.6256536613207135,-2.5005001000207336
2016-06-23,XBI,0.0178945364553588,1,1643,TRAIN,False,53.46,53.78,51.63,53.67,57.34337606852084,-346.1743117145363,17.99099840922508
2016-06-24,XBI,-0.047043510598735606,-1,1645,TRAIN,False,51.26,51.14,50.59,51.28,20.91541991581952,126.75769644759909,24.80741858200019
2016-06-27,XBI,-0.043996871333594055,-1,1645,TRAIN,False,48.89,48.97,50.07,49.18,-18.86785620572722,-245.45551368404077,40.210461775151686
2016-06-28,XBI,0.0432918113130489,1,1643,TRAIN,False,51.08,51.26,52.47,51.2,32.730532985023565,268.01413405650885,9.216320798339755
2016-06-29,XBI,0.03882169332813114,1,1643,TRAIN,False,53.27,53.29,53.12,53.27,1.2540198924733768,-32.146377182232214,1.2540198924733768
2016-07-01,XBI,0.029069767441860413,1,1643,TRAIN,False,54.87,55.01,54.48,54.89,23.00897575177976,-75.04786631519939,19.35694114592973
2016-07-05,XBI,-0.01054353753862931,-1,1645,TRAIN,False,54.42,54.32,53.97,54.69,15.879691925154155,78.72246996257181,65.17046689645022
2016-07-06,XBI,0.02209131075110462,1,1643,TRAIN,False,55.51,55.77,56.19,55.68,44.327200133744256,118.4522598272635,13.660252863220773
2016-07-12,XBI,0.011671087533156564,1,1643,TRAIN,False,57.21,57.09,57.57,56.99,-23.469611269144654,58.901696325654626,15.043052101985925
2016-07-13,XBI,-0.026449465755824225,-1,1645,TRAIN,False,55.58,55.43,55.91,55.55,24.49437350586144,-63.39842995587199,19.107061736377283
2016-07-15,XBI,0.017505865367262338,1,1643,TRAIN,False,56.39,56.31,56.4,56.34,-16.68286665419044,-2.2265452921117346,-7.822982794282336
2016-07-19,XBI,-0.0197565708237784,-1,1645,TRAIN,False,55.57,55.62,55.77,55.6,-11.500410573387352,-40.005841729799926,-6.098521862645943
2016-07-20,XBI,0.03092412801150676,1,1643,TRAIN,False,57.34,57.5,58.2,57.52,25.39725748606693,145.9233789795928,-5.975682471295792
2016-07-27,XBI,0.028614967829326068,1,1643,TRAIN,True,60.75,60.74,60.77,60.87,-4.1451791946129966,-0.7083356991137637,-23.851152227250655
2016-07-29,XBI,0.010423560555923273,1,1643,TRAIN,False,61.07,61.21,61.69,61.09,20.41928277190539,97.48304146277304,17.138739546247518
2016-08-01,XBI,0.018297663780427992,1,1643,TRAIN,False,62.33,62.66,62.67,62.5,50.43127424571298,50.527356425075,23.094101179764458
2016-08-03,XBI,0.021095008051529713,1,1643,TRAIN,False,63.4,63.46,63.67,63.22,6.961856839989966,38.57051933461972,35.45368117139046
2016-08-04,XBI,-0.010085092971950845,-1,1645,TRAIN,False,62.81,62.59,62.61,62.67,32.534527921345486,27.854002578896655,10.26797030061765
2016-08-05,XBI,0.010385045534430397,1,1643,TRAIN,False,63.23,63.29,63.41,63.31,6.987294617623806,24.456914721753584,-5.657769093788078
2016-08-08,XBI,-0.020698372570706308,-1,1645,TRAIN,False,61.98,62.08,62.32,61.96,-18.638771316703544,-58.87915240356883,-21.872676665740407
2016-08-10,XBI,-0.027894227668494097,-1,1645,TRAIN,False,60.29,60.09,60.41,60.08,30.68079198855141,-23.912561580153657,-4.165363698572548
2016-08-11,XBI,0.013646197370610636,1,1643,TRAIN,False,60.92,61.08,60.76,61.1,23.75788794965893,-30.252649404459525,-5.7720043552666125
2016-08-15,XBI,0.012169398020444588,1,1643,TRAIN,False,62.38,62.45,62.31,62.51,8.719240441748846,-15.216257806469978,-12.095565209464798
2016-08-16,XBI,-0.010408326661329154,-1,1645,TRAIN,False,61.79,61.4,61.23,61.75,60.632291533560554,86.66501061986241,54.19383471835994
2016-08-22,XBI,0.024774405250205054,1,1643,TRAIN,False,62.47,62.57,63.12,62.51,13.50418246749277,100.00913215788196,7.09656500950681
2016-08-24,XBI,-0.04182569974554711,-1,1645,TRAIN,False,60.26,60.15,60.34,60.31,15.758296033583214,-17.28191638991618,24.03573070773894
2016-08-25,XBI,-0.018287614297589384,-1,1645,TRAIN,False,59.04,59.54,59.67,59.35,-87.21002330547587,-110.75080869832523,-34.52198443058587
2016-08-26,XBI,0.011084984884111583,1,1643,TRAIN,False,60.21,60.23,60.57,60.11,0.8213769968138118,55.76762076583214,17.458910480421995
2016-08-31,XBI,-0.013835639273212292,-1,1645,TRAIN,False,59.16,59.23,59.26,59.34,-14.335777906088913,-20.91087588714451,16.041378144183238
2016-09-06,XBI,0.022263450834879413,1,1643,TRAIN,False,60.61,60.85,60.95,60.8,37.08802869025347,52.074719522356645,5.722128600596224
2016-09-07,XBI,0.013804437140509388,1,1643,TRAIN,False,61.68,61.82,61.91,61.68,20.192621657251745,33.27512188872277,20.192621657251745
2016-09-08,XBI,0.014558395341313467,1,1643,TRAIN,False,62.72,62.63,61.56,62.62,-16.84540324077989,-188.87421495292722,-0.9029653666832969
2016-09-09,XBI,-0.026983873543030574,-1,1645,TRAIN,False,60.95,60.38,59.98,60.66,91.04216249320324,155.20971298443655,43.66996050050496
2016-09-12,XBI,0.029479960251738886,1,1643,TRAIN,False,62.16,62.55,61.85,62.46,60.226130449586684,-53.850555500223834,11.906120216878275
2016-09-13,XBI,-0.012789768185451593,-1,1645,TRAIN,False,61.75,61.48,61.96,61.51,41.23512961701654,-38.02250328608185,2.3779751885993763
2016-09-14,XBI,0.021633051398828977,1,1643,TRAIN,False,62.81,62.99,63.27,63.0,26.151193897505316,69.2082567406289,-4.086404941233391
2016-09-15,XBI,0.015240514367359912,1,1643,TRAIN,False,63.96,63.93,63.36,64.12,-7.188759246274571,-97.7703146049966,-32.1240337085423
2016-09-19,XBI,0.020683171419617678,1,1643,TRAIN,False,65.14,64.96,65.73,65.1,-30.125384195499194,86.53872541426715,-23.999501175033384
2016-09-20,XBI,0.026169950738916304,1,1643,TRAIN,False,66.65,66.58,66.92,66.52,-12.999500625005886,36.494726561064034,6.518089046051806
2016-09-21,XBI,0.010063082006608617,1,1643,TRAIN,True,67.26,67.34,67.92,67.45,9.39166909407297,94.08822963328849,-18.803800396333052
2016-09-28,XBI,-0.013421828908554522,-1,1645,TRAIN,False,66.89,66.86,66.62,66.9,1.9855967007420254,36.380126974714095,3.4800682109527012
2016-09-29,XBI,-0.03185761292252461,-1,1645,TRAIN,False,64.74,64.62,64.76,64.89,16.03981593352686,-7.091316317017367,39.11878076030962
2016-09-30,XBI,0.013463324048282115,1,1643,TRAIN,False,65.49,65.38,64.9,65.46,-19.29175929969021,-94.0532614197862,-14.717649198544297
2016-10-05,XBI,0.014517374517374483,1,1643,TRAIN,False,65.69,65.8,64.79,65.92,14.241633329599704,-140.95156307450443,-20.698833534262906
2016-10-06,XBI,-0.032218844984802396,-1,1645,TRAIN,False,63.68,63.77,63.76,63.71,-16.63719992742385,-16.56864036123714,-11.92052882402025
2016-10-10,XBI,0.023395510591210828,1,1643,TRAIN,False,64.74,64.58,63.97,64.64,-27.207564356760347,-122.88892236998849,-11.77935823726485
2016-10-11,XBI,-0.029420873335397935,-1,1645,TRAIN,False,62.68,62.56,62.49,62.52,16.649149868262807,26.32402677089338,-8.900052563296214
2016-10-12,XBI,-0.03340792838874686,-1,1645,TRAIN,False,60.47,60.42,59.71,60.41,5.770130377984909,121.73163920033929,-4.156269095237445
2016-10-14,XBI,-0.027111919325508358,-1,1645,TRAIN,False,58.85,58.74,58.8,59.03,16.195762516989053,4.498775710963846,46.63934650389273
2016-10-18,XBI,0.012532188841201664,1,1643,TRAIN,False,58.99,59.06,59.16,59.12,9.363951925669017,24.807718571559032,-12.64581319189314
2016-10-19,XBI,-0.014561462919065347,-1,1645,TRAIN,False,58.19,58.01,57.93,58.22,28.440384760230835,40.698292605762774,33.578598234246876
2016-10-20,XBI,0.016376486812618565,1,1643,TRAIN,False,58.97,59.06,58.93,59.08,12.758682789472894,-10.779597514446872,-5.883894311183474
2016-10-26,XBI,-0.010024196335983379,-1,1645,TRAIN,False,57.28,57.19,57.82,57.29,13.21571926117089,-98.31226021740565,14.958917774128611
2016-10-27,XBI,-0.015212449728973553,-1,1645,TRAIN,False,56.31,56.34,56.06,56.43,-7.829482785211035,40.41404977852212,13.452451255799726
2016-10-31,XBI,-0.011773100249732495,-1,1645,TRAIN,False,55.4,55.38,55.45,55.39,1.1105109108443478,-13.029681748624066,-0.6946686322293315
2016-11-02,XBI,-0.016773733047822943,-1,1645,TRAIN,True,55.11,54.66,54.85,55.04,79.17478977559249,43.19644549486937,66.55746120154254
2016-11-03,XBI,-0.029637760702524652,-1,1645,TRAIN,False,53.05,52.54,52.72,52.8,93.65925965588863,58.229553545016756,46.754237211077815
2016-11-04,XBI,0.02969166349448044,1,1643,TRAIN,False,54.09,54.11,55.51,54.16,1.1971168347210568,258.4212312649308,-11.729098050403834
2016-11-07,XBI,0.03973387543892069,1,1643,TRAIN,False,56.26,56.55,56.02,56.35,49.03400763146304,-46.64122276859828,32.9840864125307
2016-11-08,XBI,0.010610079575596842,1,1643,TRAIN,False,57.15,56.99,61.49,57.19,-30.489002811859354,755.1021729162488,-37.46190786322372
2016-11-09,XBI,0.11317775048254072,1,1643,TRAIN,False,63.44,62.9,64.77,62.97,-87.59802264011144,205.56386831082833,-13.613126191658075
2016-11-10,XBI,0.03386327503974567,1,1643,TRAIN,False,65.04,64.88,64.14,64.97,-27.093597270706557,-142.32024443819782,-16.348584985171737
2016-11-14,XBI,0.027105666156202083,1,1643,TRAIN,False,67.06,67.19,66.73,66.83,16.881279276502447,-53.18918321912701,51.35505892985589
2016-11-16,XBI,-0.029200359389038675,-1,1645,TRAIN,False,64.82,64.55,64.77,64.75,39.163725988022506,3.7159545454303826,28.395254340441973
2016-11-17,XBI,0.014717273431448534,1,1643,TRAIN,False,65.53,65.6,65.78,65.53,8.179960223428541,34.13600814096475,8.179960223428541
2016-11-22,XBI,-0.029034229828850833,-1,1645,TRAIN,False,63.53,63.74,61.52,63.61,-35.56401505391687,312.51173892892797,-22.94264858316785
2016-11-23,XBI,0.010040790712268488,1,1643,TRAIN,False,64.39,64.83,65.18,64.62,65.81701209067018,118.64159238349659,29.99005584212686
2016-11-28,XBI,-0.02869790871622657,-1,1645,TRAIN,False,63.64,63.46,63.42,63.45,25.790670390520624,30.58248356145193,-4.0769383191060715
2016-11-30,XBI,-0.026695979899497534,-1,1645,TRAIN,False,61.97,61.81,62.23,61.95,23.324900577983925,-45.973370888474214,20.104020804160527
2016-12-01,XBI,-0.02200291215013751,-1,1645,TRAIN,False,60.46,60.3,60.27,60.45,23.969894872127462,27.437508672757218,22.319600396506132
2016-12-02,XBI,0.010116086235489211,1,1643,TRAIN,False,60.92,60.97,61.59,60.89,5.705933665532315,105.93711855133955,10.635662323932184
2016-12-05,XBI,0.01853370510086932,1,1643,TRAIN,False,62.1,62.34,62.56,62.18,36.138182991421054,70.0452502092176,23.22581479201097
2016-12-06,XBI,0.01636188642925884,1,1643,TRAIN,False,63.36,63.49,61.98,63.35,18.01304827418362,-221.71512667163537,19.594423656705207
2016-12-07,XBI,-0.03764372342101119,-1,1645,TRAIN,False,61.09,60.94,60.53,61.03,22.059576426661852,87.70390516145613,12.250033162456678
2016-12-12,XBI,-0.016216216216216134,-1,1645,TRAIN,False,60.08,60.14,60.43,60.14,-12.489681691331878,-62.27976620623616,-2.5005001000207647
2016-12-15,XBI,0.011980033277870197,1,1643,TRAIN,False,60.83,61.02,61.05,60.97,28.727281011002308,32.15270146694026,5.699204590770232
2016-12-19,XBI,-0.01441441441441434,-1,1645,TRAIN,False,60.17,60.26,60.63,60.2,-17.461860329519617,-80.4814444690505,-12.469769701448083
2016-12-20,XBI,0.011118486558247622,1,1643,TRAIN,False,60.93,60.91,60.86,60.82,-5.781134926797976,-15.483199109398493,12.294565092242793
2016-12-21,XBI,-0.017238548678377888,-1,1645,TRAIN,False,59.86,59.64,59.82,59.85,34.26111216229144,2.6841318815049475,32.595992882787066
2016-12-22,XBI,-0.019785378940308514,-1,1645,TRAIN,False,58.45,58.67,58.7,58.56,-40.148919433160366,-46.78951188013439,-21.289350083131335
2016-12-23,XBI,0.031361854440088564,1,1643,TRAIN,False,60.51,60.72,60.92,60.66,32.196832819851586,63.73109777317504,7.389224430089179
2016-12-28,XBI,-0.012639281556627392,-1,1645,TRAIN,False,59.38,59.32,59.37,59.32,7.606438768385808,-2.3160576877912797,-2.5005001000205858
2017-01-04,XBI,0.04711685660826677,1,1643,TRAIN,False,61.56,61.5,61.71,61.65,-12.243652633996641,20.35752693515884,-26.824318834529898
2017-01-06,XBI,0.01703715722862238,1,1643,TRAIN,False,62.68,62.49,64.25,62.73,-32.80462286610855,246.37924999556614,-40.74914333249941
2017-01-09,XBI,0.03536565850536087,1,1643,TRAIN,False,64.71,64.48,64.92,64.56,-38.03380878452468,28.44030174030248,-14.887976555866231
2017-01-11,XBI,-0.031755819330969666,-1,1645,TRAIN,False,62.81,62.63,61.79,62.62,26.164522826551458,158.45869380849717,-4.0978333002936225
2017-01-12,XBI,0.018202139549736557,1,1643,TRAIN,False,63.77,63.61,63.49,63.58,-27.583396602787627,-47.889434187806074,2.2177854457426363
2017-01-17,XBI,-0.026356830941983853,-1,1645,TRAIN,False,62.45,62.57,62.81,62.67,-21.72067720189462,-61.66998011291523,13.460087900777319
2017-01-18,XBI,0.01022854403068564,1,1643,TRAIN,False,63.2,63.37,63.26,63.27,24.392510738358034,5.490674017095625,13.30182833355813
2017-01-23,XBI,-0.01300160513643652,-1,1645,TRAIN,False,61.5,61.52,61.62,61.52,-5.753345791110501,-23.52080172131877,-2.500500100021223
2017-01-30,XBI,-0.01838235294117656,-1,1645,TRAIN,False,61.42,61.48,60.96,61.38,-12.271747739323404,70.92333478092573,-18.796525678547145
2017-01-31,XBI,0.03432010409889406,1,1643,TRAIN,False,63.59,64.02,64.3,63.98,65.10429318444989,107.60892325387584,3.750890959662606
2017-02-03,XBI,0.012299548497586672,1,1643,TRAIN,False,65.02,65.09,64.98,65.08,8.26372713768769,-10.14869311588133,-0.9633137908351322
2017-02-09,XBI,0.015538461538461617,1,1643,TRAIN,False,66.01,66.16,66.28,66.04,20.218649801322083,36.887335455194226,15.666763679365063
2017-02-14,XBI,0.013165859564164719,1,1643,TRAIN,False,66.94,67.07,66.99,67.04,16.916022233258847,3.4671882474431412,1.9743217227654886
2017-02-15,XBI,0.016549873266736452,1,1643,TRAIN,False,68.18,68.18,68.24,68.15,-2.499500099981498,4.797515122962399,1.901453898509252
2017-02-17,XBI,0.010773317591499259,1,1643,TRAIN,False,68.49,68.51,68.86,68.3,0.41990433859487153,50.001680201263945,28.23952047072292
2017-02-22,XBI,-0.015716803760281922,-1,1645,TRAIN,False,67.01,66.87,67.04,67.0,18.397128164625222,-8.47953503549519,16.90733669121544
2017-02-27,XBI,0.04658525554047947,1,1643,TRAIN,False,69.42,69.54,69.31,69.43,14.782263944790467,-19.83844083963487,13.339835273618803
2017-03-01,XBI,0.016033511483460917,1,1643,TRAIN,False,70.37,70.5,70.19,70.49,15.969663819119866,-29.568052568255688,-1.081213747319379
2017-03-07,XBI,-0.012039558549519698,-1,1645,TRAIN,False,68.94,68.65,68.93,68.69,39.57558265351714,-2.5496831307094627,3.3242199466223235
2017-03-08,XBI,0.0160233066278222,1,1643,TRAIN,False,69.74,69.66,69.83,69.48,-13.967811542366071,8.900714838392783,23.400760262453446
2017-03-14,XBI,-0.012170959524483434,-1,1645,TRAIN,False,69.8,69.88,69.99,69.92,-13.96468405428923,-31.232320962759296,3.2217541906563887
2017-03-15,XBI,0.02346880366342302,1,1643,TRAIN,True,71.53,71.34,71.26,71.41,-29.055142417623898,-41.730504730872624,-12.299598615494856
2017-03-16,XBI,-0.012615643397813368,-1,1645,TRAIN,False,70.43,70.49,69.83,70.43,-11.021727276023366,81.2242528017204,-11.021727276023366
2017-03-21,XBI,-0.040883190883190944,-1,1645,TRAIN,False,67.32,66.86,66.85,66.81,65.84694835580214,65.84293685831716,-9.986281046060867
2017-03-27,XBI,0.014304674826721705,1,1643,TRAIN,False,68.79,68.83,68.87,68.98,3.313845153632806,7.625746256476954,-24.239498287642967
2017-04-05,XBI,-0.021052631578947392,-1,1645,TRAIN,False,66.04,66.04,66.19,65.93,-2.5005001000195026,-26.723394345735336,-19.189034227292755
2017-04-13,XBI,0.016979714500375803,1,1643,TRAIN,False,67.68,67.56,67.59,67.53,-20.22556481611544,-17.291754415075935,1.941859517924756
2017-04-18,XBI,-0.014727540500736375,-1,1645,TRAIN,False,66.9,66.95,67.16,67.08,-9.976210488734358,-42.88032494391006,16.884190791646596
2017-04-24,XBI,0.01878074228648071,1,1643,TRAIN,False,68.34,68.24,68.83,68.31,-17.128561410925514,67.67244736595487,-12.744340313609246
2017-04-25,XBI,0.023593200468933172,1,1643,TRAIN,False,69.86,69.65,69.82,69.83,-32.55210681310535,-9.722647511723409,-28.269943891787737
2017-04-27,XBI,0.011347313990232576,1,1643,TRAIN,False,70.42,70.25,70.33,70.3,-26.634335160800553,-16.774549094725216,-9.610097895072075
2017-05-02,XBI,-0.024304579938184936,-1,1645,TRAIN,False,69.46,69.96,69.75,69.78,-74.50237528070055,-45.768151614774276,-28.302307065023403
2017-05-05,XBI,-0.011756272401433595,-1,1645,TRAIN,False,68.93,69.22,68.88,69.06,-44.582687029207605,3.255837588527771,-25.674552808041998
2017-05-08,XBI,-0.027737648078590027,-1,1645,TRAIN,False,67.29,67.35,67.54,67.17,-11.419359217362599,-41.16828715720876,-29.304878394170203
2017-05-09,XBI,0.010987379361544309,1,1643,TRAIN,False,68.07,68.43,68.26,68.06,50.37401510442849,23.902080168660643,51.85070831851966
2017-05-12,XBI,0.013347022587268942,1,1643,TRAIN,False,69.09,69.1,69.41,69.14,-1.0524744088687075,42.29867588502813,-8.283417079964453
2017-05-17,XBI,-0.024089475193576036,-1,1645,TRAIN,False,68.06,67.66,67.69,67.9,56.28586781123447,50.38474635861829,32.85443539370478
2017-05-18,XBI,0.01980490688737812,1,1643,TRAIN,False,68.99,69.07,69.31,69.12,9.093484970203798,42.36578398192083,-9.731488308822206
2017-05-19,XBI,-0.01433328507311416,-1,1645,TRAIN,False,68.09,68.22,68.49,68.15,-21.597651884614457,-62.77008081892343,-12.774528493372811
2017-05-26,XBI,-0.014526438117373619,-1,1645,TRAIN,False,67.84,67.81,67.68,67.71,1.922775474906291,19.59354134977973,-17.273060283304417
2017-05-30,XBI,-0.016074325320749202,-1,1645,TRAIN,False,66.72,66.57,66.92,66.7,19.987135916390855,-33.988812150920666,16.994628310969695
2017-06-01,XBI,0.026642718155964692,1,1643,TRAIN,False,68.6,68.66,68.92,68.53,6.244669433461554,42.629374999637704,16.465552650449805
2017-06-02,XBI,0.024468394989804937,1,1643,TRAIN,False,70.34,70.16,70.71,70.15,-28.083095351358786,48.581412520453426,-1.0743396580856208
2017-06-13,XBI,0.010238907849829539,1,1643,TRAIN,False,71.03,71.12,71.15,71.03,10.168035377860186,12.88831351004265,10.168035377860186
2017-06-15,XBI,-0.015507124895222121,-1,1645,TRAIN,False,70.46,70.6,70.45,70.5,-22.37489791458401,-2.5809873868060778,-16.688444071793857
2017-06-19,XBI,0.034341435839457216,1,1643,TRAIN,False,73.19,73.29,73.46,73.33,11.16015354109178,32.87633223457704,-7.952930074014753
2017-06-20,XBI,0.01227998362668838,1,1643,TRAIN,False,74.21,74.1,74.98,74.13,-17.318595302634332,99.71890543061205,-6.545433123006721
2017-06-21,XBI,0.0421052631578948,1,1643,TRAIN,False,77.22,77.59,78.23,77.37,45.403571448363245,126.74362304436278,25.92818647075869
2017-06-27,XBI,-0.03132895401718026,-1,1645,TRAIN,False,76.7,76.36,77.08,76.62,41.839137058180725,-53.56429825730362,31.441683794864282
2017-06-28,XBI,0.027108433734939857,1,1643,TRAIN,False,78.44,78.31,78.37,78.31,-19.068534584770678,-12.919649624383466,-2.49950009997961
2017-06-29,XBI,-0.0163452943429958,-1,1645,TRAIN,False,77.07,77.3,77.18,77.44,-32.35096221268405,-18.279249466086334,15.582532828878673
2017-07-05,XBI,0.021038961038961097,1,1643,TRAIN,False,78.62,78.52,78.0,78.58,-15.215730702751962,-82.82800321136337,-10.133122268393441
2017-07-06,XBI,-0.021268466632705065,-1,1645,TRAIN,False,76.84,77.05,77.54,76.87,-29.836849722885322,-95.1356330610207,-25.922512458780893
2017-07-10,XBI,-0.015126050420167906,-1,1645,TRAIN,False,76.19,76.22,76.48,76.36,-6.439009287618224,-42.07876619292818,15.838290759250789
2017-07-13,XBI,0.013005408189544234,1,1643,TRAIN,False,78.67,78.22,78.27,78.46,-59.686168778701344,-54.824169270632765,-33.08068949554449
2017-07-20,XBI,0.013558454847787005,1,1643,TRAIN,False,79.25,79.2,79.17,79.19,-8.807071393292814,-14.08980033646227,-1.2370300280142892
2017-07-25,XBI,-0.011016214878078976,-1,1645,TRAIN,False,79.88,79.67,79.81,79.73,23.795507724478664,4.765850516121813,5.026779844868859
2017-07-27,XBI,-0.02855711422845693,-1,1645,TRAIN,False,77.57,77.82,77.35,77.61,-34.737513443130304,24.37202665491322,-29.56563481231333
2017-07-28,XBI,0.013235672063736844,1,1643,TRAIN,False,78.85,78.81,78.71,78.87,-7.5711553947922186,-21.74733093964682,-10.105053922649521
2017-07-31,XBI,-0.017637355665524688,-1,1645,TRAIN,False,77.4,77.25,77.53,77.44,16.884190791646454,-20.803385483297443,22.040758874913145
2017-08-01,XBI,-0.011003236245954619,-1,1645,TRAIN,False,76.39,76.19,76.21,76.35,23.687483929565744,19.57192066767996,18.460863095997446
2017-08-04,XBI,0.016989332279731224,1,1643,TRAIN,False,77.22,77.33,77.33,77.14,11.7419536035808,10.240117218720679,22.124885367753627
2017-08-08,XBI,-0.010820559062218077,-1,1645,TRAIN,False,76.79,76.76,76.18,76.71,1.4072354775691902,75.46840791520796,-9.02018495212758
2017-08-10,XBI,-0.03234677841801989,-1,1645,TRAIN,False,73.87,73.6,73.67,73.79,34.05933657287904,23.084622339385415,23.254684816894077
2017-08-11,XBI,0.015489130434782618,1,1643,TRAIN,False,74.77,74.83,75.29,74.73,5.523102949290497,65.51959636159046,10.878661949932464
2017-08-17,XBI,-0.01627199364995375,-1,1645,TRAIN,False,74.37,74.15,73.91,74.32,27.08871746112065,57.87684362205496,20.37927768545908
2017-08-22,XBI,0.023761578735400864,1,1643,TRAIN,False,76.27,76.27,75.78,76.27,-2.499500099978871,-68.2189509390633,-2.499500099978871
2017-08-24,XBI,0.02182200604706206,1,1643,TRAIN,False,77.69,77.63,78.02,77.62,-10.2205714089516,38.46032183703688,-1.2114943669361906
2017-08-28,XBI,0.030559167750325023,1,1643,TRAIN,False,79.23,79.29,78.34,79.27,5.071496113501139,-116.28546435102756,0.022891851554088672
2017-08-30,XBI,0.015944758317639623,1,1643,TRAIN,False,80.93,80.6,81.01,80.55,-43.26528738488276,5.8819324730137215,3.706273022242148
2017-08-31,XBI,0.029404466501240754,1,1643,TRAIN,False,82.97,82.85,83.1,83.0,-16.958943995219602,11.662847616085376,-20.567272087751476
2017-09-20,XBI,0.014622356495468202,1,1643,TRAIN,True,83.97,84.21,84.27,83.85,26.074992218418437,31.713557252822117,40.423578969358935
2017-09-26,XBI,-0.012605042016806688,-1,1645,TRAIN,False,82.26,82.31,82.65,82.33,-8.580308330084431,-51.43041737450391,-0.07064451879927577
2017-09-27,XBI,0.015307982019195613,1,1643,TRAIN,False,83.64,83.53,83.62,83.57,-15.647814961158863,-6.389444253663967,-7.2847103428405005
2017-09-28,XBI,0.012570334011732277,1,1643,TRAIN,False,84.55,84.91,85.03,84.79,40.068213441877866,52.749237260769405,11.64957479078447
2017-10-02,XBI,0.011684973124561814,1,1643,TRAIN,False,86.57,86.98,87.46,86.72,44.84917963848689,98.76666228496214,27.474555826842707
2017-10-26,XBI,-0.016109348303636726,-1,1645,TRAIN,False,80.59,80.89,81.11,80.76,-39.73527054337471,-68.55074948480038,-18.601602935744026
2017-10-27,XBI,0.026084806527382858,1,1643,TRAIN,False,82.99,82.86,82.81,82.86,-18.16012264470789,-25.679886314578006,-2.4995000999794725
2017-11-01,XBI,-0.011366384522369984,-1,1645,TRAIN,True,81.76,81.54,81.83,81.75,24.414251734886083,-12.565869338250705,23.19399659748238
2017-11-02,XBI,0.012631837135148233,1,1643,TRAIN,False,82.55,82.95,83.04,82.72,45.94386997827655,55.33502627154852,25.298192295777536
2017-11-03,XBI,0.016877637130801586,1,1643,TRAIN,False,84.35,84.61,84.84,84.47,28.316743290346352,54.06885427893916,14.070288818997357
2017-11-07,XBI,-0.011789924973204656,-1,1645,TRAIN,False,82.99,83.14,83.09,83.01,-20.579486423855922,-16.055265517497336,-18.165179837556913
2017-11-08,XBI,-0.010103439980755394,-1,1645,TRAIN,False,82.3,82.26,82.05,82.41,2.360982524572132,26.38802365576537,15.705725782942212
2017-11-13,XBI,-0.010752688172043128,-1,1645,TRAIN,False,80.96,80.76,80.46,80.93,22.20923433698307,57.782801619611945,18.5105598903036
2017-11-14,XBI,-0.02092620108964849,-1,1645,TRAIN,False,79.06,79.16,78.21,79.26,-15.152284188181246,103.55549480753878,10.119359223851047
2017-11-16,XBI,0.019835754895767443,1,1643,TRAIN,False,80.72,80.51,80.42,80.56,-28.508854720630225,-41.14984733479301,-8.704502892865703
2017-11-30,XBI,0.02721937819952544,1,1643,TRAIN,False,82.27,82.25,82.29,82.14,-4.929912279364604,-1.5691525606372376,10.888922775463119
2017-12-04,XBI,-0.014548981571290044,-1,1645,TRAIN,False,81.25,80.51,80.48,80.91,88.59919676242743,90.80634588456056,46.9495085520601
2017-12-07,XBI,0.028209993674889362,1,1643,TRAIN,False,81.28,81.35,82.05,81.1,6.110552003771205,90.69716568497377,28.318935473076884
2017-12-08,XBI,0.01917639827904121,1,1643,TRAIN,False,82.92,82.98,84.03,82.91,4.734581303711458,129.81123022862894,5.941279480204496
2017-12-12,XBI,-0.0160740379931808,-1,1645,TRAIN,False,80.79,80.77,80.71,80.76,-0.02432718255512287,5.905377139297902,-3.7390464719991225
2017-12-13,XBI,0.01758078494490531,1,1643,TRAIN,True,82.19,81.99,82.23,82.05,-26.827278418265962,0.8656256338476264,-9.810286571569405
2017-12-14,XBI,-0.017563117453347942,-1,1645,TRAIN,False,80.54,80.4,80.23,80.66,14.886513433800078,34.50479020561956,29.741628960552926
2017-12-21,XBI,0.01440000000000002,1,1643,TRAIN,False,82.42,82.18,82.71,82.36,-31.611367607573595,31.172362955217693,-24.34930692346056
2017-12-22,XBI,0.019347773180822453,1,1643,TRAIN,False,83.78,83.66,83.67,83.65,-16.81914750972019,-17.123574568924827,-1.3043416421320841
2018-01-02,XBI,0.023823704586063133,1,1643,TRAIN,False,85.97,86.25,86.47,85.95,30.06186014163925,54.13736375674777,32.39578960298694
2018-01-03,XBI,0.012521739130434762,1,1643,TRAIN,False,87.34,87.41,87.76,87.36,5.513152006649985,44.06950073232583,3.2225125487729898
2018-01-08,XBI,-0.019744483159117174,-1,1645,TRAIN,False,84.4,84.38,84.7,84.44,-0.13023931800535563,-39.56004471036253,4.606913803414593
2018-01-09,XBI,0.0266650865133918,1,1643,TRAIN,False,86.62,86.54,86.06,86.6,-11.73293394888373,-68.62354151197064,-9.42617481122593
2018-01-16,XBI,-0.026847151720248274,-1,1645,TRAIN,False,86.27,85.9,87.05,86.22,40.39882973696663,-94.450790007311,34.623138963210735
2018-01-17,XBI,0.01315483119906863,1,1643,TRAIN,False,87.05,87.06,86.74,86.94,-1.3510221562795721,-39.59667572516499,11.299672432664718
2018-01-19,XBI,0.01104209799861983,1,1643,TRAIN,False,87.89,87.96,89.73,87.91,5.463010253791553,205.26967538566564,3.1867133569074984
2018-01-22,XBI,0.05229649840836754,1,1643,TRAIN,False,92.57,92.87,92.99,92.63,29.900307072647806,41.353725581988314,23.40355636095221
2018-01-23,XBI,0.02153547970281038,1,1643,TRAIN,False,94.86,94.78,94.93,94.87,-10.930873070588275,3.377144516281051,-11.983794871678576
2018-01-24,XBI,-0.01350495885207851,-1,1645,TRAIN,False,93.48,93.32,94.15,93.53,14.619740379398614,-75.70256028098936,19.957803171881984
2018-01-29,XBI,0.010930110352075586,1,1643,TRAIN,False,96.19,95.98,94.61,96.01,-24.325834490031063,-168.19174890461176,-5.623393600625727
2018-01-30,XBI,-0.019587414044592723,-1,1645,TRAIN,False,94.11,94.01,94.52,94.1,8.128020248612632,-47.58426980263641,7.066184756609727
2018-01-31,XBI,-0.020742474204871852,-1,1645,TRAIN,True,92.05,92.36,92.2,92.54,-36.186270388245276,-20.302811241227808,16.955411830150982
2018-02-02,XBI,-0.011772329625229543,-1,1645,TRAIN,False,91.5,90.84,89.76,91.16,69.64868383512606,186.23921505612648,32.611392835827004
2018-02-05,XBI,-0.018053720827829155,-1,1645,TRAIN,False,89.15,87.38,85.96,88.62,196.0909287858688,353.96625034485464,137.45775559986706
2018-02-06,XBI,0.024719615472648327,1,1643,TRAIN,False,89.53,90.06,89.77,89.99,56.68373752927344,22.796736307825594,5.27719769969955
2018-02-08,XBI,-0.035722185357221894,-1,1645,TRAIN,False,87.2,85.88,86.71,86.84,148.91349829598923,52.214341950960865,108.07527696234635
2018-02-12,XBI,0.02915892193308556,1,1643,TRAIN,False,88.6,87.83,87.48,88.13,-89.38522679211225,-130.35948115117176,-36.531613454908815
2018-02-14,XBI,0.022639800769753225,1,1643,TRAIN,False,90.33,90.66,91.56,90.4,34.02408193220192,132.11373002716016,26.254373019201275
2018-02-15,XBI,0.012574454003970887,1,1643,TRAIN,False,91.8,91.72,91.49,91.6,-11.21191883627663,-37.75475841650896,10.597662126963087
2018-02-20,XBI,-0.014758937356510269,-1,1645,TRAIN,False,90.1,89.79,89.92,89.59,31.91431849077805,15.984995001220149,-24.8300022768258
2018-02-21,XBI,0.013810001113709709,1,1643,TRAIN,False,91.04,90.06,90.92,90.43,-110.11758544600448,-17.174948138668725,-43.40489858458707
2018-02-23,XBI,0.012419605233976384,1,1643,TRAIN,False,91.3,91.54,91.99,91.32,23.780895518597656,71.54560325612808,21.585586518265053
2018-02-28,XBI,-0.012624876495773473,-1,1645,TRAIN,False,89.94,89.38,89.19,89.94,59.77880032310501,79.42148803343056,59.77880032310501
2018-03-02,XBI,0.024497629261684372,1,1643,TRAIN,False,90.75,90.96,90.83,90.95,20.635211800615366,4.8127013715728655,-1.4002696986730212
2018-03-05,XBI,0.016160949868074023,1,1643,TRAIN,False,92.44,92.37,92.81,92.6,-10.070086804794453,36.01075544302614,-27.331304797354946
2018-03-09,XBI,0.016602809706258007,1,1643,TRAIN,False,95.52,95.4,95.82,95.35,-15.059174094827446,27.395274713900918,2.7430276923135155
2018-03-13,XBI,-0.010317873892652518,-1,1645,TRAIN,False,94.97,94.9,95.2,94.78,4.872091613224931,-28.228663527798755,-15.164564881748388
2018-03-15,XBI,-0.01619390347163422,-1,1645,TRAIN,False,92.95,93.01,93.08,92.86,-8.95719757184535,-17.992409670744593,-18.657888372851016
2018-03-19,XBI,-0.024962178517397904,-1,1645,TRAIN,False,90.21,90.95,91.21,90.47,-84.55182888922519,-114.89760539404132,-55.570028563027094
2018-03-22,XBI,-0.020849169290911084,-1,1645,TRAIN,False,90.17,89.34,89.6,89.88,89.57086970238596,59.23841971455216,57.594629740365335
2018-03-23,XBI,-0.014103425117528599,-1,1645,TRAIN,False,88.05,87.69,89.3,87.99,38.395583716400296,-146.0223901679829,31.602808799058373
2018-03-26,XBI,0.02736914129319199,1,1643,TRAIN,False,90.08,90.12,90.55,90.05,1.9398873333678066,48.155777370281164,5.272016113156846
2018-03-27,XBI,-0.0369507323568575,-1,1645,TRAIN,False,86.8,86.27,86.36,86.35,58.5746757646455,46.71072463340709,6.76643724807414
2018-03-29,XBI,0.016734456711214384,1,1643,TRAIN,False,87.49,86.83,86.45,87.2,-77.91783739491618,-122.8223894597007,-44.92008708349997
2018-04-02,XBI,-0.044454681561672225,-1,1645,TRAIN,False,82.97,82.99,83.64,82.79,-4.911612670853434,-84.78518651783871,-26.664047630156926
2018-04-04,XBI,0.031860103006348194,1,1643,TRAIN,False,86.18,86.33,86.94,86.23,14.90157990680733,84.1530463923457,9.094493289674734
2018-04-05,XBI,-0.022008571759527296,-1,1645,TRAIN,False,84.46,84.6,83.51,84.62,-19.08053881673872,108.52348068477004,-0.13640165991123718
2018-04-06,XBI,-0.03085106382978723,-1,1645,TRAIN,False,81.97,82.05,83.93,82.32,-12.262608676424966,-243.20833423729948,30.306535067945926
2018-04-09,XBI,0.032175502742230355,1,1643,TRAIN,False,84.68,84.29,85.66,84.32,-48.543727721154525,111.68432350374339,-6.056485571954452
2018-04-10,XBI,0.038794637560801946,1,1643,TRAIN,False,87.58,87.67,87.07,87.58,7.774250128279881,-62.20838499575809,7.774250128279881
2018-04-12,XBI,0.01972565468767724,1,1643,TRAIN,False,89.96,89.52,89.92,89.75,-51.39790183359361,-8.443842578747807,-28.119835642899258
2018-04-13,XBI,-0.015192135835567465,-1,1645,TRAIN,False,88.16,88.66,89.32,88.65,-59.229745223091555,-135.6323896358209,-3.628813749213131
2018-04-17,XBI,0.027275826798499894,1,1643,TRAIN,False,90.38,90.19,90.51,90.39,-23.516595640817485,10.378760716103868,-24.620311030171777
2018-04-19,XBI,-0.01926288831978626,-1,1645,TRAIN,False,88.08,88.34,88.24,88.47,-32.02650066798245,-22.17337200410048,12.197420833776807
2018-04-24,XBI,-0.016406608536025616,-1,1645,TRAIN,False,85.73,85.57,85.85,85.41,16.167411716333902,-18.00383405737255,-21.238353747322574
2018-04-26,XBI,0.017082017082017176,1,1643,TRAIN,False,86.93,86.94,87.27,87.05,-1.349436773177592,35.09708733509096,-15.132757480668513
2018-04-27,XBI,0.010121923165401375,1,1643,TRAIN,False,87.82,87.71,87.97,87.62,-15.021989908553294,13.074360759823682,7.769559988937697
2018-04-30,XBI,-0.015391631512940308,-1,1645,TRAIN,False,86.35,86.09,86.22,86.31,27.61704628128765,11.060231733665084,22.995388093954446
2018-05-03,XBI,-0.012823475046210713,-1,1645,TRAIN,False,85.43,85.04,85.06,85.19,43.16232554716496,39.32683996708255,15.111603139971097
2018-05-04,XBI,0.020578551269990593,1,1643,TRAIN,False,86.79,86.48,86.88,86.8,-38.2089730227708,6.366511004745581,-39.3566448000707
2018-05-07,XBI,0.011679000925069275,1,1643,TRAIN,False,87.49,87.66,87.33,87.64,16.92643526386666,-22.27969082146524,-0.2180075167083059
2018-05-09,XBI,0.019951840385277024,1,1643,TRAIN,False,88.94,88.93,89.08,88.79,-3.623572564550174,11.735453673826553,13.264100192688089
2018-05-11,XBI,0.028707591058663353,1,1643,TRAIN,False,90.65,90.74,91.09,90.7,7.426313965005207,44.51972264124052,1.9095409143078141
2018-05-14,XBI,0.013775622658144148,1,1643,TRAIN,False,91.97,91.87,91.44,92.02,-13.369893162825909,-61.603640998450324,-18.796229886819194
2018-05-16,XBI,0.014779943069848853,1,1643,TRAIN,False,92.69,92.56,92.6,92.41,-16.521239931535174,-13.705102328330431,13.728452231858281
2018-05-21,XBI,-0.022454928209003546,-1,1645,TRAIN,False,90.56,90.8,91.15,90.61,-29.00889365152213,-69.17704212220626,-23.47473136609383
2018-05-29,XBI,-0.010974682168858036,-1,1645,TRAIN,False,91.02,91.55,92.01,91.44,-60.744020920203475,-112.81161967396787,-14.533254419913762
2018-05-30,XBI,0.015838339705079224,1,1643,TRAIN,False,93.0,93.17,93.55,93.02,15.775500813816219,55.116933602527496,13.622033709792593
2018-05-31,XBI,0.016206933562305518,1,1643,TRAIN,False,94.67,94.61,95.11,94.68,-8.835720972420873,42.45944937979802,-9.890977022170308
2018-06-01,XBI,0.012472254518549908,1,1643,TRAIN,False,95.79,95.75,96.18,95.75,-6.6742575902834735,36.69857948235009,-2.4995000999802532
2018-06-07,XBI,-0.01457063139402704,-1,1645,TRAIN,False,95.37,95.12,94.97,95.4,23.71974866819668,37.95789041419589,26.856943715785512
2018-06-12,XBI,0.012438073152735244,1,1643,TRAIN,False,96.05,95.94,96.07,95.85,-13.949006138386782,-1.9177840642174533,6.887824313072122
2018-06-19,XBI,0.012226712257797043,1,1643,TRAIN,False,97.7,97.9,98.57,97.78,17.966212284667527,85.01329416818837,9.769880754878422
2018-06-20,XBI,0.022778345250255256,1,1643,TRAIN,False,100.14,100.12,100.31,100.11,-4.496204813359968,12.97024397796789,-1.5008485666753093
2018-06-21,XBI,-0.019476628046344414,-1,1645,TRAIN,False,98.16,98.08,98.41,97.96,5.65149704757439,-29.47961230387933,-14.75346110463599
2018-06-25,XBI,-0.03169265260368898,-1,1645,TRAIN,False,95.04,95.46,95.88,95.63,-46.70346948177527,-92.4199991513444,15.280793270437774
2018-06-27,XBI,-0.023695198329853822,-1,1645,TRAIN,False,93.5,92.72,92.96,93.4,80.94281957995884,53.77631676067968,70.32284401205706
2018-06-29,XBI,0.010401029380227309,1,1643,TRAIN,False,94.26,94.19,93.51,94.13,-9.92391167427526,-83.53453434074486,3.873070068870949
2018-07-06,XBI,0.027239772138788292,1,1643,TRAIN,False,99.18,99.28,99.79,99.03,7.580657693828774,57.48053857669672,22.739065233504473
2018-07-16,XBI,-0.01937945576865154,-1,1645,TRAIN,False,97.65,97.97,97.76,97.95,-35.27879154940117,-15.270027891907828,-4.5428687575187245
2018-07-17,XBI,0.01337144023680721,1,1643,TRAIN,False,99.27,99.38,99.16,99.34,8.578620731983515,-15.075659190715344,1.526068855082108
2018-07-24,XBI,-0.01972685887708638,-1,1645,TRAIN,False,96.89,96.81,96.56,96.7,5.758350555442972,30.072068702108236,-13.878732313165173
2018-07-27,XBI,-0.027105317608110805,-1,1645,TRAIN,False,94.04,94.06,93.89,94.35,-4.627786467543954,11.956240673912676,28.243804563773708
2018-07-30,XBI,-0.01786093982564328,-1,1645,TRAIN,False,92.36,92.52,92.81,92.4,-19.828348519424036,-52.742683660163,-15.490760489760621
2018-07-31,XBI,0.017077388672719393,1,1643,TRAIN,False,94.12,94.29,94.21,94.11,15.558033739618514,5.559236643959125,16.622273250163587
2018-08-03,XBI,-0.014303744215397554,-1,1645,TRAIN,False,93.73,93.8,93.59,93.64,-9.970627433925594,10.94169543393527,-19.591487712322813
2018-08-07,XBI,0.010959778676314121,1,1643,TRAIN,False,95.03,95.03,94.98,94.91,-2.499500099980225,-9.258592351823545,10.140896696860494
2018-08-15,XBI,-0.02021706746116201,-1,1645,TRAIN,False,92.07,92.18,92.65,92.05,-14.45091885760912,-67.0215502859455,-16.626790866052502
2018-08-21,XBI,0.018290043290043263,1,1643,TRAIN,False,94.1,94.21,94.16,94.17,9.187269878649868,2.3744454084749504,1.7470754548243144
2018-08-22,XBI,0.018150939390722938,1,1643,TRAIN,False,95.93,95.77,95.82,95.92,-19.17415953898965,-15.46130886405039,-18.13362306688005
2018-08-27,XBI,0.017740919588494622,1,1643,TRAIN,False,96.95,97.06,97.09,96.91,8.843718620896858,10.435458034746585,12.97490991947266
2018-08-29,XBI,0.011053116364752969,1,1643,TRAIN,False,98.79,98.59,98.41,98.76,-22.739403936198457,-42.44924878775725,-19.708644338366177
2018-09-06,XBI,-0.022995522995523047,-1,1645,TRAIN,False,96.01,95.82,95.32,95.88,17.294053540424525,67.8954663966872,3.7588869463493353
2018-09-17,XBI,-0.01601517226846482,-1,1645,TRAIN,False,93.38,93.39,93.71,93.25,-3.5716610017237995,-39.354411897586274,-17.517659027784113
2018-09-18,XBI,0.013491808544812134,1,1643,TRAIN,False,94.65,94.53,94.38,94.55,-15.174619592722328,-32.51394095190464,-4.614254304082704
2018-09-20,XBI,0.01574220813523502,1,1643,TRAIN,False,96.16,96.22,96.35,96.06,3.73854097732827,15.751633367170543,14.15259317488958
2018-09-21,XBI,-0.014965703595925979,-1,1645,TRAIN,False,94.77,94.69,94.69,94.48,5.943100617590281,4.444067034364258,-24.732984276788027
2018-09-24,XBI,0.012567324955116673,1,1643,TRAIN,False,95.88,95.76,96.15,95.9,-15.01201637019247,24.149738262611912,-17.09439134070965
2018-10-01,XBI,-0.013049884234897863,-1,1645,TRAIN,False,93.78,93.69,93.85,93.58,7.098828594893298,-11.46806456620743,-14.258087779129621
2018-10-02,XBI,-0.018251681075888503,-1,1645,TRAIN,False,91.98,92.37,92.79,92.3,-44.91162420351027,-92.09865456457203,-10.086361801072945
2018-10-03,XBI,0.01710512071018727,1,1643,TRAIN,False,93.95,94.1,93.84,93.97,13.462448542754945,-15.702873262493794,11.33124444601283
2018-10-04,XBI,-0.035387885228480326,-1,1645,TRAIN,False,90.75,90.89,90.91,90.8,-17.931354866014594,-21.638707906868863,-12.414872842410624
2018-10-08,XBI,-0.011154489682097044,-1,1645,TRAIN,False,88.64,88.7,88.14,88.73,-9.271145745395517,52.42970976866931,0.8813889454306493
2018-10-09,XBI,-0.013754227733934598,-1,1645,TRAIN,False,87.48,87.62,87.38,87.55,-18.508159793824795,7.434957499045796,-10.497930539850763
2018-10-10,XBI,-0.02408125998630449,-1,1645,TRAIN,False,85.51,84.68,84.51,85.04,94.58844172062024,112.99137385657507,39.843105027400625
2018-10-12,XBI,0.017092995457805484,1,1643,TRAIN,False,85.04,85.28,84.87,85.23,25.71545897781691,-23.981798184108538,3.365512512890762
2018-10-16,XBI,0.04813978366813279,1,1643,TRAIN,False,88.18,88.65,88.21,88.6,50.78724559012102,-0.5984287379317188,3.142430204706389
2018-10-18,XBI,-0.023839114224381418,-1,1645,TRAIN,False,86.41,86.76,86.87,86.79,-43.01519949864376,-57.25667758247937,0.9569836539027389
2018-10-19,XBI,-0.024319963116643608,-1,1645,TRAIN,False,84.65,84.66,84.68,84.82,-3.682130401272988,-7.546222770839392,16.36769230761757
2018-10-22,XBI,-0.020670918969997638,-1,1645,TRAIN,False,82.92,82.75,81.09,82.91,18.006314721699056,216.78214079863832,16.802359386360923
2018-10-24,XBI,-0.06519109820996613,-1,1645,TRAIN,False,77.3,76.59,77.36,77.33,89.37240229416909,-11.765871932473086,93.21720803490614
2018-10-25,XBI,0.05052878965922431,1,1643,TRAIN,False,80.46,79.72,79.04,79.81,-94.44767770283788,-180.41383023419934,-13.773463826217693
2018-10-29,XBI,-0.03488080301129236,-1,1645,TRAIN,False,76.93,77.36,76.98,75.84,-58.40944609043948,-10.502815498753593,-202.9725565366251
2018-10-31,XBI,0.017125933556528437,1,1643,TRAIN,False,78.99,78.41,79.02,78.61,-75.90816309456285,-0.20276992835455349,-27.935196576001704
2018-11-01,XBI,0.05815584746843518,1,1643,TRAIN,False,82.97,83.06,83.75,83.08,8.345082821449854,89.97308649635646,-4.9062166382319825
2018-11-07,XBI,0.02000000000000007,1,1643,TRAIN,False,84.14,84.58,84.24,84.07,49.78122511936865,7.881000457858807,58.14906960323333
2018-11-08,XBI,-0.011823126034523528,-1,1645,TRAIN,True,83.59,83.46,82.56,83.32,13.055488236061338,119.26897881071753,-19.30739004257894
2018-11-09,XBI,-0.03414809489575838,-1,1645,TRAIN,False,80.61,80.07,79.8,80.72,64.50545784631436,96.52321234622981,78.04490779226191
2018-11-12,XBI,-0.03359560384663417,-1,1645,TRAIN,False,77.37,76.97,77.49,77.4,49.212052569490815,-19.516892909405414,53.06894712275872
2018-11-14,XBI,-0.019976498237367815,-1,1645,TRAIN,False,75.06,74.26,74.11,74.71,104.10755212593193,122.61525046816035,57.747461686150515
2018-11-15,XBI,0.028817667654187994,1,1643,TRAIN,False,76.43,76.86,76.27,76.48,53.74706819724449,-24.925016305127407,47.17427330433494
2018-11-16,XBI,0.027192297684101006,1,1643,TRAIN,False,78.96,78.81,78.45,79.1,-21.491712295838063,-68.56303511334053,-39.152788911243775
2018-11-19,XBI,-0.03057987565029814,-1,1645,TRAIN,False,76.41,76.23,74.56,76.13,21.06251639020143,238.21097160146593,-15.639210858067946
2018-11-21,XBI,0.02111653688795049,1,1643,TRAIN,False,77.35,77.21,76.44,77.27,-20.594523629210272,-121.59920956984924,-10.262539183634129
2018-11-26,XBI,0.019896640826873282,1,1643,TRAIN,False,78.93,79.38,78.71,79.1,54.49879237379425,-31.86085195225082,32.889882200550815
2018-11-27,XBI,-0.029226505416981522,-1,1645,TRAIN,False,77.05,77.28,78.12,77.23,-32.35871054808158,-142.92722269308018,-8.976287035213794
2018-11-28,XBI,0.029114906832298136,1,1643,TRAIN,False,79.54,80.21,79.84,79.89,81.71379302213467,33.70258812205377,37.545563862568144
2018-12-03,XBI,0.0380622837370242,1,1643,TRAIN,False,84.0,84.13,83.48,83.85,12.972822102245843,-65.87920511135815,30.885116953951144
2018-12-04,XBI,-0.04528705574705815,-1,1645,TRAIN,False,80.32,79.74,78.45,79.96,69.72871167858933,228.91107105883307,25.02013659360092
2018-12-07,XBI,-0.03263315828957238,-1,1645,TRAIN,False,77.39,77.48,77.35,77.76,-14.13281751840941,1.1698941416415034,33.5167342110386
2018-12-10,XBI,0.012003097573567276,1,1643,TRAIN,False,78.44,78.5,78.9,78.53,5.147746585309369,54.620896320483276,-6.318741345324578
2018-12-12,XBI,0.017754502490739565,1,1643,TRAIN,False,79.7,79.37,79.56,79.76,-43.89442061399488,-21.558047236224176,-51.38396844201851
2018-12-13,XBI,-0.024694468942925638,-1,1645,TRAIN,False,77.4,77.18,76.47,77.44,25.93037987442406,116.20231022948941,31.082275339362873
2018-12-14,XBI,-0.014122829748639586,-1,1645,TRAIN,False,76.09,76.11,75.6,75.85,-5.129623637963656,60.42238806547072,-36.78725197907289
2018-12-17,XBI,-0.024306924188674212,-1,1645,TRAIN,False,74.26,74.31,75.23,74.09,-9.235283630926904,-134.67519789980105,-32.20154086155561
2018-12-18,XBI,-0.02529942134302241,-1,1645,TRAIN,False,72.41,72.99,72.91,73.08,-82.6199627441036,-73.07966219676823,9.81785026956006
2018-12-19,XBI,-0.038772434580079444,-1,1645,TRAIN,True,70.15,70.57,70.01,70.26,-62.38717451259239,15.964418828169098,-46.633365955852994
2018-12-20,XBI,-0.029332577582542062,-1,1645,TRAIN,False,68.5,68.05,68.38,68.3,63.20935719990651,13.524456716160852,34.1118736192321
2018-12-21,XBI,-0.04437913299044814,-1,1645,TRAIN,False,65.03,65.14,64.42,65.21,-19.419999638864983,89.83958870814537,8.23673398994928
2018-12-26,XBI,0.06195099398982888,1,1643,TRAIN,False,68.9,69.6,68.4,69.25,99.07162254051299,-76.53911888159243,48.02938329301549
2018-12-27,XBI,-0.02255747126436772,-1,1645,TRAIN,False,68.01,68.89,69.1,68.92,-131.9255911173394,-164.33546965237426,1.8534612320025659
2018-12-28,XBI,0.013064305414428882,1,1643,TRAIN,False,69.79,69.48,70.42,69.44,-46.907368776997096,86.23551117258941,3.2594287594115414
2018-12-31,XBI,0.020149683362118472,1,1643,TRAIN,False,70.88,69.74,69.87,71.08,-163.2945137834715,-146.4365704737139,-190.97235701987356
2019-01-02,XBI,0.02480642386005168,1,1643,TRAIN,False,71.45,72.28,72.7,71.5,113.63661487436546,170.87835057201306,106.56414171711263
2019-01-03,XBI,-0.019369120088544627,-1,1645,TRAIN,False,70.9,70.59,71.79,71.04,41.23398727700306,-129.57993573326766,60.85993381108557
2019-01-04,XBI,0.051848703782405386,1,1643,TRAIN,False,74.25,74.37,76.19,74.13,13.658076465515503,257.17577023315954,29.867964084237613
2019-01-07,XBI,0.0559365335484738,1,1643,TRAIN,False,78.53,78.81,79.87,78.63,33.14675152324787,166.56798526962237,20.386803982203336
2019-01-08,XBI,0.010912320771475694,1,1643,TRAIN,False,79.69,79.78,80.18,79.78,8.791440356678047,57.464476486057805,-2.4995000999808794
2019-01-09,XBI,0.011281022812735093,1,1643,TRAIN,False,80.68,80.07,79.44,80.47,-78.08793967532877,-157.63133937416976,-52.19504129495924
2019-01-10,XBI,0.013737979268140485,1,1643,TRAIN,False,81.18,81.28,81.01,81.28,9.815725940793925,-24.931943889614114,-2.4995000999797723
2019-01-14,XBI,-0.012795275590551257,-1,1645,TRAIN,False,80.26,79.56,79.7,80.02,84.73785462300499,65.80035169755105,54.99950277483576
2019-01-15,XBI,0.01935646053293102,1,1643,TRAIN,False,81.09,81.48,81.48,81.17,45.583188208825476,44.07627538495367,35.68240398981954
2019-01-22,XBI,-0.031094978826376372,-1,1645,TRAIN,False,80.08,80.15,80.63,80.12,-11.243944593116316,-72.70959686442663,-6.245819807997684
2019-01-23,XBI,-0.013599500935745518,-1,1645,TRAIN,False,79.06,79.08,79.08,79.13,-5.030856917652211,-6.53153651220932,3.8197959318877177
2019-01-25,XBI,0.020663744520976905,1,1643,TRAIN,False,81.51,81.65,80.36,81.59,14.672013456468193,-145.02975984363866,4.852504189688897
2019-01-28,XBI,-0.027924066135946123,-1,1645,TRAIN,False,79.38,79.33,79.62,79.47,3.799890741564966,-34.24721225424209,15.120615667111453
2019-01-30,XBI,0.023170885278932168,1,1643,TRAIN,True,81.25,81.59,81.26,81.14,39.33619429960173,-2.7689231384478425,52.94633703281548
2019-01-31,XBI,0.012869224169628596,1,1643,TRAIN,False,82.66,82.87,82.82,82.55,22.89942447029734,15.349458538004006,36.25519596262611
2019-02-07,XBI,-0.028591936834549594,-1,1645,TRAIN,False,81.22,81.27,80.69,81.29,-8.658158620152081,61.2801703408895,-0.03955767165221816
2019-02-12,XBI,0.01408450704225348,1,1643,TRAIN,False,83.53,83.68,84.13,83.41,15.453631409479073,67.80255346033636,29.86262836151295
2019-02-15,XBI,0.01653974297953356,1,1643,TRAIN,False,85.43,85.83,86.14,85.54,44.31075624978081,79.07654100691029,31.394293972629967
2019-02-21,XBI,-0.013363292336802217,-1,1645,TRAIN,False,83.4,83.36,83.76,83.25,2.296862250148517,-47.183537426908636,-15.717017277329939
2019-02-22,XBI,0.01583493282149721,1,1643,TRAIN,False,84.68,84.99,87.73,84.62,34.099757752746406,356.0362561403638,41.214458597288704
2019-02-25,XBI,0.04388751617837398,1,1643,TRAIN,False,88.72,88.75,88.14,88.7,0.881079419825376,-69.34726670535974,3.136069516649003
2019-02-27,XBI,0.013286395639336835,1,1643,TRAIN,False,89.22,89.49,89.42,89.32,27.755208877524964,18.40833357650495,16.528434125086996
2019-03-01,XBI,0.02976459936622901,1,1643,TRAIN,False,90.98,91.01,92.18,90.97,0.7971037140125793,127.84517178780175,1.8964548301748623
2019-03-04,XBI,-0.0124162179980223,-1,1645,TRAIN,False,89.88,90.11,90.04,89.95,-28.09657392092749,-21.809435318306424,-20.292607715539962
2019-03-06,XBI,-0.04003130940400327,-1,1645,TRAIN,False,85.85,85.78,85.75,86.04,5.655295299011574,7.6520837073647,27.725559058812497
2019-03-11,XBI,0.022634465056586305,1,1643,TRAIN,False,87.65,88.26,88.28,87.81,67.07808466829239,67.84883753426149,48.73470130025984
2019-03-12,XBI,0.010537049626104607,1,1643,TRAIN,False,89.18,89.19,89.57,89.33,-1.3784527238987685,39.71508905215806,-18.167809402408597
2019-03-13,XBI,0.017042269312703175,1,1643,TRAIN,False,90.69,90.89,90.72,90.73,19.548135802326264,-0.692550871233249,15.130832535135278
2019-03-14,XBI,-0.011552426009461955,-1,1645,TRAIN,False,89.86,89.93,90.2,90.04,-10.292343356276845,-41.85257260666499,9.719347245725091
2019-03-21,XBI,0.013513513513513443,1,1643,TRAIN,False,90.75,91.12,90.5,90.89,38.261658962975375,-31.536392446028202,22.799488952470085
2019-03-22,XBI,-0.03500877963125546,-1,1645,TRAIN,False,87.95,87.09,86.94,87.54,95.30678165195242,110.88312034209112,48.91742570584089
2019-03-27,XBI,-0.014279289408590017,-1,1645,TRAIN,False,87.68,86.99,87.09,87.44,76.21443312385283,63.316267268054254,48.97622937213233
2019-03-29,XBI,0.015662240381341452,1,1643,TRAIN,False,89.48,89.75,90.64,89.85,27.66729845805611,125.58686295820843,-13.626378786566749
2019-04-02,XBI,0.01550647032574744,1,1643,TRAIN,False,91.03,90.93,91.66,91.0,-13.482143733835905,65.18107561614146,-10.189885099901982
2019-04-05,XBI,0.0197563384919328,1,1643,TRAIN,False,92.91,92.98,92.71,92.91,5.032789588892235,-25.516799556889218,5.032789588892235
2019-04-09,XBI,-0.012343005630142925,-1,1645,TRAIN,False,91.23,90.65,91.11,90.98,61.09097518286765,9.158030224920932,33.78027770865061
2019-04-10,XBI,0.010148924434638582,1,1643,TRAIN,False,91.57,91.99,92.25,91.77,43.355585735533936,70.23123059127408,21.4674837725055
2019-04-11,XBI,-0.019023806935536472,-1,1645,TRAIN,False,90.23,90.03,90.86,89.99,19.670619261833206,-73.85030147999969,-6.946549883373859
2019-04-12,XBI,-0.013662112629123669,-1,1645,TRAIN,False,88.8,89.12,89.22,89.23,-38.54554694722814,-51.317020160788225,9.830274919715889
2019-04-15,XBI,-0.010771992818671543,-1,1645,TRAIN,False,88.16,88.32,89.02,88.08,-20.653858539402375,-101.58973718518538,-29.755269855061496
2019-04-17,XBI,-0.04296565015304379,-1,1645,TRAIN,False,84.43,84.09,84.18,84.43,37.779615617543676,25.62137442293654,37.779615617543676
2019-04-23,XBI,0.033182143709715936,1,1643,TRAIN,False,86.55,86.16,86.35,86.33,-47.54889576677271,-27.097988836662946,-22.18645810974358
2019-04-30,XBI,-0.015595903165735607,-1,1645,TRAIN,False,84.57,84.46,84.6,84.36,10.50972876377206,-7.549576605636836,-14.357423405022022
2019-05-01,XBI,-0.012313521193464268,-1,1645,TRAIN,True,83.45,82.91,82.7,83.35,62.22508731824283,85.9093328551883,50.30214201208399
2019-05-03,XBI,0.01622137404580152,1,1643,TRAIN,False,85.2,85.46,83.33,85.2,28.00930424243775,-223.39499236302973,28.00930424243775
2019-05-06,XBI,0.016264919260472743,1,1643,TRAIN,False,86.86,86.9,86.24,86.97,2.1044605262704,-75.34988512313589,-10.546240757596417
2019-05-07,XBI,-0.03475258918296904,-1,1645,TRAIN,False,83.86,84.03,83.37,83.61,-22.77745079185317,54.45329466561057,-52.74628660931455
2019-05-13,XBI,-0.040750090155066726,-1,1645,TRAIN,False,79.8,79.71,80.2,79.77,8.78051550159627,-54.14616757938081,5.023005353232564
2019-05-14,XBI,0.01982185422155329,1,1643,TRAIN,False,81.29,81.06,80.26,81.23,-30.786191144105587,-130.65537956500182,-23.42249757607213
2019-05-16,XBI,0.01468069488622465,1,1643,TRAIN,False,82.93,82.76,82.11,82.69,-22.993592527123777,-102.83822892963944,5.963736506539882
2019-05-20,XBI,-0.019672531769305956,-1,1645,TRAIN,False,80.22,80.07,80.63,80.26,16.202754387826165,-55.13069704441887,21.178481896229695
2019-05-21,XBI,0.02972399150743112,1,1643,TRAIN,False,82.46,82.41,82.17,82.35,-8.561530478284133,-39.15370212399375,4.7846532697109625
2019-05-23,XBI,-0.012079062957540201,-1,1645,TRAIN,False,81.0,81.14,81.66,80.96,-19.788772569328856,-85.51488075392679,-24.739261093327073
2019-05-24,XBI,0.01392654670939112,1,1643,TRAIN,False,82.26,82.19,82.53,82.32,-11.00697682005136,28.81043047408053,-18.287583979801834
2019-05-31,XBI,-0.015724447772369785,-1,1645,TRAIN,False,78.87,78.75,79.09,78.78,12.718215000931577,-31.905962782513143,1.3085252237041294
2019-06-04,XBI,0.025106703489831787,1,1643,TRAIN,False,81.66,81.82,82.24,81.59,17.089038719319905,66.99860125942116,25.683183010412133
2019-06-06,XBI,-0.011477411477411622,-1,1645,TRAIN,False,80.97,80.65,80.92,80.92,37.03019225556688,2.1767969748084375,30.87413083209726
2019-06-07,XBI,0.02008679479231234,1,1643,TRAIN,False,82.27,82.12,82.92,82.39,-20.727591445364812,74.97734681822784,-35.262276346767464
2019-06-11,XBI,-0.010077424112080709,-1,1645,TRAIN,False,80.54,80.47,80.39,80.46,6.193006666891152,14.630937113671784,-3.743664467420946
2019-06-13,XBI,0.013702012097271933,1,1643,TRAIN,False,82.13,82.3,82.39,82.1,18.194218212245456,27.64526846244258,21.85494691561171
2019-06-14,XBI,-0.013851761846901588,-1,1645,TRAIN,False,81.17,80.78,82.32,81.13,45.55882224861843,-145.73544251784787,40.65092569851148
2019-06-17,XBI,0.04803169101262683,1,1643,TRAIN,False,84.66,84.61,85.52,84.54,-8.404000749578385,97.54297663972983,5.778534380654835
2019-06-18,XBI,0.015600992790450388,1,1643,TRAIN,False,85.92,86.2,86.17,86.14,30.08080879168638,25.08599769803927,4.464164051331312
2019-06-24,XBI,-0.02843930635838143,-1,1645,TRAIN,False,84.05,83.99,84.81,84.12,4.639892880419873,-94.45934398063311,12.957477372792336
2019-06-26,XBI,-0.010995577865423708,-1,1645,TRAIN,False,82.74,83.07,83.31,82.81,-42.394446982218994,-72.91886223510164,-33.90552521807337
2019-06-27,XBI,0.02311303719754426,1,1643,TRAIN,False,84.99,85.2,85.38,85.06,22.203113207221463,41.87019990989409,13.955356118995386
2019-06-28,XBI,0.016666666666666687,1,1643,TRAIN,False,86.62,86.95,88.5,86.67,35.588414526746206,212.95394580746608,29.798874654515927
2019-07-02,XBI,-0.011545496113397407,-1,1645,TRAIN,False,86.5,86.86,87.23,86.64,-44.129403915464806,-88.42762772207483,-27.899277916524742
2019-07-05,XBI,-0.018840086255816554,-1,1645,TRAIN,False,86.46,86.45,86.16,86.38,-1.343606681088892,30.711208168074364,-10.606254151966962
2019-07-08,XBI,-0.018854829381145282,-1,1645,TRAIN,False,84.81,85.01,84.49,84.84,-26.088521559990234,33.74569501802935,-22.543228589141336
2019-07-11,XBI,-0.014934012502894098,-1,1645,TRAIN,False,85.08,85.19,85.25,85.08,-15.432740991075622,-23.989988406707837,-15.432740991075622
2019-07-18,XBI,0.013327043283406007,1,1643,TRAIN,False,85.93,86.03,86.22,85.91,9.134970399147473,29.73570303977045,11.465114729354974
2019-07-19,XBI,-0.01301871440195286,-1,1645,TRAIN,False,84.9,84.86,84.83,85.06,2.212103198024769,4.247492608063089,21.018193763371336
2019-07-25,XBI,-0.02003984530645721,-1,1645,TRAIN,False,83.63,83.4,83.6,83.48,25.008469349017048,-0.4121355180975832,7.08502984736864
2019-07-26,XBI,0.017505995203836854,1,1643,TRAIN,False,84.85,84.9,84.89,84.88,3.391778921765839,0.7131160685966578,-0.14382137709908724
2019-07-30,XBI,0.011214732617164477,1,1643,TRAIN,False,85.68,85.99,86.01,85.71,33.67259554624936,34.5008029206492,30.160634539759485
2019-08-02,XBI,-0.023720056364490327,-1,1645,TRAIN,False,83.15,83.29,81.66,83.27,-19.341751693695155,175.26511916935706,-4.9029260637799155
2019-08-05,XBI,-0.03541841757714014,-1,1645,TRAIN,False,80.33,80.58,81.48,80.91,-33.62990536610966,-147.21754259976828,38.295757037947574
2019-08-06,XBI,0.018615040953090096,1,1643,TRAIN,False,82.09,82.36,81.36,82.36,30.383008548733546,-92.89042422968765,-2.4995000999798287
2019-08-08,XBI,0.015133171912832932,1,1643,TRAIN,False,83.87,84.02,83.66,84.04,15.380851336588364,-29.02793710961047,-4.878724397909865
2019-08-13,XBI,0.015186772810777646,1,1643,TRAIN,False,82.9,82.88,81.43,82.86,-4.91144231949889,-181.2503603018838,-0.08639353471292856
2019-08-14,XBI,-0.026182432432432453,-1,1645,TRAIN,False,80.68,80.62,80.89,80.8,4.938146776602141,-30.039969322569675,19.78229804376487
2019-08-15,XBI,-0.012403870007442322,-1,1645,TRAIN,False,79.63,79.7,80.34,79.74,-11.293354991482405,-93.19884823379411,2.51705721128966
2019-08-16,XBI,0.025094102885821833,1,1643,TRAIN,False,81.69,81.74,82.72,81.69,3.6196702390448747,122.03679964215266,3.6196702390448747
2019-08-19,XBI,0.01455835576217289,1,1643,TRAIN,False,82.94,82.66,82.34,82.89,-36.25040605575482,-76.31172101726223,-30.24018190691642
2019-08-20,XBI,-0.01040406484393902,-1,1645,TRAIN,False,81.79,81.75,82.28,81.95,2.3912962076457522,-63.93429315524392,21.91072747801424
2019-08-22,XBI,-0.015024839452320306,-1,1645,TRAIN,False,81.29,80.91,80.59,81.25,44.257406038965506,82.14510413461922,39.35611737732166
2019-08-23,XBI,-0.026325546903967316,-1,1645,TRAIN,False,78.79,78.75,79.44,78.84,2.5775557446804274,-86.53158477868953,8.917879466304575
2019-08-27,XBI,-0.01295597484276731,-1,1645,TRAIN,False,78.47,78.23,77.88,78.48,28.09208458232788,71.21725096899223,29.362715050654568
2019-08-28,XBI,0.01124888150325956,1,1643,TRAIN,False,79.11,79.36,80.19,79.12,29.09416852566784,132.4649745818759,27.82658837292192
2019-08-29,XBI,0.012222782258064502,1,1643,TRAIN,False,80.33,80.4,80.65,80.38,6.212376347090266,35.820546584074,-0.011940881291892528
2019-09-03,XBI,-0.02334630350194552,-1,1645,TRAIN,False,77.84,77.97,78.57,77.9,-19.205601140783475,-97.82043767437895,-11.488626351714302
2019-09-05,XBI,0.020005096839959137,1,1643,TRAIN,False,80.04,79.64,79.78,79.69,-52.462021338860474,-36.46996737584107,-8.772244798120562
2019-09-10,XBI,0.022637670100470575,1,1643,TRAIN,False,80.43,81.08,80.99,80.63,78.29591609963393,65.59871663613116,53.297042439460334
2019-09-11,XBI,0.02035027133695123,1,1643,TRAIN,False,82.72,82.65,82.87,82.59,-10.959667350860887,14.127010187906585,4.763486096823515
2019-09-16,XBI,0.01628305582761996,1,1643,TRAIN,False,83.03,83.13,82.8,82.97,9.54132911825499,-31.68895306811193,16.77975842700634
2019-09-18,XBI,-0.011709319169483328,-1,1645,TRAIN,True,81.88,82.07,82.06,82.11,-25.710992222871205,-25.99298560249462,2.372231844980757
2019-09-23,XBI,-0.011463414634146313,-1,1645,TRAIN,False,81.06,81.0,81.19,81.06,4.903275251645422,-20.04471952865686,4.903275251645422
2019-09-24,XBI,-0.024320987654320975,-1,1645,TRAIN,False,79.04,79.08,78.96,78.87,-7.562494280231563,6.124706722722973,-29.133251526683473
2019-09-26,XBI,-0.02443058913347756,-1,1645,TRAIN,False,76.66,76.45,76.65,76.51,24.900036099051334,-2.695817013650775,5.343572962403028
2019-09-27,XBI,-0.010595160235448035,-1,1645,TRAIN,False,75.65,75.79,75.85,75.62,-21.011406511310234,-30.448918600638237,-24.98694660910658
2019-10-01,XBI,-0.018520968382061194,-1,1645,TRAIN,False,74.21,73.99,73.64,74.18,27.152513106042164,72.83898499144466,23.119277400910086
2019-10-03,XBI,0.015971010602603645,1,1643,TRAIN,False,75.7,75.99,76.22,75.81,35.80003946370437,64.66553452849695,21.23813464453784
2019-10-08,XBI,-0.011321748288572927,-1,1645,TRAIN,False,75.1,74.46,74.95,74.76,82.74051614583901,15.980559627238545,37.63794492445969
2019-10-10,XBI,0.015660861347374253,1,1643,TRAIN,False,75.22,75.39,76.03,75.22,20.095223178176695,103.64186136450017,20.095223178176695
2019-10-11,XBI,0.021753548215943767,1,1643,TRAIN,False,77.02,76.45,76.39,76.69,-76.48775360482243,-85.76342378888468,-33.786501273222086
2019-10-15,XBI,0.0226825750622788,1,1643,TRAIN,False,78.0,78.18,78.12,77.96,20.57165489979206,11.379262609017935,25.71304620553852
2019-10-17,XBI,0.012940422805893723,1,1643,TRAIN,False,79.07,78.92,78.84,78.97,-21.4652908548153,-33.07571696739137,-8.829435835005459
2019-10-21,XBI,0.018340387328459752,1,1643,TRAIN,False,79.4,79.39,80.79,79.48,-3.7586311453071373,170.99376094554395,-13.820273187435733
2019-10-25,XBI,0.016614222781623576,1,1643,TRAIN,False,80.77,80.64,80.89,80.63,-18.59056194208612,10.851859589702446,-1.2595769324356507
2019-10-28,XBI,0.014508928571428593,1,1643,TRAIN,False,81.8,81.76,82.08,81.76,-7.388253400662122,30.216939497188214,-2.499500099979218
2019-11-01,XBI,0.02385071675729106,1,1643,TRAIN,False,82.85,82.93,83.66,82.85,7.154091209519893,93.72874972380251,7.154091209519893
2019-11-06,XBI,-0.013346275175928277,-1,1645,TRAIN,False,81.31,81.01,81.48,81.24,34.40455647395551,-24.916802324921537,25.81775587022624
2019-11-08,XBI,0.02573257818271366,1,1643,TRAIN,False,83.29,83.23,82.89,83.05,-9.701445471499989,-52.004966997955165,19.168773108715015
2019-11-15,XBI,0.011695201350373751,1,1643,TRAIN,False,83.91,84.05,84.05,83.93,14.180872561038179,12.678670320043494,11.794555184041105
2019-11-19,XBI,0.027049472060742517,1,1643,TRAIN,False,86.58,86.45,86.02,86.53,-17.510762111840744,-68.65339798752986,-11.742537659116032
2019-11-25,XBI,0.044065468696348795,1,1643,TRAIN,False,91.21,91.09,91.48,91.2,-15.65266378803931,25.590978723454647,-14.557888860823077
2019-11-27,XBI,0.01259032187431565,1,1643,TRAIN,False,92.5,92.65,92.32,92.49,13.712662872831164,-23.450877392089623,14.795343450503035
2019-12-02,XBI,-0.012925463162430017,-1,1645,TRAIN,False,91.64,91.52,91.5,91.77,10.597492698015095,11.2824834718152,24.748329855573758
2019-12-03,XBI,0.013767482517482573,1,1643,TRAIN,False,92.77,92.87,93.17,92.74,8.277152373773779,39.100943420243354,11.514680027118779
2019-12-05,XBI,-0.015741331631567643,-1,1645,TRAIN,False,92.54,92.47,93.13,92.45,5.065687872824424,-67.782521276244,-4.66437257164835
2019-12-06,XBI,0.011679463609819382,1,1643,TRAIN,False,93.56,93.61,94.98,93.7,2.8433282988546833,147.71436477988786,-12.102222031581272
2019-12-10,XBI,0.011098068509230672,1,1643,TRAIN,False,94.74,94.7,94.66,94.64,-6.720526276841242,-12.439986142520846,3.838729295561341
2019-12-11,XBI,-0.013305174234424552,-1,1645,TRAIN,True,93.44,93.45,93.45,93.45,-3.5709731843644823,-5.0714338073088525,-2.500500100020498
2019-12-16,XBI,0.01258859621284246,1,1643,TRAIN,False,95.72,95.71,96.11,95.65,-3.5439527222009923,36.72834175329625,3.771801834090785
2019-12-27,XBI,-0.013848697809012022,-1,1645,TRAIN,False,95.42,95.41,95.22,95.27,-1.452239724825458,16.967551967741763,-17.199251753363587
2019-12-30,XBI,-0.015512000838486426,-1,1645,TRAIN,False,93.93,93.94,93.74,93.9,-3.565388900199896,16.23512182475015,-6.761416180998903
2020-01-03,XBI,-0.015341998721500083,-1,1645,TRAIN,False,92.41,92.55,91.96,92.56,-17.6541638811481,44.71471071619579,-1.419849657054174
2020-01-08,XBI,0.0173262032085562,1,1643,TRAIN,False,95.12,94.78,95.44,95.07,-38.23488876657026,29.629061572041667,-32.995714941369705
2020-01-13,XBI,-0.021487075842995532,-1,1645,TRAIN,False,91.99,92.11,91.83,91.94,-15.548658160811453,13.39935342215649,-20.995443378431425
2020-01-14,XBI,0.02551297361849956,1,1643,TRAIN,False,94.47,94.82,94.82,94.79,34.54003811283849,33.03478184430801,0.6645996467963977
2020-01-17,XBI,-0.010390689941812137,-1,1645,TRAIN,False,95.23,95.43,95.24,95.41,-23.50753674834618,-5.051309537345027,-4.5972405884605845
2020-01-21,XBI,-0.014670439065283512,-1,1645,TRAIN,False,94.02,93.89,94.32,93.89,11.329802654849088,-35.921670613637055,-2.5005001000211875
2020-01-23,XBI,-0.010782534429379792,-1,1645,TRAIN,False,92.69,92.45,92.92,92.72,23.398735200702006,-28.8246234854912,26.62671231398932
2020-01-24,XBI,-0.02585181179015685,-1,1645,TRAIN,False,90.05,89.96,88.36,89.83,7.496446540833678,183.74779897678474,-16.975898797705554
2020-01-28,XBI,0.02194111720586598,1,1643,TRAIN,False,91.28,90.98,91.06,91.08,-35.35719236520666,-28.09122662759122,-13.476114614581137
2020-01-30,XBI,-0.014981273408239694,-1,1645,TRAIN,False,89.4,89.61,89.5,89.54,-25.996306643878953,-15.190957654616234,-10.320190015219755
2020-01-31,XBI,-0.01729717665439122,-1,1645,TRAIN,False,88.07,88.35,89.13,88.29,-34.30134193070001,-124.4077588084889,-9.297985998829366
2020-02-03,XBI,0.02308998302207138,1,1643,TRAIN,False,90.39,90.33,91.75,90.35,-9.135743379037326,146.39974980996703,-4.712560531610839
2020-02-04,XBI,0.030776043396435308,1,1643,TRAIN,False,93.11,92.91,94.11,92.97,-23.974101109322923,103.35769813065703,-8.951581739152932
2020-02-05,XBI,0.024001722096652717,1,1643,TRAIN,False,95.15,95.22,95.76,95.21,4.855466111190835,60.08446235083068,-1.449452783531708
2020-02-10,XBI,0.014816382685998579,1,1643,TRAIN,False,95.88,96.04,96.58,95.89,14.18385492697155,68.9795290837533,13.139514134925767
2020-02-12,XBI,0.012197664720600517,1,1643,TRAIN,False,97.09,97.16,96.49,97.05,4.708503144359568,-65.77281721531914,8.832030605729164
2020-02-24,XBI,-0.03183986724745911,-1,1645,TRAIN,False,93.34,93.11,93.64,93.12,22.14675847104286,-36.1542203448172,-1.4263484140137848
2020-02-25,XBI,-0.0281387606057352,-1,1645,TRAIN,False,90.49,90.3,90.97,90.34,18.501545374827074,-57.06655752633485,1.9283245624102336
2020-02-27,XBI,-0.026559400484901883,-1,1645,TRAIN,False,88.35,86.81,84.01,88.11,171.84981987908444,487.4238005495831,145.07923716169657
2020-03-02,XBI,0.024997172265580906,1,1643,TRAIN,False,90.62,92.0,91.45,90.89,149.74670040611153,87.55543086924492,119.59562097922712
2020-03-03,XBI,-0.02097826086956529,-1,1645,TRAIN,True,90.06,89.29,91.7,89.72,83.01943533276781,-186.17447673412033,45.438367655695764
2020-03-04,XBI,0.044125881957666,1,1643,TRAIN,False,93.23,93.48,91.31,92.9,24.30920015717995,-209.85913296800024,59.91761819864272
2020-03-05,XBI,-0.024604193410355125,-1,1645,TRAIN,False,91.21,91.8,89.57,91.46,-67.20256451246522,175.87598212548937,-39.68451682901782
2020-03-06,XBI,-0.03572984749455339,-1,1645,TRAIN,False,88.54,89.32,82.64,88.83,-90.61830437015726,662.6312838804505,-57.67583776802611
2020-03-09,XBI,-0.06930138826690549,-1,1645,TRAIN,False,83.15,82.12,84.91,82.78,121.40299376772548,-215.751147824271,77.24883947555337
2020-03-11,XBI,-0.07136083451872921,-1,1645,TRAIN,False,78.34,78.55,72.37,78.87,-29.31343225499862,758.3668891041422,38.08274016918394
2020-03-12,XBI,-0.10082749840865693,-1,1645,TRAIN,False,70.65,72.17,74.29,71.26,-217.69937851689278,-519.4227805221338,-130.23380707575816
2020-03-16,XBI,-0.10215846628234354,-1,1645,TRAIN,False,66.97,67.5,66.49,66.57,-81.66020243021457,67.70175895713814,-142.2380014533786
2020-03-18,XBI,-0.04281074697372294,-1,1645,TRAIN,False,64.81,65.74,65.16,65.16,-146.03275538613272,-58.026417812491914,-91.53442106469085
2020-03-19,XBI,0.0679951323395193,1,1643,TRAIN,False,70.26,69.53,70.84,69.66,-106.3733310838546,78.51831284753695,-21.1569084403041
2020-03-23,XBI,-0.020723876240513743,-1,1645,TRAIN,False,67.08,67.98,71.37,67.08,-136.70220627309715,-643.7915490074756,-136.70220627309715
2020-03-24,XBI,0.06766696087084428,1,1643,TRAIN,False,72.6,73.51,74.19,72.51,122.81352269491093,214.9214785142147,135.37804092746572
2020-03-25,XBI,0.02625493130186359,1,1643,TRAIN,False,75.44,74.59,75.57,74.81,-115.14366002727235,13.226145863087053,-31.899982789166213
2020-03-26,XBI,0.03070116637618973,1,1643,TRAIN,False,76.93,77.55,75.65,76.46,78.07310239498915,-170.3176848056871,140.02306784261768
2020-03-30,XBI,0.019521912350597595,1,1643,TRAIN,False,76.75,77.35,77.94,76.71,75.65685559956387,150.98765263234074,80.9107504532203
2020-03-31,XBI,-0.021719457013574566,-1,1645,TRAIN,False,75.74,76.77,74.45,75.99,-138.5260548280784,166.38685540118342,-105.17125138411207
2020-04-01,XBI,-0.05054057574573395,-1,1645,TRAIN,False,72.88,72.62,72.06,72.52,33.18350278178205,108.55793551685021,-16.293247618087275
2020-04-02,XBI,0.024511153952079333,1,1643,TRAIN,False,74.4,75.27,75.03,74.52,114.40675574562238,80.64435499996648,98.11946628387601
2020-04-03,XBI,-0.01713830211239527,-1,1645,TRAIN,False,73.99,74.21,77.32,73.62,-32.2416828277142,-454.2416795293093,-82.661805384712
2020-04-06,XBI,0.05524861878453051,1,1643,TRAIN,False,78.32,79.7,81.53,78.69,173.65666294728905,405.69388675891065,125.82017844747305
2020-04-07,XBI,-0.016436637390213327,-1,1645,TRAIN,False,78.4,78.25,79.52,78.73,16.63693708129251,-146.91509730517348,58.48260976976271
2020-04-08,XBI,0.03539936102236416,1,1643,TRAIN,False,81.01,81.18,82.28,80.66,18.480318255570086,152.70887311242828,61.95252395095161
2020-04-09,XBI,0.01736881005173684,1,1643,TRAIN,False,82.58,82.71,82.62,82.75,13.238875596156607,0.8426505544140042,-7.332128740415697
2020-04-14,XBI,0.03644950351174625,1,1643,TRAIN,False,85.59,85.88,83.78,85.77,31.374493882622474,-215.3879307092197,10.322291377097422
2020-04-15,XBI,-0.01606893339543544,-1,1645,TRAIN,False,84.52,83.76,84.14,84.42,87.44152995293578,40.97696018143465,75.69957488299113
2020-04-16,XBI,0.020654250238777337,1,1643,TRAIN,False,85.5,86.02,89.03,85.42,58.30401171227727,408.7011837398612,67.7241044415794
2020-04-17,XBI,0.047663334108347,1,1643,TRAIN,False,90.12,90.76,90.11,90.26,68.4991718922091,-5.108387998388341,52.88217782989005
2020-04-20,XBI,0.03757161745262226,1,1643,TRAIN,False,94.18,94.14,92.89,94.06,-6.745624754853201,-140.91617862454166,6.00358346361826
2020-04-21,XBI,-0.024006798385383527,-1,1645,TRAIN,False,91.85,91.27,92.76,92.05,60.6617240704527,-103.11501603532629,82.25724449615562
2020-04-22,XBI,0.023008655637120727,1,1643,TRAIN,False,93.39,93.02,94.03,93.54,-42.10840024949227,64.50321457284821,-58.0767960156108
2020-04-24,XBI,0.0354953210713133,1,1643,TRAIN,False,96.26,96.17,98.01,96.36,-11.84684110341797,177.72738824352453,-22.212296851546494
2020-04-27,XBI,0.016637204949568413,1,1643,TRAIN,False,97.78,97.46,98.77,97.93,-35.217849046268185,97.20800777459652,-50.4809688526933
2020-04-28,XBI,-0.020829058075107605,-1,1645,TRAIN,False,95.43,94.44,96.54,95.38,101.2664022902026,-120.3629597343545,96.07729891543251
2020-04-29,XBI,0.012282930961456974,1,1643,TRAIN,True,95.6,95.04,94.01,95.45,-61.06226453453926,-170.25067789789156,-45.44319004192711
2020-04-30,XBI,-0.01967592592592597,-1,1645,TRAIN,False,93.2,92.58,90.71,93.21,64.03973927832683,263.27347014467347,65.10571505997233
2020-05-01,XBI,-0.03154028947936921,-1,1645,TRAIN,False,89.67,90.04,89.85,89.87,-43.77322436719057,-24.082434419300558,-21.42144240576316
2020-05-04,XBI,0.041870279875610796,1,1643,TRAIN,False,93.82,94.6,96.31,93.92,80.61764325881379,261.296493632419,69.88444730134051
2020-05-05,XBI,0.02526427061310783,1,1643,TRAIN,False,96.99,96.65,96.95,96.44,-37.54589838811193,-8.121687344146673,19.27025420299584
2020-05-06,XBI,0.010036213140196574,1,1643,TRAIN,False,97.62,97.14,98.52,97.3,-51.65746199254405,88.15815202048537,-18.939377592106755
2020-05-08,XBI,0.01356768424298482,1,1643,TRAIN,False,98.61,98.71,98.27,98.83,7.6389245018850165,-38.464672951223335,-14.638527318315624
2020-05-11,XBI,0.04852598520919873,1,1643,TRAIN,False,103.49,103.47,104.75,103.61,-4.431570928059036,117.70300302679924,-16.008331969354675
2020-05-13,XBI,-0.022830598932595394,-1,1645,TRAIN,False,98.87,99.17,97.77,99.24,-32.85096181773123,107.30091805758855,4.554871070947575
2020-05-14,XBI,-0.014823031158616506,-1,1645,TRAIN,False,97.69,98.26,97.84,97.84,-60.86292496497259,-19.361636683974663,-45.438462181398904
2020-05-15,XBI,0.03511093018522276,1,1643,TRAIN,False,101.72,101.78,105.7,101.42,3.397570584193207,387.11447643621176,32.987585089962636
2020-05-18,XBI,0.03114560817449402,1,1643,TRAIN,False,104.94,104.74,104.41,105.01,-21.553246049856106,-54.484052684413,-28.204910393980615
2020-05-19,XBI,-0.013843803704410814,-1,1645,TRAIN,False,103.26,101.76,103.29,102.98,142.80020443368034,-6.907250131025321,115.99872897477012
2020-05-20,XBI,0.02446933962264146,1,1643,TRAIN,False,104.26,104.7,104.68,104.48,39.69213830358885,36.26859512041761,18.551898349274108
2020-05-26,XBI,-0.016455816608009034,-1,1645,TRAIN,False,103.43,102.65,102.11,102.96,72.93168002255456,123.67280572038348,27.61580870952535
2020-06-01,XBI,0.010130527956360864,1,1643,TRAIN,False,103.71,103.21,102.98,103.59,-50.69880826650222,-74.35963390679167,-39.173408681524066
2020-06-02,XBI,0.010657881988179524,1,1643,TRAIN,False,104.31,104.67,104.79,104.52,32.00438428276407,41.999077895092725,11.848233108831861
2020-06-03,XBI,-0.010318142734307808,-1,1645,TRAIN,False,103.58,103.04,102.68,103.51,49.64615243960062,82.92332341733896,42.917094673884954
2020-06-04,XBI,-0.01814829192546588,-1,1645,TRAIN,False,101.17,101.19,102.15,101.05,-4.477865030356458,-100.90621465204484,-16.358491886403797
2020-06-05,XBI,0.010475343413380791,1,1643,TRAIN,False,102.23,102.02,102.57,101.87,-23.036280937101914,29.24583820397273,12.221468536369425
2020-06-08,XBI,0.016565379337384806,1,1643,TRAIN,False,103.71,103.9,103.31,103.74,15.816237003299653,-42.5528624869946,12.919818195606373
2020-06-11,XBI,-0.04997592681752526,-1,1645,TRAIN,False,98.66,98.11,100.3,99.02,53.26044937347349,-170.2947522405359,89.42310578859828
2020-06-15,XBI,0.020430756843800333,1,1643,TRAIN,False,101.36,102.17,104.36,101.55,77.39370634160512,291.8571771044382,58.53890767882898
2020-06-16,XBI,0.01595380248605261,1,1643,TRAIN,False,103.82,103.74,104.25,103.42,-10.203218458601151,37.40207458412105,28.43455675524959
2020-06-19,XBI,0.02134756504336219,1,1643,TRAIN,False,107.19,107.91,108.41,107.39,64.6541556508168,109.77186967681536,45.91003765910271
2020-06-22,XBI,0.024650171439162233,1,1643,TRAIN,False,110.55,111.08,112.19,110.82,45.43062441333531,144.29063531481933,20.9561047545046
2020-06-23,XBI,0.016834713719841597,1,1643,TRAIN,False,112.94,112.73,112.11,112.93,-21.088796230481808,-77.46015875627681,-20.205159357750436
2020-06-24,XBI,-0.014370620065643613,-1,1645,TRAIN,False,111.1,110.47,110.14,111.41,54.219349720527504,82.44241107447392,81.89363391033687
2020-06-25,XBI,0.013035213180048862,1,1643,TRAIN,False,111.94,113.2,112.78,112.67,110.03266561267048,71.0109898692065,44.52877064597749
2020-06-26,XBI,-0.024999999999999984,-1,1645,TRAIN,False,110.36,109.48,109.98,110.64,77.25847452926563,30.445741196082608,102.37025713168619
2020-06-30,XBI,0.010871551251598867,1,1643,TRAIN,False,110.65,111.0,111.36,110.47,29.123863433367603,60.141428560197454,45.46533437949017
2020-07-07,XBI,0.022865309038942502,1,1643,TRAIN,False,114.57,114.06,114.86,114.58,-47.002644509065185,21.302713359746694,-47.87129500264967
2020-07-13,XBI,-0.013428120063191164,-1,1645,TRAIN,False,112.42,111.0,111.22,112.28,123.84312834813862,102.78447790607851,111.52871828373478
2020-07-14,XBI,0.013783783783783794,1,1643,TRAIN,False,112.55,113.82,115.79,113.01,110.31103419476038,283.7577309060638,69.15765771719538
2020-07-15,XBI,0.0234580917237744,1,1643,TRAIN,False,116.49,116.24,115.54,116.48,-23.955205525124082,-85.51865041190226,-23.098745635489745
2020-07-17,XBI,0.020293122886133063,1,1643,TRAIN,False,117.63,117.73,118.94,117.89,5.999607695565539,107.3224103797792,-16.068081658924786
2020-07-20,XBI,0.013675358871995238,1,1643,TRAIN,False,119.35,119.33,119.97,119.38,-4.174824859074925,47.928076722317904,-6.686759481743963
2020-07-21,XBI,-0.01885527528701919,-1,1645,TRAIN,False,117.04,116.86,116.69,116.93,12.882702993092677,25.915470175375614,3.487484463453226
2020-07-23,XBI,-0.018316278269842716,-1,1645,TRAIN,False,114.12,113.94,112.78,114.0,13.276314568907017,113.4664367153144,2.763973847399876
2020-07-24,XBI,-0.02448657187993674,-1,1645,TRAIN,False,111.13,111.27,111.98,111.05,-15.101508558709137,-80.51839828957536,-22.31634980755792
2020-07-27,XBI,0.0270513166172374,1,1643,TRAIN,False,114.27,114.16,114.07,114.19,-12.123417619792152,-21.49460717815262,-5.126043711477747
2020-07-28,XBI,-0.019183601962158355,-1,1645,TRAIN,False,111.98,111.24,111.79,111.74,63.5992531601513,12.973303715931632,42.25742230959118
2020-07-29,XBI,-0.015731751168644375,-1,1645,TRAIN,True,109.5,109.44,108.49,109.6,2.980322091814558,88.27354511998311,12.101690411074049
2020-07-30,XBI,0.01781798245614038,1,1643,TRAIN,False,111.43,111.11,111.39,111.15,-31.209902684275246,-7.587462136039122,-6.097341035616483
2020-07-31,XBI,-0.028440284402843997,-1,1645,TRAIN,False,107.95,108.4,109.06,107.98,-44.19688940104105,-106.86732066190912,-41.406317937047234
2020-08-03,XBI,0.0426199261992619,1,1643,TRAIN,False,113.01,112.95,112.63,112.92,-7.807437716066132,-37.611095602311345,0.1565839860730817
2020-08-11,XBI,-0.03054719319992919,-1,1645,TRAIN,False,109.44,108.45,108.78,108.97,87.98264587127787,56.330345016371346,45.230988016451356
2020-08-13,XBI,0.01608603731960658,1,1643,TRAIN,False,110.53,110.29,110.47,110.51,-24.20763472384619,-9.425419720180784,-22.40222483057515
2020-08-14,XBI,-0.014235198114062991,-1,1645,TRAIN,False,108.7,109.26,109.48,108.88,-54.031321443681776,-75.78663846844745,-37.410035276711696
2020-08-17,XBI,0.03560314845323083,1,1643,TRAIN,False,113.15,113.09,113.32,113.17,-7.800870228075492,11.019095341338566,-9.56674442260973
2020-08-21,XBI,-0.012154794887836263,-1,1645,TRAIN,False,110.53,110.51,111.1,110.32,-0.6905841495826935,-55.5911417513749,-19.72743170824438
2020-08-24,XBI,-0.025246584019545798,-1,1645,TRAIN,False,107.7,107.87,107.63,107.78,-18.28903385133984,2.501335921781509,-10.852931395336244
2020-08-25,XBI,0.0130712895151571,1,1643,TRAIN,False,109.28,109.17,109.06,109.26,-12.56286992967459,-24.122920657449363,-10.734673493637544
2020-08-26,XBI,-0.010534029495282638,-1,1645,TRAIN,False,108.04,107.82,107.96,107.8,17.867420207476826,3.4068272373480353,-4.356251584269272
2020-08-31,XBI,0.02938994993510107,1,1643,TRAIN,False,111.01,110.86,110.36,111.05,-16.008418890944952,-62.52906701787226,-19.6046337783323
2020-09-01,XBI,-0.020476276384629226,-1,1645,TRAIN,False,108.6,108.63,108.85,108.6,-5.263621785132125,-27.030267932039962,-5.263621785132125
2020-09-03,XBI,-0.03993071382988418,-1,1645,TRAIN,False,105.29,105.59,105.28,105.57,-31.000359061270714,-3.0506623691528,-4.39545141196677
2020-09-09,XBI,0.025733152068362707,1,1643,TRAIN,False,105.65,105.27,105.29,105.44,-38.458328211310615,-38.06034817645986,-18.618383682898436
2020-09-10,XBI,-0.014534055286406396,-1,1645,TRAIN,False,103.74,103.62,104.24,104.25,9.06977231189301,-52.217499601713136,57.94626551209448
2020-09-14,XBI,0.06383389666827619,1,1643,TRAIN,False,110.17,110.69,111.79,110.44,44.68848446885092,142.98746858597934,20.131567674151466
2020-09-15,XBI,0.010299033336344752,1,1643,TRAIN,False,111.83,111.73,112.42,111.36,-11.439409337123717,48.73835212390777,30.717769879933044
2020-09-16,XBI,0.019869327843909414,1,1643,TRAIN,True,113.95,114.18,112.72,114.16,17.679746192052285,-111.89811182125143,-0.7480108743475292
2020-09-21,XBI,-0.038611713665943626,-1,1645,TRAIN,False,110.81,111.16,111.34,111.1,-34.09399504664009,-51.84955409997191,-7.902390559121217
2020-09-23,XBI,-0.0261957979436745,-1,1645,TRAIN,False,108.9,108.38,107.25,108.86,45.261669413772566,147.57496953936348,41.6038563215112
2020-09-24,XBI,-0.019929876360952174,-1,1645,TRAIN,False,106.2,107.23,107.2,106.84,-99.51156898046268,-98.20043104666037,-39.012810049842464
2020-09-25,XBI,0.02527277814044571,1,1643,TRAIN,False,109.95,109.95,110.88,109.96,-2.499500099980599,80.55087481821403,-3.40869439789674
2020-10-02,XBI,-0.0193836534167039,-1,1645,TRAIN,False,109.77,109.5,111.06,109.88,22.10253474581077,-121.56626460574945,32.09132907760857
2020-10-05,XBI,0.04675799086757995,1,1643,TRAIN,False,114.63,114.91,115.12,114.94,21.920809940777232,38.72993175944053,-5.1089051373649434
2020-10-07,XBI,0.03596491228070171,1,1643,TRAIN,False,118.08,117.65,119.02,117.85,-38.90638708301659,75.57600945935434,-19.465983765485294
2020-10-09,XBI,0.010234289097521726,1,1643,TRAIN,False,119.45,119.32,120.37,119.36,-13.379994574547197,72.98967163453106,-5.849868900214954
2020-10-13,XBI,0.016888220048490894,1,1643,TRAIN,False,121.62,121.31,121.5,121.6,-27.982357812272486,-13.862052453840272,-26.342223331649496
2020-10-14,XBI,-0.0159096529552387,-1,1645,TRAIN,False,119.39,119.01,117.6,119.42,29.335919952227954,145.9879881160937,31.840692372270276
2020-10-19,XBI,-0.02012190030892541,-1,1645,TRAIN,False,117.34,117.37,118.14,117.44,-5.057812312419921,-72.20602122810733,3.4614807838941255
2020-10-20,XBI,-0.01047967964556534,-1,1645,TRAIN,False,116.1,115.78,115.65,116.14,25.068838057016322,34.774396739812985,28.504323216975852
2020-10-21,XBI,-0.014683019519778915,-1,1645,TRAIN,False,114.06,113.07,113.45,113.41,84.31762628170024,49.50122060182687,27.486715930611574
2020-10-22,XBI,0.02803573007871232,1,1643,TRAIN,False,116.24,116.13,116.64,116.33,-11.960314406492438,30.39860025242183,-19.687672540279266
2020-10-26,XBI,-0.01687799862919807,-1,1645,TRAIN,False,114.74,115.15,115.34,114.91,-38.242396605521726,-56.313859948214414,-23.391633334936387
2020-10-27,XBI,0.012505427702996072,1,1643,TRAIN,False,116.61,116.52,114.53,116.81,-10.21560545107303,-182.30021777138302,-27.31993623533635
2020-10-28,XBI,-0.02085478887744587,-1,1645,TRAIN,False,114.1,113.31,113.28,113.79,66.75432369558835,67.89473582709526,39.69301637812416
2020-10-29,XBI,0.012885005736475101,1,1643,TRAIN,False,114.77,114.32,113.4,114.43,-41.698552334492064,-123.32063516720574,-12.109961124091347
2020-10-30,XBI,-0.02851644506647998,-1,1645,TRAIN,False,111.08,111.89,112.64,111.15,-75.4391515681618,-144.49631013707213,-69.09384575970553
2020-11-03,XBI,0.027082588487665368,1,1643,TRAIN,False,114.94,114.92,117.75,115.65,-4.239103458236147,240.37840770109457,-65.6052101296127
2020-11-04,XBI,0.055429864253393704,1,1643,TRAIN,False,121.31,122.0,123.06,121.36,54.365353126720386,140.20161922606957,50.22298111241304
2020-11-06,XBI,-0.02756583805070145,-1,1645,TRAIN,False,118.5,118.94,123.11,119.24,-39.64058634511668,-393.18597896794415,22.665133496339493
2020-11-09,XBI,0.013620312762737553,1,1643,TRAIN,False,120.57,119.44,119.44,120.41,-96.19756400382798,-97.68320865145975,-83.03745778541257
2020-11-10,XBI,0.014149363697253833,1,1643,TRAIN,False,121.14,121.01,121.97,121.25,-13.228202964326218,64.48916589473947,-22.28836706885349
2020-11-13,XBI,0.012625234177730694,1,1643,TRAIN,False,124.32,124.07,125.54,124.34,-22.603868865865813,94.09540228376594,-24.20872589194612
2020-12-04,XBI,0.0178625263792584,1,1643,TRAIN,False,135.04,135.14,136.52,135.21,4.903862237031714,105.55412614159904,-7.675337944762893
2020-12-08,XBI,0.01598240469208216,1,1643,TRAIN,False,138.59,139.03,139.93,138.85,29.24088679630546,92.65020507695934,10.460889456967637
2020-12-09,XBI,-0.020786880529382254,-1,1645,TRAIN,False,136.15,136.21,135.83,136.5,-6.908506196281895,19.512091915261212,18.75023356319579
2020-12-10,XBI,0.033918214521694474,1,1643,TRAIN,False,140.83,141.25,140.77,141.1,27.316236674556684,-8.257952187166895,8.128601069297961
2020-12-14,XBI,0.03485159736487934,1,1643,TRAIN,False,146.1,144.92,146.95,145.29,-83.24591070834603,54.156861988312706,-27.959443557637556
2020-12-17,XBI,0.010320781032078032,1,1643,TRAIN,False,144.88,145.51,146.38,145.04,40.97389384630002,99.49335367603383,29.897254139905797
2020-12-21,XBI,0.01584699453551908,1,1643,TRAIN,False,148.69,148.86,150.17,148.43,8.930825308474656,95.49694069525461,26.46314367120605
2020-12-22,XBI,0.01283084777643421,1,1643,TRAIN,False,150.75,150.14,150.77,150.36,-42.95373097851471,-2.6730308996238503,-17.12739388807667
2020-12-28,XBI,-0.01618427237928948,-1,1645,TRAIN,False,146.47,145.5,145.84,146.06,63.74122506620424,39.0286291026215,35.84949497088106
2020-12-29,XBI,-0.029209621993127148,-1,1645,TRAIN,False,141.25,141.09,141.77,141.26,8.829765953190735,-40.82968806150633,9.537055365197983
2020-12-30,XBI,0.016868665390885218,1,1643,TRAIN,False,143.48,143.13,143.13,143.22,-26.887046621899387,-28.383088366993004,-8.781967946586418
2020-12-31,XBI,-0.026549290854467847,-1,1645,TRAIN,False,139.36,139.85,140.71,140.03,-37.67002682970626,-100.91096864608275,10.357102485267319
2021-01-06,XBI,0.015623880169139301,1,1643,VAL,False,141.77,142.38,143.97,141.85,40.51718400059771,151.11966673463476,34.85457296979216
2021-01-07,XBI,0.03806714426183464,1,1643,VAL,False,147.8,148.1,148.17,147.78,17.793126083847756,21.024617809860572,19.148897247211966
2021-01-11,XBI,-0.01218362950996232,-1,1645,VAL,False,146.72,147.09,147.71,146.72,-27.724908394985494,-71.50325921236661,-27.724908394985494
2021-01-14,XBI,0.02859272308421979,1,1643,VAL,False,151.84,152.45,151.91,152.36,37.66432567016488,0.609072073887397,3.4060856508125577
2021-01-19,XBI,0.01718304252637168,1,1643,VAL,False,153.31,153.21,154.08,153.03,-9.020601463164859,46.205748087876145,9.259959417644998
2021-01-21,XBI,-0.017567920585161947,-1,1645,VAL,False,150.49,149.78,148.97,150.53,44.69051162880444,97.04299820692366,47.33591373825085
2021-01-22,XBI,0.01088262785418611,1,1643,VAL,False,151.39,151.56,152.44,151.24,8.72696852399194,65.33035159267178,18.653635049239668
2021-01-25,XBI,0.02157561361836903,1,1643,VAL,False,154.91,156.11,157.16,155.26,74.94547181842654,141.18833969956447,52.23369212541913
2021-01-26,XBI,-0.019473448209595928,-1,1645,VAL,False,153.08,153.36,151.31,153.26,-20.796163413505404,111.67127598501199,-9.026991356776508
2021-01-27,XBI,-0.01278038601982269,-1,1645,VAL,True,151.37,151.3,152.38,151.8,2.1250864429326164,-70.75141658443172,30.44581248265267
2021-01-29,XBI,0.012081784386617245,1,1643,VAL,False,152.43,151.87,155.29,151.83,-39.22849229275128,183.5528715289539,0.13436685645763308
2021-02-01,XBI,0.04102192664779081,1,1643,VAL,False,158.14,158.57,160.67,158.37,24.684799981955805,155.9216422808794,10.125997784593347
2021-02-02,XBI,0.021630825502932504,1,1643,VAL,False,161.98,162.24,161.6,162.25,13.5478522273075,-27.449504542849898,-3.1156788673072855
2021-02-03,XBI,-0.011464497041420201,-1,1645,VAL,False,160.32,160.01,160.93,160.4,16.840662294135633,-42.064924961040155,21.819794133390182
2021-02-05,XBI,0.026406926406926472,1,1643,VAL,False,165.97,165.68,167.49,165.96,-19.9681700100303,87.54699021032046,-19.366818369273233
2021-02-08,XBI,0.0410429744084982,1,1643,VAL,False,172.52,172.85,173.05,172.82,16.62393582030047,26.70958968419719,-0.7640237951712666
2021-02-09,XBI,-0.014058432166618496,-1,1645,VAL,False,170.39,170.46,172.01,171.09,-6.609749674569023,-99.11484028127877,34.331432304343885
2021-02-10,XBI,-0.014138214243810844,-1,1645,VAL,False,168.06,166.9,168.49,167.13,66.53972708143745,-29.597136849719035,11.264683380042156
2021-02-11,XBI,-0.01276213301378068,-1,1645,VAL,False,164.76,164.74,164.21,164.33,-1.2863097018542453,29.394444074539617,-27.456534938703744
2021-02-12,XBI,-0.01323297316984343,-1,1645,VAL,False,162.55,163.24,164.34,162.72,-44.959591733789814,-114.16482004490727,-34.46522637861144
2021-02-16,XBI,-0.02156334231805936,-1,1645,VAL,False,159.7,159.11,158.35,159.28,34.453008322389266,80.56652031721381,8.175197319723505
2021-02-18,XBI,-0.021044720030063795,-1,1645,VAL,False,156.29,155.51,156.71,156.06,47.419202952496875,-30.88467203966222,32.751167688362266
2021-02-19,XBI,0.01504726384155362,1,1643,VAL,False,157.89,158.02,157.52,157.92,5.732022257276574,-27.423864774195472,3.8312372986401595
2021-02-22,XBI,-0.024933552714846208,-1,1645,VAL,False,154.17,153.28,150.55,153.43,55.242416453711854,230.89887485183164,7.278389784715554
2021-02-23,XBI,-0.010699373695198426,-1,1645,VAL,False,151.69,149.84,149.76,150.2,119.48925482901186,123.28327620827731,21.473535719126943
2021-02-24,XBI,0.013681260010677942,1,1643,VAL,False,151.88,152.09,151.98,151.85,11.32374920854867,2.5823120864376294,13.301620215964649
2021-02-25,XBI,-0.03629429942797035,-1,1645,VAL,False,146.47,145.91,146.72,146.37,35.74214535676869,-21.075970502354856,28.934563301264127
2021-03-01,XBI,0.027137318914507304,1,1643,VAL,False,151.06,150.6,150.28,150.68,-32.94336498780057,-55.61366212127685,-7.8074377160680175
2021-03-02,XBI,-0.028353253652058312,-1,1645,VAL,False,146.35,145.88,145.05,146.65,29.62232350809078,84.86288989946856,50.01859560456387
2021-03-03,XBI,-0.03667397861255823,-1,1645,VAL,False,140.54,139.02,138.76,139.86,105.68080600608265,122.70420499355355,57.57457797865757
2021-03-04,XBI,-0.028772838440512153,-1,1645,VAL,False,135.02,134.54,136.41,135.06,33.058678096158474,-106.9896989322303,36.010533959302826
2021-03-05,XBI,0.01791288836033891,1,1643,VAL,False,136.96,137.86,138.88,136.92,63.19669185321981,136.13165217423855,66.13656818738879
2021-03-08,XBI,-0.024590163934426333,-1,1645,VAL,False,134.49,134.04,136.32,134.48,30.967603290902066,-140.12483513878587,30.22630106032998
2021-03-09,XBI,0.056997911071322106,1,1643,VAL,False,141.68,140.46,142.86,140.89,-88.58751965022005,79.25377092848045,-33.01213559545023
2021-03-11,XBI,0.04149140942468092,1,1643,VAL,False,146.07,145.98,144.95,145.66,-8.659389502258962,-80.64410257539058,19.463977587566376
2021-03-16,XBI,-0.018442901864706738,-1,1645,VAL,False,144.23,144.93,142.81,144.83,-51.04622810438897,94.49244768179916,-9.406873434342959
2021-03-17,XBI,0.012143793555509493,1,1643,VAL,True,146.7,146.56,144.32,146.24,-12.040400372548401,-166.17017428143447,19.37686860877254
2021-03-18,XBI,-0.03548034934497809,-1,1645,VAL,False,141.38,139.57,140.13,139.92,125.55527798161093,84.44877545321003,22.520048606633015
2021-03-19,XBI,0.02987748083399023,1,1643,VAL,False,143.75,144.12,144.78,143.37,23.23319683889349,67.62431861453831,49.79962367016088
2021-03-22,XBI,0.01838745489869557,1,1643,VAL,False,146.79,146.19,144.87,146.28,-43.36400244986682,-134.74599173768317,-8.650546346842068
2021-03-23,XBI,-0.060879677132498845,-1,1645,VAL,False,137.27,137.67,139.25,137.83,-31.647438251400413,-148.2997845289169,9.110905834943582
2021-03-24,XBI,-0.04547105396963748,-1,1645,VAL,False,131.44,130.59,128.75,130.55,62.18395992040563,200.73719552188098,-5.565226411809223
2021-03-25,XBI,0.02496362661765825,1,1643,VAL,False,133.86,134.36,134.53,134.16,34.84362144454416,46.03307636694659,12.404346799097691
2021-03-26,XBI,-0.023518904435844184,-1,1645,VAL,False,131.21,132.3,131.79,131.59,-85.59420900261223,-48.22243314602773,-56.46945940597969
2021-03-29,XBI,-0.021995464852607897,-1,1645,VAL,False,129.39,128.54,127.69,128.75,63.20879292946358,127.43749770125488,13.814257997231897
2021-03-30,XBI,0.01166951921580831,1,1643,VAL,False,130.05,129.29,130.72,129.59,-60.92395515514331,47.49884317638697,-25.643648182161876
2021-03-31,XBI,0.04725810194137222,1,1643,VAL,False,135.4,134.79,136.49,135.37,-47.53993809805294,76.47082104997153,-45.33432531932119
2021-04-06,XBI,-0.022285133565621323,-1,1645,VAL,False,134.72,134.15,134.41,134.68,39.82005575699481,19.019094792831464,36.86187935537734
2021-04-07,XBI,-0.022810286992172957,-1,1645,VAL,False,131.02,130.92,132.0,131.23,5.133830918221605,-78.82846604429969,21.128054003698832
2021-04-09,XBI,-0.02026873149624222,-1,1645,VAL,False,129.05,128.81,129.11,128.97,16.101593042357184,-8.65202098924352,9.908587905065009
2021-04-12,XBI,-0.01669125067929513,-1,1645,VAL,False,126.66,126.25,127.15,126.66,29.87771879340323,-42.70252439876897,29.87771879340323
2021-04-13,XBI,0.010772277227722768,1,1643,VAL,False,127.6,128.1,128.86,128.08,36.675658598687704,94.70739081024155,-0.9383663554612842
2021-04-14,XBI,0.027010148321623795,1,1643,VAL,False,131.56,131.49,132.88,131.34,-7.818936364747617,96.29512224645353,8.91838534988441
2021-04-16,XBI,-0.013645958986730806,-1,1645,VAL,False,130.85,130.72,129.61,130.85,7.437024279137576,90.80211151133282,7.437024279137576
2021-04-19,XBI,-0.0222613219094247,-1,1645,VAL,False,127.79,127.91,127.69,127.66,-11.893254306233711,3.8276690473870176,-22.088664952167072
2021-04-21,XBI,0.027612174458738592,1,1643,VAL,False,131.02,131.93,131.6,131.07,66.9381846421121,40.25114683978016,63.09789388730959
2021-04-22,XBI,0.012582430076555722,1,1643,VAL,False,133.6,133.69,133.97,134.16,4.2353430511513315,23.68433498929152,-37.52354031280724
2021-04-26,XBI,0.03402023229674051,1,1643,VAL,False,138.0,138.08,139.05,138.24,3.296152363731181,72.057327664903,-14.070681234122633
2021-04-29,XBI,-0.015921043152510684,-1,1645,VAL,False,136.59,137.19,135.94,136.99,-46.43856511254086,43.60590984878301,-17.103756542243
2021-04-30,XBI,-0.010350608644944876,-1,1645,VAL,False,135.76,135.76,137.06,135.63,-2.500500100020092,-99.7963293306872,-12.087796900234244
2021-05-04,XBI,-0.04159833010287747,-1,1645,VAL,False,128.56,128.99,129.95,128.5,-35.95628117533958,-112.16477894209771,-40.64233080079143
2021-05-05,XBI,-0.0187611442747501,-1,1645,VAL,False,126.58,126.82,126.14,126.93,-21.46558241969289,30.77373256291293,6.167860847044995
2021-05-06,XBI,-0.018766756032171546,-1,1645,VAL,False,124.43,124.9,126.33,124.66,-40.28218647024437,-156.7581860019025,-21.757680591148603
2021-05-07,XBI,0.01745396317053637,1,1643,VAL,False,127.09,126.93,126.52,126.83,-15.085856854908883,-48.831369928705314,5.3830990484096
2021-05-10,XBI,-0.030331678878121864,-1,1645,VAL,False,123.07,122.31,118.32,122.76,59.268414989570125,382.11282461253796,34.16555745166595
2021-05-11,XBI,0.02003106859619003,1,1643,VAL,False,124.74,124.31,122.76,124.09,-36.962585036302315,-162.66587952250697,15.225136131610528
2021-05-13,XBI,-0.015485649424355413,-1,1645,VAL,False,121.43,121.71,122.62,122.01,-25.56481814356796,-102.03885461272446,22.093796679178855
2021-05-14,XBI,0.036890970339331274,1,1643,VAL,False,126.22,126.12,125.65,125.87,-10.42019452233702,-49.140385835049614,17.35729758791328
2021-05-18,XBI,0.013351347055551195,1,1643,VAL,False,127.52,126.38,124.21,127.65,-91.87489666433113,-263.4625207957148,-101.9654275177098
2021-05-19,XBI,-0.018515587909479263,-1,1645,VAL,False,124.01,124.16,124.98,123.84,-14.599323380521646,-82.25159264576037,-28.346754622242507
2021-05-20,XBI,0.020296391752577404,1,1643,VAL,False,126.66,126.77,127.94,126.66,6.182996781348728,97.01833516132794,6.182996781348728
2021-05-26,XBI,0.022432782636864237,1,1643,VAL,False,126.28,126.16,126.93,126.03,-11.999817331434533,47.453132116687954,7.812926028615913
2021-06-01,XBI,-0.0108413858119256,-1,1645,VAL,False,125.9,125.65,126.42,125.78,17.36149453878039,-45.319945641232046,7.83759073328326
2021-06-07,XBI,0.051444903143855227,1,1643,VAL,False,132.46,131.77,132.84,131.5,-54.577677247275936,24.677232755170813,18.027687238219727
2021-06-15,XBI,-0.025106758945663353,-1,1645,VAL,False,132.41,132.59,132.25,132.4,-16.09803873016855,8.087713759049533,-16.854541603184117
2021-06-18,XBI,-0.013555006365610741,-1,1645,VAL,False,131.74,132.74,133.08,131.55,-78.42657039074403,-105.75699472671046,-92.98302077747398
2021-06-22,XBI,-0.010228460504703633,-1,1645,VAL,False,132.56,132.84,132.44,132.22,-23.628292345254334,5.0553260923765375,-49.40376972687158
2021-06-24,XBI,0.01513562115989796,1,1643,VAL,False,135.45,136.42,136.82,135.86,69.0957415751999,97.10468389895385,38.70909904578515
2021-06-29,XBI,-0.014892685063512864,-1,1645,VAL,False,134.95,134.88,134.62,135.33,2.687903271649771,20.462484493934152,30.75986511866773
2021-07-01,XBI,0.017837235228539406,1,1643,VAL,False,136.96,137.62,137.57,137.29,45.67770733236617,40.52153938371181,21.531202536535734
2021-07-06,XBI,-0.019680106139898193,-1,1645,VAL,False,133.0,132.75,132.96,133.05,16.30119256933998,-0.9920781148713688,20.05305232410597
2021-07-07,XBI,-0.018757062146892725,-1,1645,VAL,False,130.26,130.52,127.65,130.38,-22.46557095850463,196.4478570518333,-13.24102832531623
2021-07-09,XBI,0.010985657613671021,1,1643,VAL,False,132.57,132.96,133.06,132.42,26.9115672226504,32.947623344005656,38.26964557247116
2021-07-12,XBI,-0.012710589651022846,-1,1645,VAL,False,131.27,131.0,130.5,131.13,18.07293735733598,54.68039597102252,7.415804826486756
2021-07-13,XBI,-0.014122137404580109,-1,1645,VAL,False,129.14,128.81,129.25,129.0,23.059552285241715,-12.52209556050864,12.231864977644287
2021-07-14,XBI,-0.02655073363869266,-1,1645,VAL,False,125.39,125.16,125.0,125.21,15.846857065806153,27.114602280852978,1.4937896931659542
2021-07-20,XBI,0.02018509653741823,1,1643,VAL,False,127.88,128.25,128.25,128.18,26.426643041738327,24.922603843324158,2.960205275218264
2021-07-22,XBI,-0.01205284709881791,-1,1645,VAL,False,127.83,127.16,127.34,127.15,49.92596735728151,34.34669567098067,-3.2871694275946055
2021-07-26,XBI,-0.013761832789754116,-1,1645,VAL,False,123.98,123.44,123.22,123.87,41.06580309447958,57.323934540095244,32.22199295756517
2021-07-28,XBI,0.03936170212765959,1,1643,VAL,True,127.01,126.48,127.09,126.58,-44.21806765329817,2.2969974936590236,-10.39766766191636
2021-07-29,XBI,-0.012333965844402295,-1,1645,VAL,False,124.96,124.38,123.43,124.75,43.92595868725482,118.48736584704801,27.166234850175226
2021-07-30,XBI,-0.012622608136356272,-1,1645,VAL,False,122.83,122.63,123.45,122.68,13.786238481922597,-54.49726271884598,1.5761629665356298
2021-08-02,XBI,0.01060099486259489,1,1643,VAL,False,123.95,123.15,123.77,123.24,-67.0255218823112,-18.51537719886472,-9.8004985176276
2021-08-05,XBI,0.03201354729457301,1,1643,VAL,False,127.96,128.72,128.32,127.76,56.879214966634216,24.123340383501148,72.62260760120952
2021-08-06,XBI,-0.013595400870105656,-1,1645,VAL,False,126.97,126.49,126.3,126.74,35.31315855988344,48.78868189169118,17.229854366011807
2021-08-13,XBI,-0.014921819191999329,-1,1645,VAL,False,124.1,123.83,123.44,123.85,19.26158801462071,49.203394264671445,-0.8852396236228941
2021-08-16,XBI,-0.01647419849794066,-1,1645,VAL,False,121.77,121.02,120.07,121.39,59.10642586758166,135.6625106740989,27.987391695325275
2021-08-17,XBI,0.016526194017517766,1,1643,VAL,False,123.04,122.92,122.95,122.63,-12.249988233823185,-11.310969275586322,21.1429621439335
2021-08-19,XBI,-0.015061238000662093,-1,1645,VAL,False,119.02,117.94,118.39,118.39,88.263241624966,48.9526572765396,35.51897135064992
2021-08-20,XBI,0.027725962353739156,1,1643,VAL,False,121.22,121.36,123.09,121.04,9.04686246383833,150.2040789664213,23.93143314496325
2021-08-23,XBI,0.04243572841133821,1,1643,VAL,False,126.53,126.93,127.03,126.64,29.10565440851709,35.50131671286826,20.39433395696194
2021-08-25,XBI,0.0108712777690247,1,1643,VAL,False,128.33,128.35,128.09,128.17,-0.9414076040879263,-22.693505403962355,11.540837654425305
2021-08-27,XBI,0.02723644047898571,1,1643,VAL,False,131.25,131.2,131.81,130.53,-6.3080717189913145,38.65040325268217,48.81686652020561
2021-09-01,XBI,0.014469696969696943,1,1643,VAL,False,133.92,134.23,134.47,133.82,20.642862168308252,37.05367050843271,28.13101256598302
2021-09-03,XBI,-0.018574482199454425,-1,1645,VAL,False,133.2,133.34,133.39,133.4,-13.013638763790485,-18.270771271370485,1.9983756871300669
2021-09-14,XBI,-0.016660268714011422,-1,1645,VAL,False,128.02,128.18,128.41,128.65,-15.00167241697184,-34.47697819519979,34.041864727393175
2021-09-15,XBI,0.011780308940552276,1,1643,VAL,False,129.71,129.61,129.61,129.33,-10.207078929599163,-11.70562279495293,19.145130998541973
2021-09-20,XBI,-0.037412905180248396,-1,1645,VAL,False,127.09,127.95,128.21,127.5,-70.18600194978183,-92.16258233155887,-37.80344304155078
2021-09-21,XBI,0.015474794841735083,1,1643,VAL,False,129.92,129.43,130.06,129.48,-40.20559034744608,6.7723524260674495,-6.360135140100131
2021-09-23,XBI,0.015562403697996777,1,1643,VAL,False,131.85,132.23,131.1,132.26,26.313925686612286,-60.859272969067995,-4.767192637383485
2021-09-24,XBI,-0.019360205702185603,-1,1645,VAL,False,129.66,129.55,129.56,129.83,5.98534792566914,3.7147642392897717,19.07155674375831
2021-09-27,XBI,0.013199536858355688,1,1643,VAL,False,131.28,131.08,129.89,131.23,-17.730305249124783,-109.83741703822653,-13.926956283661937
2021-09-28,XBI,-0.026167226121452596,-1,1645,VAL,False,127.64,126.93,127.69,127.51,53.138604844127165,-7.9196346947224585,42.99750233161594
2021-09-29,XBI,-0.010872134247222954,-1,1645,VAL,False,125.54,124.84,125.38,124.92,53.27256306765457,8.749240687711323,3.905199868021982
2021-10-04,XBI,-0.022174363882906604,-1,1645,VAL,False,122.6,122.44,123.07,122.51,10.553334157857844,-42.352189850693954,3.2147479206060856
2021-10-06,XBI,-0.011805894805406194,-1,1645,VAL,False,121.36,121.52,122.12,121.52,-15.687712361193414,-66.64945381957057,-2.500500100020668
2021-10-07,XBI,0.011356155365372034,1,1643,VAL,False,122.91,123.13,123.8,122.94,15.39530186876144,68.38254837031982,12.951330345611408
2021-10-14,XBI,0.015778457575269748,1,1643,VAL,False,126.17,126.3,127.44,125.98,7.801483216077493,96.61838734733854,22.89500823442221
2021-10-15,XBI,-0.012589073634204303,-1,1645,VAL,False,124.71,124.29,123.34,124.86,31.186054386723615,105.8980138582446,43.16204423008493
2021-10-18,XBI,-0.017217797087456757,-1,1645,VAL,False,122.16,121.7,122.42,121.91,35.16444939282474,-25.29287782900362,14.72962954497043
2021-10-19,XBI,0.011175020542317168,1,1643,VAL,False,123.07,122.9,123.08,122.82,-16.309324468086867,-3.1869794075628053,4.012468960369371
2021-10-27,XBI,-0.010224782926235536,-1,1645,VAL,False,122.03,121.45,121.86,122.22,45.04068067567321,9.935773928530116,60.51639881240667
2021-10-28,XBI,0.02610127624536848,1,1643,VAL,False,124.61,125.37,124.93,125.05,58.47554508037458,21.670651825818556,23.083867832591682
2021-10-29,XBI,-0.011884820930047132,-1,1645,VAL,False,123.88,124.02,124.4,123.99,-13.804585263195836,-45.993699870100684,-4.920655072221298
2021-11-01,XBI,0.03281728753426873,1,1643,VAL,False,128.08,128.77,128.8,128.36,51.35961408592821,52.1931840989721,29.433930914036036
2021-11-03,XBI,0.01786398834623924,1,1643,VAL,True,132.72,133.3,132.78,133.15,41.19060154213982,0.5197875433956068,8.763174139488624
2021-11-05,XBI,-0.018282088086424536,-1,1645,VAL,False,129.96,130.49,130.8,130.24,-43.29247659319607,-68.66193183235062,-21.70063158823524
2021-11-09,XBI,-0.014187678309815741,-1,1645,VAL,False,127.82,127.82,127.14,128.17,-2.5005001000208344,49.220296257655455,24.813810386325525
2021-11-10,XBI,-0.01674229385072748,-1,1645,VAL,False,125.66,125.39,125.8,125.45,18.991423622937276,-15.146432119465391,2.2834778195172327
2021-11-15,XBI,-0.01908700493080954,-1,1645,VAL,False,123.34,123.11,123.05,123.12,16.151803410786986,19.52084919983992,-1.6880812809749648
2021-12-01,XBI,-0.026570884542149967,-1,1645,VAL,False,112.43,111.42,111.29,113.1,87.35563709735516,97.43619096495686,146.07775666538893
2021-12-02,XBI,0.022437623406928738,1,1643,VAL,False,113.95,113.85,114.47,113.8,-11.27308544434194,41.61659989195682,1.893074812103586
2021-12-03,XBI,-0.04347826086956512,-1,1645,VAL,False,108.89,108.84,108.5,108.36,2.092437956778898,31.829490151865187,-46.80836499525963
2021-12-07,XBI,0.053081091009275425,1,1643,VAL,False,114.66,114.31,114.77,113.98,-33.01690089332433,5.590544197108909,26.44571103326316
2021-12-08,XBI,0.014171988452453894,1,1643,VAL,False,115.94,115.95,115.33,115.14,-1.6372005916209569,-56.59157973476807,67.83205630890549
2021-12-09,XBI,-0.036567485985338585,-1,1645,VAL,False,111.69,111.08,111.73,111.79,52.12860998200096,-7.58357419536515,61.02732309589148
2021-12-10,XBI,-0.016204537270435696,-1,1645,VAL,False,109.28,109.22,109.8,109.36,2.9913559578672304,-51.6040250509828,10.304456648460969
2021-12-13,XBI,0.014008423365683951,1,1643,VAL,False,110.75,110.1,108.58,110.64,-61.17557526869357,-199.85763569633667,-51.29424223615154
2021-12-15,XBI,0.03349370836417473,1,1643,VAL,True,111.7,112.68,113.49,112.25,85.21357501105003,156.18738383030654,35.798274643513544
2021-12-16,XBI,-0.022364217252396255,-1,1645,VAL,False,110.17,109.64,108.71,109.6,45.6189994466167,128.5746847109291,-6.151047727795149
2021-12-17,XBI,0.04824881430134993,1,1643,VAL,False,114.94,114.88,113.8,114.64,-7.718310174748864,-103.14171722815605,18.43036835759234
2021-12-23,XBI,0.015199930909404878,1,1643,VAL,False,117.55,117.47,116.64,117.65,-9.303413668605518,-81.38210724507506,-17.795293469992224
2021-12-27,XBI,-0.02358048863539624,-1,1645,VAL,False,114.7,114.44,114.17,114.74,20.172997110320757,42.225184356837076,23.65210709912523
2021-12-30,XBI,0.010979201999464465,1,1643,VAL,False,113.25,112.53,112.65,112.47,-66.05976817881482,-56.95814479488176,2.8339224126369076
2022-01-03,XBI,0.02732584269662927,1,1643,VAL,False,114.3,114.71,114.4,113.94,33.36205024961781,4.746207363952714,65.06303619037512
2022-01-04,XBI,-0.03138348879783798,-1,1645,VAL,False,111.11,110.66,110.45,110.87,38.01003203070544,55.42355883650907,16.445338314528726
2022-01-05,XBI,-0.05006325682270009,-1,1645,VAL,False,105.11,104.57,104.8,105.36,48.88709641842637,25.503911551980064,72.49926636807878
2022-01-07,XBI,-0.019227090109049216,-1,1645,VAL,False,102.54,102.34,101.39,102.51,17.00896059843895,108.19542492465807,14.087394593346104
2022-01-10,XBI,-0.011041625952706758,-1,1645,VAL,False,101.21,102.49,102.24,101.78,-129.00184028506177,-105.81011568384214,-72.27624538466291
2022-01-12,XBI,-0.026249515691592347,-1,1645,VAL,False,100.55,99.97,100.06,100.43,55.1966683739515,44.75067067118031,43.313999850652436
2022-01-13,XBI,-0.020106031809542915,-1,1645,VAL,False,97.96,97.48,96.3,97.68,46.511343918433724,165.52391736003295,17.979640154073554
2022-01-14,XBI,0.02010668855149768,1,1643,VAL,False,99.45,99.86,98.18,99.74,38.71694238326733,-131.65049242539536,9.528774012593333
2022-01-18,XBI,-0.048167434408171464,-1,1645,VAL,False,95.06,93.92,94.43,94.24,117.4537453251209,62.29964696915788,31.46384794785698
2022-01-21,XBI,-0.016084910821752913,-1,1645,VAL,False,89.95,89.46,87.45,90.57,51.987829472510086,274.0425794997807,120.08728343880082
2022-01-27,XBI,-0.037403122542963026,-1,1645,VAL,False,85.72,84.97,85.02,85.81,85.01554487285644,77.69309344836782,95.41466619859361
2022-01-31,XBI,0.04044535332878894,1,1643,VAL,False,91.58,92.84,93.43,92.07,135.05073608558507,197.929184636976,81.11161519189737
2022-02-01,XBI,0.01249461439034895,1,1643,VAL,False,94.01,94.34,94.31,93.99,32.59437464703689,27.899536569657116,34.729196303521
2022-02-02,XBI,-0.034025863896544495,-1,1645,VAL,False,91.12,91.27,89.68,91.15,-18.96642497946454,154.09578842897668,-15.668904488522086
2022-02-03,XBI,-0.022351265476059954,-1,1645,VAL,False,89.23,88.88,88.56,89.02,36.73378405368514,71.11609478681649,13.230235352844089
2022-02-04,XBI,0.022052205220522144,1,1643,VAL,False,90.84,90.22,90.26,90.63,-70.73431196631667,-67.82219073578486,-47.72707601257919
2022-02-07,XBI,0.03291953003768564,1,1643,VAL,False,93.18,92.66,92.39,92.71,-58.291518343681474,-88.74743617492521,-7.89131355046993
2022-02-08,XBI,-0.010468379020073375,-1,1645,VAL,False,91.69,92.35,93.49,92.29,-74.50017651038176,-200.39300694690118,-9.003371808828394
2022-02-09,XBI,0.044288034650785096,1,1643,VAL,False,96.45,96.65,94.29,96.11,18.231449614690703,-227.85987126058345,53.67207694659183
2022-02-10,XBI,-0.03352302121055364,-1,1645,VAL,False,93.41,93.77,94.2,92.97,-41.04990787259393,-88.60802242880885,-88.57127992232896
2022-02-11,XBI,-0.012903913831715835,-1,1645,VAL,False,92.58,92.76,92.76,92.48,-21.94800593300903,-23.451222973045414,-32.78488742731399
2022-02-15,XBI,0.040556834374657486,1,1643,VAL,False,94.93,95.04,94.03,95.05,9.085089123543135,-98.76798473656176,-3.5513149868691847
2022-02-17,XBI,-0.04348750664540142,-1,1645,VAL,False,89.95,90.04,89.57,90.15,-12.508560633751804,38.261793548260236,9.704436727610302
2022-02-18,XBI,-0.012883163038649607,-1,1645,VAL,False,88.87,88.83,87.66,89.07,2.0015818174313993,132.20760501824708,24.451336882396205
2022-02-23,XBI,-0.0343849296413981,-1,1645,VAL,False,85.09,84.56,81.19,84.85,59.80206500813573,454.5208019157023,31.686007207331812
2022-02-24,XBI,0.038789025543992446,1,1643,VAL,False,87.85,88.44,88.5,88.19,64.64364497618475,69.96096512057962,25.841299593578235
2022-03-03,XBI,-0.03639026588553407,-1,1645,VAL,False,85.54,86.1,85.1,85.61,-67.98331843127843,47.45770290368763,-59.75111620852352
2022-03-04,XBI,-0.031591173054587675,-1,1645,VAL,False,83.38,83.37,83.33,83.19,-1.3008718318404384,1.9982408570935242,-24.143126497641514
2022-03-08,XBI,0.014778325123152585,1,1643,VAL,False,84.45,83.79,85.46,84.08,-80.6327189269068,115.55036535617472,-36.981840073467104
2022-03-09,XBI,0.04893185344313157,1,1643,VAL,False,87.88,87.88,86.76,88.07,-2.4995000999795547,-131.39474972551963,-24.067855896289498
2022-03-10,XBI,-0.010355029585798778,-1,1645,VAL,False,86.98,87.43,87.92,87.16,-54.24946796671507,-112.11485801414159,-33.485758647830366
2022-03-11,XBI,-0.03442754203362696,-1,1645,VAL,False,84.4,84.08,84.14,84.5,35.42367241220653,26.81721178358904,47.21607043302074
2022-03-14,XBI,-0.04626546146527118,-1,1645,VAL,False,80.19,80.56,80.86,80.18,-48.65245402241746,-87.58579250455325,-49.90571574030451
2022-03-15,XBI,0.010799404170804425,1,1643,VAL,False,81.44,81.74,83.05,81.57,34.3282276747003,193.6132910942365,18.336286157015152
2022-03-16,XBI,0.03193051137753853,1,1643,VAL,True,84.35,85.65,85.19,84.68,151.58171685165186,95.54603602101237,112.02075834242639
2022-03-17,XBI,0.03315820198482182,1,1643,VAL,False,88.48,89.0,88.76,88.41,56.25615383252345,27.633713763576257,64.21835189573378
2022-03-18,XBI,0.028202247191011293,1,1643,VAL,False,91.52,91.58,91.11,91.38,4.054805297682725,-48.780235211698,19.381656608053536
2022-03-21,XBI,-0.03417776807163131,-1,1645,VAL,False,88.45,88.46,88.64,88.17,-3.6313650519810454,-25.490457051273516,-35.39973050751647
2022-03-22,XBI,0.03481799683472771,1,1643,VAL,False,91.54,91.63,90.78,91.42,7.3298099829437735,-86.98981200045924,20.46566184466007
2022-03-23,XBI,-0.01909854851031322,-1,1645,VAL,False,89.9,89.29,89.94,90.02,65.3696367749627,-8.45196848045793,78.61286765239889
2022-03-24,XBI,0.019487064620898137,1,1643,VAL,False,91.03,91.19,91.19,90.88,15.072729714191762,13.570393687933596,31.602889369309928
2022-03-25,XBI,-0.02456409694045394,-1,1645,VAL,False,88.96,89.06,88.97,89.08,-13.744318108228303,-5.125350609690298,-0.2547658162091007
2022-03-29,XBI,0.04569439766475814,1,1643,VAL,False,93.15,92.97,92.81,93.11,-21.818341645681635,-40.48487135637906,-17.531720806520244
2022-03-30,XBI,-0.030870173174142247,-1,1645,VAL,False,90.1,90.11,90.49,90.02,-3.6106555384334955,-47.30335634274338,-12.50077831607377
2022-04-01,XBI,0.0351584369051618,1,1643,VAL,False,92.45,92.67,93.05,92.41,21.29119876403323,60.87479096933443,25.628950608538222
2022-04-04,XBI,0.02945937196503727,1,1643,VAL,False,95.4,95.48,95.45,95.23,5.8841481179653226,1.2397939699275382,23.746169594181485
2022-04-05,XBI,-0.031734394637620456,-1,1645,VAL,False,92.46,92.66,91.35,92.66,-24.13688448267311,116.09914455311606,-2.500500100020638
2022-04-08,XBI,-0.015568862275449022,-1,1645,VAL,False,90.43,89.77,88.58,90.13,70.50237870199342,200.65917418804105,37.45179303252192
2022-04-11,XBI,-0.02450707363261672,-1,1645,VAL,False,87.57,86.77,87.64,86.93,88.87783037936843,-11.99760335760168,15.909715936055724
2022-04-13,XBI,0.04133949191685927,1,1643,VAL,False,90.19,89.84,89.28,89.86,-41.29676337711697,-104.85695299126176,-4.724628188094341
2022-04-14,XBI,-0.028717720391807637,-1,1645,VAL,False,87.27,87.22,86.82,87.34,3.2302782316510816,47.58394098895424,11.242344644794287
2022-04-18,XBI,-0.04803944049529922,-1,1645,VAL,False,83.01,83.06,83.12,83.02,-8.525376922148823,-17.25751727866165,-7.319820986602705
2022-04-19,XBI,0.012159884420900444,1,1643,VAL,False,84.07,84.07,84.41,84.04,-2.4995000999799144,36.42711448194618,1.069336346912762
2022-04-21,XBI,-0.037028245905530555,-1,1645,VAL,False,81.11,80.65,80.24,80.76,54.226786671597246,103.30385643150177,11.123509991744022
2022-04-22,XBI,-0.010167389956602695,-1,1645,VAL,False,79.83,79.34,78.83,79.87,58.89528149899054,121.31550699467326,63.87392415255284
2022-04-25,XBI,0.017897655659188324,1,1643,VAL,False,80.77,81.06,80.16,80.91,33.39594554779858,-79.49208722078728,16.034983585411965
2022-04-26,XBI,-0.05613126079447319,-1,1645,VAL,False,76.51,76.21,76.28,76.52,36.719865212096884,26.072656695764582,38.02191436718963
2022-04-29,XBI,-0.026812838462554313,-1,1645,VAL,False,73.67,73.36,73.08,73.59,39.589565802395356,76.11811489486651,28.761561525513052
2022-05-02,XBI,0.0288985823336969,1,1643,VAL,False,75.49,76.3,76.3,75.32,104.77266051624815,103.25686882758694,127.579502686824
2022-05-04,XBI,0.020295927720308984,1,1643,VAL,True,77.94,78.08,77.17,78.05,15.458545447697857,-102.7536345438109,1.3432291120251565
2022-05-05,XBI,-0.0767161885245901,-1,1645,VAL,False,72.09,73.38,72.45,72.63,-181.48823272769215,-53.95835721451218,-105.78943545834403
2022-05-06,XBI,-0.05205778141182875,-1,1645,VAL,False,69.55,69.69,68.55,69.77,-22.634936764493002,139.8381761183295,8.968613272602468
2022-05-09,XBI,-0.0761945759793371,-1,1645,VAL,False,64.37,63.96,67.12,64.16,61.20969416813337,-431.3893693761273,28.67936430178617
2022-05-10,XBI,0.05534709193245777,1,1643,VAL,False,67.5,67.27,66.37,67.1,-36.565057358899104,-171.33965799432477,22.829487753715906
2022-05-11,XBI,-0.07031366136464988,-1,1645,VAL,False,62.54,62.41,61.67,62.35,18.291394127881727,135.16582433851735,-12.126001784158614
2022-05-12,XBI,0.018586764941515843,1,1643,VAL,False,63.58,64.5,66.05,63.82,142.1639233021599,384.33238171491223,104.02353875824681
2022-05-13,XBI,0.06356589147286813,1,1643,VAL,False,68.61,68.17,67.84,68.07,-66.61406386555443,-116.18285583518622,12.187587456799571
2022-05-17,XBI,0.04130530648243425,1,1643,VAL,False,70.83,71.01,69.12,70.64,22.907108540172654,-245.3257760137929,49.865663900062884
2022-05-18,XBI,-0.054217715814674106,-1,1645,VAL,False,67.15,67.44,67.37,67.44,-45.69819399471922,-36.77637984782372,-2.500500100021237
2022-05-19,XBI,0.017348754448398604,1,1643,VAL,False,68.62,68.96,69.91,68.94,47.03635198346327,183.91745725468678,0.40084817385012833
2022-05-24,XBI,-0.04246771879483512,-1,1645,VAL,False,66.73,66.98,66.83,67.1,-39.974276887446806,-18.992559189194008,15.387727321916522
2022-05-26,XBI,0.01485884101040119,1,1643,VAL,False,68.29,68.04,67.75,68.28,-39.09893083617667,-83.0421117416572,-37.6400993966389
2022-05-27,XBI,0.03483245149911802,1,1643,VAL,False,70.42,70.64,70.34,70.51,28.733815861083567,-15.35506587975075,15.932992666820292
2022-05-31,XBI,-0.0334088335220838,-1,1645,VAL,False,68.29,68.35,68.8,68.27,-11.288756506608436,-78.71218408273661,-14.22160805385226
2022-06-02,XBI,0.011624441132637872,1,1643,VAL,False,67.88,68.34,68.94,68.12,65.25020865008032,152.09627491119286,29.7883758538966
2022-06-03,XBI,0.027509511267193375,1,1643,VAL,False,70.21,70.76,71.73,70.27,75.81733902471777,212.4075968170564,67.21410805358518
2022-06-06,XBI,-0.034200113058225005,-1,1645,VAL,False,68.33,68.74,68.09,68.72,-62.51843080455729,31.13691668525427,-5.4115887205386235
2022-06-07,XBI,0.04451556590049465,1,1643,VAL,False,71.81,72.14,71.57,71.77,43.443615969746396,-37.40736325649496,49.04118800038305
2022-06-09,XBI,-0.03436426116838488,-1,1645,VAL,False,70.25,69.82,68.58,70.03,58.72476986500479,233.81672775836333,27.494146551715325
2022-06-10,XBI,-0.038814093382984735,-1,1645,VAL,False,67.12,66.61,64.56,66.77,73.5018129966876,377.5582291666917,21.468349383520543
2022-06-13,XBI,-0.05960066056147724,-1,1645,VAL,False,62.64,62.92,63.38,62.59,-47.211549589612254,-122.18344051952107,-55.237761084731154
2022-06-15,XBI,0.040145985401459756,1,1643,VAL,True,65.57,65.27,63.23,65.14,-48.24069500572991,-360.7270005507812,17.45252730233614
2022-06-16,XBI,-0.028190592921709764,-1,1645,VAL,False,63.43,63.57,64.03,63.24,-24.577594062088448,-98.63110884828615,-54.69571143830302
2022-06-17,XBI,0.06134969325153372,1,1643,VAL,False,67.47,67.18,68.23,66.85,-45.47082283557956,108.59840778250405,46.85240962278966
2022-06-21,XBI,0.04301875558201825,1,1643,VAL,False,70.06,69.59,68.53,69.88,-69.56808752437212,-222.2961060086005,-43.988841041177714
2022-06-22,XBI,0.02385400201178325,1,1643,VAL,False,71.23,71.34,71.75,71.04,12.939571288324895,68.97455269580686,39.71967430838112
2022-06-23,XBI,0.05046257359125307,1,1643,VAL,False,74.95,75.75,76.73,75.17,104.21164599635088,233.39748327852905,74.63965501432065
2022-06-28,XBI,-0.03000524109014665,-1,1645,VAL,False,74.02,73.59,73.49,73.85,55.606433364488424,67.63011613400867,32.714802947046856
2022-07-01,XBI,0.026829268292682982,1,1643,VAL,False,75.77,76.06,75.23,75.89,35.764656491956984,-75.2390105323248,19.895744134873794
2022-07-05,XBI,0.04575335261635556,1,1643,VAL,False,79.54,80.48,80.5,79.72,115.65049323552445,116.64652234250198,92.8103390862218
2022-07-07,XBI,0.02720496894409935,1,1643,VAL,False,82.69,82.93,82.08,82.07,26.5173111223695,-77.7391988043302,102.26290309137049
2022-07-08,XBI,0.011937778849632158,1,1643,VAL,False,83.9,83.9,83.17,83.8,-2.499500099979153,-90.9727470477296,9.430691427347918
2022-07-11,XBI,-0.03528009535160915,-1,1645,VAL,False,80.94,80.18,80.2,80.68,91.41969238917967,87.46152492173644,59.48822387184258
2022-07-13,XBI,0.016226183159188782,1,1643,VAL,False,82.67,82.72,81.81,82.56,3.5471313865933274,-107.98566063973529,16.875500868818772
2022-07-14,XBI,-0.014385880077369411,-1,1645,VAL,False,81.54,80.81,81.85,81.06,87.0484987358039,-42.034161063262204,28.348563865252938
2022-07-18,XBI,-0.03176542455711661,-1,1645,VAL,False,79.25,79.24,80.51,79.05,-1.238354926505377,-163.05494537393398,-26.541930777047373
2022-07-19,XBI,0.040005047955578014,1,1643,VAL,False,82.4,82.81,82.92,82.62,47.245344620395066,59.08235828562443,20.491604898578295
2022-07-20,XBI,0.016664654027291333,1,1643,VAL,False,84.18,83.99,83.9,83.97,-25.06454043000005,-37.247955493243964,-0.11829240678087735
2022-07-22,XBI,-0.03932114258396087,-1,1645,VAL,False,80.38,80.17,80.29,80.42,23.63193464768889,7.200494590083727,28.594067482981288
2022-07-27,XBI,0.027231092957048997,1,1643,VAL,True,83.01,82.87,82.97,82.61,-19.360722482655646,-8.81596960935434,28.96582044201406
2022-07-29,XBI,-0.019768151311775527,-1,1645,VAL,False,80.32,80.62,79.83,80.7,-39.86043722689052,57.02958320747854,7.415237694378214
2022-08-01,XBI,-0.0182336889109402,-1,1645,VAL,False,79.14,78.97,78.42,78.85,18.98579109301714,87.01361197182659,-17.72307536967317
2022-08-02,XBI,0.015195643915410952,1,1643,VAL,False,80.17,80.47,82.47,80.44,34.911628127161144,282.7764246327481,1.2290555315096119
2022-08-03,XBI,0.031813098048962374,1,1643,VAL,False,83.02,83.53,85.58,83.28,58.916125712463426,304.23691219356704,27.512208893476185
2022-08-04,XBI,0.05626720938584943,1,1643,VAL,False,88.22,88.15,86.74,87.65,-10.432225502303373,-171.69452076485706,54.531307087128745
2022-08-05,XBI,0.03380601247872932,1,1643,VAL,False,91.13,91.72,92.77,91.31,62.22699276670526,175.89151981959668,42.39125890734682
2022-08-08,XBI,0.0186436982119495,1,1643,VAL,False,93.43,93.3,91.47,93.33,-16.410182589406862,-213.69802888400247,-5.7130971748434005
2022-08-09,XBI,-0.029689174705251835,-1,1645,VAL,False,90.54,90.18,92.21,90.78,37.27087365783168,-188.52345684511087,63.6098799402948
2022-08-10,XBI,0.03171434907961853,1,1643,VAL,False,93.03,93.16,93.2,93.06,11.47099398780869,14.267166990121872,8.2435694249484
2022-08-11,XBI,-0.033168741949334515,-1,1645,VAL,False,90.06,90.21,91.04,89.88,-19.160227781732168,-112.86068006406124,-39.22530166914691
2022-08-12,XBI,0.03392085134685736,1,1643,VAL,False,93.28,93.19,92.41,93.05,-12.14545898710468,-97.22948206241998,12.54241360218045
2022-08-15,XBI,0.01287691812426229,1,1643,VAL,False,94.42,94.3,93.96,94.36,-15.205495228004697,-52.69820850487948,-8.856537297882571
2022-08-16,XBI,-0.029480381760339354,-1,1645,VAL,False,91.53,91.81,90.33,91.73,-33.09921243507991,127.15620803610113,-11.223927986294786
2022-08-17,XBI,-0.028319355190066533,-1,1645,VAL,False,89.22,89.01,88.93,89.37,21.042708878022268,28.51612689720128,37.79154622465313
2022-08-19,XBI,-0.02060921752915873,-1,1645,VAL,False,86.48,86.72,85.78,86.69,-30.25952091435931,76.97515451286385,-5.961972184494061
2022-08-22,XBI,-0.014990774907749044,-1,1645,VAL,False,85.43,85.39,85.92,85.34,2.1828666330255073,-61.38064789593609,-8.360882394430432
2022-08-23,XBI,0.02482726314556745,1,1643,VAL,False,87.51,87.23,87.3,87.24,-34.487845888712336,-27.986860632673032,-3.6454767735121334
2022-08-24,XBI,0.027972027972027944,1,1643,VAL,False,89.67,89.07,89.93,89.24,-69.39478614815701,24.98440871656325,-21.544492087687264
2022-08-26,XBI,-0.0505573696655783,-1,1645,VAL,False,84.33,84.5,83.2,84.34,-22.664440394304417,130.05020071961823,-21.476076102107328
2022-08-29,XBI,-0.012781065088757376,-1,1645,VAL,False,83.42,83.43,84.24,83.54,-3.699553144867221,-102.33789745242107,10.670137379162787
2022-08-30,XBI,-0.01690039554117237,-1,1645,VAL,False,82.0,82.58,83.52,82.23,-73.24989388121634,-189.44081499226735,-45.07468440057978
2022-08-31,XBI,0.011019617340760434,1,1643,VAL,False,83.48,83.17,82.53,83.46,-39.62486132385417,-117.75340188311061,-37.2379993208148
2022-09-01,XBI,0.012504508837321054,1,1643,VAL,False,84.2,84.98,86.22,84.27,90.11392495847596,235.80984515685802,81.73243718409653
2022-09-02,XBI,-0.02082843021887515,-1,1645,VAL,False,83.21,83.2,83.35,82.76,-1.2984209628882422,-20.832432319898654,-55.67957477430903
2022-09-06,XBI,-0.028846153846153914,-1,1645,VAL,False,80.8,80.83,80.73,80.89,-6.2142997906529605,4.666032216344494,4.918835170173113
2022-09-07,XBI,0.0395892614128418,1,1643,VAL,False,84.03,84.26,83.53,83.97,24.864835434675356,-63.47796250579727,32.02801145142044
2022-09-08,XBI,0.030263470211250854,1,1643,VAL,False,86.8,86.87,87.31,86.59,5.563000303165912,54.733062604070646,29.82871493607429
2022-09-13,XBI,-0.05310939627780307,-1,1645,VAL,False,83.44,83.61,83.63,83.23,-22.87951597989872,-26.78076363115278,-48.16853073846701
2022-09-16,XBI,-0.03840765818351614,-1,1645,VAL,False,82.37,82.75,81.86,82.88,-48.645336691474604,57.93971711666586,13.188750201775619
2022-09-19,XBI,-0.015951661631419856,-1,1645,VAL,False,81.43,81.71,80.89,81.48,-36.894459820366734,62.3403570558169,-30.735344417924935
2022-09-21,XBI,-0.016325027617527903,-1,1645,VAL,True,80.11,78.63,77.93,78.97,182.29166991805602,268.233898933076,40.564590061230746
2022-09-22,XBI,-0.010555767518758722,-1,1645,VAL,False,77.8,77.6,76.76,77.97,23.212868794838638,129.72877351820048,44.965514842099125
2022-09-23,XBI,-0.025773195876288662,-1,1645,VAL,False,75.6,76.17,75.81,76.03,-77.91617847379113,-31.789691271588666,-20.91888849951995
2022-09-26,XBI,-0.014572666404096093,-1,1645,VAL,False,75.06,74.59,75.96,74.95,60.13173058272652,-123.9528481235801,45.54353165496292
2022-09-27,XBI,0.02225499396701966,1,1643,VAL,False,76.24,76.73,78.55,76.28,61.755159461287676,298.87018399048475,56.478937563300605
2022-09-28,XBI,0.05760458751466182,1,1643,VAL,False,81.16,80.69,79.81,81.06,-60.39532606046609,-170.270775810338,-48.13329216712832
2022-09-29,XBI,-0.029991324823398214,-1,1645,VAL,False,78.26,78.36,78.3,78.27,-15.2816149736477,-9.114012938032511,-14.002033829535065
2022-09-30,XBI,0.013910158244002085,1,1643,VAL,False,79.45,78.82,80.23,78.9,-81.77483446042145,94.13649051184092,-12.63638273612735
2022-10-03,XBI,0.013702106064450806,1,1643,VAL,False,79.91,79.48,80.96,79.74,-56.29658700971432,127.34607377110481,-35.09731963815224
2022-10-04,XBI,0.02868646200301964,1,1643,VAL,False,81.76,82.48,81.42,81.72,85.5411109558906,-45.567696636797876,90.4777439030056
2022-10-07,XBI,-0.04187461959829594,-1,1645,VAL,False,78.71,78.6,78.45,78.72,11.47834699705604,29.045067049237023,12.747214076961159
2022-10-10,XBI,-0.015267175572518941,-1,1645,VAL,False,77.39,77.16,76.95,77.47,27.226533302524853,52.87683715836068,37.52499564066554
2022-10-11,XBI,-0.012182477967858965,-1,1645,VAL,False,76.23,77.78,78.01,77.13,-205.8833647878752,-237.59809025953257,-86.79487745079496
2022-10-13,XBI,0.018030690537084355,1,1643,VAL,False,79.6,79.57,80.54,79.33,-6.267402298434488,114.04402536578304,27.746310059807016
2022-10-14,XBI,-0.02111348498177696,-1,1645,VAL,False,77.88,77.33,78.94,78.01,68.13862772554334,-140.16208480525057,84.68960809210816
2022-10-17,XBI,0.0325876115349799,1,1643,VAL,False,79.86,80.19,82.01,80.18,38.81248543679671,265.1142699083525,-1.252618022168069
2022-10-19,XBI,-0.054114434653096684,-1,1645,VAL,False,76.22,76.62,76.56,76.23,-54.99328677071107,-48.62636132579355,-53.67425315051343
2022-10-21,XBI,0.02623294858342078,1,1643,VAL,False,78.24,78.34,78.73,78.18,10.278491336498611,58.603565585453644,17.960976748113495
2022-10-25,XBI,0.03269649955122467,1,1643,VAL,False,80.53,80.07,80.36,80.46,-59.60679216447752,-25.10090307779613,-50.95867478256736
2022-10-26,XBI,0.01623579368052968,1,1643,VAL,False,81.38,81.4,82.32,81.65,-0.04250808722419882,111.46210177969243,-33.11034057732178
2022-10-28,XBI,0.029975124378109407,1,1643,VAL,False,82.81,83.23,82.83,83.1,48.20633506434969,-1.5849987833606687,13.140392378805998
2022-10-31,XBI,-0.01622011294004576,-1,1645,VAL,False,81.89,81.63,82.48,82.15,29.257347378620885,-76.07749416533815,60.81417135526901
2022-11-02,XBI,-0.016403402187120223,-1,1645,VAL,True,80.94,80.67,79.63,81.21,30.86588407377433,157.9122347820206,64.0104008980586
2022-11-04,XBI,-0.022466300549176376,-1,1645,VAL,False,78.33,79.46,79.59,78.73,-146.79803061339874,-164.92306504196284,-95.24564636031292
2022-11-09,XBI,-0.026461693548387025,-1,1645,VAL,False,77.26,76.71,80.26,77.01,68.70549621185006,-392.45540021801895,36.465220585996
2022-11-10,XBI,0.07808629904836409,1,1643,VAL,False,82.69,82.6,82.53,82.72,-13.380804308361206,-23.340839148651856,-17.002643958636245
2022-11-11,XBI,0.021670702179176833,1,1643,VAL,False,84.41,84.23,83.99,84.45,-23.81865766403463,-53.73643906451401,-28.54390637562235
2022-11-16,XBI,-0.02736437830052793,-1,1645,VAL,False,81.03,80.98,79.86,81.09,3.6715969628568748,140.44793408885403,11.068066369470143
2022-11-17,XBI,-0.020128426772042598,-1,1645,VAL,False,79.34,80.03,81.21,79.58,-89.48972804392119,-239.78957626664973,-59.06151071883419
2022-11-21,XBI,-0.014658385093167787,-1,1645,VAL,False,79.31,79.37,80.01,79.35,-10.067642074627777,-92.29736503346585,-5.021609236783223
2022-11-28,XBI,-0.018994413407821244,-1,1645,VAL,False,79.02,79.15,79.35,79.0,-18.956145063488172,-45.779087480365426,-21.492589657174104
2022-11-30,XBI,0.04076497232008046,1,1643,VAL,False,82.72,83.09,83.01,82.41,42.21852679754305,31.044806512587517,79.99413343881545
2022-12-02,XBI,0.030519559161923344,1,1643,VAL,False,85.09,85.12,84.85,84.9,1.0252973497450004,-32.19334978932088,23.406861619430767
2022-12-05,XBI,-0.040883458646616584,-1,1645,VAL,False,81.64,82.36,81.56,81.87,-90.71461524054024,5.802238350658572,-62.366449105137896
2022-12-06,XBI,-0.030233122875182067,-1,1645,VAL,False,79.87,80.08,80.54,80.01,-28.799800275568156,-87.92067666068637,-11.251594150851476
2022-12-09,XBI,-0.018255828296533733,-1,1645,VAL,False,79.59,79.03,78.86,79.24,67.87769163331214,87.75596054001683,24.007893451480413
2022-12-12,XBI,0.025180311274199604,1,1643,VAL,False,81.02,81.02,83.09,81.0,-2.4995000999807333,251.3910942817622,-0.030981458030094524
2022-12-13,XBI,0.016785978770673903,1,1643,VAL,False,82.38,82.3,82.26,82.68,-12.208167737658384,-18.560017057038777,-48.44834129449031
2022-12-15,XBI,-0.026886278309313297,-1,1645,VAL,False,80.34,80.18,79.62,80.1,17.41983945706017,85.6541734037617,-12.490513083892756
2022-12-19,XBI,-0.025357364822871424,-1,1645,VAL,False,78.41,78.8,78.42,78.4,-52.2514909817843,-5.276657933295174,-53.533665916857984
2022-12-20,XBI,0.01802030456852794,1,1643,VAL,False,80.22,80.27,80.72,80.3,3.7318016326931827,58.30446974678977,-6.234556326592258
2022-12-21,XBI,0.015572443004858603,1,1643,VAL,False,81.5,82.06,81.3,81.66,66.19498186252326,-28.529263472459686,46.47184694827062
2022-12-23,XBI,-0.028797083839611062,-1,1645,VAL,False,79.91,80.37,80.13,80.03,-60.079654524324575,-31.54278709577347,-44.99519171609192
2022-12-27,XBI,-0.026378001741943567,-1,1645,VAL,False,78.24,78.04,78.11,78.06,23.068263959537706,12.621389308536978,0.0622722546022003
2022-12-29,XBI,0.04583173752074561,1,1643,VAL,False,81.92,81.75,81.05,81.9,-23.246266274089056,-110.15790006061381,-20.809940575987476
2023-01-03,XBI,-0.01915615906886516,-1,1645,VAL,False,80.9,81.02,81.66,80.85,-17.33733644132853,-97.98152461147033,-23.532350254838622
2023-01-04,XBI,0.019871636632930133,1,1643,VAL,False,82.61,82.72,82.33,82.43,10.812750898555555,-37.87984686079248,32.67307232475487
2023-01-09,XBI,-0.019724104549854737,-1,1645,VAL,False,81.01,80.76,80.64,80.78,28.367604146677852,41.69084650160706,-0.024020649637178856
2023-01-10,XBI,0.023031203566121834,1,1643,VAL,False,82.62,83.05,83.53,82.56,49.53300068623228,106.09957408179382,56.83644036696533
2023-01-12,XBI,0.033750745378652504,1,1643,VAL,False,86.69,87.37,86.46,86.94,75.92131360324007,-30.51990824582769,46.94753480865959
2023-01-13,XBI,-0.01247567815039491,-1,1645,VAL,False,86.28,87.33,87.24,86.89,-124.22773149901234,-115.31096205332845,-53.15190095217739
2023-01-18,XBI,-0.011817865832464327,-1,1645,VAL,False,85.29,85.24,84.93,85.25,3.3633177567637427,38.22502101545939,-1.3271862583664842
2023-01-20,XBI,0.02477771191464142,1,1643,VAL,False,86.44,86.44,86.47,86.54,-2.4995000999794796,-0.5299726727473787,-14.051961967210246
2023-01-24,XBI,0.022630181272370323,1,1643,VAL,False,88.57,88.26,87.5,88.22,-37.49131623375965,-124.75928659813816,2.033485844205279
2023-01-27,XBI,0.012495740088606093,1,1643,VAL,False,89.14,88.83,88.15,89.21,-37.267563314798934,-115.01603650550865,-45.08497471002334
2023-01-30,XBI,-0.02735562310030387,-1,1645,VAL,False,86.4,86.55,86.85,86.81,-19.865952357137314,-56.10497099419742,27.45745555055158
2023-01-31,XBI,0.018717504332755687,1,1643,VAL,False,88.17,88.34,88.36,88.09,16.776615188473816,17.541461652094227,25.873472144031577
2023-02-01,XBI,0.01369707946570063,1,1643,VAL,True,89.54,89.17,89.96,89.92,-43.81148563675631,42.88845157035197,-85.88612571080054
2023-02-02,XBI,0.017718963777055043,1,1643,VAL,False,90.75,91.39,90.11,90.87,68.0062885494534,-74.49441241228273,54.710803189861835
2023-02-03,XBI,-0.014990699201225567,-1,1645,VAL,False,90.05,89.82,89.22,89.82,23.04725242660796,88.2070917237304,-2.5005001000208824
2023-02-06,XBI,-0.010465375194834089,-1,1645,VAL,False,88.88,89.13,89.11,88.78,-30.635346241165564,-29.888741024532216,-41.93365142954128
2023-02-08,XBI,-0.032534818941504194,-1,1645,VAL,False,86.84,86.64,87.31,86.91,20.536120121305814,-58.144977682777274,28.57388875082497
2023-02-09,XBI,-0.01119575253924283,-1,1645,VAL,False,85.67,85.55,85.09,85.56,11.510239482236482,63.72793176588003,-1.3314373954743082
2023-02-16,XBI,-0.013681010289990666,-1,1645,VAL,False,84.34,84.24,84.25,84.06,9.359234901283855,6.674562325317321,-23.91913072121965
2023-02-17,XBI,0.020061728395061873,1,1643,VAL,False,85.93,86.25,85.29,86.02,34.730805497227145,-78.44864170421907,24.231784659112595
2023-02-21,XBI,-0.04428985507246369,-1,1645,VAL,False,82.43,82.25,82.37,82.45,19.341670105221006,3.2810152956224514,21.762690925085348
2023-02-24,XBI,-0.01977333011815771,-1,1645,VAL,False,81.3,80.96,82.08,81.13,39.330375300150955,-99.98014363020158,18.45876385926599
2023-02-28,XBI,0.01115059428991541,1,1643,VAL,False,82.51,82.33,82.3,82.35,-24.30958481676643,-29.440482040545675,-4.927551223208814
2023-03-03,XBI,0.015262515262515262,1,1643,VAL,False,83.15,83.06,83.48,83.1,-13.320607075217291,35.67224017613917,-7.311774708836515
2023-03-06,XBI,-0.024078979051288224,-1,1645,VAL,False,81.06,81.65,81.58,81.46,-75.30429105806469,-68.17647763453446,-25.830663309191984
2023-03-08,XBI,-0.01692213366033103,-1,1645,VAL,False,80.18,80.72,81.03,80.7,-69.86580653621435,-110.05468741540659,-4.979434548620062
2023-03-09,XBI,-0.032333994053518327,-1,1645,VAL,False,78.11,78.23,77.94,78.15,-17.867291292084182,17.77208597525604,-12.739784041263153
2023-03-10,XBI,-0.04525118241083991,-1,1645,VAL,False,74.69,75.18,74.52,74.55,-68.1214030997406,18.76905036918477,-87.02867334030353
2023-03-13,XBI,0.02819898909284371,1,1643,VAL,False,77.32,77.37,78.86,77.46,3.9655157432069155,195.09341794341776,-14.1154960332462
2023-03-15,XBI,-0.012988666751559862,-1,1645,VAL,False,77.51,77.56,77.12,77.41,-8.952893662206773,46.335418548037666,-21.882686833195564
2023-03-17,XBI,-0.021610496526884394,-1,1645,VAL,False,76.06,76.02,76.42,76.19,2.759820962350633,-51.35079079975854,19.8177186296946
2023-03-22,XBI,-0.01628276409849092,-1,1645,VAL,True,74.31,72.67,73.57,73.62,218.25176500782598,95.6218696302869,126.57278807024584
2023-03-24,XBI,0.01037401037401025,1,1643,VAL,False,74.02,73.72,74.22,73.57,-43.01895632762087,23.009718510230442,17.88414914543338
2023-03-27,XBI,0.01600651112316884,1,1643,VAL,False,74.91,74.48,74.54,74.86,-59.887368408043315,-53.372051527484516,-53.24823360201071
2023-03-29,XBI,0.02189781021897797,1,1643,VAL,False,75.61,75.84,76.16,75.77,27.912153318575083,68.71340981109353,6.736675629109061
2023-03-30,XBI,-0.01991033755274268,-1,1645,VAL,False,74.34,74.2,74.73,74.34,16.336600653463414,-56.483451654009585,16.336600653463414
2023-03-31,XBI,0.01913746630727765,1,1643,VAL,False,75.62,75.73,75.63,75.29,12.043280315108015,-2.67732753370039,55.92658862303745
2023-04-04,XBI,-0.02677288755387224,-1,1645,VAL,False,74.52,75.09,74.68,74.72,-79.00915931978967,-25.480136284906447,-52.03108341154554
2023-04-06,XBI,0.01949265687583436,1,1643,VAL,False,76.36,76.39,76.26,76.26,1.4282764191005857,-17.089824570443962,14.543183679024194
2023-04-10,XBI,-0.011781646812410076,-1,1645,VAL,False,75.49,75.67,75.79,75.47,-26.350680124104436,-43.75706244706428,-29.0077228377992
2023-04-11,XBI,0.012686665785648126,1,1643,VAL,False,76.64,76.4,77.24,76.56,-33.80691293891485,74.25759107051313,-23.392918072602257
2023-04-13,XBI,0.048167262141061276,1,1643,VAL,False,79.21,78.93,78.92,79.25,-37.83973668591329,-40.59609741982681,-42.86795637717774
2023-04-14,XBI,-0.01925756999873318,-1,1645,VAL,False,77.41,77.7,78.95,77.59,-39.97272778415764,-203.02109769583333,-16.68112975604666
2023-04-17,XBI,0.048519948519948466,1,1643,VAL,False,81.47,81.31,81.86,81.54,-22.13372226745205,43.85203725181004,-30.69946471828947
2023-04-19,XBI,0.017198713189804513,1,1643,VAL,False,82.22,81.83,81.05,81.83,-49.92135846729883,-146.24343435861547,-2.4995000999807657
2023-04-20,XBI,-0.0213857998289136,-1,1645,VAL,False,80.07,80.11,80.16,79.97,-7.4973780818371605,-15.245461981118272,-20.011442578624244
2023-04-21,XBI,0.020347022843590006,1,1643,VAL,False,81.74,81.75,81.67,81.62,-1.2764146461123251,-12.559514033086128,13.423987586702333
2023-04-24,XBI,-0.012844036697247672,-1,1645,VAL,False,80.7,80.71,80.76,80.67,-3.739967324319706,-11.43871897055997,-7.460212756571476
2023-04-25,XBI,-0.016107049931854755,-1,1645,VAL,False,79.42,79.51,79.25,79.35,-13.835491852842125,17.41295123794358,-22.669373194111184
2023-04-28,XBI,0.01724137931034494,1,1643,VAL,False,79.65,79.69,79.79,79.63,2.521215781952626,13.570669419161433,5.033465239641719
2023-05-01,XBI,0.02459530681390398,1,1643,VAL,False,81.64,81.55,81.15,81.61,-13.520752488404675,-63.994795357438726,-9.849702648613595
2023-05-02,XBI,-0.029307173513182103,-1,1645,VAL,False,79.15,79.23,80.57,79.23,-12.61041848293789,-183.4787677687127,-2.500500100019861
2023-05-03,XBI,0.04594219361353023,1,1643,VAL,True,82.88,82.69,82.61,82.76,-25.41848049309114,-36.56339195481264,-10.955578338176988
2023-05-04,XBI,0.013423630426895627,1,1643,VAL,False,83.8,83.45,84.38,83.72,-44.25517044562388,65.18553091291014,-34.74179745990535
2023-05-05,XBI,0.02097064110245656,1,1643,VAL,False,85.21,84.84,85.06,84.96,-45.91078028966427,-21.595727797286344,-16.620263517917557
2023-05-09,XBI,0.013734312100402686,1,1643,VAL,False,85.62,85.37,87.03,85.68,-31.690987193823833,160.61608981637534,-38.67159574620916
2023-05-10,XBI,0.019327632657842233,1,1643,VAL,False,87.02,86.73,86.45,87.05,-35.81684260711463,-69.47518793184537,-39.25079429834712
2023-05-11,XBI,-0.016833852184941864,-1,1645,VAL,False,85.26,85.47,85.83,85.28,-27.137200839182253,-70.88187517869382,-24.785620820224675
2023-05-15,XBI,0.028036282247614508,1,1643,VAL,False,87.26,87.0,85.22,87.3,-32.28806450490775,-237.68979873518722,-36.85517192094219
2023-05-16,XBI,-0.03195402298850576,-1,1645,VAL,False,84.22,84.49,84.69,84.34,-34.56740980112365,-59.82934891418878,-20.290102601976443
2023-05-18,XBI,-0.02007042253521136,-1,1645,VAL,False,83.49,84.2,84.84,84.06,-87.56188894983786,-165.76150300128361,-19.15943502762138
2023-05-22,XBI,0.022161971000825127,1,1643,VAL,False,86.71,86.92,87.01,86.95,21.713106346555676,30.585048945695576,-5.94889647717278
2023-05-24,XBI,-0.02231423970554403,-1,1645,VAL,False,85.0,85.25,85.07,85.21,-31.919619217961937,-12.239389054280537,-7.195958614328177
2023-05-25,XBI,-0.02369501466275655,-1,1645,VAL,False,83.23,83.02,83.15,83.18,22.737095779122928,5.614964155874759,16.739702833571307
2023-05-30,XBI,-0.013129625208880334,-1,1645,VAL,False,82.68,82.62,82.67,82.76,4.7582085357546795,-2.7908339287584094,14.420114569069083
2023-05-31,XBI,0.011861534737351607,1,1643,VAL,False,83.6,83.39,83.77,83.75,-27.612838676282607,16.327595724876282,-45.47383060701346
2023-06-01,XBI,0.01391054083223404,1,1643,VAL,False,84.55,84.54,85.33,84.51,-3.6819365872522565,88.2170106487284,1.0494883628882061
2023-06-02,XBI,0.011947007333806374,1,1643,VAL,False,85.54,85.89,85.46,85.62,38.406803091100365,-13.347809745978202,29.027305961372573
2023-06-06,XBI,0.015204271123491207,1,1643,VAL,False,87.47,87.56,87.59,87.5,7.787170129710369,9.714302709368933,4.355928814237304
2023-06-12,XBI,0.010216967053151194,1,1643,VAL,False,87.99,88.05,88.41,88.04,4.317752201351091,43.71440747650172,-1.3639366629175718
2023-06-13,XBI,0.02248722316865422,1,1643,VAL,False,90.03,89.66,89.94,90.08,-43.58663977523252,-13.991870069838717,-49.113068150135284
2023-06-14,XBI,-0.016729868391701985,-1,1645,VAL,True,88.17,88.33,87.81,88.22,-20.651799635191026,36.84574955140742,-14.972445860744195
2023-06-16,XBI,-0.017037120613787555,-1,1645,VAL,False,87.12,87.12,86.79,87.06,-2.5005001000207834,33.89314226481723,-9.394022153846223
2023-06-23,XBI,-0.01580476467170249,-1,1645,VAL,False,84.69,84.59,84.16,84.71,9.310221945202606,58.60541573422859,11.669020145663179
2023-06-26,XBI,-0.017496157938290624,-1,1645,VAL,False,83.12,82.65,82.7,82.96,54.058393488129084,46.548770774368606,34.876249599000545
2023-06-29,XBI,-0.01485919712402647,-1,1645,VAL,False,82.2,82.1,82.71,82.04,9.667991992558589,-66.06941826321408,-9.8158344491907
2023-06-30,XBI,0.010718635809987938,1,1643,VAL,False,82.98,82.68,82.63,82.76,-38.643753534179076,-46.161170272573614,-12.163589515059295
2023-07-06,XBI,-0.01394108376772932,-1,1645,VAL,False,81.35,81.21,81.36,81.16,14.713391356820907,-5.2305482608503775,-8.662710856612902
2023-07-10,XBI,0.029900332225913706,1,1643,VAL,False,83.71,83.7,83.38,83.49,-3.693801915757938,-43.40524799113715,22.64692587892892
2023-07-17,XBI,0.020622243413994563,1,1643,VAL,False,85.62,85.22,85.27,85.44,-49.20587945013202,-44.86115157253596,-28.242127791670082
2023-07-20,XBI,-0.015371978408824247,-1,1645,VAL,False,83.9,83.8,84.37,83.86,9.42143136613056,-60.0422825923942,4.656070732390075
2023-07-24,XBI,-0.020014211274277566,-1,1645,VAL,False,82.75,82.9,82.86,82.99,-20.631920946123863,-17.29916980374819,8.346891694278009
2023-07-27,XBI,-0.01599418393311532,-1,1645,VAL,False,81.21,81.26,81.98,81.04,-8.658916859101993,-98.85464348133777,-29.654376087457464
2023-07-28,XBI,0.025473787841496346,1,1643,VAL,False,83.33,83.28,83.43,83.18,-8.498240349530098,7.9964806270733035,9.51961567292218
2023-08-01,XBI,-0.013252148997134663,-1,1645,VAL,False,82.65,82.78,82.12,82.51,-18.233410747486182,60.150687124720456,-35.23198882898721
2023-08-02,XBI,-0.015704276395264522,-1,1645,VAL,False,81.47,81.55,81.16,81.58,-12.322520966695917,34.065239462523415,1.1777913317389683
2023-08-07,XBI,-0.031346797175071085,-1,1645,VAL,False,78.18,78.2,78.2,78.06,-5.059338805597064,-6.560022672224574,-20.439906582393817
2023-08-16,XBI,-0.018028240040342824,-1,1645,VAL,False,77.88,77.59,77.78,78.0,34.745585480730654,8.844604051780415,50.07674611845366
2023-08-17,XBI,-0.012114963268462401,-1,1645,VAL,False,76.65,76.47,75.69,76.55,20.988737864990505,121.29392610420624,7.9527989203312694
2023-08-21,XBI,0.015186915887850304,1,1643,VAL,False,78.22,77.9,78.12,78.07,-43.39952771399029,-16.778541504686984,-24.26938718827092
2023-08-23,XBI,0.010657421674370806,1,1643,VAL,False,78.71,78.37,78.35,78.67,-45.68524739976281,-49.71842628044109,-40.6239458857929
2023-08-24,XBI,-0.011739185912976926,-1,1645,VAL,False,77.45,77.33,77.57,77.35,12.99724115255455,-19.50086595756674,0.08579608617101488
2023-08-25,XBI,0.013966119229277102,1,1643,VAL,False,78.42,78.2,78.67,78.24,-30.546555825279317,27.867673086144322,-7.610696674570449
2023-09-01,XBI,0.024015247776365954,1,1643,VAL,False,80.59,80.62,80.34,80.59,1.222115671171737,-35.00801266722656,1.222115671171737
2023-09-05,XBI,-0.0182336889109402,-1,1645,VAL,False,79.15,79.15,79.26,79.22,-2.500500100020854,-17.904023002956716,6.337861866740827
2023-09-07,XBI,-0.011714321702985349,-1,1645,VAL,False,78.45,78.27,78.25,78.48,20.449787854320956,21.5033446459868,24.264600626548162
2023-09-13,XBI,-0.010301411674933262,-1,1645,VAL,False,77.83,77.8,78.1,77.89,1.3550185303662157,-38.7056725234276,9.057145875186828
2023-09-15,XBI,-0.01466803911477098,-1,1645,VAL,False,76.58,76.63,76.51,76.37,-9.03125258115082,5.143624703003196,-36.55379498054908
2023-09-18,XBI,-0.013963199791204401,-1,1645,VAL,False,75.56,75.47,75.55,75.51,9.413542316720767,-2.676819111835833,2.7981361071577444
2023-09-20,XBI,-0.014700039729837099,-1,1645,VAL,True,74.41,73.87,73.15,73.92,70.08853726127306,165.3990252424889,4.265260519635599
2023-09-25,XBI,-0.01572413793103449,-1,1645,VAL,False,71.36,71.43,72.17,71.44,-12.31236998521054,-117.5551814398757,-1.1003740501752692
2023-09-26,XBI,0.021839563208735657,1,1643,VAL,False,73.0,72.75,73.34,73.02,-36.737515510596225,42.55751589408167,-39.466428817767515
2023-09-27,XBI,0.01003436426116844,1,1643,VAL,False,73.48,73.53,73.55,73.39,4.303371769848402,5.523391783265378,16.57190022684925
2023-10-02,XBI,-0.03528114663726574,-1,1645,VAL,False,70.0,70.21,69.87,69.99,-32.5080016003192,14.578058468835918,-33.94142180343543
2023-10-04,XBI,-0.010126943374696816,-1,1645,VAL,False,69.41,69.44,69.19,69.38,-6.823724635432571,27.70760174222006,-11.150687906390825
2023-10-05,XBI,0.033554147465437764,1,1643,VAL,False,71.77,71.7,71.14,71.82,-12.250441091939278,-91.74450465905086,-19.203761586862786
2023-10-11,XBI,-0.010327983251919177,-1,1645,VAL,False,70.92,70.87,70.77,70.84,4.551460207437794,17.15825398582263,-6.736454574936085
2023-10-12,XBI,-0.0359813743473968,-1,1645,VAL,False,68.32,68.29,68.52,68.26,1.8916985973292815,-33.28651678813492,-6.896559505279267
2023-10-13,XBI,0.011129008639624995,1,1643,VAL,False,69.06,69.16,69.17,69.0,11.977042761154976,11.922608238270556,20.683109754860386
2023-10-18,XBI,-0.026910964786716226,-1,1645,VAL,False,67.98,68.06,68.1,67.94,-14.271609838295506,-21.660113134716678,-20.167560153185917
2023-10-19,XBI,-0.01998236849838377,-1,1645,VAL,False,66.71,66.67,66.72,66.57,3.497101758829786,-5.500425523570177,-17.526037879952938
2023-10-23,XBI,-0.019699248120300786,-1,1645,VAL,False,65.19,65.05,65.64,65.25,18.98055635057122,-73.05740945703975,28.158505264272478
2023-10-24,XBI,0.023827824750192118,1,1643,VAL,False,66.6,66.67,65.88,66.6,8.008383308325984,-112.06407367175116,8.008383308325984
2023-10-25,XBI,-0.021448927553622422,-1,1645,VAL,False,65.23,65.09,65.18,65.29,18.96738384929577,3.6674512581490357,28.139721986362453
2023-10-26,XBI,0.013980642187739999,1,1643,VAL,False,66.0,65.76,65.98,65.8,-38.854047372342244,-7.028291311432748,-8.57700800265311
2023-10-27,XBI,-0.027980535279805402,-1,1645,VAL,False,63.92,63.72,64.32,63.74,28.796435131832357,-66.6040592348728,0.6380315912562138
2023-10-30,XBI,0.01757689893283121,1,1643,VAL,False,64.84,64.78,64.05,64.79,-11.75073436885673,-125.78884593223377,-4.042562378093335
2023-10-31,XBI,0.013584439641864702,1,1643,VAL,False,65.67,65.81,66.05,65.65,18.813886073097727,53.84274142582796,21.86607613739812
2023-11-01,XBI,0.018994073848959125,1,1643,VAL,True,67.07,67.18,67.94,67.08,13.89717583544765,125.66414702746177,12.404346799097691
2023-11-02,XBI,0.010717475439118768,1,1643,VAL,False,67.9,67.83,69.02,67.87,-12.806201646271393,160.88328726007265,-8.391647145746656
2023-11-03,XBI,0.05042016806722692,1,1643,VAL,False,71.25,71.01,71.32,71.27,-36.17529125753823,5.821432204785979,-38.97136946961496
2023-11-06,XBI,-0.020419659202929204,-1,1645,VAL,False,69.55,69.44,69.68,69.49,13.319414422065094,-22.6998670762199,4.696578976177664
2023-11-07,XBI,0.02332949308755767,1,1643,VAL,False,71.05,71.07,71.03,71.07,0.31471538204805216,-6.812993488563219,-2.499500099978715
2023-11-08,XBI,-0.0296890389756578,-1,1645,VAL,False,68.95,68.99,69.6,68.76,-8.303256010156975,-98.30972721012519,-35.958544239387216
2023-11-09,XBI,-0.03957095231192912,-1,1645,VAL,False,66.25,66.17,66.57,66.07,9.577991069911514,-52.322011572123714,-17.639747110920037
2023-11-14,XBI,0.05115166018546219,1,1643,VAL,False,70.29,70.47,70.42,70.41,23.102293753797415,14.488210623632439,6.019886776798927
2023-11-15,XBI,0.010500922378316941,1,1643,VAL,False,71.21,70.65,70.86,71.15,-81.12048423063453,-53.129944155810364,-72.75600396435168
2023-11-16,XBI,-0.014720452937013535,-1,1645,VAL,False,69.6,69.69,70.31,69.58,-15.434767988082596,-106.05310717315912,-18.31359373340712
2023-11-17,XBI,0.03529918209212237,1,1643,VAL,False,72.16,72.2,72.34,71.98,3.042351618369804,20.93539163564374,28.05690598473791
2023-11-21,XBI,-0.014925373134328405,-1,1645,VAL,False,71.94,71.55,72.45,71.81,51.72489877458367,-74.92157313864732,33.7152098293225
2023-11-22,XBI,0.011600279524807803,1,1643,VAL,False,72.39,72.34,72.32,72.26,-9.404805045345341,-13.665176896932824,8.568864693709653
2023-11-29,XBI,0.015433374672729842,1,1643,VAL,False,73.69,73.39,75.15,73.44,-43.200411349402295,194.04885476969176,-9.30607723771021
2023-11-30,XBI,0.021392560294317933,1,1643,VAL,False,74.95,75.05,75.07,74.84,10.839393162060373,12.005070633638356,25.553347374351045
2023-12-01,XBI,0.02411725516322455,1,1643,VAL,False,76.87,77.34,77.15,76.93,58.627405519287066,32.411366042130716,50.78238219508115
2023-12-04,XBI,0.015257305404706394,1,1643,VAL,False,78.52,78.69,77.92,78.58,19.14562324417471,-80.3822933834015,11.495473875446608
2023-12-06,XBI,0.010471204188481588,1,1643,VAL,False,79.12,79.04,79.47,79.16,-12.608196257612915,40.21971136611863,-17.654882363596975
2023-12-07,XBI,0.013031376518218457,1,1643,VAL,False,80.07,80.01,79.71,80.0,-9.991070350934198,-48.941878915336375,-1.2498125374912072
2023-12-08,XBI,-0.011373578302712295,-1,1645,VAL,False,79.09,78.82,78.69,79.09,31.646359617100128,46.594727973286005,31.646359617100128
2023-12-12,XBI,0.016077580706903034,1,1643,VAL,False,79.64,79.58,79.6,79.48,-10.031519562487016,-9.019793228697656,10.079136663859396
2023-12-13,XBI,0.037823573762251886,1,1643,VAL,True,82.59,83.42,84.74,83.06,97.97180895580102,256.21876472265626,40.8318288184411
2023-12-14,XBI,0.018940302085830717,1,1643,VAL,False,85.01,84.94,85.32,84.82,-10.73176730375828,32.45251432009541,11.64457040211817
2023-12-18,XBI,-0.01232683728574796,-1,1645,VAL,False,84.12,83.84,84.65,84.04,30.793605226037847,-67.0312379166279,21.303641975420554
2023-12-19,XBI,0.02647900763358777,1,1643,VAL,False,86.07,85.97,85.57,86.07,-14.11504616701783,-62.06821840000398,-14.11504616701783
2023-12-20,XBI,-0.037222286844248026,-1,1645,VAL,False,82.77,82.15,83.6,82.9,72.42459727900486,-104.31879779362782,87.99256835685495
2023-12-21,XBI,0.0220328667072427,1,1643,VAL,False,83.97,84.15,85.67,83.96,18.931369138820777,198.37309184584421,20.124667300940015
2023-12-22,XBI,0.0374331550802138,1,1643,VAL,False,87.3,87.08,88.26,87.37,-27.693659435352917,105.92245812006098,-35.68337494227211
2023-12-26,XBI,0.024689940284795656,1,1643,VAL,False,89.22,88.91,89.81,89.31,-37.236388185263834,62.10302436262464,-47.276123098076866
2023-12-27,XBI,0.010684962321448688,1,1643,VAL,False,89.87,90.27,90.44,89.92,41.99810978051352,59.40038208003289,36.41425851840244
2023-12-29,XBI,-0.01284606866002211,-1,1645,VAL,False,89.13,88.74,87.89,89.15,41.26675217237895,135.17748989043798,43.50090433117439
2016-01-06,TLT,0.012479108635097543,1,1643,TRAIN,False,90.87,90.95,91.02,90.9,7.302615177021245,14.503996942662837,3.99987503999827
2016-01-12,TLT,0.01535572249226691,1,1643,TRAIN,False,91.92,91.83,91.65,91.77,-11.289504208848676,-31.36729407999046,5.0372537117002745
2016-01-15,TLT,0.015456623489713744,1,1643,TRAIN,False,93.3,93.3,92.84,93.28,-1.4998500149994023,-51.293262956661806,0.6439107375708362
2016-02-02,TLT,0.017098555649957513,1,1643,TRAIN,False,95.77,95.91,95.36,95.79,13.116313929848253,-44.80213981316568,11.025674757922257
2016-02-08,TLT,0.02121655518394635,1,1643,TRAIN,False,97.7,97.74,98.15,97.62,2.5937017352504608,44.05035443231484,10.790869284306856
2016-02-12,TLT,-0.01720321931589545,-1,1645,TRAIN,False,97.69,97.75,97.17,97.95,-7.64294875592764,51.240050814375685,18.921493987070626
2016-02-18,TLT,0.011652101539741888,1,1643,TRAIN,False,97.23,97.3,97.33,97.37,5.698494225451878,8.283034701775454,-8.687844371566113
2016-03-01,TLT,-0.016947411668036212,-1,1645,TRAIN,False,95.71,95.65,95.57,95.68,4.769727834761272,12.630246411957636,1.635771854776927
2016-03-08,TLT,0.011697127937336863,1,1643,TRAIN,False,96.87,96.8,96.13,96.83,-8.724945612180647,-78.3755628772841,-4.597598693089288
2016-03-23,TLT,0.013527684563758455,1,1643,TRAIN,False,96.65,96.44,97.25,96.57,-23.224475276218943,60.067454196121304,-14.959568555933474
2016-04-05,TLT,0.010964238139153532,1,1643,TRAIN,False,98.65,98.65,98.16,98.67,-1.4998500149985243,-51.66041936100507,-3.526504550314322
2016-04-07,TLT,0.011741882785378861,1,1643,TRAIN,False,99.1,99.15,98.64,99.18,3.544801927476588,-48.40827723483877,-4.524199727637984
2016-04-20,TLT,-0.011055379260927407,-1,1645,TRAIN,False,96.61,96.62,95.86,96.69,-2.5353948292054422,75.64704301917688,5.740567851384455
2016-05-03,TLT,0.01339052202113193,1,1643,TRAIN,False,96.86,96.79,96.98,96.89,-8.725691543998401,10.386737498044772,-11.81928457995274
2016-05-18,TLT,-0.015575689707828577,-1,1645,TRAIN,False,96.71,96.83,96.98,96.74,-13.91024222885672,-29.924303566744616,-10.804832809104697
2016-06-03,TLT,0.012496190185918823,1,1643,TRAIN,False,99.66,99.84,99.5,99.71,16.558849834462638,-18.05117501494941,11.536004157082555
2016-06-23,TLT,-0.010176593834181484,-1,1645,TRAIN,False,99.21,99.09,102.29,99.14,10.597219383260157,-312.51487208997224,3.5439795744746387
2016-06-24,TLT,0.02644060954687648,1,1643,TRAIN,False,101.7,101.75,103.74,101.69,3.4158334412372935,198.550056498774,4.399550211169816
2016-06-27,TLT,0.026240786240786258,1,1643,TRAIN,False,104.43,104.29,104.49,104.44,-14.903948655214872,3.7445264379047885,-15.860009173343292
2016-07-01,TLT,0.013451191391237564,1,1643,TRAIN,False,105.48,105.53,106.49,105.58,3.239674136492633,93.73380068136436,-6.234885130543019
2016-07-05,TLT,0.014972045863735415,1,1643,TRAIN,False,107.11,106.85,107.2,106.99,-25.77031998975467,6.4010964228953595,-14.583222489041928
2016-07-12,TLT,-0.016563728242560322,-1,1645,TRAIN,False,105.09,105.1,106.13,105.09,-2.451858089034256,-100.98278835400745,-2.451858089034256
2016-07-13,TLT,0.011132254995242643,1,1643,TRAIN,False,106.26,106.34,104.56,106.24,6.027723973319885,-161.95274882449735,7.911388830997412
2016-07-14,TLT,-0.013729546736881775,-1,1645,TRAIN,False,104.88,104.79,104.27,104.96,7.082372997023003,56.173142104448,14.698926066384084
2016-08-01,TLT,-0.012797591041686266,-1,1645,TRAIN,False,104.91,104.93,103.47,104.86,-3.406831961436981,135.2877638350052,-8.176718873491412
2016-08-05,TLT,-0.010793772089024696,-1,1645,TRAIN,False,103.57,103.6,103.3,103.51,-4.397176224333851,24.074339460594782,-10.196266462700674
2016-08-29,TLT,0.012611918744584599,1,1643,TRAIN,False,105.19,105.26,105.23,105.18,5.153776855417022,1.8020823642525967,6.105017944677698
2016-09-08,TLT,-0.013911386374464105,-1,1645,TRAIN,False,103.5,103.63,102.34,103.51,-14.062420734827507,110.09951236669534,-13.094971945266838
2016-09-09,TLT,-0.01572903599343815,-1,1645,TRAIN,False,102.01,101.92,101.77,101.99,7.323837961680642,21.531611057391913,5.364297582810957
2016-09-13,TLT,-0.012453422239654934,-1,1645,TRAIN,False,100.71,100.82,100.82,100.87,-12.424239147179682,-12.924835329327081,3.4574687765204715
2016-10-04,TLT,-0.011350407450523882,-1,1645,TRAIN,False,101.9,101.87,101.73,101.89,1.4443544452572423,14.686159489355477,0.46304561754476975
2016-10-14,TLT,-0.012728719172633265,-1,1645,TRAIN,False,99.29,99.15,99.53,99.12,12.602075999722386,-26.17665331846815,-4.527238438131398
2016-10-27,TLT,-0.01014259891544492,-1,1645,TRAIN,False,98.57,98.51,98.24,98.57,4.587807872800913,31.48524246763795,4.587807872800913
2016-11-09,TLT,-0.04266802443991851,-1,1645,TRAIN,False,94.02,94.07,93.61,94.07,-6.818965240493055,41.61626543424432,-1.5001500150016092
2016-11-10,TLT,-0.014351015201445673,-1,1645,TRAIN,False,92.72,92.65,92.82,92.95,6.050594274266042,-12.787516888012025,30.780108672512096
2016-11-17,TLT,-0.0159379711393496,-1,1645,TRAIN,False,91.38,91.48,91.82,91.48,-12.445105311582449,-50.16041109473021,-1.500150015001647
2016-11-30,TLT,-0.011278603188374278,-1,1645,TRAIN,False,91.16,90.78,89.6,91.11,40.19105289203573,169.16171652268287,34.72523742331271
2016-12-01,TLT,-0.010244547257105165,-1,1645,TRAIN,False,89.84,89.91,90.17,89.86,-9.292948439990449,-38.73951509131283,-7.065195725002574
2016-12-08,TLT,-0.012845849802371561,-1,1645,TRAIN,False,89.91,90.04,89.71,89.97,-15.961222415203453,20.248716007181375,-9.28168842226198
2016-12-09,TLT,-0.011883607285650903,-1,1645,TRAIN,False,88.97,88.86,88.7,89.0,10.865422835414458,28.353178129995726,14.232546850190015
2016-12-19,TLT,0.012079476179724626,1,1643,TRAIN,False,89.65,89.55,88.95,89.66,-12.652666690944402,-80.06561307059496,-13.766580067399614
2017-01-05,TLT,0.01317089232795525,1,1643,TRAIN,False,92.32,92.52,91.87,92.39,20.16067890611327,-50.733553161146524,12.568826459707084
2017-01-17,TLT,0.010544624415697347,1,1643,TRAIN,False,92.96,92.96,92.35,92.97,-1.4998500149979703,-67.60629875050311,-2.5753044788036923
2017-01-18,TLT,-0.012155765920826114,-1,1645,TRAIN,False,91.83,91.77,91.38,91.79,5.034642634469045,47.013195275752864,0.6790634396260049
2017-01-23,TLT,0.011980655089030437,1,1643,TRAIN,False,92.07,91.86,91.59,92.08,-24.30516153337388,-54.12361989607383,-25.388534126604686
2017-01-25,TLT,-0.011508110477860557,-1,1645,TRAIN,False,90.19,90.1,90.18,90.11,8.480280337602398,-0.8912078700942082,-0.39022879094087826
2017-02-08,TLT,0.011455378572987096,1,1643,TRAIN,False,92.71,92.9,92.28,92.72,18.991089781111118,-48.371713362585005,17.91052559972806
2017-02-09,TLT,-0.012163616792249834,-1,1645,TRAIN,False,91.78,91.85,91.29,91.83,-9.128228142057417,51.39901656323703,-3.6784142314922335
2017-02-24,TLT,0.011994329953113168,1,1643,TRAIN,False,92.81,92.73,92.58,92.75,-10.118317981799862,-26.77665645783316,-3.655860829011664
2017-03-01,TLT,-0.017401642888024205,-1,1645,TRAIN,False,90.91,90.98,90.63,90.9,-9.201228119733853,28.80565253753464,-10.302350367051032
2017-03-15,TLT,0.012226584408300495,1,1643,TRAIN,True,90.24,90.2,89.87,90.28,-5.931809301337694,-42.993373534986006,-10.359841286584151
2017-04-18,TLT,0.012988395613754911,1,1643,TRAIN,False,95.15,95.16,94.7,95.16,-0.44903549581959834,-49.284088932146126,-1.4998500149985359
2017-04-25,TLT,-0.011725828802899569,-1,1645,TRAIN,False,92.71,92.68,92.73,92.67,1.7362323008245872,-4.157896104571269,-2.5794097700489025
2017-05-17,TLT,0.014421007318123152,1,1643,TRAIN,False,94.26,94.27,94.63,94.33,-0.43911373768287887,37.245479780473985,-7.8595447992567085
2017-06-02,TLT,0.012192558335085101,1,1643,TRAIN,False,96.3,96.26,95.71,96.33,-5.652913421014288,-63.25442222132914,-8.765447549502872
2017-06-14,TLT,0.013744622809778641,1,1643,TRAIN,True,96.61,96.79,96.62,96.73,17.128967157109972,-0.9649174819599982,4.702052280041016
2017-06-27,TLT,-0.010173974972021568,-1,1645,TRAIN,False,97.3,97.24,97.07,97.28,4.667270426937923,21.64276037058931,2.612308928260601
2017-07-25,TLT,-0.013209902225920491,-1,1645,TRAIN,False,94.87,94.89,94.66,94.9,-3.6086142608151595,20.13978144942266,-0.4462511583096864
2017-09-05,TLT,0.014732965009208227,1,1643,TRAIN,False,99.18,99.29,99.26,99.22,9.589432264678415,6.064729280248655,5.554121064410841
2017-09-11,TLT,-0.012866907921190199,-1,1645,TRAIN,False,98.2,98.29,97.97,98.24,-10.666494348011238,21.42607336090099,-6.590490075068018
2017-09-27,TLT,-0.01544757033248087,-1,1645,TRAIN,False,96.24,96.28,95.78,96.27,-5.657049495475198,45.806534103118,-2.5390510381681306
2017-10-20,TLT,-0.010430651657544202,-1,1645,TRAIN,False,95.83,95.8,95.94,95.79,1.6308632845956985,-13.481156108930763,-2.544256931174607
2017-11-10,TLT,-0.014143691708516917,-1,1645,TRAIN,False,96.19,96.1,96.64,96.1,7.857735560435978,-48.79196725161698,-1.500150015001461
2017-11-15,TLT,0.010520887055183043,1,1643,TRAIN,False,97.97,98.0,97.58,98.01,1.561852592938415,-41.79994371696826,-2.5200010353017763
2017-12-01,TLT,0.014139746103829131,1,1643,TRAIN,False,98.26,98.19,97.7,98.31,-8.622738377496246,-58.98005762216464,-13.70430549255181
2017-12-19,TLT,-0.014085934333198222,-1,1645,TRAIN,False,97.29,97.4,96.46,97.35,-12.808249680965984,83.32881802930173,-6.63702733909903
2017-12-20,TLT,-0.011088295687885137,-1,1645,TRAIN,False,96.32,96.32,96.44,96.36,-1.5001500150016631,-14.461163724345369,2.651572753788514
2017-12-27,TLT,0.013257965056526272,1,1643,TRAIN,False,98.59,98.57,98.39,98.63,-3.528149061554085,-22.28177628529957,-7.582279387391633
2018-01-02,TLT,-0.01013787510137875,-1,1645,TRAIN,False,97.63,97.58,97.97,97.64,3.621994894356588,-36.83252684584116,4.645794362310201
2018-01-09,TLT,-0.01392158869894564,-1,1645,TRAIN,False,96.33,96.38,95.49,96.34,-6.69141968697055,85.21749091757685,-5.652734673509848
2018-02-01,TLT,-0.011419591409114756,-1,1645,TRAIN,False,94.35,94.06,93.62,94.21,29.24107991085165,75.38676496160454,14.424115163876213
2018-02-07,TLT,-0.01037766128169465,-1,1645,TRAIN,False,92.5,92.58,91.95,92.46,-10.150096090690274,57.47115252065718,-14.480682331700347
2018-02-14,TLT,-0.011433502319059305,-1,1645,TRAIN,False,91.65,91.69,92.09,91.72,-5.865234641303193,-50.01853158583638,1.7711649054135277
2018-02-21,TLT,-0.011836247149527673,-1,1645,TRAIN,False,91.0,90.96,91.35,90.95,2.896113787201644,-40.46943155854031,-2.599820179929699
2018-03-27,TLT,0.011234752835437742,1,1643,TRAIN,False,94.5,94.46,94.82,94.48,-5.73201939065414,31.85586203284291,-3.6163826462400985
2018-04-06,TLT,0.010989010989011,1,1643,TRAIN,False,94.75,94.75,94.39,94.68,-1.499850014998426,-39.98692479037,5.89236598097588
2018-05-15,TLT,-0.012258064516129038,-1,1645,TRAIN,False,91.86,91.94,92.07,91.89,-10.210361336591088,-24.865647897251836,-6.942254787018938
2018-05-29,TLT,0.023347547974413622,1,1643,TRAIN,False,95.99,95.85,94.88,95.76,-16.082515094671226,-117.61372044897796,7.897236592130268
2018-07-20,TLT,-0.012148271207558941,-1,1645,TRAIN,False,95.13,95.13,94.83,95.17,-1.5001500150027305,29.541900894598637,2.703485647502487
2018-07-23,TLT,-0.012824555870913475,-1,1645,TRAIN,False,93.91,93.95,93.96,93.93,-5.760186283776496,-7.325511594923326,-3.629714616304056
2018-09-18,TLT,-0.011512631915574015,-1,1645,TRAIN,False,92.73,92.83,92.66,92.74,-12.285764325380322,5.55010747489259,-11.20615619897267
2018-10-03,TLT,-0.015861027190332465,-1,1645,TRAIN,False,91.21,91.07,90.51,91.13,13.85134676168998,74.76112154576886,5.084838561765614
2018-10-11,TLT,0.011777777777777804,1,1643,TRAIN,False,91.05,91.1,90.72,91.05,3.9908145374364925,-38.23637405617009,3.9908145374364925
2018-11-02,TLT,-0.011978704525288358,-1,1645,TRAIN,False,89.08,89.04,89.42,89.08,2.9908693608440347,-40.17577330252259,2.9908693608440347
2018-12-04,TLT,0.01819757365684583,1,1643,TRAIN,False,94.0,93.88,94.45,94.0,-14.263892759660694,45.8629668948003,-14.263892759660694
2018-12-19,TLT,0.013922328064482344,1,1643,TRAIN,True,96.86,96.79,97.45,96.94,-8.725691543998401,58.90067611037844,-16.971017979694743
2018-12-26,TLT,-0.010113519091847305,-1,1645,TRAIN,False,95.92,95.86,96.85,95.84,4.756001037968471,-98.97538961569165,-3.587274420264055
2019-01-03,TLT,0.011070110701106993,1,1643,TRAIN,False,98.64,98.67,97.71,98.56,1.541056356652971,-96.26318390058812,9.659190330967656
2019-01-04,TLT,-0.012161751292186104,-1,1645,TRAIN,False,97.47,97.53,97.94,97.49,-7.656813696144981,-50.22981009499356,-5.603750445822552
2019-02-27,TLT,-0.011691108604245723,-1,1645,TRAIN,False,96.38,96.41,96.51,96.42,-4.613295942584985,-15.491173520756332,-0.4628652037577205
2019-03-22,TLT,0.015208354456047856,1,1643,TRAIN,False,100.12,100.16,100.12,100.18,2.4947565171554285,-1.9998000199986472,-3.4959570523299246
2019-04-01,TLT,-0.013999802819678612,-1,1645,TRAIN,False,100.01,99.99,100.08,99.99,0.49995000499917147,-9.000900090008491,-1.5001500150019358
2019-05-23,TLT,0.01160161242748999,1,1643,TRAIN,False,102.89,102.86,102.77,102.91,-4.415147949682167,-13.660408669989922,-6.357735618916607
2019-05-31,TLT,0.011725452812202,1,1643,TRAIN,False,106.13,106.21,106.49,106.19,6.036944595374909,31.914079863096934,0.3832840183349048
2019-06-04,TLT,-0.012345679012345748,-1,1645,TRAIN,False,105.61,105.7,105.37,105.78,-10.023348703586757,20.729466185895163,6.063850854738349
2019-06-21,TLT,-0.010999254287844956,-1,1645,TRAIN,False,106.1,106.1,106.69,106.1,-1.5001500150021396,-57.619239775061025,-1.5001500150021396
2019-07-05,TLT,-0.01372512896094334,-1,1645,TRAIN,False,107.07,107.12,107.62,107.08,-6.1706927207163575,-53.37873845290643,-5.2362352410069475
2019-07-11,TLT,-0.01190922730682667,-1,1645,TRAIN,False,105.37,105.21,105.09,105.34,13.686715544478979,24.578143493385383,10.842692395308571
2019-07-17,TLT,0.010224368077250766,1,1643,TRAIN,False,106.7,106.77,106.35,106.69,5.059615875337966,-34.79548952321325,5.997385077314922
2019-08-01,TLT,0.018234254349241866,1,1643,TRAIN,False,109.45,109.63,109.95,109.56,14.943549043907693,43.674024557344495,4.888384838040309
2019-08-05,TLT,0.0154555314533622,1,1643,TRAIN,False,112.35,112.55,112.01,112.38,16.298993153644215,-32.256320429371236,13.625127965935661
2019-08-12,TLT,0.020086336005638278,1,1643,TRAIN,False,115.79,115.88,116.56,115.8,6.271676140097979,64.48659909896361,5.407576686200874
2019-08-14,TLT,0.021648770349844127,1,1643,TRAIN,False,117.97,118.08,118.29,117.89,7.823155973797976,25.120315806006445,14.614451694198086
2019-08-19,TLT,-0.013508949679162397,-1,1645,TRAIN,False,116.85,116.75,117.75,116.7,7.059114127072252,-79.03742877497042,-5.785282898470219
2019-08-23,TLT,0.015551164189363366,1,1643,TRAIN,False,118.2,118.3,118.23,118.24,6.9591179629915585,0.5377634825357045,3.5738137958866774
2019-08-27,TLT,0.013495162111695836,1,1643,TRAIN,False,119.41,119.64,120.59,119.6,17.75862946324142,96.79963248964613,1.8441299682741796
2019-09-05,TLT,-0.01779448621553893,-1,1645,TRAIN,False,117.56,117.54,117.94,117.56,0.20136413096721784,-34.330585151063225,0.20136413096721784
2019-09-09,TLT,-0.01622032609613924,-1,1645,TRAIN,False,116.46,116.27,115.98,116.46,14.816911881810064,39.22391208724158,14.816911881810064
2019-09-10,TLT,-0.01427711361486193,-1,1645,TRAIN,False,114.61,114.23,114.0,114.5,31.66074394717897,51.23442280533852,22.084173482848858
2019-09-13,TLT,-0.01968573446327687,-1,1645,TRAIN,False,111.04,110.86,111.95,111.09,14.712656424142642,-83.96904171685183,19.206889633061074
2019-09-16,TLT,0.012989355944434402,1,1643,TRAIN,False,112.3,112.28,112.34,112.34,-3.2805268003910104,1.5613754742074215,-6.839978277407994
2019-09-20,TLT,0.010378188214599758,1,1643,TRAIN,False,114.88,115.21,115.49,115.17,27.221468312779145,51.08846705858638,1.97275575038662
2019-09-24,TLT,0.012415349887133118,1,1643,TRAIN,False,116.62,116.57,116.32,116.72,-5.786636222332597,-27.71923116383304,-14.3491905093249
2019-09-25,TLT,-0.014669297417860461,-1,1645,TRAIN,False,114.86,114.87,115.51,114.9,-2.370905730658252,-58.6021513521723,1.1112077265165945
2019-10-10,TLT,-0.01533089174686992,-1,1645,TRAIN,False,115.61,115.66,114.67,115.68,-5.825684203227487,79.32390851748451,0.2290166776018223
2019-10-11,TLT,-0.013574269410340595,-1,1645,TRAIN,False,114.1,114.23,115.07,114.12,-12.895373674091832,-87.03035071254641,-11.140572522027032
2019-10-15,TLT,-0.010950808273944073,-1,1645,TRAIN,False,113.8,113.67,113.58,113.6,9.925113776753346,17.335828486187367,-7.663046234202766
2019-10-30,TLT,0.013515932688865065,1,1643,TRAIN,True,113.23,113.35,114.27,113.14,9.096458542786952,89.83028218418023,17.05844087678856
2019-10-31,TLT,0.01482134980149984,1,1643,TRAIN,False,115.03,114.88,114.66,115.07,-14.537970700887248,-34.158889596566546,-18.009062046779178
2019-11-04,TLT,-0.01318431851916533,-1,1645,TRAIN,False,113.01,113.02,111.8,113.05,-2.385160204367355,105.09138693711941,1.1539411349355737
2019-11-05,TLT,-0.01176782870288443,-1,1645,TRAIN,False,111.69,111.75,112.46,111.8,-6.872967715789943,-70.95480789908977,2.9727928070072376
2019-11-07,TLT,-0.017523572318092855,-1,1645,TRAIN,False,110.46,110.39,110.12,110.6,4.837936265108903,28.78632965596054,17.49004014325373
2019-12-02,TLT,-0.013722576697841039,-1,1645,TRAIN,False,112.84,112.89,114.3,112.93,-5.931867557547785,-131.41282224642185,2.0423985194937324
2019-12-03,TLT,0.020373815218354126,1,1643,TRAIN,False,115.19,115.25,114.54,115.16,3.7081542301544257,-58.4170248657906,6.314191436014449
2019-12-04,TLT,-0.010325379609544449,-1,1645,TRAIN,False,114.07,114.1,113.17,114.05,-4.130508606222479,76.91450305721207,-5.8848497738857235
2019-12-12,TLT,-0.016570226196738563,-1,1645,TRAIN,False,112.18,112.18,112.73,112.15,-1.5001500150020677,-51.03835396911053,-4.175540157671662
2019-12-13,TLT,0.011142806204314494,1,1643,TRAIN,False,113.43,113.48,112.96,113.41,2.9074937873400826,-43.42676020681553,4.671519445357882
2020-01-02,TLT,0.011467268623024794,1,1643,TRAIN,False,112.02,112.01,113.03,112.01,-2.39241385627444,88.14464027619822,-1.4998500149984726
2020-01-03,TLT,0.014016605660208849,1,1643,TRAIN,False,113.59,113.73,114.19,113.59,10.82333002724077,50.811187918974795,10.82333002724077
2020-01-21,TLT,0.010103695825578308,1,1643,TRAIN,False,113.97,114.01,114.22,113.94,2.0093191172240776,19.93141038620553,4.642812882131875
2020-01-27,TLT,0.015066724063710717,1,1643,TRAIN,False,117.9,117.95,117.66,117.87,2.7403960197694466,-22.351963276955452,5.286270388825787
2020-02-04,TLT,-0.01510447260216495,-1,1645,TRAIN,False,117.37,117.57,116.52,117.45,-18.542835795038457,70.4348359348173,-11.71879640071318
2020-02-05,TLT,-0.010972186782342368,-1,1645,TRAIN,False,116.28,116.28,116.42,116.23,-1.5001500150029479,-14.042511922330618,-5.802610717925652
2020-02-07,TLT,0.011985275233284748,1,1643,TRAIN,False,118.21,118.26,118.81,118.17,2.7292761799043195,48.747176716217936,6.115153907306855
2020-02-21,TLT,0.011656952539550423,1,1643,TRAIN,False,121.49,121.22,123.51,121.34,-23.720568102873006,164.2357782494877,-11.387933235686672
2020-02-24,TLT,0.014684045537040101,1,1643,TRAIN,False,122.99,123.03,123.0,123.11,1.7519591239515049,-1.1868883849065142,-7.997128968769647
2020-02-28,TLT,0.023639141272010916,1,1643,TRAIN,False,127.31,127.17,127.35,127.71,-12.49498017757783,1.1415086595965025,-43.77680625172135
2020-03-03,TLT,0.010456273764258613,1,1643,TRAIN,True,127.56,128.2,128.26,127.92,48.66509272559747,52.86536257004614,20.385547436500413
2020-03-05,TLT,0.02191737622201199,1,1643,TRAIN,False,129.61,129.99,137.19,129.9,27.814478022918777,582.7146627209037,5.42751729446083
2020-03-06,TLT,0.052388645280406196,1,1643,TRAIN,False,136.82,136.76,146.87,136.48,-5.884516065275407,732.3950399873048,19.012899413460197
2020-03-09,TLT,0.04336063176367364,1,1643,TRAIN,False,142.7,140.47,139.11,141.66,-157.74831066297733,-253.52622411199613,-85.49120380916796
2020-03-10,TLT,-0.04185947177333235,-1,1645,TRAIN,False,134.59,133.27,135.66,134.99,96.59019992198935,-81.51680759873314,125.93581011556974
2020-03-13,TLT,-0.013858779807990029,-1,1645,TRAIN,False,127.34,126.24,131.52,127.16,84.89572060708548,-330.32092277862876,70.86049907287016
2020-03-16,TLT,0.063608998732573,1,1643,TRAIN,False,134.25,134.41,134.08,133.96,10.416425768967551,-14.660209956657818,32.08722872114015
2020-03-17,TLT,-0.05490662897105867,-1,1645,TRAIN,False,127.03,125.45,125.34,127.24,122.89857656158341,131.06585003143263,139.19998570117872
2020-03-18,TLT,-0.03985651654045436,-1,1645,TRAIN,False,120.44,118.37,120.51,120.44,170.3954437290278,-7.813385124630865,170.3954437290278
2020-03-19,TLT,0.035481963335304456,1,1643,TRAIN,False,122.57,121.6,125.71,121.42,-80.62643193133582,254.1291110343972,13.322502373383005
2020-03-20,TLT,0.05328947368421068,1,1643,TRAIN,False,128.08,130.74,129.16,128.65,206.15169900873596,82.30563576996353,160.93206069987556
2020-03-23,TLT,0.03694355208811369,1,1643,TRAIN,False,135.54,136.13,132.23,135.57,42.02320656232989,-246.15931501139485,39.801028379864704
2020-03-24,TLT,-0.012341144494233503,-1,1645,TRAIN,False,134.37,133.59,134.15,134.64,56.55722973502772,14.375777088014633,76.49728876630724
2020-03-27,TLT,0.02082866741321404,1,1643,TRAIN,False,136.74,137.52,138.01,137.5,55.53415698359861,90.85861927190139,-0.04552272045396886
2020-04-01,TLT,0.019515079834417404,1,1643,TRAIN,False,137.9,137.18,138.65,138.02,-53.70376667916896,52.37656074856547,-62.35146663568632
2020-04-07,TLT,-0.01159252282277947,-1,1645,TRAIN,False,136.41,136.57,135.59,136.58,-13.2312549486761,58.12471871041659,-0.7678685572455871
2020-04-15,TLT,0.027201783723522825,1,1643,TRAIN,False,138.21,138.12,139.0,138.26,-8.01070316237294,55.14816436741233,-11.624181137503742
2020-04-16,TLT,0.01093252244425131,1,1643,TRAIN,False,139.62,139.68,139.46,139.61,2.796884041721989,-13.457184578060822,3.5133654459215515
2020-04-17,TLT,-0.013530927835051651,-1,1645,TRAIN,False,137.79,137.81,138.33,137.77,-2.9518519019356355,-41.19811066671842,-4.403975274497929
2020-04-21,TLT,0.010725597466167644,1,1643,TRAIN,False,140.41,140.67,139.58,140.45,17.014572312442816,-61.10057750011469,14.16173797358485
2020-04-22,TLT,-0.011729579867775484,-1,1645,TRAIN,False,139.03,139.23,139.5,139.19,-15.887692487871004,-35.81261528296195,-4.374350790923342
2020-04-27,TLT,-0.017961511047754883,-1,1645,TRAIN,False,137.79,137.69,138.42,137.66,5.758359419655035,-47.73109577450277,-3.679759229737987
2020-04-28,TLT,0.010821410414699754,1,1643,TRAIN,False,139.18,139.27,139.22,139.22,4.965626443534829,0.8736013882441614,2.091049334945222
2020-05-06,TLT,-0.017498901742568563,-1,1645,TRAIN,False,134.2,134.37,134.5,134.32,-14.169710562711826,-24.359365891880824,-5.223162280493319
2020-05-07,TLT,0.017786708342635904,1,1643,TRAIN,False,136.76,136.62,135.26,136.63,-11.73522600942564,-111.65905930611885,-2.2316439218995807
2020-05-08,TLT,-0.014492753623188538,-1,1645,TRAIN,False,134.64,134.84,134.58,134.74,-16.35680502096695,2.457019320469559,-8.922964435377722
2020-05-14,TLT,0.010065388288883814,1,1643,TRAIN,False,137.48,137.44,138.39,137.48,-4.408927742661557,64.1784090430071,-4.408927742661557
2020-05-18,TLT,-0.02224815814428486,-1,1645,TRAIN,False,134.04,134.08,133.64,133.87,-4.484781513069409,27.847607201782665,-17.18936366632972
2020-05-26,TLT,-0.012928818041577837,-1,1645,TRAIN,False,134.36,134.31,133.86,134.6,2.221753881254019,35.220699801449214,20.048401571209883
2020-06-03,TLT,-0.014046420791707388,-1,1645,TRAIN,False,131.27,131.36,130.86,131.4,-8.357276650954216,29.239383144531583,1.5444466821098808
2020-06-04,TLT,-0.013169914738124375,-1,1645,TRAIN,False,129.64,129.46,127.3,129.56,12.386536401246408,178.53574928612684,6.21943948022403
2020-06-09,TLT,0.010927691234596578,1,1643,TRAIN,False,130.43,130.49,131.11,130.5,3.099628701546015,50.125018932591686,-2.2660186088667302
2020-06-10,TLT,0.011418499501877389,1,1643,TRAIN,True,131.98,132.43,134.41,132.25,32.591111248023125,182.0821857805141,12.108694612580853
2020-06-11,TLT,0.01948199048553941,1,1643,TRAIN,False,135.0,134.93,133.72,134.87,-6.684257500174272,-96.79565376795642,2.9482111475968247
2020-06-16,TLT,-0.014060279709819724,-1,1645,TRAIN,False,131.82,131.65,131.96,131.97,11.398158477657775,-12.622867505989621,22.75142267579752
2020-06-24,TLT,0.01061667043144339,1,1643,TRAIN,False,134.22,134.23,135.2,134.13,-0.7549163128684084,71.00005243105541,5.954485443129005
2020-06-26,TLT,0.010325360273361955,1,1643,TRAIN,False,136.01,136.06,135.73,136.01,2.1757988894902422,-22.582404651969433,2.1757988894902422
2020-07-07,TLT,0.01288160833953827,1,1643,TRAIN,False,136.02,136.19,135.45,136.07,10.996437483144275,-43.89702185493895,7.31781749435803
2020-07-09,TLT,0.015998230610439517,1,1643,TRAIN,False,137.8,137.8,138.44,137.75,-1.4998500149981755,44.43503400022721,2.129369640168703
2020-07-23,TLT,0.010266791989010104,1,1643,TRAIN,False,139.74,139.93,139.32,139.82,12.09479023473221,-32.04960740508298,6.3662279173334015
2020-08-11,TLT,-0.012324448265978782,-1,1645,TRAIN,False,137.85,137.9,136.74,137.97,-5.127825078482463,78.53821290725314,3.574177813517232
2020-08-13,TLT,-0.010171972191730806,-1,1645,TRAIN,False,135.26,135.19,135.18,135.18,3.6758444438258127,3.915517974982081,-2.240015390798664
2020-08-27,TLT,-0.015735815602837055,-1,1645,TRAIN,False,133.23,133.06,133.49,133.17,11.261653073661485,-21.51922765646001,6.761207772048852
2020-09-01,TLT,0.011654837504669424,1,1643,TRAIN,False,135.4,135.38,135.09,135.35,-2.976733345868345,-24.89034700665882,0.7162933503487086
2020-09-04,TLT,-0.018241517694272163,-1,1645,TRAIN,False,134.55,134.45,135.8,134.53,5.9331462689194145,-94.92104914690529,4.4473710732398315
2020-10-05,TLT,-0.018870728083209453,-1,1645,TRAIN,False,132.07,131.97,131.77,132.11,6.072728117816414,20.71957025338364,9.098669309817843
2020-10-20,TLT,-0.010152666014890534,-1,1645,TRAIN,False,131.62,131.7,131.32,131.48,-7.579165453392275,20.797247632378543,-18.23524305579334
2020-10-29,TLT,-0.010985703536493663,-1,1645,TRAIN,False,131.44,131.61,131.52,131.44,-14.435748200507788,-8.087844694391427,-14.435748200507788
2020-11-04,TLT,0.02152761817206774,1,1643,TRAIN,False,133.34,133.36,133.82,133.37,-0.00014997750011475351,33.99120114987125,-2.2495313638755725
2020-11-06,TLT,-0.010404970431918667,-1,1645,TRAIN,False,132.19,131.98,129.13,132.04,14.388457530978375,229.53108534244095,3.0446092170545316
2020-11-09,TLT,-0.024397636005455366,-1,1645,TRAIN,False,128.75,129.2,128.29,128.89,-36.456849568452064,33.73510166550551,-25.55527490059951
2020-11-12,TLT,0.01690971144896065,1,1643,TRAIN,False,131.11,131.12,131.11,131.02,-0.7372460831872284,-1.999800019999403,6.131427767008193
2020-12-01,TLT,-0.015775966183574908,-1,1645,TRAIN,False,130.38,130.53,130.01,130.41,-13.006707941848564,26.384061937410742,-10.703278747474341
2020-12-04,TLT,-0.014018691588784925,-1,1645,TRAIN,False,128.71,128.62,129.58,128.57,5.493362637483004,-69.60753568947074,-5.38966551240398
2021-01-06,TLT,-0.020118708086024707,-1,1645,VAL,False,127.12,127.07,125.93,127.04,2.433731415935863,91.6308591211551,-3.8619652267496525
2021-01-13,TLT,0.012536932045037077,1,1643,VAL,False,126.81,126.64,126.58,126.72,-14.903722150456884,-20.13354377834091,-7.812034453119844
2021-01-14,TLT,-0.011212886923562869,-1,1645,VAL,False,125.22,125.46,126.26,125.35,-20.669292612059987,-85.07063771382792,-10.276895260328304
2021-01-25,TLT,0.010317460317460295,1,1643,VAL,False,127.3,127.49,127.02,127.28,13.423284537217944,-23.990688126789074,14.996732570615148
2021-02-12,TLT,-0.01147752990623991,-1,1645,VAL,False,122.31,122.19,120.62,122.16,8.312457441476033,136.2009310243425,-3.9563140989937433
2021-02-16,TLT,-0.015140355184548607,-1,1645,VAL,False,120.33,120.33,121.22,120.24,-1.5001500150029807,-75.97826183349724,-8.986302821900248
2021-02-19,TLT,-0.013598673300165842,-1,1645,VAL,False,118.97,119.0,118.8,118.92,-4.022172411409303,12.29197476358479,-8.228370768460481
2021-02-25,TLT,-0.02111472046503675,-1,1645,VAL,False,114.51,115.07,116.92,114.31,-50.41151220178287,-212.50426501037902,-67.99599564540517
2021-02-26,TLT,0.022334231337446837,1,1643,VAL,False,117.64,118.87,116.97,118.38,103.04074148858523,-58.94182768054368,39.8860688352529
2021-03-01,TLT,-0.017834609236981613,-1,1645,VAL,False,116.75,117.3,116.75,116.84,-48.616424811646745,-2.000200020001447,-40.876134857581135
2021-03-09,TLT,0.012563252486477034,1,1643,VAL,False,116.06,116.21,116.26,116.14,11.422561000835598,15.229219797304244,4.526454535535186
2021-03-12,TLT,-0.022664359861591613,-1,1645,VAL,False,112.98,113.15,113.5,113.09,-16.549318235063947,-48.03525139201702,-6.806454807653521
2021-03-22,TLT,0.01195787970729969,1,1643,VAL,False,113.39,113.31,113.58,113.37,-8.554087707905905,14.75317676804539,-6.7914616318209475
2021-03-29,TLT,-0.010823653643083457,-1,1645,VAL,False,112.41,112.68,112.51,112.63,-25.522968629931523,-10.897985092522976,-5.940130548616057
2021-04-01,TLT,0.015181107954545399,1,1643,VAL,False,114.35,114.51,113.71,114.53,12.49018080264752,-57.95712514450253,-3.2458554546183387
2021-04-15,TLT,0.017659852109612885,1,1643,VAL,False,116.99,116.87,115.83,116.84,-11.755598523401,-101.1337450749319,1.0673787123171643
2021-06-04,TLT,0.012493492972410182,1,1643,VAL,False,116.7,116.84,116.58,116.63,10.494923086954728,-12.28052001997716,16.503108327597154
2021-06-17,TLT,0.016397621070518204,1,1643,VAL,False,119.63,119.46,120.49,119.52,-15.708200976273973,69.87414608033474,-6.5191773995285685
2021-06-18,TLT,0.018751046375355844,1,1643,VAL,False,121.71,121.71,120.59,121.63,-1.49985001499789,-94.00341701102087,5.076488158139686
2021-06-21,TLT,-0.017829266288718986,-1,1645,VAL,False,119.55,119.67,118.73,119.61,-11.539296966084596,66.60406734943662,-6.51720552040282
2021-06-25,TLT,-0.012266355140186907,-1,1645,VAL,False,118.37,118.6,119.19,118.45,-20.933663865668148,-71.28836563642719,-14.165620867700259
2021-07-09,TLT,-0.013598326359832618,-1,1645,VAL,False,122.59,122.53,123.0,122.57,3.3949475378237177,-35.45170570568706,1.7637808489977704
2021-07-15,TLT,0.011398794984530254,1,1643,VAL,False,124.22,124.17,123.21,124.16,-5.524363036244886,-83.29089808777985,-0.6945584436398708
2021-07-19,TLT,0.02364047119573993,1,1643,VAL,False,126.86,126.66,127.55,126.76,-17.26289612880135,52.379989811203096,-9.387590745501457
2021-07-20,TLT,-0.010658455708195123,-1,1645,VAL,False,125.3,125.43,123.91,125.36,-11.876806196183777,108.95574792914316,-7.084906001769265
2021-07-21,TLT,-0.01227776449015392,-1,1645,VAL,False,123.88,123.85,123.85,123.79,0.9219116939130261,0.421982785944479,-6.34779529330228
2021-08-06,TLT,-0.014702376221886627,-1,1645,VAL,False,123.98,123.73,124.04,123.89,18.66741763706802,-6.840658255211752,11.416469760624071
2021-08-13,TLT,0.014701078079059108,1,1643,VAL,False,124.25,124.37,124.91,124.27,8.156649123820698,51.10828957345765,6.54593750410131
2021-09-09,TLT,0.01072494153697281,1,1643,VAL,False,125.34,125.51,124.83,125.34,12.061224067476644,-42.680988004599136,12.061224067476644
2021-09-14,TLT,0.011665068712048641,1,1643,VAL,False,126.62,126.68,126.76,126.49,3.238027168694846,9.05469396197403,13.518847340502761
2021-09-20,TLT,0.012554978008796541,1,1643,VAL,False,126.62,126.6,126.34,126.49,-3.07914240956314,-24.10878798394039,7.195185296080069
2021-09-23,TLT,-0.020196463654223916,-1,1645,VAL,False,124.69,124.37,123.94,124.54,24.167345758553743,58.1610009585451,12.152130581612795
2021-09-24,TLT,-0.010613491999678438,-1,1645,VAL,False,123.06,123.16,122.44,123.16,-9.62748639564127,48.39180488827477,-1.500150015002464
2021-09-28,TLT,-0.012876935615321909,-1,1645,VAL,False,121.12,120.79,121.39,121.01,25.749643986854284,-24.29660073008644,16.682892981470978
2021-10-07,TLT,-0.011963696369636987,-1,1645,VAL,False,119.75,119.93,119.41,119.76,-16.533720177863998,26.397963387154395,-15.697336266694052
2021-10-12,TLT,0.01405842242613004,1,1643,VAL,False,120.46,120.82,121.38,120.66,28.3811067672915,74.35882677712726,11.758562250852327
2021-10-19,TLT,-0.014062627749161956,-1,1645,VAL,False,120.58,120.62,120.24,120.74,-4.817947377753997,26.20248755676783,8.440052221222183
2021-10-22,TLT,0.010111983954537924,1,1643,VAL,False,120.87,120.98,120.59,120.87,7.599471706672392,-25.16055170357778,7.599471706672392
2021-10-27,TLT,0.018392314639953975,1,1643,VAL,False,124.03,124.01,124.05,123.87,-3.1121212638869613,-0.38760938870210676,9.80062646032087
2021-11-04,TLT,0.01038090567271535,1,1643,VAL,False,123.61,123.63,124.82,123.63,0.11789938229708924,95.86914457975685,-1.499850014997707
2021-11-05,TLT,0.016500849308420336,1,1643,VAL,False,125.67,125.48,125.19,125.57,-16.616544759147597,-40.187435064085356,-8.666092059265445
2021-11-09,TLT,0.011977004152028107,1,1643,VAL,False,126.73,126.87,126.77,126.66,9.545601109423371,1.155885358359387,15.07748325120214
2021-11-10,TLT,-0.017734689051785293,-1,1645,VAL,False,124.62,124.55,124.81,124.5,4.117768541418385,-17.24959849539688,-5.516816741915704
2021-11-15,TLT,-0.01243740914230328,-1,1645,VAL,False,122.28,122.27,122.45,122.13,-0.6822321093738605,-15.905499611131207,-12.965064622405526
2021-11-22,TLT,-0.013393215173630619,-1,1645,VAL,False,123.03,123.23,122.65,123.02,-17.75878636388588,28.892753536102475,-18.5731058880585
2021-11-23,TLT,-0.011766615272255155,-1,1645,VAL,False,121.78,121.45,121.82,121.68,25.60196075445864,-5.285468602696968,17.404723707083498
2021-11-24,TLT,0.015067929188966638,1,1643,VAL,False,123.29,123.4,125.08,123.3,7.42086550530672,143.15731213803764,6.609233642735115
2021-11-30,TLT,0.016972111553784825,1,1643,VAL,False,127.63,127.4,126.63,127.42,-19.51798865400511,-80.33561605055478,-3.069226902455173
2021-12-03,TLT,0.012621737436696569,1,1643,VAL,False,129.97,129.88,129.63,129.93,-8.423486342601514,-28.15445161646587,-5.347498806650498
2021-12-06,TLT,-0.012704034493378548,-1,1645,VAL,False,128.23,128.1,127.67,128.24,8.63940406362224,41.68006288268179,9.418518271042563
2021-12-08,TLT,-0.01306469384542733,-1,1645,VAL,False,125.41,124.87,125.67,125.18,41.56507668947123,-22.73634587763123,23.26790435873684
2021-12-13,TLT,0.014130608334663867,1,1643,VAL,False,127.04,127.11,126.53,126.93,4.009399123059659,-42.13660812760071,12.679067711285747
2021-12-29,TLT,-0.010566762728146072,-1,1645,VAL,False,123.6,123.56,124.05,123.57,1.7365814251304765,-38.415249291919885,-0.6907707036806516
2022-01-03,TLT,-0.020986863184876678,-1,1645,VAL,False,122.22,121.56,120.98,122.06,52.50893277840187,99.47648340353639,39.46945571175105
2022-01-14,TLT,-0.015797268389007746,-1,1645,VAL,False,119.62,119.71,118.75,119.49,-9.025104148936423,70.74466015402778,-19.914494587797435
2022-01-18,TLT,-0.011861999832929475,-1,1645,VAL,False,118.29,118.02,118.39,118.22,21.328534070755115,-10.455690932182303,15.419999113766828
2022-01-19,TLT,0.010083036773428214,1,1643,VAL,False,119.2,118.84,119.09,119.11,-31.696662548510876,-11.22614248642298,-24.164572040822815
2022-01-21,TLT,0.012043154637450966,1,1643,VAL,False,121.01,121.0,121.56,120.86,-2.3261040559862907,43.44189992206393,10.08206311587956
2022-01-27,TLT,0.01689760054072322,1,1643,VAL,False,120.37,120.53,119.7,120.31,11.79050492391983,-57.65037851951278,16.783501601631148
2022-02-04,TLT,-0.015795664594185813,-1,1645,VAL,False,117.14,117.27,117.18,117.12,-12.599646510665345,-5.415600463922602,-14.309448362870125
2022-02-10,TLT,-0.011817091967802666,-1,1645,VAL,False,115.4,114.92,115.46,115.06,40.10054384987816,-7.200546744447428,10.669240051068135
2022-02-11,TLT,0.015315001740341151,1,1643,VAL,False,116.67,116.63,115.68,116.47,-4.927809267586855,-86.83754920985098,12.235532692974445
2022-02-15,TLT,-0.011199861086994323,-1,1645,VAL,False,113.89,113.87,114.69,113.91,0.25619385188982,-72.25746720777938,2.011920970868231
2022-02-23,TLT,-0.012659310580788554,-1,1645,VAL,False,115.42,115.3,117.34,115.6,8.89822130714093,-168.3824594554423,24.455300201298968
2022-02-28,TLT,0.022345401004677055,1,1643,VAL,False,118.03,117.99,118.56,117.95,-4.888310626702718,42.89505811767431,1.8909088319656076
2022-03-01,TLT,0.01245868293923213,1,1643,VAL,False,119.48,119.36,118.12,119.47,-11.541865565703569,-115.80361883463436,-10.705801437935001
2022-03-02,TLT,-0.025134048257372654,-1,1645,VAL,False,116.36,115.28,116.14,115.91,91.32917416870504,16.910422565117344,52.86051855983513
2022-03-04,TLT,0.016144267926148523,1,1643,VAL,False,118.34,118.46,117.52,118.55,8.63890288341467,-71.27781391203469,-9.090444814649379
2022-03-10,TLT,-0.01492537313432835,-1,1645,VAL,False,113.52,113.58,113.47,113.64,-6.786355168288094,2.4051911886039066,3.7804730842661027
2022-03-14,TLT,-0.022551772551772493,-1,1645,VAL,False,111.39,111.3,112.23,111.5,6.580781967233883,-77.42600276725801,16.43976056798359
2022-03-17,TLT,-0.01238969605134148,-1,1645,VAL,False,110.79,111.36,111.98,110.96,-52.95655479439082,-109.43210035418073,-37.55458458607319
2022-03-18,TLT,0.011494252873563229,1,1643,VAL,False,112.63,112.72,110.89,112.61,6.4897177156126435,-156.45705251014388,8.266911520374405
2022-03-21,TLT,-0.025372604684173166,-1,1645,VAL,False,109.87,110.11,108.93,110.23,-23.347424393846257,83.57256950779283,9.387811683281882
2022-03-22,TLT,-0.013168649532285921,-1,1645,VAL,False,108.66,108.7,109.28,108.57,-5.181909687380004,-59.07032816294607,-13.475788031968598
2022-03-23,TLT,0.015639374425023025,1,1643,VAL,False,110.4,111.08,109.52,110.59,60.085114676937636,-81.69400451259285,42.80130807788995
2022-03-25,TLT,-0.01315670084384347,-1,1645,VAL,False,108.77,108.68,109.3,108.87,6.775431611377323,-50.73661728588935,15.954475028654036
2022-04-05,TLT,-0.018791584247437543,-1,1645,VAL,False,109.13,108.7,106.96,108.86,37.90830837871516,196.88498676679762,13.199831833265238
2022-04-07,TLT,-0.010573177518085572,-1,1645,VAL,False,106.68,107.01,106.13,106.8,-32.43842381988476,49.56616771538643,-21.166021096492358
2022-04-08,TLT,-0.01635361181198019,-1,1645,VAL,False,105.28,105.85,104.84,105.45,-55.64960941382863,39.80147254847054,-39.43850999609159
2022-04-11,TLT,-0.019744922059518086,-1,1645,VAL,False,103.77,104.18,104.95,103.93,-41.016532991838645,-115.73596407535311,-25.55841074341257
2022-04-14,TLT,-0.02110514198004594,-1,1645,VAL,False,102.04,102.15,102.26,102.02,-12.281853430345912,-23.56468496712504,-14.244661086380194
2022-04-20,TLT,0.01794033105362278,1,1643,VAL,False,102.7,102.92,102.22,102.54,19.91855342216479,-48.72852539478364,35.553300531073845
2022-04-25,TLT,0.013988769579351804,1,1643,VAL,False,102.93,102.53,103.58,102.74,-40.35538348428957,61.137284697644155,-21.936729823220922
2022-04-27,TLT,-0.011490923136346058,-1,1645,VAL,False,102.37,102.23,101.85,102.19,12.177783178335865,48.80609190156232,-5.4150145418701605
2022-05-02,TLT,-0.016922315685304244,-1,1645,VAL,False,99.34,99.3,100.88,99.39,2.527029429336357,-157.05436055987212,7.556445351747957
2022-05-05,TLT,-0.028949462793473903,-1,1645,VAL,False,97.6,97.77,96.73,97.8,-18.920795768102288,87.15697389411054,1.5677948162916548
2022-05-06,TLT,-0.015648972077324345,-1,1645,VAL,False,96.24,96.33,95.64,96.23,-10.85317384606392,60.35640970580793,-11.89347865473476
2022-05-10,TLT,0.012554023461617604,1,1643,VAL,False,98.41,98.06,97.24,98.33,-37.06000703658803,-120.86638099730337,-28.95428956036515
2022-05-11,TLT,0.015398735468080673,1,1643,VAL,False,99.56,99.95,100.02,99.67,37.66663309562939,44.194254740856884,26.58864243002771
2022-05-13,TLT,-0.015136327185244637,-1,1645,VAL,False,98.25,98.29,98.48,98.38,-5.572007582438734,-25.414551633280514,7.649423206192832
2022-05-17,TLT,-0.010694642493379623,-1,1645,VAL,False,97.12,97.0,97.22,97.14,10.857551982546543,-12.298799896462468,12.914200623273512
2022-05-18,TLT,0.02134020618556694,1,1643,VAL,False,99.07,99.07,100.54,98.96,-1.499850014998248,146.35046034106776,9.614085074920418
2022-05-20,TLT,0.013091641490433003,1,1643,VAL,False,100.6,100.43,99.75,100.51,-18.395923827098528,-86.47594485084169,-9.458063247500794
2022-05-23,TLT,-0.0157323508911681,-1,1645,VAL,False,98.87,98.78,99.91,98.91,7.604077895399945,-107.20987138665149,11.64508322230383
2022-05-24,TLT,0.019639603158534094,1,1643,VAL,False,100.73,100.73,101.36,100.77,-1.4998500149993264,60.531125483697735,-5.468690007052711
2022-05-31,TLT,-0.020216034089782897,-1,1645,VAL,False,98.87,98.78,99.35,98.93,7.604077895399945,-50.55850988153133,13.664360472233724
2022-06-06,TLT,-0.017664974619289286,-1,1645,VAL,False,96.76,96.69,97.3,96.72,5.735329630523313,-57.81954797381305,1.6020522647788913
2022-06-07,TLT,0.012514220705347068,1,1643,VAL,False,97.9,97.73,97.36,97.72,-18.861903390865695,-57.14709427933665,-0.47667153055373906
2022-06-13,TLT,-0.03706387824826585,-1,1645,VAL,False,93.01,93.55,93.83,93.25,-59.567132930904044,-90.18039746131223,-33.67655800432752
2022-06-14,TLT,-0.012506680919294513,-1,1645,VAL,False,92.38,92.37,93.46,92.43,-0.41750223950863585,-118.93200577905682,4.992222688675646
2022-06-21,TLT,-0.018707304256437216,-1,1645,VAL,False,93.38,93.54,95.67,93.35,-18.637010413402184,-247.28377742464866,-21.85671164867103
2022-06-22,TLT,0.02555056660252299,1,1643,VAL,False,95.94,96.11,96.7,95.99,16.216900302882532,77.20053510596539,10.999577196151293
2022-06-24,TLT,-0.012074303405572773,-1,1645,VAL,False,95.73,95.56,94.42,95.65,16.26079248476217,134.8703762050713,7.910566278791237
2022-06-29,TLT,0.014393780205925513,1,1643,VAL,False,96.55,96.67,97.51,96.55,10.927079223719861,97.41066286949955,10.927079223719861
2022-06-30,TLT,0.014275369814833924,1,1643,VAL,False,98.05,97.52,98.59,97.98,-55.545796771673885,53.06312815939215,-48.44116527314479
2022-07-01,TLT,0.011484823625922935,1,1643,VAL,False,98.64,98.52,99.43,98.56,-13.663475501597784,78.07339703986013,-5.557682868077132
2022-07-05,TLT,0.010353227771011067,1,1643,VAL,False,99.53,99.29,99.86,99.48,-25.609566040280384,31.149401888908326,-20.596301849508638
2022-07-06,TLT,-0.01480511632591412,-1,1645,VAL,False,97.82,97.63,97.91,97.68,17.926194582245593,-11.202612798593035,3.6193729938111483
2022-07-08,TLT,-0.012193861734008398,-1,1645,VAL,False,95.59,95.7,96.79,95.66,-13.009356171521302,-127.56145370787776,-5.682253360189786
2022-07-11,TLT,0.016091954022988422,1,1643,VAL,False,97.24,97.35,98.26,97.06,9.810670516657783,102.87432795182028,28.374094385327044
2022-07-13,TLT,0.010926171755335373,1,1643,VAL,False,99.01,99.05,97.89,99.09,2.539540006204518,-115.09706518490677,-5.535978847367179
2022-07-21,TLT,0.01651451430915991,1,1643,VAL,False,99.1,99.18,100.62,99.06,6.571593092961949,151.34995077686986,10.61220346772149
2022-07-22,TLT,0.015124016938898971,1,1643,VAL,False,100.69,100.84,99.28,100.65,13.395124883181673,-142.00556307463904,17.374616239319664
2022-07-25,TLT,-0.010313367711225766,-1,1645,VAL,False,99.8,99.86,101.11,99.68,-7.513075956895707,-133.28898020062488,-19.560643865350258
2022-08-01,TLT,0.023726098708579484,1,1643,VAL,False,102.27,102.3,102.39,102.33,1.433121574905888,9.731499715972038,-4.431101891277125
2022-08-02,TLT,-0.017106549364613883,-1,1645,VAL,False,100.56,100.13,99.85,100.14,41.26680567818054,68.6185364757639,-0.5013982524676013
2022-08-03,TLT,0.013182862279037326,1,1643,VAL,False,101.45,101.71,101.39,101.49,24.12469447978848,-7.912860759265799,20.173911271796037
2022-08-05,TLT,-0.02065506048982009,-1,1645,VAL,False,99.57,99.25,100.25,99.5,30.642865431465147,-70.30752286838663,23.6292473468444
2022-08-08,TLT,0.015919395465994943,1,1643,VAL,False,100.82,100.86,100.33,100.82,2.467021696958319,-50.591548661041934,2.467021696958319
2022-08-11,TLT,-0.021741308486123653,-1,1645,VAL,False,97.63,97.48,98.09,97.63,13.8662847130748,-49.12628925496304,13.8662847130748
2022-08-17,TLT,-0.010831055774876074,-1,1645,VAL,False,97.72,97.76,97.98,97.73,-5.594091951153014,-28.61215306958518,-4.570292289640808
2022-08-19,TLT,-0.01623940353385766,-1,1645,VAL,False,96.32,96.33,96.18,96.33,-2.538511741540166,12.537590968397796,-1.5001500150012699
2022-08-25,TLT,0.012977421396919223,1,1643,VAL,False,96.0,96.1,95.7,95.99,8.91525430790084,-33.24355064493548,9.957958261888205
2022-08-29,TLT,-0.010121875645527679,-1,1645,VAL,False,95.84,96.02,95.97,95.82,-20.284269662359716,-15.567186935721816,-22.375750411611
2022-09-01,TLT,-0.015838053282987256,-1,1645,VAL,False,93.84,93.6,93.66,93.72,24.079134256137074,17.185222358554018,11.305868102815184
2022-09-06,TLT,-0.022309571868692174,-1,1645,VAL,False,92.03,91.79,92.5,91.86,24.582214822589158,-53.08071826415421,6.12128489138755
2022-09-07,TLT,0.014598540145985283,1,1643,VAL,False,93.12,93.25,92.95,93.25,12.458537221879865,-20.252162928036068,-1.4998500149983856
2022-09-12,TLT,-0.012325656827765171,-1,1645,VAL,False,91.35,91.73,91.0,91.62,-43.10463887111498,36.32163982681685,-13.508063314519527
2022-09-20,TLT,-0.011129296235679325,-1,1645,VAL,False,90.63,90.74,91.12,90.61,-13.639232178763542,-56.076996864423116,-15.84950460612902
2022-09-21,TLT,0.014767467489530565,1,1643,VAL,True,92.08,92.26,90.34,91.92,18.045436985406546,-190.92812699616178,35.48328805065517
2022-09-22,TLT,-0.026555386949924157,-1,1645,VAL,False,89.8,89.9,89.96,89.76,-12.637678021700633,-19.821135788410334,-17.09963777126491
2022-09-26,TLT,-0.018610834164174063,-1,1645,VAL,False,88.6,88.54,87.71,88.52,5.2728749172866145,98.47135955130572,-3.75986536747005
2022-09-27,TLT,-0.02473458323921405,-1,1645,VAL,False,86.35,86.21,88.07,86.33,14.71536846794116,-201.2293875594857,12.402085801073886
2022-09-28,TLT,0.03131887252058929,1,1643,VAL,False,88.92,89.1,87.87,88.99,18.7400288311246,-120.05985636254168,10.859235460879903
2022-09-30,TLT,-0.012862461920343005,-1,1645,VAL,False,87.49,87.49,88.9,87.62,-1.5001500150021931,-163.193711073016,13.33887097908533
2022-10-03,TLT,0.011658475254314897,1,1643,VAL,False,88.51,88.88,89.15,88.53,40.29706621474232,70.29395354442704,38.02884141722344
2022-10-05,TLT,-0.010493061040279732,-1,1645,VAL,False,87.71,87.79,87.82,87.77,-10.62248511933905,-14.544037917643301,-3.7791747728972984
2022-10-10,TLT,-0.014921920185078152,-1,1645,VAL,False,85.16,85.11,85.38,85.18,4.372031848556328,-27.83909203508427,6.718974315839511
2022-10-13,TLT,-0.011525029103608952,-1,1645,VAL,False,84.92,85.08,85.76,85.04,-20.34423885158224,-100.93661273805341,-6.204524497604652
2022-10-19,TLT,-0.019724334600760417,-1,1645,VAL,False,82.51,82.63,82.12,82.57,-16.04602346066695,45.276252264663974,-8.767801813488436
2022-10-20,TLT,-0.016337891806849743,-1,1645,VAL,False,81.28,81.22,79.63,81.15,5.882847142981501,201.04237293808154,-10.127445276875688
2022-10-21,TLT,-0.014159074119675027,-1,1645,VAL,False,80.07,79.76,79.46,79.94,37.22178137633786,74.19837774960253,21.020115521683437
2022-10-25,TLT,0.027054361567635913,1,1643,VAL,False,81.23,81.4,81.98,81.4,19.425239551633332,90.31215553810976,-1.4998500149980158
2022-10-26,TLT,0.012039312039311913,1,1643,VAL,False,82.38,82.57,83.02,82.39,21.5605412024953,75.67342318936282,20.34418478288065
2022-10-31,TLT,-0.014844315713251316,-1,1645,VAL,False,81.63,82.27,83.56,81.79,-79.91445965618236,-238.48017534817245,-60.1958349643487
2022-11-04,TLT,-0.014471604037455888,-1,1645,VAL,False,81.04,80.85,81.35,81.08,21.948579359416403,-40.26056603685872,26.871150361212713
2022-11-08,TLT,0.01361648969394133,1,1643,VAL,False,81.14,80.92,80.51,81.06,-28.609414138695502,-79.62785185617453,-18.768416767995166
2022-11-10,TLT,0.03682719546742221,1,1643,VAL,False,84.18,84.31,83.73,84.28,13.940931874974606,-55.445987831724636,2.0591794641140213
2022-11-15,TLT,0.013484486873508469,1,1643,VAL,False,84.93,85.15,85.83,85.09,24.399950208676668,103.9486302164542,5.5504497734507146
2022-11-16,TLT,0.01972988843217842,1,1643,VAL,False,86.83,87.01,85.98,86.91,19.22720315783703,-99.87265698168076,10.004580027558008
2022-11-22,TLT,0.013626834381551383,1,1643,VAL,False,87.02,87.08,87.65,87.02,5.394082517741828,70.38287207822695,5.394082517741828
2022-11-23,TLT,0.015502985760220585,1,1643,VAL,False,88.43,88.6,88.05,88.47,17.721511802228054,-44.96304864594438,13.192192705674978
2022-11-29,TLT,-0.011293054771315642,-1,1645,VAL,False,87.55,87.51,87.2,87.64,3.069353194598665,37.984952121711764,13.33548462103024
2022-12-01,TLT,0.026542649727767736,1,1643,VAL,False,90.5,90.97,90.58,90.63,50.426062366138886,6.83821120650369,36.0096948486777
2022-12-05,TLT,-0.015523230568823347,-1,1645,VAL,False,90.68,90.83,91.61,90.81,-18.04431656222601,-104.5791610479969,-3.7028810248062567
2022-12-06,TLT,0.015303313883078285,1,1643,VAL,False,92.22,92.0,93.22,92.06,-25.352268503358875,106.41486274274423,-8.016361083857365
2022-12-07,TLT,0.022717391304347863,1,1643,VAL,False,94.1,94.16,93.5,94.05,4.875389187968129,-65.74900427066694,10.19430220720668
2022-12-09,TLT,-0.022257720979765742,-1,1645,VAL,False,91.8,91.46,92.78,91.75,35.54244313320167,-108.77536555398453,30.112221031367387
2022-12-19,TLT,-0.013642269380684335,-1,1645,VAL,False,91.09,90.8,89.14,91.04,30.34127103565613,212.116611814876,24.86584335059272
2022-12-20,TLT,-0.01784140969162985,-1,1645,VAL,False,89.17,89.19,89.92,89.21,-3.743393291892025,-86.12602877423424,0.742087435958608
2022-12-23,TLT,-0.015100671140939692,-1,1645,VAL,False,88.05,88.09,86.65,88.01,-6.043704881562358,157.03217113307045,-10.591389783224487
2022-12-27,TLT,-0.01873084345555688,-1,1645,VAL,False,86.43,86.35,86.79,86.36,7.757283885279308,-43.660735389747735,-0.34203281374962735
2023-01-03,TLT,0.017122888759464168,1,1643,VAL,False,87.32,87.48,89.0,87.23,16.820809902520676,190.35751028653607,27.155716160585943
2023-01-04,TLT,0.013145861911293912,1,1643,VAL,False,88.64,88.68,87.84,88.65,3.0121085364388,-92.23445886458346,1.883737176197511
2023-01-06,TLT,0.019314991577765287,1,1643,VAL,False,90.78,90.69,90.03,90.64,-11.412441042744284,-84.60059479841783,4.015650950350314
2023-01-10,TLT,-0.015904354502577635,-1,1645,VAL,False,89.73,89.67,90.51,89.75,5.187579941544641,-88.94503626223515,7.414836191139959
2023-01-11,TLT,0.013493922159027475,1,1643,VAL,False,90.88,91.12,91.24,90.95,24.904639817709445,37.6049542933024,17.18893531207691
2023-01-12,TLT,0.017449517120280828,1,1643,VAL,False,92.71,92.92,92.35,92.79,21.148030812280197,-40.8227972370492,12.508179077556116
2023-01-13,TLT,-0.010331467929401721,-1,1645,VAL,False,91.96,92.05,91.11,91.86,-11.288482045247866,90.44978008022498,-22.186901903776455
2023-01-18,TLT,0.02351011481683971,1,1643,VAL,False,93.61,93.67,93.21,93.58,4.908760272354897,-44.72173229210612,8.116147137156203
2023-01-20,TLT,-0.014933390631714661,-1,1645,VAL,False,91.7,91.57,91.03,91.68,12.678639728749774,71.07875454939257,10.499904702512474
2023-01-24,TLT,0.013824884792626784,1,1643,VAL,False,92.4,92.45,92.58,92.42,3.9105937891054254,17.47682374619513,1.7457137644820564
2023-02-01,TLT,0.012769180824586158,1,1643,VAL,True,93.59,93.52,94.16,93.42,-8.978159775646999,58.891963138336024,9.202890458116158
2023-02-03,TLT,-0.01463049978641611,-1,1645,VAL,False,92.27,92.24,91.42,92.25,1.751665358363815,90.13917540014559,-0.4159765570057612
2023-02-09,TLT,-0.010082191780821936,-1,1645,VAL,False,90.33,90.39,90.25,90.36,-8.143457985787448,6.857986806098073,-4.820701193626527
2023-02-10,TLT,-0.012722646310432633,-1,1645,VAL,False,89.25,89.38,89.65,89.22,-16.06816143799421,-46.82709167275429,-19.436039098194666
2023-02-15,TLT,-0.010342526690391535,-1,1645,VAL,False,88.98,89.08,88.24,89.0,-12.740316513108505,81.18119071965668,-10.490262509397573
2023-02-16,TLT,-0.014930399640772321,-1,1645,VAL,False,87.76,87.82,87.4,87.78,-8.338003353662392,39.028971265403534,-6.05768027246982
2023-02-21,TLT,-0.019661016949152486,-1,1645,VAL,False,86.76,86.78,87.3,86.82,-3.805705605139353,-64.25331329813318,3.1077744954849074
2023-02-24,TLT,-0.011872455902306617,-1,1645,VAL,False,87.4,87.29,87.56,87.37,11.087550402636149,-20.31049786900944,7.657684619325332
2023-03-01,TLT,-0.011827590128511386,-1,1645,VAL,False,86.9,86.98,85.85,86.85,-10.707514940217212,118.85250665457954,-16.470731701841956
2023-03-02,TLT,-0.010807082087836258,-1,1645,VAL,False,86.04,86.21,87.47,86.06,-21.261366025025957,-168.23521031787018,-18.93246494066027
2023-03-03,TLT,0.021807214940262266,1,1643,VAL,False,88.09,88.3,88.58,88.11,22.335829761330807,53.61400515641385,20.060869863531053
2023-03-10,TLT,0.03199547767100055,1,1643,VAL,False,91.28,91.5,93.77,91.38,22.59820030266826,270.7326769514098,11.630156747950606
2023-03-14,TLT,-0.013084723585214139,-1,1645,VAL,False,90.5,90.2,92.54,90.33,31.65399412869295,-227.45965204255307,12.893683921694807
2023-03-15,TLT,0.018625277161862446,1,1643,VAL,False,91.89,91.95,93.06,92.04,5.028716847545571,125.3008881286226,-11.276740644058474
2023-03-17,TLT,0.019401512660309064,1,1643,VAL,False,93.01,92.6,92.62,92.9,-45.57452006654084,-43.92238982746029,-33.78779452517721
2023-03-27,TLT,-0.022462203023758082,-1,1645,VAL,False,90.53,90.42,90.33,90.46,10.652341054274864,20.09634300445466,2.9223572368272706
2023-03-31,TLT,0.013212948689715953,1,1643,VAL,False,92.02,92.18,91.99,92.05,15.885066568327604,-5.259308887628773,12.62079115282532
2023-04-05,TLT,0.010207370796174953,1,1643,VAL,False,94.02,94.05,94.2,94.01,1.690481877148744,17.141234185452625,2.7543783224062195
2023-04-10,TLT,-0.014317531021317302,-1,1645,VAL,False,92.94,92.77,93.0,92.91,16.793964741857422,-8.457269225953732,13.570456173804132
2023-04-17,TLT,-0.012049512542447238,-1,1645,VAL,False,90.19,90.21,90.19,90.24,-3.71802342669129,-2.000200020000892,1.824816790189143
2023-04-25,TLT,0.013103297663245281,1,1643,VAL,False,92.78,92.93,92.78,92.92,14.665002566354513,-1.9998000199968773,-0.4238168520631396
2023-04-27,TLT,-0.01033282575592781,-1,1645,VAL,False,90.99,91.02,92.28,90.92,-4.79771023590979,-143.80237891906472,-12.50048014040253
2023-04-28,TLT,0.016370028565150616,1,1643,VAL,False,92.52,92.49,91.69,92.55,-4.741905835357915,-91.69219264843964,-7.981859836707186
2023-05-01,TLT,-0.02832738674451282,-1,1645,VAL,False,89.87,89.83,90.58,89.78,2.9513911667106383,-81.01900654068908,-7.0701545538838495
2023-05-02,TLT,0.023266169431147763,1,1643,VAL,False,91.92,92.06,92.32,91.91,13.728500953211771,41.50759858739925,14.818015532795691
2023-05-08,TLT,-0.014667250437828409,-1,1645,VAL,False,90.02,90.08,90.15,90.08,-8.166335407147574,-16.444323836961576,-1.5001500150021374
2023-05-11,TLT,0.010371841553569433,1,1643,VAL,False,91.57,91.58,91.5,91.45,-0.4079530891498929,-9.642696317896917,12.713436146817156
2023-05-15,TLT,-0.010019819423034537,-1,1645,VAL,False,89.92,89.88,89.19,89.88,2.9489158880307427,79.1993122799831,-1.500150015002661
2023-06-02,TLT,-0.010326449033977425,-1,1645,VAL,False,89.13,89.07,88.51,89.14,5.232600001837799,67.5750285675942,6.3538438205489935
2023-06-07,TLT,-0.014871966901487335,-1,1645,VAL,False,88.1,88.1,88.09,88.11,-1.5001500150017748,-0.8648992027472182,-0.36503480106208086
2023-06-08,TLT,0.010783200908059056,1,1643,VAL,False,89.05,89.13,88.73,89.1,7.482519575105519,-37.927481816667964,1.8666483519995392
2023-06-13,TLT,-0.01120197154699227,-1,1645,VAL,False,88.27,88.39,88.75,88.35,-15.096842186769113,-56.389687909541365,-6.028276851456807
2023-06-22,TLT,-0.011941618752764244,-1,1645,VAL,False,89.35,89.35,90.68,89.35,-1.5001500150012748,-150.88279952785493,-1.5001500150012748
2023-06-23,TLT,0.010184667039731515,1,1643,VAL,False,90.25,90.24,90.49,90.26,-2.6077170676289247,24.587679736181098,-3.7153386367569072
2023-06-29,TLT,-0.018457117595048648,-1,1645,VAL,False,88.81,88.85,89.12,88.82,-6.004822979765012,-36.91316097041523,-4.878274362001761
2023-06-30,TLT,0.011254924029262803,1,1643,VAL,False,89.85,89.9,90.05,89.95,4.064145616602514,20.255069651633093,-7.057659992755766
2023-07-05,TLT,-0.011634411007942793,-1,1645,VAL,False,88.34,88.54,87.74,88.32,-24.143347094501483,65.93278752824487,-26.413307091580773
2023-07-06,TLT,-0.0128755364806867,-1,1645,VAL,False,87.4,87.29,86.85,87.37,11.087550402636149,60.94144883596008,7.657684619325332
2023-07-12,TLT,0.011337608795236018,1,1643,VAL,False,88.31,88.29,88.71,88.3,-3.764259515617059,43.28612546966247,-2.6321829878155896
2023-07-13,TLT,0.010193679918450464,1,1643,VAL,False,89.19,89.22,89.07,89.08,1.8632512799834466,-15.451532546039486,14.214002937379034
2023-07-19,TLT,0.010545209782364794,1,1643,VAL,False,90.08,90.15,89.51,90.05,6.26985480848124,-65.26423290175242,9.60342610936064
2023-07-20,TLT,-0.012867443150305167,-1,1645,VAL,False,88.99,89.06,89.46,89.06,-9.367382406295377,-54.82568708606932,-1.5001500150024363
2023-07-27,TLT,-0.021199819576003715,-1,1645,VAL,False,86.81,86.95,87.04,86.92,-17.62974362175359,-28.500142952896162,-4.952117393056161
2023-08-01,TLT,-0.016778906517520818,-1,1645,VAL,False,86.14,86.18,85.21,86.14,-6.144450061445306,105.98517478866654,-6.144450061445306
2023-08-02,TLT,-0.010095149686702304,-1,1645,VAL,False,85.31,85.25,83.58,85.29,5.534078199753779,200.83018734413565,3.1904351180809734
2023-08-03,TLT,-0.02346041055718475,-1,1645,VAL,False,83.25,83.29,83.55,83.25,-6.3056756126088755,-38.043443984036955,-6.3056756126088755
2023-08-04,TLT,0.018729739464521406,1,1643,VAL,False,84.85,84.76,84.39,84.88,-12.1052125783277,-56.20227605995825,-15.635335618180761
2023-08-08,TLT,0.012629572262599642,1,1643,VAL,False,84.99,84.9,85.07,84.94,-12.087742867081344,7.411189696420795,-6.208350203358322
2023-08-10,TLT,-0.013827044762128038,-1,1645,VAL,False,84.16,83.94,83.68,84.11,24.644455890455625,55.04542849722098,18.714509662831876
2023-08-21,TLT,-0.01287345154238526,-1,1645,VAL,False,81.28,81.24,81.35,81.25,3.42184809032113,-10.614127357616201,-0.2691961503833051
2023-08-23,TLT,0.023088199364769125,1,1643,VAL,False,83.74,83.89,83.53,83.74,16.410049943179228,-27.072406205760696,16.410049943179228
2023-09-01,TLT,-0.014494461465943955,-1,1645,VAL,False,83.62,83.54,83.03,83.61,8.068374405005704,68.57119579453762,6.8733102230192875
2023-09-05,TLT,-0.012449126167105652,-1,1645,VAL,False,82.5,82.36,82.87,82.51,15.472092663810784,-46.857655462516455,16.682191792079337
2023-09-21,TLT,-0.02390535431150133,-1,1645,VAL,False,80.04,79.88,79.98,80.01,18.492853783130098,5.497551254376059,14.750256427968854
2023-09-25,TLT,-0.023348236462990505,-1,1645,VAL,False,78.65,78.54,78.76,78.54,12.48796208292153,-15.98901148856027,-1.5001500150013922
2023-10-02,TLT,-0.015747023428498323,-1,1645,VAL,False,76.88,76.8,76.26,76.89,8.907238278456573,78.66109191564146,10.206639079825957
2023-10-03,TLT,-0.022656249999999933,-1,1645,VAL,False,75.06,75.15,75.78,75.13,-13.49235642988782,-97.94264798182273,-4.162601805238331
2023-10-04,TLT,0.012508316699933434,1,1643,VAL,False,76.09,76.21,76.07,76.15,14.268582341396293,-4.627740669224635,6.378154042768624
2023-10-09,TLT,0.021091977039113582,1,1643,VAL,False,76.49,76.67,75.85,76.45,22.029108371684362,-85.65413559310917,27.272812287117052
2023-10-11,TLT,0.018678160919540134,1,1643,VAL,False,78.0,78.16,77.79,78.05,19.009893882406356,-28.91749286609752,12.59156595551196
2023-10-12,TLT,-0.024692937563971246,-1,1645,VAL,False,76.23,76.04,77.39,76.18,23.428159423576492,-154.20169853794937,16.880133799675512
2023-10-13,TLT,0.016307206733298194,1,1643,VAL,False,77.28,77.4,76.15,77.33,14.025771335909644,-148.19209072881492,7.550906618894475
2023-10-16,TLT,-0.016666666666666746,-1,1645,VAL,False,76.11,76.16,75.0,76.16,-8.070574499310498,143.87051633819394,-1.500150015002184
2023-10-17,TLT,-0.010635504201680702,-1,1645,VAL,False,75.35,75.32,74.55,75.39,2.481867297543798,104.19223740555871,7.786293949729256
2023-10-18,TLT,-0.01009028146574603,-1,1645,VAL,False,74.57,74.66,74.11,74.63,-13.571157303475657,59.69914411314899,-5.5205842170728605
2023-10-19,TLT,-0.018751674256629942,-1,1645,VAL,False,73.26,73.13,73.32,73.17,16.247529748879643,-10.191846375464662,3.967391409087678
2023-10-23,TLT,0.01305412020669015,1,1643,VAL,False,74.5,74.43,74.6,74.45,-10.894413914312782,11.420334476618631,-4.185813789339353
2023-10-24,TLT,0.010210936450355916,1,1643,VAL,False,75.19,75.41,74.23,75.32,27.754971543674884,-129.65081999580315,10.447375336816304
2023-10-25,TLT,-0.02373690491977181,-1,1645,VAL,False,73.61,73.73,73.75,73.67,-17.80472844187318,-21.023159237537637,-9.645799655304094
2023-10-26,TLT,0.013020480130204716,1,1643,VAL,False,74.69,74.86,74.38,74.8,21.25748062494611,-43.49638673835068,6.520337271085884
2023-11-01,TLT,0.020585048754062783,1,1643,VAL,True,75.36,75.44,76.84,75.37,9.114269040187096,194.35158394988588,7.786271923424089
2023-11-02,TLT,0.02134146341463414,1,1643,VAL,False,77.05,77.16,78.73,77.08,12.774452600165565,215.99682990818397,8.877420509118075
2023-11-06,TLT,-0.010683485648088535,-1,1645,VAL,False,76.86,76.93,77.67,77.03,-10.608984395708456,-107.40769627313968,11.483752555444212
2023-11-07,TLT,0.014428701416872473,1,1643,VAL,False,78.05,78.07,78.44,78.07,1.0622256160032382,47.95817663589055,-1.499850014997528
2023-11-08,TLT,0.01588318175995913,1,1643,VAL,False,79.3,79.4,78.85,79.35,11.10859910226019,-58.7349840047529,4.8004021274007
2023-11-09,TLT,-0.022795969773299774,-1,1645,VAL,False,77.59,77.57,78.22,77.54,1.0778884306788774,-83.21247126645811,-5.369701272423572
2023-11-14,TLT,0.022613388153668316,1,1643,VAL,False,79.59,79.59,78.91,79.62,-1.4998500149984255,-87.42058323379963,-5.267182400071093
2023-11-15,TLT,-0.010554089709762576,-1,1645,VAL,False,78.75,78.48,79.17,78.6,32.790707642190945,-55.34420108677615,13.769315862882031
2023-11-16,TLT,0.011595310907237468,1,1643,VAL,False,79.39,79.45,79.93,79.45,6.056643359471303,66.00523975817735,-1.4998500149979446
2023-11-27,TLT,0.014947870870493629,1,1643,VAL,False,80.81,80.94,80.6,80.85,14.584855089542561,-27.981485974656163,9.630205810588933
2023-11-29,TLT,0.012453760789149263,1,1643,VAL,False,82.12,82.12,81.54,82.13,-1.4998500149976952,-72.61402452058779,-2.717249278357416
2023-11-30,TLT,-0.015586945932781308,-1,1645,VAL,False,80.83,81.17,81.21,80.87,-43.5700504357025,-49.02185133767581,-38.60228980731806
2023-12-01,TLT,0.018479733891831957,1,1643,VAL,False,82.67,82.7,82.26,82.69,2.1284916385575006,-51.58465646117057,-0.2906953227761658
2023-12-05,TLT,0.020031564890129798,1,1643,VAL,False,84.02,84.14,84.56,84.03,12.780321586980422,62.2577589896339,11.588749491111143
2023-12-06,TLT,0.012716900404088342,1,1643,VAL,False,85.2,85.26,84.65,85.23,5.54134727372373,-66.54088112315557,2.0195094182955087
2023-12-13,TLT,0.019370172311348726,1,1643,VAL,True,85.77,86.12,87.13,86.03,39.300838483250466,156.5320907573457,8.960047852010105
2023-12-14,TLT,0.02287505805852298,1,1643,VAL,False,88.09,88.36,88.05,88.3,29.14602398313869,-6.539702483378742,5.294147821910664
2023-12-27,TLT,0.016116218363409394,1,1643,VAL,False,89.53,89.68,89.3,89.51,15.251797728748885,-27.684375536533427,17.489592790246224
2016-01-06,SPY,-0.013394162718605556,-1,1645,TRAIN,False,168.68,168.81,165.85,168.72,-9.208206805977587,165.80665654898618,-6.835231887343306
2016-01-07,SPY,-0.024820804454712384,-1,1645,TRAIN,False,164.62,164.76,165.73,164.93,-10.005860262856686,-69.44170300883624,8.808799390823287
2016-01-13,SPY,-0.019886881955847535,-1,1645,TRAIN,False,161.15,160.33,160.94,160.66,49.391752703038414,11.033743771523495,19.04320271439344
2016-01-14,SPY,0.020083577621156357,1,1643,TRAIN,False,163.55,162.96,158.58,163.26,-37.56903429192472,-305.8216342841418,-19.872691157931914
2016-01-15,SPY,-0.02258222876779582,-1,1645,TRAIN,False,159.27,159.46,161.29,159.47,-13.431367623484501,-128.8542240297988,-0.8729787508155379
2016-01-22,SPY,0.01734906315058987,1,1643,TRAIN,False,161.27,161.76,161.26,161.71,28.879421228831575,-2.6197541466177383,1.5916409719494735
2016-01-25,SPY,-0.012858555885262019,-1,1645,TRAIN,False,159.67,159.32,159.98,159.16,20.42334877941948,-21.41912694432139,-11.55443516203915
2016-01-26,SPY,0.01048204870700487,1,1643,TRAIN,False,160.99,161.49,160.96,161.52,29.553321455233245,-3.8628971440394104,-3.356926565887159
2016-01-27,SPY,-0.012818131153631937,-1,1645,TRAIN,True,159.42,159.73,161.29,159.64,-20.94855703108971,-119.32387568201096,-7.138680543074078
2016-01-29,SPY,0.020802192326856025,1,1643,TRAIN,False,163.9,164.48,163.47,164.05,33.88227376163971,-28.230062899750546,24.707739527782905
2016-02-02,SPY,-0.01794185622187075,-1,1645,TRAIN,False,161.46,161.46,162.52,161.57,-1.5001500150025173,-67.66426673634803,5.309065906898182
2016-02-05,SPY,-0.020039341037619986,-1,1645,TRAIN,False,159.42,159.58,157.73,159.31,-11.538037507177291,104.03028761036978,-18.450781114770255
2016-02-08,SPY,-0.01798470986339143,-1,1645,TRAIN,False,156.71,157.43,155.68,157.41,-47.45178110434475,63.73944777542024,-2.770907927462789
2016-02-11,SPY,-0.011506675143038794,-1,1645,TRAIN,False,155.48,155.26,157.04,156.22,12.6517025255389,-102.35471707705871,59.960867422037886
2016-02-12,SPY,0.01945124307613043,1,1643,TRAIN,False,158.27,158.46,160.28,158.23,10.503151365535139,124.9729705743006,13.033772145758391
2016-02-16,SPY,0.01571374479363865,1,1643,TRAIN,False,160.94,161.13,162.31,160.93,10.304021169896112,83.10806796790123,10.926049630789562
2016-02-17,SPY,0.015577484019114945,1,1643,TRAIN,False,163.64,163.77,164.04,163.76,6.443226369127035,22.43921293522086,-0.8892918719838716
2016-02-22,SPY,0.013004539320328646,1,1643,TRAIN,False,165.14,165.38,164.71,165.32,13.031093644904345,-28.03310561519692,2.128930586252851
2016-02-23,SPY,-0.012335227959849995,-1,1645,TRAIN,False,163.34,163.29,161.86,163.6,1.5614087428082881,88.62647009160231,17.451347824268357
2016-03-01,SPY,0.022965399610136515,1,1643,TRAIN,False,167.93,168.21,167.89,167.91,15.171263198815451,-4.38126853663803,16.364184557067063
2016-03-11,SPY,0.0152874513044505,1,1643,TRAIN,False,172.0,172.15,171.65,172.1,7.219772208825186,-22.344567868794663,1.4050018589073625
2016-04-07,SPY,-0.012381604473353803,-1,1645,TRAIN,False,173.07,173.16,174.35,172.96,-6.701138132534982,-75.97350709821056,-13.065251946101267
2016-05-10,SPY,0.011326583147417137,1,1643,TRAIN,False,176.8,176.99,176.53,176.88,9.245144490076825,-17.268239239423927,4.718122715093055
2016-05-16,SPY,0.01104400345125117,1,1643,TRAIN,False,175.77,175.57,175.3,175.67,-12.876649411921244,-28.73394176199272,-7.191487830210839
2016-05-17,SPY,-0.011049723756906065,-1,1645,TRAIN,False,173.63,173.93,173.58,173.82,-18.7808621327498,0.8800626650231972,-7.829485054133354
2016-05-24,SPY,0.013889686047179108,1,1643,TRAIN,False,176.65,176.49,177.17,176.59,-10.55594978288717,27.431052535843687,-7.161835489819056
2016-06-10,SPY,-0.010829122008107895,-1,1645,TRAIN,False,178.12,178.36,177.76,178.17,-14.976233756321054,18.214936247724463,-12.16572238130008
2016-06-24,SPY,-0.03646064917741204,-1,1645,TRAIN,False,173.36,173.46,172.05,173.86,-7.2693586848307845,73.58021219750101,21.51031852293719
2016-06-27,SPY,-0.02063876398016841,-1,1645,TRAIN,False,169.88,170.35,171.96,170.46,-29.17088859816093,-124.4640593091564,4.9539448841053035
2016-06-28,SPY,0.015321397123569202,1,1643,TRAIN,False,172.96,173.43,174.83,173.17,25.669987349092338,106.09606245666012,13.512046035105255
2016-06-29,SPY,0.017932306982644208,1,1643,TRAIN,False,176.54,176.38,176.85,176.26,-10.561592532260207,15.556448206998093,5.307253230197754
2016-06-30,SPY,0.011849416033563915,1,1643,TRAIN,False,178.47,178.78,178.68,178.28,15.867410849547374,9.764530354832843,26.54171423781973
2016-07-08,SPY,0.014260149871379104,1,1643,TRAIN,False,181.38,181.49,181.95,181.35,4.5638561074989275,29.419651485066975,6.218870806606513
2016-09-09,SPY,-0.018982251059038127,-1,1645,TRAIN,False,182.95,182.03,181.27,182.55,48.79435743519576,89.84653589709836,26.989469694709026
2016-09-12,SPY,0.014832719881338179,1,1643,TRAIN,False,184.73,184.64,183.36,184.97,-6.371094607098639,-76.14725995597168,-19.337905102283532
2016-09-13,SPY,-0.013485701906412375,-1,1645,TRAIN,False,182.16,181.99,182.04,181.9,7.833704977874435,4.58873291808825,-6.448665757176416
2016-09-15,SPY,0.010445299615173202,1,1643,TRAIN,False,183.8,183.73,183.12,183.93,-5.3077662853969025,-38.98913699489807,-12.371921074625462
2016-09-30,SPY,0.010368601053145847,1,1643,TRAIN,False,186.12,185.58,185.13,186.16,-30.509038071046465,-55.18065214755034,-32.6511719262101
2016-10-11,SPY,-0.01311033180469386,-1,1645,TRAIN,False,182.92,183.09,183.21,183.04,-10.795224503865253,-17.857296335363305,-4.232203159128975
2016-11-07,SPY,0.01872554499720511,1,1643,TRAIN,False,182.26,182.84,182.44,182.35,30.318047971347767,7.874226294039003,25.367520829491372
2016-11-09,SPY,0.012743015847083828,1,1643,TRAIN,False,185.98,185.61,186.4,185.73,-21.391478445443006,20.57875726568723,-7.959872725373137
2016-12-07,SPY,0.01204375723151373,1,1643,TRAIN,False,192.43,192.62,192.63,192.56,8.372389388925571,8.39151131397304,1.615594568503517
2017-03-01,SPY,0.014946584337939876,1,1643,TRAIN,False,207.11,206.86,206.7,207.2,-13.568919772597683,-21.792084709255217,-17.906655280417535
2017-04-24,SPY,0.01131388656598953,1,1643,TRAIN,False,205.6,205.52,206.17,205.64,-5.390316999427379,25.71839119590069,-7.334415362197883
2017-05-17,SPY,-0.014659232913582674,-1,1645,TRAIN,False,205.01,204.46,204.28,204.72,25.33183419312432,33.61494141707153,11.202028760905709
2017-08-10,SPY,-0.011842288580318633,-1,1645,TRAIN,False,212.77,212.27,212.5,212.53,22.002928779035194,10.692097080178637,10.7352522294038
2017-08-14,SPY,0.010349045065387094,1,1643,TRAIN,False,214.78,214.66,215.08,214.65,-7.08612442601508,11.965187688326711,-1.0340452095020196
2017-08-17,SPY,-0.013763600855575224,-1,1645,TRAIN,False,212.11,211.73,211.52,212.02,16.41777020095171,25.821119663237305,12.179856793339733
2017-08-22,SPY,0.010069017679871398,1,1643,TRAIN,False,213.68,213.68,212.77,213.77,-1.4998500149981766,-44.57832951261172,-5.709350943560374
2017-09-11,SPY,0.010573384880525456,1,1643,TRAIN,False,216.95,216.96,217.38,216.93,-1.0389834489694456,17.816471406558982,-0.11712284725097295
2017-12-15,SPY,0.010020643385515155,1,1643,TRAIN,False,234.85,234.44,235.82,234.66,-18.9551834682396,39.29489954985768,-10.873710208454803
2018-02-02,SPY,-0.019130645356580735,-1,1645,TRAIN,False,243.03,242.34,240.53,242.87,26.895665742354044,100.88833431752785,20.325497778089108
2018-02-05,SPY,-0.025914005116778084,-1,1645,TRAIN,False,236.06,232.32,228.65,235.19,156.95791387153525,311.965831845406,120.54715399683084
2018-02-06,SPY,0.013817148760330614,1,1643,TRAIN,False,235.53,236.67,236.18,236.62,46.89436800811063,25.592014738152308,0.6129257752944517
2018-02-08,SPY,-0.020683796984497668,-1,1645,TRAIN,False,230.56,226.74,229.4,229.68,164.20825809159552,48.322146579682006,126.52323226052927
2018-02-12,SPY,0.018503235894540327,1,1643,TRAIN,False,234.48,233.38,232.19,234.07,-48.40513048661051,-99.64318307166236,-30.97378987696144
2018-02-14,SPY,0.013118536877189954,1,1643,TRAIN,False,237.09,237.21,238.88,236.92,3.5607599558908802,73.48385748543943,10.738732812519766
2018-02-15,SPY,0.010201930778634911,1,1643,TRAIN,False,239.62,240.07,239.54,239.36,17.27706788623424,-5.337751843712176,28.15813422000029
2018-02-23,SPY,0.014891468955073163,1,1643,TRAIN,False,241.25,241.59,242.71,241.25,12.591300455446966,58.50623227832703,12.591300455446966
2018-02-26,SPY,0.01113456682809718,1,1643,TRAIN,False,244.28,244.45,244.63,244.21,5.458333321734964,12.325155236236519,8.326283378377038
2018-03-01,SPY,-0.011518807070453212,-1,1645,TRAIN,False,235.99,235.49,233.8,235.02,19.69036685015084,90.81890434053805,-21.50144807690012
2018-03-05,SPY,0.011280577971186007,1,1643,TRAIN,False,239.37,239.36,240.4,239.95,-1.9175506520859102,41.02121433426389,-26.084618043715782
2018-03-09,SPY,0.015474610023232735,1,1643,TRAIN,False,244.77,245.2,245.59,244.78,16.065027480174333,31.494338003385273,15.655841066763575
2018-03-19,SPY,-0.017178015443696563,-1,1645,TRAIN,False,238.01,238.99,239.28,238.24,-42.68106740088841,-55.36997546651794,-32.985732253547916
2018-03-22,SPY,-0.01976549413735343,-1,1645,TRAIN,False,234.08,232.89,233.3,233.57,49.344796919884224,31.32840625142592,27.617545331190467
2018-03-23,SPY,-0.015973206234703073,-1,1645,TRAIN,False,229.16,227.86,231.5,228.72,55.23728319768384,-104.1326859165232,36.10605026924308
2018-03-26,SPY,0.02519090669709462,1,1643,TRAIN,False,233.59,234.16,235.06,234.02,22.89821961765445,60.918391229501644,4.481647382650133
2018-03-27,SPY,-0.017423983600956542,-1,1645,TRAIN,False,230.08,230.29,230.28,229.14,-10.628779324386558,-10.694567370506336,-51.695337116849686
2018-03-29,SPY,0.016079832665155995,1,1643,TRAIN,False,233.15,232.64,231.87,233.0,-23.370899024187548,-56.88909985261414,-16.948176426992983
2018-04-02,SPY,-0.026994497936726158,-1,1645,TRAIN,False,226.37,227.43,228.62,226.45,-48.33316745996415,-101.41487709755235,-44.783303678129066
2018-04-03,SPY,0.013102932770522753,1,1643,TRAIN,False,230.41,230.26,226.75,229.82,-8.009007701287935,-160.81530599598327,17.642696612768674
2018-04-04,SPY,0.011117866759315566,1,1643,TRAIN,False,232.82,232.95,234.51,232.76,4.083025251292902,70.57394939141979,6.661840260379295
2018-04-06,SPY,-0.025026646770411443,-1,1645,TRAIN,False,228.68,229.35,230.83,229.48,-30.80312841499356,-96.03684699412653,4.165681514986632
2018-04-09,SPY,0.012208415086112978,1,1643,TRAIN,False,232.15,230.35,233.39,231.56,-79.02429657960334,51.403259415604616,-53.74628800723333
2018-04-10,SPY,0.017625352724115487,1,1643,TRAIN,False,234.41,234.11,232.68,234.26,-14.296019312363338,-75.78735322150489,-7.902031448011304
2018-04-12,SPY,0.012108720855339525,1,1643,TRAIN,False,235.7,234.83,236.16,235.43,-38.405641828688665,17.51263142671721,-26.98130985440228
2018-04-17,SPY,0.012281890564119963,1,1643,TRAIN,False,239.02,238.56,239.06,239.01,-20.74221495932627,-0.32663456104441274,-20.324690262240058
2018-04-20,SPY,-0.010654874710465367,-1,1645,TRAIN,False,234.92,235.5,236.03,235.1,-26.193109690674735,-49.25977869368866,-18.516738955904167
2018-04-24,SPY,-0.015589159799507212,-1,1645,TRAIN,False,231.76,232.3,232.19,231.21,-24.803610840893445,-20.557587343133047,-48.65051186577251
2018-04-26,SPY,0.010652005841422637,1,1643,TRAIN,False,235.3,235.13,235.8,235.44,-8.723585779968527,19.24541927447699,-14.664711748328191
2018-05-04,SPY,0.014833980163863725,1,1643,TRAIN,False,235.34,234.84,235.7,235.13,-22.742520512968756,13.294157964164278,-13.83160284745559
2018-05-29,SPY,-0.014891846921797057,-1,1645,TRAIN,False,236.82,237.67,238.89,237.57,-37.39777322044514,-89.42584149471439,-5.710067155220058
2018-05-30,SPY,0.012454243278495427,1,1643,TRAIN,False,240.62,240.73,240.35,240.67,3.0709878891591007,-13.218568426591574,0.9928163289544826
2018-06-25,SPY,-0.01817432515969502,-1,1645,TRAIN,False,238.24,239.39,239.9,239.44,-49.77804278077188,-71.69177293820654,0.5883690607613453
2018-10-10,SPY,-0.023487432851037167,-1,1645,TRAIN,False,249.05,246.86,245.81,247.89,86.44719119573037,128.12018001639697,40.05677101656508
2018-10-11,SPY,-0.013732479948148807,-1,1645,TRAIN,False,243.46,241.78,245.53,242.71,67.51537718464061,-87.04144052785296,36.822931603035315
2018-10-12,SPY,0.01145669617007201,1,1643,TRAIN,False,244.55,244.86,244.45,244.99,11.174593029349735,-6.088125597581218,-6.8053931779767565
2018-10-16,SPY,0.01835653566588641,1,1643,TRAIN,False,247.99,248.61,248.79,248.81,23.497408313929256,30.253114049052485,-9.536906523968225
2018-10-18,SPY,-0.01563693371387231,-1,1645,TRAIN,False,244.87,245.2,245.85,245.15,-14.97871026944258,-42.029440825406716,-3.54002359240685
2018-10-24,SPY,-0.022996084895940707,-1,1645,TRAIN,False,237.08,235.28,237.2,237.07,74.43497850712961,-7.062795025916148,74.0163019549925
2018-10-25,SPY,0.023631417885073114,1,1643,TRAIN,False,240.83,239.54,235.91,239.95,-55.05657132663234,-206.25243043938832,-18.584180340039904
2018-10-26,SPY,-0.018952993237037623,-1,1645,TRAIN,False,235.01,235.29,238.46,234.49,-13.416323973575945,-148.83182714254656,-35.62186147396389
2018-10-29,SPY,-0.010965191890858022,-1,1645,TRAIN,False,232.7,233.93,233.91,230.85,-54.365836239835524,-54.00888176484208,-134.94013468923455
2018-10-30,SPY,0.012610610011541866,1,1643,TRAIN,False,236.89,237.65,240.1,236.99,30.577739220464217,133.47903252648325,26.34524935202122
2018-10-31,SPY,0.01632653061224488,1,1643,TRAIN,False,241.53,240.14,240.95,240.77,-59.041005186112876,-26.008577877772403,-27.661976087561342
2018-11-07,SPY,0.020118003769564848,1,1643,TRAIN,False,248.97,249.28,248.5,248.78,10.94958183018498,-20.873801281156187,18.595214198332744
2018-11-12,SPY,-0.015824068814412097,-1,1645,TRAIN,False,242.56,241.73,242.27,242.36,32.72332097985386,9.957996129427732,24.498138046185545
2018-11-19,SPY,-0.016018777796079783,-1,1645,TRAIN,False,238.95,238.75,235.41,238.33,6.871057476116404,146.17758072103456,-19.12541776562584
2018-11-20,SPY,-0.016418848167539215,-1,1645,TRAIN,False,234.82,234.34,235.85,234.67,18.944105465821075,-45.872358294512686,12.56425979240616
2018-11-26,SPY,0.014469178082191761,1,1643,TRAIN,False,236.98,237.25,236.28,237.13,9.89180767972691,-31.532250606485764,3.5599063127471022
2018-11-28,SPY,0.018738708457627866,1,1643,TRAIN,False,242.48,243.39,242.82,242.98,36.023389577901234,12.019170897163166,15.371435940610823
2018-12-03,SPY,0.012716195772171623,1,1643,TRAIN,False,247.68,247.74,246.95,247.61,0.9222672693978176,-31.467420118454122,3.7495543689046915
2018-12-04,SPY,-0.02974893033018489,-1,1645,TRAIN,False,240.35,239.87,235.91,239.85,18.473721722077556,182.76735100179417,-2.334129598077067
2018-12-07,SPY,-0.022396790907571393,-1,1645,TRAIN,False,233.96,233.9,233.64,234.32,1.064775651782123,11.680087482164351,16.426745098544103
2018-12-14,SPY,-0.018009599456314015,-1,1645,TRAIN,False,231.19,231.16,230.12,230.63,-0.20232136973131387,44.291336006734916,-24.484129026875074
2018-12-17,SPY,-0.02366326354040491,-1,1645,TRAIN,False,225.69,226.37,228.17,225.47,-31.634494035607066,-111.90742008313985,-41.42275672548958
2018-12-19,SPY,-0.017011311417461976,-1,1645,TRAIN,True,222.48,222.71,221.66,222.5,-11.839708782098624,34.864417761445516,-10.939768134117521
2018-12-20,SPY,-0.01162947330609314,-1,1645,TRAIN,False,220.12,219.22,220.17,219.17,39.39277264088297,-4.2721426422116,-3.7818263735417044
2018-12-21,SPY,-0.017653498768360573,-1,1645,TRAIN,False,215.34,214.7,213.3,214.94,28.224750588739617,92.75265782359713,9.667431803197447
2018-12-26,SPY,0.03576722612728933,1,1643,TRAIN,False,216.61,219.43,216.45,218.32,128.66851904902248,-9.384870109084662,49.33532388791232
2019-01-03,SPY,-0.022886062343246208,-1,1645,TRAIN,False,218.18,217.86,220.93,218.2,13.168839113262642,-128.0681281071539,14.084222354406561
2019-01-04,SPY,0.031396309556595864,1,1643,TRAIN,False,224.71,225.21,225.48,224.94,20.747713845055014,32.259735176408284,10.501550538465485
2019-01-15,SPY,0.01014631597282709,1,1643,TRAIN,False,231.97,232.21,232.74,232.24,8.84476366779021,31.18750934752683,-2.7914234067460133
2019-01-18,SPY,0.011675472984489435,1,1643,TRAIN,False,237.42,237.73,236.3,237.6,11.555221362709188,-49.16415106025291,3.970709831373035
2019-01-22,SPY,-0.01716232700963271,-1,1645,TRAIN,False,233.65,234.63,235.58,233.8,-43.449519358098804,-84.6189048607407,-37.00590332771565
2019-01-30,SPY,0.01462958237645669,1,1643,TRAIN,True,238.58,238.64,238.7,238.49,1.0146524956852248,3.0289535385466446,4.7887785333585144
2019-02-07,SPY,-0.012322858903265559,-1,1645,TRAIN,False,240.46,241.08,239.81,240.77,-27.28793215344314,25.03672973968008,-14.37743973757937
2019-02-12,SPY,0.013620932350749444,1,1643,TRAIN,False,244.83,244.55,245.41,244.53,-12.934641674500165,21.68536975489974,-0.6820771323259585
2019-03-07,SPY,-0.010223048327137552,-1,1645,TRAIN,False,244.95,245.5,243.55,245.19,-23.9570803375512,55.16575335835236,-14.145302943362443
2019-03-11,SPY,0.013922345159841573,1,1643,TRAIN,False,248.34,248.49,249.01,248.45,4.539350365519078,24.973946190787586,0.10989039956992933
2019-03-21,SPY,0.011217249990090819,1,1643,TRAIN,False,255.11,255.05,253.84,255.51,-3.851423881170411,-51.77229131385036,-19.500359071368177
2019-03-22,SPY,-0.015251911389923602,-1,1645,TRAIN,False,251.17,250.36,249.94,250.56,30.75376216205651,46.98041170124111,6.483167473833661
2019-04-01,SPY,0.011574165514517,1,1643,TRAIN,False,256.08,256.09,256.36,256.13,-1.109405616764227,8.932096481074815,-3.0613227280737867
2019-05-07,SPY,-0.021604115069537116,-1,1645,TRAIN,False,256.78,258.16,257.7,257.06,-55.25071550694526,-37.83570194389987,-44.298135563189675
2019-05-13,SPY,-0.02548905674995152,-1,1645,TRAIN,False,251.56,251.84,252.73,251.41,-12.632365160512371,-48.519281885256255,-18.60625185863076
2019-05-14,SPY,0.011038754764930119,1,1643,TRAIN,False,254.62,253.98,252.37,254.34,-26.631576100893447,-90.34910663359902,-15.652008755246257
2019-05-23,SPY,-0.012461424274385709,-1,1645,TRAIN,False,252.8,252.91,254.3,252.36,-5.852068592935785,-61.34751133341219,-23.297681646434132
2019-05-31,SPY,-0.01215805471124617,-1,1645,TRAIN,False,247.0,246.8,246.76,246.87,6.598230673268533,7.7183426844714385,1.335775818436137
2019-06-04,SPY,0.019055745164960173,1,1643,TRAIN,False,250.81,251.39,253.04,250.77,21.621756328412925,86.89434473481738,23.220292318575048
2019-06-07,SPY,0.012028366571327907,1,1643,TRAIN,False,258.3,257.74,259.35,258.06,-23.176815109815582,38.64247721569393,-13.898207172228593
2019-08-05,SPY,-0.0324049480154816,-1,1645,TRAIN,False,254.99,255.82,257.49,256.29,-34.05532913776109,-100.0628711053393,16.84120185400354
2019-08-06,SPY,0.010163396137909557,1,1643,TRAIN,False,258.42,259.13,256.13,259.1,25.970682863607266,-90.59751094776958,-0.34216956536729753
2019-08-08,SPY,0.015567200986436578,1,1643,TRAIN,False,263.56,264.41,263.5,264.24,30.746033759046806,-4.275866236414864,4.932730311589163
2019-08-13,SPY,0.01581119123828631,1,1643,TRAIN,False,263.42,263.36,259.44,263.24,-3.777239769000448,-153.05909998173362,3.0580439904652943
2019-08-14,SPY,-0.028743924665856704,-1,1645,TRAIN,False,255.79,255.79,256.56,256.1,-1.5001500150022218,-32.10903990434123,10.606312485994152
2019-08-16,SPY,0.013535652987985529,1,1643,TRAIN,False,259.83,260.1,263.15,260.19,8.890001197317865,125.75050080721003,-4.958341938203864
2019-08-19,SPY,0.013071895424836513,1,1643,TRAIN,False,263.5,263.27,262.77,263.67,-10.22719359942626,-29.698244596792346,-16.668052920124083
2019-08-23,SPY,-0.024917385193907404,-1,1645,TRAIN,False,256.71,256.56,258.72,256.5,4.343895883101444,-80.31433036958127,-3.8396822138354207
2019-08-29,SPY,0.012455310806135428,1,1643,TRAIN,False,263.38,263.5,264.98,263.45,3.055621235659298,58.73677952274669,0.39775866786179903
2019-09-04,SPY,0.01042581630704587,1,1643,TRAIN,False,264.58,264.75,267.29,264.68,4.924464088477481,100.40620399370815,1.1444563568415764
2019-09-05,SPY,0.014693106704438097,1,1643,TRAIN,False,268.64,268.16,268.53,268.43,-19.364948555768947,-6.093680387768983,-11.556829639093754
2019-09-24,SPY,-0.010152284263959425,-1,1645,TRAIN,False,267.14,267.74,267.77,267.14,-23.963652635384655,-25.58805704632553,-23.963652635384655
2019-10-01,SPY,-0.010054742486872935,-1,1645,TRAIN,False,265.82,265.39,263.74,265.62,14.678636624476253,76.26389002604984,7.160135484972721
2019-10-02,SPY,-0.017295301254757058,-1,1645,TRAIN,False,260.81,260.72,260.4,260.94,1.9511555848656026,13.723200470809143,6.932171717975444
2019-10-04,SPY,0.011796491495110034,1,1643,TRAIN,False,265.88,266.27,265.52,266.12,13.166221364925395,-15.537035133555944,4.135859523922704
2019-10-09,SPY,0.011754795726921136,1,1643,TRAIN,False,264.23,263.39,263.45,263.49,-33.285567480797155,-31.51363325613637,-5.294491234773761
2019-10-11,SPY,0.01669430208019297,1,1643,TRAIN,False,269.78,268.04,267.75,269.14,-65.987173986283,-77.23124937116879,-42.36464218629514
2019-10-15,SPY,0.011163381123058577,1,1643,TRAIN,False,270.82,270.42,269.95,270.57,-16.267592648460212,-34.11803417546183,-7.0428703886464055
2020-01-27,SPY,-0.014485965675287012,-1,1645,TRAIN,False,294.58,294.14,295.55,294.53,13.438610477925273,-34.9350231377276,11.74327190638301
2020-01-28,SPY,0.012681036241245728,1,1643,TRAIN,False,297.87,297.2,298.57,297.61,-23.989510271117233,21.495685057337653,-15.27420256193632
2020-01-31,SPY,-0.019235933933127496,-1,1645,TRAIN,False,292.13,292.54,293.99,292.48,-15.5371029520716,-65.68321912806061,-3.5518800785992286
2020-02-04,SPY,0.017272387933082136,1,1643,TRAIN,False,299.79,299.19,302.1,299.45,-21.51085802057129,75.03872848980564,-10.181132496199828
2020-02-05,SPY,0.010996356830108026,1,1643,TRAIN,False,302.48,302.62,303.6,302.56,3.127860977457459,35.02003674269109,0.4829302897313752
2020-02-21,SPY,-0.011422976501305485,-1,1645,TRAIN,False,302.88,303.18,293.8,302.69,-11.406548737283776,297.8484589082256,-17.690757810130492
2020-02-24,SPY,-0.029223563559601602,-1,1645,TRAIN,False,294.32,293.15,294.53,293.84,38.25846365555198,-9.136718238280567,21.9855398281439
2020-02-25,SPY,-0.03025754733071808,-1,1645,TRAIN,False,284.29,284.21,285.66,284.42,1.3143000606289141,-50.20006731757749,5.884404627791564
2020-02-27,SPY,-0.030566144289142907,-1,1645,TRAIN,False,274.65,270.67,262.49,273.55,143.43329472215032,440.8336701137784,103.79804202317305
2020-02-28,SPY,-0.027080947278974546,-1,1645,TRAIN,False,263.33,269.35,271.14,261.94,-230.1449337581808,-298.64555589345474,-284.4317989102127
2020-03-02,SPY,0.02416929645442729,1,1643,TRAIN,False,275.87,280.86,281.4,277.01,179.35531998690556,198.4168495101765,137.46345664339847
2020-03-03,SPY,-0.018336537776828435,-1,1645,TRAIN,True,275.68,273.05,278.33,274.95,93.91462579223631,-98.14537025379619,67.61368990144895
2020-03-04,SPY,0.036843069034975286,1,1643,TRAIN,False,283.12,284.63,277.29,282.9,51.82642586264211,-207.87837152989906,59.6433287035402
2020-03-05,SPY,-0.03889259740716015,-1,1645,TRAIN,False,273.59,275.05,266.54,274.35,-54.872679051231856,255.7361990082541,-27.01883091534838
2020-03-06,SPY,-0.030103617524086634,-1,1645,TRAIN,False,266.78,270.43,250.31,268.12,-138.33752743293158,615.4859057387853,-87.66852740771739
2020-03-09,SPY,-0.06837259179824727,-1,1645,TRAIN,False,251.97,251.23,258.8,253.21,27.87283133599645,-273.1184338023427,76.70754437712223
2020-03-10,SPY,0.027544481152728527,1,1643,TRAIN,False,258.14,262.23,255.22,259.19,156.91754214986912,-115.0940922023087,115.77103410844353
2020-03-11,SPY,-0.05453228082217904,-1,1645,TRAIN,False,247.92,249.35,232.76,250.02,-59.18869960568223,609.6096863639251,25.301726236938606
2020-03-12,SPY,-0.08413876077802282,-1,1645,TRAIN,False,228.37,232.07,239.2,229.0,-163.54223327924743,-476.3254711423762,-135.58139656760528
2020-03-13,SPY,0.0139182143318827,1,1643,TRAIN,False,235.32,245.67,219.28,237.15,438.2608016607829,-683.4885098945479,357.71255259040726
2020-03-16,SPY,-0.09354011478813039,-1,1645,TRAIN,False,222.69,219.18,222.79,223.81,156.14170874180158,-6.491645617028636,205.4027841459802
2020-03-17,SPY,0.03170909754539643,1,1643,TRAIN,False,226.13,231.11,214.8,229.85,218.69442207152503,-502.93882741916354,53.310287853095396
2020-03-18,SPY,-0.08424559733460268,-1,1645,TRAIN,False,211.64,214.29,217.53,212.64,-126.73155899978767,-280.35864444505324,-79.10772736416052
2020-03-19,SPY,0.03583928321433574,1,1643,TRAIN,False,222.01,218.71,221.81,222.98,-150.1195090166208,-11.006601695578977,-192.96812358408866
2020-03-20,SPY,-0.019752183256366976,-1,1645,TRAIN,False,214.41,209.8,208.69,211.77,213.5407328335997,264.83176278077343,91.53925733981394
2020-03-23,SPY,-0.04199237368922785,-1,1645,TRAIN,False,201.0,203.65,214.39,202.26,-133.3607241321149,-668.3026014044169,-70.2338848539277
2020-03-24,SPY,0.08504787625828623,1,1643,TRAIN,False,220.98,221.32,223.95,221.71,13.88385009811102,132.3746256924679,-19.087757905910745
2020-03-25,SPY,0.05214169528284846,1,1643,TRAIN,False,232.87,225.7,228.2,230.79,-309.3507800420204,-202.5007702347394,-222.01358875334728
2020-03-26,SPY,0.049579087284005306,1,1643,TRAIN,False,236.9,238.64,231.63,235.9,71.93784631667654,-224.41204592077764,114.63364049351719
2020-03-30,SPY,0.025484287559190646,1,1643,TRAIN,False,238.21,239.21,238.3,238.85,40.47361940267984,1.7776233375361732,13.570110437146367
2020-03-31,SPY,-0.016847121775845495,-1,1645,TRAIN,False,235.19,235.37,226.79,236.19,-9.154684761388955,355.229281166137,33.222870108679025
2020-04-01,SPY,-0.04754216765093256,-1,1645,TRAIN,False,224.18,225.02,224.24,223.37,-38.9756613273963,-4.677156091021305,-75.37970074932078
2020-04-02,SPY,0.014754244067193997,1,1643,TRAIN,False,228.35,230.4,229.33,229.04,88.26115417799298,40.908192955613,57.869518671605256
2020-04-03,SPY,-0.01675347222222228,-1,1645,TRAIN,False,226.54,226.76,235.81,224.88,-11.212916118132997,-411.28130646559873,-85.1128335885896
2020-04-06,SPY,0.05984300582113257,1,1643,TRAIN,False,240.37,242.12,250.78,241.27,71.29365692211486,430.99592358025075,33.725105957511055
2020-04-08,SPY,0.034760019792182,1,1643,TRAIN,False,250.94,250.59,253.86,249.93,-15.44531527559723,114.33940689775856,24.903583342302035
2020-04-09,SPY,0.016361387126381716,1,1643,TRAIN,False,254.69,254.45,253.46,254.78,-10.921657058841262,-50.28414666091448,-14.450258404570109
2020-04-13,SPY,-0.011711534682648812,-1,1645,TRAIN,False,251.48,252.08,256.97,252.39,-25.362485349857675,-220.3514848065059,10.784271105106313
2020-04-14,SPY,0.028840050777530983,1,1643,TRAIN,False,259.35,259.55,253.85,259.55,6.210580021620271,-214.02602365558826,-1.4998500149980052
2020-04-15,SPY,-0.020497014062801085,-1,1645,TRAIN,False,254.22,254.02,255.3,254.11,6.368231819640764,-44.49158628395322,2.0421545519232986
2020-04-17,SPY,0.021088115396676054,1,1643,TRAIN,False,260.5,262.06,258.46,261.16,58.376005009863825,-80.29507989700147,32.95661397254264
2020-04-20,SPY,-0.014920247271617282,-1,1645,TRAIN,False,258.16,257.69,253.09,258.23,16.70834499006013,194.4289176361085,19.414577479897886
2020-04-21,SPY,-0.026194264426248594,-1,1645,TRAIN,False,250.93,249.83,254.57,250.95,42.34335281453693,-147.08959040007827,43.13694967822921
2020-04-22,SPY,0.025657447064003507,1,1643,TRAIN,False,256.25,255.2,256.52,256.44,-42.46931404420487,8.534678239493566,-49.84698847226472
2020-04-24,SPY,0.013598777285731077,1,1643,TRAIN,False,258.65,258.72,260.76,259.27,1.206104017474343,79.56130735273716,-22.710075195280776
2020-04-27,SPY,0.016697588126159527,1,1643,TRAIN,False,263.04,262.57,266.15,263.57,-19.365174948441997,116.20952412057997,-39.434744540115624
2020-04-29,SPY,0.03180496019595837,1,1643,TRAIN,True,269.58,268.1,266.79,269.52,-56.391830955635726,-105.47342772955973,-54.178204916222946
2020-05-01,SPY,-0.026975169300225792,-1,1645,TRAIN,False,258.63,258.66,256.75,258.39,-2.660282267645128,70.7050560447918,-11.951038364027974
2020-05-05,SPY,0.012338062924120869,1,1643,TRAIN,False,262.6,261.7,263.43,262.09,-35.7673676653661,29.60088606523992,-16.378002781200394
2020-05-07,SPY,0.011652053530226013,1,1643,TRAIN,False,263.07,263.12,266.22,262.83,0.4004997303157204,117.71624753364878,9.53224313835639
2020-05-08,SPY,0.014480085132259053,1,1643,TRAIN,False,266.93,267.52,265.53,267.48,20.600007957094306,-54.43751882257679,-0.004635397086431277
2020-05-13,SPY,-0.023619643606669967,-1,1645,TRAIN,False,255.87,257.44,255.12,256.57,-62.868638839496974,27.317422796330767,-35.41411162592052
2020-05-18,SPY,0.034411641141198455,1,1643,TRAIN,False,270.85,269.74,269.2,271.05,-42.47579672529372,-62.90694541400767,-49.82316747111513
2020-05-20,SPY,0.016576859751534227,1,1643,TRAIN,False,271.67,271.65,271.43,271.84,-2.2359268839944377,-10.83228077972755,-8.488207241663961
2020-05-26,SPY,0.018058690744920974,1,1643,TRAIN,False,275.12,273.64,276.31,273.85,-55.28648937956003,41.24540293862482,-9.167131488422623
2020-06-03,SPY,0.01423197047132308,1,1643,TRAIN,False,285.76,285.42,284.53,286.15,-13.396161783596618,-45.034305360058134,-27.007119312530442
2020-06-05,SPY,0.02760413008358507,1,1643,TRAIN,False,292.59,292.11,292.86,291.88,-17.902598133501595,7.22628444630163,6.378918775246832
2020-06-11,SPY,-0.05655139322068753,-1,1645,TRAIN,False,275.25,275.0,281.9,276.68,7.58386465349588,-243.64707133746762,59.22892419356094
2020-06-16,SPY,0.016448890945989263,1,1643,TRAIN,False,285.48,286.03,287.23,285.0,17.76305835858778,59.288207370939574,34.63508035161315
2020-06-24,SPY,-0.02309839497557573,-1,1645,TRAIN,False,279.97,279.44,278.76,280.56,17.433289566054682,41.22736094018993,38.42599828845118
2020-06-26,SPY,-0.022923752834467216,-1,1645,TRAIN,False,275.76,275.66,276.87,276.47,2.126735737103923,-42.26064468936155,27.80217979116804
2020-06-30,SPY,0.010544752645124352,1,1643,TRAIN,False,282.71,283.79,284.37,283.2,36.69611108289039,56.70587127555896,19.330358630804916
2020-07-06,SPY,0.012867454754681444,1,1643,TRAIN,False,290.46,291.2,289.7,290.73,23.973158698727595,-28.159960289862365,14.663927615423736
2020-07-23,SPY,-0.015056127377502355,-1,1645,TRAIN,False,295.66,296.66,294.82,296.38,-35.32785802425194,26.41649540047254,-10.94889838535162
2020-07-29,SPY,0.011892661109981674,1,1643,TRAIN,True,298.65,298.55,295.69,298.78,-4.8477489435030146,-101.09265316562043,-9.19666718648293
2020-08-12,SPY,0.014359544681407778,1,1643,TRAIN,False,310.09,309.85,309.2,310.34,-9.238377655347076,-30.69540509588469,-17.286616379282442
2020-09-02,SPY,0.013890175016205203,1,1643,TRAIN,False,328.46,328.65,326.9,329.18,4.283852805731536,-49.48466975137751,-17.598048810467162
2020-09-03,SPY,-0.03992088848318882,-1,1645,TRAIN,False,315.55,317.4,317.95,316.63,-60.13673780624588,-78.07309014849938,-25.822403482806955
2020-09-08,SPY,-0.02041465276011198,-1,1645,TRAIN,False,308.05,306.14,310.07,307.5,60.51207295701267,-67.5870865775088,42.734127071243535
2020-09-09,SPY,0.02691579016136411,1,1643,TRAIN,False,314.38,312.11,313.99,313.27,-73.69463130027586,-14.40268849252196,-38.523057388771825
2020-09-10,SPY,-0.01714139245778739,-1,1645,TRAIN,False,306.78,306.93,308.48,307.91,-6.390380872629223,-57.4255873986923,30.3321066412112
2020-09-14,SPY,0.013262080875883845,1,1643,TRAIN,False,310.96,310.88,313.35,311.68,-4.072142309822019,74.84358973415881,-27.163351426663297
2020-09-17,SPY,-0.0146808442288541,-1,1645,TRAIN,False,306.77,308.52,309.3,307.76,-58.55470314120816,-84.48890656252803,-26.19842176575474
2020-09-21,SPY,-0.01724250967022878,-1,1645,TRAIN,False,299.8,301.69,303.03,300.16,-64.55163528361065,-109.7602422016714,-52.480611200779556
2020-09-23,SPY,-0.020845643752872504,-1,1645,TRAIN,False,298.26,297.47,296.25,298.58,24.990781113916665,65.40414653012164,35.68139317783159
2020-09-25,SPY,0.01726565643019993,1,1643,TRAIN,False,303.42,303.17,307.32,303.06,-9.738018354251938,126.50919997974356,2.1292498876567043
2020-09-28,SPY,0.017218062473199756,1,1643,TRAIN,False,308.4,308.27,308.01,308.33,-5.71452258146526,-14.643185486898622,-3.4455251325643386
2020-10-05,SPY,0.01776435437776036,1,1643,TRAIN,False,313.39,313.31,313.49,313.09,-4.052196969268841,1.1904741431802333,5.5258296074635505
2020-10-06,SPY,-0.01056461651399573,-1,1645,TRAIN,False,310.0,308.91,311.83,309.6,33.66641502859685,-61.04426571689391,20.790015048014787
2020-10-07,SPY,0.01909941406882256,1,1643,TRAIN,False,314.81,314.26,316.2,314.58,-18.968085085332252,42.14498660676882,-11.670617539936668
2020-10-12,SPY,0.018888576164118025,1,1643,TRAIN,False,325.8,324.97,324.89,325.45,-26.971781029386236,-29.925460492625355,-16.246447255718408
2020-10-19,SPY,-0.014672827172827137,-1,1645,TRAIN,False,315.63,315.53,316.76,315.52,1.6685919138440404,-37.808774065633465,-1.8171346799988948
2020-10-26,SPY,-0.021145098039215715,-1,1645,TRAIN,False,311.99,313.02,313.35,312.0,-34.518981242014576,-45.600059861752115,-34.19736204389806
2020-10-28,SPY,-0.02608723520174338,-1,1645,TRAIN,False,303.89,301.3,301.5,302.74,83.74084306979225,76.66240973368392,46.072553347688874
2020-10-29,SPY,0.016229671423830024,1,1643,TRAIN,False,306.18,304.42,302.76,305.79,-58.97375511648625,-113.67646304152768,-46.295118681336035
2020-10-30,SPY,-0.018986925957558732,-1,1645,TRAIN,False,298.65,301.29,304.53,299.47,-89.9112010648601,-198.92556809673903,-62.28330115878107
2020-11-02,SPY,0.011118855587639701,1,1643,TRAIN,False,304.65,304.52,307.75,303.07,-5.766401859731049,99.73596436515959,46.33670661376173
2020-11-03,SPY,0.019801655063706916,1,1643,TRAIN,False,310.55,309.81,314.36,310.98,-25.324967100777872,120.6612232030713,-39.11720539310145
2020-11-04,SPY,0.02404699654627026,1,1643,TRAIN,False,317.25,316.94,322.09,317.05,-11.269858041776741,150.5307625265829,-4.968813952858292
2020-11-05,SPY,0.02126585473591219,1,1643,TRAIN,True,323.67,322.97,322.73,322.77,-23.123572031217066,-31.03591763355857,4.695583358603072
2020-11-09,SPY,0.024337379242011438,1,1643,TRAIN,False,330.82,327.05,326.01,330.44,-115.44201060215433,-147.36701168163765,-104.0749483942777
2020-11-12,SPY,-0.013982187908447134,-1,1645,TRAIN,False,324.39,325.87,327.65,324.65,-47.131088767807285,-102.51661745600514,-39.08471857504699
2020-11-13,SPY,0.012765826863473067,1,1643,TRAIN,False,330.03,330.26,332.92,330.84,5.468168148492408,85.55048503876147,-19.028353481902837
2020-11-24,SPY,0.015982289076241833,1,1643,TRAIN,False,335.02,334.91,334.9,334.61,-4.7827436228369455,-5.580959425398729,7.4644667866380265
2020-12-01,SPY,0.010716958539140798,1,1643,TRAIN,False,337.63,337.4,336.46,337.38,-8.311019148359813,-36.64618877092872,-0.9071355594884651
2020-12-15,SPY,0.010489406590794371,1,1643,TRAIN,False,340.06,340.83,341.07,340.34,21.139816854049478,27.69490150908477,12.895357934382993
2021-01-04,SPY,-0.0184346421256094,-1,1645,VAL,False,340.24,341.74,340.93,341.42,-45.59329081274129,-22.28405887849454,-10.874176281784584
2021-01-07,SPY,0.015989590863090854,1,1643,VAL,False,351.37,351.15,352.5,351.58,-7.760117063970435,30.15360017346463,-13.72851792697857
2021-01-20,SPY,0.015141578031880015,1,1643,VAL,False,356.0,355.47,356.11,356.24,-16.38525754165978,1.0894697047151576,-23.111249957418973
2021-01-27,SPY,-0.027459696705399068,-1,1645,VAL,True,345.65,347.0,348.58,345.35,-40.56285854247311,-86.78498400975579,-49.28493428465488
2021-01-28,SPY,0.01354466858789622,1,1643,VAL,False,351.7,349.66,347.91,350.7,-59.495130953209134,-109.7405471281118,-31.150377976173086
2021-01-29,SPY,-0.013441629011039425,-1,1645,VAL,False,344.96,342.82,346.14,343.8,60.54533444995585,-36.21390664112716,27.009070889636423
2021-02-01,SPY,0.01723936759815654,1,1643,VAL,False,348.73,348.27,351.63,348.98,-14.688592219550047,81.14246069729509,-21.841804013764758
2021-02-02,SPY,0.01791713325867864,1,1643,VAL,False,354.51,353.11,354.21,353.94,-40.98505553805539,-10.460492412297791,-24.946635132496528
2021-02-24,SPY,0.01111668338348381,1,1643,VAL,False,362.91,362.92,361.59,362.72,-1.2243409314800315,-38.36518059362269,4.013217998887979
2021-02-25,SPY,-0.02405488812961539,-1,1645,VAL,False,354.19,354.15,355.98,354.27,-0.37064323615225203,-52.54815551856447,1.8876051378532663
2021-03-01,SPY,0.027474713035572272,1,1643,VAL,False,361.63,360.69,361.05,360.95,-27.489370079666102,-18.035085023975338,-8.701983382489528
2021-03-04,SPY,-0.01452229299363056,-1,1645,VAL,False,348.12,348.88,352.38,348.66,-23.334977413632167,-124.39627278825697,-7.810968672155591
2021-03-05,SPY,0.017971795459756884,1,1643,VAL,False,355.14,355.25,356.27,355.67,1.597055477198024,29.81227472792623,-13.30677796223622
2021-03-09,SPY,0.018837505303351626,1,1643,VAL,False,360.2,358.56,360.93,359.38,-47.023282124868516,18.262665682349493,-24.313501645549287
2021-03-11,SPY,0.011895189241647083,1,1643,VAL,False,364.95,364.42,363.13,364.66,-16.02020918609489,-51.8596722325302,-8.080336045812144
2021-03-18,SPY,-0.011117453586669861,-1,1645,VAL,False,363.79,362.63,362.29,362.57,30.391161384479418,39.240626555852145,-3.1552511237558982
2021-04-05,SPY,0.01321656906463229,1,1643,VAL,False,377.18,377.6,377.04,377.54,9.633746843248964,-5.71081340352071,0.08914720118737017
2021-04-23,SPY,0.013730454984468527,1,1643,VAL,False,388.34,387.24,387.9,388.0,-29.821295565246363,-13.327811782863845,-21.084541030432334
2021-05-04,SPY,-0.010730828615543015,-1,1645,VAL,False,384.43,386.2,387.84,384.7,-47.54924937125955,-90.72069707295786,-40.497421200400176
2021-05-12,SPY,-0.020577307802229102,-1,1645,VAL,False,376.97,376.72,378.26,377.27,5.132672324982406,-36.22727447692216,13.080455605661156
2021-05-13,SPY,0.01579422382671477,1,1643,VAL,False,382.66,381.24,383.96,383.15,-38.602944702133996,31.966123410654685,-51.34230149998178
2021-05-14,SPY,0.016341412233763557,1,1643,VAL,False,387.47,387.1,385.99,387.17,-11.047544173242208,-40.18866701865688,-3.3075701650598814
2021-05-20,SPY,0.013439522150323532,1,1643,VAL,False,386.85,385.77,387.37,386.33,-29.413460360052756,11.439414414511138,-15.993055523221594
2021-05-24,SPY,0.012006950027229572,1,1643,VAL,False,390.23,389.5,390.58,390.0,-20.203960692007165,6.967475868561786,-14.318439950876378
2021-06-21,SPY,0.013469145058297303,1,1643,VAL,False,392.02,392.35,392.34,392.04,6.916825280893953,6.16141640771851,6.406320392346983
2021-07-09,SPY,0.010803275832026423,1,1643,VAL,False,406.08,406.02,405.94,405.86,-2.977169777113111,-5.44670710233954,2.441804801925849
2021-07-19,SPY,-0.019919427036705437,-1,1645,VAL,False,394.11,396.18,396.85,394.24,-54.03143648459469,-71.53784318575475,-50.71613593989423
2021-07-20,SPY,0.016659094351052464,1,1643,VAL,False,402.78,401.86,403.05,402.52,-24.337677459224984,4.702270723323631,-17.89409154085963
2021-09-20,SPY,-0.024102514413061354,-1,1645,VAL,False,402.87,405.94,408.26,404.42,-77.71482338493732,-135.81701705305798,-39.090477466716905
2021-09-22,SPY,0.012033041548514352,1,1643,VAL,True,410.43,409.51,411.37,410.03,-23.912003458913734,20.898429124999296,-14.179946783507296
2021-09-23,SPY,0.013357427169055767,1,1643,VAL,False,414.98,414.48,412.86,415.1,-13.546816314560237,-53.076383045584016,-16.433769776479206
2021-09-28,SPY,-0.01760954635489642,-1,1645,VAL,False,406.69,405.64,407.01,406.65,24.321913860469767,-9.870174850969711,23.340659407141633
2021-10-01,SPY,0.012732029400772284,1,1643,VAL,False,406.45,406.12,404.96,406.57,-9.617712112414612,-38.651344608435245,-12.566394687486113
2021-10-04,SPY,-0.015266423717127914,-1,1645,VAL,False,399.94,400.89,402.38,401.01,-25.2572764402511,-63.02155444328662,1.4927429752020294
2021-10-05,SPY,0.013569807179026661,1,1643,VAL,False,406.33,405.06,401.47,406.22,-32.750545731487954,-121.58309677854997,-30.051521951345677
2021-10-07,SPY,0.010817721394502575,1,1643,VAL,False,411.14,410.26,411.02,410.28,-22.900541098295257,-4.917930155712874,-1.9872488718749943
2021-10-14,SPY,0.01599508599508597,1,1643,VAL,False,413.5,413.85,415.95,413.4,6.963209362256144,57.23865340189061,9.38385842112593
2021-11-29,SPY,0.014560279557367502,1,1643,VAL,False,435.5,434.52,432.09,435.4,-23.999345186032517,-80.28494509906064,-21.708118577209888
2021-11-30,SPY,-0.01732946699806677,-1,1645,VAL,False,427.0,426.06,431.75,427.54,20.5172039452185,-113.26366828720312,33.12168705760435
2021-12-02,SPY,0.016566586760971252,1,1643,VAL,False,428.3,427.78,429.44,428.92,-13.639051691375778,24.61173448380187,-28.07424657142691
2021-12-03,SPY,-0.01267006405161522,-1,1645,VAL,False,422.36,424.06,426.6,421.45,-41.7562117988497,-102.40857403289395,-63.438494757058805
2021-12-06,SPY,0.01259255765693528,1,1643,VAL,False,429.4,429.08,434.34,429.49,-8.950991253925054,113.02144121871046,-11.04462419249826
2021-12-07,SPY,0.018854292905751916,1,1643,VAL,False,437.17,437.96,438.35,436.93,16.56821302337884,24.986590253754326,22.07018444014048
2021-12-15,SPY,0.01252999815395977,1,1643,VAL,True,438.81,440.13,441.97,438.55,28.57699462842438,69.99874293011047,34.52256530133103
2021-12-20,SPY,-0.01281249275966736,-1,1645,VAL,False,426.08,427.02,430.43,425.98,-23.565044262593947,-104.11412433019511,-25.918104275801543
2021-12-21,SPY,0.016509765350569087,1,1643,VAL,False,434.09,434.6,434.35,433.26,10.247103557977034,3.988543530868013,29.423822147168604
2021-12-27,SPY,0.012112841876471577,1,1643,VAL,False,447.03,447.93,448.36,447.29,18.630007343538978,27.746168407119555,12.806394470659459
2022-01-05,SPY,-0.015305667112896059,-1,1645,VAL,False,441.33,439.59,439.13,441.42,37.93204417307972,47.859089944524,39.963184846416674
2022-01-18,SPY,-0.016805759354365464,-1,1645,VAL,False,428.85,428.44,429.97,427.68,8.061736568899585,-28.121781514750076,-19.273111373989163
2022-01-21,SPY,-0.017648882634930557,-1,1645,VAL,False,411.88,411.06,405.48,413.0,18.411547865477832,153.41594371149262,45.48026231194441
2022-01-25,SPY,-0.010149947917928339,-1,1645,VAL,False,408.64,407.77,413.63,408.98,19.793176948861227,-124.13699768567298,28.090087115221426
2022-01-28,SPY,0.012328902505312074,1,1643,VAL,False,409.73,414.79,414.12,411.99,121.97758819778586,105.12250217391554,66.45277121357051
2022-01-31,SPY,0.011548012247161126,1,1643,VAL,False,419.58,422.26,422.98,420.61,62.36396714015549,79.01740928438247,37.72300547458803
2022-02-03,SPY,-0.019616065604323957,-1,1645,VAL,False,420.82,419.15,418.92,419.97,38.190228889339124,43.15877621695836,18.027983239784174
2022-02-04,SPY,0.012429917690564325,1,1643,VAL,False,424.37,421.12,421.88,423.13,-78.0724764670361,-60.663278819042375,-48.995856683089684
2022-02-09,SPY,0.013869527207428595,1,1643,VAL,False,429.09,429.42,423.6,428.79,6.189690756157148,-129.91939986592672,13.19045315086498
2022-02-10,SPY,-0.01779143961622664,-1,1645,VAL,False,421.8,421.71,421.79,420.78,0.6338827339355997,-1.763073414974464,-23.605276540773453
2022-02-11,SPY,-0.019017808446562763,-1,1645,VAL,False,413.71,413.39,412.88,412.98,6.235897090469723,18.06617537826408,-11.429480882128727
2022-02-15,SPY,0.014294728667119663,1,1643,VAL,False,417.93,418.68,416.65,417.56,16.44304739004253,-32.62081372079663,25.318619589328847
2022-02-17,SPY,-0.019014672551592438,-1,1645,VAL,False,411.17,410.2,410.45,411.12,22.09460433359977,15.514307711629316,20.881101536889418
2022-02-23,SPY,-0.013840315499665254,-1,1645,VAL,False,397.59,396.13,385.76,396.29,35.22660422685948,295.60200920617734,2.5379029865947706
2022-02-25,SPY,0.020961437924767897,1,1643,VAL,False,410.12,410.85,405.48,410.1,16.297148691451405,-115.11479301694357,16.785629410725157
2022-02-28,SPY,-0.010758184252160194,-1,1645,VAL,False,406.41,409.8,408.3,407.02,-84.92596509964798,-48.51426310417148,-69.81170821126366
2022-03-01,SPY,-0.017520741825280642,-1,1645,VAL,False,402.63,403.55,405.8,402.44,-24.35334063173207,-80.74828295983052,-29.086039008433982
2022-03-02,SPY,0.020542683682319325,1,1643,VAL,False,411.84,410.98,413.4,411.77,-22.378613925708265,35.87141285871472,-20.68244009802544
2022-03-04,SPY,-0.011591225882180346,-1,1645,VAL,False,404.17,405.61,405.03,404.04,-37.13406697079283,-23.282631105972477,-40.3635180862925
2022-03-07,SPY,-0.026059515297946284,-1,1645,VAL,False,395.03,393.65,393.83,395.43,33.439146258751215,28.383315763671,43.520891046695255
2022-03-09,SPY,0.030511685053881688,1,1643,VAL,False,402.61,401.14,396.55,402.3,-38.006134559540804,-152.4875703483021,-30.329728647817337
2022-03-15,SPY,0.021590821984311493,1,1643,VAL,False,399.83,399.98,403.47,399.75,2.251181729738469,89.02068550616963,4.252883029397222
2022-03-16,SPY,0.015050752537626836,1,1643,VAL,True,406.01,408.85,406.94,405.97,68.43867471581576,20.901459027764187,69.43071242054312
2022-03-22,SPY,0.010277983603030836,1,1643,VAL,False,422.67,423.27,420.75,423.51,12.693492521710628,-47.41622508911028,-7.165926461827281
2022-03-24,SPY,0.013235364511033531,1,1643,VAL,False,423.35,424.12,424.75,423.0,16.685682323464718,31.06315091887598,24.973720122077307
2022-03-29,SPY,0.012163579168123098,1,1643,VAL,False,434.38,434.51,433.39,434.53,1.4924724204225055,-24.78634681768696,-1.9600483971574678
2022-04-05,SPY,-0.012533134911407678,-1,1645,VAL,False,424.67,424.63,420.73,424.44,-0.5581008803784553,90.79627910044151,-5.977308219938066
2022-04-06,SPY,-0.011468808138850303,-1,1645,VAL,False,419.76,420.38,419.5,420.59,-16.272710747347016,4.1950545349948625,3.4935850512215665
2022-04-11,SPY,-0.014927498398082493,-1,1645,VAL,False,415.07,414.17,417.14,414.56,20.186192373060543,-51.88128131723172,7.908825907676041
2022-04-13,SPY,0.011802341080386799,1,1643,VAL,False,417.49,417.36,417.58,417.86,-4.6132300228978345,0.1555091323121791,-13.463785483798079
2022-04-19,SPY,0.016685664395023392,1,1643,VAL,False,419.21,418.99,420.76,418.87,-6.747029311761807,34.96711467661947,1.3645709700297506
2022-04-21,SPY,-0.012491640393618081,-1,1645,VAL,False,413.46,412.42,411.33,412.81,23.6572053664498,49.52657506354364,7.948712799623618
2022-04-22,SPY,-0.0202948450608603,-1,1645,VAL,False,404.03,401.1,398.87,403.83,71.0300963517115,125.73863380942399,66.11269551291784
2022-04-26,SPY,-0.02473848594516885,-1,1645,VAL,False,393.42,391.74,392.81,393.6,41.20871138509235,13.507959509285797,45.763036669519785
2022-04-28,SPY,0.027059362590367713,1,1643,VAL,False,403.48,402.77,398.79,402.6,-19.09411765277334,-118.21527770886976,2.7220700682042223
2022-04-29,SPY,-0.0325992501924175,-1,1645,VAL,False,389.64,387.88,387.95,389.82,43.67652656857761,41.38184581213442,48.273874640041804
2022-05-04,SPY,0.025790816326530647,1,1643,VAL,True,402.12,403.94,399.7,403.31,43.75348300244083,-62.16880550082849,14.118545498355347
2022-05-05,SPY,-0.04525424568005142,-1,1645,VAL,False,385.67,389.59,387.03,387.57,-103.15669729132286,-37.270561396377545,-53.62758584086607
2022-05-06,SPY,-0.011293924382042603,-1,1645,VAL,False,385.2,387.26,381.38,387.04,-54.98688498133467,97.18889853678994,-7.185169736486396
2022-05-09,SPY,-0.02845633424572634,-1,1645,VAL,False,376.27,374.86,380.81,375.18,35.97856264218797,-122.68237215195684,7.030368797314371
2022-05-11,SPY,-0.010805631703616965,-1,1645,VAL,False,371.71,369.76,366.58,370.34,50.96797108082228,136.03821978603676,14.163483637879665
2022-05-13,SPY,0.025854833906381165,1,1643,VAL,False,378.93,378.2,376.56,378.04,-20.76173244576211,-64.5318256552138,2.731871559430891
2022-05-17,SPY,0.019539650091591993,1,1643,VAL,False,384.05,384.42,379.88,383.93,8.132867223627255,-110.5576982986511,11.260978973339823
2022-05-18,SPY,-0.042895791061859444,-1,1645,VAL,False,367.93,368.92,365.87,368.56,-28.411478660437393,53.99990981622056,-11.269360059515117
2022-05-20,SPY,-0.011809305623738725,-1,1645,VAL,False,362.34,366.82,369.83,365.42,-125.15947736519024,-208.7534745636624,-39.817976652900235
2022-05-23,SPY,0.01706559075295783,1,1643,VAL,False,373.07,373.68,369.58,372.55,14.848516488582405,-95.52921996244844,28.82709984269247
2022-05-24,SPY,-0.010222650396060783,-1,1645,VAL,False,369.87,370.83,369.34,370.81,-27.459108957371964,12.332025102368167,-2.0395907070011385
2022-05-25,SPY,0.011946174797076846,1,1643,VAL,False,375.28,374.11,375.33,374.77,-32.67189535576335,-0.667727940486536,-19.108009950399204
2022-05-26,SPY,0.0197000882093502,1,1643,VAL,False,381.44,381.58,384.03,382.52,2.169901508171892,65.88720846874965,-26.07004279180924
2022-05-27,SPY,0.022511662036794465,1,1643,VAL,False,390.17,390.95,389.34,390.12,18.48843744172073,-23.268324422139774,19.772463951184672
2022-06-02,SPY,0.014081585021135361,1,1643,VAL,False,391.03,392.91,388.26,391.76,46.57109155463035,-72.82418831231382,27.85045418268088
2022-06-03,SPY,-0.01603420630678784,-1,1645,VAL,False,386.59,386.51,390.5,386.21,0.5695362469316134,-103.16117361496867,-9.269110023817314
2022-06-09,SPY,-0.01691850703861541,-1,1645,VAL,False,380.62,377.94,371.76,379.87,68.92184673251626,230.824459147088,49.31432675212612
2022-06-10,SPY,-0.02153781023442871,-1,1645,VAL,False,369.8,366.98,357.61,369.13,74.76872619657757,327.70337607043683,56.75365033320035
2022-06-13,SPY,-0.038230966265191645,-1,1645,VAL,False,352.93,353.05,354.79,352.19,-4.900767752237286,-54.71241029410077,-25.92245084413751
2022-06-15,SPY,0.021677368032274547,1,1643,VAL,True,359.64,357.0,348.82,357.57,-74.89558017838453,-302.7960467216529,-17.438393756060048
2022-06-16,SPY,-0.032436974789915925,-1,1645,VAL,False,345.42,345.19,345.6,344.39,5.15940946187745,-7.212289754248816,-24.73311299305704
2022-06-21,SPY,0.02734657300609944,1,1643,VAL,False,355.39,354.64,350.43,355.2,-22.600261147806695,-141.5368747601428,-17.26325115236352
2022-06-24,SPY,0.026463759196575877,1,1643,VAL,False,366.94,368.83,369.75,367.32,49.99948307343955,74.56416292201943,39.60255450007717
2022-06-28,SPY,-0.018262478906973044,-1,1645,VAL,False,360.71,359.91,360.46,360.25,20.68165841839712,4.931961688864083,7.939156164053308
2022-07-07,SPY,0.01575737505864166,1,1643,VAL,False,368.08,367.8,366.17,367.6,-9.10575102020311,-53.88031616312272,3.9400303712817677
2022-07-11,SPY,-0.010993197278911621,-1,1645,VAL,False,363.45,363.3,362.75,362.96,2.627584260695539,17.263523023096546,-10.868978676577028
2022-07-12,SPY,-0.010404624277456729,-1,1645,VAL,False,359.51,360.08,354.67,359.03,-17.35744212233867,132.6544158963748,-30.750004226393994
2022-07-15,SPY,0.01564424045673355,1,1643,VAL,False,362.91,364.15,367.22,363.4,32.663276341345224,116.73867745902929,19.135469502031295
2022-07-19,SPY,0.02636096804563338,1,1643,VAL,False,370.66,370.9,371.09,371.29,4.974115441203769,9.598808100627958,-12.002193354422365
2022-07-26,SPY,-0.01259290947008176,-1,1645,VAL,False,369.31,369.6,372.88,369.41,-9.3538096600273,-98.68629222999103,-6.644258264651122
2022-07-27,SPY,0.029193722943722845,1,1643,VAL,True,380.39,379.19,380.0,380.43,-33.04168912743974,-12.250385151026332,-34.08965677572082
2022-07-28,SPY,0.013106885730108988,1,1643,VAL,False,384.17,383.92,385.38,383.72,-8.006409708614049,29.490374230921166,3.7115020906953724
2022-07-29,SPY,0.01562825588664305,1,1643,VAL,False,389.92,389.55,386.86,390.23,-10.987552762984,-80.46174250034971,-18.92285722097873
2022-08-03,SPY,0.016898634113469764,1,1643,VAL,False,392.35,391.87,391.8,392.94,-13.731989869702268,-16.015092768791632,-28.72638628130779
2022-08-10,SPY,0.01925746901835761,1,1643,VAL,False,396.43,397.11,399.95,397.22,15.650668618782218,86.7749160810275,-4.268680931111426
2022-08-12,SPY,0.015285437284379625,1,1643,VAL,False,403.18,403.83,401.63,403.38,14.61956339213923,-40.436479195476245,9.654210839512979
2022-08-19,SPY,-0.01310000494339812,-1,1645,VAL,False,399.27,399.14,394.33,399.27,1.7562805194784141,121.75034719892071,1.7562805194784141
2022-08-22,SPY,-0.02112040887909006,-1,1645,VAL,False,390.71,390.83,390.41,389.94,-4.5719424390557215,5.679664994985551,-24.32759816988131
2022-08-26,SPY,-0.029571925578581196,-1,1645,VAL,False,384.94,383.23,380.29,383.85,42.929021431262285,118.8220084542867,14.654415812818662
2022-08-30,SPY,-0.01163645915418967,-1,1645,VAL,False,376.26,376.52,378.14,376.75,-8.41130198173771,-51.975643532565485,4.605609864237718
2022-09-02,SPY,-0.010618146893258174,-1,1645,VAL,False,370.87,370.87,371.71,369.09,-1.5001500150016776,-24.654176259698964,-49.734104516686756
2022-09-07,SPY,0.019514439602674044,1,1643,VAL,False,376.68,376.11,373.85,376.29,-16.629788120263438,-77.11485939650574,-6.282677161606252
2022-09-09,SPY,0.016932139366563712,1,1643,VAL,False,384.99,384.45,386.51,385.24,-15.524084621072015,37.47384943575214,-22.003471441871177
2022-09-13,SPY,-0.040866745586494405,-1,1645,VAL,False,372.71,371.69,372.98,371.4,25.87107735484382,-9.245887160153204,-9.309614321692642
2022-09-15,SPY,-0.013749664969177152,-1,1645,VAL,False,367.96,368.87,364.71,368.49,-26.234809044554105,86.34228462524514,-11.814052853630221
2022-09-16,SPY,-0.01068126982405725,-1,1645,VAL,False,364.92,366.05,362.92,366.31,-32.470486443582054,52.817295321551974,5.598728090983046
2022-09-20,SPY,-0.012795142183306596,-1,1645,VAL,False,364.15,364.66,366.58,365.68,-15.507468637845266,-68.74429032907334,26.397274380684824
2022-09-23,SPY,-0.020011821329055175,-1,1645,VAL,False,348.18,349.34,347.87,349.23,-34.82124879728916,6.905021595273289,-4.650409203791821
2022-09-28,SPY,0.022086956521739143,1,1643,VAL,False,352.63,351.78,348.25,352.99,-25.600820231619913,-126.18447198753437,-35.77330020192213
2022-09-29,SPY,-0.02385013360623113,-1,1645,VAL,False,343.38,344.44,343.5,344.27,-32.3743714577659,-5.495569651321627,-6.4388755080832505
2022-10-03,SPY,0.030933915248739372,1,1643,VAL,False,349.61,348.06,353.56,348.7,-45.82831668493637,110.96064387440148,-19.850983069172297
2022-10-04,SPY,0.026058725507096456,1,1643,VAL,False,357.14,358.85,354.5,357.73,46.37335168874467,-75.9056087447183,29.80398295395336
2022-10-07,SPY,-0.032146082637164106,-1,1645,VAL,False,342.93,344.44,345.55,344.23,-45.53906532285755,-78.41591320943563,-7.601637484145942
2022-10-13,SPY,0.026911260782228566,1,1643,VAL,False,347.65,347.46,349.91,347.6,-6.964297098264035,62.9951099525475,-5.526863884384558
2022-10-14,SPY,-0.02000230242330049,-1,1645,VAL,False,340.48,339.54,345.59,340.34,26.112074318332894,-152.11245631141892,22.009282082344715
2022-10-17,SPY,0.025829062849737825,1,1643,VAL,False,348.31,348.26,356.15,348.91,-2.9351375677506377,223.04203503453078,-20.12650186645164
2022-10-21,SPY,0.02481840193704588,1,1643,VAL,False,355.54,355.35,356.87,355.64,-6.843032296870979,35.400605745804384,-9.652940340876961
2022-10-24,SPY,0.01449275362318834,1,1643,VAL,False,360.5,359.7,359.63,359.8,-23.687922469889223,-26.128122277924064,-4.278755003877819
2022-10-25,SPY,0.016068946344175786,1,1643,VAL,False,365.48,365.45,362.31,365.58,-2.320565251126054,-88.71770697506108,-5.055309885610605
2022-10-28,SPY,0.023478212662157744,1,1643,VAL,False,369.23,369.34,366.89,369.31,1.4788760270295938,-65.36225829249422,-0.6876461632219598
2022-11-02,SPY,-0.02111923740652472,-1,1645,VAL,True,357.36,355.91,352.67,357.96,39.081267092457196,129.26625660103605,55.77740978925013
2022-11-07,SPY,0.010467101396546441,1,1643,VAL,False,361.05,360.73,361.83,360.9,-10.36155905251484,19.59953568415373,-6.209589625685655
2022-11-09,SPY,-0.018584388011139628,-1,1645,VAL,False,355.93,355.2,368.42,355.32,19.01257751431881,-352.9820854981852,1.8775940410658634
2022-11-10,SPY,0.052195945945946,1,1643,VAL,False,373.74,374.72,375.58,373.92,24.71765452555265,47.22244102447959,19.891891854888385
2022-11-11,SPY,0.010060845431255287,1,1643,VAL,False,378.49,378.35,376.59,378.62,-5.198204056049968,-52.18923799712415,-8.629940978222352
2022-11-22,SPY,0.012252088727544595,1,1643,VAL,False,379.22,379.67,379.34,379.34,10.364832932877217,1.1639572290848603,7.19816508885421
2022-11-28,SPY,-0.01772344101785444,-1,1645,VAL,False,375.2,375.88,376.01,375.78,-19.626536214388842,-23.593004289767187,-4.161680737769691
2022-11-30,SPY,0.025930071420957303,1,1643,VAL,False,384.98,387.06,388.09,385.24,52.520827194125,78.76746223242338,45.73634112032609
2022-12-05,SPY,-0.02021640091116174,-1,1645,VAL,False,378.5,379.37,379.21,378.92,-24.48906713656899,-20.762208321227217,-13.37778927264668
2022-12-06,SPY,-0.01847800300498192,-1,1645,VAL,False,372.36,373.91,373.06,373.69,-43.13277766706883,-20.80297190746029,-7.388265921244778
2022-12-12,SPY,0.012293106218865585,1,1643,VAL,False,377.97,378.77,389.47,377.83,19.662676428866156,302.1963062841262,23.37533231828915
2022-12-15,SPY,-0.022073366913684445,-1,1645,VAL,False,370.82,369.92,367.37,369.38,22.774026499245355,91.05546226916456,-16.121434548567976
2022-12-19,SPY,-0.010942415538230063,-1,1645,VAL,False,361.55,362.45,361.7,361.48,-26.39670688131034,-6.14983362531953,-28.33830190587942
2022-12-21,SPY,0.013693346190935466,1,1643,VAL,False,367.92,368.37,365.34,368.01,10.729235295648563,-72.10971662129421,8.28102565141028
2022-12-22,SPY,-0.015120666720959885,-1,1645,VAL,False,362.8,363.12,362.1,361.73,-10.321759849634434,17.298036308593076,-39.93236522668215
2022-12-28,SPY,-0.0108859993952222,-1,1645,VAL,False,359.8,359.25,362.08,359.2,13.78841330492155,-65.3814130718229,-2.8923410158387064
2022-12-29,SPY,0.018204592901878973,1,1643,VAL,False,365.79,365.71,363.04,365.98,-3.686569203602037,-77.1645135166625,-8.876195827600107
2023-01-05,SPY,-0.011474782798754135,-1,1645,VAL,False,361.82,361.84,364.92,361.95,-2.0529939788518297,-87.69529874329618,1.5393996921440678
2023-01-06,SPY,0.024513597170019913,1,1643,VAL,False,370.72,370.14,372.32,370.88,-17.142734367048398,41.150826652334906,-21.449402730132284
2023-01-18,SPY,-0.012520428066845907,-1,1645,VAL,False,374.64,373.39,371.36,373.71,31.87021937299314,85.56802722766398,7.063923860474719
2023-01-20,SPY,0.01713114090700614,1,1643,VAL,False,377.03,377.58,378.38,376.78,13.085660640630886,33.79920873254899,19.729514919416026
2023-01-30,SPY,-0.012586255911922065,-1,1645,VAL,False,382.06,382.07,382.59,382.64,-1.761928273652934,-15.875141406198344,13.398593152227495
2023-02-01,SPY,0.012613170316489944,1,1643,VAL,True,392.59,391.81,395.68,393.48,-21.364925837072693,76.69252688068369,-43.935285743562126
2023-02-02,SPY,0.011459636048084554,1,1643,VAL,False,396.3,397.51,392.56,395.89,29.027995509810093,-96.35387710282771,39.4144702329892
2023-02-07,SPY,0.01161481784690959,1,1643,VAL,False,395.43,396.0,394.03,395.77,12.912675806238697,-37.397216199782235,4.310734502516461
2023-02-08,SPY,-0.010909090909090893,-1,1645,VAL,False,391.7,391.67,395.25,391.99,-0.7341428551869006,-92.64891258081624,6.664548186493684
2023-02-16,SPY,-0.011650288724546567,-1,1645,VAL,False,390.24,389.41,387.29,390.13,19.77200333809345,73.60942633828819,16.958005235837224
2023-02-21,SPY,-0.018252967072574292,-1,1645,VAL,False,381.34,380.64,381.05,381.27,16.858926150650852,5.606083239046535,15.026052137041086
2023-02-24,SPY,-0.010990736379337387,-1,1645,VAL,False,377.94,378.06,381.38,377.34,-4.675733488574739,-93.0381443711398,-20.58394740730369
2023-03-03,SPY,0.015339201939802838,1,1643,VAL,False,385.23,385.5,386.32,385.17,5.507898707831646,26.289326522529592,7.066510421937991
2023-03-07,SPY,-0.015294087150374518,-1,1645,VAL,False,379.88,379.86,379.97,380.19,-0.973588987834913,-4.3698431125631965,7.1810226868169655
2023-03-09,SPY,-0.01860807401177471,-1,1645,VAL,False,373.42,373.46,372.91,374.2,-2.5714906127220996,11.660075546411296,18.278337721532083
2023-03-10,SPY,-0.012718898945000804,-1,1645,VAL,False,368.7,368.07,364.16,367.09,15.589475953289396,121.15976989616422,-28.200605344797882
2023-03-16,SPY,0.01677978883861242,1,1643,VAL,False,377.51,377.8,376.47,378.06,6.180913523704375,-29.54322988405169,-8.376033792694873
2023-03-17,SPY,-0.010719957649550057,-1,1645,VAL,False,373.76,373.38,374.16,373.77,8.668327235119579,-12.704395439544925,8.935639530722712
2023-03-21,SPY,0.011618961721091852,1,1643,VAL,False,381.34,381.92,381.75,382.36,13.707393093491742,8.749610170361459,-13.005603927523655
2023-03-29,SPY,0.013808580858085857,1,1643,VAL,False,383.97,384.26,386.88,384.09,6.051690583214237,73.7722149341441,2.925532123296696
2023-03-31,SPY,0.01350547204470784,1,1643,VAL,False,391.74,391.95,391.44,390.75,3.860044383063659,-9.656409148487194,29.205716664419175
2023-04-13,SPY,0.013208078429364856,1,1643,VAL,False,395.84,395.86,395.23,396.04,-0.9946711472735339,-17.406985049269977,-6.044163788852827
2023-04-25,SPY,-0.013567559358072226,-1,1645,VAL,False,389.7,388.79,389.4,389.08,21.854648898298333,5.699569187096719,5.954448122923189
2023-04-27,SPY,0.019527819393501067,1,1643,VAL,False,394.7,394.85,393.97,394.72,2.299934688568972,-20.491160916843807,1.7931298682048977
2023-05-02,SPY,-0.010758905004901911,-1,1645,VAL,False,393.53,393.34,393.84,393.47,3.328668698952976,-9.879192884602208,1.804282392811037
2023-05-05,SPY,0.0198257192946272,1,1643,VAL,False,395.57,395.06,395.38,395.31,-14.390703913150741,-6.802034865906765,-7.823052153816543
2023-05-17,SPY,0.011176740159886052,1,1643,VAL,False,397.17,397.55,397.23,397.27,8.066406391563492,-0.4894140089723582,5.547196180275042
2023-05-25,SPY,0.010112302454393055,1,1643,VAL,False,397.57,396.99,397.64,397.8,-16.086287842277812,-0.23945589443889204,-21.8587869719823
2023-05-26,SPY,0.01317413536864913,1,1643,VAL,False,402.21,402.13,404.06,402.47,-3.488562409017429,43.986874528032395,-9.946417587725438
2023-06-02,SPY,0.014732828207794752,1,1643,VAL,False,409.8,409.7,410.04,409.86,-3.9396987582847633,3.8555441673995583,-5.403036527460516
2023-06-15,SPY,0.013522553516819632,1,1643,VAL,False,424.21,423.75,425.73,423.92,-12.34190953503047,33.824344398969124,-5.5094391485558685
2023-06-27,SPY,0.012132175590930952,1,1643,VAL,False,419.63,419.15,418.07,419.5,-12.936782722367292,-39.16797272444949,-9.841864442876739
2023-06-30,SPY,0.013253841951497551,1,1643,VAL,False,426.59,425.98,425.63,426.55,-15.797149744224585,-24.499343356645536,-14.860874714309373
2023-08-02,SPY,-0.015570145442939954,-1,1645,VAL,False,431.83,432.56,430.55,432.57,-18.407486488871623,27.647022859430944,-1.2689388780756372
2023-08-15,SPY,-0.012122056569597387,-1,1645,VAL,False,425.39,425.6,425.19,425.11,-6.437536957580663,2.7023083605532996,-13.02830760599634
2023-08-23,SPY,0.011138819617622605,1,1643,VAL,False,425.75,425.74,427.33,425.99,-1.7346944107694409,35.1037591484536,-7.367652164100431
2023-08-29,SPY,0.014477766287486997,1,1643,VAL,False,431.63,431.63,431.97,431.78,-1.4998500149989062,5.87574168932106,-4.97332035289717
2023-09-15,SPY,-0.010790701973288875,-1,1645,VAL,False,428.1,427.57,427.26,427.35,10.881992193613879,17.625308431334638,-6.648927441006402
2023-09-21,SPY,-0.015389707099122931,-1,1645,VAL,False,416.5,416.01,417.04,416.81,10.266320749720613,-14.96797939097646,17.696126753817982
2023-09-26,SPY,-0.016002111223069947,-1,1645,VAL,False,410.15,410.7,411.87,410.7,-14.911889823630158,-43.944465152355114,-1.5001500150025417
2023-10-03,SPY,-0.015846437584934897,-1,1645,VAL,False,405.56,406.56,407.03,406.14,-26.161113004486268,-38.25362810469722,-11.842962993302436
2023-10-06,SPY,0.01514522314776361,1,1643,VAL,False,415.57,414.23,412.34,415.14,-33.73988226222475,-79.70882773117891,-23.41687833432726
2023-10-16,SPY,0.01203979621263095,1,1643,VAL,False,421.13,420.5,417.38,420.88,-16.45735742242688,-91.02813034537218,-10.527197612874678
2023-10-18,SPY,-0.012200342465753413,-1,1645,VAL,False,415.34,414.88,415.59,414.65,9.576775080116253,-8.02056899483032,-7.047828863437912
2023-10-25,SPY,-0.013267079529043055,-1,1645,VAL,False,403.11,402.67,401.61,402.69,9.416622245687664,35.21792977094871,-1.0034155468015022
2023-10-30,SPY,0.01355923644076357,1,1643,VAL,False,401.41,400.78,401.35,401.29,-17.192172315118327,-3.494232176643537,-14.206957285283304
2023-11-01,SPY,0.011331795978080272,1,1643,VAL,True,407.84,407.6,411.38,407.85,-7.3836280553955875,84.78158657261132,-7.6286351994924315
2023-11-02,SPY,0.018277723258096144,1,1643,VAL,False,415.05,415.41,417.7,415.22,7.172502843680583,61.835160900245825,3.0753511518455934
2023-11-03,SPY,0.010351219277340349,1,1643,VAL,False,419.71,419.2,419.95,419.81,-13.64927479995044,3.7172904662795205,-16.028053467730025
2023-11-10,SPY,0.015177589750944171,1,1643,VAL,False,424.73,424.91,423.58,424.87,2.7375008361244184,-29.070410125186843,-0.5585267725962161
2023-11-14,SPY,0.022049469964664344,1,1643,VAL,False,433.86,432.74,434.07,433.52,-27.310757146292495,2.839503077765321,-19.489400939956322
2023-12-20,SPY,-0.010831502707875593,-1,1645,VAL,False,454.8,453.4,456.37,454.83,29.287229514507615,-36.527773269850954,29.94488486510975
