symbol,date,entry_price,pnl,pnl_pct,exit_reason,win,entered,range_size_pct,range_total_volume,range_avg_bar_range_pct,range_volume_stddev_pct,bars_green_in_range,range_close_position,range_return_pct,last_bar_green,range_vwap_distance_pct,gap_pct,prev_day_range_pct,prev_day_close_position,avg_daily_volume_20d,avg_daily_range_pct_20d,price_vs_20d_high_pct,return_volatility_20d,prev_day_volume_vs_20d,spy_range_pct_5min,spy_return_5min_pct,spy_gap_pct,spy_3d_range_pct,day_of_week,days_since_month_start
TSLQ,2025-01-02,29.8088591,270.2332893000051,0.5405805685464931,eod,1,1,5.067250437828371,888112.0,1.4452510408970558,19.97292272232375,5.0,0.9880417501900888,4.036427320490367,1.0,1.9156748483066304,6.64923421740755,11.393350765782596,0.9540983606557376,11144268.45,10.754382308875885,-32.2334019306953,8.4262228196185,0.9642370917581404,0.3121871765723938,-0.2646804323113635,0.5647693147693055,1.1619235494508564,3.0,2.0
ZVIA,2025-01-02,4.6691656,-3143.2862847999986,-6.286896313979523,stop,0,1,6.14285714285714,84899.0,3.0948695226599896,105.49760634630138,2.0,0.0,-2.232142857142869,0.0,-2.6869951907904945,6.921241050119333,8.591885441527443,0.9444444444444456,806331.05,10.119367458301172,6.41330166270785,4.637711332980803,0.8558296248172509,0.3121871765723938,-0.2646804323113635,0.5647693147693055,1.1619235494508564,3.0,2.0
ATOM,2025-01-03,13.59065,2878.2645072000123,5.758093983731487,target,1,1,3.1022222222222293,92596.0,1.814878773369629,67.09697636383439,3.0,0.8266475644699113,-0.167407407407412,1.0,1.0002746450162203,4.32766615146832,13.060278207109736,0.964497041420118,768418.65,11.810653479909044,-7.216494845360829,8.07883118665945,1.0845585280888224,0.2910489677122932,0.0917399962555081,0.4943212917350825,1.375205605188249,4.0,3.0
QSI,2025-01-03,5.2642455,-6637.349618999994,-13.27475133900954,stop,0,1,14.04761904761904,12112981.0,6.249042756087225,28.806204244769106,3.0,0.8378776713338241,6.387163561076595,0.0,3.621994191331706,13.380281690140851,46.21596244131455,0.9091832588378708,43265693.55,24.58010349662682,8.813192754798605,27.299790926493984,2.4180025192269223,0.2910489677122932,0.0917399962555081,0.4943212917350825,1.375205605188249,4.0,3.0
AMDL,2025-01-06,8.785577899999998,259.4077311000143,0.518828704483999,eod,1,1,3.034443168771532,1131525.0,1.4272214801893488,86.70747864484929,3.0,0.7654180855088941,-0.1458094144661377,1.0,0.7817764250622197,5.703883495145639,6.189320388349512,0.9803921568627456,9526227.0,6.869522304662125,-21.35440180586906,4.682556739420525,1.3977184251435537,0.2196991295889545,0.0955942777600835,0.7297913675141374,1.307267393148991,0.0,6.0
APLD,2025-01-06,10.00994,-1496.801699999988,-2.993624337408592,eod,0,1,6.900212314225057,1515665.0,1.830269567375426,31.16564108368476,5.0,0.9384615384615372,5.520169851380038,1.0,3.14013948124906,3.4028540065861748,14.59934138309551,0.9849624060150366,0.0,0.0,0.0,0.0,0.0,0.2196991295889545,0.0955942777600835,0.7297913675141374,1.307267393148991,0.0,6.0
ASPN,2025-01-06,14.11221,-559.3628169000004,-1.1187354780009662,eod,0,1,3.729651162790694,106404.0,1.966332838133728,112.79851076392202,2.0,0.4251753702260322,0.1090116279069808,0.0,0.1170600568532537,5.683563748079879,6.68202764976958,0.908045977011494,1551565.1,5.382442379041503,-5.299380591878869,3.2484423101890645,1.0200480791943567,0.2196991295889545,0.0955942777600835,0.7297913675141374,1.307267393148991,0.0,6.0
CIFR,2025-01-06,5.757219999999999,754.9001200000054,1.509930139893918,eod,1,1,4.181184668989551,492744.0,2.1962536777879413,81.83774162982643,2.0,0.5416666666666657,-1.9163763066202144,0.0,0.3878801366616864,3.0520646319569105,13.016157989228,0.9862068965517244,10766670.1,9.80106294375462,-25.16297262059974,8.306283882193947,0.9209906041423152,0.2196991295889545,0.0955942777600835,0.7297913675141374,1.307267393148991,0.0,6.0
CRNC,2025-01-06,27.5,0.0,0.0,no_fill,0,0,16.40191266079892,5635029.0,4.573010281831812,13.17664401235414,4.0,0.749748458502103,12.263033175355448,0.0,2.67205664352326,22.255561303673066,49.14588722193482,0.9410520110738004,10068289.15,12.619176613374956,18.81347410759176,32.577391413291586,16.07021665642171,0.2196991295889545,0.0955942777600835,0.7297913675141374,1.307267393148991,0.0,6.0
GXAI,2025-01-06,3.1899,0.0,0.0,no_fill,0,0,4.190322580645165,163233.0,1.9831239247606376,36.45943217050993,2.0,0.3079291762894534,0.0,1.0,-0.7952219672417685,6.164383561643842,12.671232876712333,0.945945945945946,3486260.5,17.665292257109368,-17.771883289124666,9.689008372234678,0.64803361653554,0.2196991295889545,0.0955942777600835,0.7297913675141374,1.307267393148991,0.0,6.0
KITT,2025-01-06,6.04,0.0,0.0,no_fill,0,0,12.292358803986716,2588354.0,5.151430635594926,43.96486289700104,2.0,0.7393243243243246,-2.872093023255804,1.0,2.700264682926524,58.42105263157894,64.21052631578948,0.9385245901639344,7771351.05,19.315913219639373,52.40506329113922,34.06035999782772,13.485320933996412,0.2196991295889545,0.0955942777600835,0.7297913675141374,1.307267393148991,0.0,6.0
KORU,2025-01-06,4.2126,-614.398785000006,-1.228813559322046,stop,0,1,0.8373205741626829,152492.0,0.4056581080248888,75.25220950351485,2.0,0.4285714285714177,0.0,0.0,-0.1144765284282561,8.854166666666663,2.341145833333324,1.0,3567979.05,3.282966499678577,-5.2154195011337965,4.31133106775528,0.9211797361870722,0.2196991295889545,0.0955942777600835,0.7297913675141374,1.307267393148991,0.0,6.0
LPTH,2025-01-06,4.360743099999999,-1318.395891499984,-2.637006981677014,stop,0,1,2.2720930232558065,103427.0,1.2499757460746517,101.57985943088426,3.0,0.5629477993858741,0.1162790697674393,0.0,0.4696559186142661,3.864734299516912,7.971014492753614,1.0,0.0,0.0,0.0,0.0,0.0,0.2196991295889545,0.0955942777600835,0.7297913675141374,1.307267393148991,0.0,6.0
MP,2025-01-06,19.4582,2880.3627999999862,5.762095157825466,target,1,1,3.116883116883106,437597.0,1.3317913836739432,52.87934870866656,3.0,0.7166666666666688,-0.1038961038961016,1.0,0.6998948768382297,5.769230769230773,10.219780219780215,0.9086021505376336,2799950.6,4.7449279391604655,-8.897302413629905,4.166135582192399,1.7472133258351057,0.2196991295889545,0.0955942777600835,0.7297913675141374,1.307267393148991,0.0,6.0
MSTU,2025-01-06,10.882549999999998,5216.119480000008,10.433400260049362,target,1,1,5.437788018433179,2805830.0,2.441899099682636,39.87047336550282,2.0,0.2372881355932213,-4.1474654377880125,1.0,-0.6118865968746736,6.372549019607847,21.76470588235295,0.905405405405405,31481361.4,17.42273208021669,-94.52821624892836,24.10101168200612,1.549066902805544,0.2196991295889545,0.0955942777600835,0.7297913675141374,1.307267393148991,0.0,6.0
NNE,2025-01-06,29.217289699999995,3937.4562022000086,7.8763643843392,target,1,1,4.315620542082741,404018.0,1.4731910099299572,73.26444856917624,4.0,0.8595983802991503,3.2810271041369536,0.0,1.6901040622893757,3.813402443539421,13.920770085153638,0.9015957446808516,3678484.45,10.808605413966133,-6.346025384101544,5.913408925805063,1.170714477262504,0.2196991295889545,0.0955942777600835,0.7297913675141374,1.307267393148991,0.0,6.0
NVDX,2025-01-06,17.329833999999998,699.8317600000094,1.3997595129878524,eod,1,1,1.976023391812852,813810.0,0.999194704073834,63.7688496470574,2.0,0.7691624741047649,0.5847953216374144,0.0,0.5454663475984657,5.42540073982739,6.750924784217009,0.9360730593607304,10795717.65,7.059822854546451,-12.195121951219512,5.324967607520823,1.124157873839911,0.2196991295889545,0.0955942777600835,0.7297913675141374,1.307267393148991,0.0,6.0
OSCR,2025-01-06,15.235,0.0,0.0,no_fill,0,0,2.527075812274367,155090.0,1.513661083608463,106.79242375804306,2.0,0.5857142857142867,-1.0469314079422354,1.0,0.413870818063476,6.1672473867595805,5.644599303135892,0.9259259259259254,0.0,0.0,0.0,0.0,0.0,0.2196991295889545,0.0955942777600835,0.7297913675141374,1.307267393148991,0.0,6.0
OUST,2025-01-06,15.87,0.0,0.0,no_fill,0,0,5.062458908612752,250964.0,2.1282174862459096,98.51837080023358,4.0,0.5064935064935076,1.840894148586452,0.0,-0.0704271721363591,3.893442622950821,17.842896174863384,0.94640532884159,1980533.8,11.674770136818069,2.9093369418132715,8.007082086167044,1.433591792273376,0.2196991295889545,0.0955942777600835,0.7297913675141374,1.307267393148991,0.0,6.0
RR,2025-01-06,5.2,0.0,0.0,no_fill,0,0,8.488612836438927,4453837.0,4.5981368651118775,40.40088659347166,3.0,0.1951219512195123,0.828157349896481,0.0,-2.0441465033192023,18.09290953545233,42.54278728606358,0.9597701149425286,0.0,0.0,0.0,0.0,0.0,0.2196991295889545,0.0955942777600835,0.7297913675141374,1.307267393148991,0.0,6.0
SMR,2025-01-06,22.63,0.0,0.0,no_fill,0,0,3.955056179775276,1026723.0,1.488707960978875,128.0299562507654,1.0,0.1249999999999995,-1.7528089887640474,0.0,-1.3480559969727606,6.714628297362103,14.67625899280575,0.9542483660130728,8665012.15,10.957069970812851,-16.822429906542055,6.668488789266407,1.2072929407259976,0.2196991295889545,0.0955942777600835,0.7297913675141374,1.307267393148991,0.0,6.0
TSLL,2025-01-06,30.33,0.0,0.0,no_fill,0,0,2.8456645463675856,3541590.0,1.5424683919365685,8.262730419139643,1.0,0.2823529411764695,-0.5021760964178177,0.0,-0.2975643834762526,6.034788782392613,14.589989350372734,0.965936739659368,71896650.85,11.611887617989042,-28.02409638554217,9.517834789207576,0.9717446247358824,0.2196991295889545,0.0955942777600835,0.7297913675141374,1.307267393148991,0.0,6.0
VUZI,2025-01-06,4.95482,7663.710860000016,15.327701107204732,target,1,1,8.351177730192731,281594.0,2.475923199857088,67.18858452555538,3.0,0.9230769230769226,5.139186295503217,1.0,2.9211784479922573,6.378132118451031,10.13667425968108,0.9887640449438204,2978890.35,15.345339149594524,-14.936247723132972,9.402885905054182,0.8513697055012448,0.2196991295889545,0.0955942777600835,0.7297913675141374,1.307267393148991,0.0,6.0
WOLF,2025-01-06,7.868534999999999,-2516.2793099999903,-5.032893670804013,stop,0,1,4.802694772299627,883738.0,1.7108438016328145,49.65754541275292,3.0,0.8904109589041093,2.6987197199963138,1.0,2.127561140552269,5.995815899581589,7.810320781032072,0.9285714285714284,10499360.9,9.758964783403858,-32.14375,5.474285682486241,1.2341117829371882,0.2196991295889545,0.0955942777600835,0.7297913675141374,1.307267393148991,0.0,6.0
WULF,2025-01-06,6.58,0.0,0.0,no_fill,0,0,3.852080123266564,1341565.0,2.05750013204189,71.04798125102351,3.0,0.2692000000000014,-1.4283513097072384,0.0,-0.8552864250455291,4.340836012861744,12.781350482315112,0.9119496855345908,27157440.8,11.09323308570446,-27.728285077951004,8.620326700259909,1.2237996298973797,0.2196991295889545,0.0955942777600835,0.7297913675141374,1.307267393148991,0.0,6.0
UNG,2025-01-10,18.339855,-485.32340999999377,-0.9707546760865762,stop,0,1,0.5750273822563002,383124.0,0.317438808936958,80.75830482051042,1.0,0.0,-0.4381161007667132,0.0,-0.2991781883272371,6.721215663354776,3.828170660432503,0.9618320610686992,11712182.85,4.342632951597804,-6.262833675564676,5.903975537484292,1.149926548491343,0.3174711545026308,-0.1194783914794916,-0.6123937641011745,1.2672413975357937,4.0,10.0
DFH,2025-01-15,25.54,0.0,0.0,no_fill,0,0,1.9739439399921048,30446.0,0.8838454502414944,106.93581610732384,3.0,0.1200000000000045,-0.9080142123963556,0.0,-0.7697898757751659,7.5127334465195235,5.220713073005095,0.9918699186991856,506281.5,4.102411629715714,4.930012137581338,2.768782044151469,1.099088155502423,0.2303718133310771,0.0558990429406161,1.397310156478124,1.1726113369427296,2.0,15.0
JELD,2025-01-15,9.5,0.0,0.0,no_fill,0,0,1.5959703075291536,56441.0,0.713195937804869,112.72070169050215,3.0,0.1448504983388641,-0.6224814422057262,0.0,-0.9163309001022342,5.245535714285701,5.245535714285721,1.0,784580.55,4.614299121136976,-9.58772770853308,4.002011144514996,0.8390814684355863,0.2303718133310771,0.0558990429406161,1.397310156478124,1.1726113369427296,2.0,15.0
NEO,2025-01-15,16.18,0.0,0.0,no_fill,0,0,9.799331103678927,112199.0,2.596488894508569,97.16915714848234,5.0,0.9556313993174052,7.792642140468222,1.0,4.048704159733245,8.49056603773585,11.75616835994194,0.9413580246913577,1272317.9,7.928023343999395,-21.789170808265755,9.05855388058508,2.05844938595928,0.2303718133310771,0.0558990429406161,1.397310156478124,1.1726113369427296,2.0,15.0
RGTI,2025-01-15,11.3339,-5795.745230000004,-11.59292035398231,stop,0,1,12.246865959498567,26893823.0,4.733127215172347,27.393800195287337,4.0,0.8517322834645672,7.152362584378029,1.0,3.4535854290759094,15.865921787709498,26.927374301676,0.9917012448132776,200555655.55,25.617195773856206,-51.5873015873016,23.99774890025521,1.769868812856821,0.2303718133310771,0.0558990429406161,1.397310156478124,1.1726113369427296,2.0,15.0
RGTIW,2025-01-15,5.175479999999999,2888.7264000000064,5.778014792830823,target,1,1,3.1311154598825857,447929.0,2.619583876048804,42.82704471432002,2.0,0.9375000000000012,0.7827788649706464,1.0,1.141904775459455,48.9795918367347,43.14868804664723,0.9527027027027029,1849766.85,30.35243457378017,-47.803881511746674,30.296142998208254,1.8080056954204795,0.2303718133310771,0.0558990429406161,1.397310156478124,1.1726113369427296,2.0,15.0
IMNM,2025-01-16,10.929690999999998,-1625.0324239999916,-3.250558501608126,stop,0,1,2.935089369708366,42843.0,1.0543021368083882,163.33836294810925,1.0,0.4967948717948707,1.0348071495766644,0.0,0.6579168472230702,5.14342235410486,6.429277942631062,0.9384615384615372,843136.0,6.262453822539152,-17.27626459143968,3.9232215839238567,0.7950330670259602,0.1582012184859707,-0.0858325759870731,0.2353318263099264,1.0145048394102745,3.0,16.0
QUBT,2025-01-16,12.52747,-3707.958279999996,-7.416341847156681,stop,0,1,7.125506072874501,5828706.0,4.353511869830941,61.366278170730936,2.0,0.2386363636363644,-4.291497975708497,0.0,-0.9310602388053416,6.926406926406917,26.75324675324675,0.9838187702265376,71350044.75,25.14146870331412,-54.51197053406997,26.87003535933996,1.5943149075600265,0.1582012184859707,-0.0858325759870731,0.2353318263099264,1.0145048394102745,3.0,16.0
IBRX,2025-01-17,3.2096,-3156.258580000006,-6.312624626121647,stop,0,1,5.937500000000012,1042461.0,3.38675163599989,74.1483828265234,2.0,0.7894736842105265,-1.250000000000001,0.0,1.3790077036903288,5.263157894736847,21.381578947368418,0.9846153846153848,6182552.4,8.067568428772013,4.918032786885258,7.431387025201907,3.2003282333684706,0.2077225898316457,-0.1072116592679621,0.8991954566966485,0.8402528709799307,4.0,17.0
ISPC,2025-01-17,3.3795,0.0,0.0,no_fill,0,0,7.21698113207548,752678.0,4.01395921990598,49.30124597989982,4.0,0.0867102396514171,-0.3176100628930817,0.0,-2.572656619070935,11.578947368421057,10.526315789473678,0.9666666666666672,394221.5,7.552256278098092,1.5974440894568775,4.109119166160482,9.184052620164044,0.2077225898316457,-0.1072116592679621,0.8991954566966485,0.8402528709799307,4.0,17.0
SPCB,2025-01-21,14.9444,0.0,0.0,no_fill,0,0,5.06482758620689,105164.0,2.609148122227108,53.51605337285048,3.0,0.1922657952069713,-1.0262068965517217,1.0,-1.4964927787829247,8.04769001490313,19.96944858420268,0.9738796223739692,3021733.35,22.52307985509344,7.487027427724239,19.852809404260125,0.2679117930773078,0.1248605723608637,0.0266535701799751,0.5170855784999361,0.6686836222613797,1.0,21.0
BE,2025-01-22,27.56,0.0,0.0,no_fill,0,0,3.0055658627087154,575349.0,1.6294264129778857,101.3224755439976,2.0,0.8395061728395071,1.781076066790354,1.0,1.452259271855343,4.660194174757279,9.980582524271846,0.9416342412451368,5065457.285714285,6.275448790958474,2.7057926829268326,3.5981361868800814,1.4261784459961746,0.1187945603379924,-0.0198871138104028,0.4759141033081842,0.6445171453300713,2.0,22.0
CRNC,2025-01-22,15.8474,-4580.460549999994,-9.16118732410363,stop,0,1,9.57300275482094,1206144.0,3.3942546694045164,18.987141654136064,4.0,0.9568345323741004,8.402203856749315,1.0,3.548769232460036,6.295754026354315,11.85944363103954,0.9506172839506172,15784822.35,15.255810942573325,-47.2,32.951487214418364,0.3562100906381122,0.1187945603379924,-0.0198871138104028,0.4759141033081842,0.6445171453300713,2.0,22.0
GRRR,2025-01-22,16.13827,-2891.9520199999915,-5.784325085650428,stop,0,1,5.716162943495395,180608.0,2.429222666384264,51.45522059548277,4.0,0.977011494252874,5.584756898817343,1.0,2.627895673524032,3.256445047489826,14.95929443690638,0.9818594104308394,4343036.8,20.75849305900517,-41.18988095008095,15.583344897364388,0.5223094126211411,0.1187945603379924,-0.0198871138104028,0.4759141033081842,0.6445171453300713,2.0,22.0
QBTS,2025-01-22,7.11,0.0,0.0,no_fill,0,0,5.003573981415304,6766705.0,2.8846090867088066,116.25626610798598,2.0,0.711428571428572,0.2001429592566152,1.0,1.4490768649536945,11.208267090620032,15.103338632750402,0.9578947368421052,105164971.9,21.243991005213843,-38.69412795793164,17.455116808894626,1.2698698015817185,0.1187945603379924,-0.0198871138104028,0.4759141033081842,0.6445171453300713,2.0,22.0
QUBT,2025-01-22,12.47,0.0,0.0,no_fill,0,0,4.306418219461709,2150910.0,2.4665367446825925,66.72431738671702,3.0,0.9230769230769216,2.9399585921325087,1.0,1.7020934794106972,5.091383812010436,14.795474325500429,0.9941176470588236,54002740.85,21.65605786481338,-45.11363636363637,19.532231266309264,0.8186676695318141,0.1187945603379924,-0.0198871138104028,0.4759141033081842,0.6445171453300713,2.0,22.0
SOC,2025-01-22,28.6856997,-808.6643270999948,-1.6173553542429264,eod,0,1,5.483729433272396,250240.0,2.8872074044482674,57.94895775696121,2.0,0.6666888918522469,2.742230347349177,1.0,1.1125035664415557,4.469060351413299,6.722689075630258,0.994318181818181,978294.7857142856,5.382271847945919,4.429171439480719,4.147197787189132,1.152616794514245,0.1187945603379924,-0.0198871138104028,0.4759141033081842,0.6445171453300713,2.0,22.0
TSSI,2025-01-24,17.051,-1546.747279999995,-3.093894786229537,eod,0,1,5.91044776119402,154461.0,2.2074941062530127,43.34018470953539,0.0,0.1726262626262625,-3.3976119402985008,0.0,-2.262176770058064,3.203943314849042,10.597658656808385,0.988372093023256,1076448.95,10.677543758188737,2.3213194868662126,6.751301521604157,1.2646368413476552,0.080352896803924,0.0065594201472716,0.009840098400975,0.6091130582638482,4.0,24.0
BABX,2025-01-27,18.36,0.0,0.0,no_fill,0,0,1.3751375137513753,41370.0,0.3849966880886343,94.2728227922932,2.0,0.3200000000000074,0.0550055005500636,0.0,-0.0434408564006187,3.412969283276459,5.801478953356086,0.9706834003333646,324142.5294117647,3.236251447538235,3.2373835172261063,3.2826983454244867,2.233560654055052,0.5446934418237158,0.4286939125464342,-2.164580489168887,0.5846701890619488,0.0,27.0
BABX,2025-01-29,21.8654,-1067.1505199999883,-2.134971233089699,stop,0,1,1.7431192660550412,70406.0,0.6598311425389086,48.50206807898029,1.0,0.0789473684210464,-1.6055045871559697,0.0,-0.3950644475106095,6.967615309126604,12.708537782139354,0.9613899613899608,414978.4210526316,3.8111743363310193,6.445312500000002,4.29645613940415,3.610460023920077,0.1523910486823075,-0.0761955243411632,-0.1323363991265722,0.9468011203559432,2.0,29.0
PL,2025-01-29,6.25,0.0,0.0,no_fill,0,0,12.159999999999997,2821575.0,3.5399689330001856,35.45413245085591,0.0,0.1052631578947369,-10.879999999999995,0.0,-5.21876551404783,14.46886446886447,9.157509157509155,0.9000000000000004,4920420.315789473,7.195337529730006,12.612612612612615,7.417257230646378,1.5323323041743568,0.1523910486823075,-0.0761955243411632,-0.1323363991265722,0.9468011203559432,2.0,29.0
TSSI,2025-01-31,14.874489999999998,-2683.6916160999967,-5.368117495120836,stop,0,1,5.206896551724141,109913.0,1.6545856387213496,55.75357719886658,3.0,0.9729693201784032,4.222378606615057,1.0,2.357857481948001,5.650557620817856,10.408921933085503,0.9285714285714276,1327254.15,11.67705255063736,-22.17962760131435,8.766929237348982,1.0213326513237877,0.1152263374485671,-0.0181069958847759,0.4065846886156348,1.0439165115580806,4.0,31.0
BTCZ,2025-02-03,5.465,0.0,0.0,no_fill,0,0,3.205128205128202,66663.0,0.6184764927672673,69.82415643358866,1.0,0.1142857142857119,-2.747252747252754,1.0,-0.886989852418588,13.750000000000004,8.44374999999999,0.98766345916605,1016294.6,6.602001479102763,-13.319574535640582,5.439656364246079,2.502375787493115,0.3737324312011797,0.1400442067255034,-1.5203881559270362,1.0896814019561352,0.0,3.0
NVDQ,2025-02-03,3.98,0.0,0.0,no_fill,0,0,3.092783505154642,1874670.0,1.444306222616581,48.48289595906789,2.0,0.2916666666666676,0.3865979381443331,0.0,-0.4371350054766113,8.835904628330994,12.903225806451612,0.9021739130434784,61445086.65,9.2919451296786,-1.020408163265307,10.616118827986806,1.1511192652862832,0.3737324312011797,0.1400442067255034,-1.5203881559270362,1.0896814019561352,0.0,3.0
NVDS,2025-02-03,29.72892,-1138.5424767,-2.27825531502658,stop,0,1,1.9173808707576283,91652.0,0.8989744310258149,43.773473194546334,2.0,0.3241551939924908,0.3153925265683878,0.0,-0.2616798332198607,6.732528357116735,9.769484083424814,0.90505617977528,2016288.25,6.882957065731434,-0.1027397260273889,7.998443045958134,0.9986106897166116,0.3737324312011797,0.1400442067255034,-1.5203881559270362,1.0896814019561352,0.0,3.0
SBIT,2025-02-03,10.8758,0.0,0.0,no_fill,0,0,3.390176088971271,325941.0,1.005969959141911,19.35943387314144,2.0,0.0962274466921806,-2.268767377201109,1.0,-1.3350269911107198,12.984293193717262,8.455497382198962,0.9782043343653252,7006979.6,6.656546999096687,-13.817891373801922,5.317696333318567,0.6866402179906447,0.3737324312011797,0.1400442067255034,-1.5203881559270362,1.0896814019561352,0.0,3.0
NVNI,2025-02-04,7.121299999999999,2606.1951999999937,5.21253141982502,target,1,1,2.857142857142847,95023.0,1.2942424679360096,68.83663513237082,3.0,0.0039999999999995,-1.4171428571428533,0.0,-1.827038168225985,4.011887072808315,22.288261515601786,0.9133333333333334,22912174.65,27.598297267782023,-6.040268456375841,45.36780082650967,0.0968439283435717,0.1505352960856477,0.0301104048176754,0.0100373053181088,1.364199540683512,1.0,4.0
CMPX,2025-02-06,3.5104999999999995,-199.38799999999068,-0.3988035892322845,eod,0,1,3.724928366762174,59788.0,0.7962504773015047,102.91856973233342,1.0,0.0769230769230753,-3.15186246418339,0.0,-2.269271718238617,3.2544378698224947,12.130177514792903,0.9024390243902438,2866842.4,14.9830739134523,-3.856749311294757,10.560945699105126,0.3884263048432659,0.108914485626583,-0.062708340209247,0.292939657740555,1.143959556332789,3.0,6.0
LAES,2025-02-06,4.475,0.0,0.0,no_fill,0,0,5.480984340044726,3231921.0,2.6398898143205085,18.49879198784595,1.0,0.0779591836734692,-4.941834451901554,0.0,-2.721148821259165,17.015706806282722,21.46596858638744,0.975609756097561,44358985.05,20.08949540914861,-43.310801384890496,15.457220938574368,0.6097291218343599,0.108914485626583,-0.062708340209247,0.292939657740555,1.143959556332789,3.0,6.0
PDYN,2025-02-06,9.9575,0.0,0.0,no_fill,0,0,8.825136612021849,714530.0,3.4065334725033445,38.83219629061355,3.0,0.3836532507739931,3.385792349726767,1.0,-1.5902171062409851,6.767794632438741,11.785297549591606,0.94059405940594,6802928.2,16.069435490447454,-22.84991568296796,8.808797674235507,0.4666985901747427,0.108914485626583,-0.062708340209247,0.292939657740555,1.143959556332789,3.0,6.0
SATL,2025-02-07,3.69,0.0,0.0,no_fill,0,0,5.413105413105412,159020.0,1.8518096254081764,52.96059089527358,3.0,0.7368421052631587,3.703703703703713,0.0,0.7517354066828473,4.154302670623135,9.050445103857571,0.9344262295081966,540086.65,7.609935133852251,3.539823008849548,4.567566272863536,3.044848451632715,0.1499448005404738,0.0502562243569779,0.094009763821074,0.8076316014152966,4.0,7.0
TUYA,2025-02-07,3.65092,-1841.155799999996,-3.6823595148619983,eod,0,1,6.515580736543909,886054.0,2.704930152033421,35.75039977858066,2.0,0.9565217391304338,2.8328611898017027,1.0,3.07065804467043,3.823529411764704,17.794117647058822,0.9504132231404956,2299173.3,7.243246490335167,2.9154518950437214,7.666368587600561,3.7737659879748953,0.1499448005404738,0.0502562243569779,0.094009763821074,0.8076316014152966,4.0,7.0
AISP,2025-02-10,5.99794,-2864.249599999996,-5.7286334975008,stop,0,1,5.351170568561877,289346.0,1.9959435702301755,35.07939343917524,1.0,0.2812499999999993,-3.846153846153853,1.0,-1.843454139744203,3.2815198618307493,17.63385146804836,0.901077375122429,1705323.6,10.425609288363033,-0.3333333333333262,7.63841172251695,2.4316065291068507,0.1175350585274692,-0.0869219689067662,0.542636949248463,0.9778811887872528,0.0,10.0
KMDA,2025-02-10,8.5255,-1136.677759999999,-2.27364963931734,eod,0,1,6.909547738693465,332463.0,1.782409480490791,89.26928318953709,5.0,1.0,6.78391959798995,1.0,3.37004533936188,3.511053315994793,12.613784135240568,0.9175257731958772,145611.05,3.862831748279559,-0.5000000000000004,3.562473243933749,6.356454403700819,0.1175350585274692,-0.0869219689067662,0.542636949248463,0.9778811887872528,0.0,10.0
TALK,2025-02-10,4.16245,-2359.397039999993,-4.7188554817475135,stop,0,1,4.390243902439029,255666.0,2.2249569189315985,57.509331640039264,2.0,0.2222222222222197,-2.195121951219509,1.0,-0.8533629493117151,6.493506493506482,6.753246753246748,0.9615384615384625,1220001.2,4.908387085234317,6.217616580310875,2.812565398918232,1.886286669226227,0.1175350585274692,-0.0869219689067662,0.542636949248463,0.9778811887872528,0.0,10.0
VSAT,2025-02-10,12.31,0.0,0.0,no_fill,0,0,4.6728971962616885,312696.0,1.634066798898414,96.4638395384801,4.0,0.6909090909090915,3.143585386576049,1.0,1.4448696740640383,3.427065026362028,18.62917398945518,0.9811320754716986,4493104.75,9.82283903512003,-6.215139442231084,10.301077147994985,1.840908561056806,0.1175350585274692,-0.0869219689067662,0.542636949248463,0.9778811887872528,0.0,10.0
SMST,2025-02-12,5.6493,0.0,0.0,no_fill,0,0,2.661319073083783,687529.0,1.1591968716938117,41.25182072372395,1.0,0.0669792364367031,-1.7825311942959097,0.0,-1.4219934451739389,3.1249999999999987,10.753676470588234,0.9572649572649582,22756511.45,12.21433299542641,-4.102564102564092,6.733454635959989,0.5445128102005283,0.1985881881748334,0.0684211404635896,-1.0094001420759446,0.789295802300032,2.0,12.0
BBAI,2025-02-13,10.36,0.0,0.0,no_fill,0,0,4.474708171206217,6411372.0,1.811267632759537,109.3437862567726,1.0,0.0326086956521713,-3.5505836575875507,0.0,-1.7654625464463989,5.544147843942496,24.435318275154003,0.9201680672268908,81458466.55,14.816101454036795,3.524672708962736,14.063744028423638,1.886943328421888,0.138019454737954,0.0124073583906716,0.1856271546009023,0.6746691580036036,3.0,13.0
GRRR,2025-02-13,26.5994597,6144.969987400008,12.29476326543582,target,1,1,6.569096209912543,414820.0,3.682769531484471,46.37678852198611,3.0,0.7515237588022972,1.4577259475218658,1.0,2.266499845078649,6.301652892561993,19.29752066115704,0.9828693790149888,2244883.6,12.844849936901962,5.951400329489292,9.270334163835017,1.5954876235008353,0.138019454737954,0.0124073583906716,0.1856271546009023,0.6746691580036036,3.0,13.0
DNA,2025-02-14,14.623739999999998,312.941070000008,0.6259000775451584,eod,1,1,4.500000000000005,125574.0,1.779098304010888,41.87293963369138,3.0,0.904761904761904,3.714285714285711,0.0,1.6120155076455034,3.321033210332098,11.73431734317343,0.9685534591194976,1634010.95,12.27694322296916,-16.913946587537097,8.182296338460473,0.8091016770726047,0.0918123094074924,0.0278715939272648,0.0344414740950972,0.8910399454275967,4.0,14.0
LX,2025-02-14,9.0,0.0,0.0,no_fill,0,0,4.666666666666666,397479.0,2.0289346876023147,109.9499331510186,2.0,0.1547619047619036,-3.944444444444449,0.0,-1.0514443093777688,4.287369640787939,8.806488991888758,0.9342105263157908,2877788.5,6.219203300320307,3.686635944700464,4.878568262406731,1.5405176579168345,0.0918123094074924,0.0278715939272648,0.0344414740950972,0.8910399454275967,4.0,14.0
ZH,2025-02-14,5.436259999999999,-1945.073529999988,-3.890358444960297,stop,0,1,3.505535055350544,157664.0,1.555502679226669,70.36033251449935,2.0,0.2631578947368418,-2.583025830258297,0.0,-0.3353709395391716,17.82608695652175,13.695652173913045,0.904761904761904,495700.75,5.460625554263114,16.309012875536474,4.568168415068896,3.2678929777693497,0.0918123094074924,0.0278715939272648,0.0344414740950972,0.8910399454275967,4.0,14.0
ABSI,2025-02-18,6.338959999999999,-2720.699519999996,-5.44190214167623,stop,0,1,5.107741420590588,1238179.0,3.3144987247776085,59.03011009380248,2.0,0.25,-2.9529130087789244,0.0,-1.4479242726774513,7.6460481099656255,14.08934707903779,0.9634146341463422,6022178.9,11.372331929427729,7.094017094017096,8.564308012613681,1.6457996623115927,0.1014929282346785,-0.036062729177572,0.1935378054780957,0.8071256698853424,1.0,18.0
ACHR,2025-02-18,11.84,0.0,0.0,no_fill,0,0,7.636363636363636,7745214.0,2.897240191258461,42.42076903460704,4.0,0.464285714285715,3.5454545454545507,0.0,-1.033215465866854,6.28019323671498,9.46859903381643,0.948979591836734,29484660.9,7.994176552166063,3.773584905660381,5.143273907093998,1.7068795252788544,0.1014929282346785,-0.036062729177572,0.1935378054780957,0.8071256698853424,1.0,18.0
OPRT,2025-02-18,8.3348297,2138.108859399999,4.276875627104892,eod,1,1,6.606099110546388,176479.0,2.5268840361430933,60.93110512347226,2.0,0.1361800346220429,-0.1168996188055892,0.0,-1.8322180670528327,3.963011889035665,14.531043593130786,0.9545454545454548,595305.4,7.878292852581679,1.5483870967741948,5.8424702558630175,2.92613001662676,0.1014929282346785,-0.036062729177572,0.1935378054780957,0.8071256698853424,1.0,18.0
TSSI,2025-02-18,16.99,0.0,0.0,no_fill,0,0,5.3048780487804725,143409.0,1.9703008730308496,113.57399917830617,2.0,0.0,-1.7073170731707172,0.0,-2.991052152323761,4.193138500635314,16.518424396442192,0.9153846153846152,1433277.85,12.05011335160166,-10.186199342825866,8.557373393885138,1.6734284981798888,0.1014929282346785,-0.036062729177572,0.1935378054780957,0.8071256698853424,1.0,18.0
XNET,2025-02-18,3.75,0.0,0.0,no_fill,0,0,3.2520325203252063,92542.0,1.8240643862469523,47.3117435668633,1.0,0.5833333333333351,0.2710027100271065,0.0,0.305648980744048,3.9436619718309895,9.859154929577468,0.9142857142857136,290770.1,8.347618604141427,3.0726256983240186,4.858794301789404,2.076785061462647,0.1014929282346785,-0.036062729177572,0.1935378054780957,0.8071256698853424,1.0,18.0
ATYR,2025-02-20,4.5,0.0,0.0,no_fill,0,0,5.40540540540541,156002.0,1.8065153894473904,68.73688706787777,1.0,0.0920833333333332,-3.556306306306319,0.0,-2.656551706567888,4.470588235294127,10.705882352941178,0.9230769230769228,885914.7,6.365892773539543,3.61726954492416,4.98172156797489,4.2957149260532645,0.0873191071866555,-0.0474204889215867,-0.2267795669978605,0.4740886838609913,3.0,20.0
OSS,2025-02-21,4.012,3535.4694000000063,7.071286141575288,target,1,1,3.749999999999998,40527.0,1.0186436749072407,83.7266571271976,1.0,0.0,-3.749999999999998,0.0,-2.6641080893688645,7.238605898123325,13.941018766756033,0.9038461538461542,293296.8,9.471112432745866,-18.032786885245898,7.123677554003454,2.836795355421539,0.12558795089893,-0.0877624268646371,-0.0360431206789258,0.6238237461169069,4.0,21.0
SMMT,2025-02-21,24.18,0.0,0.0,no_fill,0,0,3.854210305823201,139896.0,1.8530855660200785,89.19940547022983,1.0,0.2010869565217381,-1.7804775869292029,0.0,-1.1558765459762268,3.512575888985266,7.502168256721598,0.9595375722543352,2013283.35,6.924319776944002,-4.519999999999996,4.692213688060874,1.6489904414100478,0.12558795089893,-0.0877624268646371,-0.0360431206789258,0.6238237461169069,4.0,21.0
TUYA,2025-02-21,4.29284,-2759.174300000004,-5.518491255206351,eod,0,1,8.4187134502924,1022965.0,3.0858320254474068,37.18284506317222,2.0,0.3053626007224231,-5.730994152046786,1.0,-1.6686972312520931,10.180412371134032,17.525773195876294,0.9117647058823528,5556076.35,9.721632449908784,8.502538071066,9.83128692854083,2.585263969599698,0.12558795089893,-0.0877624268646371,-0.0360431206789258,0.6238237461169069,4.0,21.0
U,2025-02-21,29.83925,-1705.3174999999887,-3.411949026868951,stop,0,1,3.068530514831226,3460737.0,1.8803811968424435,76.15707821576228,3.0,0.6222222222222218,0.2727582679850046,0.0,0.3053015484029014,4.749999999999994,12.571428571428584,0.9971590909090904,11011406.4,5.050598062869254,4.71260264191359,7.554911645328845,5.826686316835968,0.12558795089893,-0.0877624268646371,-0.0360431206789258,0.6238237461169069,4.0,21.0
API,2025-02-26,6.118299999999999,2086.4750400000016,4.173054606671792,target,1,1,2.2950819672131098,120398.0,0.954706663943323,38.47281126974731,1.0,0.0,-2.2950819672131098,0.0,-0.9275724511461504,3.214890016920465,12.18274111675128,0.9027777777777776,1325451.35,9.888397656295869,-11.46589259796807,6.047538877943021,0.9637803756433608,0.1711667869309093,-0.1115940326559318,0.2843968766828118,1.4340210730100995,2.0,26.0
ORIC,2025-02-26,8.595709999999999,2589.515840000011,5.179793175898232,target,1,1,2.8235294117647083,60176.0,1.649892391576958,53.506788754040926,3.0,1.0,0.8235294117647093,1.0,1.25236860137475,5.198019801980197,8.663366336633654,0.942857142857144,1649100.55,13.47386583697124,-42.05862304021813,6.462034473055282,0.494830954971181,0.1711667869309093,-0.1115940326559318,0.2843968766828118,1.4340210730100995,2.0,26.0
AVGX,2025-02-27,26.49,0.0,0.0,no_fill,0,0,2.7734976887519216,40728.0,1.0355319710687545,69.46475538891927,2.0,0.0,-0.731895223420652,0.0,-1.297013131244407,3.550059832469089,6.454726765057845,0.9578544061302676,991277.15,7.238858667366757,-18.2104599873976,5.701785969200005,0.76997336214196,0.1139314735695652,0.0402111083186745,0.3885356746392268,1.265368543209746,3.0,27.0
MSTU,2025-02-27,5.66695,-2292.766837500005,-4.585579544552194,stop,0,1,4.294755877034371,1829795.0,1.8554611098185507,33.66585276944701,2.0,0.4105263157894731,-0.3616636528029016,0.0,-0.0225943265875858,3.752345215759853,14.652908067542224,0.934699103713188,38740968.35,12.998765773928216,-47.08133971291865,8.073264343953358,1.8059097895522789,0.1139314735695652,0.0402111083186745,0.3885356746392268,1.265368543209746,3.0,27.0
MXL,2025-02-27,16.18,0.0,0.0,no_fill,0,0,1.5907673112913223,54242.0,0.6174489536738537,59.75728691582036,1.0,0.0,-0.655021834061138,0.0,-0.7980636560453872,3.086816720257237,7.427652733118978,0.9134199134199138,2433597.45,6.860903500036192,-27.80905201531186,6.214817387833321,1.5889357543500056,0.1139314735695652,0.0402111083186745,0.3885356746392268,1.265368543209746,3.0,27.0
GDXD,2025-02-28,11.05306,-1057.8844699999947,-2.116065596314494,stop,0,1,1.7511520737327142,130978.0,0.7918606975963651,87.73034273324288,3.0,0.5236842105263214,0.732718894009228,1.0,0.1667122351348831,5.03388189738625,7.337850919651509,0.9340369393139832,2116270.55,6.9885462032129615,-4.991243432574433,5.6726079830274605,1.6629357716101092,0.0,0.0,0.0871720365780687,1.6620960712797983,4.0,28.0
NVDQ,2025-02-28,3.5701,0.0,0.0,no_fill,0,0,3.151862464183377,2293337.0,1.7224143804830272,31.74045975334907,4.0,0.3627272727272715,0.2865329512893921,1.0,-0.3875475434214407,3.560830860534128,19.58456973293769,1.0,56350607.5,8.472630869842762,-12.311557788944718,6.716169944809623,1.6677437062235754,0.0,0.0,0.0871720365780687,1.6620960712797983,4.0,28.0
PLTD,2025-02-28,19.64,0.0,0.0,no_fill,0,0,2.287267080745344,208208.0,0.9441403186605808,26.970287305449887,4.0,0.61507128309572,0.7758799171842589,0.0,-0.2077397873796941,5.573770491803276,9.994535519125684,0.9398578458173868,5224178.6,6.887421311671785,-11.416781292984862,7.426260756801908,0.5634872437171272,0.0,0.0,0.0871720365780687,1.6620960712797983,4.0,28.0
ACHR,2025-03-03,9.4,0.0,0.0,no_fill,0,0,3.278688524590172,2502099.0,1.6949537120173872,43.16615799288071,4.0,0.7330000000000012,1.8568306010928977,1.0,0.885800190532493,3.0405405405405355,26.12612612612613,0.9655172413793104,36954374.75,10.396795380369824,-22.7195945945946,6.460728172241216,1.4956918733958555,0.0,0.0,0.3365983372042142,1.8837371606417952,0.0,3.0
CONL,2025-03-03,27.905,0.0,0.0,no_fill,0,0,3.3803326102675424,512210.0,2.0615565472520503,57.63315110660419,0.0,0.2502673796791456,-1.6485900216919722,0.0,-0.8160433460274831,15.298040850354322,13.754481033764074,0.9424190077885864,5867872.3,12.374409352651648,-45.281899109792285,7.9178478946763855,0.8656844832836598,0.0,0.0,0.3365983372042142,1.8837371606417952,0.0,3.0
MSTU,2025-03-03,6.5,0.0,0.0,no_fill,0,0,4.769230769230763,7167163.0,2.9579108181625307,30.22719354170352,2.0,0.6754838709677414,-1.547692307692308,1.0,0.9371749867367636,31.313131313131308,18.989898989899,0.9148936170212766,43447141.75,14.474110723304817,-36.58536585365854,9.362932390111888,2.068740758993657,0.0,0.0,0.3365983372042142,1.8837371606417952,0.0,3.0
MSTY,2025-03-03,21.87,0.0,0.0,no_fill,0,0,1.5144561725562269,662379.0,0.9615234200174996,79.45684416679562,2.0,0.7269696969696996,-0.046351537402468,1.0,0.2577280477466153,8.35405271009448,8.453505718547982,0.917647058823529,6746249.55,5.822948909846948,-22.38314727610797,4.448748200724511,1.0002793329813895,0.0,0.0,0.3365983372042142,1.8837371606417952,0.0,3.0
RIOT,2025-03-03,10.15,0.0,0.0,no_fill,0,0,3.2803180914512926,2819563.0,1.4796945093865583,59.45135055774209,3.0,0.8484848484848464,0.3976143141152997,1.0,1.0170167642893273,8.405172413793116,8.297413793103445,0.9870129870129872,28213219.85,7.906151997047464,-19.80868872060581,4.497830967186236,0.937253320981724,0.0,0.0,0.3365983372042142,1.8837371606417952,0.0,3.0
SATL,2025-03-03,3.1875,0.0,0.0,no_fill,0,0,3.075709779179815,20542.0,0.688235797233028,118.7486514784104,2.0,0.1025641025641047,-2.208201892744474,0.0,-1.6898507505019285,3.594771241830061,9.477124183006538,1.0,1138010.75,10.8645984731408,-38.0859375,9.27069856353246,0.4735341911313228,0.0,0.0,0.3365983372042142,1.8837371606417952,0.0,3.0
SOUN,2025-03-03,11.484349999999996,-1930.998635399991,-3.8626635377709495,stop,0,1,3.5332741792369053,3911861.0,1.9224859182330043,49.42444910632111,3.0,0.4726268206931203,-0.2661934338952916,1.0,0.0403766186322404,4.158964879852119,18.39186691312383,0.9346733668341712,51048310.8,9.748060153432904,-32.06751054852321,9.208384167768727,1.7528911847950903,0.0,0.0,0.3365983372042142,1.8837371606417952,0.0,3.0
TSLL,2025-03-03,14.36296,-1764.2752300000027,-3.5287294540958185,stop,0,1,3.1937544357700576,5195233.0,2.0573511707323364,33.21321193149057,2.0,0.422222222222224,-0.2129169623846654,0.0,0.0299755231132279,4.758364312267663,13.08550185873606,0.9886363636363628,89318713.85,10.19900303138761,-50.94011142061281,7.082826634178724,1.72934264659701,0.0,0.0,0.3365983372042142,1.8837371606417952,0.0,3.0
TSLR,2025-03-03,22.5675,-1748.299499999994,-3.4975074775672863,stop,0,1,3.1602708803611703,78543.0,1.8005255001320393,58.34377546785026,2.0,0.5285714285714306,0.090293453724619,0.0,0.3374603722667894,4.678638941398859,12.92533081285444,0.9853747714808048,1941077.55,10.07313851135168,-50.96302855877796,7.102407875671034,1.2653142065344063,0.0,0.0,0.3365983372042142,1.8837371606417952,0.0,3.0
TSLT,2025-03-03,19.62871,-1751.4954899999927,-3.5033886587554512,stop,0,1,3.1540847983453952,317926.0,2.0600864198723223,54.618064250378254,2.0,0.4590163934426194,-0.5170630816959743,0.0,0.0222458273549753,5.280348394120843,13.010342950462714,0.9790794979079496,3375131.6,10.131111180899662,-50.85133418043202,6.741199249134308,1.9121399592241084,0.0,0.0,0.3365983372042142,1.8837371606417952,0.0,3.0
WGMI,2025-03-03,19.42,0.0,0.0,no_fill,0,0,2.3461939520333828,65818.0,0.970205846977774,87.18838814854207,3.0,0.6666666666666641,0.4692387904066729,0.0,0.8043089729231505,7.631874298540962,8.473625140291816,0.9072847682119204,539717.5,6.754196082035809,-21.39344262295082,3.9973110511541647,1.3506269483572424,0.0,0.0,0.3365983372042142,1.8837371606417952,0.0,3.0
KGEI,2025-03-05,9.0,0.0,0.0,no_fill,0,0,4.606741573033709,33615.0,2.498253081885468,145.8102083662391,0.0,0.4634146341463401,-1.348314606741584,0.0,-0.0624091938035893,5.952380952380952,17.38095238095237,0.9109589041095896,201525.95,8.665765363978272,-10.01011122345804,5.225497048315321,4.053944417579969,0.0,0.0,-0.0294698887078249,2.444013593447964,2.0,5.0
ALGM,2025-03-06,29.45,0.0,0.0,no_fill,0,0,5.062849162011171,796924.0,2.223512001146861,39.430743577192864,3.0,0.6758620689655178,1.1871508379888265,1.0,1.0399814798937062,6.945481702763254,5.974607916355494,0.9625000000000008,3440764.8,6.323601152268552,1.6684416045438368,5.140044386459111,1.08843853552559,0.0,0.0,-1.3000377319658232,2.4297393948804187,3.0,6.0
TUYA,2025-03-06,3.7,0.0,0.0,no_fill,0,0,6.756756756756756,247999.0,2.762490235181524,61.4038636841917,2.0,0.2799999999999993,-4.864864864864869,1.0,-0.194571134291416,5.113636363636368,5.426136363636359,1.0,7416339.6,11.552526578338066,-20.077762177340965,9.561828661705835,0.3978534100568965,0.0,0.0,-1.3000377319658232,2.4297393948804187,3.0,6.0
ANRO,2025-03-07,4.1291,0.0,0.0,no_fill,0,0,7.782926829268296,105977.0,2.523847022300536,70.00851082209032,2.0,0.250705108116578,-5.121951219512184,0.0,-3.149929605062213,3.797468354430366,18.987341772151897,1.0,429180.95,9.155021825480633,-3.5294117647058907,6.614542369982016,1.3871142230334317,0.0,0.0,-0.3160412774353615,2.019061219231653,4.0,7.0
ACVA,2025-03-12,14.7,0.0,0.0,no_fill,0,0,3.478854024556615,121962.0,1.6925333520579795,102.10497768808638,3.0,0.4705882352941182,-1.568894952251026,1.0,-0.6312080155735131,6.38606676342526,8.127721335268513,0.9017857142857132,2577099.8,5.719265185006371,-33.635129017655046,3.5744477727708017,1.5559052078619542,0.0,0.0,1.1242624838106203,2.2296760998370626,2.0,12.0
MSTU,2025-03-12,5.095,0.0,0.0,no_fill,0,0,3.955375253549684,2554997.0,1.943436818995433,27.088937501741785,3.0,0.4841025641025623,1.306288032454361,0.0,-0.0943087099134125,3.78947368421052,22.42105263157895,0.910798122065728,74820017.75,20.42496447350201,-48.26862539349423,14.520365591381683,1.781460617202273,0.0,0.0,1.1242624838106203,2.2296760998370626,2.0,12.0
MSTX,2025-03-12,24.1,0.0,0.0,no_fill,0,0,4.220499569336781,335196.0,2.054129467278201,30.77264549466238,3.0,0.4897959183673471,1.636520241171415,0.0,-0.1749546969661697,3.38379341050756,21.95013357079253,0.9066937119675456,12742901.05,20.168134950905348,-48.364888123924274,14.510926003786192,1.3413904677538089,0.0,0.0,1.1242624838106203,2.2296760998370626,2.0,12.0
MYGN,2025-03-12,11.25366,-2107.506900000004,-4.215961740447116,stop,0,1,3.94495412844038,66982.0,1.2673923242652283,96.13367860974638,4.0,0.7209302325581382,1.8348623853210944,1.0,1.6998221426934568,6.341463414634149,7.804878048780495,0.9374999999999992,1299993.25,6.691623767064694,-29.541047188106013,5.315321545282511,1.0676001586931316,0.0,0.0,1.1242624838106203,2.2296760998370626,2.0,12.0
QBTS,2025-03-12,5.89,0.0,0.0,no_fill,0,0,4.614019520851816,3141462.0,1.97344053536243,93.70289955663442,2.0,0.0769230769230787,0.2661934338953073,0.0,-1.6100238316380122,4.7397769516728605,15.4275092936803,0.9759036144578308,55890804.35,12.687893089920063,-31.431005110732546,8.689464399691742,0.7130225170931898,0.0,0.0,1.1242624838106203,2.2296760998370626,2.0,12.0
CMTG,2025-03-13,3.85152,-3287.0734838999915,-6.574596522931191,stop,0,1,6.4877384196185215,81339.0,1.7186173727872824,68.62993393924822,4.0,0.8320033599328011,3.542234332425066,0.0,1.4731739408453657,7.309941520467836,6.578947368421055,0.9333333333333328,1783812.15,8.003869982545886,6.841339155749632,6.659530176307658,0.6495734430332253,0.0,0.0,-0.0679943457333539,2.1108740242907804,3.0,13.0
KOLD,2025-03-13,21.04,0.0,0.0,no_fill,0,0,0.7177033492822898,275030.0,0.4731610069889627,98.04207234240944,3.0,0.6000000000000048,0.3827751196172337,0.0,0.0114295865946534,4.031856645097057,6.222000995520159,0.9599999999999994,11947858.6,8.018077866929985,-29.487179487179493,7.861130181715648,1.1137440980428075,0.0,0.0,-0.0679943457333539,2.1108740242907804,3.0,13.0
AISP,2025-03-17,3.9710776,-1572.9634115999934,-3.145937012160112,stop,0,1,2.807197943444729,30664.0,0.6981580283955039,136.76257443731862,0.0,0.0,-1.0282776349614406,0.0,-0.9418852075987711,3.457446808510648,9.308510638297864,0.9428571428571428,1338979.65,11.658229880802466,-43.29446064139942,7.857686572343031,0.40872092417536,0.0,0.0,-0.0035535971286902,1.8623449587706973,0.0,17.0
CANG,2025-03-17,4.4030697,-1672.9287435000026,-3.346067858067299,eod,0,1,12.242346938775505,117751.0,2.9548027404899693,56.60844042783468,4.0,0.9064388414252964,10.841836734693873,1.0,3.6855294203151896,3.703703703703707,13.22751322751323,0.96,390370.45,8.929291765607754,-17.21224920802535,5.657339206035599,1.85828358678276,0.0,0.0,-0.0035535971286902,1.8623449587706973,0.0,17.0
LAES,2025-03-17,3.9,0.0,0.0,no_fill,0,0,8.567603748326636,3241754.0,3.175162693430629,31.47777501798659,2.0,0.1062499999999994,-3.2396251673360106,0.0,-3.844641847872422,12.500000000000004,15.057228915662655,0.9399879975995196,13753585.55,13.672350861117753,-6.155778894472364,9.761547626444797,1.7489920655635869,0.0,0.0,-0.0035535971286902,1.8623449587706973,0.0,17.0
QBTS,2025-03-17,10.99288,-3516.104279999996,-7.032824883015181,stop,0,1,6.6749570242493,12314938.0,3.262285798932728,48.47711940340863,1.0,0.4109589041095873,-3.7160308693903055,1.0,-0.1879030189790636,7.747783251231531,25.418719211822648,0.98062015503876,70634676.35,14.023998146787427,7.21960784313727,13.777823833015782,3.698499879938928,0.0,0.0,-0.0035535971286902,1.8623449587706973,0.0,17.0
QUBT,2025-03-17,8.57,0.0,0.0,no_fill,0,0,9.741784037558688,5682253.0,3.938377753208475,41.39670538030082,1.0,0.3732530120481918,-5.518779342723007,1.0,-1.1729107485349497,20.16925246826516,18.19464033850494,0.9844961240310074,13405004.15,10.748542081248107,-1.5028901734104136,9.673118913181202,3.2745721305875164,0.0,0.0,-0.0035535971286902,1.8623449587706973,0.0,17.0
RCAT,2025-03-17,5.99794,-1781.6532799999998,-3.563390097266728,eod,0,1,4.90693739424704,373624.0,1.9721757851163773,78.35789068732477,2.0,0.3275862068965508,-2.1150592216582065,0.0,-0.0662840997312465,4.41696113074205,10.424028268551234,0.966101694915255,5224838.2,9.81530941053538,-39.00928792569659,5.842184347074289,0.8012075857200707,0.0,0.0,-0.0035535971286902,1.8623449587706973,0.0,17.0
RDW,2025-03-17,11.34393,-2400.669179999988,-4.802039504827669,stop,0,1,4.480286738351254,68922.0,1.6588237399941426,117.2522896332151,1.0,0.2399999999999984,-2.060931899641581,0.0,-1.484943478842809,5.283018867924533,8.754716981132066,0.9482758620689654,2351495.7,13.566803053913109,-57.51791974845736,7.221612221201153,0.6403949622361631,0.0,0.0,-0.0035535971286902,1.8623449587706973,0.0,17.0
RGTIW,2025-03-17,4.694039999999999,-2114.6495399999944,-4.229618835800282,eod,0,1,9.53436807095343,72686.0,3.230252910965649,84.04692338736814,1.0,0.1320930232558139,-4.50554323725055,1.0,-1.89676605907657,7.253269916765747,19.262782401902488,0.9814814814814818,309749.5,17.741948414407556,-5.0526315789473735,11.867524938787376,2.005720751768768,0.0,0.0,-0.0035535971286902,1.8623449587706973,0.0,17.0
TIGR,2025-03-17,7.89,0.0,0.0,no_fill,0,0,3.423320659062096,380219.0,1.479024986767279,56.45939138597781,2.0,0.3335801554979631,-2.281368821292772,1.0,-0.3697763189266117,3.1372549019607754,4.052287581699341,0.9354838709677432,7759060.05,7.44405804321621,-15.434083601286178,5.8379963251357,0.6802210533220451,0.0,0.0,-0.0035535971286902,1.8623449587706973,0.0,17.0
UMAC,2025-03-17,7.081179999999999,4032.389599999999,8.065887323864102,target,1,1,4.418262150220911,77465.0,1.5719863637593634,57.84976009710876,1.0,0.0,-0.4418262150220949,0.0,-1.7738674765769056,6.093749999999995,10.468749999999998,0.9104477611940304,1244975.0,14.742148043107624,-50.654069767441854,9.53074900646266,0.5852623546657564,0.0,0.0,-0.0035535971286902,1.8623449587706973,0.0,17.0
NIU,2025-03-18,3.82143,847.5802116000058,1.695174319561014,eod,1,1,6.746031746031743,533240.0,2.040397094795227,76.25075484952086,0.0,0.0,-5.952380952380943,0.0,-4.306678602188109,7.6923076923076925,22.22222222222221,0.9743589743589745,1312271.35,8.819445651795114,7.0821529745042495,7.781276389606657,6.229743566374439,0.0,0.0,-0.4143524640747638,1.733069161840881,1.0,18.0
LSE,2025-03-19,13.43017,-3248.3382799999945,-6.498354078913361,eod,0,1,19.789842381786336,608291.0,7.982915347381519,45.5801022215509,2.0,0.2964601769911504,3.3274956217162943,0.0,-4.926830154483436,46.97554697554698,34.48262548262549,0.9368118538424212,38817.85,11.113473326607432,43.841396596677285,9.242987825509609,14.822588061935424,0.0,0.0,0.322626644326416,1.5174449148083622,2.0,19.0
WGRX,2025-03-21,5.315899999999999,-5835.803440499993,-11.672531462217108,stop,0,1,11.625968992248058,66222.0,4.897605415227855,54.78480784298899,2.0,0.8333055509251548,0.7751937984496131,1.0,3.3607494192176244,8.975712777191125,23.442449841605065,0.9864864864864868,140903.95,18.62205016659984,8.631578947368423,10.304330710684532,6.083342589047361,0.2583632820182618,0.0536394357131485,-1.0981626553962116,1.3716326216885335,4.0,21.0
AMPX,2025-03-24,3.35002,2156.39385,4.312869773911798,target,1,1,2.3723723723723644,568315.0,1.3063696380060996,95.22702678805464,2.0,0.6202531645569632,-0.6006006006006012,1.0,0.1696217565303239,7.073954983922837,33.44051446945338,1.0,3470459.65,12.170407602632505,7.073954983922837,10.35484586749259,3.4482567748626614,0.1401541695865372,0.0140154169586616,1.2092627398134572,1.4229674455438284,0.0,24.0
IHS,2025-03-24,5.75,0.0,0.0,no_fill,0,0,8.421052631578954,196497.0,2.3147615261444887,103.08197085419148,0.0,0.0208333333333347,-7.368421052631577,0.0,-4.891033757093171,8.571428571428575,10.857142857142843,0.964912280701755,617123.0,5.927722692891248,8.159392789373825,4.387426814909779,4.085313624674497,0.1401541695865372,0.0140154169586616,1.2092627398134572,1.4229674455438284,0.0,24.0
TSL,2025-03-24,10.3309,2604.4465800000125,5.209807470791534,target,1,1,2.8769841269841363,41970.0,0.6696045843308833,93.01740642609128,4.0,0.9310344827586162,1.984126984126977,1.0,1.586118098692583,4.56431535269709,6.224066390041489,0.9666666666666672,667046.75,7.816030582739425,-30.67400275103164,6.880604813426008,1.1939073235871398,0.1401541695865372,0.0140154169586616,1.2092627398134572,1.4229674455438284,0.0,24.0
TSLG,2025-03-24,4.939373799999999,4140.630832800003,8.281867632694663,target,1,1,4.508403361344536,70003.0,1.0150755793755153,66.25167294175166,2.0,0.9319664492078298,3.151260504201688,1.0,2.2653707810962773,7.207207207207193,11.26126126126126,0.9800000000000004,929835.85,12.963450702649244,-47.64167546638508,11.07831380842848,0.7740441498356941,0.1401541695865372,0.0140154169586616,1.2092627398134572,1.4229674455438284,0.0,24.0
TSLL,2025-03-24,10.070119999999998,4363.837799999995,8.72799926912489,target,1,1,4.739824832560526,11183725.0,1.430390599147093,27.5721217560136,4.0,0.891304347826089,2.9366306027820728,1.0,1.6047799587765417,7.356194690265498,11.504424778761074,0.9615384615384608,169195083.4,13.35586749788762,-47.822580645161295,11.02657547697973,1.0388696022830175,0.1401541695865372,0.0140154169586616,1.2092627398134572,1.4229674455438284,0.0,24.0
TSLR,2025-03-24,15.862444999999996,4303.457120000003,8.607185084014484,target,1,1,4.670150228608751,118194.0,1.3626224268356562,38.405890547059705,4.0,0.9225174825174842,2.9366427171783163,1.0,1.6311013147183495,7.514044943820227,11.16643258426966,0.9622036349915096,3551193.2,13.212568298990291,-47.56849315068493,11.008097830291758,0.9270379882457536,0.1401541695865372,0.0140154169586616,1.2092627398134572,1.4229674455438284,0.0,24.0
TSLT,2025-03-24,13.741099999999998,4379.933719999997,8.76159841642954,target,1,1,4.769114307342914,249687.0,1.3358663087675489,40.64689907322048,4.0,0.886984126984128,3.1703255109765265,1.0,1.451081511575102,6.963562753036447,11.29554655870445,0.9749103942652328,6511071.55,13.265673101721688,-48.0943025540275,10.987040895904354,0.8353655705104331,0.1401541695865372,0.0140154169586616,1.2092627398134572,1.4229674455438284,0.0,24.0
BBAI,2025-03-25,3.83,0.0,0.0,no_fill,0,0,4.289544235924937,4584678.0,1.7031061332612438,27.08364154114672,4.0,0.625,1.0723860589812342,1.0,0.4097951866466131,5.367231638418078,14.689265536723164,0.923076923076923,44700205.25,11.063010142896497,-40.36770583533173,8.594963936595173,1.0960831102671502,0.0843038414740159,-0.0225969059621059,0.2125139353400072,1.1625964361403551,1.0,25.0
TSLG,2025-03-25,5.69,0.0,0.0,no_fill,0,0,4.569420035149396,53897.0,1.4718223275260118,74.69949639687175,1.0,0.0,-4.569420035149396,0.0,-2.0430728481396043,3.832116788321167,14.324817518248176,0.9808917197452234,983452.3,13.158397460914598,-31.77458033573141,11.984202928002135,1.560044142456121,0.0843038414740159,-0.0225969059621059,0.2125139353400072,1.1625964361403551,1.0,25.0
TSLL,2025-03-25,11.5,0.0,0.0,no_fill,0,0,4.608695652173908,11531969.0,1.7747673647628457,36.07780695720624,1.0,0.037735849056603,-4.4347826086956506,0.0,-1.728240835269336,3.046594982078852,14.426523297491034,0.9813664596273296,176077867.15,13.531925341931244,-32.35294117647059,11.940153845276145,1.2351668470332218,0.0843038414740159,-0.0225969059621059,0.2125139353400072,1.1625964361403551,1.0,25.0
TSLR,2025-03-25,18.26,0.0,0.0,no_fill,0,0,4.600219058050382,184638.0,1.6114848623539455,75.45748360556735,1.0,0.0476190476190466,-4.381161007667036,0.0,-1.8543459684642465,3.69108461101648,14.366837024417942,0.9920948616600792,3681096.15,13.399190311560655,-31.66167664670657,11.94647882538961,1.1456685259362216,0.0843038414740159,-0.0225969059621059,0.2125139353400072,1.1625964361403551,1.0,25.0
TSLT,2025-03-25,15.82,0.0,0.0,no_fill,0,0,4.614412136536033,463708.0,1.6959491571163643,59.69054366038565,1.0,0.027397260273972,-4.48798988621998,0.0,-1.8105192427279035,3.805774278215224,14.402887139107612,0.9886104783599088,6741573.2,13.441972602016024,-31.92771084337349,11.900044856543818,1.146288673391546,0.0843038414740159,-0.0225969059621059,0.2125139353400072,1.1625964361403551,1.0,25.0
JYD,2025-03-26,5.9,0.0,0.0,no_fill,0,0,6.80546075085325,81847.0,4.222515407272709,110.32865758800249,2.0,0.3856569709127387,-3.4982935153583625,0.0,-0.4049893425646793,8.518518518518517,11.944444444444452,0.9302325581395352,225202.8,6.9600524041663405,7.621671258034894,4.595341383741441,17.24800934979494,0.1529929240772606,-0.0312940071976327,-0.0469189865498873,0.8504232332546691,2.0,26.0
JYD,2025-03-27,6.76,0.0,0.0,no_fill,0,0,8.70870870870871,157090.0,4.036869716255287,81.79485894971303,0.0,0.2703448275862077,-4.852852852852852,0.0,-0.6662668350258734,7.766990291262143,15.85760517799352,1.0,896805.3,7.5187728834516925,7.766990291262143,5.278412222213272,15.01538739791123,0.2803244005641805,-0.1622002820874599,-0.24798184983909,0.9807998975028132,3.0,27.0
XYF,2025-03-27,16.248599999999996,4104.1026,8.20870721169824,target,1,1,4.339739615623058,93281.0,1.969328126154316,127.0111227205177,2.0,0.200000000000001,-3.0378177309361343,0.0,-0.5056096449212893,5.355976485956881,16.787720444154147,0.9299665395689052,200760.2,7.820075567517646,4.131697869593278,6.130374474815898,2.500605199636183,0.2803244005641805,-0.1622002820874599,-0.24798184983909,0.9807998975028132,3.0,27.0
HPP,2025-03-28,3.27,0.0,0.0,no_fill,0,0,2.795031055900617,242718.0,1.613576109697629,76.07835507801309,1.0,0.6111111111111089,0.4658385093167602,0.0,0.2255418938155356,6.976744186046526,6.976744186046512,0.9047619047619048,2852446.15,6.4152906884792,-4.166666666666657,4.54466677705226,1.2837521928328075,0.2457914839439783,-0.0848953175838154,-0.2733300416167151,1.0437162080452154,4.0,28.0
FNGD,2025-03-31,19.90955,-2231.249490000001,-4.463134525893356,stop,0,1,4.216553878188456,321453.0,1.0226033235426848,48.75024100887907,4.0,0.8888888888888894,2.863092139510675,1.0,2.0548210320710902,6.308799114554513,9.18649695628113,0.9277108433734934,5616485.65,8.188397864080898,-0.7747933884297448,6.732292849798458,1.5574461585244146,0.4183187224909887,-0.2055218071368802,-1.049202749883009,1.5578848086585952,0.0,31.0
MSTZ,2025-03-31,15.416109999999998,-2870.559286499993,-5.741756513154084,stop,0,1,5.6550068587105535,1268251.0,1.6591607834393514,20.607659120169185,5.0,0.9029714978775012,4.869684499314123,1.0,1.9856355921376208,4.741379310344829,15.94827586206897,0.9819819819819816,28642676.65,19.86478989824805,-50.5427408412483,15.01288424892884,1.0615857369600967,0.4183187224909887,-0.2055218071368802,-1.049202749883009,1.5578848086585952,0.0,31.0
SMST,2025-03-31,4.5022664,-2959.553572,-5.919383179991302,stop,0,1,5.826697892271667,2074760.0,1.6937154280271542,29.251047844661155,4.0,0.90434083601286,4.566744730679164,1.0,2.252682258540536,5.172413793103448,16.00985221674878,0.9846153846153836,27744449.5,19.91680362116443,-50.43528728961115,15.05575862308342,0.9367520519734948,0.4183187224909887,-0.2055218071368802,-1.049202749883009,1.5578848086585952,0.0,31.0
MLYS,2025-04-01,17.17,0.0,0.0,no_fill,0,0,10.577507598784209,148744.0,2.916137065673896,161.77551045741032,0.0,0.0,-6.20060790273556,0.0,-5.854274151629392,3.5894206549118293,12.342569269521404,0.9285714285714292,2133911.1,9.866658597792748,-10.500544069640911,10.483698519998663,1.0094370847970189,0.0,0.0,-0.346806342623204,1.846835787212812,1.0,1.0
CGNT,2025-04-02,9.6698227,1397.075141000001,2.794542448022342,eod,1,1,5.470652173913038,182646.0,2.281734829202583,111.53043305933612,5.0,0.7399165507649501,3.36956521739131,1.0,1.8896121261225856,11.922141119221394,6.934306569343068,0.9649122807017552,317970.45,3.480908480616603,-0.5405405405405482,2.417953039119971,2.395395546976142,0.0,0.0,-1.0553149009751095,2.0467404751423888,2.0,2.0
HERE,2025-04-02,7.96,0.0,0.0,no_fill,0,0,12.867292225201076,1127396.0,4.236022523980294,49.140336313052735,3.0,0.9166579852067924,5.630026809651474,0.0,4.033508334103029,13.37386018237082,35.50607902735562,0.9973034284980526,1507681.9,11.582347616480256,13.265414572673588,14.65499987973578,6.814786328601544,0.0,0.0,-1.0553149009751095,2.0467404751423888,2.0,2.0
DRIP,2025-04-04,14.132269999999998,3758.4888676000137,7.516982055961313,target,1,1,4.126013264554169,157705.0,1.0083182499475771,51.53815554178072,4.0,0.9464190033934644,3.6109064112011806,1.0,1.929595713528632,8.733974358974358,8.653846153846153,1.0,1609266.4,4.79605849323206,5.071622144792886,5.558067020617694,1.9501569162197137,0.0,0.0,-2.427799515558056,1.9947792813335388,4.0,4.0
EDZ,2025-04-04,9.403125,1341.000569999999,2.682193419740776,target,1,1,1.5524625267665908,19040.0,0.4570706031407415,84.98995927499402,3.0,0.931034482758622,0.2676659528907961,1.0,0.9238508489261668,11.58900836320192,2.15053763440862,0.9444444444444362,216289.15,2.724497707286728,11.324330444939736,3.320745220671157,2.3293077808110114,0.0,0.0,-2.427799515558056,1.9947792813335388,4.0,4.0
ERY,2025-04-04,25.52635,2773.859439999999,5.549872974397043,target,1,1,3.04121648659463,58202.0,0.6836096921435864,78.41742387931846,3.0,0.9806578947368452,1.781912765106055,0.0,1.748245258611032,6.476352790796761,6.582871751171701,0.990291262135922,259036.45,3.650551583988216,0.3614457831325295,4.17935887038035,3.574022111559976,0.0,0.0,-2.427799515558056,1.9947792813335388,4.0,4.0
FAZ,2025-04-04,7.03103,1928.9327044000004,3.858046402874118,target,1,1,2.1399999999999992,1051417.0,1.05338616279977,61.210276593981625,2.0,0.6662216288384523,-0.571428571428572,0.0,0.3786530896746425,10.236220472440952,5.511811023622056,0.9428571428571416,32353462.45,5.416360531848284,2.5641025641025617,4.908719806629319,1.4437114133359163,0.0,0.0,-2.427799515558056,1.9947792813335388,4.0,4.0
NVDQ,2025-04-04,4.55362,3530.070000000004,7.060316846816388,target,1,1,3.803131991051453,1025658.0,1.429657975910594,57.674407093040536,2.0,0.7076470588235314,0.4541387024608647,0.0,0.6483182570798943,5.924170616113744,6.386255924170624,0.962894248608532,48133249.5,7.817325795478486,5.67375886524821,6.763591129151241,0.977310289428932,0.0,0.0,-2.427799515558056,1.9947792813335388,4.0,4.0
SDS,2025-04-04,24.488245,983.2721600000026,1.967311254849016,target,1,1,1.1929247223364836,842077.0,0.4944687116789208,61.731345467639656,3.0,0.6034482758620732,-0.0411353352529741,0.0,0.1703898003769274,5.37494581707845,3.554399653229303,0.9207317073170715,12581474.25,3.190323325795476,5.07888480657012,3.0911423352358374,1.3116662381596498,0.0,0.0,-2.427799515558056,1.9947792813335388,4.0,4.0
SPXS,2025-04-04,8.625799999999998,1537.6788000000097,3.0756567506782178,target,1,1,1.7564402810304494,3352307.0,0.7817106118058618,90.94595957073292,2.0,0.6333333333333361,0.0585480093676906,0.0,0.4196961564306686,7.828282828282819,5.176767676767679,0.9512195121951208,90495822.9,4.818771683279334,7.556675062972275,4.76845755945193,1.2036608155977109,0.0,0.0,-2.427799515558056,1.9947792813335388,4.0,4.0
TZA,2025-04-04,21.67483,1620.5876200000023,3.2423322351317223,target,1,1,1.832096474953616,1451808.0,1.0695973399997774,56.35763263359902,3.0,0.6202531645569652,-0.4638218923933111,0.0,0.2168510149184151,11.248710010319916,7.19814241486068,0.935483870967742,23751512.9,6.042168013464922,10.734463276836156,5.89906601617843,1.636366245958168,0.0,0.0,-2.427799515558056,1.9947792813335388,4.0,4.0
VIXM,2025-04-04,18.59,0.0,0.0,no_fill,0,0,1.7269293038316258,48394.0,0.5734941977259103,64.53733395271105,1.0,0.5481249999999989,-0.4565569347004953,0.0,-0.0397834291682736,6.616800920598402,5.120828538550061,1.0,359444.7,3.054092506935883,6.616800920598402,3.291851644747122,1.9336882697115856,0.0,0.0,-2.427799515558056,1.9947792813335388,4.0,4.0
AAPD,2025-04-07,21.24354,-810.5143799999869,-1.6214811655684245,stop,0,1,1.235154394299278,295026.0,0.825211165731033,87.00506451193148,2.0,0.615384615384607,0.1425178147268293,1.0,0.1738524485540486,6.0987903225806495,5.670362903225806,0.9155555555555566,1792291.3,2.721075526654741,5.593177827940818,3.016102628266453,2.618600558960477,0.5969050880026199,-0.3250270855904608,-3.184373020899298,2.8173780781400337,0.0,7.0
ERY,2025-04-07,30.1903,-1158.9019199999984,-2.31802930080191,stop,0,1,1.9614474129185049,56973.0,0.7113823045233159,71.62498624096526,2.0,0.2413793103448278,0.304362529590801,0.0,-0.6193863104547706,7.060101375814624,11.2599565532223,0.942122186495177,305112.25,4.003240133298816,6.366906474820143,5.74114070923979,3.764739042762131,0.5969050880026199,-0.3250270855904608,-3.184373020899298,2.8173780781400337,0.0,7.0
FAZ,2025-04-07,8.635829999999999,-1471.101258899988,-2.942625086413211,stop,0,1,2.59316037735848,1164656.0,0.921533925838928,71.26024080161325,4.0,0.8863119599818159,1.2382075471698162,1.0,0.9749918616001398,9.560723514211888,11.948320413436695,0.9513408304498272,33655490.95,5.695191026204331,8.927424534360954,6.755604077187097,1.9844837533115824,0.5969050880026199,-0.3250270855904608,-3.184373020899298,2.8173780781400337,0.0,7.0
GDXD,2025-04-07,8.9499,0.0,0.0,no_fill,0,0,5.463953488372083,380447.0,2.050341230638023,109.39753908777176,3.0,0.2553734837199392,0.0,1.0,-1.2731333892035492,6.17283950617284,16.392592592592603,0.9112818195511366,4573544.85,8.125203423411467,-10.6029106029106,7.651791275976532,2.051538425385727,0.5969050880026199,-0.3250270855904608,-3.184373020899298,2.8173780781400337,0.0,7.0
LABD,2025-04-07,13.901579999999996,-1851.868079999992,-3.7044710025766703,stop,0,1,3.379867744305651,396326.0,1.5494392679507918,64.75326718451217,3.0,0.4782608695652159,0.0734753857457736,0.0,0.0162946683875234,11.55737704918033,12.70491803278689,0.916129032258064,10688871.4,7.330001176312931,10.381184103811837,6.925611062023136,1.2737220320566305,0.5969050880026199,-0.3250270855904608,-3.184373020899298,2.8173780781400337,0.0,7.0
OILD,2025-04-07,22.59759,-1967.1758400000035,-3.935463914514784,stop,0,1,3.6815462494247617,48515.0,1.0926481134937938,91.69186140081538,3.0,0.6001249999999997,2.209387942936034,1.0,-0.3234790328102672,8.271051320378675,15.545590433482817,0.9871794871794874,184003.1,5.74509571436414,8.055693684733969,8.961911151987536,4.3656873172245465,0.5969050880026199,-0.3250270855904608,-3.184373020899298,2.8173780781400337,0.0,7.0
SDS,2025-04-07,27.918505,-726.8205499999916,-1.4543937793230524,stop,0,1,1.0707803992740534,1665692.0,0.5994269238734603,46.265776840102,3.0,0.6101694915254192,0.6170598911070713,1.0,0.1795638824759482,6.535189481825218,6.844547563805103,0.9802259887005648,13161027.5,3.326340126596113,6.391195211430782,3.9005831156298494,2.4983975605248148,0.5969050880026199,-0.3250270855904608,-3.184373020899298,2.8173780781400337,0.0,7.0
SPXS,2025-04-07,10.4411297,-964.2060035999932,-1.9287156254748816,stop,0,1,1.5584795321637464,5919761.0,0.901509366547772,70.9627787617923,3.0,0.5941213258286455,0.828460038986363,1.0,0.3215674979780507,9.850107066381156,9.74304068522484,0.9780219780219784,90973091.2,4.992769756404552,9.61538461538462,5.91789739644998,1.4394597047615767,0.5969050880026199,-0.3250270855904608,-3.184373020899298,2.8173780781400337,0.0,7.0
ATYR,2025-04-08,3.13,0.0,0.0,no_fill,0,0,5.31561461794019,176971.0,1.8587054829950305,91.48961284248738,3.0,0.4562500000000006,1.0963455149501784,1.0,-0.0703180996524898,5.614035087719287,20.877192982456148,0.9243697478991598,1566712.3,8.882309496884504,-30.32407407407408,6.108590898230701,1.0865255860951624,0.4158123670645867,-0.2663498572441387,3.465640984971652,4.8068424320919405,1.0,8.0
FLEX,2025-04-08,30.22,0.0,0.0,no_fill,0,0,3.3503401360544203,177220.0,1.282887203062104,74.5416587092731,3.0,0.639593908629441,1.581632653061224,0.0,-0.0182353079379874,4.738154613466328,11.489134307089424,0.917829457364341,4095520.55,4.631291751059787,-22.12951926897101,4.422651414638202,1.7059318625565194,0.4158123670645867,-0.2663498572441387,3.465640984971652,4.8068424320919405,1.0,8.0
GRAL,2025-04-08,26.2,0.0,0.0,no_fill,0,0,5.200308166409854,75246.0,2.295468989876718,76.30464968824168,2.0,0.1925925925925914,-3.274268104776585,1.0,-1.982468402969155,8.27945776850886,16.349947862356615,0.9018087196101946,1202744.1,10.250016912701328,-22.484323678710066,6.2773507303067095,1.3764881490584735,0.4158123670645867,-0.2663498572441387,3.465640984971652,4.8068424320919405,1.0,8.0
GTX,2025-04-08,8.33,0.0,0.0,no_fill,0,0,0.7220216606498254,22473.0,0.3491825249497859,126.61309187986028,1.0,0.0,-0.4813477737665574,0.0,-0.4527672866410828,3.1017369727047144,13.027295285359813,0.9142857142857144,1253052.6,3.912775332666276,-10.836909871244632,3.470061713099865,2.8812254170335705,0.4158123670645867,-0.2663498572441387,3.465640984971652,4.8068424320919405,1.0,8.0
LOVE,2025-04-10,19.3,0.0,0.0,no_fill,0,0,11.18941048034935,224287.0,4.572465976453644,58.5875638009479,3.0,0.7999902434265086,3.1113537117903944,1.0,2.249705595966834,15.003138731952296,24.670433145009422,0.9694656488549616,620410.25,7.429755697788024,-2.966101694915248,8.299367889067579,3.06499932907298,0.0,0.0,-2.9984324304618943,8.515330794495735,3.0,10.0
ALT,2025-04-14,4.75,0.0,0.0,no_fill,0,0,4.468085106382977,153865.0,1.2507905596555389,24.03908269498871,1.0,0.0952380952380932,-2.978723404255331,0.0,-1.7372069464469946,6.575963718820862,6.575963718820862,1.0,2495440.25,7.803803875747316,-23.7012987012987,5.537924048663533,0.5698906235082166,0.0,0.0,1.8934711765366707,5.933838140197816,0.0,14.0
AVGX,2025-04-14,17.21,0.0,0.0,no_fill,0,0,2.758215962441329,54145.0,0.8547559623989848,54.542568879348565,2.0,0.0,-1.7605633802816945,0.0,-1.3028891220303147,3.649635036496337,9.975669099756692,0.9085365853658546,1133862.0,11.592548184348798,-18.03751803751804,11.638757155916544,0.8955578368443426,0.0,0.0,1.8934711765366707,5.933838140197816,0.0,14.0
AVL,2025-04-14,18.6,0.0,0.0,no_fill,0,0,2.9300054259359887,62620.0,0.9727776653766982,76.62387434970475,1.0,0.0,-2.0075963103635432,0.0,-1.429537405409339,3.6557930258717577,9.448818897637794,0.9226190476190482,721492.5,11.47160278866222,-18.282468640952768,11.810770680456438,1.0069820545605117,0.0,0.0,1.8934711765366707,5.933838140197816,0.0,14.0
BABX,2025-04-14,25.36587,115.65828000000494,0.2313344663518441,eod,1,1,2.4716369529983773,214108.0,1.1860475215496935,40.3508920980755,3.0,0.6065573770491826,1.499189627228529,0.0,-0.2357123766750295,7.631923244657654,10.407762756214574,0.9637544521265448,1325474.15,9.305725292124352,-45.49469964664311,7.556758588232144,0.6946668858083729,0.0,0.0,1.8934711765366707,5.933838140197816,0.0,14.0
FNGU,2025-04-14,13.1173,0.0,0.0,no_fill,0,0,1.964122137404586,219517.0,0.8684185021673781,22.029170546134186,0.0,0.0777302759424846,-1.6793893129770907,0.0,-0.6792384540347667,7.818930041152257,9.1358024691358,0.954954954954956,2510512.65,11.406528373036862,-23.48130841121496,11.973125277203014,0.8425689470236288,0.0,0.0,1.8934711765366707,5.933838140197816,0.0,14.0
HELP,2025-04-14,7.311869999999999,1713.3292800000008,3.4267567667368284,target,1,1,1.9580419580419528,40679.0,0.8624212863268915,100.41083871131455,2.0,0.3571428571428567,0.6993006993006968,0.0,-0.2746588360162282,5.14705882352942,15.441176470588234,0.9523809523809526,233243.9,7.381073485236637,-7.022106631989597,6.238053451454683,2.40424722790178,0.0,0.0,1.8934711765366707,5.933838140197816,0.0,14.0
QTRX,2025-04-14,5.533049499999999,-1521.8386019999894,-3.0438820400937834,stop,0,1,2.7079482439925995,64476.0,1.3093829247151731,99.17582566373171,3.0,0.4436860068259363,0.4621072088724485,1.0,-0.1282438340843946,4.038461538461537,10.76923076923078,0.9464285714285712,879974.05,8.435410661033126,-27.866666666666667,6.392151540419853,0.8511307805042659,0.0,0.0,1.8934711765366707,5.933838140197816,0.0,14.0
ROBN,2025-04-14,13.56,0.0,0.0,no_fill,0,0,3.687315634218289,117945.0,1.469117526878514,35.71774763217476,1.0,0.0799999999999983,-3.3923303834808323,1.0,-1.003951399841602,6.186374314800321,15.661707126076744,0.9799999999999996,3085733.75,18.273874572167387,-25.49450549450549,15.264828448125906,0.9378796858283708,0.0,0.0,1.8934711765366707,5.933838140197816,0.0,14.0
SMMT,2025-04-14,24.152239999999995,4184.629200000002,8.3700725067323,target,1,1,4.42219440967876,351381.0,1.8476533273335864,59.0303888192344,1.0,0.2924528301886784,-2.670004171881521,0.0,-1.4504042412894145,3.141135972461276,13.554216867469874,0.9777777777777776,3099384.7,8.591790948125828,2.831402831402832,6.212818157643653,2.145674591476173,0.0,0.0,1.8934711765366707,5.933838140197816,0.0,14.0
TMC,2025-04-15,3.57,0.0,0.0,no_fill,0,0,8.415147265077135,4028015.0,3.715256238419782,57.14356910481085,1.0,0.3833333333333328,-5.049088359046288,1.0,-1.1180369265376466,25.971731448763247,25.44169611307421,0.9444444444444444,4880352.25,11.73065613101948,24.216027874564453,11.611291514813262,6.124902357201778,0.0,0.0,0.1029455408814271,3.201747563702307,1.0,15.0
SBEV,2025-04-16,4.25,0.0,0.0,no_fill,0,0,17.04260651629073,2705889.0,8.148600775819942,47.74539959725226,2.0,0.1176470588235295,-8.52130325814537,0.0,-7.031361948067624,41.48936170212768,36.17021276595745,0.9215686274509804,2843145.2,18.401272837254066,33.00000000000001,469.9324277606944,17.641061385116735,0.0,0.0,-1.1030300775655333,2.063656080974486,2.0,16.0
HTZ,2025-04-17,7.672949999999999,-5341.881959999991,-10.684417336226597,stop,0,1,10.63257065948856,11259487.0,5.094634700259579,24.97516984667327,3.0,0.5943037974683545,-1.352624495289359,1.0,1.0425306776444698,30.122591943957964,30.035026269702275,0.9650145772594756,14914315.0,10.700299422186536,28.769497400346623,14.812150852660976,6.127930380979616,0.0,0.0,0.376669329985165,2.158083430451156,3.0,17.0
SHFS,2025-04-21,4.04209,926.3008041000046,1.8527271782666976,eod,1,1,11.917098445595864,1396754.0,5.702573211881048,34.197720467994195,3.0,0.1089130434782608,-6.215025906735751,0.0,-3.6566973123785753,73.09417040358744,13.910313901345292,0.9993552546744036,146527.1,15.95691147390412,-42.21556886227545,373.4019157857184,14.761603826186418,0.0,0.0,-0.9973214794551776,1.9732247496153832,0.0,21.0
LXEO,2025-04-22,3.3701,0.0,0.0,no_fill,0,0,3.595808383233529,74622.0,1.6596618470772908,54.08171615283391,3.0,0.1665278934221485,-2.0958083832335284,1.0,-1.3199431484690187,4.049844236760122,20.065420560747675,0.9146095326812604,1458495.55,19.77565521972059,-27.233115468409583,13.765862119662872,0.7313309937764294,0.0,0.0,1.2181832334397118,2.4339923439526068,1.0,22.0
SBEV,2025-04-22,9.79,0.0,0.0,no_fill,0,0,20.66420664206641,872976.0,9.174907862547592,28.504826615799555,2.0,0.0119047619047627,0.0,0.0,-8.543212513420151,22.255639097744368,46.766917293233085,1.0,5344580.1,23.5314290947053,22.255639097744368,468.83129466259857,0.9152891169130388,0.0,0.0,1.2181832334397118,2.4339923439526068,1.0,22.0
ABEO,2025-04-23,5.68,0.0,0.0,no_fill,0,0,3.787610619469018,75811.0,1.0019129220595089,99.06209030125656,2.0,0.1261682242990663,-2.778761061946903,1.0,-1.8455423204455832,7.00757575757576,7.859848484848484,0.9156626506024091,893956.4,7.822021856994247,6.302916274694261,4.868605020287044,1.411303728011791,0.0,0.0,2.499762920815543,1.9575503007704,2.0,23.0
ADMA,2025-04-23,22.6678,-1168.561799999998,-2.337941926433086,stop,0,1,1.965163019205008,246308.0,1.236571327036588,114.42658833294864,1.0,0.5795454545454506,0.1116569897275506,0.0,0.1919441583400269,4.675081813931744,7.713884992987387,0.9818181818181811,3557180.4,7.243663715748092,0.62921348314607,5.008872825028714,0.8778112574779733,0.0,0.0,2.499762920815543,1.9575503007704,2.0,23.0
CRNC,2025-04-23,8.48,0.0,0.0,no_fill,0,0,2.777777777777783,50257.0,0.9927827078161302,88.74114236990675,2.0,0.3043478260869572,0.4830917874396246,0.0,-0.2549830889413289,5.882352941176459,8.56777493606138,0.9253731343283584,1106878.9,9.213396946709342,-16.40585562847047,7.451999680921073,0.974460711103988,0.0,0.0,2.499762920815543,1.9575503007704,2.0,23.0
CSIQ,2025-04-23,8.36502,-1901.134275000002,-3.802441596075088,stop,0,1,3.45036319612591,111277.0,1.4687778854875742,86.18521901106088,3.0,0.1578947368421049,-1.9370460048426168,1.0,-1.4587978559338382,4.689480354879596,12.167300380228136,0.9687499999999998,2420749.0,9.33134391638373,-21.826200526206208,7.544759516532144,1.148202890923429,0.0,0.0,2.499762920815543,1.9575503007704,2.0,23.0
EH,2025-04-23,16.41911,713.1999000000125,1.4265085013743382,target,1,1,0.9185548071035036,61687.0,0.5868125314588849,104.16265209362614,3.0,0.5573333333333291,-0.1616656460502074,0.0,-0.037563116546818,5.286911669890384,5.994197292069636,0.924706894697214,1867705.9,6.875377782446473,-30.03427592116539,4.579663003035716,0.8427959669667479,0.0,0.0,2.499762920815543,1.9575503007704,2.0,23.0
FTRE,2025-04-23,6.007969999999999,-2193.8464721999985,-4.387839819439841,stop,0,1,4.107876712328775,53496.0,2.062903668479122,89.07897048079393,2.0,0.3538974572738643,-0.0856164383561625,0.0,-1.531681367999738,6.181818181818179,9.181818181818196,0.95049504950495,2774380.05,9.782874739959423,-38.2010582010582,7.21063926729376,1.2681362814730448,0.0,0.0,2.499762920815543,1.9575503007704,2.0,23.0
GDXD,2025-04-23,4.7299,0.0,0.0,no_fill,0,0,3.2167381974248865,1089389.0,1.4802993552064834,61.283025964637616,2.0,0.200133422281523,-1.072961373390554,0.0,-0.8179170234850452,12.019230769230768,10.576923076923087,0.9090909090909092,9544414.7,12.009184356728674,-47.93237913272774,10.536448288735343,1.860145075213465,0.0,0.0,2.499762920815543,1.9575503007704,2.0,23.0
HERE,2025-04-23,5.1153,-687.6008999999948,-1.3752859069849173,eod,0,1,6.02910602910603,65188.0,1.5935992157318224,80.61091056947723,4.0,1.0,6.02910602910603,1.0,1.668811315349579,3.2188841201716625,13.51931330472103,0.9682539682539688,2328830.9,18.203462834958813,-39.57286432160805,17.4565322435466,0.231626950672975,0.0,0.0,2.499762920815543,1.9575503007704,2.0,23.0
JDST,2025-04-23,13.48,0.0,0.0,no_fill,0,0,2.503793626707133,430550.0,1.170520004128658,74.15140375124112,2.0,0.3009090909090893,0.5257966616084988,0.0,-0.4536901047835691,6.033789219629928,8.305711987127909,0.912824486633088,2280978.0,8.41371563785072,-37.535545023696685,7.637605136822624,1.9951547099533624,0.0,0.0,2.499762920815543,1.9575503007704,2.0,23.0
LXEO,2025-04-23,3.69104,-2621.7063859999967,-5.243535697256052,stop,0,1,5.042253521126768,30890.0,1.1483454372750534,101.12684482849006,1.0,0.6927374301675974,2.1126760563380333,0.0,1.6601062093168035,3.801169590643272,11.111111111111107,0.9473684210526316,1153314.65,18.74196872148641,-22.65795206971677,13.704449560961049,0.7357185656143361,0.0,0.0,2.499762920815543,1.9575503007704,2.0,23.0
MUU,2025-04-23,9.3275991,-1000.975175999991,-2.0021132769310204,stop,0,1,1.636065573770484,45455.0,0.809408746888048,57.50971869792417,2.0,0.7421509686038809,1.2142076502732286,0.0,0.2781147335664958,9.975961538461538,7.783653846153843,0.9468807906114888,632961.2,13.978679669412966,-48.30508474576271,14.189205532874768,1.1524339880548762,0.0,0.0,2.499762920815543,1.9575503007704,2.0,23.0
MXL,2025-04-23,11.5345,-1974.527059999996,-3.9498027656161865,stop,0,1,3.697024346257891,64189.0,1.7189784728824251,116.0159105526358,4.0,0.7439024390243892,2.7502254283137937,1.0,0.1893662887364997,6.532180595581169,3.554274735830924,0.9729729729729736,1474449.4,8.91256842982405,-17.238805970149258,8.081517431338813,1.0391465451442417,0.0,0.0,2.499762920815543,1.9575503007704,2.0,23.0
RGNX,2025-04-23,8.475349999999999,2275.7162200000025,4.551788421717103,eod,1,1,4.438964241676936,67814.0,1.556928439324784,104.5076839413894,2.0,0.2083333333333316,0.6781750924784182,0.0,-1.5928169928773244,3.708439897698199,14.32225063938619,0.9821428571428577,1029044.55,9.537466059822224,-6.242774566473999,7.890788637938587,1.396134890369907,0.0,0.0,2.499762920815543,1.9575503007704,2.0,23.0
RGTI,2025-04-23,9.207539999999998,-1148.689349999986,-2.2975192070846013,stop,0,1,1.933701657458552,1267374.0,0.8732281006519299,62.498068917350544,4.0,0.4771428571428544,0.4254143646408739,1.0,-0.0047762986111029,5.600933488914825,5.309218203033839,0.9780219780219784,31016163.05,9.959289501843555,-12.221144519883604,7.274510154323324,0.4709273347723132,0.0,0.0,2.499762920815543,1.9575503007704,2.0,23.0
RKT,2025-04-23,13.18945,-1392.0101499999962,-2.7846877618096206,stop,0,1,2.4532710280373795,688481.0,0.927118672923496,20.80138344625272,5.0,0.9841269841269816,2.3753894080996862,1.0,0.913512053697852,4.051863857374392,4.659643435980546,0.9826086956521742,16486041.4,7.578009598636984,-19.64956195244056,5.725735630738559,0.5669216625890555,0.0,0.0,2.499762920815543,1.9575503007704,2.0,23.0
RUM,2025-04-23,8.11427,-1610.0590587999975,-3.220632293478029,stop,0,1,2.890290037831017,169221.0,1.2060161117478685,116.63758277585568,3.0,0.5200698080279249,0.6305170239596559,0.0,-0.2711601390729817,4.894179894179896,6.084656084656085,0.9130434782608696,2328043.3,8.38506692995141,-6.375442739079114,5.945507931087303,0.8460151922432028,0.0,0.0,2.499762920815543,1.9575503007704,2.0,23.0
SMMT,2025-04-23,30.5915,4387.60046000001,8.777568932546643,eod,1,1,6.477462437395663,519003.0,2.6933353881789754,87.83900609918484,2.0,0.6726804123711334,-0.2838063439065137,0.0,1.1996145016575193,9.50639853747714,7.379890310786105,0.905866032500992,4027665.35,9.868700702393491,8.750907770515614,7.225736776769051,1.1498152397393195,0.0,0.0,2.499762920815543,1.9575503007704,2.0,23.0
TDUP,2025-04-23,4.03,0.0,0.0,no_fill,0,0,2.267002518891695,62890.0,1.0867700752366627,98.07689060071006,4.0,0.4444444444444433,0.2518891687657377,1.0,-0.2857178287527948,3.11688311688312,12.727272727272732,0.9183673469387754,1098892.25,7.691233910258184,2.0565552699228813,4.905636707755605,1.614391219885298,0.0,0.0,2.499762920815543,1.9575503007704,2.0,23.0
INDV,2025-04-24,10.60171,-1659.4193915999967,-3.3189938226946345,stop,0,1,2.9798076923077,74518.0,1.3811141749792708,76.65455465222387,2.0,0.1610196837689604,-0.8653846153846141,0.0,-1.12842487404709,10.052910052910065,5.608465608465602,1.0,1010918.05,5.034399387674828,4.208416833667334,3.4308103329249064,0.8539099682709197,0.0,0.0,0.2418661984983887,2.2172108714454453,3.0,24.0
MBLY,2025-04-24,14.4432,146.40030000000309,0.2928713858424788,eod,1,1,7.928571428571438,431449.0,3.152622868682898,82.99523649190792,2.0,0.949369369369369,2.455714285714285,1.0,3.5696126727292365,6.060606060606066,3.7121212121212137,0.9285714285714284,4399563.55,7.323897026344821,-15.151515151515152,6.265137539597851,1.2495989516960155,0.0,0.0,0.2418661984983887,2.2172108714454453,3.0,24.0
NVCR,2025-04-24,19.057,-2610.094840000004,-5.221598362806327,stop,0,1,4.857444561774032,82293.0,2.488827245370882,91.19094277634132,1.0,0.4619565217391304,-2.29672650475186,1.0,-0.8654277562510413,6.5841305571187485,4.867754642656153,0.9537572254335268,790171.85,5.595868642722176,-0.6295907660020853,4.535776208393565,1.617883502177406,0.0,0.0,0.2418661984983887,2.2172108714454453,3.0,24.0
METU,2025-04-25,25.97,0.0,0.0,no_fill,0,0,1.270696958028488,45749.0,0.6164452690843163,50.96817052091841,2.0,0.3936363636363633,-0.7705044281863652,0.0,0.0703433498347992,5.099150141643051,5.747065965196282,0.9647912118864864,1085823.6,9.99381907055545,-25.02886836027714,9.74645710354826,0.6851702247031654,0.0,0.0,-0.007316760869977,2.088817442920149,4.0,25.0
PONY,2025-04-25,9.60874,-4565.008660299999,-9.13106296975462,stop,0,1,8.992505353319059,2713266.0,3.812784890834483,20.454546848186016,2.0,0.6547208000952484,-0.5353319057815922,1.0,1.5806946387809884,23.38177014531043,23.64597093791281,0.9273743016759776,3592096.65,12.545426600047875,-14.590877501005895,13.694452609374109,5.843346113752257,0.0,0.0,-0.007316760869977,2.088817442920149,4.0,25.0
ROBN,2025-04-25,15.737069999999996,625.8054600000054,1.2516942480398303,eod,1,1,2.2259923175416114,62965.0,1.121416862956279,59.29362642589973,2.0,0.9700891573195316,0.3815620998719682,1.0,1.4877627849404986,3.375248180013235,12.90536068828591,0.943589743589743,2971118.7,17.17731231266537,2.6281208935610945,15.172454933312707,0.6592459601159657,0.0,0.0,-0.007316760869977,2.088817442920149,4.0,25.0
AMPY,2025-04-28,3.17951,-2241.5987499999924,-4.483395240147052,stop,0,1,4.140127388535028,235668.0,1.8122769382819124,168.66500815331372,4.0,0.9230769230769248,0.6369426751592362,1.0,1.0529926730889876,16.72862453531599,8.178438661710027,0.9772727272727276,854781.05,9.07326510364502,-22.101763874072784,6.457744506996186,2.346859467696435,0.0,0.0,0.1362051431062036,1.895036065864952,0.0,28.0
TSLL,2025-04-28,10.94273,-1796.9420099999936,-3.5940757014017404,stop,0,1,3.2512772875058022,7203507.0,1.768215660000175,19.03995250962296,2.0,0.6557142857142858,0.227589410125404,0.0,0.4293423239919484,3.0143540669856583,17.51196172248804,0.9234972677595624,237387002.8,16.11693859617263,-6.064572425828972,14.38537279623534,1.1245575530725729,0.0,0.0,0.1362051431062036,1.895036065864952,0.0,28.0
TSLT,2025-04-28,14.93467,-1737.4276999999995,-3.475804955851049,stop,0,1,3.112313937753727,347588.0,1.7480040505843035,72.32322710172545,2.0,0.6521739130434786,-0.3382949932340929,0.0,0.3294394305074861,3.646563814866757,17.528050490883587,0.9161832366473294,9362018.95,16.094672945030176,-5.979643765903315,14.385543182231697,1.049326651918388,0.0,0.0,0.1362051431062036,1.895036065864952,0.0,28.0
EVLV,2025-04-29,4.57,0.0,0.0,no_fill,0,0,5.777777777777793,197925.0,2.649557759720905,118.69251124009972,2.0,0.3269230769230759,-2.333333333333343,0.0,-1.7447250929021507,8.17307692307692,6.730769230769226,0.92857142857143,1671629.4,7.487694772776413,7.655502392344504,4.810176067187156,1.1714737728350555,0.0,0.0,-0.3521829899246718,1.6921463712957263,1.0,29.0
HUBC,2025-05-02,3.17,0.0,0.0,no_fill,0,0,11.993517017828204,112153.0,3.926694437986141,108.98769137196568,1.0,0.2162162162162163,-6.645056726094005,1.0,-4.8039707321195495,3.523489932885906,23.15436241610738,0.956521739130435,398914.05,12.494552272472408,-19.8680485207408,12.721346278695831,2.125650876423129,0.2133914183003135,0.0318758965095804,1.120919655487312,1.6872205735578678,4.0,2.0
KIDZ,2025-05-02,8.515469999999999,-7413.487829999992,-14.828658899626197,stop,0,1,15.08277130594728,2967538.0,7.622892303912473,45.38151997774364,3.0,0.394308943089431,-5.027590435315749,1.0,0.2693644498190053,52.14552238805968,61.56716417910447,0.978787878787879,16199564.722222222,35.78923307783069,-18.450000000000006,88.77192108739625,16.227179464852906,0.2133914183003135,0.0318758965095804,1.120919655487312,1.6872205735578678,4.0,2.0
DFSC,2025-05-05,6.7801,0.0,0.0,no_fill,0,0,10.511591962905726,145698.0,5.696943783992177,44.86859510864535,3.0,0.0,-5.718701700154561,0.0,-4.915052971333419,11.551724137931034,23.275862068965527,0.9259259259259256,447044.75,13.600110628220987,-10.138888888888896,594.8324613479042,2.090602786410085,0.1724291174117702,0.067549551151008,-0.7392899992942235,1.6251808398324452,0.0,5.0
HIMZ,2025-05-05,25.0,0.0,0.0,no_fill,0,0,8.420208500400967,130479.0,2.7333032920729314,24.285984701254552,1.0,0.0,-8.179631114675232,0.0,-3.424499368113011,7.038626609442063,18.8412017167382,0.9544419134396356,555430.4,19.090930093410527,6.12765957446809,15.855656711694197,2.1672580398912267,0.1724291174117702,0.067549551151008,-0.7392899992942235,1.6251808398324452,0.0,5.0
NBIS,2025-05-07,27.87,0.0,0.0,no_fill,0,0,3.883847549909257,1349641.0,1.9551612438739383,24.311678331971777,2.0,0.1635514018691595,-2.0871143375680554,0.0,-1.3487680792042445,10.02396166134186,7.268370607028755,0.9835164835164828,6393147.1,7.117202150817239,7.156748346946712,5.904999910060782,0.9422712954626056,0.2196018923502823,0.0178523609747429,0.2415891195418795,1.0267214158535585,2.0,7.0
WRD,2025-05-07,9.43,0.0,0.0,no_fill,0,0,8.598726114649686,3311261.0,3.833383420171306,62.31695770294341,2.0,0.4691358024691365,-4.458598726114649,0.0,0.9492405170282144,4.434589800443463,24.279379157427933,0.9543378995433792,7517607.9,12.565947628143102,-18.01566579634465,10.836641310165954,6.630969939254213,0.2196018923502823,0.0178523609747429,0.2415891195418795,1.0267214158535585,2.0,7.0
APPS,2025-05-08,3.94179,2334.870720000003,4.669959586888197,eod,1,1,5.503355704697988,391083.0,2.003403880489337,56.1134608910266,3.0,0.6585365853658524,3.6241610738254977,1.0,0.4764016631007436,3.1855955678670425,14.40443213296399,0.9807692307692304,2575709.65,9.43650210668953,2.900552486187845,5.901866099689592,2.041384594727127,0.184883762074937,-0.0813842397650536,0.7288603760135492,1.1359845491858116,3.0,8.0
ASST,2025-05-08,6.45932,-8859.513599999998,-17.720750791104944,stop,0,1,20.180180180180184,16497909.0,8.398822589302227,40.57415645560202,4.0,1.0,16.036036036036048,1.0,9.837457131076786,63.71681415929202,55.749262536873154,0.989417429493624,16018119.45,11.98140267088256,62.7565982404692,101.51226157274289,19.717634768917897,0.184883762074937,-0.0813842397650536,0.7288603760135492,1.1359845491858116,3.0,8.0
ARKO,2025-05-09,5.3637,0.0,0.0,no_fill,0,0,9.66734693877551,77444.0,2.7131761958492344,26.763523899829515,4.0,0.8127506860882429,7.653061224489795,1.0,1.5085894622794862,10.112359550561802,6.404494382022474,0.9473684210526327,492926.35,4.480174498501281,8.888888888888896,2.7605789805124736,1.9988401918461045,0.1535800028244606,0.1359271289365876,0.2513007468233591,1.3510876324855752,4.0,9.0
NUS,2025-05-09,7.161419999999999,-2291.5830599999954,-4.583727808172114,eod,0,1,8.339651250947686,69771.0,2.4161027294922524,37.12348217519797,3.0,0.6400000000000008,5.261561789234275,0.0,0.5745145370525383,7.061688311688305,6.2499999999999964,1.0,654545.3,5.1657562149442295,3.776553894571193,3.159744863290799,1.3200873950206349,0.1535800028244606,0.1359271289365876,0.2513007468233591,1.3510876324855752,4.0,9.0
SNBR,2025-05-09,8.625799999999998,-1936.4435999999864,-3.8732639291427775,stop,0,1,3.550295857988153,72981.0,1.6674364871316287,79.81390891706141,3.0,0.2333333333333292,-0.9467455621301784,0.0,-0.9336556653355514,10.747051114023582,9.305373525557012,0.9295774647887326,785057.8,9.23755837906182,-1.8583042973286887,5.484183900565483,0.6860106351404953,0.1535800028244606,0.1359271289365876,0.2513007468233591,1.3510876324855752,4.0,9.0
SPT,2025-05-09,24.74,0.0,0.0,no_fill,0,0,7.301066447908113,55319.0,2.267127950846474,59.29194248513018,2.0,0.398876404494383,-2.9122231337161497,1.0,-1.320545499378718,11.78358551123338,5.226960110041269,0.964912280701752,614260.25,5.118002962629142,10.919017288444032,2.658548354184773,1.28702288647198,0.1535800028244606,0.1359271289365876,0.2513007468233591,1.3510876324855752,4.0,9.0
ZKIN,2025-05-09,4.24,0.0,0.0,no_fill,0,0,14.975845410628022,1536470.0,6.948580801759313,45.222475522662,2.0,0.3064516129032256,-7.971014492753614,1.0,-3.024985206256145,64.28571428571426,54.76190476190476,0.920289855072464,4674597.1,11.258426871606234,57.41444866920151,27.62425448797209,19.373436055055954,0.1535800028244606,0.1359271289365876,0.2513007468233591,1.3510876324855752,4.0,9.0
AEVA,2025-05-12,11.900595,2990.187780000012,5.981045485540872,target,1,1,3.304347826086963,202650.0,1.368465034466774,102.43881740130412,3.0,0.8421052631578938,2.652173913043476,1.0,1.2324876885197686,3.417266187050367,8.183453237410058,1.0,1460453.6,9.95805152771078,3.417266187050367,7.500235151531442,1.8282087154292337,0.4316497274243738,-0.3886567266848941,3.035404188964099,1.2498113737481449,0.0,12.0
ASPN,2025-05-12,5.401154999999999,-1540.3185149999883,-3.080729954981828,stop,0,1,2.767175572519076,130581.0,1.026709833046283,70.88911142561368,4.0,0.9655172413793108,2.6717557251908333,1.0,1.1459892284669375,5.858585858585859,13.636363636363631,0.9777777777777784,1953822.6,5.8804512545872445,-11.932773109243696,7.058371460748282,1.9638231229385923,0.4316497274243738,-0.3886567266848941,3.035404188964099,1.2498113737481449,0.0,12.0
CANG,2025-05-12,4.904669999999999,-2236.155839999991,-4.47247215408986,stop,0,1,4.228329809725143,29497.0,1.4004497051461502,116.9098163086626,2.0,0.75,2.325581395348825,0.0,0.4177370380619404,4.415011037527598,9.713024282560696,0.9318181818181832,181972.35,6.399100674880856,3.728070175438615,3.6155066555663855,3.15256685974545,0.4316497274243738,-0.3886567266848941,3.035404188964099,1.2498113737481449,0.0,12.0
JMIA,2025-05-12,3.5294,0.0,0.0,no_fill,0,0,6.2329545454545405,496710.0,2.155119030129174,83.84652410644257,1.0,0.0911577028258889,-5.397727272727272,0.0,-2.225273915416404,6.666666666666673,9.648484848484848,1.0,2817593.05,7.02889982149072,6.666666666666673,5.704353122013928,2.493865819267264,0.4316497274243738,-0.3886567266848941,3.035404188964099,1.2498113737481449,0.0,12.0
LASR,2025-05-12,12.5899,0.0,0.0,no_fill,0,0,2.5171862509991985,80976.0,1.635685709346422,22.121645572522933,2.0,0.2381708478882164,-1.278976818545165,0.0,-0.614671768749803,7.197943444730076,10.28277634961439,0.9333333333333332,322558.9,4.7691048586848455,6.468085106382977,8.166095017810624,4.514620430563224,0.4316497274243738,-0.3886567266848941,3.035404188964099,1.2498113737481449,0.0,12.0
SHLS,2025-05-12,5.5,0.0,0.0,no_fill,0,0,3.2710280373831746,498451.0,1.4301886641799344,117.7851030615742,1.0,0.42857142857143,0.9345794392523498,0.0,-0.6700491960184259,5.108055009823179,5.893909626719053,0.9666666666666672,6327281.0,6.996031863932056,4.901960784313726,4.820361898008534,1.5380560781163346,0.4316497274243738,-0.3886567266848941,3.035404188964099,1.2498113737481449,0.0,12.0
SOC,2025-05-12,27.39,0.0,0.0,no_fill,0,0,3.918669131238456,265285.0,1.516929337141793,47.9061937925702,2.0,0.2311320754716985,-1.756007393715347,1.0,-0.9228708684538904,17.608695652173918,7.173913043478271,0.9151515151515148,1459797.4,6.119637775030936,16.8971477960242,3.873444119820282,1.353780325954821,0.4316497274243738,-0.3886567266848941,3.035404188964099,1.2498113737481449,0.0,12.0
SONO,2025-05-12,11.32,0.0,0.0,no_fill,0,0,1.6994633273702997,162795.0,1.017385170594965,160.90125106101732,2.0,0.684210526315786,0.7155635062611813,0.0,0.1444344746845033,7.1907957813998085,5.992329817833173,0.9599999999999994,2161930.75,4.244389119576452,6.934481109516974,3.304917830153017,1.947978213455727,0.4316497274243738,-0.3886567266848941,3.035404188964099,1.2498113737481449,0.0,12.0
TDAY,2025-05-12,4.07,0.0,0.0,no_fill,0,0,4.396984924623122,101928.0,1.5116002604043828,182.50611650721115,3.0,0.2754285714285711,-0.924623115577888,0.0,-1.4513938209042263,7.277628032345014,6.199460916442049,0.9565217391304338,2046229.85,6.4576437156284205,5.0131926121372015,5.320882006998539,1.0840013891890004,0.4316497274243738,-0.3886567266848941,3.035404188964099,1.2498113737481449,0.0,12.0
WTTR,2025-05-12,8.976849999999999,-1339.8735549999944,-2.680171775177251,stop,0,1,2.33485193621868,36625.0,1.260705199436094,122.35271920703136,3.0,0.902439024390246,1.7084282460136715,1.0,0.5951904877068993,5.783132530120465,5.903614457831327,0.9591836734693886,1321247.85,4.798320139300065,-2.5527192008879074,4.165138770143431,1.3239802055307033,0.4316497274243738,-0.3886567266848941,3.035404188964099,1.2498113737481449,0.0,12.0
NVDX,2025-05-13,9.58868,1884.131040000016,3.768610486532067,target,1,1,2.120890774125144,634703.0,0.8305197618521337,15.989825907173564,3.0,0.9479999999999972,1.2682926829268308,0.0,0.6289751606772637,3.1728665207877365,4.266958424507664,0.9743589743589748,18782747.9,6.902107139061051,3.0601092896174795,6.14714441540221,1.2349082851716282,0.1285435162650396,0.0034278271003979,0.0720424020995144,1.1284371830928306,1.0,13.0
FNGR,2025-05-14,5.1999,0.0,0.0,no_fill,0,0,14.036808400161554,379918.0,5.604308593915848,89.76895199547468,1.0,0.1712563364844497,-11.632916017615734,0.0,-3.298744160654156,18.719178082191792,18.972602739726028,1.0,1022254.05,13.417947059867188,18.719178082191792,10.51523552375442,2.274393532605716,0.1684160386506318,0.1633125223278707,0.1652920727966589,0.9749672521582806,2.0,14.0
FTK,2025-05-14,15.7161,0.0,0.0,no_fill,0,0,4.356573705179285,77136.0,2.5567797048635925,115.36987265737362,2.0,0.0153939948178624,0.0670650730411656,0.0,-2.4398358459891742,5.020920502092055,13.00557880055788,0.9249329758713134,363826.35,7.595229375863707,4.005524861878453,9.92915768350707,3.327095467384372,0.1684160386506318,0.1633125223278707,0.1652920727966589,0.9749672521582806,2.0,14.0
SMCL,2025-05-14,17.9799,0.0,0.0,no_fill,0,0,6.501422879908948,386513.0,3.965148496159946,57.05342134130428,2.0,0.6148997636347714,-0.1707455890722887,1.0,0.9734788763375324,35.88553750966745,21.577726218097457,0.9569892473118276,1520961.4,12.221375827952418,34.63601532567049,11.847485782817207,2.162855020515314,0.1684160386506318,0.1633125223278707,0.1652920727966589,0.9749672521582806,2.0,14.0
SMCY,2025-05-14,21.25,0.0,0.0,no_fill,0,0,2.4714828897338386,66366.0,1.4306661693140172,99.13011961531384,1.0,0.4423076923076935,-0.3802281368821212,0.0,0.0441317776146048,11.855396065922385,6.677830940988836,0.9155322028500904,509377.8,4.690010306203983,2.885588682585244,4.646771559646349,1.423165673886848,0.1684160386506318,0.1633125223278707,0.1652920727966589,0.9749672521582806,2.0,14.0
MX,2025-05-16,4.57368,-4349.405519999997,-8.698903290129605,stop,0,1,9.047619047619044,177475.0,2.4660055338211526,44.27675179345588,4.0,0.9868421052631582,8.45238095238094,0.0,4.108956077658994,6.060606060606066,11.11111111111111,0.9545454545454544,309594.65,5.089109460013605,5.527638190954779,4.200912905706431,3.610230344742714,0.1894291754756878,-0.1353234672304512,0.1337939911255569,0.8814268467209063,4.0,16.0
AISP,2025-05-20,5.69,0.0,0.0,no_fill,0,0,7.1684587813620135,281067.0,2.425082803219996,126.9196206121786,1.0,0.08,-4.623655913978494,1.0,-2.5172346124184863,3.910614525139664,18.99441340782124,0.9215686274509804,773905.8,7.159025721236688,2.3853211009174293,6.3536702634621065,5.869834545754793,0.1146498963092956,0.037092613511832,-0.2958729091367556,1.041297582013731,1.0,20.0
ARQQ,2025-05-20,25.38,0.0,0.0,no_fill,0,0,14.842667722145258,268332.0,5.831859372975355,52.7426352013876,0.0,0.2080000000000003,-11.300217692459928,0.0,-4.351642478085633,4.099711578079939,31.971569839307783,0.9330498099104324,510525.3,8.244739297235066,1.9181508299885044,9.13938149108608,5.136399704382917,0.1146498963092956,0.037092613511832,-0.2958729091367556,1.041297582013731,1.0,20.0
CHAI,2025-05-20,6.338959999999999,-4926.851159999997,-9.854613375064677,stop,0,1,9.569377990430633,3085752.0,5.770485145395219,31.48313400934314,2.0,0.599666666666666,-3.0334928229665064,1.0,1.4343345220385422,54.05405405405404,40.2948402948403,0.9207317073170732,14093571.0,17.794298097204525,49.28571428571427,28.72111210698309,5.811442678367321,0.1146498963092956,0.037092613511832,-0.2958729091367556,1.041297582013731,1.0,20.0
DFTX,2025-05-20,7.666229899999999,-481.51860779999856,-0.9630535603947878,eod,0,1,7.217931034482756,203993.0,2.946082876148197,40.12420690933374,4.0,1.0,5.424827586206896,1.0,3.544693218434801,3.4236804564907306,9.70042796005707,0.970588235294117,937488.55,5.622602593177086,3.129445234708389,3.623521611804291,2.7313944260972574,0.1146498963092956,0.037092613511832,-0.2958729091367556,1.041297582013731,1.0,20.0
LAES,2025-05-20,3.44029,-2812.716819999994,-5.625688532071414,eod,0,1,7.20588235294118,2514101.0,2.858051311537179,49.68588726440333,2.0,0.0816326530612245,-5.735294117647054,0.0,-3.1510160473635125,9.677419354838705,22.90322580645161,0.9859154929577468,7032367.05,8.4171527347597,9.324758842443732,7.894820043729137,3.7926566987142687,0.1146498963092956,0.037092613511832,-0.2958729091367556,1.041297582013731,1.0,20.0
NFE,2025-05-20,3.47,0.0,0.0,no_fill,0,0,7.058823529411772,1077234.0,2.6869323746859104,97.59992846674304,3.0,0.2504166666666657,-3.2323529411764738,1.0,-2.29068089434014,3.3434650455927013,21.88449848024316,0.9583333333333336,13161803.9,12.079863971476316,-53.835709436524105,16.455786178758235,2.349333665425603,0.1146498963092956,0.037092613511832,-0.2958729091367556,1.041297582013731,1.0,20.0
SBSW,2025-05-21,5.97,0.0,0.0,no_fill,0,0,3.0456852791878126,2388024.0,0.994228982846038,81.97300871151725,3.0,0.5005555555555543,-0.5059221658206511,1.0,-0.1876722055657523,6.678700361010832,9.657039711191338,0.9532710280373824,8654711.1,3.326489531363189,6.199460916442043,4.5436215996123925,2.217649529630169,0.2172923003721636,0.1393444015837572,-0.7438643839082344,0.9599463409626648,2.0,21.0
NAKA,2025-05-22,33.003715,-7602.891649999995,-15.21563557314683,stop,0,1,17.097450227034578,1010700.0,5.328910646200806,30.54393927834606,4.0,0.8314606741573027,12.050296891372684,0.0,4.52659762078057,25.405168637757345,26.893999123959706,0.9055522076906788,6494006.9,26.6963507448744,-8.966613672496027,58.65026893139754,1.7294151627710774,0.3175093536539359,-0.1578965434387051,-0.0343135572864916,1.2824721048985013,3.0,22.0
SMR,2025-05-23,28.5855,2858.303250000009,5.717059348270995,eod,1,1,6.280701754385961,1743980.0,2.749666672398515,109.22811699302537,2.0,0.6215642458100564,-2.376842105263153,1.0,2.089437825546109,12.559241706161137,11.848341232227488,0.9333333333333336,8710176.4,7.483545115277128,11.677115987460816,5.473559147093876,1.4031479316538296,0.3420257647835041,0.2222299385395278,-1.2193657925877674,1.163684638835122,4.0,23.0
TNXP,2025-05-27,31.92549,6339.951000000006,12.681089624622846,target,1,1,6.989966555183946,110965.0,2.0432259691316323,24.987790286548712,4.0,0.7894736842105274,4.983277591973251,1.0,1.846514815840372,3.352920843415136,11.02661596958174,0.9153605015673982,1059602.75,10.813236105832342,-8.534720097889261,6.933166124389039,1.4298500074674212,0.2678860886924855,-0.1689047383418421,1.2018442092175987,1.270931622060122,1.0,27.0
URNJ,2025-05-27,19.19,0.0,0.0,no_fill,0,0,0.9895779051589448,23216.0,0.4600584495488197,113.72936721838802,2.0,0.526066350710905,-0.4689942678478366,1.0,-0.0445576793391497,5.323819978046116,6.284302963776069,0.9301310043668106,213071.95,3.347977810125973,4.86338797814208,4.005953700538792,3.303527282685496,0.2678860886924855,-0.1689047383418421,1.2018442092175987,1.270931622060122,1.0,27.0
LVWR,2025-05-28,3.75,0.0,0.0,no_fill,0,0,9.189189189189186,1412283.0,4.578883879946498,30.135390231951423,2.0,0.8502941176470589,-0.0243243243243276,1.0,2.94898481555653,44.53125000000001,61.71875,0.9746835443037974,4161347.05,16.009777261257536,42.30769230769231,36.11109497976589,19.71317869294271,0.1250063390638505,0.0743614449684679,0.0693563393385719,1.381843170072817,2.0,28.0
RKLB,2025-05-28,30.64165,-2203.269133099997,-4.408607565193122,stop,0,1,4.112002674690741,2495742.0,1.4433974569147543,35.983540937109495,3.0,0.8943003496219214,1.7051153460381194,0.0,0.9285068364097449,3.99860917941585,7.579972183588328,1.0,16703903.9,5.722110649645996,3.99860917941585,5.009186521854584,1.3039766111202304,0.1250063390638505,0.0743614449684679,0.0693563393385719,1.381843170072817,2.0,28.0
OUST,2025-05-29,12.63,0.0,0.0,no_fill,0,0,3.864734299516912,281298.0,1.6709947468936504,91.64904162060913,1.0,0.0002083333333328,-2.1731078904991934,0.0,-2.243135723078926,4.020100502512566,12.102177554438864,0.9238754325259508,1567051.35,7.028981399800513,3.07053941908713,6.543290254512628,2.176661281712306,0.3136276262098293,-0.1770478535055398,0.9068790090687776,1.411749254444083,3.0,29.0
TROX,2025-05-30,5.541575,1197.625389999999,2.395438120029051,eod,1,1,3.3636363636363726,326313.0,1.238908764750846,125.48181525166848,3.0,0.4864864864864844,-1.272727272727278,1.0,0.6112376752381291,7.843137254901968,5.686274509803923,0.965517241379308,3754361.1,5.48589354218767,-7.251264755480602,4.924105050930698,1.3698980633482485,0.246217588426083,-0.12735392504797,-0.189814422506568,1.457089177452355,4.0,30.0
CLBR,2025-06-02,16.05803,2599.5417800000178,5.20026429144799,target,1,1,2.8107432854466023,213520.0,1.0040256898490512,114.27682537030044,1.0,0.2222222222222209,-2.1861336664584723,0.0,-1.1968959453369026,4.028589993502281,6.497076023391814,0.9000900090009002,924255.5,5.108291777217664,3.3576717732199763,2.331357466749473,1.826381341522988,0.3113515720702204,0.2739213284333764,-0.2765571183766259,1.1773223536095403,0.0,2.0
PEW,2025-06-02,16.05803,2599.5417800000178,5.20026429144799,target,1,1,2.8107432854466023,213520.0,1.0040256898490512,114.27682537030044,1.0,0.2222222222222209,-2.1861336664584723,0.0,-1.1968959453369026,4.028589993502281,6.497076023391814,0.9000900090009002,924255.5,5.108291777217664,3.3576717732199763,2.331357466749473,1.826381341522988,0.3113515720702204,0.2739213284333764,-0.2765571183766259,1.1773223536095403,0.0,2.0
URGN,2025-06-02,4.6138,2398.878320000007,4.797780571329505,eod,1,1,5.491990846681906,121510.0,1.8530632718727464,71.40711914973765,3.0,1.0,5.263157894736832,1.0,3.051393300980885,3.066037735849054,14.976415094339629,1.0,2443667.85,11.915553628505334,-62.80851063829788,12.38389828419312,1.1870463492000354,0.3113515720702204,0.2739213284333764,-0.2765571183766259,1.1773223536095403,0.0,2.0
AGEN,2025-06-03,4.898,0.0,0.0,no_fill,0,0,8.248704663212427,450210.0,4.114372978483294,58.516792400825466,1.0,0.3015075376884427,-4.248704663212437,0.0,-1.3561469398105133,16.828087167070223,17.719128329297824,0.9180103853511882,840533.45,10.87289683932303,15.15513126491646,8.319004901193013,1.994384637517996,0.1941621366107222,0.0269946314616593,-0.0624251320207191,1.284018278628749,1.0,3.0
FMST,2025-06-03,4.7888,0.0,0.0,no_fill,0,0,8.308558558558559,232673.0,3.480025796771028,39.642672938800814,3.0,0.7297370561127667,5.610360360360347,0.0,1.6792520286414785,6.220095693779921,22.102870813397136,0.9350579066998588,1207179.75,22.52862237248187,-3.2679738562091387,14.7434823124638,1.1291698688617002,0.1941621366107222,0.0269946314616593,-0.0624251320207191,1.284018278628749,1.0,3.0
VIVO,2025-06-04,5.58671,6416.254020000004,12.833671337871492,target,1,1,6.70289855072464,59990.0,2.237221010573784,67.31241506828577,3.0,0.5535135135135124,-2.086956521739126,1.0,0.5436418452011245,6.7698259187620815,23.754352030947786,0.911977851966452,1625288.75,19.63392464442936,-37.837837837837846,13.256721501383218,1.1965436910825846,0.1365273473490333,0.1013485216517136,0.1459511147645497,1.1736889838813278,2.0,4.0
VVPR,2025-06-04,5.58671,6416.254020000004,12.833671337871492,target,1,1,6.70289855072464,59990.0,2.237221010573784,67.31241506828577,3.0,0.5535135135135124,-2.086956521739126,1.0,0.5436418452011245,6.7698259187620815,23.754352030947786,0.911977851966452,1625288.75,19.63392464442936,-37.837837837837846,13.256721501383218,1.1965436910825846,0.1365273473490333,0.1013485216517136,0.1459511147645497,1.1736889838813278,2.0,4.0
APLD,2025-06-05,14.43,0.0,0.0,no_fill,0,0,6.800286327845377,15132037.0,3.019032353798316,33.621856989903094,2.0,0.221157894736841,-2.0035790980672967,0.0,-1.5143157413090678,5.433962264150948,22.71698113207547,0.926910299003322,62173110.15,9.895011154441123,3.711952487008166,13.339126077696504,3.5232809243659817,0.3103927179023841,-0.17736726737278,0.2852684040071897,0.8647878527380871,3.0,5.0
ATLX,2025-06-05,5.9685,0.0,0.0,no_fill,0,0,8.989071038251367,135777.0,4.033640440521279,48.917804052580976,3.0,0.6990881458966578,6.010928961748635,1.0,1.6289021151395635,7.0175438596491295,20.69590643274854,0.9811622868983702,229279.9,7.357229156308323,6.601941747572812,6.581116929782911,2.8625317788432394,0.3103927179023841,-0.17736726737278,0.2852684040071897,0.8647878527380871,3.0,5.0
HL,2025-06-05,6.820399999999999,-2762.3104999999946,-5.525335757433571,stop,0,1,5.422153369481017,2915452.0,1.622879692316825,76.14684438115617,4.0,0.785714285714285,4.1828040278853535,0.0,2.166198143851084,5.646481178396067,5.564648117839605,0.9117647058823548,18446272.0,4.170525665025785,5.130293159609127,3.062414979247582,1.3989554637381472,0.3103927179023841,-0.17736726737278,0.2852684040071897,0.8647878527380871,3.0,5.0
PDYN,2025-06-05,9.24766,-2392.014443999994,-4.784713105801889,stop,0,1,4.413043478260876,394380.0,2.3891931379159304,82.8904964465753,2.0,0.4165024630541872,-2.357608695652163,1.0,-0.5120688567984394,3.139013452914792,21.41255605381166,0.9214659685863872,2448182.35,11.530609441849618,1.4332965821389083,7.967844515048917,2.705729824414427,0.3103927179023841,-0.17736726737278,0.2852684040071897,0.8647878527380871,3.0,5.0
ZENA,2025-06-05,5.1153,11515.7287548,23.03286610755968,target,1,1,12.68287526427061,5157409.0,6.784059141204459,33.44972647006346,3.0,0.3498916486081017,-0.4228329809725256,0.0,-2.981060744694899,48.74213836477988,5.974842767295596,0.9473684210526326,1753999.1,8.87282402812965,26.470588235294123,4.561852111785635,0.5293754141607028,0.3103927179023841,-0.17736726737278,0.2852684040071897,0.8647878527380871,3.0,5.0
ACHR,2025-06-09,11.44,0.0,0.0,no_fill,0,0,7.26159230096238,6374980.0,2.234929613823359,34.48206194274675,0.0,0.0301204819277112,-6.955380577427821,0.0,-3.345193874457596,12.168792934249268,6.764474975466155,0.97098505730451,36972947.45,7.190078908954516,-17.887931034482758,7.30945287812382,1.1146187643203436,0.2317670990762641,-0.18444659352387,0.0968054211035886,0.8053147860255522,0.0,9.0
ARQQ,2025-06-09,26.52,0.0,0.0,no_fill,0,0,6.490566037735846,80502.0,1.909821930483308,49.771806860629646,1.0,0.0465116279069757,-6.113207547169815,0.0,-2.7921550437674183,3.718199608610565,16.751467710371823,0.9906542056074767,1288949.2,14.116400647495484,-19.45288753799392,10.215888908814442,0.7788576927624455,0.2317670990762641,-0.18444659352387,0.0968054211035886,0.8053147860255522,0.0,9.0
BTM,2025-06-09,4.8337,0.0,0.0,no_fill,0,0,6.729729729729741,195338.0,1.9511784136839203,99.20881518313244,0.0,0.1853568118628371,-4.989604989604976,0.0,-2.41005534703008,2.997858672376867,11.456102783725914,0.9439252336448594,2496774.15,14.51456820165804,0.2083333333333289,9.675688202466237,0.7723301685096348,0.2317670990762641,-0.18444659352387,0.0968054211035886,0.8053147860255522,0.0,9.0
DPRO,2025-06-09,3.6,0.0,0.0,no_fill,0,0,8.695652173913045,217129.0,2.995426769542891,40.84209263234218,3.0,0.4137931034482762,2.848575712143934,0.0,-0.6383296820869412,12.28956228956228,17.340067340067343,0.9805825242718452,436296.15,8.940123578546135,11.912751677852349,7.48713541968047,2.134676182680044,0.2317670990762641,-0.18444659352387,0.0968054211035886,0.8053147860255522,0.0,9.0
LTBR,2025-06-09,16.3,0.0,0.0,no_fill,0,0,6.153846153846154,183987.0,2.0820650745207105,59.136236345434845,0.0,0.0312000000000001,-5.654153846153841,0.0,-2.646042141918896,3.1746031746031744,9.904761904761909,0.9935897435897436,2801999.1,12.081219896004896,-8.192090395480223,10.896718381163424,0.6262778599750443,0.2317670990762641,-0.18444659352387,0.0968054211035886,0.8053147860255522,0.0,9.0
QUBT,2025-06-09,15.02,0.0,0.0,no_fill,0,0,7.588075880758803,3911317.0,2.826500888405975,39.52127399527907,1.0,0.0401785714285713,-5.521680216802165,0.0,-3.706719321632364,7.737226277372267,14.379562043795612,0.9238578680203045,32732714.4,11.40941724290486,0.5449591280653956,11.124564718970047,1.0854283138828231,0.2317670990762641,-0.18444659352387,0.0968054211035886,0.8053147860255522,0.0,9.0
RKLB,2025-06-09,30.310659999999995,-1220.5240048999894,-2.441913505017686,eod,0,1,4.366666666666663,2928683.0,1.86718707166649,49.86175145211767,0.0,0.0980152671755719,-3.205333333333336,0.0,-1.7886057328780145,3.73443983402489,9.474412171507602,0.9379562043795628,20685124.5,6.773771770616284,-2.534113060428853,4.602183793217652,1.6502937654544936,0.2317670990762641,-0.18444659352387,0.0968054211035886,0.8053147860255522,0.0,9.0
RXRX,2025-06-09,5.835,0.0,0.0,no_fill,0,0,4.884318766066841,3937124.0,1.8360451727382672,76.01341089585542,1.0,0.2456140350877201,-3.68466152527849,1.0,-1.175999088254469,6.284153005464477,14.845173041894345,0.9631901840490804,23264998.1,7.68456535673416,5.706521739130442,6.914745630717367,2.5928661906918444,0.2317670990762641,-0.18444659352387,0.0968054211035886,0.8053147860255522,0.0,9.0
BTM,2025-06-10,6.2186,-2368.0212,-4.736275045830251,stop,0,1,4.372469635627538,332807.0,2.0681601322712515,111.52014883561684,0.0,0.1111111111111118,-3.4817813765182164,0.0,-1.984763631965095,7.204861111111112,24.13194444444444,0.9424460431654677,2705260.9,14.90755595642464,5.736301369863013,10.141671229757703,1.8162444147253969,0.1266202392456084,0.0258238645829816,0.0900480256136735,0.8211298870771674,1.0,10.0
TSLG,2025-06-10,5.937759999999999,1970.802039999998,3.9419242273180415,target,1,1,2.190152801358227,116684.0,1.2616722015524109,57.21283878778246,1.0,0.0697674418604611,-1.5280135823429517,0.0,-1.0032410245595973,3.6971830985915486,17.165492957746473,0.974358974358974,6978330.35,10.051575556221286,-29.46107784431138,8.897975732610321,1.592810950831527,0.1266202392456084,0.0258238645829816,0.0900480256136735,0.8211298870771674,1.0,10.0
TSLL,2025-06-10,12.035999999999998,2209.1786184000166,4.418574277168528,target,1,1,2.432523051131605,8386081.0,1.5599548188822772,44.3401906280948,2.0,0.0696071674707127,-1.6764459346186027,0.0,-1.0323240118421748,4.101221640488646,17.36474694589878,0.9547738693467336,228171552.3,10.149853067571906,-29.32464454976303,8.882126153055037,1.1300689739840104,0.1266202392456084,0.0258238645829816,0.0900480256136735,0.8211298870771674,1.0,10.0
TSLR,2025-06-10,19.12721,2085.566830000006,4.1712565502234895,target,1,1,2.305057955742887,214182.0,1.4629051085277016,47.71159747928579,2.0,0.0742857142857117,-1.6596417281348856,0.0,-0.9840119120356112,4.0570175438596605,17.324561403508774,0.95886075949367,4535466.45,10.095578662312128,-29.25829295564666,8.856941573748847,1.3796772766338068,0.1266202392456084,0.0258238645829816,0.0900480256136735,0.8211298870771674,1.0,10.0
TSLT,2025-06-10,16.3489,2061.2754800000025,4.12296851775961,target,1,1,2.2755227552275583,377725.0,1.4795685093879078,52.19288800177727,1.0,0.057297297297298,-1.899138991389924,0.0,-0.9900736866886624,4.431599229287099,17.40526653821451,0.9520295202952032,7450481.9,10.103883848789245,-29.21201567261645,8.869324308807327,1.0251790558675138,0.1266202392456084,0.0258238645829816,0.0900480256136735,0.8211298870771674,1.0,10.0
ABCL,2025-06-11,3.57,0.0,0.0,no_fill,0,0,6.285714285714279,1245872.0,2.6421859192653283,73.04355040444803,4.0,0.590909090909091,-0.571428571428572,1.0,0.1592370108513036,15.89403973509934,17.052980132450337,0.9611650485436892,4777359.3,5.9423411512219095,15.13157894736842,5.285048303147464,3.9308343418926017,0.2267498634535501,-0.1804068256674277,0.1840551833919237,0.6163778952824878,2.0,11.0
DNA,2025-06-11,9.016468499999998,1235.3317350000084,2.470845431334913,target,1,1,1.450167973124302,44575.0,0.6555782772155029,126.41975051624506,1.0,0.6949806949806929,0.2239641657334778,0.0,0.0550007973250903,5.058823529411762,7.764705882352932,0.9545454545454556,982846.65,6.62887865560719,4.689331770222747,4.700424384632276,1.2819782211192357,0.2267498634535501,-0.1804068256674277,0.1840551833919237,0.6163778952824878,2.0,11.0
TSLG,2025-06-11,6.66,0.0,0.0,no_fill,0,0,1.659125188536958,122221.0,0.8929298847485201,50.34584679725975,1.0,0.2745454545454517,-0.7511312217194613,0.0,-0.3459015320916994,5.071315372424728,9.825673534072903,0.903225806451612,7100841.95,10.232812137163553,-20.59880239520957,8.991213801514723,1.1504500533207895,0.2267498634535501,-0.1804068256674277,0.1840551833919237,0.6163778952824878,2.0,11.0
TSLR,2025-06-11,21.45,0.0,0.0,no_fill,0,0,1.9248826291079817,394591.0,1.0445563513724494,78.21357651794818,1.0,0.2804878048780535,-0.6807511737089181,0.0,-0.347874119494051,4.926108374384236,9.991625615763535,0.9063254942562748,4529133.65,10.285101349350304,-20.611256056652994,8.964433370637964,1.08967086895305,0.2267498634535501,-0.1804068256674277,0.1840551833919237,0.6163778952824878,2.0,11.0
TSLT,2025-06-11,18.33,0.0,0.0,no_fill,0,0,1.9178082191780703,250248.0,1.1108701006656203,51.68097225846346,2.0,0.3142857142857145,-0.8767123287671241,0.0,-0.3545376527119296,5.187319884726216,9.913544668587909,0.9069767441860466,7347264.95,10.286170768828326,-20.54854157596865,8.982787782416853,1.3374956622463985,0.2267498634535501,-0.1804068256674277,0.1840551833919237,0.6163778952824878,2.0,11.0
XTIA,2025-06-11,3.76,0.0,0.0,no_fill,0,0,19.182389937106915,611589.0,7.534948037208303,27.352380102641245,3.0,0.4955737704918038,8.562893081761006,0.0,-1.3159553586264603,4.262295081967225,19.672131147540973,0.9333333333333332,1356433.1,14.162555464367838,2.912621359223311,11.664452538929314,3.4860937852371783,0.2267498634535501,-0.1804068256674277,0.1840551833919237,0.6163778952824878,2.0,11.0
ETHD,2025-06-13,15.180405,623.0685300000033,1.2464094337404108,target,1,1,0.828363154406892,66081.0,0.3295376705079881,96.065265150325,2.0,0.3599999999999994,-0.2319416832339307,0.0,-0.0728592550706346,10.874357090374728,5.501836884643639,0.961538461538461,1043602.75,6.569860713536175,-16.491422246817933,6.5860361385452535,0.9488370934246771,0.3692564745196385,0.2172096908938938,-0.8695652173913043,0.7965701787192377,4.0,13.0
TRON,2025-06-16,6.6798797,-11339.399253,-22.679297652620903,stop,0,1,26.98913043478262,11807697.0,10.296480489023525,37.78165231242113,4.0,0.6845885353738759,12.137681159420309,1.0,6.845574090230682,280.6896551724138,30.74482758620689,0.9327052489905788,799598.15,13.76297532100853,272.9729729729729,11.24072970584818,2.568821601200553,0.22151898734176,0.1882078614257154,0.5695142378559426,0.9101468021546336,0.0,16.0
OSCR,2025-06-17,16.352711399999997,-730.1381597999948,-1.460561457716415,eod,0,1,4.746851385390417,1333409.0,1.7418794440764371,54.616121001387086,3.0,0.6367736800212278,0.9445843828715388,1.0,0.548678336841436,6.220735785953187,5.317725752508361,0.9308176100628912,11356529.2,5.447428021699308,-7.995365005793746,4.6829485670141136,1.241103487850848,0.154943187497909,0.0349871713704846,-0.4098360655737562,0.8231625986803217,1.0,17.0
RDTL,2025-06-17,25.135179999999995,-4610.541779999987,-9.222213646371316,stop,0,1,9.719789842381784,139633.0,2.868666654628138,51.8409510150571,4.0,0.9864864864864876,9.588441330998254,1.0,3.25234975199733,11.74168297455968,7.632093933463789,0.9487179487179498,628406.95,10.766697571146477,11.306042884990257,8.222886819631587,0.9488755654277854,0.154943187497909,0.0349871713704846,-0.4098360655737562,0.8231625986803217,1.0,17.0
AAOI,2025-06-20,21.18336,3902.9208000000026,7.806976796882087,target,1,1,4.243902439024396,698244.0,2.0843613265948018,83.12873860440905,1.0,0.0689655172413777,-0.9268292682926892,0.0,-1.83610207713922,3.692463328275167,15.68032372281235,0.9258064516129032,4338125.05,9.076187485909076,2.5,6.323827710152921,2.3906828135348475,0.1621043484073711,-0.0116982519469317,0.1573379753615326,0.7773428115393068,4.0,20.0
AISP,2025-06-23,5.566649999999999,-3698.877419999992,-7.397806580259207,stop,0,1,7.039711191335734,189176.0,2.262220472008824,40.84172719331956,1.0,0.1730769230769229,-5.640794223826714,1.0,-2.275792193653051,5.725190839694653,13.167938931297718,0.9275362318840584,1074448.3,7.39931666653667,-1.0714285714285643,4.797460890724454,2.625749419492776,0.2487227749395029,-0.171417047593436,0.1278858450562009,0.9135836778117084,0.0,23.0
DEFT,2025-06-24,3.14,0.0,0.0,no_fill,0,0,6.514657980456032,290425.0,1.7813120457602076,99.10505833598504,0.0,0.0750000000000005,-3.745928338762208,0.0,-3.004805247089795,7.342657342657341,11.188811188811185,1.0,2451778.55,8.382364568815595,-21.07969151670952,5.02533308548284,0.8819466994684328,0.1389969056641103,0.0099283504045712,0.6964925435307946,1.1156509533119527,1.0,24.0
ORIC,2025-06-24,10.842429999999998,-1995.8713499999928,-3.9921862534505497,stop,0,1,3.668861712135471,191492.0,2.0103781181796405,87.62601829106906,1.0,0.0769230769230751,-1.693320790216383,0.0,-1.249746155852941,6.300000000000009,9.049999999999994,0.9889502762430942,2060812.05,9.32355490047437,5.56107249255214,8.28013789529082,0.396242345341488,0.1389969056641103,0.0099283504045712,0.6964925435307946,1.1156509533119527,1.0,24.0
SCO,2025-06-24,17.8331394,-618.816628200005,-1.2379727150004882,stop,0,1,0.8496880317640534,531014.0,0.3866854072592554,83.74020200798958,2.0,0.5674232309746287,0.4821327283040321,1.0,-0.007123987306071,6.332931242460801,12.243667068757548,0.99014778325123,4277974.8,4.110992727067174,-17.885421518397767,4.256986918187283,4.074397539695652,0.1389969056641103,0.0099283504045712,0.6964925435307946,1.1156509533119527,1.0,24.0
STEX,2025-06-24,8.024,1730.2863900000095,3.4607427716849646,eod,1,1,6.281407035175879,51317.0,3.8518253292556848,103.5474766560953,3.0,0.0600000000000005,-5.402010050251253,0.0,-4.421628921776902,6.989247311827951,16.532258064516135,0.9186991869918704,1176489.65,22.39698976717668,-9.545454545454552,12.16362333933948,1.1579302886344984,0.1389969056641103,0.0099283504045712,0.6964925435307946,1.1156509533119527,1.0,24.0
TSSI,2025-06-24,29.1736592,-877.6541795999985,-1.7562047890104893,eod,0,1,3.454640980735552,217002.0,1.934701084713396,60.40100087885004,4.0,0.5626077258440636,0.3677758318739069,1.0,-0.0869110519702423,5.897626112759643,16.98775964391691,0.95416930500666,2844229.4,11.359904385318934,5.079518143239403,7.700314174098448,1.14176620212139,0.1389969056641103,0.0099283504045712,0.6964925435307946,1.1156509533119527,1.0,24.0
BBAI,2025-06-25,5.89,0.0,0.0,no_fill,0,0,7.75862068965516,18511576.0,2.858634162459168,50.85152042370472,2.0,0.4888888888888891,-2.4137931034482705,1.0,0.2544081246829934,10.898661567877618,19.50286806883364,0.9803921568627456,134584114.55,10.35689503141854,10.476190476190473,8.22939378446506,2.219497954857258,0.0992910134723937,0.0394795282196392,0.1862289462408114,1.0945362987449034,2.0,25.0
NVTS,2025-06-25,7.99,0.0,0.0,no_fill,0,0,5.628272251308909,3451299.0,2.676476998767053,86.25600040802912,4.0,0.2674418604651164,0.4581151832460751,1.0,-1.1370771941492477,3.945578231292517,9.727891156462585,0.9510489510489508,81011190.7,15.527387790296949,-16.68484187568157,8.492040416010424,0.535998417314955,0.0992910134723937,0.0394795282196392,0.1862289462408114,1.0945362987449034,2.0,25.0
TERN,2025-06-26,4.25,0.0,0.0,no_fill,0,0,2.35294117647058,83884.0,0.8349589290944018,55.79208543278556,2.0,0.0,-2.35294117647058,0.0,-1.197560841066018,4.679802955665035,10.344827586206897,0.9523809523809512,886445.05,7.302357617883556,-2.0737327188940062,3.845596403341173,0.9967961353047208,0.0919525130950327,0.0329387037979685,0.3080115957306635,0.8928957966985432,3.0,26.0
HIMZ,2025-06-27,19.91958,5467.533,10.93547153102626,target,1,1,5.854922279792741,333005.0,2.6447377373327883,46.68570724434814,3.0,0.8628318584070785,2.0984455958549098,1.0,1.963844085312085,3.540772532188842,23.068669527897,0.916279069767442,3988808.7,18.976117419915,-65.45552174691247,18.272929492200483,2.1744166372280525,0.1027933690118776,0.0326328155593338,0.1650677431480528,0.627102893900149,4.0,27.0
QMCO,2025-06-27,9.5746,0.0,0.0,no_fill,0,0,2.891257995735611,126739.0,1.4162879198202314,45.901108514705776,3.0,0.1467551622418863,-0.3923240938166447,0.0,-1.2244073978007628,3.1903190319032007,7.095709570957092,0.930232558139535,1793200.4,8.280827136904238,-33.52232459248759,5.722987270435707,0.4950138311367765,0.1027933690118776,0.0326328155593338,0.1650677431480528,0.627102893900149,4.0,27.0
EVEX,2025-06-30,7.14136,-2017.8282199999933,-4.035925930074931,eod,0,1,4.000000000000004,41415.0,1.371541172819235,118.1005452413804,1.0,0.1071428571428579,-1.857142857142856,0.0,-2.337267656273211,4.633781763826601,7.698056801195823,1.0,356167.75,6.293116837511843,4.633781763826601,5.891744088152221,3.498977658701553,0.1669528314111741,-0.1133860308410077,0.4016847994015428,0.6845970298556153,0.0,30.0
LGHL,2025-06-30,3.2096,3535.582880000008,7.071286141575289,target,1,1,3.761755485893421,36677.0,1.7042618120922666,58.82743756215337,2.0,0.3333333333333333,-2.194357366771155,1.0,-0.2683849304257182,7.046979865771812,11.073825503355708,0.9393939393939392,1935615.75,13.460769857773135,-34.08954730469638,7.647854932172829,0.5987784507333132,0.1669528314111741,-0.1133860308410077,0.4016847994015428,0.6845970298556153,0.0,30.0
SNPX,2025-06-30,6.9,0.0,0.0,no_fill,0,0,10.641627543036003,62261.0,4.276517779172339,45.14541357681023,2.0,0.8529411764705875,6.416275430359939,1.0,4.703266127060075,5.707196029776672,27.46071133167908,0.9126506024096382,2659552.5,17.92750151184704,3.2310177705977265,18.19194003349091,0.2789108318034707,0.1669528314111741,-0.1133860308410077,0.4016847994015428,0.6845970298556153,0.0,30.0
TAOX,2025-06-30,6.9,0.0,0.0,no_fill,0,0,10.641627543036003,62261.0,4.276517779172339,45.14541357681023,2.0,0.8529411764705875,6.416275430359939,1.0,4.703266127060075,5.707196029776672,27.46071133167908,0.9126506024096382,2659552.5,17.92750151184704,3.2310177705977265,18.19194003349091,0.2789108318034707,0.1669528314111741,-0.1133860308410077,0.4016847994015428,0.6845970298556153,0.0,30.0
BULL,2025-07-01,12.59768,-159.7119999999943,-0.3195032736186232,eod,0,1,4.272470777912141,1257407.0,1.824718540163493,15.420520753113266,1.0,0.339622641509436,-1.5719467956469046,1.0,-0.4430204749710653,3.720735785953164,10.36789297658863,0.9193548387096776,7702097.6,6.205727819459585,2.8606965174129257,4.2622082445816005,2.064878404033727,0.1046466350833898,0.0373158543708252,-0.2411588573278318,0.7415548690255962,1.0,1.0
BTBT,2025-07-07,3.6207297,-1854.8193563999937,-3.709738398864725,eod,0,1,10.08605341246291,11551159.0,4.233113728366902,31.78748040265578,3.0,0.6031185642836129,3.1157270029673585,1.0,1.6726700784506978,14.62585034013606,8.163265306122442,1.0,30269705.3,7.621341007219935,14.62585034013606,6.854825895782092,2.554858338842169,0.1777492580412386,-0.0198283468356477,-0.316627754501554,0.5923066182908064,0.0,7.0
AMPX,2025-07-08,5.546589999999999,-3801.3840799999966,-7.603230092723632,stop,0,1,7.421150278293142,942341.0,3.265304551971351,75.62024973528369,3.0,0.7624999999999986,0.8348794063079765,1.0,1.1583924335936036,9.109311740890671,9.919028340080976,0.9183673469387754,6249473.4,9.043235104742738,8.232931726907616,7.422992078468721,1.527135390319447,0.138408304498272,-0.1190955178240941,0.1079461236063789,0.7444925091974052,1.0,8.0
AMST,2025-07-08,3.65,0.0,0.0,no_fill,0,0,9.31506849315068,47484.0,4.3165872870031965,99.20265029235004,1.0,0.5882352941176465,-3.835616438356168,1.0,-1.180574080909411,10.271903323262835,14.199395770392757,0.9574468085106382,80085.0,5.939943078955871,9.609609609609604,5.135788759351199,10.938590247861647,0.138408304498272,-0.1190955178240941,0.1079461236063789,0.7444925091974052,1.0,8.0
CHAI,2025-07-08,4.99494,-3299.396099999997,-6.598878064601371,stop,0,1,6.471816283924854,353767.0,2.6118364650457395,46.39284733598023,2.0,0.6561290322580643,1.7411273486430092,0.0,1.1220773678672888,11.915887850467284,27.10280373831775,0.905172413793104,3126832.7,16.5643783096321,9.111617312072902,12.11263657680102,2.3149214219232133,0.138408304498272,-0.1190955178240941,0.1079461236063789,0.7444925091974052,1.0,8.0
DC,2025-07-08,4.3,0.0,0.0,no_fill,0,0,3.488372093023244,168227.0,1.6357761571318998,156.48413015346856,1.0,0.3333333333333333,-2.3255813953488293,1.0,-0.7554699200677397,6.435643564356431,8.663366336633654,0.942857142857144,743589.1,3.8812764101038857,4.622871046228698,2.844669988618299,1.7401048509183366,0.138408304498272,-0.1190955178240941,0.1079461236063789,0.7444925091974052,1.0,8.0
KSCP,2025-07-08,7.3181,0.0,0.0,no_fill,0,0,3.3254189944134107,49713.0,1.885615678010568,94.56562339850572,0.0,0.3359932801343973,0.0,0.0,-0.4245224666013841,5.139500734214399,18.649045521292223,0.9842519685039368,279908.9,6.451574835124961,4.831625183016106,6.791880732335883,3.4002348621283565,0.138408304498272,-0.1190955178240941,0.1079461236063789,0.7444925091974052,1.0,8.0
OKLL,2025-07-08,20.95,0.0,0.0,no_fill,0,0,3.812709030100326,29904.0,2.037793994366828,57.12514303137554,1.0,0.1478696741854621,-3.153368370759676,0.0,-1.455711179826754,4.649999999999999,15.749999999999991,0.9492063492063492,392343.6666666667,15.626938110097443,-21.69846614291059,8.969724210233835,1.7004199549544574,0.138408304498272,-0.1190955178240941,0.1079461236063789,0.7444925091974052,1.0,8.0
SOFX,2025-07-08,25.6954558,-3684.3761559999934,-7.372045916383383,stop,0,1,7.510887772194311,59066.0,1.7755956774312471,34.77493349713514,4.0,0.8279438001784112,5.988274706867671,0.0,2.1099589985102494,5.477031802120134,8.859982332155479,0.9906276484371112,407700.75,8.532104927990922,5.38951753843981,6.630373215936758,1.2751141615510886,0.138408304498272,-0.1190955178240941,0.1079461236063789,0.7444925091974052,1.0,8.0
SANA,2025-07-09,4.37,0.0,0.0,no_fill,0,0,5.944976076555023,954328.0,3.1733038435701064,55.77855535452997,3.0,0.7529175050301814,3.076555023923457,1.0,1.4504630545087744,7.455012853470426,19.28020565552699,0.9733333333333332,5838004.85,10.3347805257652,6.905370843989759,7.899396063104559,2.4162972389445687,0.1525442779838536,0.1204296931451418,0.3917206693103701,0.6752126458871446,2.0,9.0
SBET,2025-07-09,19.02,0.0,0.0,no_fill,0,0,5.310199789695048,2907183.0,3.6377549183091857,51.16968720329449,2.0,0.5305940594059397,-2.4926393270241847,1.0,0.5105664410391768,16.758747697974222,15.408225905463476,0.9083665338645416,19271751.75,20.60264245074772,-61.59127625201939,22.93732875050998,2.781457580782712,0.1525442779838536,0.1204296931451418,0.3917206693103701,0.6752126458871446,2.0,9.0
UPXI,2025-07-09,4.75,0.0,0.0,no_fill,0,0,5.506607929515418,1250221.0,2.856987944120056,55.46665184889413,3.0,0.799199999999999,3.5198237885462493,1.0,0.9433211996116664,9.927360774818403,20.581113801452787,0.917647058823529,2806531.65,15.720514599080545,-66.54384672070745,17.736903221445786,3.4270449079026064,0.1525442779838536,0.1204296931451418,0.3917206693103701,0.6752126458871446,2.0,9.0
POET,2025-07-10,6.990909999999999,-2199.9551999999862,-4.399999427828397,stop,0,1,4.11764705882352,851513.0,2.782610223873408,77.99781907087598,2.0,0.3928571428571417,0.0,0.0,-0.4087275198316682,11.475409836065577,15.901639344262293,0.9175257731958762,2130809.8,7.589109770377162,10.032362459546928,6.958151291668742,2.0673299888145813,0.1198494072412723,-0.0592758731175912,0.0224337403454956,0.6734703194549093,3.0,10.0
RCUS,2025-07-10,9.971,0.0,0.0,no_fill,0,0,6.165489404641782,35269.0,1.4323863514430375,168.26263426100522,2.0,0.2649754500818345,-3.916246215943488,1.0,-2.104462105296828,6.216505894962488,8.735262593783489,0.9325153374233132,1166254.65,5.75723396530726,-3.646086533787068,4.040906370011003,0.7021708337883155,0.1198494072412723,-0.0592758731175912,0.0224337403454956,0.6734703194549093,3.0,10.0
HYPD,2025-07-11,13.209509999999998,2901.202500000009,5.802637645151126,target,1,1,3.11313591495824,37838.0,1.1239561882352014,102.35451170596134,2.0,0.0975609756097583,-2.809415337889136,0.0,-0.5779850476083817,4.606830818109612,19.221604447974585,0.9049586776859504,6565005.25,34.5269169896512,-23.341094295692667,38.088092810318656,0.1206494084677236,0.1766387256318885,-0.0176638725631906,-0.4921542935668468,0.5482526084000139,4.0,11.0
KSCP,2025-07-11,7.9499,0.0,0.0,no_fill,0,0,2.277215189873428,58441.0,1.7505540489876947,127.03089360518548,2.0,0.3468593663146189,-0.8556962025316525,0.0,-0.3113479451790396,3.947368421052641,10.394736842105264,0.9367088607594928,382894.65,7.177991937915881,3.2679738562091507,7.635990006414087,3.794336118303037,0.1766387256318885,-0.0176638725631906,-0.4921542935668468,0.5482526084000139,4.0,11.0
NB,2025-07-11,3.2396899999999995,1959.0650200000043,3.918276131358257,target,1,1,2.180685358255446,214565.0,1.2969008961026924,117.2479897481738,3.0,0.8571428571428599,0.311526479750786,1.0,0.4594114304096298,4.901960784313722,13.398692810457508,0.9268292682926832,1360227.8,7.251634554488116,3.548387096774189,8.245084629754698,4.262763928218494,0.1766387256318885,-0.0176638725631906,-0.4921542935668468,0.5482526084000139,4.0,11.0
SNOA,2025-07-11,4.15,0.0,0.0,no_fill,0,0,8.04878048780489,37892.0,1.7547931769318472,76.72035778242876,1.0,0.2057575757575763,-5.173170731707306,0.0,-3.335128493107313,4.060913705583748,22.66751269035533,0.9328182734296272,65314.05,5.665493222936573,2.499999999999991,6.019662204671384,12.585132907850609,0.1766387256318885,-0.0176638725631906,-0.4921542935668468,0.5482526084000139,4.0,11.0
XRPT,2025-07-11,17.502349999999996,1740.7891200000097,3.482503778064109,target,1,1,1.948424068767908,23920.0,0.5453205634634192,127.81007808769353,1.0,0.0,-1.948424068767908,0.0,-1.4136436220536406,16.80053547523427,7.196787148594382,0.9207589285714284,167129.6,6.388383917958648,16.138221121848623,10.271339409536854,3.107803764264379,0.1766387256318885,-0.0176638725631906,-0.4921542935668468,0.5482526084000139,4.0,11.0
METCB,2025-07-14,13.580619999999998,-2957.352209999998,-5.915856566195061,stop,0,1,5.5720653789004455,132185.0,2.1441345002852787,112.20020427401138,1.0,0.1533333333333336,-4.123328380386341,0.0,-1.7221889991574917,12.494776431257844,16.213957375679062,0.981958762886598,195281.6,7.30044927118725,12.166666666666677,6.622096782376899,3.391645705483773,0.1059101047868107,-0.0625832437376616,-0.0737628684134627,0.5870746247113603,0.0,14.0
VNET,2025-07-14,8.25,0.0,0.0,no_fill,0,0,2.9769137302551543,683537.0,1.4511423311227585,54.04396003004263,1.0,0.6697959183673469,-0.7399756986634286,0.0,0.4881070516215292,3.5220125786163554,13.207547169811315,0.9523809523809526,6866623.05,6.295847367819299,2.8750000000000053,6.420548126095621,1.951426473017184,0.1059101047868107,-0.0625832437376616,-0.0737628684134627,0.5870746247113603,0.0,14.0
ZENA,2025-07-14,5.315899999999999,4874.235299999998,9.749242837525156,target,1,1,5.1039697542533,329716.0,2.528146631314638,50.22052385134032,3.0,0.5555555555555545,-2.0793950850661687,1.0,0.2289830709976218,5.168986083499001,10.93439363817097,0.9636363636363644,2024215.2,9.921052922538683,-16.031746031746028,7.523406597442057,2.167539795175928,0.1059101047868107,-0.0625832437376616,-0.0737628684134627,0.5870746247113603,0.0,14.0
HIMZ,2025-07-15,23.75,0.0,0.0,no_fill,0,0,3.296703296703302,179835.0,1.2702251228999488,74.95325580134482,2.0,0.4975641025641037,-1.2759932375316985,1.0,-0.0242438071323254,3.318777292576426,17.205240174672497,0.9492385786802024,5426049.9,16.2660948948789,-53.78906250000001,18.3988243782516,0.892307311807066,0.1593600101990406,-0.0957594301286073,0.4337318544837689,0.5627537225842169,1.0,15.0
NB,2025-07-15,4.05,0.0,0.0,no_fill,0,0,10.050251256281404,477300.0,3.8132089336708175,126.98032205342192,2.0,0.2749999999999997,-5.527638190954779,0.0,-1.175370794199554,5.570291777188328,15.11936339522546,0.9824561403508776,1577014.45,7.947814518648791,5.2910052910052965,9.447325063482294,1.9483905172841,0.1593600101990406,-0.0957594301286073,0.4337318544837689,0.5627537225842169,1.0,15.0
QS,2025-07-15,10.5315,2740.8228600000075,5.482409913117805,target,1,1,2.965088474414161,4323144.0,1.7447068056609598,64.56630883617522,4.0,0.7258064516129009,-0.3825920612147386,1.0,0.847974155000644,4.02985074626865,9.552238805970156,1.0,49898042.0,9.306306066829531,4.02985074626865,11.380256426715643,0.961515463873312,0.1593600101990406,-0.0957594301286073,0.4337318544837689,0.5627537225842169,1.0,15.0
ZENA,2025-07-15,6.6,0.0,0.0,no_fill,0,0,6.923076923076913,554804.0,3.650491601055783,71.06408929079593,1.0,0.1111111111111109,-4.615384615384613,0.0,-3.646578388557784,5.008077544426488,19.54765751211632,0.9586776859504134,2142082.8,10.452891243689058,3.174603174603177,9.062676323621004,2.7395892446361088,0.1593600101990406,-0.0957594301286073,0.4337318544837689,0.5627537225842169,1.0,15.0
JOBY,2025-07-16,15.496349999999998,2636.674320000001,5.27427426458489,eod,1,1,6.825025092004012,5288811.0,2.4690694057250338,49.18729145597441,3.0,0.8424509803921583,2.303780528604888,0.0,2.7852530563638087,7.132616487455204,7.779928315412188,0.953929788998433,28684821.6,6.619703449188237,6.750000000000002,5.221084940088145,1.5894930300002283,0.1939848659740984,-0.0368731563421858,0.2571768412254513,0.6679068225501045,2.0,16.0
REPL,2025-07-16,13.19,0.0,0.0,no_fill,0,0,3.677028051554204,234789.0,2.0352419582189896,107.57672196138428,3.0,0.5575257731958778,-1.6269901440485142,1.0,0.4077176285821792,6.370967741935477,9.596774193548384,0.9747899159663872,1610260.15,5.95734074146748,6.1142397425583255,4.092354148729068,3.045999120080069,0.1939848659740984,-0.0368731563421858,0.2571768412254513,0.6679068225501045,2.0,16.0
USAR,2025-07-16,16.46,0.0,0.0,no_fill,0,0,8.814589665653502,920264.0,3.5067347195033403,49.55588701516304,0.0,0.0530344827586207,-8.286322188449844,0.0,-3.5628723083416483,5.855855855855857,22.88545688545689,0.9156450343043524,3298181.1,9.02890408071869,3.851010101010097,9.497447172063406,4.869401198133116,0.1939848659740984,-0.0368731563421858,0.2571768412254513,0.6679068225501045,2.0,16.0
BTBT,2025-07-17,4.09,0.0,0.0,no_fill,0,0,5.405405405405399,4833700.0,2.320918002017653,66.12732500423674,1.0,0.5227272727272723,-2.0884520884520983,0.0,0.3409703362622093,3.562340966921122,12.468193384223913,0.938775510204082,58998717.75,10.225894194537624,-5.348837209302316,8.535272732204746,1.6124208733333023,0.1121022372403705,0.0352161170988024,0.0288359873121575,0.846625657033988,3.0,17.0
BULL,2025-07-17,13.68,0.0,0.0,no_fill,0,0,4.02985074626865,1669359.0,1.7407869911916931,49.56224471835023,1.0,0.0533333333333308,-1.725373134328367,0.0,-1.6907279817491825,3.875968992248062,7.751937984496124,0.9500000000000012,11112160.9,6.974902562286621,-11.55115511551155,5.504471387877609,0.9180209944584226,0.1121022372403705,0.0352161170988024,0.0288359873121575,0.846625657033988,3.0,17.0
DPRO,2025-07-17,6.619799999999999,-6613.02914999999,-13.226230399709944,stop,0,1,14.358108108108103,1807527.0,5.637910393006325,20.086297066738943,3.0,0.5011764705882357,4.324324324324328,0.0,-0.5828922819786699,14.28571428571429,24.227799227799228,0.9043824701195218,3660759.75,11.908701200713727,11.698113207547172,12.350030984675955,10.09974882946088,0.1121022372403705,0.0352161170988024,0.0288359873121575,0.846625657033988,3.0,17.0
EVTL,2025-07-17,6.399139999999999,346.97533000000743,0.6939995061836584,eod,1,1,5.409836065573772,421734.0,1.9758447221383333,42.95437385753693,3.0,0.7566666666666659,3.273770491803279,0.0,1.8130484899172847,7.205623901581709,12.74165202108964,0.9931034482758622,1880698.2,8.392121641596168,-19.73684210526316,10.016570218518869,1.9676990173117623,0.1121022372403705,0.0352161170988024,0.0288359873121575,0.846625657033988,3.0,17.0
KSCP,2025-07-17,8.65589,-1641.9435199999962,-3.284122141108533,stop,0,1,2.9446407538280326,66356.0,1.199906602526532,90.54669318767635,4.0,0.8835999999999942,1.306242638398105,1.0,1.116096565269187,3.53658536585367,9.748780487804884,0.9756067050287708,481556.7,8.429823734250522,2.120596124469243,7.688668712078886,1.7599755127485506,0.1121022372403705,0.0352161170988024,0.0288359873121575,0.846625657033988,3.0,17.0
OKLL,2025-07-17,28.48,0.0,0.0,no_fill,0,0,7.904548844146163,126635.0,2.594771947635661,28.542845115792385,4.0,0.7688679245283011,4.362416107382543,0.0,1.2501057311833443,4.357976653696502,13.618677042801558,0.914285714285714,725917.5,15.35229865827138,0.3367003367003361,9.887442729098892,1.8868865952398173,0.1121022372403705,0.0352161170988024,0.0288359873121575,0.846625657033988,3.0,17.0
PDYN,2025-07-17,11.31384,5977.937913300001,11.956866103816214,eod,1,1,9.49612403100774,1132877.0,3.1677472406314204,58.20793855277311,3.0,0.6632653061224485,6.104651162790688,1.0,1.1169235210922477,6.943005181347149,10.259067357512954,0.9090909090909092,2776144.2,8.13580187645902,-1.620591039084842,5.362705013036217,1.3225087515266678,0.1121022372403705,0.0352161170988024,0.0288359873121575,0.846625657033988,3.0,17.0
RGC,2025-07-17,16.68,0.0,0.0,no_fill,0,0,3.966346153846154,55404.0,1.6885075970733237,51.94510814872779,2.0,0.0757575757575768,-3.425480769230771,0.0,-1.2106585702082446,8.829300196206681,8.175277959450622,0.9919999999999988,2632580.75,30.93406773180748,-79.51495752800689,32.45704592640133,0.5156210308078869,0.1121022372403705,0.0352161170988024,0.0288359873121575,0.846625657033988,3.0,17.0
TEMT,2025-07-17,20.29069,-1713.231520000003,-3.426719347641708,stop,0,1,3.110773899848265,73341.0,1.8432073709032355,29.28825958915476,2.0,0.4856910569105678,0.7268588770864899,0.0,-0.041446165561229,3.0224075039082763,8.441896821261079,0.9197530864197536,884185.9,10.871030638625037,-30.38732394366197,7.20898964996153,2.231223094600355,0.1121022372403705,0.0352161170988024,0.0288359873121575,0.846625657033988,3.0,17.0
VIVO,2025-07-17,6.8604197,-1072.3541335999955,-2.144762367818392,eod,0,1,8.662261380323057,170660.0,3.954526836113272,68.05729791677892,1.0,0.1864722834378713,-6.607929515418492,0.0,-2.6888816699458244,10.194174757281552,14.561488673139156,0.9555506167351928,830876.6,13.223959258464973,9.485530546623792,10.956054518990152,2.064547250458131,0.1121022372403705,0.0352161170988024,0.0288359873121575,0.846625657033988,3.0,17.0
VVPR,2025-07-17,6.8604197,-1072.3541335999955,-2.144762367818392,eod,0,1,8.662261380323057,170660.0,3.954526836113272,68.05729791677892,1.0,0.1864722834378713,-6.607929515418492,0.0,-2.6888816699458244,10.194174757281552,14.561488673139156,0.9555506167351928,830876.6,13.223959258464973,9.485530546623792,10.956054518990152,2.064547250458131,0.1121022372403705,0.0352161170988024,0.0288359873121575,0.846625657033988,3.0,17.0
AMPX,2025-07-18,8.49541,-1971.3490609999967,-3.943053955018057,stop,0,1,3.566863905325456,763794.0,2.0795253211506326,68.31998199472737,3.0,0.9084273390842692,-0.0899408284023674,1.0,0.7246664533350963,4.83870967741934,11.290322580645151,0.9340659340659354,9480568.15,9.382208971944,4.064039408866996,6.606354620271171,1.523065577035064,0.1239492126046771,-0.0632458802777592,0.2006241640659816,0.8916991950688099,4.0,18.0
ASPI,2025-07-18,10.401109999999996,-1640.0522599999897,-3.2802268219449453,stop,0,1,2.9761904761904656,607382.0,1.861358876293632,65.08391699149898,4.0,0.8833333333333384,2.529761904761912,1.0,1.1252043123953936,4.455958549222795,12.22072538860103,0.9660815738149756,3871035.2,8.12777579550844,4.024767801857592,6.671447743090497,2.334277662987926,0.1239492126046771,-0.0632458802777592,0.2006241640659816,0.8916991950688099,4.0,18.0
GLXY,2025-07-18,27.82322,-2461.3508999999904,-4.922866584097725,stop,0,1,4.547094911584258,1077947.0,2.528976755234502,40.37221853471461,4.0,0.8888888888888911,-0.3969686033922751,1.0,2.1992394131354582,6.4132104454685175,9.60061443932412,0.947999999999999,7819676.35,7.854342691359674,5.884600687810466,5.666227925285302,1.5019144622270717,0.1239492126046771,-0.0632458802777592,0.2006241640659816,0.8916991950688099,4.0,18.0
NFE,2025-07-18,4.79434,-2074.546320000004,-4.149476257420215,stop,0,1,3.850267379679157,442834.0,2.112995445703645,51.894944988068026,3.0,0.9166666666666636,1.9251336898395688,1.0,1.2554261304824896,3.888888888888885,12.611111111111118,0.9383259911894272,13902281.6,12.595335213015964,3.0871003307607428,10.294154604153356,0.6846070503995546,0.1239492126046771,-0.0632458802777592,0.2006241640659816,0.8916991950688099,4.0,18.0
QS,2025-07-18,14.1519288,1672.6324296000073,3.345347526055968,eod,1,1,4.837010676156588,9061566.0,2.7497670145428006,32.809004375522925,1.0,0.5444379046497949,-1.779359430604982,1.0,0.1525021539488943,3.3088235294117725,17.205882352941178,0.918803418803419,62362654.05,10.420879845084029,1.8854242204496128,11.50583518784584,1.7867719021493442,0.1239492126046771,-0.0632458802777592,0.2006241640659816,0.8916991950688099,4.0,18.0
EVTL,2025-07-21,7.22,0.0,0.0,no_fill,0,0,4.027777777777778,398447.0,2.254091003145547,87.27722550806483,2.0,0.1551724137931031,-3.1250000000000075,1.0,-2.194541472626692,3.29985652797705,12.769010043041604,0.9662921348314604,2384613.05,8.754315079062144,-5.263157894736835,10.064010892201756,2.3202196264085697,0.0842928939500105,0.0540746866849086,0.1896172599509131,0.7408172212917755,0.0,21.0
GVH,2025-07-22,9.217569999999998,5601.741225599997,11.204356462711967,target,1,1,5.947116987001438,142222.0,3.627443869126045,54.24142067549605,2.0,0.0472632168877259,-3.566270414398397,0.0,-2.350071800559534,25.712290502793284,23.18435754189944,1.0,123707054.15,26.216183071480287,25.712290502793284,4535.997750419956,0.0135671891270236,0.1414764417880057,-0.106504737076377,0.0524834200105031,0.553748756056686,1.0,22.0
KSS,2025-07-22,21.39,0.0,0.0,no_fill,0,0,21.417721518987346,19712726.0,9.10935990059338,33.09121718584717,0.0,0.0563593380614653,-11.906835443037982,0.0,-7.6437538138537615,89.53934740882917,8.253358925143948,1.0,7498916.05,4.968929053768891,89.53934740882917,3.06525755179396,1.2539921686414932,0.1414764417880057,-0.106504737076377,0.0524834200105031,0.553748756056686,1.0,22.0
DNUT,2025-07-23,5.73,0.0,0.0,no_fill,0,0,11.713286713286728,13103670.0,5.3051167630758105,44.94365172555312,2.0,0.3265671641791052,-7.713286713286703,1.0,-1.6344048800590452,38.49878934624697,22.39709443099273,0.9405405405405408,5798076.15,6.758034826325038,36.67861409796894,7.217158147759033,7.62638690076535,0.2026759559813115,-0.0696698598685679,0.4277581655694337,0.5171578822398096,2.0,23.0
FLWS,2025-07-23,8.44,0.0,0.0,no_fill,0,0,11.19791666666666,673888.0,3.194817787083743,65.16293297018066,4.0,0.7209302325581392,6.770833333333329,1.0,2.298301617523858,15.488721804511268,23.759398496240603,0.917721518987342,621979.7,5.743670328695655,13.274336283185834,7.177813304577711,6.446724868994921,0.2026759559813115,-0.0696698598685679,0.4277581655694337,0.5171578822398096,2.0,23.0
IOVA,2025-07-23,3.836475,6179.904720000009,12.360565362735343,target,1,1,6.533333333333337,4852385.0,3.331426893463431,52.70540829894236,3.0,0.6938775510204076,0.0,1.0,0.6714653033435914,19.80830670926518,16.453674121405744,0.912621359223301,16606214.05,8.878091299832755,18.110236220472448,7.971396711320963,2.9741640599893384,0.2026759559813115,-0.0696698598685679,0.4277581655694337,0.5171578822398096,2.0,23.0
NTLA,2025-07-23,14.3568417,-456.42647939999136,-0.913026017414384,eod,0,1,3.29007092198582,387691.0,1.5100574468642336,107.02789907916552,1.0,0.1077818495365394,-1.4184397163120517,0.0,-1.6867344618214868,4.521868050407705,5.2260934025203865,0.9787234042553185,4397466.25,6.581792451733137,3.905674281503312,4.342021049168758,1.2794301718631724,0.2026759559813115,-0.0696698598685679,0.4277581655694337,0.5171578822398096,2.0,23.0
NVOX,2025-07-23,6.319000299999999,592.6040527999969,1.185304580536254,target,1,1,0.7990430622009504,48570.0,0.2869823980193023,101.2991796890398,2.0,0.6986027944111862,0.2392344497607746,0.0,0.1447023126455146,6.451612903225805,4.242784380305607,0.9203681472589008,412049.55,4.042604937429031,-8.40029218407597,3.603661182438824,2.188537762024009,0.2026759559813115,-0.0696698598685679,0.4277581655694337,0.5171578822398096,2.0,23.0
RZLV,2025-07-23,3.6,0.0,0.0,no_fill,0,0,14.240506329113929,4262496.0,4.67474018667361,36.87939574227783,3.0,0.5306666666666663,7.240506329113913,0.0,-1.9354554967529425,5.685618729096987,11.036789297658864,0.9090909090909096,13044250.05,10.189175259865545,-5.105105105105103,5.92925956308189,0.7914366069669141,0.2026759559813115,-0.0696698598685679,0.4277581655694337,0.5171578822398096,2.0,23.0
WEN,2025-07-23,12.0,0.0,0.0,no_fill,0,0,3.40136054421769,2103491.0,2.1122138091239,56.12497633154402,3.0,0.7272500000000008,1.113095238095242,1.0,0.77348458285662,8.487084870848708,5.119926199262006,0.9279279279279264,7126546.25,3.142470982055108,-5.995203836930456,2.2245350716403696,1.0190902781273607,0.2026759559813115,-0.0696698598685679,0.4277581655694337,0.5171578822398096,2.0,23.0
CRML,2025-07-24,4.7399,0.0,0.0,no_fill,0,0,6.29211087420042,190184.0,1.915441912066542,95.5623630071882,1.0,0.1192815994578129,-4.477611940298506,0.0,-2.025149929638519,3.3039647577092586,13.45814977973568,0.900163666121113,6778872.0,15.37044755482619,-8.039215686274495,12.931784793975046,0.7458363279318447,0.1230243149119942,0.0045383633527053,0.0614938269658293,0.5927480487727801,3.0,24.0
UAVS,2025-07-24,3.605,0.0,0.0,no_fill,0,0,12.066574202496534,3322914.0,4.402116338112468,27.1357214266962,1.0,0.3445977011494255,-7.908460471567265,1.0,-1.388986235618616,21.380471380471374,29.29292929292929,1.0,14913549.2,14.38670356932852,21.380471380471374,14.36871122373224,2.42022288027856,0.1230243149119942,0.0045383633527053,0.0614938269658293,0.5927480487727801,3.0,24.0
SMCL,2025-07-28,23.5705,4038.384,8.077893977641544,target,1,1,4.397537379067722,68912.0,1.5656693972018902,47.85119277401747,3.0,0.4349999999999987,0.8575197889182071,0.0,-0.8131218246100332,4.696132596685081,10.12891344383057,0.9954545454545448,1038838.5,8.176106972996141,4.482549484479241,5.574862300104723,0.8183524195531837,0.082352941176467,0.0101960784313811,0.0596452676188974,0.4923057209151947,0.0,28.0
RCT,2025-07-29,3.08,0.0,0.0,no_fill,0,0,2.817589576547232,25869.0,0.9009900990099,165.239302928783,1.0,0.5375722543352598,-0.9771986970683976,0.0,0.0355961782347742,6.968641114982568,20.55400696864112,0.9491439226987628,1238778.75,16.529823739039617,-42.723880597014926,15.78284210773856,0.4782201825790118,0.1033899367128216,-0.0172316561188065,0.2213709297578999,0.3876760611808135,1.0,29.0
SRPT,2025-07-29,18.35,0.0,0.0,no_fill,0,0,7.688083470620549,4601456.0,4.078264772880289,39.84870634736493,2.0,0.3357142857142869,-4.338275672707299,0.0,-1.1483838308734204,31.3852813852814,17.027417027417023,0.923728813559322,15085611.1,10.833091440896055,-20.34120734908136,10.927898739711711,1.694645436007561,0.1033899367128216,-0.0172316561188065,0.2213709297578999,0.3876760611808135,1.0,29.0
CMCO,2025-07-30,17.44,0.0,0.0,no_fill,0,0,10.722477064220188,28423.0,2.900157218022408,42.43806231381944,2.0,0.037433155080214,-10.321100917431195,0.0,-3.770179137531588,3.4400948991696434,7.17674970344009,0.9669421487603312,369961.8,4.026747200099182,2.981989961617966,2.8828045560456443,2.714818124465823,0.1163595194666345,-0.0267312409585622,0.1038944684066316,0.5016524941867828,2.0,30.0
SVV,2025-08-01,11.17342,1275.582140000006,2.551680685054364,eod,1,1,7.001795332136456,206670.0,1.6866005253106984,102.53166875860506,1.0,0.0128205128205125,-6.912028725314196,1.0,-4.429268827619288,7.012487992315086,7.588856868395764,0.9050632911392412,589596.55,4.021857691148136,1.272727272727278,2.803506497699649,1.9501606649496168,0.3544627175475056,-0.316940763212502,-0.9144412099734348,1.0291559745182086,4.0,1.0
AGH,2025-08-04,3.193,0.0,0.0,no_fill,0,0,4.34640522875817,16869.0,1.5360006015278682,93.4470461029107,1.0,0.526315789473683,2.2875816993464,0.0,-0.1711988654067303,3.728813559322029,18.983050847457623,0.9285714285714284,2388340.85,16.25139652349055,2.341137123745814,46.85461530172041,0.634521240969437,0.2109738360477466,0.1949909696805069,0.6353342340603376,1.1796737132906063,0.0,4.0
BNZI,2025-08-04,4.3,0.0,0.0,no_fill,0,0,14.322916666666664,130556.0,5.590814394841862,66.52154159323875,4.0,0.3818181818181819,3.1250000000000027,1.0,-2.51559113235485,6.66666666666666,18.33333333333334,0.9696969696969696,436922.45,11.945746786496636,-34.24657534246575,156.7369163337724,1.4333916693912157,0.2109738360477466,0.1949909696805069,0.6353342340603376,1.1796737132906063,0.0,4.0
PARA,2025-08-04,4.3,0.0,0.0,no_fill,0,0,14.322916666666664,130556.0,5.590814394841862,66.52154159323875,4.0,0.3818181818181819,3.1250000000000027,1.0,-2.51559113235485,6.66666666666666,18.33333333333334,0.9696969696969696,436922.45,11.945746786496636,-34.24657534246575,156.7369163337724,1.4333916693912157,0.2109738360477466,0.1949909696805069,0.6353342340603376,1.1796737132906063,0.0,4.0
PRME,2025-08-04,4.463349999999999,136.3283400000126,0.2726651506155942,eod,1,1,3.9080459770114926,309556.0,1.832188980426398,75.26404093900383,4.0,0.4705882352941182,0.2298850574712798,1.0,-0.1555923518776265,7.673267326732663,13.861386138613874,0.9464285714285712,5751213.05,11.674249096690517,-15.860735009671188,6.686372264516516,0.8249670041348929,0.2109738360477466,0.1949909696805069,0.6353342340603376,1.1796737132906063,0.0,4.0
PUSA,2025-08-04,3.193,0.0,0.0,no_fill,0,0,4.34640522875817,16869.0,1.5360006015278682,93.4470461029107,1.0,0.526315789473683,2.2875816993464,0.0,-0.1711988654067303,3.728813559322029,18.983050847457623,0.9285714285714284,2388340.85,16.25139652349055,2.341137123745814,46.85461530172041,0.634521240969437,0.2109738360477466,0.1949909696805069,0.6353342340603376,1.1796737132906063,0.0,4.0
USAR,2025-08-04,14.88,0.0,0.0,no_fill,0,0,6.354969574036522,943950.0,2.3273073299096576,74.58699261615259,2.0,0.4627087988083839,-2.8059499661933685,1.0,0.1805359876376642,6.0975609756097535,14.131994261119088,0.9695431472081216,5258256.6,9.6619237223268,-10.14580801944108,9.620343997540823,2.052160406169604,0.2109738360477466,0.1949909696805069,0.6353342340603376,1.1796737132906063,0.0,4.0
EVGO,2025-08-05,4.2,0.0,0.0,no_fill,0,0,7.319512195121952,1359690.0,3.628043167419716,78.7666780140924,1.0,0.0836387870709752,-4.268292682926825,0.0,-2.969124456500785,16.147308781869686,6.515580736543909,0.9565217391304338,3845513.8,5.764307065409108,-2.380952380952394,3.205161313867123,1.2840838069544829,0.1376996248872294,-0.0823032240705246,0.098230270766989,1.154685149418569,1.0,5.0
TDUP,2025-08-05,11.0,0.0,0.0,no_fill,0,0,9.22509225092251,761508.0,3.4601989657185235,56.38287332388276,1.0,0.0099999999999997,-7.656826568265683,0.0,-3.6234408740579664,11.983471074380168,12.396694214876026,0.9458333333333336,2161880.45,6.621539119768004,11.236531554643411,5.2754682447767145,2.7147782385469093,0.1376996248872294,-0.0823032240705246,0.098230270766989,1.154685149418569,1.0,5.0
UMAC,2025-08-05,10.22057,2732.8668799999937,5.465839967829571,target,1,1,2.9761904761904656,304252.0,1.374743485669418,67.57871102707311,3.0,0.633333333333334,0.0,0.0,0.484193373359714,4.132231404958682,9.039256198347108,0.9485714285714286,5908244.35,11.18784768979723,-24.66367713004485,10.6372575129177,0.3420408636281267,0.1376996248872294,-0.0823032240705246,0.098230270766989,1.154685149418569,1.0,5.0
ATLX,2025-08-06,7.0,0.0,0.0,no_fill,0,0,7.320644216691069,188309.0,2.7865428049504044,77.75899207147478,1.0,0.1248000000000004,-3.9180087847730576,1.0,-3.019186157467569,4.274809160305348,13.128244274809155,0.9303407372950344,475465.65,8.839330544738942,3.329853704292053,9.90438713893455,3.181205624423132,0.1565853270805204,0.0556394563230304,0.1719827380288751,0.9709860221941936,2.0,6.0
NB,2025-08-06,4.4132,-4047.3985400000015,-8.095259675518902,stop,0,1,8.252427184466038,1716867.0,3.7500398018983367,60.53722190501149,2.0,0.2647058823529428,0.7281553398058312,0.0,-1.5578144688100528,7.291666666666674,16.89322916666666,0.9711731154616928,3816959.0,9.965315193090422,-5.504587155963307,10.767489725327556,3.166559032989351,0.1565853270805204,0.0556394563230304,0.1719827380288751,0.9709860221941936,2.0,6.0
ZEPP,2025-08-06,25.3,0.0,0.0,no_fill,0,0,3.29581993569132,107080.0,1.7461437332445129,74.68014699197407,2.0,0.3292682926829262,-0.522508038585205,0.0,-0.7477837990528435,3.408146300914382,28.26267664172902,0.9441176470588232,844490.75,17.110083445946817,1.8003273322422166,21.688597203996792,1.4808853738184815,0.1565853270805204,0.0556394563230304,0.1719827380288751,0.9709860221941936,2.0,6.0
RIOX,2025-08-07,15.8243,0.0,0.0,no_fill,0,0,6.848750844024298,61706.0,1.889102002863981,42.89960761130074,4.0,0.840086759341419,5.75354490209318,0.0,1.556206793764289,4.002808988764048,18.18820224719101,0.942084942084942,770083.55,13.208332440043376,-43.64535768645358,10.130663555766738,0.7765611926134508,0.19332023575637,0.0722986247544261,0.5467935143335814,0.8727204334269801,3.0,7.0
SIFY,2025-08-07,9.39,0.0,0.0,no_fill,0,0,7.667386609071284,50347.0,2.4680627654713816,112.01131301104384,2.0,0.2957746478873247,-3.995680345572346,1.0,-2.1169152965185587,9.198113207547165,21.34433962264152,0.9558011049723756,138116.8,7.742680554823295,8.177570093457936,7.418676008694687,4.880434530773954,0.19332023575637,0.0722986247544261,0.5467935143335814,0.8727204334269801,3.0,7.0
CWVX,2025-08-08,22.5,0.0,0.0,no_fill,0,0,4.972118959107808,103844.0,2.8234061842006457,42.00155136418199,2.0,0.2149532710280377,0.6505576208178465,0.0,-1.148849681599896,12.083333333333336,9.269791666666675,0.9438139116754684,1060952.65,12.74247769815508,-22.16069187280941,10.892771138406612,2.248860022169698,0.1301118173072445,0.0047313388111679,0.286279161723993,0.9900452209184594,4.0,8.0
HNRG,2025-08-08,21.05,0.0,0.0,no_fill,0,0,4.881585306911559,82539.0,1.235087686358978,154.5630679513152,1.0,0.0099009900990114,-3.093281778637025,0.0,-2.1217583006210154,3.6054081121682646,7.761642463695548,0.974193548387095,611678.45,5.0502205194188985,3.398300849575211,3.400419433316726,1.7789461113106078,0.1301118173072445,0.0047313388111679,0.286279161723993,0.9900452209184594,4.0,8.0
TEMT,2025-08-08,22.0,0.0,0.0,no_fill,0,0,8.431464908148842,253508.0,4.318054418669369,60.69414836163229,3.0,0.2793296089385476,-2.4493641073951933,0.0,-2.2670631884821364,19.068984856982627,6.999439147504194,0.9038461538461529,1150331.95,10.646261290771555,-6.516952884191987,7.900694389909289,0.7898181042437359,0.1301118173072445,0.0047313388111679,0.286279161723993,0.9900452209184594,4.0,8.0
USAR,2025-08-08,16.47929,-714.658699999989,-1.4293698332876987,eod,0,1,5.701473414477903,1019268.0,3.1413425485209623,96.65805978353484,3.0,0.3595505617977529,1.601537475976938,0.0,-0.7687250913370316,3.789893617021279,12.03457446808511,0.9447513812154688,6376557.5,10.746809918712112,-5.164034021871212,9.656733487369914,1.4827718561308354,0.1301118173072445,0.0047313388111679,0.286279161723993,0.9900452209184594,4.0,8.0
VREX,2025-08-08,9.2776497,1039.3780467000051,2.07887025525442,eod,1,1,9.661233993015138,199363.0,2.656683888680744,55.47807630866121,4.0,0.8193758284130612,5.937136204889404,0.0,2.2788794415597016,9.987195902688864,11.395646606914209,0.9550561797752808,360010.8,4.95454315854157,1.4167650531286802,3.73073501353033,3.076593813296712,0.1301118173072445,0.0047313388111679,0.286279161723993,0.9900452209184594,4.0,8.0
XRPT,2025-08-08,24.14221,-825.2469025000042,-1.6505427630693383,stop,0,1,1.2572734829592769,52375.0,0.3621368707440093,75.33117907898458,1.0,0.0085950413223174,-1.2049044056525329,0.0,-0.7418897256512246,15.00956022944549,5.999043977055444,0.960159362549803,1226749.25,9.107243981778396,-22.20138394878096,8.071633656176253,0.8040249464183491,0.1301118173072445,0.0047313388111679,0.286279161723993,0.9900452209184594,4.0,8.0
DFDV,2025-08-11,16.750099999999996,-1690.4054999999948,-3.380875338057673,stop,0,1,3.084515731030228,154553.0,1.8918897460011768,98.4344620297978,4.0,0.5399999999999991,1.6039481801357065,1.0,0.4417130271691549,3.380102040816334,15.369897959183676,0.900414937759336,2544326.9,13.085828941354045,-49.34375,8.858481657431273,1.1240623207654643,0.1129464915996089,-0.0627480508886657,0.0439436266047406,0.8989238776786374,0.0,11.0
INFU,2025-08-11,9.93,0.0,0.0,no_fill,0,0,8.262711864406773,132817.0,2.719892217700425,101.32759985178848,3.0,0.0,-3.072033898305076,0.0,-4.433966381532688,6.90826727066817,14.04303510758777,0.951612903225806,166349.9,5.027751320587343,6.186726659167592,5.689904983058263,3.943254549596964,0.1129464915996089,-0.0627480508886657,0.0439436266047406,0.8989238776786374,0.0,11.0
MUU,2025-08-11,25.05,0.0,0.0,no_fill,0,0,3.812681309573153,116404.0,1.7866812839128567,93.20892643098412,3.0,0.1847826086956537,0.7045171985080884,0.0,-1.155594318882862,9.781619654231111,11.89717925386716,0.9541108986615676,497244.15,5.702792661956142,3.119658119658122,5.397549654234092,1.4801702543911277,0.1129464915996089,-0.0627480508886657,0.0439436266047406,0.8989238776786374,0.0,11.0
CMPX,2025-08-12,3.47,0.0,0.0,no_fill,0,0,5.4913294797687975,98630.0,2.647476994235809,72.27389446981283,0.0,0.0,-5.202312138728328,0.0,-2.761536272608429,3.5928143712574885,21.5568862275449,0.9444444444444444,837713.5,7.0860129178128926,0.2898550724637619,6.379149233094471,2.309777746210369,0.234223224916965,0.1723381588017833,0.3726883884765387,0.844076861170053,1.0,12.0
CC,2025-08-13,13.299779999999998,2804.8154400000058,5.610318366168475,target,1,1,3.07692307692308,169568.0,0.9616412729559256,78.97147945658159,4.0,0.9544999999999996,1.8599999999999968,1.0,1.4992232484686625,4.669887278582931,6.642512077294681,0.9030303030303028,4069721.2,5.619413640894912,-11.26279863481229,3.971797404943087,0.7070710396574585,0.1271495247398763,0.0387650990060628,0.345423143350591,0.7434605440803738,2.0,13.0
CRNC,2025-08-13,12.50741,3993.282789999999,7.987824817448214,eod,1,1,7.394668959587283,708311.0,3.020198008481048,30.570779698473523,3.0,0.8023255813953492,5.760963026655201,0.0,2.453471156512845,6.79522497704316,14.508723599632688,0.9683544303797476,2088541.75,6.280767226322973,6.30712979890312,5.206555413957765,3.1493356548893505,0.1271495247398763,0.0387650990060628,0.345423143350591,0.7434605440803738,2.0,13.0
DFDV,2025-08-13,21.8,0.0,0.0,no_fill,0,0,8.341369334619095,634565.0,4.472111610262199,37.71136046371698,2.0,0.1213872832369946,-2.217936354869804,0.0,-2.556892445590369,16.25560538116591,19.898542600896857,0.9126735964393368,2747292.3,13.131122936930703,-35.18750000000001,8.174566450019533,1.8358199453330832,0.1271495247398763,0.0387650990060628,0.345423143350591,0.7434605440803738,2.0,13.0
DOMH,2025-08-13,7.321899999999999,-2927.1642827999963,-5.855038992611201,stop,0,1,5.712857142857138,113060.0,1.8873833072320183,41.66656537752409,4.0,0.9249812453113272,3.857142857142851,1.0,2.834972310660404,4.9475262368815605,19.34032983508246,0.9844961240310074,322344.7,8.158236179231475,4.633781763826601,7.530624878996969,3.522058839496973,0.1271495247398763,0.0387650990060628,0.345423143350591,0.7434605440803738,2.0,13.0
JMIA,2025-08-13,7.85,0.0,0.0,no_fill,0,0,4.946524064171112,517529.0,1.6716560319157163,64.14625749073655,3.0,0.6486486486486482,3.208556149732611,0.0,0.4118421009633538,3.172413793103454,11.034482758620689,0.95,4860126.3,7.989798004128722,2.6063100137174264,7.636811363987774,1.691924755124162,0.1271495247398763,0.0387650990060628,0.345423143350591,0.7434605440803738,2.0,13.0
MCVT,2025-08-13,7.75319,-3613.39472,-7.2278636277454815,stop,0,1,7.361111111111114,212404.0,2.812157393195486,44.401692212431264,4.0,1.0,7.361111111111114,1.0,3.8289740213581385,3.29985652797705,18.7948350071736,0.9770992366412212,8046111.1,17.912566330106767,-10.112359550561791,49.22877884227776,0.1601162330458002,0.1271495247398763,0.0387650990060628,0.345423143350591,0.7434605440803738,2.0,13.0
SOLT,2025-08-13,25.11512,-875.2417999999949,-1.7512160005606083,stop,0,1,1.3698630136986296,495967.0,0.5416516600182562,53.23928656125969,3.0,0.9705882352941236,0.8460918614020985,1.0,0.7484357076657021,13.33333333333334,15.479452054794509,0.9734513274336284,4058014.65,8.376605809506977,-7.560521415270023,8.042027475640058,1.5489596618385792,0.1271495247398763,0.0387650990060628,0.345423143350591,0.7434605440803738,2.0,13.0
SOLZ,2025-08-13,22.45717,-550.7168519999943,-1.1016615183480265,stop,0,1,0.708202599731068,117920.0,0.3119507733372712,29.313782693288807,2.0,0.9993670886075964,0.3581353653070465,1.0,0.4338084293409023,7.002398081534758,8.440767386091117,0.9431785896925974,851123.35,4.188817845300439,-2.5764192139737987,4.032482340747397,1.6233863164487263,0.1271495247398763,0.0387650990060628,0.345423143350591,0.7434605440803738,2.0,13.0
SUIG,2025-08-13,7.75319,-3613.39472,-7.2278636277454815,stop,0,1,7.361111111111114,212404.0,2.812157393195486,44.401692212431264,4.0,1.0,7.361111111111114,1.0,3.8289740213581385,3.29985652797705,18.7948350071736,0.9770992366412212,8046111.1,17.912566330106767,-10.112359550561791,49.22877884227776,0.1601162330458002,0.1271495247398763,0.0387650990060628,0.345423143350591,0.7434605440803738,2.0,13.0
UPXI,2025-08-13,8.19451,-3368.7281599999933,-6.738169823454959,stop,0,1,6.649616368286439,2538602.0,3.4280183658900585,42.42775125802388,3.0,0.25,-0.5115089514066501,0.0,-2.126355081486348,17.41741741741742,18.46846846846848,0.9430894308943087,12787304.5,16.720694869291343,-26.36534839924669,7.756646860648922,0.7999037639246019,0.1271495247398763,0.0387650990060628,0.345423143350591,0.7434605440803738,2.0,13.0
XFOR,2025-08-13,3.334975,-4917.151120000006,-9.83470640709452,stop,0,1,9.874608150470232,3642439.0,6.081393847536604,25.6928614692126,3.0,0.3650793650793653,-2.0376175548589326,1.0,-1.2682739902668565,23.64341085271317,38.37209302325582,0.9393939393939392,6753703.45,12.806661977937564,20.833333333333325,19.846325391696663,14.475442507029236,0.1271495247398763,0.0387650990060628,0.345423143350591,0.7434605440803738,2.0,13.0
ALTS,2025-08-14,7.482379999999999,-2201.9862799999923,-4.404213632560747,stop,0,1,4.076086956521737,1099754.0,2.379249912594004,91.40089239857907,2.0,0.6766666666666681,0.0407608695652189,0.0,0.961572382571308,5.747126436781615,13.505747126436788,0.9148936170212766,5702762.1,12.80969961996993,-24.590163934426226,10.064115932110315,3.858351552136464,0.120570023958427,0.0513394940726284,-0.325636930329207,0.7206012839644377,3.0,14.0
DLO,2025-08-14,14.543499999999998,2307.154990000005,4.615601471447738,eod,1,1,9.384164222873896,1994873.0,3.785237911163783,51.42395353735184,3.0,0.8828124999999997,5.20527859237536,0.0,3.713643903212111,16.680923866552618,6.330196749358429,0.9189189189189184,1500452.05,3.730990472358252,16.08510638297873,2.7751201468581144,5.673857421834973,0.120570023958427,0.0513394940726284,-0.325636930329207,0.7206012839644377,3.0,14.0
NAKA,2025-08-15,15.6,0.0,0.0,no_fill,0,0,7.307051282051276,34431.0,1.4415724179017768,65.66086095802983,3.0,0.2411615053952092,-5.5448717948717965,1.0,-1.9544527689744808,3.8615179760319576,25.366178428761643,0.910761154855643,587371.05,16.486877373982967,-5.339805825242723,16.627547178735206,1.527601675295369,0.1439495967429797,-0.1261629436988273,0.1612528102953661,0.6652524161841091,4.0,15.0
OPEN,2025-08-15,3.43026,-3694.141439999992,-7.388361232093178,stop,0,1,7.038123167155417,29122315.0,4.121860609402588,33.44264091341647,2.0,0.7495833333333338,-1.469208211143696,1.0,1.2388625036665573,12.17105263157895,26.31578947368422,0.975,370961404.15,21.65656918865813,-31.38832997987927,15.86956534490391,0.8690557357003147,0.1439495967429797,-0.1261629436988273,0.1612528102953661,0.6652524161841091,4.0,15.0
BTAI,2025-08-18,6.85,0.0,0.0,no_fill,0,0,4.379562043795618,1386357.0,1.8271452098499883,31.519737991917964,1.0,0.2669999999999996,-3.2102189781021897,1.0,-1.1718605885385416,24.999999999999982,25.364963503649644,0.9928057553956836,22668528.2,24.03694293836101,-15.222772277227728,24.50839447851735,0.4087466075543449,0.1011106617304064,0.0839840711819041,-0.0901404948402401,0.5361353869517484,0.0,18.0
ZH,2025-08-19,5.37,0.0,0.0,no_fill,0,0,4.48598130841122,109769.0,2.2378607033633564,75.2634106431192,2.0,0.5416666666666657,-1.6822429906542031,0.0,-0.0945359779990233,9.18367346938774,15.91836734693878,0.9487179487179488,284472.85,4.36948264417761,8.08080808080807,4.567058206875977,4.164959854692636,0.1974281627067955,-0.1492722975494521,-0.0279807243898569,0.4490145016220034,1.0,19.0
PLTZ,2025-08-20,10.712039999999998,2691.2722200000103,5.383288337235506,target,1,1,2.9245283018867974,1335092.0,2.0997543616990604,30.00246697184607,2.0,0.5967741935483878,-0.4245283018867918,1.0,0.2537203122611356,6.854838709677416,14.883064516129032,0.9482525060959092,6936909.45,7.08891960550198,-12.106135986733008,6.918078401600996,3.150317610099408,0.1978417266187029,-0.0993118548639335,-0.0640815242024926,0.5725480673657471,2.0,20.0
DRD,2025-08-21,16.429139999999997,1502.9985599999868,3.006365518828105,target,1,1,1.7294626312538457,121814.0,0.6216952808028445,128.4706679542159,3.0,1.0,1.1735639283508197,1.0,1.2268110660128777,4.925469863901501,5.28191834089437,0.9631901840490784,310791.9,3.1812708632759383,-0.3692307692307613,3.1800044412316137,1.8923723559076024,0.1980260262777379,-0.0601621927453282,-0.286784410211412,0.737875434498428,3.0,21.0
SMU,2025-08-21,20.5,0.0,0.0,no_fill,0,0,6.024691358024685,25018.0,1.90530468462698,46.56014253298098,3.0,0.3688524590163932,-2.567901234567899,1.0,-0.4089303667032982,3.0010172939979647,19.48118006103763,0.9295039164490864,560338.9,16.335797398134183,-61.05769230769232,8.49976271203032,1.9712641760191911,0.1980260262777379,-0.0601621927453282,-0.286784410211412,0.737875434498428,3.0,21.0
AVTR,2025-08-25,13.99,0.0,0.0,no_fill,0,0,5.3724928366762175,235739.0,1.4871681456852512,118.72779661382836,1.0,0.0266666666666661,-5.014326647564477,0.0,-1.916401329917324,5.199698568198955,5.048982667671439,0.9552238805970132,14265479.95,3.925377686167464,-2.3776223776223766,4.474865011937172,0.5441091380875692,0.1335341521357722,-0.0442525969287095,-0.1968046365312767,1.0465045367904693,0.0,25.0
CGTX,2025-08-25,3.59074,-6598.026639999996,-13.196722681118649,stop,0,1,14.533965244865716,2932042.0,4.64450191862006,63.37008412814056,3.0,0.6086956521739126,7.4249605055292225,1.0,0.0189485060506262,12.633451957295373,30.604982206405708,0.9302325581395348,10025992.5,19.44776702060157,10.2787456445993,14.398208781403644,2.0974511999684817,0.1335341521357722,-0.0442525969287095,-0.1968046365312767,1.0465045367904693,0.0,25.0
ONDS,2025-08-25,4.82,0.0,0.0,no_fill,0,0,6.196581196581198,3980800.0,2.498877228019023,62.25613908119587,2.0,0.0862068965517222,-2.670940170940171,1.0,-2.202076950565913,4.231625835189298,15.812917594654788,0.9718309859154936,41629421.9,12.994566117512024,3.769401330376939,10.896911503665372,1.5778998602908776,0.1335341521357722,-0.0442525969287095,-0.1968046365312767,1.0465045367904693,0.0,25.0
DPRO,2025-08-27,4.99494,-1599.397799999996,-3.198837223269941,stop,0,1,2.834008097166003,213272.0,1.3766241107991304,103.02883149645656,2.0,0.3571428571428544,-1.0121457489878685,0.0,-0.6942333510902404,3.563941299790374,9.014675052410915,0.97674418604651,2096260.4,8.164199537225834,-12.411347517730484,4.503850719807416,1.42303074560775,0.1101509533487497,0.0760196720293987,-0.0914501829003531,0.8339099112589186,2.0,27.0
SOLT,2025-08-27,23.74101,1147.0960800000066,2.294257910678624,target,1,1,1.354784081287046,319465.0,0.7732540949300063,82.07621859587071,1.0,0.2712500000000004,-0.7756138865368305,0.0,-0.1584632079781249,5.587840858292355,10.10281627179257,0.9955752212389388,4634135.65,9.513239494972265,-6.2326319968241375,9.378016084136524,1.1739964927440136,0.1101509533487497,0.0760196720293987,-0.0914501829003531,0.8339099112589186,2.0,27.0
YDKG,2025-08-29,5.035059999999999,3471.0314999999982,6.942320449011528,target,1,1,3.752535496957396,63157.0,1.9520121391275584,70.56908867610238,3.0,0.5945945945945976,0.3042596348884496,1.0,-0.0123500690538881,17.102137767220896,26.72209026128266,0.9644444444444444,1356125.35,26.47982610635741,15.999999999999991,19.55705221926741,0.5953911266388464,0.085719581132435,-0.0077224847867155,-0.2234481908401547,0.5682985888234103,4.0,29.0
GROY,2025-09-02,3.99,0.0,0.0,no_fill,0,0,3.5353535353535386,565445.0,1.638511349881164,107.86679038304251,2.0,0.1071428571428579,-2.398989898989893,0.0,-1.4272785975953814,9.39226519337016,9.39226519337016,0.9117647058823536,2475686.3,5.472623585940193,8.493150684931509,3.837935974146012,2.0120650988778346,0.2321568627451009,-0.1741176470588256,-1.1704519029532523,0.6076067443329909,1.0,2.0
MUX,2025-09-02,13.319739699999998,1713.1330359000046,3.427021175196099,eod,1,1,7.142063492063483,343994.0,1.974530517220625,139.85463587881813,5.0,0.9167685298366488,4.801587301587305,1.0,1.3185550581030785,9.09090909090908,5.454545454545445,0.9365079365079376,1071525.25,4.404732400678251,8.714408973252802,3.1944695767736286,1.0414864232084124,0.2321568627451009,-0.1741176470588256,-1.1704519029532523,0.6076067443329909,1.0,2.0
SMCZ,2025-09-02,5.96,0.0,0.0,no_fill,0,0,1.5228426395939063,294375.0,1.0495705056791975,37.6929766979557,2.0,0.4444444444444455,0.0,1.0,-0.0199530282333832,7.454545454545457,5.727272727272719,0.9523809523809532,8294519.15,7.221080632264935,5.347593582887697,9.198637487091188,1.2864980847021132,0.2321568627451009,-0.1741176470588256,-1.1704519029532523,0.6076067443329909,1.0,2.0
GEG,2025-09-03,3.5099,0.0,0.0,no_fill,0,0,11.311926605504585,804363.0,4.420751726194356,63.40126669053264,1.0,0.0540686672073534,-3.363914373088681,0.0,-3.690984280799898,27.734375,9.765625,1.0,142094.3,5.481040918390487,27.734375,2.929958703703021,18.489608661290426,0.1135921574729663,0.0342332529370617,0.3748418635887949,0.7455180966918891,2.0,3.0
ALTS,2025-09-08,4.61,0.0,0.0,no_fill,0,0,3.904555314533635,821559.0,1.9718974110445808,58.27224889591943,3.0,0.6666666666666651,-1.3015184381778848,1.0,1.3140798265995246,4.89192263936293,14.33219567690558,0.9761866963009992,19367136.05,18.150241285696,-52.76639344262295,14.560750960879188,0.9802697182994178,0.1187135765162933,0.0061669390398019,0.2132130276249915,0.9411271417163936,0.0,8.0
BBBY,2025-09-08,10.36099,1825.104500000013,3.650809430372993,target,1,1,2.0628683693516785,133542.0,0.9985941106602064,73.02550346095708,4.0,0.5476190476190465,0.5402750491159107,1.0,0.0273318404427841,3.036437246963552,11.487854251012145,0.907488986784142,2489330.95,7.1619516440498,1.49551345962114,5.212254716042067,1.1910714403000533,0.1187135765162933,0.0061669390398019,0.2132130276249915,0.9411271417163936,0.0,8.0
DMAC,2025-09-08,7.50244,-4260.3618400000005,-8.521361050538227,stop,0,1,8.714285714285719,258864.0,3.015251654101668,89.33567683791587,4.0,0.9180327868852448,6.142857142857139,1.0,4.754620829048587,14.006514657980462,11.377850162866448,0.9141139421700536,345265.65,7.21572436895635,9.374999999999996,6.021541448769656,2.1816882160156967,0.1187135765162933,0.0061669390398019,0.2132130276249915,0.9411271417163936,0.0,8.0
SLDP,2025-09-08,4.5,0.0,0.0,no_fill,0,0,5.466970387243741,1069480.0,2.097164821434626,70.0390447539177,1.0,0.0625000000000023,-2.619589977220941,0.0,-3.026341581583595,4.773269689737453,7.040572792362777,0.966101694915255,9246487.3,10.55297035255554,-21.88612099644129,7.110466243594589,0.6756556081572728,0.1187135765162933,0.0061669390398019,0.2132130276249915,0.9411271417163936,0.0,8.0
AMDL,2025-09-10,10.73,0.0,0.0,no_fill,0,0,4.233301975540932,2943875.0,1.4774060276556584,58.22781299101629,2.0,0.3111111111111116,-1.975540921919105,1.0,-0.1019722880439596,10.155440414507776,4.87046632124353,0.9574468085106392,23794862.15,6.275925523613038,-24.824791553220223,5.493609335120259,1.376224867098043,0.1468720835946998,-0.0474274436607783,0.505897006135341,0.7779859509279212,2.0,10.0
APLD,2025-09-10,16.032954999999998,2775.347390000006,5.55172143874914,eod,1,1,3.581158497772118,2346693.0,1.6591971485338766,67.20848271440329,3.0,0.9200142196942768,1.4640356460852872,1.0,1.2625917089255694,3.3552631578947474,8.717105263157903,0.9698113207547164,26240147.1,7.923494117117487,-10.738636363636363,5.086645293754917,1.1855206025121712,0.1468720835946998,-0.0474274436607783,0.505897006135341,0.7779859509279212,2.0,10.0
CIFR,2025-09-10,10.130299999999998,490.3420935000096,0.9808209036257756,eod,1,1,8.89586603872318,4250135.0,3.216988945939074,43.821595693647424,3.0,0.982352941176472,5.5468341182627015,1.0,4.392485226620502,3.6334056399132217,15.835140997830791,0.9041095890410966,32569071.1,10.00775131683739,2.083333333333336,6.796335785251968,2.111030854668741,0.1468720835946998,-0.0474274436607783,0.505897006135341,0.7779859509279212,2.0,10.0
IMRX,2025-09-10,8.22,0.0,0.0,no_fill,0,0,7.382978723404267,216014.0,3.02630024305594,73.10064373578747,2.0,0.0506865570435674,-4.1301627033792245,0.0,-3.885564750009419,13.33333333333334,16.87943262411348,0.9075630252100838,1063284.25,11.800923708417049,11.59217877094972,11.937490314816776,1.5682984112667897,0.1468720835946998,-0.0474274436607783,0.505897006135341,0.7779859509279212,2.0,10.0
RIOX,2025-09-10,24.4964696,2946.3149404000064,5.892948753725734,eod,1,1,7.527694289394589,99162.0,2.097554899782287,52.72449634148243,3.0,0.8584302988820439,3.799914126234442,0.0,3.79972803592864,3.603202846975083,19.306049822064058,0.9354838709677415,617809.25,12.903438777005077,2.328646748681887,9.67096495187401,2.201423821349389,0.1468720835946998,-0.0474274436607783,0.505897006135341,0.7779859509279212,2.0,10.0
SMCL,2025-09-10,12.708009999999998,-1732.1008599999968,-3.46466519935064,stop,0,1,3.078137332280983,52541.0,1.1086083494174943,40.44611584544052,2.0,0.4507692307692317,-1.6906077348066293,0.0,-0.2604771782529675,5.671392827356128,12.218515429524604,0.9863481228668944,1290632.45,6.889374739540667,-13.574351978171896,5.555949360562918,1.5007316761638838,0.1468720835946998,-0.0474274436607783,0.505897006135341,0.7779859509279212,2.0,10.0
SMU,2025-09-10,22.18,0.0,0.0,no_fill,0,0,5.004508566275922,44338.0,2.5763839131476804,29.33804945237069,1.0,0.4603603603603599,-2.7006311992786305,0.0,-0.5766269900838591,8.353688324377142,7.278944797264282,0.9664429530201336,710919.55,14.721589184712972,-27.681773720247804,9.526077773165326,0.735454525058426,0.1468720835946998,-0.0474274436607783,0.505897006135341,0.7779859509279212,2.0,10.0
PTNM,2025-09-11,9.0,0.0,0.0,no_fill,0,0,8.928571428571436,192668.0,4.238134736459769,75.49959419178323,2.0,0.2500000000000011,-6.250000000000005,1.0,-1.7105603258926885,12.98865069356874,36.9482976040353,0.907849829351536,5426769.85,16.95914741408397,9.268292682926848,25.60368752039376,2.602435222123894,0.1146473447674951,0.0474028554832055,0.3020499532359076,0.5210039267199291,3.0,11.0
RZLV,2025-09-11,7.0865962,-2140.389640999996,-4.2811272356678005,eod,0,1,8.37707390648568,2636196.0,2.7189134789720266,29.17247415211816,3.0,0.9812747569319398,6.410256410256408,1.0,3.863442476369426,6.079999999999998,11.200000000000005,0.9428571428571428,14364131.15,8.984236780875445,5.405405405405403,7.81493075264788,2.086228863205555,0.1146473447674951,0.0474028554832055,0.3020499532359076,0.5210039267199291,3.0,11.0
VNCE,2025-09-11,3.85,0.0,0.0,no_fill,0,0,22.379603399433428,2764873.0,8.960102173542332,43.98441977724438,1.0,0.1377215189873417,-10.232294617563731,0.0,-7.7483853786468355,112.65060240963857,11.361445783132524,1.0,797372.8,4.572627877720677,112.65060240963857,3.6344118640209873,19.569625399812985,0.1146473447674951,0.0474028554832055,0.3020499532359076,0.5210039267199291,3.0,11.0
GALT,2025-09-12,6.55,0.0,0.0,no_fill,0,0,3.235747303543913,95546.0,1.97683993810518,84.1167222009663,1.0,0.1904761904761907,-1.694915254237293,0.0,-1.3794476961972113,9.259259259259256,17.087542087542097,0.9507389162561578,260288.85,7.35050233105982,8.347245409015025,5.454638019815487,4.478509163953815,0.0517039492693063,0.0106449307319053,-0.0045618356826745,0.6271730946410605,4.0,12.0
HIVE,2025-09-15,4.33,0.0,0.0,no_fill,0,0,7.635467980295579,4328920.0,2.57128728508972,41.88288447809326,4.0,0.9016129032258068,5.899014778325136,1.0,2.831019708757461,6.561679790026235,9.055118110236211,0.985507246376812,23511433.05,7.337370106344129,6.422018348623844,5.466359691063376,2.111390100910927,0.0977806076041449,0.0272876114244229,0.3392099298763356,0.5526570452335635,0.0,15.0
TSL,2025-09-15,17.783189999999998,-887.3624249999966,-1.775131458416622,stop,0,1,1.384963256076885,16079.0,0.5391108437213114,61.96886813529387,3.0,0.9595918367346868,0.1701526286037159,1.0,0.443285894450751,8.660933660933662,7.985257985257989,0.984615384615385,383399.4,4.290215087842653,8.527607361963193,3.572180322521745,2.3413521252250264,0.0977806076041449,0.0272876114244229,0.3392099298763356,0.5526570452335635,0.0,15.0
TSLG,2025-09-15,9.77,0.0,0.0,no_fill,0,0,2.9548989113530344,665967.0,1.264438271888552,24.079721657122303,3.0,0.7894736842105309,0.6739243131156173,1.0,0.6291387192262302,13.470588235294112,12.41176470588235,0.9810426540284364,14128043.6,7.151676120466077,13.204225352112678,5.758178949738654,1.8186174057390367,0.0977806076041449,0.0272876114244229,0.3392099298763356,0.5526570452335635,0.0,15.0
TSLL,2025-09-15,19.58,0.0,0.0,no_fill,0,0,2.941176470588218,17906041.0,1.3327735595184007,30.68549950374033,3.0,0.7631578947368443,0.335397316821472,1.0,0.5766849803263732,13.799177921315312,12.360540223135636,0.9762470308788612,126098345.9,7.1867729654947015,13.466042154566752,5.757522557334061,2.195816789060672,0.0977806076041449,0.0272876114244229,0.3392099298763356,0.5526570452335635,0.0,15.0
TSLT,2025-09-15,26.53,0.0,0.0,no_fill,0,0,2.8211971025543345,521647.0,1.2213735790173263,41.31543894347156,3.0,0.7702702702702686,0.4956157072054861,1.0,0.6602124232023486,13.648180242634323,12.41941074523398,0.9733463578007244,4479373.4,7.190473772558684,13.273220362405205,5.760308554737422,2.4738201106431537,0.0977806076041449,0.0272876114244229,0.3392099298763356,0.5526570452335635,0.0,15.0
AARD,2025-09-16,10.56,0.0,0.0,no_fill,0,0,9.18762088974856,39364.0,2.7330608580608606,143.21487164743323,1.0,0.8684210526315791,0.9187620889748612,0.0,4.214714541803696,3.9195979899497546,13.06532663316584,0.961538461538461,190931.25,8.312740443560205,-4.700460829493086,6.084874748701978,2.951585976627713,0.0861730112175998,-0.0045354216430451,0.084731657865679,0.4380529434836936,1.0,16.0
CRML,2025-09-16,7.14,0.0,0.0,no_fill,0,0,5.1561604584527165,359108.0,2.544813252998927,63.52517101044819,2.0,0.1942206168380097,-1.8624641833811,0.0,-1.389043020268964,4.334828101644246,9.86547085201794,1.0,5034714.0,10.936275709884036,-9.114583333333323,5.504478089423298,0.5944681266900166,0.0861730112175998,-0.0045354216430451,0.084731657865679,0.4380529434836936,1.0,16.0
DFNS,2025-09-16,6.66,0.0,0.0,no_fill,0,0,10.28322784810126,1521955.0,5.021315776665532,37.198170524369736,3.0,0.2198799815356196,-2.64240506329115,1.0,-3.120751951770652,22.718446601941743,18.252427184466026,0.9574468085106382,10495266.6,21.120768226144328,-43.318385650224215,13.095938055552214,0.6778591026930179,0.0861730112175998,-0.0045354216430451,0.084731657865679,0.4380529434836936,1.0,16.0
PRME,2025-09-17,5.04,0.0,0.0,no_fill,0,0,5.544147843942515,329922.0,2.153735217279662,70.23716150912949,2.0,0.5555555555555559,1.0266940451745343,0.0,0.0591985831211693,4.282655246252681,15.84582441113491,0.9594594594594592,2969327.3,7.953376347526256,3.617021276595743,5.782622311687702,1.7280486391648373,0.0878774564021647,0.037878213966455,0.0015151515151501,0.3275942439939243,2.0,17.0
FCEL,2025-09-18,8.104239999999999,1341.3256700000015,2.682916596744424,eod,1,1,4.888613861386144,506911.0,2.449482358507629,64.48126805255619,3.0,0.6582278481012668,-1.670792079207918,1.0,0.3606680210877357,5.620915032679735,12.549019607843135,0.9375000000000004,2970189.85,8.409983343620347,4.798962386511026,6.709286948231608,2.8021178511535214,0.1405067307256417,0.0151082506156646,0.4111168421372063,0.5907519971577638,3.0,18.0
RGTI,2025-09-18,23.1693,2818.779600000016,5.637632556874863,target,1,1,3.0601092896174986,3972505.0,1.4817390834640416,41.65038014508373,2.0,0.8998571428571432,0.6771584699453612,0.0,1.1026472924999124,4.024556616643936,10.50477489768076,0.9393939393939392,43798320.45,7.092415398352668,3.3664708540442887,5.01695953639494,1.7774940271710806,0.1405067307256417,0.0151082506156646,0.4111168421372063,0.5907519971577638,3.0,18.0
RGTIW,2025-09-18,11.815339999999996,5718.111880000002,11.438350483354697,target,1,1,5.942275042444816,57388.0,2.653148985305831,47.03302957164095,2.0,0.685714285714287,-1.8675721561969345,0.0,1.6918622830904548,10.506566604127572,18.01125703564728,0.927083333333333,393180.5,11.149070336896452,9.07407407407406,8.553916135868464,2.856405645753032,0.1405067307256417,0.0151082506156646,0.4111168421372063,0.5907519971577638,3.0,18.0
ABAT,2025-09-19,3.2096,2601.837560000013,5.203763708873406,target,1,1,2.86624203821657,867641.0,1.5260303935143211,80.6730717832828,1.0,0.7222222222222192,1.1146496815286528,0.0,0.6686965726715615,4.666666666666671,16.833333333333343,0.97029702970297,3902767.5,8.177181620397828,4.1459369817578775,6.7502256667039005,3.4355164636376623,0.1404133890960623,-0.1268249966029067,0.0105698668196856,0.7375486991123286,4.0,19.0
RZLT,2025-09-19,8.815,0.0,0.0,no_fill,0,0,5.266272189349117,170392.0,1.4705601790655605,136.64412821140422,1.0,0.3820224719101119,1.065088757396448,0.0,0.6296596808844042,3.0487804878048785,11.829268292682936,0.9690721649484524,1045275.5,4.945315301277051,1.3797240551889431,2.7960353351982645,2.8162527486772624,0.1404133890960623,-0.1268249966029067,0.0105698668196856,0.7375486991123286,4.0,19.0
AG,2025-09-22,11.288765,2588.0861500000183,5.176385547931985,target,1,1,2.848101265822796,1940759.0,1.352405448345098,80.06672659130426,1.0,0.3015873015873024,-0.2260397830018115,0.0,-0.5801987503772926,4.143126177024494,6.120527306967989,0.9384615384615372,22305854.45,5.039121505873227,1.467889908256882,3.6510662424194873,1.478315752212756,0.0951374207188153,0.0679553005134297,-0.2260057254783787,0.817684926536488,0.0,22.0
ARBB,2025-09-22,9.17745,12971.579040000006,25.94380792050081,target,1,1,14.666666666666666,98847.0,4.478646588516937,32.94904907050191,4.0,1.0,10.909090909090914,1.0,8.358710191937188,32.0,21.92,0.9927007299270074,293986.4,6.394747735758319,31.789137380191697,7.466728517332469,19.45461422705268,0.0951374207188153,0.0679553005134297,-0.2260057254783787,0.817684926536488,0.0,22.0
DGNX,2025-09-22,17.1513,5566.542300000022,11.13396652148821,target,1,1,5.823529411764718,102789.0,2.178468331866217,85.7342232587157,2.0,0.4242424242424251,-2.7647058823529345,1.0,-1.5767091993032654,25.000000000000007,17.13235294117647,0.9356223175965664,312704.85,13.83476294354866,-74.32412022353118,22.87625267632768,2.907757906537107,0.0951374207188153,0.0679553005134297,-0.2260057254783787,0.817684926536488,0.0,22.0
ETHD,2025-09-22,3.73116,-600.9899999999977,-1.2020390441578448,stop,0,1,0.8130081300813075,787652.0,0.529890332666962,34.213141726961474,3.0,0.4666666666666706,0.3794037940379468,0.0,-0.0663786585511352,10.810810810810809,4.804804804804796,0.9375000000000012,31970645.8,7.915105615184801,-11.0843373493976,6.636496827397977,0.6458278675121414,0.0951374207188153,0.0679553005134297,-0.2260057254783787,0.817684926536488,0.0,22.0
EXK,2025-09-22,7.331929999999999,3479.1901800000023,6.958877130578175,eod,1,1,4.255319148936168,1658617.0,1.7765970450723847,88.32055229929497,4.0,0.6666666666666676,2.269503546099293,1.0,0.7963519882500549,4.289940828402368,9.023668639053248,0.9836065573770496,13146659.5,5.8666165130136765,4.135893648449044,3.808515618290079,2.087904763944027,0.0951374207188153,0.0679553005134297,-0.2260057254783787,0.817684926536488,0.0,22.0
HYMC,2025-09-22,7.18,0.0,0.0,no_fill,0,0,6.360946745562127,160932.0,3.076343311802479,73.62097610083137,2.0,0.2700000000000009,1.5695266272189428,0.0,-1.648302799017708,4.643962848297211,10.681114551083596,0.9420289855072465,1147964.75,8.418081748206339,0.1600189652106871,6.093840715508898,1.2379360951632008,0.0951374207188153,0.0679553005134297,-0.2260057254783787,0.817684926536488,0.0,22.0
VERI,2025-09-22,5.95782,-3376.781352000001,-6.753829420828425,stop,0,1,6.56277056277057,1156576.0,2.8498306717902944,80.0874880885431,3.0,0.3957783641160954,-1.1082251082251091,1.0,-1.305936133941458,7.943925233644873,21.360747663551408,0.956247812390619,6207012.3,12.034490964289782,6.944444444444444,13.337426880272416,2.620437372099295,0.0951374207188153,0.0679553005134297,-0.2260057254783787,0.817684926536488,0.0,22.0
BLDP,2025-09-23,3.17,0.0,0.0,no_fill,0,0,4.472843450479237,1048960.0,1.6101296445151407,49.58101139451754,1.0,0.071428571428573,-2.87539936102236,0.0,-2.601106081389218,8.680555555555555,8.159722222222218,0.9787234042553196,5205608.3,5.849251039005448,8.492201039861357,4.684308737671323,2.048143345706591,0.0854944428612044,0.0502467339622808,-0.0179953212164843,0.6984047345561558,1.0,23.0
BTDR,2025-09-23,18.84,0.0,0.0,no_fill,0,0,3.7554492291334327,541816.0,1.7084693131006357,95.22318455866984,2.0,0.109994337485844,-3.182881446039327,1.0,-1.3622109181116495,4.7327394209354,11.434298440979962,0.9829567588624852,5172963.15,7.788380159180821,4.52903584328979,5.394361391353338,1.825244975889689,0.0854944428612044,0.0502467339622808,-0.0179953212164843,0.6984047345561558,1.0,23.0
SUPV,2025-09-23,6.46,0.0,0.0,no_fill,0,0,2.808112324492975,289717.0,1.550366660707549,123.84688240284316,2.0,0.2777777777777772,-1.248049921996881,0.0,-0.75600287488044,3.054662379421228,9.163987138263671,0.9649122807017536,2202443.7,7.944681137879765,-28.77777777777777,8.600354905409969,2.027902915293589,0.0854944428612044,0.0502467339622808,-0.0179953212164843,0.6984047345561558,1.0,23.0
UUUU,2025-09-24,18.31478,-4017.577200000002,-8.035258954789525,stop,0,1,8.07847663012119,1989977.0,2.4725667187295857,38.71782600481309,4.0,0.9796428571428564,5.201961915753042,1.0,3.551736874214702,3.9592081583683054,8.518296340731853,0.929577464788734,14351558.95,7.916511049380712,3.3392963625521688,5.371257576333925,1.223759597210866,0.1203912716328168,-0.0564334085778781,0.196016344747509,0.7352644870480297,2.0,24.0
PEPG,2025-09-25,6.15,0.0,0.0,no_fill,0,0,7.796610169491524,5188741.0,4.333583657931019,40.102831747394816,3.0,0.6195652173913028,1.271186440677954,1.0,0.260600162485825,121.80451127819548,29.312030075187963,0.9106066435808648,2341396.7,13.161697236980215,116.14096787192732,10.816181369896348,14.61254088211536,0.1291832578497861,-0.1276634548162606,-0.4779912267433017,0.7744100962934001,3.0,25.0
CTMX,2025-09-26,3.255,0.0,0.0,no_fill,0,0,15.066225165562916,949934.0,5.3080415627751165,89.50743325018125,1.0,0.0769230769230772,-6.125827814569538,0.0,-7.987718327190955,6.33802816901409,18.66197183098591,0.962264150943396,3532227.5,6.940803858597096,5.5944055944056,5.8409725303513405,3.0654727080857618,0.2987066155175853,0.1895498172885892,0.2218676392371456,0.7717805925925857,4.0,26.0
DDD,2025-09-29,3.39,0.0,0.0,no_fill,0,0,6.769230769230775,656180.0,2.287201536204124,70.48581711488194,2.0,0.0,-2.4615384615384635,0.0,-4.002028012081223,4.5016077170418045,7.556270096463019,0.9148936170212764,3776658.1,7.192666634307468,3.503184713375792,4.788904621143387,1.4353586839115775,0.093322897224397,-0.0105364561382458,0.3837901544226471,0.7285278374375727,0.0,29.0
DFTX,2025-09-29,11.3339,3502.157560000001,7.005179152807068,target,1,1,3.814713896457765,284733.0,1.5223679429240873,88.72848010970806,3.0,0.8933333333333324,2.227066303360586,1.0,1.2268206289644517,3.186504217432052,10.70009372071228,0.9211701848121224,1289337.7,6.377166777357238,2.323420074349442,3.3493893623024324,1.5937740748602949,0.093322897224397,-0.0105364561382458,0.3837901544226471,0.7285278374375727,0.0,29.0
SKYT,2025-09-29,19.4599,0.0,0.0,no_fill,0,0,3.933545986177577,359433.0,1.8166627597039071,86.54732349094357,3.0,0.2434112717934841,0.4790005316321086,0.0,-0.8544026993605158,4.03761061946903,12.223451327433636,0.9095022624434376,1724693.05,7.968755151394366,2.899343544857755,6.57804419707668,2.577486469258979,0.093322897224397,-0.0105364561382458,0.3837901544226471,0.7285278374375727,0.0,29.0
ZURA,2025-09-29,3.74,0.0,0.0,no_fill,0,0,10.863509749303626,2035190.0,5.889608649525309,66.21576452978145,3.0,0.5638461538461537,-0.5598885793871806,1.0,0.5262231703758847,48.96265560165974,15.360995850622407,0.9189627228525128,361996.15,7.8753957725764145,47.131147540983605,5.729182460350031,3.781001538276029,0.093322897224397,-0.0105364561382458,0.3837901544226471,0.7285278374375727,0.0,29.0
STKS,2025-09-30,3.38,0.0,0.0,no_fill,0,0,11.311926605504585,49962.0,3.023338935880848,67.60265234869452,2.0,0.1078669910786694,-6.7278287461773765,1.0,-5.931089458940811,4.807692307692305,22.115384615384613,0.9130434782608696,105574.3,6.580782256767108,2.8301886792452784,6.686473633772202,5.757367086497377,0.123695166837635,-0.0708984492849685,-0.1130062680810029,0.6512175484531886,1.0,30.0
WOLF,2025-09-30,29.6888,-1713.469999999997,-3.4272183449650995,eod,0,1,8.630849220103991,2389260.0,5.037967888488748,54.14783226377088,3.0,0.5943775100401604,-0.9012131715771284,1.0,-0.269016740281335,30.542986425339365,63.57466063348416,1.0,55536468.95,19.1438896590047,30.542986425339365,385.65190091910415,0.438660585748313,0.123695166837635,-0.0708984492849685,-0.1130062680810029,0.6512175484531886,1.0,30.0
APLD,2025-10-02,28.22442,-3543.186569999999,-7.088436183985356,stop,0,1,7.183580387685293,2944108.0,1.9761152444776395,24.97240571516165,5.0,0.9761904761904752,6.784492588369442,1.0,3.4069695911966367,5.239999999999995,11.0,0.9818181818181816,28012449.8,7.661874554426514,2.733307301835218,5.961699343649677,0.8452909748721799,0.1081331006607339,-0.0365415305681096,0.2991996409604308,0.7386119109487471,3.0,2.0
BAIG,2025-10-02,22.2888,0.0,0.0,no_fill,0,0,4.345701357466063,49840.0,1.669389835424642,41.96986643482624,1.0,0.0433152852977952,-3.303167420814481,0.0,-1.6332454502118936,4.245283018867935,17.593867924528304,0.9142068151961178,514848.95,15.015092439012548,-29.61783439490445,12.045847578829544,1.3392976716763236,0.1081331006607339,-0.0365415305681096,0.2991996409604308,0.7386119109487471,3.0,2.0
FCEL,2025-10-02,9.0,0.0,0.0,no_fill,0,0,5.222222222222229,344948.0,1.8550425622362896,69.0346508714728,1.0,0.2448936170212762,-3.943333333333341,0.0,-0.8217951433878564,3.092783505154634,12.027491408934706,0.9047619047619052,4824992.05,11.099613300598184,-11.50442477876106,8.026918104035193,1.2149993076154395,0.1081331006607339,-0.0365415305681096,0.2991996409604308,0.7386119109487471,3.0,2.0
SHLS,2025-10-02,9.05,0.0,0.0,no_fill,0,0,3.9149888143176894,595790.0,1.5517377352578867,92.7253278011908,2.0,0.0,-2.684563758389264,0.0,-2.118984543031062,12.736443883984863,5.674653215636825,0.9777777777777764,4914116.75,6.72424898074561,9.024390243902443,3.4721431243019985,0.8315838242955867,0.1081331006607339,-0.0365415305681096,0.2991996409604308,0.7386119109487471,3.0,2.0
NBP,2025-10-03,4.383109999999999,-997.0858699999924,-1.994246094667926,eod,0,1,2.5345622119815743,162548.0,1.1309047867313515,45.11430216514632,1.0,0.5454545454545484,-0.4608294930875478,0.0,-0.1783334001009213,5.084745762711863,5.811138014527851,0.9166666666666649,1562940.9,8.907580752410258,-6.465517241379307,5.665517867251676,1.1000467132186509,0.1268675651875435,0.0986134121404826,0.1150593227936974,0.7553703214630986,4.0,3.0
ONDS,2025-10-03,9.71907,-2614.643759999994,-5.229821371797907,stop,0,1,4.936974789915954,3877464.0,2.258367036920027,64.31520821450108,2.0,0.6595744680851052,0.1050420168067204,0.0,0.9279731416225436,3.365906623235599,18.241042345276867,0.9226190476190482,52536237.15,10.53918380686594,1.9271948608137013,8.180040446125373,1.9746194365578007,0.1268675651875435,0.0986134121404826,0.1150593227936974,0.7553703214630986,4.0,3.0
RDW,2025-10-03,10.962789999999998,-1611.0940559999913,-3.2228118936876298,stop,0,1,2.8641404805914874,854900.0,1.6274939486186148,45.07568432674309,2.0,0.4191674733785081,-0.6469500924214444,0.0,-0.2745112073207949,4.440154440154449,11.486486486486482,0.9243697478991596,7038536.95,6.125901994310789,3.54066985645934,5.436108976661185,1.7171355476083705,0.1268675651875435,0.0986134121404826,0.1150593227936974,0.7553703214630986,4.0,3.0
RGTIW,2025-10-03,25.71692,-2199.694319999996,-4.3999436946570505,stop,0,1,4.017160686427461,54437.0,1.9183685698064592,42.04320031165995,1.0,0.2330097087378657,-3.0811232449297936,0.0,-0.4496411705920784,7.056367432150319,21.621294363256784,0.9343606975262152,726423.4,16.8265317194639,5.558277308675627,12.090174392809963,1.3137352128249171,0.1268675651875435,0.0986134121404826,0.1150593227936974,0.7553703214630986,4.0,3.0
TSHA,2025-10-03,5.344485499999999,-3269.4368524999927,-6.539179496323815,stop,0,1,6.504950495049505,1391960.0,2.6942383085059944,29.68076182839,3.0,0.8219178082191767,4.356435643564352,0.0,2.392527082440751,3.483606557377048,19.262295081967213,0.9574468085106382,10375286.45,6.665125053727339,2.6422764227642253,12.554929996078371,11.919609891830987,0.1268675651875435,0.0986134121404826,0.1150593227936974,0.7553703214630986,4.0,3.0
ABVE,2025-10-06,3.36005,-1239.950400000002,-2.480022618711035,eod,0,1,8.253968253968262,413033.0,3.3741342882775096,120.29374966672688,2.0,0.0192307692307705,-1.7460317460317372,0.0,-3.855274213206942,7.508532423208182,21.49829351535837,0.9206223210033342,2897508.8,9.818113734006896,5.7046979865771785,9.942865682945264,2.2236091224295853,0.0967794767952559,-0.0938016467400198,0.3601261188565574,0.7280782639535012,0.0,6.0
ACHR,2025-10-06,12.1363,1691.8397075999997,3.384395573609749,target,1,1,1.9023178807946948,5527335.0,1.1350475905872517,54.67345597254106,2.0,0.4560487380330701,-0.8692052980132486,0.0,-0.0744488500959289,4.407951598962833,11.581676750216074,0.985074626865672,43022685.6,5.618985258723612,4.227782571182055,4.086195074959967,2.529061900310565,0.0967794767952559,-0.0938016467400198,0.3601261188565574,0.7280782639535012,0.0,6.0
ARCX,2025-10-06,22.91855,3722.5308000000105,7.447242517524036,target,1,1,3.9387308533916943,56187.0,1.548219254382192,81.03057363722104,2.0,0.3311111111111123,-2.6345733041575503,0.0,-0.3792861842301373,10.54668601838413,20.75471698113207,0.96969696969697,436666.05,10.720160636403678,9.855769230769234,8.009114662524567,2.679333554784028,0.0967794767952559,-0.0938016467400198,0.3601261188565574,0.7280782639535012,0.0,6.0
AREC,2025-10-06,4.14239,-3093.299599999998,-6.186766576782965,stop,0,1,5.8968058968058905,635329.0,1.905537006245368,46.95581810422253,1.0,0.1662499999999994,-3.44226044226045,0.0,-2.3534593704106928,10.000000000000002,17.027027027027035,1.0,4150965.4,10.44963322436892,10.000000000000002,9.63064413182702,2.0175248871021667,0.0967794767952559,-0.0938016467400198,0.3601261188565574,0.7280782639535012,0.0,6.0
ATLX,2025-10-06,6.45,0.0,0.0,no_fill,0,0,2.354788069073789,136367.0,1.601895099983548,116.17084703657912,1.0,0.0,-1.0989010989011034,0.0,-0.9506989149122678,5.9900166389351135,12.953410981697177,0.952601156069364,784036.5,8.987018857567433,5.343233723064714,6.975990401003776,2.6322167399094303,0.0967794767952559,-0.0938016467400198,0.3601261188565574,0.7280782639535012,0.0,6.0
CLNN,2025-10-06,11.064,0.0,0.0,no_fill,0,0,8.399999999999995,158359.0,2.587904382436117,107.39567134676476,1.0,0.66017316017316,-2.272727272727273,0.0,-0.1632803694425544,4.66222645099905,26.515699333967653,0.9748815846131764,124238.85,9.355300736799652,3.969754253308128,8.779202939555539,4.717026920323232,0.0967794767952559,-0.0938016467400198,0.3601261188565574,0.7280782639535012,0.0,6.0
EVAX,2025-10-06,5.62683,2640.9774000000034,5.282548077692065,target,1,1,2.8520499108734425,57451.0,1.017893686172081,164.5787507129051,3.0,0.6450000000000006,-1.0124777183600706,1.0,0.1232092568865465,3.3149171270718343,14.73296500920812,0.9374999999999992,4185327.75,9.640634366298372,2.3722627737226256,10.21729224262318,0.2236276477989089,0.0967794767952559,-0.0938016467400198,0.3601261188565574,0.7280782639535012,0.0,6.0
KOPN,2025-10-06,3.36005,2635.3863840000085,5.271031681076193,eod,1,1,10.927152317880797,1796288.0,2.8134882203704024,73.1761515508939,5.0,0.9090909090909084,9.93377483443708,1.0,4.072873041199515,7.0921985815602895,8.156028368794326,0.9130434782608696,5451329.85,9.722680558526973,6.33802816901409,6.222208019003679,0.9995394059671514,0.0967794767952559,-0.0938016467400198,0.3601261188565574,0.7280782639535012,0.0,6.0
MLTX,2025-10-06,9.52,0.0,0.0,no_fill,0,0,6.822147651006707,696371.0,2.67947828712178,28.62018546769693,3.0,0.4868011149368765,2.986577181208068,0.0,0.0121730808990643,6.049822064056937,11.862396204033216,0.9299999999999996,8506628.55,7.76132825609053,-85.75298804780877,21.31329713657944,1.8358561101154465,0.0967794767952559,-0.0938016467400198,0.3601261188565574,0.7280782639535012,0.0,6.0
RR,2025-10-06,7.12,0.0,0.0,no_fill,0,0,8.28402366863906,5564283.0,3.515596521193721,67.13258913497413,3.0,0.8392857142857146,3.9940828402366937,0.0,2.943791536659968,9.385113268608416,20.711974110032365,0.90625,50753412.85,13.489260177394208,7.3015873015873,9.860240053892024,2.0216658001551515,0.0967794767952559,-0.0938016467400198,0.3601261188565574,0.7280782639535012,0.0,6.0
SOPA,2025-10-06,3.35002,-3777.815999999987,-7.555775786413191,stop,0,1,7.547169811320748,4899911.0,4.744539588977895,35.56392037489026,1.0,0.1616666666666656,-1.2955974842767404,0.0,-1.7916746282776144,125.53191489361704,17.02127659574468,1.0,307085.35,6.032203302110329,125.53191489361704,5.954435984435103,15.500433348578824,0.0967794767952559,-0.0938016467400198,0.3601261188565574,0.7280782639535012,0.0,6.0
BNC,2025-10-07,10.5315,-2096.275199999997,-4.1931348810710665,stop,0,1,3.9254170755642814,203039.0,1.271065844581254,45.27296390199869,4.0,0.866250000000001,2.517173699705602,0.0,1.108306448517319,8.404255319148927,14.148936170212767,0.992481203007519,1327496.6,11.405996719343705,-45.5479140950213,8.926461606662185,2.057684366197247,0.1174633856218814,0.0579882536614526,0.1384732210657896,0.5650456703448801,1.0,7.0
BTQ,2025-10-07,11.05306,3505.7773000000084,7.012537704490901,target,1,1,3.737465815861441,770670.0,2.1285494867898413,85.4721243744668,1.0,0.3902439024390246,-1.8231540565177853,0.0,-0.71849440324176,20.54945054945056,23.95604395604396,0.9724770642201832,6407566.142857143,17.866818799950348,19.75982532751092,12.37539340048668,1.527541313156948,0.1174633856218814,0.0579882536614526,0.1384732210657896,0.5650456703448801,1.0,7.0
CLSK,2025-10-07,18.43514,-1959.6106535999927,-3.91952705539528,stop,0,1,3.60944444444444,2973923.0,1.1293103469527994,38.18557125606195,4.0,0.8904109589041134,1.715555555555564,1.0,1.2776424322586506,3.2702237521514648,7.114170969592648,0.9677419354838716,34090624.1,7.72180402407479,3.033772180881518,5.777786181268639,1.080476347160802,0.1174633856218814,0.0579882536614526,0.1384732210657896,0.5650456703448801,1.0,7.0
DGNX,2025-10-07,23.4827375,-2884.5554875000007,-5.769717010208032,stop,0,1,5.406852248394016,74250.0,3.627832115168409,83.7818290717525,1.0,0.0475247524752492,-4.882226980728054,0.0,-3.1694424581653764,17.92929292929293,15.151515151515152,0.9333333333333336,678630.9,16.768697229454034,16.750000000000007,13.40776467490072,1.2746059750594911,0.1174633856218814,0.0579882536614526,0.1384732210657896,0.5650456703448801,1.0,7.0
HIVE,2025-10-07,6.08,0.0,0.0,no_fill,0,0,5.955334987593058,3658490.0,2.2701127140868995,68.12404340918825,1.0,0.0555555555555567,-5.045492142266332,0.0,-1.902107965743485,8.527827648114894,16.337522441651693,0.9670329670329676,47666150.05,8.513104018110095,7.946428571428576,7.352574933999215,1.5284766217447008,0.1174633856218814,0.0579882536614526,0.1384732210657896,0.5650456703448801,1.0,7.0
LIDR,2025-10-07,3.2798099999999994,-2940.5675999999908,-5.881438254045187,stop,0,1,5.521472392638042,1431294.0,2.907103036203555,47.31353062208578,2.0,0.4722222222222216,-2.607361963190183,0.0,-0.2587328061633976,14.788732394366194,10.211267605633804,0.9655172413793096,3056549.95,6.25087877056926,8.66666666666666,4.650863137998722,2.062662839846605,0.1174633856218814,0.0579882536614526,0.1384732210657896,0.5650456703448801,1.0,7.0
ORBS,2025-10-07,12.4372,-2207.381999999997,-4.414980863860027,stop,0,1,4.0983606557377055,410330.0,1.9827721618678693,60.976298430772665,1.0,0.5199999999999996,-0.3278688524590094,0.0,0.6215585404823417,10.207768744354102,25.11291779584462,0.9280575539568348,5058087.35,21.71750752141841,-75.33858904386497,17.016843877131148,1.5776291407857954,0.1174633856218814,0.0579882536614526,0.1384732210657896,0.5650456703448801,1.0,7.0
DPRO,2025-10-08,11.72507,-2286.65528,-4.573704037587836,stop,0,1,4.30958663148637,548156.0,1.971650721521516,65.71887386328333,1.0,0.4081632653061244,0.2638522427440733,0.0,-0.2559670484431677,6.860902255639084,11.654135338345863,0.9596774193548396,7917276.25,12.266192762242072,-6.188118811881189,6.979455256228014,0.8820426090348937,0.0821919851997666,-0.0417748336466405,0.1688785270205636,0.641542441418029,2.0,8.0
BITF,2025-10-09,4.172479999999999,-1695.77424499999,-3.3916280006135247,stop,0,1,3.026634382566586,6789600.0,1.7586508932109093,63.58386571079202,2.0,0.3999999999999986,-1.0895883777239692,1.0,-0.2365648632221533,3.2499999999999973,14.000000000000002,0.9285714285714284,105957220.6,11.236958221855284,2.2277227722772244,7.946931132128022,1.0964624906365277,0.1061586886803705,-0.0282100011877807,0.062396933636398,0.6041185251529895,3.0,9.0
CDE,2025-10-09,21.8,0.0,0.0,no_fill,0,0,2.121309963099636,915384.0,1.1316463321843817,63.601565776062266,3.0,0.8260491411176306,0.1845018450184462,1.0,0.4713407240371799,3.1889576392194106,8.900523560209411,0.9839572192513382,16915563.55,5.5755959072237,3.041825095057037,3.923820066947966,1.137414307429326,0.1061586886803705,-0.0282100011877807,0.062396933636398,0.6041185251529895,3.0,9.0
EXK,2025-10-09,8.62,0.0,0.0,no_fill,0,0,2.5611175785797307,887104.0,1.437821536477008,88.9872839182038,2.0,0.3181818181818211,-1.3969732246798512,0.0,-0.3170892067982847,3.8694074969770296,9.975816203143896,0.9696969696969692,18627073.5,6.717977268675436,2.751196172248809,4.923896867810638,1.9224327965420869,0.1061586886803705,-0.0282100011877807,0.062396933636398,0.6041185251529895,3.0,9.0
IE,2025-10-09,15.957729999999998,-2652.573874599989,-5.305618029632012,stop,0,1,5.063307493540047,504489.0,2.52481614639798,88.55311448020308,3.0,0.7320745088032649,1.421188630490949,1.0,0.9640260285512268,7.128027681660908,11.314878892733562,0.9266055045871552,2104979.5,6.084248483464964,6.245710363761154,4.075340406133207,3.16327023612344,0.1061586886803705,-0.0282100011877807,0.062396933636398,0.6041185251529895,3.0,9.0
NMG,2025-10-09,4.1,0.0,0.0,no_fill,0,0,4.889975550122243,21313.0,2.297058900105974,75.20764976614463,2.0,0.0,-4.645476772616136,0.0,-2.128404332698537,14.245810055865917,13.268156424581006,0.9473684210526316,289224.7,7.527904834893519,13.453536754507626,6.228331783403272,3.6769577425441184,0.1061586886803705,-0.0282100011877807,0.062396933636398,0.6041185251529895,3.0,9.0
PATH,2025-10-09,17.22151,3657.7509700000055,7.3163735351894355,eod,1,1,5.961070559610708,5910102.0,2.279094160269376,46.93108442765938,2.0,0.3775510204081604,0.7299270072992544,0.0,-0.9505521730511656,5.519897304236208,5.295250320924257,0.987878787878788,22987671.7,4.846333154367224,5.452212957023742,4.417528235848174,1.5630034859076225,0.1061586886803705,-0.0282100011877807,0.062396933636398,0.6041185251529895,3.0,9.0
RELL,2025-10-09,13.4300697,-4251.900023399992,-8.506059354256353,stop,0,1,8.677547770700638,165604.0,3.269063727176095,72.85304037121493,2.0,0.825763831544177,5.095541401273875,0.0,2.4534707087272527,18.378887841658823,9.943449575871815,0.9194312796208522,63553.65,3.798399341239088,17.438055165965405,2.862545459931392,11.18377937380465,0.1061586886803705,-0.0282100011877807,0.062396933636398,0.6041185251529895,3.0,9.0
SUGP,2025-10-09,8.515469999999999,7894.498860000017,15.7907901736487,target,1,1,8.33333333333334,35183.0,3.375002392754136,21.96521835629015,3.0,0.7028985507246377,0.0603864734299611,1.0,1.4561198853825186,21.773659827928512,11.03022281050077,0.9993333333333336,127530.8,11.66907674540538,18.454935622317585,6.788660097876148,12.00491175465064,0.1061586886803705,-0.0282100011877807,0.062396933636398,0.6041185251529895,3.0,9.0
ARAI,2025-10-10,5.85,0.0,0.0,no_fill,0,0,10.544815465729345,146678.0,4.615341897628851,66.46723733713894,2.0,0.2833333333333334,-4.745166959578215,0.0,-2.267676218273374,3.832116788321167,20.620437956204377,0.9026548672566376,638944.95,12.620371206491567,1.7889087656529614,10.971863304274924,2.06510435679944,0.1353884607373416,0.0520724848989827,0.1445258954645729,0.6874094913850299,4.0,10.0
HIVE,2025-10-10,7.713069999999999,-3793.298809999996,-7.58718642511995,stop,0,1,7.708333333333342,3319631.0,2.043262648574518,22.819746764088727,5.0,0.9482882882882872,6.406944444444439,1.0,2.777957389379335,3.448275862068969,8.33189655172413,0.9484393861010526,51277935.75,8.299048053420814,3.0057654615945952,7.224246508796182,0.715134540102855,0.1353884607373416,0.0520724848989827,0.1445258954645729,0.6874094913850299,4.0,10.0
KDK,2025-10-10,10.3,0.0,0.0,no_fill,0,0,5.221674876847302,127463.0,2.399782613656418,44.40765159720203,3.0,0.5,-1.1330049261083763,1.0,0.2519267670479436,3.889457523029691,16.93244626407369,0.9727981623647464,1484982.05,11.48771106047369,-11.120840630472852,10.270102660970103,1.4424194555078964,0.1353884607373416,0.0520724848989827,0.1445258954645729,0.6874094913850299,4.0,10.0
LAES,2025-10-10,6.51,0.0,0.0,no_fill,0,0,5.069124423963134,5302949.0,1.9381990693092983,42.78039754436811,1.0,0.1248484848484845,-4.43625192012289,0.0,-1.6701001240228743,6.89655172413793,28.078817733990142,0.9883040935672512,30813755.05,14.092524259464891,6.546644844517176,10.972601928924496,3.9038046419467465,0.1353884607373416,0.0520724848989827,0.1445258954645729,0.6874094913850299,4.0,10.0
QTTB,2025-10-10,3.70107,-3843.175409999999,-7.686696009532377,stop,0,1,7.520891364902507,132555.0,3.335242537193873,69.59507178825729,3.0,0.3703703703703707,-1.9498607242339787,1.0,-0.5397348768770056,10.802469135802458,15.685185185185183,0.9838646202282566,343511.25,8.647131650952755,10.522751062126703,6.160684155265745,3.2460887379962085,0.1353884607373416,0.0520724848989827,0.1445258954645729,0.6874094913850299,4.0,10.0
TE,2025-10-10,4.19,0.0,0.0,no_fill,0,0,7.93269230769232,1243186.0,3.5541069676600374,97.426026679281,1.0,0.3030303030303028,-4.807692307692312,1.0,-2.070550421706969,8.616187989556137,22.506527415143594,0.9651972157772624,3649955.2,9.54844014334744,7.772020725388608,8.968287550434782,5.061948705562194,0.1353884607373416,0.0520724848989827,0.1445258954645729,0.6874094913850299,4.0,10.0
KOPN,2025-10-14,3.67098,3338.2620000000165,6.676691237762157,target,1,1,3.62116991643455,850703.0,1.791931676330482,77.26591188970991,2.0,0.1338461538461558,-1.1866295264623885,0.0,-1.4853949213042787,5.899705014749254,8.259587020648961,0.964285714285715,6121856.45,9.444347856183914,-2.688929849289824,8.392347446848479,0.9072017688359876,0.2328129279649369,-0.1901305578380197,-0.8853161196911205,1.5820457346474543,1.0,14.0
OMEX,2025-10-14,3.9403858,2226.845903800002,4.453731408736681,eod,1,1,9.707692307692309,1056529.0,5.35478238629862,66.77257396625413,2.0,0.3961965134706823,-5.1282051282051215,0.0,-1.2952906749682642,11.74785100286532,17.621776504297987,0.9756097560975616,3214944.5,10.18917206894333,11.269614835948644,9.334507421171269,1.864470133154709,0.2328129279649369,-0.1901305578380197,-0.8853161196911205,1.5820457346474543,1.0,14.0
AMTX,2025-10-15,3.2597499999999995,-1578.4335799999872,-3.156990566761229,stop,0,1,2.8301886792452784,62686.0,1.0689709565151002,36.72781578803156,2.0,0.6666666666666683,1.2578616352201268,1.0,0.9533864598569632,3.2467532467532494,12.337662337662334,0.921052631578948,1371202.3,9.127362260311052,-1.1808576755748854,6.705251996219343,1.3098847631746242,0.1402177499175108,-0.0404906871419716,0.6931126647841432,1.9843699107227115,2.0,15.0
EVAX,2025-10-15,10.69198,3210.6818800000046,6.421916240022905,eod,1,1,16.502732240437158,168044.0,3.752735048213365,41.73559757757712,4.0,1.0,16.502732240437158,1.0,7.570419828043963,16.709183673469393,22.46683673469388,0.9637220392869308,4506824.75,13.683061129283695,15.765634686673668,13.482325173383067,0.1547051502279958,0.1402177499175108,-0.0404906871419716,0.6931126647841432,1.9843699107227115,2.0,15.0
GPRE,2025-10-15,12.161374999999998,-2601.913564999995,-5.204304611937375,stop,0,1,5.012853470437025,148099.0,1.4851822185262922,58.50707478095155,3.0,0.9914529914529902,3.856041131105392,1.0,1.6778634843662716,4.569892473118277,12.27598566308243,0.985401459854015,2252940.45,6.497059981462811,4.382826475849734,5.181418851061175,1.3285624127348772,0.1402177499175108,-0.0404906871419716,0.6931126647841432,1.9843699107227115,2.0,15.0
GRO,2025-10-15,3.36,0.0,0.0,no_fill,0,0,13.33333333333333,159341.0,3.6569303733293377,94.5508116454578,2.0,0.142857142857143,-4.761904761904759,1.0,-4.234777141525807,7.876712328767123,19.178082191780824,1.0,500928.6,10.467052992499108,-0.1584786053882692,8.06144899864517,1.7873804769781565,0.1402177499175108,-0.0404906871419716,0.6931126647841432,1.9843699107227115,2.0,15.0
NPWR,2025-10-15,5.2,0.0,0.0,no_fill,0,0,8.792000000000009,281355.0,3.172286830125312,93.07328053806056,3.0,0.8976342129208373,3.100000000000005,0.0,4.487774849602803,3.73443983402489,21.36929460580913,0.9223300970873786,2059938.65,12.240849617819023,2.0408163265306047,9.786225979161832,2.029685689911202,0.1402177499175108,-0.0404906871419716,0.6931126647841432,1.9843699107227115,2.0,15.0
NRGV,2025-10-15,4.402167,-2343.916385999992,-4.687850324624198,stop,0,1,4.3348623853211015,245037.0,1.585372045145721,56.16900518958291,0.0,0.1058201058201035,-3.21100917431194,0.0,-2.044215905606069,3.809523809523813,14.65714285714286,0.9584145549057832,4163943.2,11.772358619353527,3.180613404013638,6.200635912107647,1.1251111686633957,0.1402177499175108,-0.0404906871419716,0.6931126647841432,1.9843699107227115,2.0,15.0
TE,2025-10-15,5.1,0.0,0.0,no_fill,0,0,5.0,2737892.0,2.297125844796206,89.12406345015849,1.0,0.2848000000000006,-1.576000000000004,0.0,-0.6570507733577152,24.68827930174564,21.94513715710723,0.9204545454545452,5205555.95,11.495632377533608,19.331742243436743,9.351119051661115,2.167185043895264,0.1402177499175108,-0.0404906871419716,0.6931126647841432,1.9843699107227115,2.0,15.0
TROX,2025-10-15,4.207585,-2015.6776410000025,-4.031457475012393,stop,0,1,3.6646706586826463,140539.0,1.4080690785556935,55.114859262974136,2.0,0.281045751633987,-2.155688622754488,1.0,-0.5947327977896293,3.08641975308642,14.024691358024691,0.9471830985915488,4676785.7,7.094939369185584,-20.777988614800755,5.326301435471534,1.6804193102112843,0.1402177499175108,-0.0404906871419716,0.6931126647841432,1.9843699107227115,2.0,15.0
RYOJ,2025-10-16,5.35,0.0,0.0,no_fill,0,0,23.60801781737193,1952950.0,8.810799418348397,53.25774326812649,2.0,0.3018867924528305,2.672605790645882,0.0,-3.689630216721276,106.9124423963134,15.350230414746552,0.9099369558691076,916884.65,10.447418328109096,63.27272727272728,7.241096310606762,16.7314699837106,0.1469661977745145,0.026993791427964,0.2480568877129291,1.4730835855870217,3.0,16.0
SLNH,2025-10-16,4.964849999999999,-3519.162899999993,-7.038883349950136,stop,0,1,6.918238993710695,1519242.0,3.951949518690869,44.87500855135691,2.0,0.6060606060606065,1.0482180293501198,0.0,0.8156808035139969,11.188811188811178,28.202797202797207,0.9338788329614016,27119481.1,25.79731273054165,9.15331807780319,28.636058365784567,1.739204184109555,0.1469661977745145,0.026993791427964,0.2480568877129291,1.4730835855870217,3.0,16.0
USAS,2025-10-16,5.035059999999999,-1290.6020999999837,-2.5812999249263844,eod,0,1,4.199999999999999,402195.0,1.61999389369901,115.41052372742142,2.0,0.3333333333333347,-2.400000000000002,1.0,-0.0207768947231967,3.5196687370600404,6.418219461697714,0.9354838709677432,3089071.5,5.942997797606204,3.0927835051546464,3.808571448247448,1.3375388041358058,0.1469661977745145,0.026993791427964,0.2480568877129291,1.4730835855870217,3.0,16.0
MSTZ,2025-10-17,6.59,0.0,0.0,no_fill,0,0,3.9573820395738166,768645.0,1.3677254154735998,43.31108874834356,1.0,0.0,-3.652968036529684,0.0,-1.814075303907935,3.139717425431713,11.948194662480374,0.9081592432006312,21977806.95,9.019818339895366,2.0202177052438786,7.892319147395719,1.2371900463890462,0.2827814167879683,0.1470766618146572,-0.1725599418745438,1.788803147716319,4.0,17.0
ATAI,2025-10-20,6.75,0.0,0.0,no_fill,0,0,4.179104477611944,810726.0,2.036333992725821,73.09692373055309,1.0,0.3035714285714281,-2.164179104477619,0.0,-0.6167778950629392,3.875968992248062,18.065116279069773,0.918297288019224,7969847.5,8.18779063404114,2.3650919757990563,6.6725278206236585,3.9217020150009145,0.2307807582796289,0.1873220440581447,0.4410060356116232,1.533617026798991,0.0,20.0
DFTX,2025-10-20,14.3,0.0,0.0,no_fill,0,0,2.393523407250967,123110.0,1.2564969785389883,80.89379039253915,2.0,0.2941176470588226,-1.0207673354452629,0.0,-0.5450165193649129,4.065934065934064,16.849816849816843,0.9086956521739132,2155419.3,7.840309862447873,2.4891774891774943,5.584989923903201,1.7606555717488477,0.2307807582796289,0.1873220440581447,0.4410060356116232,1.533617026798991,0.0,20.0
LBRT,2025-10-20,16.539469999999998,-2101.9825899999955,-4.204064580062109,eod,0,1,6.835443037974673,587218.0,1.8946919689158823,65.76655494410959,4.0,0.9861111111111138,4.272151898734181,1.0,3.8955392766077614,3.1331592689295062,26.957571801566587,0.9200949175524832,5580427.15,5.920987193030638,0.9584664536741236,6.67908829224652,4.849453683845689,0.2307807582796289,0.1873220440581447,0.4410060356116232,1.533617026798991,0.0,20.0
REKR,2025-10-20,3.42,0.0,0.0,no_fill,0,0,7.312865497076017,1708924.0,2.5429769886832347,76.09647602195851,1.0,0.0603758496601355,-6.871345029239763,0.0,-2.258971317324791,6.874999999999992,22.375000000000007,0.9357541899441344,9013882.5,11.138194712405584,5.360443622920515,8.365319928373054,2.793574910700245,0.2307807582796289,0.1873220440581447,0.4410060356116232,1.533617026798991,0.0,20.0
SOPA,2025-10-20,3.33999,249.2505000000041,0.4985044865403871,eod,1,1,3.63636363636364,60595.0,1.7334696912450631,60.43671370672343,2.0,0.4166666666666648,-1.2121212121212133,1.0,-0.1853838247287852,7.142857142857134,17.701298701298697,0.9633162142333088,11571478.15,15.726039274234273,-47.45222929936306,62.77381915545638,0.0500740694048668,0.2307807582796289,0.1873220440581447,0.4410060356116232,1.533617026798991,0.0,20.0
VWAV,2025-10-20,13.35,0.0,0.0,no_fill,0,0,4.536862003780716,46410.0,1.7542247438060363,139.1422053782024,0.0,0.1843333333333331,-2.7553875236294885,0.0,-1.6175000456657156,3.603603603603596,13.320799059929495,0.950011761938368,249324.2,11.275435512019508,2.9182879377431905,6.417068074741124,2.525791720177985,0.2307807582796289,0.1873220440581447,0.4410060356116232,1.533617026798991,0.0,20.0
CTMX,2025-10-21,3.9099,0.0,0.0,no_fill,0,0,3.2282051282051314,201255.0,1.5847379506115804,87.77027379492615,1.0,0.0476568705321701,-2.8205128205128176,0.0,-1.5863519716137455,4.278074866310152,15.775401069518711,0.9152542372881358,4696202.95,8.62916948227724,2.902374670184693,6.522230685169185,1.3072661180454306,0.0982932713787987,0.0067018139576384,0.0208550573514226,1.2126409461489065,1.0,21.0
SEV,2025-10-23,7.271749999999999,-1916.4062499999911,-3.833327603396689,stop,0,1,3.4722222222222223,66803.0,1.8080261876954973,89.58358122510435,0.0,0.6400000000000006,-0.555555555555556,0.0,0.0411788005082644,4.80349344978166,25.18195050946143,0.92485549132948,1528854.0,67.25550366155082,-67.90013374944272,18.8768471521815,1.078635370022252,0.1302219760810676,0.0478977383286587,0.0479185384845837,0.8289707685794431,3.0,23.0
ABVE,2025-10-24,5.86,0.0,0.0,no_fill,0,0,11.320754716981131,460298.0,3.6678435252575055,122.81631216949688,2.0,0.1742424242424245,-8.833619210977696,1.0,-1.836990048574895,14.090019569471618,19.47162426614481,0.9698492462311564,6521614.2,19.4875488224408,-11.1280487804878,13.601785396130063,0.6137120162673836,0.1744375129349944,0.0533217041657971,0.6996546385613978,0.827319133385449,4.0,24.0
CRCA,2025-10-24,14.052029999999998,4243.662180000006,8.487812792884743,target,1,1,4.525706010137581,177636.0,1.6889937960377788,62.89146019773423,3.0,0.4080000000000012,-1.2309920347574217,1.0,-0.00976893384615,5.019011406844108,8.288973384030417,0.9633027522935788,5426059.05,14.129579061598834,-32.45358323714123,10.331104184911355,0.4939450483864528,0.1744375129349944,0.0533217041657971,0.6996546385613978,0.827319133385449,4.0,24.0
CRCG,2025-10-24,8.94676,4154.901520000007,8.310718070005246,target,1,1,4.421768707482999,122905.0,1.568856685832877,75.14903483689686,3.0,0.4107692307692339,-1.47165532879818,1.0,-0.0794609015484382,5.250596658711211,8.23389021479714,0.9710144927536238,3007670.0,14.055945442140494,-32.04930662557781,10.2976677145972,0.5961172602047432,0.1744375129349944,0.0533217041657971,0.6996546385613978,0.827319133385449,4.0,24.0
INFQ,2025-10-24,21.10312,-2353.00925,-4.7066500119413615,stop,0,1,4.430379746835444,217076.0,2.467509633380342,72.79386808613579,3.0,0.8570329670329684,1.8008763388510285,0.0,1.2948698239761889,4.902962206332997,11.8488253319714,0.9181034482758617,7719383.85,14.368753290672656,-25.30909090909092,9.020807417780835,1.1171675314474745,0.1744375129349944,0.0533217041657971,0.6996546385613978,0.827319133385449,4.0,24.0
LDI,2025-10-24,3.80137,-2170.376529999989,-4.340803447178234,stop,0,1,4.098360655737703,675923.0,1.6978433104852344,60.98306763238971,3.0,0.8333333333333338,2.868852459016393,1.0,1.4515852831885057,5.780346820809254,8.092485549132956,0.9642857142857136,6975994.85,8.641233610517622,5.475504322766569,5.342356742873824,0.8761333876271425,0.1744375129349944,0.0533217041657971,0.6996546385613978,0.827319133385449,4.0,24.0
LUMN,2025-10-24,8.25469,-1046.5284599999968,-2.0931131272040435,eod,0,1,3.42465753424658,1670201.0,1.539370906952751,101.54174447635064,3.0,0.4363636363636329,0.5603985056039842,0.0,0.1110172592352602,3.080872913992289,8.023106546854942,0.9439999999999996,12694435.95,5.914103341707574,2.619808306709255,4.085042453661845,1.9078507383386345,0.1744375129349944,0.0533217041657971,0.6996546385613978,0.827319133385449,4.0,24.0
NBIL,2025-10-24,19.30775,3680.263500000005,7.362328598619734,target,1,1,3.980891719745223,58662.0,1.739571008278586,96.63384788729648,3.0,0.7333333333333343,1.114649681528667,0.0,0.7297161872737087,8.838821490467945,12.247255921432696,0.9669811320754716,397097.7692307693,20.38413855866008,-51.16640746500778,10.547575074533396,1.6314596812139464,0.1744375129349944,0.0533217041657971,0.6996546385613978,0.827319133385449,4.0,24.0
AXTI,2025-10-27,6.33,0.0,0.0,no_fill,0,0,5.103668261563003,532146.0,1.988773205948988,95.28598022112996,3.0,0.2343750000000003,-2.9505582137161026,1.0,-1.7953980448858593,3.465346534653465,12.04620462046204,0.9041095890410954,2158662.2,10.404863578925738,2.2838499184339263,8.992398533937667,2.420532957866219,0.0922765954330568,-0.0073235393200926,0.8091546696197885,0.8167019221066878,0.0,27.0
CRWG,2025-10-27,12.758159999999998,-1295.6213999999948,-2.591282755507054,stop,0,1,2.201257861635229,101074.0,1.2149141429902233,56.42476961560987,2.0,0.6428571428571392,-0.7861635220125898,1.0,0.6643360060668227,4.605263157894741,9.786184210526311,0.9243697478991596,3798366.45,13.385464962145704,-23.35040674902078,9.40916257527346,0.7306943752096378,0.0922765954330568,-0.0073235393200926,0.8091546696197885,0.8167019221066878,0.0,27.0
CWVX,2025-10-27,19.40805,-1280.2204800000018,-2.560690022954396,stop,0,1,2.1806853582554604,257277.0,1.2746068476689345,66.77264456141218,2.0,0.6428571428571392,-0.3115264797507906,1.0,0.4856835105284032,4.164413196322354,9.81611681990264,0.9228650137741042,8020740.35,13.416027370014708,-23.57142857142856,9.331213978767916,0.6520733463214528,0.0922765954330568,-0.0073235393200926,0.8091546696197885,0.8167019221066878,0.0,27.0
IRE,2025-10-27,23.89146,-2686.316279999998,-5.3746819993420205,stop,0,1,5.118279569892479,241200.0,2.809631636915492,48.271090455818666,2.0,0.2926890756302533,-1.1686021505376307,0.0,-0.171456277288144,6.067518248175174,13.77737226277372,0.9834437086092724,0.0,0.0,0.0,0.0,0.0,0.0922765954330568,-0.0073235393200926,0.8091546696197885,0.8167019221066878,0.0,27.0
KYTX,2025-10-27,8.4471,0.0,0.0,no_fill,0,0,7.303144654088056,127539.0,2.329178358356556,111.05887742643117,3.0,0.729417843610056,4.276729559748415,0.0,2.1647890678675763,6.854838709677416,15.7258064516129,0.9059829059829064,779549.9,9.730911422903834,2.8473848303341622,10.003623538916372,1.151881361282966,0.0922765954330568,-0.0073235393200926,0.8091546696197885,0.8167019221066878,0.0,27.0
NBIL,2025-10-27,22.467199999999995,2334.6035000000084,4.670185870958571,target,1,1,2.569882777276828,34205.0,1.080415663630914,51.346729777505615,3.0,0.6666666666666708,0.1352569882777328,1.0,0.4752035883220064,6.429942418426103,11.420345489443374,0.9831932773109248,418448.28571428574,19.743867625144603,-42.50907205806117,11.6911200477466,1.6632999196350595,0.0922765954330568,-0.0073235393200926,0.8091546696197885,0.8167019221066878,0.0,27.0
RR,2025-10-27,6.42,0.0,0.0,no_fill,0,0,5.660377358490571,2663595.0,2.0449221837558555,69.51095690415619,1.0,0.0827777777777796,-4.248427672955975,0.0,-1.7153379042487915,4.605263157894741,10.197368421052634,0.9032258064516137,58898021.55,12.786384800663638,-14.401076716016142,8.149040242661824,0.6122061667112144,0.0922765954330568,-0.0073235393200926,0.8091546696197885,0.8167019221066878,0.0,27.0
VERI,2025-10-27,7.542559999999999,-1987.4404899999936,-3.974910375257194,stop,0,1,3.621730382293757,622851.0,2.441739704441422,88.71811578851818,2.0,0.5655555555555575,-0.7015425888665298,0.0,-0.0310856245932462,3.8300835654596153,13.857938718662954,0.9798994974874368,10309603.15,11.116913608919951,-20.859872611464965,14.572018849939267,1.1961826096089838,0.0922765954330568,-0.0073235393200926,0.8091546696197885,0.8167019221066878,0.0,27.0
DGNX,2025-10-31,21.707427499999994,-3679.174922499993,-7.359497112221139,stop,0,1,7.021819870009283,106524.0,3.507304197712625,92.87525434280435,2.0,0.456198347107439,-3.342618384401109,1.0,-0.9225251617169454,17.898193760262725,16.037219485495335,0.9249146757679184,1098398.75,17.420402264120465,-45.95340551255191,13.542667262347702,0.9856739185109232,0.159114796216284,-0.1284596519911239,0.7663680626038749,0.8284914950088297,4.0,31.0
DLHC,2025-10-31,8.1,0.0,0.0,no_fill,0,0,15.549215406562054,283189.0,5.802873942629404,54.7428473362901,3.0,0.6697247706422023,10.41369472182597,0.0,0.3917129040493976,14.918032786885249,9.016393442622949,1.0,104979.75,3.382639560070696,14.918032786885249,2.6092742229837573,17.988764499820203,0.159114796216284,-0.1284596519911239,0.7663680626038749,0.8284914950088297,4.0,31.0
TSSI,2025-11-03,21.5645,-1796.9370117999974,-3.594843840571305,stop,0,1,3.249646726330671,124583.0,1.4311155891757583,120.34972564405967,3.0,0.4897811276996673,-0.3862458784738612,1.0,0.0584470541490666,4.787759131293182,10.76011846001974,0.9587155963302753,2076262.25,8.132551452231365,1.1916110581506196,5.650274769552074,1.3686305764120117,0.1779307528512548,-0.1400110842108221,0.5292789490660665,0.9161990937076744,0.0,3.0
RGTZ,2025-11-04,15.396049999999995,-3118.743499999993,-6.238613150775674,stop,0,1,5.968169761273212,1132767.0,2.784675910739361,15.977331762009536,3.0,0.933222222222222,1.3919098143236028,1.0,2.0221947393047826,10.63829787234042,20.247248716067485,0.9492698481719032,30084777.111111112,26.18114207793783,-26.04217753800884,18.920561597859965,0.5852990678630182,0.2410850305423666,-0.1700906657200717,-1.0580384581613864,0.870845455582505,1.0,4.0
SMCZ,2025-11-05,3.84149,5261.443900000004,10.523520821347974,target,1,1,5.497382198952879,815470.0,2.5911892461597503,62.31997642666468,2.0,0.7152380952380948,-1.3036649214659646,0.0,0.792874370267168,10.724637681159413,6.666666666666665,0.9565217391304356,11052441.15,9.33089863331196,6.111111111111104,8.452336946659502,1.2976497051965754,0.1302853417878927,-0.0718539808586941,-0.0385048279130369,0.8368453377578936,2.0,5.0
DGNX,2025-11-06,21.063,-1763.9458199999997,-3.529126904999288,stop,0,1,3.1443544545021447,36264.0,1.1797823359059758,124.9438079971452,0.0,0.2425757575757574,-2.333968556455449,0.0,-1.2974589915724954,4.949999999999992,8.999500000000005,1.0,1093906.95,17.728059901464835,-47.33342533465481,12.08131739879888,0.6016279538218493,0.155217526276103,0.0828713764098958,-0.1638182945187304,0.8805478815482086,3.0,6.0
VERI,2025-11-06,6.91,0.0,0.0,no_fill,0,0,5.797101449275368,738293.0,2.1109280137873503,116.14015219830684,1.0,0.32475,-3.7695652173913103,1.0,-0.8568631078389812,3.139013452914797,11.210762331838565,0.9333333333333336,10248426.95,10.966427530499748,-26.75159235668789,14.987372865658848,0.5462791536022024,0.155217526276103,0.0828713764098958,-0.1638182945187304,0.8805478815482086,3.0,6.0
RGTZ,2025-11-07,18.223507,-1977.7770609999984,-3.9565765250343934,stop,0,1,3.597560975609761,867344.0,2.1340337892138184,26.38380909569665,2.0,0.8166409861325121,0.0554323725055519,0.0,0.8920410352536416,8.87145443572721,13.427881713940854,0.932584269662922,29826838.65,24.45417640462264,-10.560237977193864,18.77042734109787,0.6578171166658321,0.2680001796649195,-0.2425476486352958,-0.3580432934015571,1.0253435285863657,4.0,7.0
ABAT,2025-11-10,4.69,0.0,0.0,no_fill,0,0,9.035729659922524,694070.0,2.7695373179747373,58.516116044971234,2.0,0.3211052882324919,-5.1872578562203975,1.0,-0.9096644123932286,4.875846501128673,19.97742663656885,0.937853107344632,21248284.35,16.207345389608264,-59.56483899042646,16.258309425937387,0.7387253832566486,0.1624239560569403,0.0827033252613599,0.9337228192020488,1.2503422312103796,0.0,10.0
AMPX,2025-11-10,13.59065,-52.37472000000338,-0.1047779171710029,eod,0,1,4.854368932038837,614962.0,2.040902181366848,72.13931108435523,1.0,0.1915384615384605,-2.7296489917849205,1.0,-0.8823733420076353,5.184603299293009,14.454045561665357,0.9945652173913044,9445193.9,11.011322364614864,-16.469120399251405,9.204406713560692,1.1990992583010922,0.1624239560569403,0.0827033252613599,0.9337228192020488,1.2503422312103796,0.0,10.0
AXTI,2025-11-10,10.28075,723.6630299999962,1.447462490577042,eod,1,1,4.665314401622727,764396.0,1.9455161745435827,63.782511681925016,3.0,0.3586956521739144,0.963488843813394,0.0,-0.9803864084312522,4.228329809725143,17.547568710359418,0.993975903614458,3297262.55,10.784703014413848,0.2032520325203209,5.533231615176664,1.0157028593309927,0.1624239560569403,0.0827033252613599,0.9337228192020488,1.2503422312103796,0.0,10.0
BKKT,2025-11-10,25.0,0.0,0.0,no_fill,0,0,6.806399999999996,193065.0,3.7558899572055786,47.803582494347125,3.0,0.6050775740479543,-2.6880000000000024,1.0,1.6763694598868222,5.66356720202874,15.173288250211325,0.9749303621169916,1842597.65,14.358743781091368,-47.00627869610009,10.515480888553268,0.9209020753933992,0.1624239560569403,0.0827033252613599,0.9337228192020488,1.2503422312103796,0.0,10.0
BMNU,2025-11-10,16.0336571,-2179.504137799998,-4.35962360701851,stop,0,1,4.018331226295828,615071.0,2.0350403148669023,72.02659890527462,3.0,0.5741702060720469,-0.6637168141592947,1.0,0.5970673141301744,14.970930232558144,21.87427325581396,0.9435197182630652,9620319.65,13.340925663142317,-48.4354628422425,11.597399534550508,1.5614437509880454,0.1624239560569403,0.0827033252613599,0.9337228192020488,1.2503422312103796,0.0,10.0
BTQ,2025-11-10,7.191509999999999,-2769.0511199999964,-5.538614282674981,stop,0,1,5.182072829131655,244968.0,2.127477671898093,72.17419904578003,1.0,0.2159459459459467,-3.642857142857137,0.0,-1.1135096460406009,7.530120481927711,12.801204819277118,0.9764705882352936,7225853.8,14.668944591225925,-48.44802564602422,8.005897457409748,0.51065093511856,0.1624239560569403,0.0827033252613599,0.9337228192020488,1.2503422312103796,0.0,10.0
BW,2025-11-10,6.288709699999999,-3137.1471149999875,-6.274891334227091,stop,0,1,6.269491525423719,509310.0,3.4333294707579585,76.3875308708677,3.0,0.865098675317653,5.423728813559311,1.0,1.40092535600381,5.169340463458111,17.73618538324419,0.9648241206030158,4296379.95,10.809752744096174,4.51727192205493,8.209347431994782,1.4022730927230955,0.1624239560569403,0.0827033252613599,0.9337228192020488,1.2503422312103796,0.0,10.0
CCUP,2025-11-10,9.57,0.0,0.0,no_fill,0,0,6.113537117903936,48810.0,1.7161769845398511,28.30684608040988,3.0,0.5892857142857139,1.9650655021834031,0.0,1.1465876010869993,9.17759237187127,13.587604290822414,0.9912280701754388,464711.45,12.44565414267956,-48.42342342342343,9.687526867804692,1.408372873102223,0.1624239560569403,0.0827033252613599,0.9337228192020488,1.2503422312103796,0.0,10.0
CRCA,2025-11-10,8.96,0.0,0.0,no_fill,0,0,6.286379511059383,383608.0,1.917007675964332,20.651602704979425,3.0,0.6666666666666645,2.211874272409773,0.0,1.1827797311069317,9.566326530612244,13.775510204081634,0.9629629629629628,4522315.95,12.55535680743764,-48.5936564931179,9.735514096313365,1.5412131918823584,0.1624239560569403,0.0827033252613599,0.9337228192020488,1.2503422312103796,0.0,10.0
CRCG,2025-11-10,5.72,0.0,0.0,no_fill,0,0,6.032906764168192,488946.0,1.8299922639916453,29.88607396366159,3.0,0.6663636363636362,2.557586837294332,0.0,1.5166967999846768,9.619238476953898,13.827655310621251,0.9420289855072465,2676914.9,12.553319979044195,-48.686679174484055,9.6067040354421,1.582694690817403,0.1624239560569403,0.0827033252613599,0.9337228192020488,1.2503422312103796,0.0,10.0
DPRO,2025-11-10,8.976849999999999,-1699.271197599987,-3.39908096938233,stop,0,1,3.0122905027932823,183255.0,1.3747584565165638,90.11741631791874,3.0,0.1283382789317487,-2.62569832402234,1.0,-0.6264022872727,5.667060212514741,15.34828807556081,1.0,3730602.85,13.335785433076047,-36.771458848463446,9.084863124873923,0.7580573740246834,0.1624239560569403,0.0827033252613599,0.9337228192020488,1.2503422312103796,0.0,10.0
GWH,2025-11-10,4.75,0.0,0.0,no_fill,0,0,3.771551724137928,47996.0,1.4963083081107809,64.85769939257034,2.0,1.0,2.370689655172421,1.0,1.896363791363024,4.504504504504489,15.990990990990989,0.901408450704226,12974531.85,21.40868926047036,-66.5465032444124,12.13931873735929,0.0515793562139199,0.1624239560569403,0.0827033252613599,0.9337228192020488,1.2503422312103796,0.0,10.0
JMIA,2025-11-10,11.52,0.0,0.0,no_fill,0,0,3.7004405286343607,255830.0,1.5689151601396514,111.22004925750096,3.0,0.3333333333333347,-0.9691629955947088,1.0,-1.021304201503883,4.224058769513307,11.873278236914594,0.9435421500386708,2257084.9,6.160757324734848,-11.535463756819956,4.036413413391888,2.147105764608146,0.1624239560569403,0.0827033252613599,0.9337228192020488,1.2503422312103796,0.0,10.0
MSOS,2025-11-10,4.37308,-884.6855399999976,-1.7694622554355233,stop,0,1,1.3793103448275978,139751.0,0.7107253741964803,62.34878401513279,3.0,0.2500000000000074,-0.8045977011494083,1.0,-0.3192276395569447,3.5714285714285587,10.95238095238096,0.9130434782608696,8347329.1,7.235620870299718,-24.216027874564467,4.814769025989219,0.94191206622008,0.1624239560569403,0.0827033252613599,0.9337228192020488,1.2503422312103796,0.0,10.0
NVA,2025-11-10,10.75,0.0,0.0,no_fill,0,0,6.966403162055338,329050.0,3.3556102958907688,52.70888164817953,3.0,0.8581560283687949,5.23715415019764,1.0,2.231297465500243,14.092446448703496,20.85682074408117,0.9567567567567568,1793194.65,20.158880949405443,-87.56756756756756,34.4412354175996,2.175115233586048,0.1624239560569403,0.0827033252613599,0.9337228192020488,1.2503422312103796,0.0,10.0
ONDS,2025-11-10,6.39,0.0,0.0,no_fill,0,0,5.337519623233907,6257618.0,1.984306583863598,47.26036561078196,2.0,0.4408823529411784,-2.6703296703296653,1.0,-0.1629138315781657,9.63855421686748,16.265060240963848,0.91005291005291,63922090.75,11.481037370305868,-43.20106999554169,6.332979977059036,1.6694278260915614,0.1624239560569403,0.0827033252613599,0.9337228192020488,1.2503422312103796,0.0,10.0
OUST,2025-11-10,27.2699,0.0,0.0,no_fill,0,0,3.401997041420112,173817.0,1.168405166628878,75.1004434462788,3.0,0.4402652462224136,-1.0539940828402372,1.0,-0.4643897561436184,5.173084402956041,9.490470633994546,0.967213114754099,3246158.5,11.353463690650589,-35.078031212484994,8.359009133285875,1.043383125007605,0.1624239560569403,0.0827033252613599,0.9337228192020488,1.2503422312103796,0.0,10.0
PANL,2025-11-10,6.338959999999999,115.78116000000897,0.2315837298232066,eod,1,1,3.8587848932676567,53385.0,1.3556350070664247,69.0397882236853,2.0,0.4042553191489346,1.477832512315269,0.0,-0.248090095409089,4.639175257731951,10.996563573883156,0.9843750000000004,166828.05,3.4004306633610293,4.459691252144079,4.357314585280729,4.399727743625848,0.1624239560569403,0.0827033252613599,0.9337228192020488,1.2503422312103796,0.0,10.0
SOLT,2025-11-10,13.18,0.0,0.0,no_fill,0,0,1.2811550151975657,481977.0,0.5983133526013946,115.294752666539,1.0,0.2882562277580102,-0.7598784194528849,0.0,-0.4864116069840241,5.872888173773133,17.095736122284798,0.9294117647058822,10975408.15,11.724007257662567,-41.27621597501116,10.599925435895722,0.7886114012078903,0.1624239560569403,0.0827033252613599,0.9337228192020488,1.2503422312103796,0.0,10.0
SPRY,2025-11-10,10.10021,-3611.470499999991,-7.223513174478533,stop,0,1,6.886227544910176,205011.0,2.8242298089477056,63.537996208185874,2.0,0.7391304347826089,-1.2974051896207486,1.0,1.7725417912477588,13.220338983050848,9.03954802259886,1.0,1748420.4,5.888565446539914,-11.859397266057954,4.326163620888313,1.5114734419708211,0.1624239560569403,0.0827033252613599,0.9337228192020488,1.2503422312103796,0.0,10.0
TXG,2025-11-10,16.1180094,2464.418642400013,4.929028022529906,target,1,1,2.7358370464672195,135040.0,1.079567373062504,95.3406524239286,3.0,0.1628664495114012,0.0,0.0,-0.7695193094148043,3.0163934426229564,11.016393442622949,0.9940476190476192,2858993.1,6.006316213111422,2.94888597640892,6.009634356147265,2.7386285052594217,0.1624239560569403,0.0827033252613599,0.9337228192020488,1.2503422312103796,0.0,10.0
WKEY,2025-11-10,15.01491,-1596.6017999999926,-3.193225933422164,stop,0,1,2.845528455284553,53015.0,1.4642922593314749,62.28661752178871,3.0,0.3571428571428538,-0.4065040650406537,0.0,-0.3157012796105978,9.495548961424326,16.157270029673583,0.9035812672176312,2031218.45,19.108693466180327,-25.454545454545457,13.101869878915814,0.3270888958299882,0.1624239560569403,0.0827033252613599,0.9337228192020488,1.2503422312103796,0.0,10.0
XRPI,2025-11-10,15.07,0.0,0.0,no_fill,0,0,0.7763769077637749,30457.0,0.1918930444378324,141.93443589995005,1.0,0.0598290598290717,-0.7299270072992663,0.0,-0.4939075110557048,7.796852646638053,9.29899856938484,0.984615384615385,615271.0,4.805887725333991,-6.143929249836512,6.028025854793961,0.8910220049376616,0.1624239560569403,0.0827033252613599,0.9337228192020488,1.2503422312103796,0.0,10.0
XRPT,2025-11-10,10.71,0.0,0.0,no_fill,0,0,1.482242990654221,139602.0,0.5823293170478192,77.85572301070941,1.0,0.1172761664564998,-1.2149532710280282,0.0,-0.6260474995427078,15.80086580086579,16.937229437229444,0.9616613418530348,1942385.25,9.701783821704993,-16.536661466458664,11.77123604348401,1.0205277248681743,0.1624239560569403,0.0827033252613599,0.9337228192020488,1.2503422312103796,0.0,10.0
XXRP,2025-11-10,22.17,0.0,0.0,no_fill,0,0,1.6742081447963846,106723.0,0.656207368594786,49.50025694046308,1.0,0.1397297297297301,-1.1235294117647077,0.0,-0.5710832648874236,15.224191866527642,16.94473409801877,0.9784615384615384,1701191.4,9.974424105306502,-16.807829851308114,11.918762213730082,1.0604932519644763,0.1624239560569403,0.0827033252613599,0.9337228192020488,1.2503422312103796,0.0,10.0
TTGT,2025-11-11,5.86,0.0,0.0,no_fill,0,0,4.313380281690143,35493.0,2.088866955017828,88.03375937998487,2.0,0.0,-1.14436619718309,0.0,-1.92640482758792,9.021113243761992,8.445297504798473,0.9090909090909092,417131.4,5.604117027745531,-8.387096774193555,4.066400577957166,1.2512412155977708,0.0911845162808489,0.0183839750566226,-0.2186546137590997,1.2709793516543666,1.0,11.0
XPEV,2025-11-11,27.79313,-1367.5818099999965,-2.7351723249594344,stop,0,1,2.3765996343692946,3101880.0,1.1256430675485805,50.77810127968695,3.0,1.0,1.316270566727603,1.0,1.2851165565137463,5.030721966205847,9.65937019969278,0.9899415576670768,10679941.5,4.139817067424796,4.928775038077447,4.900996488794885,3.674844099099232,0.0911845162808489,0.0183839750566226,-0.2186546137590997,1.2709793516543666,1.0,11.0
CWAN,2025-11-12,20.7,0.0,0.0,no_fill,0,0,3.437269825681313,1409679.0,2.0933946646871044,47.234681413693664,2.0,0.5344285714285699,0.0446845077338576,0.0,0.2231137692031916,10.679347826086955,10.489130434782608,0.9196891191709838,5386107.15,3.7084778692994793,4.758230452674883,3.7982324753043937,2.1456600617386528,0.1365342211708443,-0.0846950248974061,0.2620790629575349,1.0765456215938356,2.0,12.0
OLOX,2025-11-13,3.6108,-8084.294009999998,-16.168993020937187,stop,0,1,17.48466257668713,5581349.0,7.355979448509201,33.75941380880628,1.0,0.1054385964912284,-5.211656441717783,0.0,-8.129324226440705,36.40167364016735,23.43096234309624,0.910714285714286,4607686.9,12.808189777451656,-23.29411764705883,11.234621904332112,0.8323184893487445,0.1366622092254432,-0.0661268754316682,-0.4214346337323298,0.781802620775999,3.0,13.0
QBTZ,2025-11-13,20.87243,3234.0283750000035,6.469419229097914,eod,1,1,7.700152983171842,194853.0,2.5199802770582767,38.602688096733296,4.0,0.90066225165563,5.354411014788377,1.0,2.792192363151121,8.402432283029295,19.76616915422885,0.9190088653969852,5389301.15,21.081790591427023,-16.446527481891778,15.68689772752338,0.3758273927594489,0.1366622092254432,-0.0661268754316682,-0.4214346337323298,0.781802620775999,3.0,13.0
RGTZ,2025-11-13,26.53938,3450.070259999999,6.903778460536755,eod,1,1,7.35177865612648,1008982.0,2.327013904625065,20.7755744606306,3.0,0.9247311827956984,4.031620553359682,0.0,2.3773039955982656,9.240069084628672,19.08462867012089,0.9253393665158376,27367131.7,19.61608823439263,7.705406555981279,13.401709999612244,0.5101306981323147,0.1366622092254432,-0.0661268754316682,-0.4214346337323298,0.781802620775999,3.0,13.0
BTCZ,2025-11-14,3.835,0.0,0.0,no_fill,0,0,1.4447368421052618,69706.0,0.6035089383540521,33.30620361393326,2.0,0.1183970856101995,-0.3526315789473646,0.0,-0.6126445453797129,5.117565698478551,10.235131396957126,0.9864864864864868,5048588.3,5.7000948854129225,4.972375690607727,6.090584249327466,1.7523882864443512,0.3929966937180656,-0.2690111211301418,-0.9910124397357254,0.9449193684444082,4.0,14.0
MSTZ,2025-11-14,11.825369999999998,-2606.942519999987,-5.214128606546747,stop,0,1,4.986876640419935,977560.0,1.5666422709087764,22.601683563546644,3.0,0.8771929824561426,2.53718285214349,0.0,1.3907746105085228,8.136234626300846,14.751182592242182,0.9171369933299132,19659793.65,9.905197274804909,6.830417227456262,8.190839277493591,1.181589716227769,0.3929966937180656,-0.2690111211301418,-0.9910124397357254,0.9449193684444082,4.0,14.0
ANGX,2025-11-17,6.318899999999999,-1464.036479999999,-2.9283577837914807,eod,0,1,4.032258064516129,85854.0,2.3712404532294578,47.360679511769845,3.0,0.549199999999999,-0.204838709677429,1.0,0.1900864051618668,3.678929765886283,16.053511705685615,0.9583333333333344,486394.45,7.557345650970175,-15.760869565217392,4.70989538235639,2.4372358689536857,0.3314917127071863,0.215021651485731,-0.3318798089086519,1.3236019825297742,0.0,17.0
CDZI,2025-11-17,6.017999999999999,-2855.2934399999926,-5.710867397806566,stop,0,1,5.479452054794526,560072.0,3.1159804596358294,64.29589201317069,3.0,0.8309375,1.813356164383564,1.0,1.848171164560472,12.3076923076923,9.038461538461531,0.9574468085106392,846328.2,6.621849137992744,-0.680272108843538,3.8490474578260727,1.0445073199735044,0.3314917127071863,0.215021651485731,-0.3318798089086519,1.3236019825297742,0.0,17.0
TMC,2025-11-19,5.787309999999999,-2874.8000299999926,-5.749994384264869,stop,0,1,5.3726169844020735,1536160.0,2.957979284798816,52.587164830153846,4.0,0.8464516129032282,-0.8249566724436604,1.0,1.820299417845058,6.457564575645749,12.177121771217717,0.954545454545454,7016933.9,7.028413190729242,-26.02564102564103,4.75515093420597,1.655911993128509,0.227004449287206,0.0938285057053791,0.1060477517876517,1.6603793938050475,2.0,19.0
PACS,2025-11-20,27.36184,-3813.204779999997,-7.62792268356221,stop,0,1,7.707279096924875,749107.0,3.2256835795091865,79.62369630492358,4.0,0.8636363636363639,5.138186064616583,1.0,1.3339866503442002,52.64408793820561,17.884729649435542,0.910299003322258,1534194.7,7.346049112285893,50.23391812865496,12.062049142862636,3.938809722129792,0.0,0.0,1.5513936887855926,1.477851981162809,3.0,20.0
BTCZ,2025-11-21,4.889625,-1425.1605000000006,-2.850525347035817,stop,0,1,2.469135802469138,276382.0,0.9116680376099646,30.91578230267572,1.0,0.0041666666666643,-2.1502057613168866,0.0,-1.1742730037059903,5.882352941176481,11.947712418300654,0.9299781181619252,6484301.25,6.398986247737263,5.003889032927151,5.837108572365548,1.8254557497617805,0.0,0.0,0.3861891407291591,2.1091278842864494,4.0,21.0
GDOT,2025-11-24,12.64,0.0,0.0,no_fill,0,0,10.680379746835454,114170.0,3.188127685356158,58.882322562000745,0.0,0.048148148148149,-10.166139240506327,0.0,-3.712205192487896,7.118644067796609,7.288135593220334,0.9534883720930242,665276.3,4.07954632233106,-4.423440453686194,2.915894644551672,1.3560831792745358,0.0,0.0,0.555361667905874,2.334445398042689,0.0,24.0
MAGN,2025-11-24,12.7129247,2924.599644900009,5.849207145858438,eod,1,1,5.394563426688629,124101.0,2.3157567358504565,84.42307832531796,3.0,0.4953428004275475,1.6836902800658953,1.0,0.3667519867253108,5.1993067590988,11.438474870017334,0.9166666666666656,1255627.05,6.008193595654934,-2.8799999999999955,7.717644193248758,2.6672912151741235,0.0,0.0,0.555361667905874,2.334445398042689,0.0,24.0
NG,2025-11-25,9.17,0.0,0.0,no_fill,0,0,3.5166393889798178,252472.0,1.0297163421799975,156.85621716956132,0.0,0.2553521563760471,-2.564102564102558,0.0,-1.91252085790065,5.344827586206895,5.40229885057472,0.9574468085106356,2814773.2,5.5376736260491946,-1.4516129032258231,3.267135626952591,0.9652727971120372,0.2348084889999027,0.1263778173279732,-0.0149537182420442,2.324270721574612,1.0,25.0
PONY,2025-11-25,13.75,0.0,0.0,no_fill,0,0,7.664233576642341,1495200.0,3.815626543469225,53.78023296669694,2.0,0.5190476190476186,-3.32116788321168,1.0,1.040906756455379,8.816521048451147,7.942017474185864,0.9899989998999902,6811302.05,7.463477368202325,-39.0026714158504,4.999518728267324,1.3068770015859157,0.2348084889999027,0.1263778173279732,-0.0149537182420442,2.324270721574612,1.0,25.0
ANVS,2025-11-26,5.08521,-2360.269920000006,-4.720748995616712,stop,0,1,4.382470119521926,275216.0,2.3296007307237687,82.43010844130532,2.0,0.9090909090909072,0.5976095617529931,1.0,1.9560921377065656,4.149377593360981,17.01244813278009,0.9878048780487808,3533558.95,13.486937114571017,3.933747412008272,9.339733164145018,0.6699916524669837,0.1697166469893876,0.1010920897284453,0.3866552102159956,1.694373008441164,2.0,26.0
CLSX,2025-11-26,27.94358,-3178.825618099995,-6.3587875998708725,stop,0,1,6.129044117647051,33259.0,3.183929364950118,72.72103418734778,2.0,0.0,-3.702573529411756,0.0,-2.739244321096224,8.713029576338927,17.585931254995998,0.9477272727272726,403341.3,19.007951427588505,-68.0,12.918820808889071,1.4857913137087624,0.1697166469893876,0.1010920897284453,0.3866552102159956,1.694373008441164,2.0,26.0
WOOF,2025-11-26,3.59,0.0,0.0,no_fill,0,0,6.4606741573033695,1291012.0,2.7359277993952014,47.34330894626551,2.0,0.347826086956522,-3.3707865168539355,1.0,-0.780289457835109,19.86531986531985,7.070707070707084,0.9047619047619048,2781278.0,4.814316962496931,-1.111111111111112,3.2423176530768103,3.4869603110512504,0.1697166469893876,0.1010920897284453,0.3866552102159956,1.694373008441164,2.0,26.0
ASM,2025-11-28,5.4162,1921.61727,3.8434695912263206,eod,1,1,3.4026465028355504,328567.0,1.3341665575323338,97.21170008464472,3.0,0.8333333333333325,1.512287334593574,0.0,1.0435744478605762,3.725490196078439,6.468627450980382,1.0,3979283.15,6.845730098121078,2.519379844961238,4.946277007698502,1.0269322000873449,0.1116251744143503,0.0940001468752274,0.1736111111111205,1.245667988268423,4.0,28.0
BITF,2025-11-28,3.40017,1269.6297000000045,2.539284800465868,eod,1,1,4.444444444444442,6769504.0,2.2925288402157897,71.04914715822174,2.0,0.3999999999999976,-2.222222222222228,0.0,-0.5017180456486887,8.87096774193548,12.741935483870966,0.9240506329113928,73329583.7,11.258355821845717,-25.82417582417582,7.277106531922008,1.2216332410462054,0.1116251744143503,0.0940001468752274,0.1736111111111205,1.245667988268423,4.0,28.0
CLSK,2025-11-28,14.563559999999995,3298.769700000008,6.597974671028255,target,1,1,3.581460674157302,2850073.0,1.7733499957117045,43.99252965007187,3.0,0.6078431372549032,0.5617977528089892,1.0,0.4413813565128123,5.873605947955397,12.4907063197026,0.9226190476190472,33885759.95,9.452968421747215,-26.21761658031088,6.968190655780453,2.0768009660648024,0.1116251744143503,0.0940001468752274,0.1736111111111205,1.245667988268423,4.0,28.0
EXK,2025-11-28,9.15739,2800.597800000014,5.601268483705538,target,1,1,3.052164261931192,843784.0,1.4288618263182733,45.30930937903397,2.0,0.999636363636358,1.3307436182019916,1.0,1.3216752016433024,4.524361948955924,9.628770301624122,0.9156626506024091,10371061.25,6.667227524107272,3.682393555811281,4.703144264760625,1.1900737737905076,0.1116251744143503,0.0940001468752274,0.1736111111111205,1.245667988268423,4.0,28.0
KEEL,2025-11-28,3.40017,1122.726750000002,2.245475961496047,eod,1,1,4.444444444444442,6769504.0,2.2925288402157897,71.04914715822174,2.0,0.3999999999999976,-2.222222222222228,0.0,-0.5017180456486887,8.87096774193548,12.741935483870966,0.9240506329113928,73329583.7,11.258355821845717,-25.82417582417582,7.277106531922008,1.2216332410462054,0.1116251744143503,0.0940001468752274,0.1736111111111205,1.245667988268423,4.0,28.0
VRCA,2025-11-28,7.50244,7256.829440000013,14.51474453644417,target,1,1,7.671232876712336,68704.0,3.493900451075236,108.3348486325978,2.0,0.7678571428571417,0.6849315068493127,1.0,1.697127807125208,8.792846497764529,19.225037257824145,0.937984496124031,170389.45,9.691452059052647,7.51104565537555,9.36446435701594,6.779451427303744,0.1116251744143503,0.0940001468752274,0.1736111111111205,1.245667988268423,4.0,28.0
CWVX,2025-12-02,30.09,-3169.5368099999946,-6.341674975074767,stop,0,1,6.249999999999997,125680.0,1.5849323571909706,32.240969931043935,4.0,0.9102793296089392,4.187849162011176,1.0,3.164327863330727,407.8014184397164,19.76950354609929,0.9461883408071744,11650633.0,17.627851257002998,52.991452991453,10.463460628023492,0.8875059406643399,0.0821210699202339,-0.0146644767714554,0.2425507519073275,0.6068606674853394,1.0,2.0
TSHA,2025-12-04,4.87458,1952.4199500000047,3.9049518112329777,eod,1,1,3.941908713692954,311037.0,1.3411970315138508,153.9910586379744,2.0,0.0526315789473671,-2.9045643153527085,0.0,-2.656339394149426,7.34966592427617,9.242761692650337,0.9397590361445796,3489684.35,7.513156282968502,-1.932858596134278,5.285005756402233,0.7335540247357902,0.2290967459506858,-0.2028308769881783,0.2061735074354016,0.6824037313687074,3.0,4.0
FTH,2025-12-05,13.26,0.0,0.0,no_fill,0,0,11.9085123309467,47251.0,3.8055994121279766,69.02748357221526,3.0,0.2250651346115304,-3.739061256961023,1.0,-3.191320296303636,19.034090909090907,18.58238636363636,0.9415481832543448,59720.2,10.688170008453277,17.755065716132545,8.259643922334671,11.902723031738006,0.1721496826901962,0.0904515281931584,0.1578047604436127,0.6704349328866847,4.0,5.0
SNSE,2025-12-05,13.26,0.0,0.0,no_fill,0,0,11.9085123309467,47251.0,3.8055994121279766,69.02748357221526,3.0,0.2250651346115304,-3.739061256961023,1.0,-3.191320296303636,19.034090909090907,18.58238636363636,0.9415481832543448,59720.2,10.688170008453277,17.755065716132545,8.259643922334671,11.902723031738006,0.1721496826901962,0.0904515281931584,0.1578047604436127,0.6704349328866847,4.0,5.0
UAMY,2025-12-05,6.820399999999999,-3055.217299999993,-6.111225148085143,stop,0,1,6.009244992295835,1233732.0,3.0133235224227355,42.84312320781292,3.0,0.3000000000000002,0.5701078582434502,0.0,-0.8539046006888018,6.04575163398693,16.176470588235297,0.9090909090909092,10397204.25,10.851333195617649,-24.534883720930225,7.58092928583844,1.3637957530746787,0.1721496826901962,0.0904515281931584,0.1578047604436127,0.6704349328866847,4.0,5.0
IMMX,2025-12-08,6.028029999999999,-4425.097819999991,-8.85081859247547,stop,0,1,8.658743633276737,424536.0,4.355442083331321,59.30386565230852,4.0,0.5392156862745108,-1.95246179966043,1.0,-0.3015748255950494,5.935251798561153,14.748201438848929,0.9878048780487796,642171.1,10.739863456815236,5.745062836624765,7.238313783536402,1.7333869431371172,0.1048645499563104,-0.0699242644916972,0.1312546486021346,0.6359236216384665,0.0,8.0
VSTS,2025-12-08,7.71,0.0,0.0,no_fill,0,0,4.959785522788205,255946.0,2.3350940646209453,98.85825737240978,2.0,0.2432432432432427,-0.4021447721179658,0.0,-1.4845925496175794,6.571428571428571,6.71428571428571,1.0,3001892.0,5.726517091061174,6.571428571428571,3.6348963284714473,1.1634755680750672,0.1048645499563104,-0.0699242644916972,0.1312546486021346,0.6359236216384665,0.0,8.0
WBD,2025-12-08,27.93355,-878.434779999998,-1.7578145276916073,stop,0,1,1.3748191027496477,6899432.0,0.5217620469943283,86.66591309475959,3.0,0.8815789473684174,0.5969609261939187,1.0,0.7756949419451284,5.981595092024549,4.294478527607367,0.9821428571428544,45341405.9,3.428122324131581,5.900383141762449,2.4534546425352044,4.386108702465267,0.1048645499563104,-0.0699242644916972,0.1312546486021346,0.6359236216384665,0.0,8.0
KOLD,2025-12-09,25.68,0.0,0.0,no_fill,0,0,0.5867396831605656,208681.0,0.3665999184924119,82.10385050855062,2.0,0.1999999999999858,-0.0195579894386957,0.0,-0.1852575302642305,5.379225061830171,6.450948062654565,0.9552715654952096,8367103.35,6.012975660642347,-16.834743005855554,6.401588379332612,1.4843611319800418,0.1259002283506043,0.0365946483986181,-0.0702134195398122,0.6287064880855137,1.0,9.0
MIST,2025-12-12,3.06,0.0,0.0,no_fill,0,0,2.950819672131144,359446.0,0.928231405875421,151.23820964448856,2.0,0.0555555555555544,-2.459016393442614,1.0,-1.1526178844351596,3.389830508474564,12.247457627118642,0.9584832549128156,4092846.85,7.578724711814029,2.866779089376053,4.553540647808964,1.8422614567168567,0.143133237426784,0.0356016681924531,-0.1451020793127965,0.8504388881816375,4.0,12.0
VELO,2025-12-12,15.0,0.0,0.0,no_fill,0,0,10.481481481481485,280597.0,5.946774648206729,69.39024042207896,2.0,0.0999399959997336,-4.612159329140462,0.0,-3.3660149907155894,6.950672645739909,37.66816143497757,0.9722222222222224,833368.7,15.481685826722932,5.843195266272196,14.91607395519123,5.608164789486335,0.143133237426784,0.0356016681924531,-0.1451020793127965,0.8504388881816375,4.0,12.0
CRON,2025-12-15,3.43,0.0,0.0,no_fill,0,0,7.079881656804736,585216.0,3.295971641089821,107.49484815895524,1.0,0.0,-5.600591715976325,0.0,-3.060172411685234,3.363914373088681,13.761467889908264,0.9555555555555556,2768552.0,4.846596154192218,2.7355623100303905,4.053623526089816,6.341127058476777,0.2654144548795333,-0.2573936883859281,0.5837831494954263,1.1885753663459826,0.0,15.0
YOLO,2025-12-15,4.34,0.0,0.0,no_fill,0,0,12.94117647058823,123809.0,3.096473467620584,85.76187401280697,1.0,0.0043636363636366,-10.767058823529409,0.0,-4.976540224234901,8.974358974358978,15.8974358974359,0.9032258064516128,57274.05,6.171372764886779,7.323232323232324,8.123076794583978,9.567928232768592,0.2654144548795333,-0.2573936883859281,0.5837831494954263,1.1885753663459826,0.0,15.0
RKLZ,2025-12-16,10.621769999999998,1951.440298200005,3.903140437045813,target,1,1,2.159584513692161,33244.0,1.1893366916017916,42.22080100427885,1.0,0.0380411018801891,-2.077431539187919,0.0,-0.7767132843212944,5.268389662027826,25.497017892644138,0.9649122807017544,227061.68421052632,14.684076498936854,-58.48475226099331,11.373760012165222,5.123735446801843,0.2473425399723138,0.0500574188039101,-0.2203516812833282,1.1359946700144068,1.0,16.0
IRE,2025-12-17,6.03,0.0,0.0,no_fill,0,0,3.170283806343917,385291.0,2.0487077418075863,14.80906461994944,1.0,0.3680884676145354,-1.335559265442405,0.0,-0.5165370894880141,3.633217993079584,17.99307958477509,0.9423076923076928,15298212.8,21.307836368560693,-57.36654804270462,13.397368147461162,1.4599199456814982,0.1823824442189023,-0.0169145008751429,0.150249679614651,1.09282926121689,2.0,17.0
IREX,2025-12-17,10.24,0.0,0.0,no_fill,0,0,3.349753694581279,68014.0,1.8596971778011908,23.429408607920298,3.0,0.4705882352941182,-0.886699507389161,1.0,-0.2079025390391048,3.571428571428568,17.94183673469388,0.9431268839219704,1150169.15,21.214910184581303,-56.568249893025246,13.038663625817613,1.7160719360278445,0.1823824442189023,-0.0169145008751429,0.150249679614651,1.09282926121689,2.0,17.0
SGML,2025-12-19,12.59768,-1666.044159999998,-3.332915266938036,eod,0,1,5.606694560669456,591863.0,1.9667972138090373,56.43066693005097,4.0,0.641791044776119,3.09623430962344,0.0,0.2139903380019803,2.92850990525409,11.369509043927652,0.9090909090909084,5450626.7,12.1885122133458,-3.317152103559872,6.225576504206,0.5966739567763831,0.2601241501625762,0.2394176766183904,0.0177391458601275,1.0460286265857877,4.0,19.0
BMNG,2025-12-22,4.66395,-2127.0624000000053,-4.254333772874934,stop,0,1,3.870967741935496,169932.0,1.7305850583390665,32.50408460539544,3.0,0.1666666666666675,-3.2258064516129106,1.0,-1.22428678302976,6.896551724137948,11.49425287356323,0.9799999999999986,3778974.95,17.885106488475902,-42.83606859671767,17.2283774925589,1.6691679842969056,0.1681458628807008,-0.0380155863904187,0.4922199856007321,0.9727855534435984,0.0,22.0
BMNU,2025-12-22,6.990909999999999,-2271.403679999994,-4.5428992792068446,stop,0,1,4.160688665710187,1843077.0,2.256294635264709,38.69785359665194,3.0,0.4137931034482762,-2.439024390243901,1.0,-0.4789852844146427,7.066052227342549,11.82795698924732,0.9610389610389608,39856399.55,18.19773901218261,-43.194784026079866,17.26685422268421,1.0714603547274004,0.1681458628807008,-0.0380155863904187,0.4922199856007321,0.9727855534435984,0.0,22.0
CCUP,2025-12-22,5.727129999999999,-3513.475799999989,-7.027254488722952,stop,0,1,7.102803738317756,91201.0,2.15622280141834,37.4779586014084,5.0,0.7894736842105261,5.233644859813089,1.0,1.300985364067433,3.6821705426356495,8.914728682170542,0.9782608695652178,1591728.3,13.972461220041032,-10.67254391237562,11.114271502444954,0.6329409359625006,0.1681458628807008,-0.0380155863904187,0.4922199856007321,0.9727855534435984,0.0,22.0
CRCA,2025-12-22,5.330945,-3713.0054149999983,-7.426169281431338,stop,0,1,7.53012048192771,748821.0,2.505708051843378,43.1042261366718,5.0,0.7733333333333334,5.02008032128514,1.0,1.8046768240296824,3.3195020746887995,9.1286307053942,1.0,11516324.1,14.039226451438058,-10.752688172043005,11.011161810940438,0.8964273591431836,0.1681458628807008,-0.0380155863904187,0.4922199856007321,0.9727855534435984,0.0,22.0
CRCG,2025-12-22,3.4102,-3568.0475699999947,-7.136531581725403,stop,0,1,7.210031347962382,435628.0,2.5302769656530333,38.81219930616768,5.0,0.8260869565217389,5.329153605015672,1.0,1.980698087692012,3.571428571428567,8.743506493506503,0.965466023022651,10159707.4,14.073903480611142,-10.893854748603356,11.19198821317125,0.7587025586977042,0.1681458628807008,-0.0380155863904187,0.4922199856007321,0.9727855534435984,0.0,22.0
CRWG,2025-12-22,4.32293,-2972.461999999986,-5.945041904449038,stop,0,1,5.797101449275346,1384964.0,2.177371110015509,80.86456800908147,5.0,0.8958333333333353,3.5024154589372096,1.0,2.541585414458455,4.8101265822784685,27.592405063291142,0.9083402146985964,16260496.25,16.4834812367365,-18.98238747553817,14.155826507724026,1.8500624173754845,0.1681458628807008,-0.0380155863904187,0.4922199856007321,0.9727855534435984,0.0,22.0
CRWU,2025-12-22,7.984381499999999,-2955.047192999997,-5.910307517244756,stop,0,1,5.735677083333335,194225.0,2.1184857370446024,8.967043144905032,4.0,0.90805902383655,3.1250000000000027,1.0,1.761698052910575,5.349794238683123,27.434842249657063,0.9049999999999998,1316458.5,16.32796032090075,-18.816067653276967,14.039422547831393,2.494694667549338,0.1681458628807008,-0.0380155863904187,0.4922199856007321,0.9727855534435984,0.0,22.0
FLY,2025-12-22,27.09103,2878.735049999997,5.759434026687056,eod,1,1,6.606370428627619,458750.0,3.28414189084721,50.756771412189,4.0,0.667976190476191,4.019661816751874,1.0,1.5432154760667631,3.1643002028397613,18.701419878296143,0.9435996442439096,2389928.9,9.041827918765025,2.0875150541951006,7.435895756983305,3.4198142881991176,0.1681458628807008,-0.0380155863904187,0.4922199856007321,0.9727855534435984,0.0,22.0
IRE,2025-12-22,7.492409999999999,-2465.9404199999926,-4.932191377674192,stop,0,1,4.551539491298525,992219.0,2.504221341302053,37.505778721515824,3.0,0.942941176470588,-0.2597054886211524,1.0,1.9448298191300168,10.666666666666664,16.44444444444445,0.9009009009009008,14994207.25,18.78556271629525,-40.52547770700637,14.843224208482043,0.9584145237154836,0.1681458628807008,-0.0380155863904187,0.4922199856007321,0.9727855534435984,0.0,22.0
KDK,2025-12-22,10.7821497,403.2812811000039,0.8066137312116974,eod,1,1,3.3626168224299056,44458.0,1.2128868000509774,130.75268402588614,3.0,0.4344080044469147,-1.43551401869158,1.0,-0.2162600659802257,3.6821705426356495,12.209302325581394,0.9920634920634922,1088968.3,9.38600079750452,3.58180058083252,5.323722647856858,6.512578924473742,0.1681458628807008,-0.0380155863904187,0.4922199856007321,0.9727855534435984,0.0,22.0
NBIG,2025-12-22,8.044059999999998,2532.488200000009,5.0656012013834,target,1,1,2.743142144638401,44917.0,0.8338267229311715,95.49061701365297,3.0,0.2727272727272753,-1.9950124688279207,1.0,-1.0939179890103314,7.795698924731171,20.009408602150533,0.9135487337945862,398539.15,15.025342531659058,-23.03262955854127,11.66282297664348,2.4522986010282803,0.1681458628807008,-0.0380155863904187,0.4922199856007321,0.9727855534435984,0.0,22.0
NBIL,2025-12-22,11.248644999999998,2242.3979600000093,4.485784732294443,target,1,1,2.457551385165329,57959.0,1.0959529119328475,29.348039504946204,1.0,0.2945454545454589,-1.510277033065225,0.0,-0.8080392708335573,7.492795389048985,20.365033621517764,0.9103773584905662,1117315.8,15.40854040325032,-23.51332877648668,11.782757651680203,1.141099946854775,0.1681458628807008,-0.0380155863904187,0.4922199856007321,0.9727855534435984,0.0,22.0
POET,2025-12-22,7.091209999999999,1913.5110000000125,3.827555522964372,target,1,1,2.142857142857148,428649.0,1.2665307354501574,94.31785666810067,2.0,0.5333333333333325,0.0,1.0,0.0864517736125551,3.244837758112091,9.513274336283192,0.9302325581395352,7908810.6,8.705526265755205,-6.417112299465246,8.275100367912048,0.807325440313364,0.1681458628807008,-0.0380155863904187,0.4922199856007321,0.9727855534435984,0.0,22.0
PLTM,2025-12-23,21.41405,826.6094400000172,1.6538674375001805,target,1,1,1.0304449648712055,157674.0,0.3723457954042679,59.35179975473157,1.0,0.2981818181818144,-0.7231850117096137,1.0,-0.1458640620101141,5.172413793103452,2.4384236453201846,0.9797979797979836,957588.65,2.112053279746701,5.12063023141311,2.301463443546446,1.775039835737401,0.2544120012281972,0.1593730352521503,-0.1328796927704805,0.7463727928764777,1.0,23.0
AIRI,2025-12-24,3.95,0.0,0.0,no_fill,0,0,4.724409448818902,122638.0,2.4571059847616388,74.03304198181802,2.0,0.4444444444444444,1.0498687664042003,0.0,-0.6023186634502629,9.16905444126074,16.6189111747851,0.913793103448276,112293.45,4.082832938519703,7.627118644067797,4.265007026808847,15.07323000584629,0.0777672795988199,0.0479686023693476,-0.0014535728821429,0.6684034460239162,2.0,24.0
RGTZ,2025-12-29,23.0087197,-1805.5885081000056,-3.6113252316251327,stop,0,1,3.2855239786856227,151593.0,2.214095978196417,33.40592825793527,3.0,0.1486687390187851,-0.9325044404973396,0.0,-1.283964323523603,4.114655570966253,14.239482200647242,0.9707792207792209,7302277.5,17.05574045924894,-19.088560660225845,14.051529852973005,0.4137622816991,0.1308995709402919,0.0741764235328326,-0.4012689950891602,0.4715023496087657,0.0,29.0
RKLZ,2025-12-29,5.2,0.0,0.0,no_fill,0,0,5.5769230769230775,677548.0,3.2563754208384164,41.04960330724629,1.0,0.258620689655173,-4.1346153846153815,0.0,-1.4832722725782854,3.379721669980118,14.081510934393629,0.9788225328250746,2934481.0,17.28651225929555,-76.65020206555904,14.082888070304708,3.4046313470763656,0.1308995709402919,0.0741764235328326,-0.4012689950891602,0.4715023496087657,0.0,29.0
ABAT,2026-01-05,4.012,3784.4601600000105,7.569292123629134,target,1,1,4.134366925064603,500878.0,2.1052599950795217,54.37715396427997,3.0,0.4837500000000018,1.2248062015503904,0.0,-0.3886321371512585,4.594594594594593,10.270270270270268,0.9736842105263164,5596937.95,9.151226110810647,-13.228699551569504,5.0686406715273655,0.6835310725572721,0.1842572901797399,0.0757421271885078,0.4932886397236419,0.7159915124149592,0.0,5.0
BEX,2026-01-05,13.540499999999998,-2043.521999999992,-4.087736789631092,stop,0,1,3.8138825324180017,51780.0,2.0466221772002102,13.683478593523404,2.0,0.5,1.0678871090770448,0.0,-0.1074700945554758,11.195928753180665,17.811704834605596,0.9380952380952378,633862.95,16.90015442677779,-32.90685772773798,13.085328444689548,1.0615102207819531,0.1842572901797399,0.0757421271885078,0.4932886397236419,0.7159915124149592,0.0,5.0
BKSY,2026-01-05,21.8151497,3030.0523154000043,6.06271063086036,target,1,1,3.246663598711462,55269.0,2.040617317643852,129.33751736394697,3.0,0.5200566973777474,-1.4666359871145869,1.0,0.2724132588122578,4.370797310278579,12.583573487031709,0.9885873506622384,1277145.0,8.895596227635352,-8.466722830665535,6.153747880457411,0.876916090185531,0.1842572901797399,0.0757421271885078,0.4932886397236419,0.7159915124149592,0.0,5.0
BMNG,2026-01-05,4.508484999999999,-2248.9965500000008,-4.498074186783367,stop,0,1,4.166666666666678,333601.0,1.8496325710206392,105.2575546547925,2.0,0.6486486486486475,-0.2252252252252404,0.0,0.9371492809787556,8.292682926829286,21.58292682926829,0.9717482201378684,4972171.75,15.544939613540738,-45.41766549880139,13.130908686020836,1.875284175370652,0.1842572901797399,0.0757421271885078,0.4932886397236419,0.7159915124149592,0.0,5.0
BMNU,2026-01-05,6.735144999999999,-2312.821224999996,-4.626106787604417,stop,0,1,4.31818181818182,1861932.0,2.08912953342503,36.93712077972643,2.0,0.5961403508771933,-0.0015151515151479,0.0,0.3450129670571727,8.01963993453354,21.60392798690671,0.9696969696969696,37915998.55,15.807612686376228,-46.21026894865526,12.944059142780077,1.2926562895440348,0.1842572901797399,0.0757421271885078,0.4932886397236419,0.7159915124149592,0.0,5.0
CLSK,2026-01-05,12.55,0.0,0.0,no_fill,0,0,4.344262295081977,1865131.0,1.6120696717645384,65.6813197675473,4.0,0.7169811320754716,1.639344262295091,1.0,1.361147211960107,5.627705627705614,12.121212121212125,0.978571428571429,24886794.15,8.111018431607203,-21.214078140135616,6.056278795243209,0.8900937527945921,0.1842572901797399,0.0757421271885078,0.4932886397236419,0.7159915124149592,0.0,5.0
CLSX,2026-01-05,24.14221,-3571.750149999993,-7.143712195362384,stop,0,1,7.034958998705218,66773.0,2.051453926290222,47.99979769820472,2.0,0.8251533742331286,2.6542943461372395,0.0,2.2029457532508547,11.608863198458575,21.406069364161866,0.9811201872229348,681364.8,16.482031094123915,-42.21945137157107,12.178167910270792,0.8828060974091998,0.1842572901797399,0.0757421271885078,0.4932886397236419,0.7159915124149592,0.0,5.0
DPRO,2026-01-05,7.672949999999999,2794.9730399999994,5.59028795965046,eod,1,1,3.2679738562091507,103338.0,1.300425105502381,59.37237607000306,0.0,0.0,-3.2679738562091507,0.0,-1.8330958259397685,4.081632653061234,7.823129251700683,0.9826086956521728,1441695.35,8.947977164779678,-9.627879503839331,7.115127397867278,0.9320138266382004,0.1842572901797399,0.0757421271885078,0.4932886397236419,0.7159915124149592,0.0,5.0
IONX,2026-01-05,24.49326,3674.65722000002,7.350675246986353,target,1,1,3.911074516261848,63817.0,2.3054086023601585,47.89335481815128,1.0,0.0842105263157911,-3.0465212021407924,0.0,-1.2703847995253736,3.7147736976942674,13.364645602049524,0.9009584664536744,1958377.1,14.352887155030686,-66.32935957859716,14.819465954823984,1.232029827146161,0.1842572901797399,0.0757421271885078,0.4932886397236419,0.7159915124149592,0.0,5.0
IRE,2026-01-05,8.420184999999998,4308.969079999997,8.6181004336603,target,1,1,4.628501827040182,893416.0,2.490051046762028,34.216694694218546,3.0,0.8852631578947375,1.722289890377577,1.0,2.4457970321128166,10.053619302949071,19.61930294906165,0.9897512981688988,14043256.7,15.632434869621228,-23.44988344988344,12.478140834717736,1.4777405585700076,0.1842572901797399,0.0757421271885078,0.4932886397236419,0.7159915124149592,0.0,5.0
IREX,2026-01-05,14.36296,4390.933400000006,8.782312281034006,target,1,1,4.677533664068037,93737.0,2.42183692452228,69.97762332183292,3.0,0.9062121212121218,1.049610205528003,1.0,2.676279354840689,10.753532182103603,19.301412872841443,0.9922732818218788,1252119.25,15.617912740274958,-22.21609702315326,12.473619988142854,0.798431139845506,0.1842572901797399,0.0757421271885078,0.4932886397236419,0.7159915124149592,0.0,5.0
LAR,2026-01-05,6.16,0.0,0.0,no_fill,0,0,3.8961038961039,218883.0,1.0083164536836564,115.04068367758,0.0,0.0624999999999986,-3.652597402597412,0.0,-2.4970167359945905,3.0100334448160484,7.441471571906359,0.955056179775282,2975629.25,7.724423006468688,2.6666666666666687,4.2643906215692455,1.398699115489606,0.1842572901797399,0.0757421271885078,0.4932886397236419,0.7159915124149592,0.0,5.0
LTBR,2026-01-05,15.25563,2092.2334200000123,4.185077902387537,target,1,1,2.331778814123927,109764.0,1.5586132651546278,54.86986006736026,2.0,0.530000000000001,0.2365089940040023,1.0,-0.1139696171432031,6.378454996456416,9.63855421686748,0.985294117647058,1091448.95,7.119447570342183,-16.376034853532715,5.056215334839497,0.8881468986707991,0.1842572901797399,0.0757421271885078,0.4932886397236419,0.7159915124149592,0.0,5.0
MBLY,2026-01-05,12.12,0.0,0.0,no_fill,0,0,2.1730132450331068,669330.0,1.2139787233740305,94.4247609956882,4.0,0.6571428571428568,-0.4139072847682177,1.0,0.4920574970079459,7.569011576135348,6.767586821015136,0.9605263157894746,4692260.5,3.6869649801175033,-0.2065262288310645,2.800624691180887,1.2573191535295196,0.1842572901797399,0.0757421271885078,0.4932886397236419,0.7159915124149592,0.0,5.0
MRAL,2026-01-05,6.1374573,1956.3327702000088,3.9129999323987343,eod,1,1,4.28973509933775,187227.0,1.7563218872671809,67.45141054908683,3.0,0.7722886916248547,0.3327814569536461,1.0,1.3175749601534992,9.61887477313975,17.332123411978223,0.926701570680628,883430.15,11.645989416986016,-37.11608537220198,7.70780304897097,1.1188230331509514,0.1842572901797399,0.0757421271885078,0.4932886397236419,0.7159915124149592,0.0,5.0
NNE,2026-01-05,29.36784,2640.159420000002,5.282002353594957,eod,1,1,4.415315626077962,223773.0,2.475773553163094,104.3443765547084,4.0,0.788984374999998,0.0686443601241801,1.0,1.6497419377200808,4.998189061934078,13.509597971749368,1.0,2010130.15,8.455147962837547,-27.2886882367695,6.371626906037708,1.3059109630289365,0.1842572901797399,0.0757421271885078,0.4932886397236419,0.7159915124149592,0.0,5.0
NRGV,2026-01-05,5.1153,-1647.4243158000008,-3.295050143686589,stop,0,1,2.942460317460315,67801.0,1.3495096008239509,135.44674328059125,2.0,0.527983816588001,-0.1984126984126941,1.0,0.4054817215615478,3.0674846625766947,10.12269938650307,0.9696969696969684,3573697.5,10.422588347264934,-9.352517985611504,6.216459630530666,0.6603298124701377,0.1842572901797399,0.0757421271885078,0.4932886397236419,0.7159915124149592,0.0,5.0
NVTS,2026-01-05,8.8264,1045.4611200000022,2.091226321036894,eod,1,1,2.8768699654775607,912596.0,1.2870857198167815,61.79658077093938,2.0,0.6796000000000006,0.344073647871132,0.0,0.6187675482011545,3.699284009546524,11.15751789976134,0.9518716577540108,14252046.55,6.874829393330395,-15.136718750000004,5.213980348356031,2.4488860513860726,0.1842572901797399,0.0757421271885078,0.4932886397236419,0.7159915124149592,0.0,5.0
OKLL,2026-01-05,22.626275799999995,7253.446775599999,14.512279568341512,target,1,1,7.83936861652738,258920.0,2.815754079618595,33.126085429497884,4.0,0.9771408267203608,4.54967502321263,1.0,4.119450402225568,10.348360655737702,13.780737704918025,0.9776951672862458,2836198.3,15.868959458142667,-53.29575021682568,10.486516772894552,1.0603701440763151,0.1842572901797399,0.0757421271885078,0.4932886397236419,0.7159915124149592,0.0,5.0
PDYN,2026-01-05,5.015,3310.514572000001,6.621088733798606,target,1,1,3.618069815195066,135968.0,1.3823199939087505,40.98883185468049,2.0,0.5459704880817241,1.0266940451745343,0.0,0.234917346530922,3.1779661016949228,10.381355932203396,0.9387755102040812,1519244.2,6.565104986578523,-21.578099838969404,5.054884288840951,0.8845641800047682,0.1842572901797399,0.0757421271885078,0.4932886397236419,0.7159915124149592,0.0,5.0
RCAT,2026-01-05,9.86952,3424.23098400001,6.848600539843903,target,1,1,3.744769874476993,950332.0,1.9715897168111447,39.1202967724219,2.0,0.1061452513966486,-0.4184100418410139,0.0,-0.9262949308806114,4.36681222707424,12.117903930130998,0.9909909909909912,7114154.15,8.751153030470176,-0.9326424870466308,7.088067802438442,1.6212877535131849,0.1842572901797399,0.0757421271885078,0.4932886397236419,0.7159915124149592,0.0,5.0
SKYT,2026-01-05,23.92155,2932.4790000000044,5.865422600124164,target,1,1,3.245348334054522,274081.0,1.409825128460283,99.81628556571964,3.0,0.7146666666666638,2.2760709649502373,0.0,0.5160042389047121,3.0316540347748537,16.005349977708423,0.9665738161559886,1558779.55,7.93929907360425,2.483370288248332,7.4512856235409455,2.2043687960879392,0.1842572901797399,0.0757421271885078,0.4932886397236419,0.7159915124149592,0.0,5.0
SLDP,2026-01-05,4.964849999999999,1611.4014000000027,3.223058098431983,target,1,1,1.8480492813141656,391021.0,1.172597825197549,67.24995286396066,3.0,1.0,1.6427104722792625,1.0,1.1203520254044126,4.731182795698919,8.38709677419356,1.0,6471314.95,6.699925570188879,-12.880143112701248,3.8449587793390463,0.7797249923680503,0.1842572901797399,0.0757421271885078,0.4932886397236419,0.7159915124149592,0.0,5.0
SMR,2026-01-05,18.179375,1655.0187500000145,3.310482346065281,eod,1,1,4.37447757035386,4392863.0,2.1347793837246574,58.576213051746606,2.0,0.5221656050955418,-1.0872109222624688,0.0,0.4544516695004242,10.024524831391794,13.18209687308399,0.9255813953488372,23304018.75,7.729180989699971,-23.14775160599572,5.741575924521762,1.334588267098781,0.1842572901797399,0.0757421271885078,0.4932886397236419,0.7159915124149592,0.0,5.0
SMU,2026-01-05,16.3489,3161.054599999999,6.3227495427826925,eod,1,1,7.549165120593695,348864.0,3.738075946793773,30.80326347139861,3.0,0.5369050544769393,-2.6920222634508444,1.0,1.2448635102497834,20.49180327868854,23.067809239940377,0.9418548308944666,1532319.45,15.406149715135223,-45.85635359116021,11.21606618737068,1.4663306662328146,0.1842572901797399,0.0757421271885078,0.4932886397236419,0.7159915124149592,0.0,5.0
UMAC,2026-01-05,14.72404,2581.7617000000064,5.164750978671629,eod,1,1,4.353932584269658,473549.0,2.4056554265693,82.06714721564535,3.0,0.4354838709677417,0.6320224719101114,0.0,-0.4039970990900563,4.937361827560795,9.543109801031688,0.9266409266409276,2436111.05,9.199308528932246,4.207830223197959,7.466770210241711,1.698884786060964,0.1842572901797399,0.0757421271885078,0.4932886397236419,0.7159915124149592,0.0,5.0
AVXL,2026-01-06,4.137375,-1708.3754999999949,-3.41702166228586,stop,0,1,3.0303030303030303,73901.0,1.5835682148808723,94.83068701135292,2.0,0.3999999999999986,-1.8181818181818223,1.0,-0.3530541561620762,4.430379746835438,8.372151898734172,0.9222860598729978,2226443.05,7.2541965656414495,-15.471311475409836,3.619292264437616,0.7005119668342741,0.1162909016905723,0.0639599959298263,0.0305356831268427,0.7682394674400229,1.0,6.0
UXIN,2026-01-06,4.187524999999999,-2048.24729999999,-4.096572557775756,stop,0,1,3.7170263788968887,95467.0,1.6718977081604385,89.13860712572195,2.0,0.6451612903225831,-1.199040767386087,1.0,0.7670168258858099,3.4739454094292723,10.461538461538456,0.9487666034155612,339817.25,10.142172477835206,0.4819277108433632,7.252327832686889,2.013273310875184,0.1162909016905723,0.0639599959298263,0.0305356831268427,0.7682394674400229,1.0,6.0
AIRO,2026-01-07,11.7626825,-1589.8506249999928,-3.1802482129395093,stop,0,1,2.830596369922202,62442.0,1.7729469222152665,79.1314709105594,2.0,0.1068702290076344,-1.1668107173725133,0.0,-1.3200217996287025,3.766816143497757,8.251121076233183,0.9456521739130448,718192.8,7.677409182919276,3.3035714285714377,6.8297856871512,2.1340940761310887,0.1040161802947,-0.048483097370702,0.054928376288303,0.7105674237417365,2.0,7.0
AXTI,2026-01-07,22.066,5457.517500000003,10.919514184718578,target,1,1,5.966587112171838,850540.0,3.3645805348893694,73.03609030720627,2.0,0.5319999999999994,2.219570405727923,1.0,-0.4181339492374001,3.867129400099145,20.89687654933069,0.9584806282474088,5310012.9,13.970785981139992,2.9737036126812506,8.19048754072474,1.801507487863165,0.1040161802947,-0.048483097370702,0.054928376288303,0.7105674237417365,2.0,7.0
CRML,2026-01-07,13.6408,715.9577500000046,1.432100756553877,eod,1,1,11.12916328188464,4634701.0,4.740312039877278,33.70719459402277,3.0,0.9781021897810224,10.235580828594635,1.0,3.943137651635777,4.233700254022015,18.41659610499577,0.9126436781609198,7691078.0,10.220683819899568,2.583333333333337,9.588282283192443,3.816215490208265,0.1040161802947,-0.048483097370702,0.054928376288303,0.7105674237417365,2.0,7.0
MBLY,2026-01-07,14.33,0.0,0.0,no_fill,0,0,5.400852878464819,4210289.0,2.037244750318864,41.65155233457634,1.0,0.1051454138702464,-2.985074626865672,0.0,-2.126820824157985,15.51724137931035,3.916256157635456,0.9643605870020976,5590834.1,3.9148484095740073,15.356235139788485,3.028325552817112,2.6577417133518595,0.1040161802947,-0.048483097370702,0.054928376288303,0.7105674237417365,2.0,7.0
BMNZ,2026-01-08,18.49532,-1387.5039600000007,-2.775404805107456,stop,0,1,2.441731409544957,118362.0,1.1985668157846254,38.42888093469144,4.0,0.4999999999999959,1.109877913429519,0.0,-0.2744189636109601,5.134189031505245,9.29696616102684,0.912205836209601,4537203.45,15.49740941569608,-26.04843376163958,12.583655578967877,0.7683018930967268,0.1430002468024419,-0.0602488349472225,-0.1102120131094276,0.5908738783919344,3.0,8.0
OSS,2026-01-08,9.46832,-3627.9407999999935,-7.256936816668626,eod,0,1,10.569105691056912,737041.0,3.785089984810616,70.57468220445843,4.0,0.9230769230769228,8.826945412311265,0.0,3.727981881412477,9.40279542566708,19.05972045743329,0.9133333333333334,851022.3,7.916889981978096,7.624999999999993,6.232989180724284,5.27830821824528,0.1430002468024419,-0.0602488349472225,-0.1102120131094276,0.5908738783919344,3.0,8.0
VWAV,2026-01-08,12.236599999999996,505.1415564000079,1.010308419005295,eod,1,1,8.023648648648644,101987.0,3.3885109539824056,105.43103520309182,2.0,0.7894736842105269,1.3513513513513526,0.0,2.0064173465686563,7.441016333938297,13.520871143375684,0.9127516778523485,173693.55,9.108470643564068,6.188340807174883,7.325062344209017,3.3395540594339863,0.1430002468024419,-0.0602488349472225,-0.1102120131094276,0.5908738783919344,3.0,8.0
CETX,2026-01-09,3.85152,-2922.672149999991,-5.845744017946144,stop,0,1,5.526315789473683,1027874.0,2.4466763111670864,36.20735898797901,1.0,0.1542857142857142,-3.621052631578946,1.0,-1.7401124636705263,31.034482758620683,14.482758620689651,1.0,9572688.2,15.245446772510846,-14.027149321266972,15.51649615745484,1.553867595938203,0.1129370882501951,0.0390936074712201,0.1624341923975003,0.5938735175274465,4.0,9.0
AG,2026-01-12,20.40102,-541.9889999999972,-1.0843575468285354,eod,0,1,3.2177600399102,2270684.0,1.3451180168141397,75.58365314484784,3.0,0.8604651162790699,1.0226989274133114,1.0,1.445601795420412,6.002115282919099,5.446853516657859,0.932038834951456,21325793.95,6.10153569763671,5.611169652265549,3.85404792032114,1.028741253499732,0.2359993050327207,0.1737418196559977,-0.4884233578745804,0.6697633218302387,0.0,12.0
OPTX,2026-01-12,5.616799999999999,-6512.772689999988,-13.026812419883186,stop,0,1,14.489795918367346,630460.0,3.4921390569459705,100.1242963983285,5.0,0.8591549295774653,12.244897959183664,1.0,4.3606975542729005,8.407079646017717,25.88495575221239,0.9829059829059824,5865663.05,15.648246854088182,7.92951541850221,11.003750083352529,0.3900827545830475,0.2359993050327207,0.1737418196559977,-0.4884233578745804,0.6697633218302387,0.0,12.0
AZIO,2026-01-13,3.5807099999999994,17097.41423999999,34.19656995400352,target,1,1,18.61861861861861,12929853.0,9.54489345657821,52.84767865010382,2.0,0.3048387096774189,-5.735735735735744,1.0,-1.8587289051136948,32.66932270916336,64.1394422310757,0.9316727747065032,60663703.4,22.19537746693164,27.09923664122137,100.9212231924111,12.544433052203008,0.0877041637911222,0.047446514837825,0.0474710857932045,0.7072824381703524,1.0,13.0
EVTV,2026-01-13,3.5807099999999994,17097.41423999999,34.19656995400352,target,1,1,18.61861861861861,12929853.0,9.54489345657821,52.84767865010382,2.0,0.3048387096774189,-5.735735735735744,1.0,-1.8587289051136948,32.66932270916336,64.1394422310757,0.9316727747065032,60663703.4,22.19537746693164,27.09923664122137,100.9212231924111,12.544433052203008,0.0877041637911222,0.047446514837825,0.0474710857932045,0.7072824381703524,1.0,13.0
NEOV,2026-01-13,4.14,0.0,0.0,no_fill,0,0,5.265700483091776,17339.0,1.2467618561958174,183.53535237605945,0.0,0.3119266055045881,-3.623188405797089,0.0,-0.9394806016760516,4.8101265822784685,11.645569620253172,0.9130434782608696,242253.15,8.252584519971856,3.759398496240588,5.003657638455612,2.1577098171891675,0.0877041637911222,0.047446514837825,0.0474710857932045,0.7072824381703524,1.0,13.0
VELO,2026-01-13,23.84,0.0,0.0,no_fill,0,0,7.986111111111111,157524.0,3.3398411975730493,57.85462832427809,2.0,0.467336956521739,-0.7816840277777756,1.0,-0.9066311619624288,4.300588501584424,11.317338162064283,0.936,1721046.65,19.37664203055966,3.5505617977528057,14.087252382229272,0.8381283563696545,0.0877041637911222,0.047446514837825,0.0474710857932045,0.7072824381703524,1.0,13.0
MSTP,2026-01-14,3.84149,4221.285099999998,8.443078076475532,target,1,1,4.607046070460703,69051.0,1.4447104155848096,43.530197143484415,3.0,0.8235294117647044,2.9810298102981,0.0,1.607868589600843,6.034482758620689,11.78160919540229,0.9268292682926832,276976.45,10.850855762574636,-2.638522427440636,6.813719665289344,2.2899744725589484,0.264833574529673,0.083212735166432,-0.3992677688571114,0.7839501527749376,2.0,14.0
MSTU,2026-01-14,11.654859999999998,-2979.1107059999963,-5.958298941385819,stop,0,1,5.77560106856634,1539213.0,2.2014667181641667,20.007977644135995,4.0,0.784150477952515,2.226179875333927,1.0,1.396026445019076,6.850618458610853,11.893434823977165,0.9280000000000002,13245414.55,11.413651184444994,-3.314679294016356,6.739539227060408,1.4943518698703169,0.264833574529673,0.083212735166432,-0.3992677688571114,0.7839501527749376,2.0,14.0
MSTX,2026-01-14,5.3757791,-2937.3501299999966,-5.875317681859354,stop,0,1,5.711240310077514,3325905.0,2.253148530852005,26.454102684608262,4.0,0.7974211062097035,2.713178294573637,1.0,1.4766021857829668,6.391752577319599,12.164948453608265,0.9152542372881344,43728523.6,11.521806510717273,-3.5441902198295114,6.699143123639227,1.3834879163402627,0.264833574529673,0.083212735166432,-0.3992677688571114,0.7839501527749376,2.0,14.0
OKLS,2026-01-14,10.771217,-2318.6743580000007,-4.637349707094381,stop,0,1,4.373205741626802,178039.0,1.7217061449681563,26.28631703322889,3.0,0.6301969365426692,1.1483253588516842,1.0,0.3949959730486911,5.2366565961732086,19.101711983887217,0.9736398144242931,1956605.05,15.471036084358882,-52.08597930297709,11.599355303866911,1.5418885891151104,0.264833574529673,0.083212735166432,-0.3992677688571114,0.7839501527749376,2.0,14.0
GNPX,2026-01-15,3.15,0.0,0.0,no_fill,0,0,1.941747572815536,140742.0,1.01448074105196,63.19859133793591,2.0,0.5833333333333351,1.1326860841423994,0.0,-0.1795441672349731,7.665505226480827,27.177700348432047,0.9871794871794874,836377.7,11.503776170638988,7.291666666666666,7.48952374852551,3.3783696050241416,0.1036612580445494,-0.0403127114617801,0.6098267570542958,0.7638044596940262,3.0,15.0
LPTH,2026-01-15,14.27269,-2614.0436900000022,-5.228376711047467,stop,0,1,4.91103202846976,420848.0,2.2631529418782814,52.02807962675497,3.0,0.3333333333333333,-1.992882562277588,1.0,-0.9933418457290476,6.198034769463343,17.91307634164778,0.9282670154858856,2278058.2,9.236243374659288,4.850746268656718,5.518958071089855,2.586221458257739,0.1036612580445494,-0.0403127114617801,0.6098267570542958,0.7638044596940262,3.0,15.0
OCUL,2026-01-15,13.03,0.0,0.0,no_fill,0,0,5.826017557861123,2361206.0,2.9712981787267667,50.81022296102156,3.0,0.1147945205479455,-1.1667996807661496,0.0,-2.191892904016996,13.188798554652204,10.56910569105691,0.9487179487179483,3270326.8,5.145182407813494,-14.412568306010936,2.7371538720753628,2.171948075647975,0.1036612580445494,-0.0403127114617801,0.6098267570542958,0.7638044596940262,3.0,15.0
RGTX,2026-01-15,16.8651,0.0,0.0,no_fill,0,0,4.898437500000006,259772.0,2.7705872978135613,27.43524473094797,3.0,0.4784688995215312,-1.2019230769230729,1.0,0.0126706849970923,4.654088050314466,14.276729559748423,0.9955947136563876,2874021.25,14.593457982691191,-14.401530895697434,10.041003690045525,0.8958427151504186,0.1036612580445494,-0.0403127114617801,0.6098267570542958,0.7638044596940262,3.0,15.0
AISP,2026-01-16,3.936775,3479.927000000001,6.960265699716141,target,1,1,3.7564766839378247,234477.0,1.8959345285019844,114.56726347053466,2.0,0.4137931034482762,-0.5181347150259072,1.0,-0.3905681900634841,7.222222222222216,15.0,0.9074074074074078,884422.95,7.102398888515957,5.753424657534246,5.100270479181019,2.49616769894992,0.1383943373650347,0.0415183012095104,0.2051311683809024,0.7042362259510412,4.0,16.0
IBRX,2026-01-16,4.9147,5695.048860000002,11.390725781838164,eod,1,1,11.0286320254507,11111874.0,4.597123561625411,51.78352862766755,4.0,0.9807692307692296,3.7115588547189775,1.0,5.371581323036528,19.36708860759493,23.291139240506336,0.9565217391304348,18751182.0,6.653677581622462,18.170426065162896,7.864216811290244,4.056794499674741,0.1383943373650347,0.0415183012095104,0.2051311683809024,0.7042362259510412,4.0,16.0
AG,2026-01-20,22.97,0.0,0.0,no_fill,0,0,4.18665503706933,2645649.0,1.8498748630865889,96.46622632984176,1.0,0.0260416666666652,-3.903183602267769,0.0,-1.8993032427815872,6.651162790697674,10.255813953488364,0.9818594104308394,22413014.05,6.190905723092394,6.45311049210771,3.969390717878254,1.475635134400855,0.1936932310085327,0.1702152636135479,-1.4703756180782406,0.6764969714442758,1.0,20.0
HL,2026-01-20,28.31,0.0,0.0,no_fill,0,0,4.74322396576319,2651582.0,1.904021464096568,90.19136532397036,0.0,0.0563909774436085,-3.5128388017118386,0.0,-1.652134716226442,5.651846269781462,9.570459683496606,0.9842519685039374,27280817.15,6.460553307349194,5.492851768246806,4.63250269803123,1.0391332797742094,0.1936932310085327,0.1702152636135479,-1.4703756180782406,0.6764969714442758,1.0,20.0
IBRX,2026-01-20,6.93073,-3298.312939999993,-6.59685199106009,eod,0,1,12.691131498470948,14055398.0,6.557591118606516,48.811435183291046,3.0,0.9397590361445786,4.892966360856273,1.0,7.106343478583442,18.478260869565226,21.739130434782613,0.9499999999999996,27081071.2,7.479970596252588,17.204301075268816,11.172009338240798,6.733622154503253,0.1936932310085327,0.1702152636135479,-1.4703756180782406,0.6764969714442758,1.0,20.0
SVM,2026-01-20,12.16,0.0,0.0,no_fill,0,0,3.55960264900662,1238319.0,1.8839191764488337,94.061592516668,2.0,0.0930232558139515,-2.566225165562918,0.0,-1.107083473713038,6.808134394341287,12.113174182139709,0.9927007299270074,5878027.75,5.422699980530887,6.713780918727913,3.879747535795318,1.659635070623816,0.1936932310085327,0.1702152636135479,-1.4703756180782406,0.6764969714442758,1.0,20.0
USAS,2026-01-21,7.18148,-1173.096999999999,-2.346313016258485,stop,0,1,1.960784313725498,402855.0,1.171173346409726,49.56273252037863,2.0,0.7857142857142848,-0.1400560224089606,1.0,0.4637233742519783,3.03030303030303,5.194805194805199,0.9722222222222204,6141710.5,6.443976597598211,2.8818443804034475,4.946230605318539,0.9482234631541164,0.1868608842786701,-0.0147134554550169,0.3054989816700517,0.8056403256416723,2.0,21.0
MRAM,2026-01-22,17.24,0.0,0.0,no_fill,0,0,6.196008340780454,215200.0,2.646845995016588,53.3021712343494,3.0,0.5673076923076926,0.0297885016383616,1.0,0.0586081568784731,4.384328358208967,11.560945273631832,0.9090909090909088,632359.3,8.014845988711238,3.298664533202052,5.457631346264825,4.628039786874329,0.1333623251431411,0.013046314416182,0.6492559089582792,1.11915555070652,3.0,22.0
NUAI,2026-01-22,8.28478,-1706.637650000002,-3.413367645248279,eod,0,1,15.320334261838436,1868576.0,4.141955213193082,41.6204537319683,5.0,0.9727272727272732,14.623955431754885,1.0,4.7009813955406665,4.817518248175183,21.45985401459855,0.9047619047619044,7902353.1,18.284466236267004,2.7181688125894063,15.642432742134073,2.3931509717023403,0.1333623251431411,0.013046314416182,0.6492559089582792,1.11915555070652,3.0,22.0
TMC,2026-01-22,10.05,0.0,0.0,no_fill,0,0,11.23966942148762,4767378.0,4.651299170894939,35.751738187834604,2.0,0.549019607843137,5.674931129476591,0.0,-0.8545787344398851,11.077111383108926,12.301101591187267,0.9203980099502488,8150407.7,8.003859081448324,9.999999999999991,6.103570696037436,2.60189401322832,0.1333623251431411,0.013046314416182,0.6492559089582792,1.11915555070652,3.0,22.0
VG,2026-01-22,10.05,0.0,0.0,no_fill,0,0,7.207207207207214,2878221.0,2.783923939950549,21.76796486157445,2.0,0.3611111111111105,-4.004004004004007,1.0,-0.8450468961993222,10.386740331491708,4.75138121546961,0.9302325581395364,12768999.15,6.472993027557719,10.022026431718064,4.474341438440337,1.185404025968629,0.1333623251431411,0.013046314416182,0.6492559089582792,1.11915555070652,3.0,22.0
ASM,2026-01-23,8.726099999999999,3418.31039910001,6.837738508612115,eod,1,1,8.11808118081181,858973.0,2.062890557645335,62.67831515237188,5.0,0.8939393939393963,6.150061500615005,1.0,3.57003447984022,3.8314176245210816,12.452107279693491,0.964102564102564,6053955.55,6.582182564941921,3.3693579148124675,4.18391108186577,1.5541293493639874,0.1540361839715099,-0.0624863765167405,-0.120467938111417,1.1225944582214702,4.0,23.0
BGL,2026-01-23,5.8694,0.0,0.0,no_fill,0,0,13.421641791044763,1058147.0,5.914465756215293,28.72632521949168,3.0,0.2224075618571023,-0.9328358208955356,1.0,-3.853404782521661,25.821596244131467,56.82863849765258,0.9008633152959642,1692853.8,17.181787031165918,19.11111111111112,25.60748740496141,17.165996850998,0.1540361839715099,-0.0624863765167405,-0.120467938111417,1.1225944582214702,4.0,23.0
USAS,2026-01-23,8.956789999999998,1808.121440000006,3.6164742056026897,eod,1,1,4.869762174405433,1028897.0,1.960575537599082,70.95263511964176,3.0,0.755813953488371,-0.0566251415628627,1.0,0.8256825057087741,4.127358490566033,16.98113207547169,0.9236111111111116,6570325.65,7.147724464978856,2.793946449359723,6.271533926524782,1.608192129715823,0.1540361839715099,-0.0624863765167405,-0.120467938111417,1.1225944582214702,4.0,23.0
AG,2026-01-26,27.27157,-1829.095709999992,-3.659011930739578,stop,0,1,3.273262228760576,2687271.0,1.6697014682323923,86.83360194217938,3.0,0.7484269662921345,-0.8234645090106673,0.0,0.9854966602407071,6.878930817610063,4.795597484276725,0.9754098360655756,24038220.95,6.4294321296234775,6.753042795445633,4.293650013436513,1.1863950772114025,0.2034845829652391,0.1173113965849269,0.1828127040320344,0.9029780243208204,0.0,26.0
ASM,2026-01-26,10.2,0.0,0.0,no_fill,0,0,5.882352941176468,1061254.0,2.5703027585866947,84.5214884258944,3.0,0.6000000000000024,-2.3529411764705728,1.0,0.8820574760203638,9.090909090909086,15.080213903743315,0.9290780141843974,6473547.4,7.1202342557367,7.936507936507938,5.86829029609818,2.091132599106326,0.2034845829652391,0.1173113965849269,0.1828127040320344,0.9029780243208204,0.0,26.0
ATLX,2026-01-26,6.72,0.0,0.0,no_fill,0,0,3.728560775540641,119514.0,1.924000976884828,124.66611047439709,2.0,0.3708000000000027,-2.122296793437728,1.0,-0.5491227362443977,8.670988654781201,6.645056726094005,0.9024390243902438,617463.9,7.756380628412574,7.971014492753625,4.345945398504179,1.2216568450398475,0.2034845829652391,0.1173113965849269,0.1828127040320344,0.9029780243208204,0.0,26.0
CRML,2026-01-26,21.86,0.0,0.0,no_fill,0,0,8.953168044077131,2932912.0,3.561984142534163,42.717047980771326,2.0,0.0534871794871787,-8.106978879706164,0.0,-3.161129242798323,5.625606207565471,18.67119301648884,0.9688311688311696,25462213.5,15.367656424757728,5.014464802314382,12.455122087682213,1.72694479213286,0.2034845829652391,0.1173113965849269,0.1828127040320344,0.9029780243208204,0.0,26.0
ORLA,2026-01-26,19.5985197,-1983.044594699995,-3.9664204842980975,stop,0,1,3.604016477857876,179352.0,1.4879549493738775,95.0356761074564,4.0,1.0,0.617404737384128,1.0,1.822132006465676,5.257452574525759,5.338753387533872,0.9441624365482236,1892316.15,4.938366245010332,4.944609564982453,4.426662665960262,1.7448252502627537,0.2034845829652391,0.1173113965849269,0.1828127040320344,0.9029780243208204,0.0,26.0
PLG,2026-01-26,4.04,0.0,0.0,no_fill,0,0,8.134663341645886,1361246.0,3.0542625839643884,81.71587272421627,3.0,0.2029429797670135,-5.7356608478803,1.0,-0.8992336256969338,15.56195965417866,14.841498559077811,0.9611650485436892,4952413.35,7.98834445519734,14.899713467048697,6.437824717275793,3.3031295741903293,0.2034845829652391,0.1173113965849269,0.1828127040320344,0.9029780243208204,0.0,26.0
SLI,2026-01-26,6.0,0.0,0.0,no_fill,0,0,3.672787979966607,401890.0,1.5916428037409711,116.64668783417392,1.0,0.317272727272727,-2.3405676126878148,1.0,-0.8535269639933212,6.017699115044245,10.442477876106192,0.9830508474576276,2807969.05,5.638906747221871,5.830388692579507,3.966193542621952,1.624916414231845,0.2034845829652391,0.1173113965849269,0.1828127040320344,0.9029780243208204,0.0,26.0
SVM,2026-01-26,14.0,0.0,0.0,no_fill,0,0,4.642857142857145,918378.0,2.2364078697422443,100.77947385358937,4.0,0.5923076923076916,-1.8928571428571468,1.0,0.9877688305571756,8.191653786707887,4.250386398763515,0.981818181818182,6116292.75,5.518296227016534,8.108108108108114,4.139468059372422,1.070101328946362,0.2034845829652391,0.1173113965849269,0.1828127040320344,0.9029780243208204,0.0,26.0
KC,2026-01-27,14.85443,-1187.6632899999977,-2.376031931215128,stop,0,1,2.013698630136989,275481.0,1.0762841896284256,79.03099595564711,2.0,0.6258503401360509,0.6849315068493127,1.0,0.2377032615080943,9.44527736131934,3.933283358320834,0.980941490375453,1179379.7,3.415101385992441,6.881405563689601,5.944557817821624,1.6182447434019764,0.0720274280445994,0.0072027428044697,0.2093167612200903,0.5898009320852209,1.0,27.0
BMNG,2026-01-28,3.66095,-1700.1599299999968,-3.400483481063652,stop,0,1,3.107344632768358,394499.0,1.3531943979433418,74.50975132482912,3.0,0.8054545454545464,2.5028248587570623,0.0,0.4529582998411452,3.2069970845481013,11.329446064139937,0.9006690684508498,11065745.05,12.628100625929925,-27.31006160164271,10.87893848467444,1.0712450853004245,0.0989871747051982,0.0416033053108882,0.2243022904714583,0.5282265027800621,2.0,28.0
LABX,2026-01-28,16.48,0.0,0.0,no_fill,0,0,3.8364779874213912,63243.0,1.1725881868601,36.33376150789995,3.0,0.7049180327868863,2.5157232704402537,0.0,0.302074851129104,3.1128404669260727,11.673151750972767,0.9277777777777774,1066281.6,14.673730538422902,-17.101147028154323,8.544285898404588,0.5978992791397694,0.0989871747051982,0.0416033053108882,0.2243022904714583,0.5282265027800621,2.0,28.0
LTRX,2026-01-28,8.24,0.0,0.0,no_fill,0,0,7.626076260762608,680027.0,3.245274692344472,84.90937860216424,3.0,0.4354838709677411,-2.9520295202952163,1.0,0.3045886558317272,17.997097242380278,6.458635703918728,0.977528089887639,801236.1,6.596285884519033,13.865546218487411,3.881940025442664,1.794582146261258,0.0989871747051982,0.0416033053108882,0.2243022904714583,0.5282265027800621,2.0,28.0
STEX,2026-01-28,3.9116999999999993,-4604.779409999988,-9.209678656338657,stop,0,1,8.891752577319581,381451.0,3.251062234835685,111.60284581170168,3.0,0.5797101449275359,-3.221649484536083,1.0,0.951554117869658,6.301369863013698,17.8082191780822,0.9230769230769228,1284369.65,9.672762831701371,4.864864864864857,5.831859991293021,2.466478400513435,0.0989871747051982,0.0416033053108882,0.2243022904714583,0.5282265027800621,2.0,28.0
THM,2026-01-28,3.32996,-3949.395449999995,-7.89889368040456,stop,0,1,8.064516129032258,465914.0,2.565727719233126,109.16912788463831,5.0,0.9600000000000009,6.774193548387096,1.0,3.964671618397909,8.013937282229964,18.292682926829265,0.9904761904761908,1505469.0,9.351951475835316,7.638888888888896,5.4505451508743,2.6687151977224373,0.0989871747051982,0.0416033053108882,0.2243022904714583,0.5282265027800621,2.0,28.0
ASM,2026-01-29,11.9883,0.0,0.0,no_fill,0,0,2.348523206751053,568799.0,1.418030342926779,89.35205729392186,3.0,0.0,-1.181434599156108,0.0,-0.9703592605285896,5.427046263345191,7.471530249110322,0.952607763753275,7802539.65,7.772000002753031,5.055054167627084,6.047658773850778,1.5027426358544682,0.2010483234005855,-0.0624685861994771,0.1394840528026268,0.5313839261177562,3.0,29.0
ANL,2026-01-30,9.3,0.0,0.0,no_fill,0,0,16.995614035087726,462796.0,8.741666297006075,85.15900152024415,1.0,0.5225806451612904,-6.140350877192969,0.0,-1.4833027117683952,39.66309341500764,46.70750382848392,1.0,626463.85,14.000101565220602,39.66309341500764,20.215220816219023,16.434378456155134,0.2891092543872329,0.1864754690797764,-0.3241888075615238,0.9161858876232298,4.0,30.0
RSI,2026-01-30,19.232525,-2886.6183349999933,-5.7749307488226185,stop,0,1,5.511182108626199,275924.0,1.8783477701642064,132.38198928967918,4.0,0.9323671497584538,1.7305644302449377,1.0,1.8842000580844225,5.624296962879639,6.889763779527547,0.9755102040816346,1949559.9,4.625871379165978,-6.983655274888559,2.776777763982678,2.6217778689436524,0.2891092543872329,0.1864754690797764,-0.3241888075615238,0.9161858876232298,4.0,30.0
GMEU,2026-02-02,12.84843,3337.8943500000105,6.676691237762144,eod,1,1,7.078925956061847,106090.0,2.505749183841053,43.12380837589351,3.0,0.6724137931034485,1.912123677786828,0.0,0.9321234093652098,3.713080168776367,5.063291139240503,0.9166666666666654,910366.05,6.227965334346012,-5.242868157286056,5.125910766962581,1.949106076616104,0.2617535311349029,0.2392760810928358,-0.3453906961284428,1.115856446195966,0.0,2.0
OKLS,2026-02-02,14.17239,2478.493440000004,4.95837328777998,eod,1,1,5.680119581464884,108855.0,1.9290870251970385,42.41175094178028,3.0,0.8026315789473684,4.484304932735423,0.0,1.479687485898346,3.24074074074074,20.13888888888889,0.9080459770114948,3057277.7,18.26300425301961,-36.102846718465706,12.768987507407145,0.5998957831014173,0.2617535311349029,0.2392760810928358,-0.3453906961284428,1.115856446195966,0.0,2.0
ARIS,2026-02-03,19.33,0.0,0.0,no_fill,0,0,3.103466114847378,99085.0,1.0018256882290215,98.32277057661726,0.0,0.2165360893482241,-2.4314536989136,0.0,-1.4981995991874986,7.032115171650053,8.526578073089699,0.90914994480161,1968844.7,5.373834459738845,-12.036405005688296,4.887300847165356,1.0078677104395284,0.1867252696743896,-0.0172361787391741,0.1150400483168301,31.02747003056668,1.0,3.0
ASM,2026-02-03,10.58,0.0,0.0,no_fill,0,0,4.624277456647403,655978.0,2.226109863495708,78.99905638021448,3.0,0.5410416666666672,-0.1955684007707192,1.0,0.0263117284745302,9.609292502639915,9.503695881731767,0.9333333333333348,8920320.25,8.464506326366072,-13.415580190685915,7.5519714276023,1.0799152642529846,0.1867252696743896,-0.0172361787391741,0.1150400483168301,31.02747003056668,1.0,3.0
PURR,2026-02-03,5.78,0.0,0.0,no_fill,0,0,9.07504363001746,487835.0,4.071803460931099,71.04310584492224,3.0,0.3846153846153846,-4.712041884816761,1.0,-0.7695646762992192,7.102803738317771,14.925233644859826,0.9874765184721344,2777818.65,10.913456652006904,6.902985074626868,6.676045898816449,2.486564772685935,0.1867252696743896,-0.0172361787391741,0.1150400483168301,31.02747003056668,1.0,3.0
HBM,2026-02-04,27.06,0.0,0.0,no_fill,0,0,2.6237989652623703,273071.0,0.9934623269876972,111.04449091649047,2.0,0.0845070422535196,-2.402069475240202,0.0,-1.0327112662507072,3.0464584920030355,4.417364813404418,0.9913793103448292,6730272.85,4.657058239984726,-5.845511482254697,4.450316969818108,1.3701087913545735,0.2142826102701644,-0.1115376258419615,0.1189215842675518,31.06515138825269,2.0,4.0
TGB,2026-02-04,9.25,0.0,0.0,no_fill,0,0,4.565217391304347,909275.0,1.49990995854396,126.74252128160242,1.0,0.0954761904761921,-3.585869565217376,0.0,-1.428851714092241,4.19026047565118,8.791619479048709,0.9935591910343928,10017413.55,6.273635900113975,2.2222222222222143,5.428785143260145,1.3491314831461658,0.2142826102701644,-0.1115376258419615,0.1189215842675518,31.06515138825269,2.0,4.0
TMQ,2026-02-04,5.92,0.0,0.0,no_fill,0,0,6.587837837837833,438853.0,2.166150747066716,94.66097685773872,1.0,0.1153846153846153,-5.827702702702699,1.0,-2.030878473117168,3.4965034965035,11.625874125874128,0.9624060150375936,6824016.05,9.086789808342754,-18.344827586206897,6.959765193905891,1.0944284048100972,0.2142826102701644,-0.1115376258419615,0.1189215842675518,31.06515138825269,2.0,4.0
CORD,2026-02-05,26.4835129,-3226.791134399994,-6.456889637174972,stop,0,1,6.416300439472625,27276.0,2.769292148828168,27.5536570973098,2.0,0.2688044831880447,0.7990411506192541,0.0,-0.944265980850554,5.123897522049569,20.30659386812264,0.9120992761116856,1899211.2,17.40867824687203,-26.85563997662185,11.530414178034532,0.5170888840588135,0.3216142391400203,-0.0234969307134375,-0.7650942158877279,31.194329531801195,3.0,5.0
CIFR,2026-02-09,15.466259999999998,2448.2400000000125,4.897758087604915,target,1,1,2.664067576348279,1518680.0,1.99797981815044,50.953748176651736,2.0,0.3658536585365861,-1.494476933073427,1.0,-0.2732210098623782,4.480651731160897,9.572301425661916,0.9078014184397172,34229246.05,11.26375783417766,-21.86032342413241,7.414794842945792,0.9110723021607424,0.265440515215678,0.065257752893747,-0.1737569140772125,1.4124563391916254,0.0,9.0
LLYX,2026-02-09,25.83,0.0,0.0,no_fill,0,0,5.557825909276663,73933.0,1.3840474585742852,56.0456491029305,4.0,0.959558823529412,5.333060890886799,1.0,1.5411692726467323,3.2489451476793234,4.810126582278484,0.9561403508771924,553819.15,6.197456775354811,-8.214553638409607,7.149822651059767,1.212383139875174,0.265440515215678,0.065257752893747,-0.1737569140772125,1.4124563391916254,0.0,9.0
LUNR,2026-02-09,19.2576,267.439920000002,0.5349576271186482,eod,1,1,6.384742951907117,910466.0,2.492039820227479,45.38270764538544,3.0,0.6886580086580076,4.148148148148144,0.0,1.2669995935041598,3.2534246575342483,13.441780821917812,0.9702760084925688,12031752.25,11.584347153264543,-22.41046536564444,9.610130302801014,0.8222381739949807,0.265440515215678,0.065257752893747,-0.1737569140772125,1.4124563391916254,0.0,9.0
NVOX,2026-02-09,19.653785,-1533.6631199999863,-3.067373536446006,stop,0,1,2.703398558187428,55713.0,1.1036814091783806,60.95264194111747,3.0,0.9904761904761924,0.8753861997940171,1.0,1.1744377544157405,10.403638430926671,7.106310403638432,0.9840000000000004,1014965.25,7.896711730070708,-42.561372375036974,10.93028072685524,1.0024481133713692,0.265440515215678,0.065257752893747,-0.1737569140772125,1.4124563391916254,0.0,9.0
ONDL,2026-02-09,22.655362799999995,1635.1251432000106,3.2717074828746724,eod,1,1,8.12575127138234,80894.0,2.852199308762005,49.72559289774486,3.0,0.3812016385980892,-0.6010171058714703,0.0,-0.7114893918192935,3.344481605351167,24.00286669851886,0.95744257335085,1001333.45,24.884335882528777,-63.51774609498205,14.663839237239682,1.801340003172769,0.265440515215678,0.065257752893747,-0.1737569140772125,1.4124563391916254,0.0,9.0
ORCU,2026-02-09,10.842429999999998,2564.453760000009,5.129477432641964,eod,1,1,6.177606177606183,97685.0,1.7342940852419473,46.98953805662339,4.0,0.9843750000000004,4.247104247104259,1.0,2.5892674087868546,8.141962421711893,5.636743215031307,0.9444444444444456,466137.35,9.239504261019766,-50.50143574503462,6.305386409700335,1.2372168846800198,0.265440515215678,0.065257752893747,-0.1737569140772125,1.4124563391916254,0.0,9.0
ORCX,2026-02-09,10.115255,2491.8404450000025,4.983710247541961,eod,1,1,6.708268330733243,884189.0,1.9955001523851896,26.3715840682258,4.0,0.9734883720930216,4.710348413936553,1.0,2.503270304885821,7.912457912457913,5.667789001122343,0.9306930693069304,5520332.45,9.341894683666304,-50.67966145165427,6.211811018451598,1.0819025944714615,0.265440515215678,0.065257752893747,-0.1737569140772125,1.4124563391916254,0.0,9.0
QS,2026-02-09,9.47,0.0,0.0,no_fill,0,0,4.888416578108404,2260011.0,2.1367457257658367,72.78350031739373,2.0,0.4128260869565204,-2.2327311370882104,1.0,-0.3214164396952473,11.097992916174729,5.726092089728446,0.9484536082474256,15357037.5,6.378720244475597,-21.123218776194463,4.660170768743447,1.1738550485404493,0.265440515215678,0.065257752893747,-0.1737569140772125,1.4124563391916254,0.0,9.0
USAS,2026-02-09,7.652889999999999,2215.4056300000043,4.43113647262669,eod,1,1,5.510204081632657,273327.0,1.5608241362411657,59.93471592293529,4.0,0.9506172839506184,3.537414965986404,1.0,2.54650757937762,3.0855539971949475,8.555399719495096,0.9508196721311472,8339670.3,9.315642654932004,-30.000000000000004,7.655586875002679,0.5452924200132948,0.265440515215678,0.065257752893747,-0.1737569140772125,1.4124563391916254,0.0,9.0
WULF,2026-02-09,15.646799999999995,3407.3716500000137,6.8158984584707705,eod,1,1,4.435617345249917,3888949.0,2.0846475474243005,41.431274302936885,4.0,0.9991044776119398,3.2730883813306773,1.0,2.2057149418741666,5.703289013296021,13.2260321903429,0.9126984126984122,30977552.35,9.315883969753576,-3.173076923076918,7.562350956343641,1.5019174360300935,0.265440515215678,0.065257752893747,-0.1737569140772125,1.4124563391916254,0.0,9.0
CRDU,2026-02-10,12.93,0.0,0.0,no_fill,0,0,10.015467904098994,221656.0,3.695247147467255,54.31799321610088,1.0,0.0888030888030889,-9.126063418406805,0.0,-2.68303608140533,28.91326021934198,19.44167497507479,0.943589743589743,942053.05,16.86721870654953,-32.93568464730291,12.05968585792283,2.288529292485173,0.1079214331966328,0.0129505719835841,0.1441026010519489,1.3034387597715638,1.0,10.0
NOWL,2026-02-10,6.549589999999999,-123.13641999999643,-0.2462749576690989,eod,0,1,2.6479750778816187,107171.0,0.979278285689238,134.82468742438058,3.0,0.5935294117647022,0.6370716510903383,0.0,-0.184360821772805,3.548387096774189,11.290322580645164,0.9285714285714288,739062.45,8.829969590667673,-48.84462151394423,7.262257205316365,2.16752183797188,0.1079214331966328,0.0129505719835841,0.1441026010519489,1.3034387597715638,1.0,10.0
PGEN,2026-02-10,4.7,0.0,0.0,no_fill,0,0,3.617021276595743,176335.0,1.7226605567899167,159.31278933491538,1.0,0.8235294117647044,-0.6382978723404308,1.0,1.580599300833491,3.070175438596504,10.49780701754386,0.9191560476289944,3657861.3,8.703267794521889,-7.843137254901951,4.551876348920511,1.088257228342693,0.1079214331966328,0.0129505719835841,0.1441026010519489,1.3034387597715638,1.0,10.0
USAS,2026-02-10,8.66,0.0,0.0,no_fill,0,0,5.999999999999997,557743.0,1.981755489307043,102.67823894709284,2.0,0.2352941176470573,-2.705882352941181,0.0,-0.772921783250136,6.25,10.125000000000009,0.95679012345679,8233533.35,9.48568575838028,-19.047619047619047,7.9960070015122895,0.6531434041012295,0.1079214331966328,0.0129505719835841,0.1441026010519489,1.3034387597715638,1.0,10.0
FRMI,2026-02-11,10.2,0.0,0.0,no_fill,0,0,5.193482688391036,428491.0,2.272312013900989,59.72804088606668,2.0,0.2352941176470608,-0.1018329938900182,0.0,-0.91201532213632,4.468085106382977,11.063829787234052,0.9326923076923076,5681112.65,9.078873425286195,-6.028708133971283,6.589595928971249,1.560474249705293,0.1636919719139018,-0.0463219562626489,0.6169450384326391,1.1498503864271654,2.0,11.0
SY,2026-02-11,3.898,0.0,0.0,no_fill,0,0,6.632390745501285,95925.0,1.5733509477929557,43.68185276381959,1.0,0.1608527131782949,-5.359897172236501,1.0,-1.255536996419044,4.851752021563346,8.894878706199464,0.9393939393939392,696784.35,7.142358632060727,4.289544235924937,5.035568889327924,2.571306315935483,0.1636919719139018,-0.0463219562626489,0.6169450384326391,1.1498503864271654,2.0,11.0
VGZ,2026-02-11,3.04,0.0,0.0,no_fill,0,0,3.453947368421052,145253.0,1.1386665573693464,111.3614359281756,3.0,0.5238095238095254,-1.644736842105257,1.0,0.0212108902542606,3.754266211604091,11.433447098976108,0.9253731343283584,2550840.65,9.854113256870164,-2.87539936102236,9.257954998407495,0.8798652318795375,0.1636919719139018,-0.0463219562626489,0.6169450384326391,1.1498503864271654,2.0,11.0
SSL,2026-02-12,8.099224999999999,-661.8999249999925,-1.3238921007874065,stop,0,1,0.9351620947630834,251986.0,0.4395450039992633,96.17779043136292,2.0,0.2666666666666635,0.0,0.0,-0.1919961436045281,5.665349143610009,4.853754940711466,0.9592833876221484,2181025.05,3.813182079345708,4.699738903394248,5.217118482949588,1.5788663225119768,0.1368324019127795,0.0965028518753345,0.3294988149603983,0.9801760472411648,3.0,12.0
RIME,2026-02-17,4.58,0.0,0.0,no_fill,0,0,17.2566371681416,4238009.0,6.6328394720402,38.05270554713041,1.0,0.0384615384615387,-15.265486725663708,0.0,-7.559036569534117,29.88505747126436,71.55172413793103,0.931726907630522,11730656.35,20.046657871824785,23.835616438356155,50.7602289340269,14.271042642895257,0.2881844380403511,0.2381932600129395,-0.2361569490282381,1.544706178119026,1.0,17.0
BATL,2026-02-19,3.47038,5845.496180000003,11.691515050225057,target,1,1,6.363636363636363,149294.0,3.3727378051483536,56.36001186461414,3.0,0.8571428571428581,3.9393939393939497,1.0,1.02979439213978,8.196721311475411,15.081967213114751,0.9565217391304348,16186752.75,21.505721976021185,-52.1044992743106,49.13511203225581,0.1132527337825679,0.1403796098616729,0.0131605884245359,-0.3569919421818665,1.1824195395292825,3.0,19.0
TEMT,2026-02-20,11.67,0.0,0.0,no_fill,0,0,3.430531732418528,61523.0,1.456203761431356,42.96096313439291,1.0,0.1750000000000005,-2.7444253859348224,1.0,-0.607073233917953,6.000000000000001,8.272727272727275,1.0,626844.2,11.844399548660276,-25.01607717041801,8.015396929867824,1.540689057982829,0.2550123109391501,0.1480243873842172,-0.315568022440388,0.9797070888195056,4.0,20.0
SCZM,2026-02-23,12.41714,-2129.9150400000008,-4.260562416144138,stop,0,1,4.000000000000004,58157.0,1.3858776322312285,101.64106987291645,3.0,0.8124999999999968,2.41666666666666,1.0,0.8651849593224361,6.194690265486719,9.734513274336296,0.9181818181818184,697635.1,10.473682617353091,-31.99206574100312,8.499788021521207,0.937184783277103,0.3038440289610736,0.2282573929225576,-0.2320757727397863,0.9353097107929824,0.0,23.0
CRWG,2026-02-25,4.76425,-2086.417079999995,-4.173164716377175,stop,0,1,3.904555314533616,576854.0,2.082152102601337,29.73245677004452,3.0,0.7222222222222228,1.952277657266808,0.0,1.039603180710127,3.828828828828827,16.1036036036036,0.9720279720279726,19758540.5,18.14328075174977,-29.29447852760736,14.255572502962483,0.5360821058620195,0.1651719091844254,0.0941769657630474,0.4117261948061289,1.2780416373223291,2.0,25.0
CRWU,2026-02-25,8.856489999999999,-1987.6208704999915,-3.975648366339244,stop,0,1,3.708771929824561,36597.0,1.7233843710830858,42.571522430429646,3.0,0.7634815515610239,2.397660818713451,0.0,0.8792380721168163,3.012048192771084,15.903614457831328,1.0,1247984.6,17.85093637761507,-28.98671096345514,14.15307286268581,0.8702871814283605,0.1651719091844254,0.0941769657630474,0.4117261948061289,1.2780416373223291,2.0,25.0
FIG,2026-02-25,29.51829,3014.1833400000014,6.031446943572955,target,1,1,3.3356741573033686,1838528.0,1.1736143400447228,36.27081609383889,3.0,0.5367368421052617,1.7903792134831398,0.0,-0.1490116179501064,3.827925628873498,10.134888807874594,0.9676258992805756,19995312.0,8.645668704077112,-5.882352941176474,6.086825747310223,1.1776447399270389,0.1651719091844254,0.0941769657630474,0.4117261948061289,1.2780416373223291,2.0,25.0
FLYW,2026-02-25,12.5699,0.0,0.0,no_fill,0,0,5.922385620915032,340791.0,2.682924701321256,52.05659049105099,3.0,0.7345840805628349,1.1233660130718894,1.0,1.2324720391814976,8.896797153024911,6.450177935943073,0.9172413793103444,1640734.6,4.901905356002731,-12.132089016511124,3.344468107408502,2.4730526192353106,0.1651719091844254,0.0941769657630474,0.4117261948061289,1.2780416373223291,2.0,25.0
IRE,2026-02-25,7.1103,0.0,0.0,no_fill,0,0,5.630591630591619,1707733.0,2.3640206959523606,58.33510595044854,2.0,0.0381855458739106,-2.8138528138528054,0.0,-2.122432001634421,5.319148936170207,19.90881458966566,0.9389312977099236,27968680.0,22.057440749535346,-53.89221556886228,14.264298472146873,0.8883698479871056,0.1651719091844254,0.0941769657630474,0.4117261948061289,1.2780416373223291,2.0,25.0
IREX,2026-02-25,12.37,0.0,0.0,no_fill,0,0,5.546357615894039,272049.0,2.2392535061298773,30.73553042075938,2.0,0.0074626865671653,-3.104304635761589,0.0,-2.427679952477205,5.134899912967797,19.756309834638813,0.9647577092511012,3490603.1,22.016480555004296,-53.0640473711204,14.476224193327097,1.546294106024257,0.1651719091844254,0.0941769657630474,0.4117261948061289,1.2780416373223291,2.0,25.0
NFXL,2026-02-25,21.965699999999995,2529.0912000000003,5.058796214097436,target,1,1,2.8076743097800554,85545.0,0.9524211896778674,37.62985717468786,4.0,0.9166666666666712,2.246139447824054,1.0,0.6362506361065241,3.536821705426359,7.122093023255808,0.993197278911566,946120.75,5.924803863057995,-16.945200155460547,4.03376684969084,0.8376901151359379,0.1651719091844254,0.0941769657630474,0.4117261948061289,1.2780416373223291,2.0,25.0
NTSK,2026-02-25,10.58165,1830.323250000003,3.660771240780036,eod,1,1,4.191033138401574,152208.0,1.4156805816663105,133.58522834901686,3.0,0.8255813953488353,2.095516569200778,0.0,2.132235974184067,3.2193158953722363,8.248490945674032,0.9757287474082208,2566077.05,8.051527285721258,-38.74626865671642,5.276622884476178,1.0503527164159003,0.1651719091844254,0.0941769657630474,0.4117261948061289,1.2780416373223291,2.0,25.0
OKLL,2026-02-25,11.955759999999998,-74.06321999999676,-0.1481294371917739,eod,0,1,3.650254668930388,101069.0,1.7109437398738614,32.692974390945146,2.0,0.0232558139534878,-2.376910016977924,0.0,-1.852404852424528,3.971756398940858,15.35745807590468,0.9367816091954028,4332624.05,18.46934071432345,-56.53136531365314,13.94768442662732,0.7216028817455326,0.1651719091844254,0.0941769657630474,0.4117261948061289,1.2780416373223291,2.0,25.0
ORCX,2026-02-25,9.628799999999998,-1392.338639999998,-2.785082253240275,stop,0,1,2.4338624338624384,348751.0,1.3728275996364152,75.38278528742015,2.0,0.0652173913043501,-0.6878306878306827,0.0,-1.0722817308897716,3.846153846153842,10.494505494505496,0.926701570680628,7278385.85,10.135723311275347,-35.45081967213115,7.907620787617573,0.7571634856374097,0.1651719091844254,0.0941769657630474,0.4117261948061289,1.2780416373223291,2.0,25.0
CAI,2026-02-27,21.29,0.0,0.0,no_fill,0,0,7.96030245746692,135168.0,3.473724729673878,68.90300176196443,2.0,0.2935169793398257,-5.009451795841204,0.0,-1.640356491993333,9.979209979209989,5.483367983367982,0.976303317535543,2417142.25,6.173246915189566,-19.26745516978253,3.885904263588506,1.093434612712595,0.1991040318566471,0.1074868971979183,-0.9009139706948968,1.0099039711767417,4.0,27.0
PRAA,2026-02-27,15.770770799999998,-115.77093599999408,-0.2315727015701612,eod,0,1,8.010474631751222,116186.0,3.792640763311794,52.5138955661695,3.0,0.9970578620464214,2.9132569558101493,1.0,3.381960531716257,20.560378847671668,6.66929755327546,0.928994082840236,617065.5,5.48571386773241,15.983295368261205,4.037045148691918,1.3686245625464395,0.1991040318566471,0.1074868971979183,-0.9009139706948968,1.0099039711767417,4.0,27.0
PUBM,2026-02-27,8.5,0.0,0.0,no_fill,0,0,6.1050061050061055,207407.0,3.3092759080056684,120.87813750301252,3.0,0.0300000000000011,-2.136752136752124,0.0,-3.044736668038246,15.84158415841583,8.486562942008481,0.9500000000000012,767928.75,4.932118511895226,7.905138339920945,3.4839287339472134,2.6848910136519826,0.1991040318566471,0.1074868971979183,-0.9009139706948968,1.0099039711767417,4.0,27.0
CRGY,2026-03-02,12.4,0.0,0.0,no_fill,0,0,2.5162337662337704,316420.0,0.8823343718718308,61.31117800928819,1.0,0.0,-1.8668831168831204,0.0,-1.4045840784364874,5.660377358490567,6.260720411663812,0.9657534246575338,5962559.4,4.96303937141533,5.434317501069746,3.8499320946933366,1.6020987564501243,0.5097981435096561,0.3683512597613083,-1.062697706963653,0.8586151488351087,0.0,2.0
SM,2026-03-02,24.68,0.0,0.0,no_fill,0,0,2.357723577235765,494024.0,1.1026174858021285,80.55891149413505,2.0,0.1379310344827561,-1.7073170731707383,1.0,-0.8525319855034614,6.355382619974071,7.220060527453516,0.9341317365269464,8886254.6,5.214765580987908,1.380589326189989,4.055535506243665,1.208269904848326,0.5097981435096561,0.3683512597613083,-1.062697706963653,0.8586151488351087,0.0,2.0
OUST,2026-03-03,23.02,0.0,0.0,no_fill,0,0,9.643788010425713,437476.0,4.904262468052713,70.6752766092828,4.0,0.6888288288288289,-3.0008688097306666,1.0,2.570981936000629,13.67901234567901,13.086419753086432,0.9018867924528297,1620338.05,7.8370827374714525,4.636363636363634,5.426011493403412,2.2713365275844755,0.2962743500481446,-0.0755499592622755,-1.6492322037355474,1.2012322550251282,1.0,3.0
TMDE,2026-03-03,3.46035,7017.879300000007,14.036152412328248,target,1,1,7.246376811594203,869922.0,4.106170378838921,45.75276405210716,2.0,0.7959999999999994,-1.478260869565222,1.0,1.0628240622269338,12.74509803921569,33.006535947712415,0.9504950495049508,7919096.6,16.619022050548942,10.932475884244385,52.45980037135668,17.654813681651518,0.2962743500481446,-0.0755499592622755,-1.6492322037355474,1.2012322550251282,1.0,3.0
EDSA,2026-03-04,5.015,-5179.414999999998,-10.35892323030907,stop,0,1,10.952902519167578,534300.0,5.719487140750132,56.66793172632999,3.0,0.7782,7.099671412924416,0.0,0.8954430555245996,4.942528735632202,44.36781609195402,1.0,9795938.1,21.473369657321577,4.942528735632202,26.73825546741458,3.0571670313024946,0.3107257603098531,0.1716473746754044,0.1910837387738236,1.4029220308741277,2.0,4.0
THRY,2026-03-04,3.5199,0.0,0.0,no_fill,0,0,5.386227544910178,128939.0,2.16300051968983,108.23921425373526,2.0,0.4691495275152865,2.526946107784432,0.0,0.3671473727313918,13.605442176870747,14.62585034013606,1.0,1983130.35,12.484112493413006,-29.94378723047236,12.2345130302973,1.2981990820724416,0.3107257603098531,0.1716473746754044,0.1910837387738236,1.4029220308741277,2.0,4.0
ANTX,2026-03-09,3.09927,3668.416799999997,7.3372116659729505,target,1,1,3.973509933774824,239287.0,1.938367795666738,63.79415659881855,2.0,1.0,2.3178807947019817,1.0,2.453857684109699,5.964912280701752,49.12280701754386,0.9142857142857144,515058.2,8.95512723495218,1.6835016835016776,16.666831459037926,13.54804563833757,0.2836177013460565,-0.0060024910337735,-0.8908652845117357,1.1635763397409702,0.0,9.0
ASTN,2026-03-09,16.50938,-2195.84504,-4.39253321445142,stop,0,1,4.009720534629405,56006.0,1.610597465927233,131.99811054030556,3.0,0.6515151515151509,-1.3973268529769165,0.0,-0.4989089880848414,3.132832080200501,21.1779448621554,0.988165680473373,229054.7,17.827089632551864,-34.31763766959297,12.67590987836487,3.1707404388558715,0.2836177013460565,-0.0060024910337735,-0.8908652845117357,1.1635763397409702,0.0,9.0
CCUP,2026-03-10,7.43223,-1409.037419999994,-2.8182658502225992,stop,0,1,2.475928473177438,76307.0,1.715963217996783,43.14121482625829,3.0,0.2761111111111095,0.1334250343879021,0.0,-0.6573002870019157,3.41394025604551,12.51778093883357,0.920454545454546,4165206.1,14.70819312374458,2.3943661971830976,17.869313134120134,1.3844020827684853,0.2427291909518794,-0.0177066887016577,-0.081088652011729,1.661647159937969,1.0,10.0
IREX,2026-03-10,24.799175,-2465.11439999999,-4.930708380419894,stop,0,1,4.662246166597597,65945.0,1.4461567811440474,53.36879464414369,3.0,0.8799999999999986,1.9063406547865764,1.0,1.4486742253057847,203.5220125786164,16.855345911949684,0.9104477611940298,3135615.6,17.5709437591879,88.07482462977396,12.358420162060552,0.96230386148098,0.2427291909518794,-0.0177066887016577,-0.081088652011729,1.661647159937969,1.0,10.0
LTRX,2026-03-10,6.76022,-2415.977359999996,-4.8320912633020745,stop,0,1,4.658385093167698,139429.0,2.5446439513347303,122.7773009039444,3.0,0.6599999999999988,3.074534161490676,0.0,1.1890519742232122,3.0400000000000063,14.72,0.9130434782608696,613266.85,6.857573363237504,0.1555209953343806,4.430838640193762,1.683740120634272,0.2427291909518794,-0.0177066887016577,-0.081088652011729,1.661647159937969,1.0,10.0
RIOX,2026-03-10,7.773249999999999,-2159.1902399999904,-4.318592609268949,stop,0,1,3.9354838709677376,44953.0,1.2703166198366471,81.23853860407893,1.0,0.8032786885245913,-0.7741935483870918,0.0,0.6452309207511843,3.19573901464714,15.778961384820247,0.9493670886075946,693126.55,14.807540346310857,-29.029304029304026,9.807033257974036,0.7871664993932205,0.2427291909518794,-0.0177066887016577,-0.081088652011729,1.661647159937969,1.0,10.0
VNDA,2026-03-10,9.47835,380.2747500000058,0.7605754166073325,eod,1,1,6.033519553072616,241251.0,1.866486090585704,42.76302960424224,3.0,0.7775925925925942,4.24469273743018,0.0,0.9788129799096508,3.110599078341009,11.751152073732724,0.9607843137254892,4601257.4,7.406598653809196,-1.5401540154015465,10.990089474699486,0.4829771096917986,0.2427291909518794,-0.0177066887016577,-0.081088652011729,1.661647159937969,1.0,10.0
WDCX,2026-03-10,29.63865,-2611.896573600001,-5.226849401035475,stop,0,1,5.092072520440815,36375.0,1.5402046942702374,43.61651734982532,3.0,0.8882993577213069,4.479203697120518,1.0,1.2846882341094803,4.962686567164173,16.75373134328359,0.9844097995545656,609079.0,13.462447012703574,-26.93506493506494,8.909094685873457,0.9321483748413588,0.2427291909518794,-0.0177066887016577,-0.081088652011729,1.661647159937969,1.0,10.0
OCC,2026-03-11,8.5,0.0,0.0,no_fill,0,0,6.016847172081829,25383.0,1.914679966545028,79.45235552517596,2.0,0.3299999999999983,-1.7448856799037469,1.0,-1.5499647875624003,4.135338345864662,20.73182957393485,0.9032882011605416,125895.0,11.682013475364752,2.088452088452087,9.16150488076014,6.1660669605623735,0.1269297753638181,0.0368834312365358,0.0590684899140687,1.5996318201572153,2.0,11.0
SEV,2026-03-11,4.2,0.0,0.0,no_fill,0,0,5.48926014319809,151330.0,3.0920984035611125,134.92232476996028,2.0,0.3913043478260844,-3.102625298329374,1.0,-0.5401002716680445,9.685863874345564,19.89528795811518,0.9473684210526316,556237.1,11.45064908740159,8.549222797927476,10.563984823076378,1.8760884522086,0.1269297753638181,0.0368834312365358,0.0590684899140687,1.5996318201572153,2.0,11.0
FLY,2026-03-12,24.2901525,-2414.635964999997,-4.830321670479421,stop,0,1,4.546413502109707,788243.0,2.7875047878534747,76.44746203305324,2.0,0.176334106728536,-1.5611814345991604,0.0,-0.7697449019265946,15.048543689320375,7.111650485436892,0.9897610921501728,2490539.65,8.936741062340376,1.756916894224322,5.427078617184298,1.0475653338825583,0.2220136188219881,-0.0417206800470807,-0.7644197359277383,1.617014653278372,3.0,12.0
HIMX,2026-03-12,11.88555,-3518.7816599999937,-7.038883349950138,stop,0,1,6.717687074829924,2969712.0,3.5339814722736342,61.91514689228181,3.0,0.5581012658227844,-2.203231292517008,0.0,0.3725847114124626,28.52459016393442,8.852459016393428,0.9506172839506184,1427331.95,4.6965184445487465,27.965179542981502,3.809700118900526,1.941634530075502,0.2220136188219881,-0.0417206800470807,-0.7644197359277383,1.617014653278372,3.0,12.0
LWLG,2026-03-12,6.66995,3169.6843495999983,6.339629232602939,eod,1,1,12.5,1845630.0,3.722429030784899,58.4967265112068,5.0,0.9066666666666664,9.666666666666668,1.0,3.988818903132754,19.52191235059762,14.442231075697224,0.993103448275861,2346585.3,9.712180813248075,6.194690265486719,8.128010316885694,3.2153533903071843,0.2220136188219881,-0.0417206800470807,-0.7644197359277383,1.617014653278372,3.0,12.0
LXU,2026-03-12,15.235569999999996,652.8533800000077,1.3060226824464225,eod,1,1,5.175983436853001,707296.0,1.7935505164122134,101.9185497636023,3.0,0.7066666666666682,3.312629399585924,1.0,1.3081345539907432,7.333333333333335,5.888888888888888,0.987421383647799,1100285.8,5.901146402362074,-1.0914750271332936,4.790375710213848,1.979076708978704,0.2220136188219881,-0.0417206800470807,-0.7644197359277383,1.617014653278372,3.0,12.0
ROMA,2026-03-12,6.870549999999999,-7105.626649999986,-14.212108200944584,stop,0,1,15.24879614767254,146049.0,8.471027012608085,43.27559640993152,2.0,0.11578947368421,-3.5313001605136534,0.0,-4.0032309625041655,28.98550724637682,37.88819875776397,0.907103825136612,116209.6,14.70419369430146,24.60000000000001,10.734612639625489,6.379490162602745,0.2220136188219881,-0.0417206800470807,-0.7644197359277383,1.617014653278372,3.0,12.0
WTI,2026-03-12,3.2,0.0,0.0,no_fill,0,0,6.666666666666672,1329314.0,2.671623108410073,52.96656913458104,2.0,0.5,3.333333333333336,0.0,-0.7652331246996051,5.263157894736839,12.631578947368432,0.9444444444444444,7114718.9,10.934269271004318,-25.742574257425744,7.039294912699632,1.1788201498726816,0.2220136188219881,-0.0417206800470807,-0.7644197359277383,1.617014653278372,3.0,12.0
BW,2026-03-17,13.16939,-1374.9491599999972,-2.750393146531459,stop,0,1,2.416212003117697,380384.0,1.5189959568687268,102.03642406264515,2.0,0.2677419354838711,0.5689789555728791,0.0,-0.7022782652395775,9.284497444633727,11.413969335604769,0.9179104477611943,4999310.2,10.328197835005726,-13.892617449664431,12.73492317971553,1.696729680826767,0.2855655536551011,0.1621179445229466,0.5022196314066654,1.0882652921329945,1.0,17.0
FJET,2026-03-18,8.4252,-2570.6088000000013,-5.141717704030768,stop,0,1,4.761904761904765,40651.0,1.261001662392057,157.65391992338508,1.0,0.0752499999999977,-4.403571428571443,0.0,-1.849764423712713,3.960396039603964,15.841584158415834,0.9218750000000002,1975337.45,15.950764684200802,-28.02056555269922,9.897794560883396,0.6022940536058788,0.1780557509015089,0.0658357398291174,-0.3622594254535622,1.0345452281153669,2.0,18.0
BMNZ,2026-03-19,19.7591,-1336.7254999999902,-2.673957821965556,stop,0,1,2.3291925465838474,110811.0,0.9685261173483816,43.92688545436934,2.0,0.1164444444444416,-0.0910973084886211,0.0,-0.571250365985939,6.7403314917127,8.342541436464076,0.9668874172185448,1919560.7,12.760525435386375,-36.572554169402494,12.33755010408924,1.468895461341754,0.2785515320334324,-0.1202490220253705,-0.6742965997913495,0.9120455587046008,3.0,19.0
IONZ,2026-03-19,23.32978,-2211.7903,-4.423959420105975,stop,0,1,4.211469534050185,44275.0,1.5339963903675229,19.16715995806464,4.0,0.920212765957444,3.875448028673828,1.0,1.1319856328057558,4.690431519699812,9.122889305816136,1.0,2067269.75,12.433988635335687,-29.87747408105561,11.5447540537069,0.4854784916191996,0.2785515320334324,-0.1202490220253705,-0.6742965997913495,0.9120455587046008,3.0,19.0
MSTZ,2026-03-19,11.17342,-1719.000279999996,-3.4386964778912734,stop,0,1,3.11926605504587,945413.0,1.356294028153098,43.69943562711512,2.0,0.5294117647058817,0.733944954128441,1.0,0.1773196380582235,8.027750247770074,7.599603567888999,0.9520083463745442,17057338.9,10.777708974084604,-31.873722632299355,9.19452720292639,0.9069510836769504,0.2785515320334324,-0.1202490220253705,-0.6742965997913495,0.9120455587046008,3.0,19.0
QBTZ,2026-03-19,15.5163097,-2162.5087734000003,-4.325575558729665,stop,0,1,4.098790322580655,73967.0,1.31493468508948,88.51833098540361,4.0,0.9017871782259376,3.5618279569892426,1.0,1.4532303022482085,6.43776824034335,8.726752503576542,0.9836065573770496,1833765.65,12.783440384296222,6.285714285714292,6.959284791347472,0.6201697583330782,0.2785515320334324,-0.1202490220253705,-0.6742965997913495,0.9120455587046008,3.0,19.0
UVIX,2026-03-19,9.55,0.0,0.0,no_fill,0,0,2.9935897435897507,4183844.0,1.4681388677499578,22.450387513488668,3.0,0.3636688079942908,0.1250000000000123,1.0,-0.2802213959970044,9.345794392523352,10.514018691588776,0.9444444444444456,65803278.8,12.772094381136142,-8.816366293229432,11.456251179671169,1.207843567211426,0.2785515320334324,-0.1202490220253705,-0.6742965997913495,0.9120455587046008,3.0,19.0
ZSL,2026-03-19,28.214389999999995,-1031.3925999999915,-2.0629544002191627,stop,0,1,1.69003955411722,1112155.0,1.1272563633808743,39.7553234374789,3.0,0.212765957446812,-0.179791441927354,0.0,-0.4581618837015697,18.89696451474988,5.216331765711836,0.9344316039668892,49973103.95,7.540585698115435,18.49169152109076,198.2318001259085,0.253627191392421,0.2785515320334324,-0.1202490220253705,-0.6742965997913495,0.9120455587046008,3.0,19.0
BIAF,2026-03-20,3.5606499999999994,-2864.708419999991,-5.7295718478367546,stop,0,1,5.444126074498565,686585.0,3.132519287364365,49.522979659555695,1.0,0.3957894736842114,-1.5702005730659077,1.0,-0.0886670174140523,17.50841750841751,23.56902356902357,0.9571428571428574,20446941.8,15.18837617902798,12.94498381877024,25.22126180912665,0.3616222940488831,0.2574218214497785,-0.2208648763918364,-0.4986359502879606,1.059983856148861,4.0,20.0
SLS,2026-03-20,5.6,0.0,0.0,no_fill,0,0,14.285714285714285,845339.0,5.301287756695976,110.34386022785392,1.0,0.0937500000000002,-12.946428571428568,0.0,-3.808835648446504,7.692307692307682,9.999999999999991,0.9615384615384625,7302055.15,9.794752275799825,-8.794788273615636,5.238453048157391,0.8017021071115848,0.2574218214497785,-0.2208648763918364,-0.4986359502879606,1.059983856148861,4.0,20.0
NTGR,2026-03-24,25.78,0.0,0.0,no_fill,0,0,4.652103559870559,306330.0,2.6057179420003806,79.00763345879993,2.0,0.5739130434782599,2.305825242718448,1.0,0.2216482602283738,12.058023572076156,4.306436990027195,0.9368421052631556,431081.5,3.506616245220416,10.703090013434844,2.2480245438336905,1.5420425140025726,0.0,0.0,-0.61948793066617,1.4509834543423783,1.0,24.0
CODI,2026-03-25,6.919,0.0,0.0,no_fill,0,0,2.011577424023145,51409.0,0.8391494572294227,132.48723835416249,0.0,0.2805755395683445,-1.3169319826338666,0.0,-0.1729715841148112,3.134328358208954,11.940298507462698,0.9624999999999996,1298552.1,6.323600638841478,-17.933491686460805,4.662823859390984,0.9685780031467356,0.0,0.0,0.8405033834471369,1.4213009988806913,2.0,25.0
INDI,2026-03-25,3.1292596999999995,440.67803340001245,0.8813682034763937,eod,1,1,3.633057851239673,276693.0,1.4817306323859418,69.89408378066997,3.0,0.7279344858962693,2.1487603305785106,1.0,1.0049790210702,3.2423208191126194,12.969283276450522,0.9473684210526316,6810580.8,6.661977150697712,-18.24324324324325,5.878359132391188,0.8073710835351957,0.0,0.0,0.8405033834471369,1.4213009988806913,2.0,25.0
MGN,2026-03-25,4.9147,2239.687680000008,4.47962235741756,target,1,1,2.4896265560166,321743.0,0.9389866774115972,53.19862626172257,2.0,0.7916666666666639,1.1410788381742678,0.0,0.4046011639957604,4.555314533622559,16.268980477223437,0.9466666666666668,1407241.65,20.62628670325325,-0.3102378490175735,12.910274309461672,0.9121162665985618,0.0,0.0,0.8405033834471369,1.4213009988806913,2.0,25.0
NUCL,2026-03-25,7.512469999999999,-1794.9865999999968,-3.59029719919014,stop,0,1,3.287671232876716,74609.0,2.26722449991743,104.49551627800092,2.0,0.6250000000000009,1.3698630136986376,0.0,0.413509942988816,5.33910533910534,26.09235209235209,0.9899347417321092,374234.8,17.53949276600059,-24.35154768443197,14.028679991782017,2.530967189582583,0.0,0.0,0.8405033834471369,1.4213009988806913,2.0,25.0
PAYS,2026-03-25,4.76425,3994.016400000002,7.988665582200773,eod,1,1,11.13636363636364,766298.0,6.29129052437285,43.67740907165739,2.0,0.5408163265306132,2.840909090909091,0.0,0.4720005198909708,16.710875331564996,15.11936339522546,0.9649122807017544,512688.65,5.455696795540663,12.244897959183684,4.294719695449271,6.9361707149163525,0.0,0.0,0.8405033834471369,1.4213009988806913,2.0,25.0
HNRG,2026-03-26,19.01688,-1932.7882199999992,-3.8659338440375066,stop,0,1,3.521878335112061,285743.0,1.288513880959567,162.91944194989136,2.0,0.6818181818181805,0.0533617929562516,1.0,0.9804290264579988,6.296086216676118,5.9557572319909085,0.9809523809523814,831693.1,6.954405193135823,-9.337203676826334,4.52011774569224,0.9365642206241702,0.0,0.0,-0.7247038762522615,1.1435860541847658,3.0,26.0
SND,2026-03-26,5.4,0.0,0.0,no_fill,0,0,2.247191011235957,33172.0,0.8841764258464085,132.28510597229405,3.0,0.4166666666666648,-0.1872659176029922,1.0,-0.0066292089809577,6.799999999999998,9.000000000000004,0.9888888888888892,436295.2,6.3529708804797576,1.6175071360608937,5.757554364586938,1.2016978412781072,0.0,0.0,-0.7247038762522615,1.1435860541847658,3.0,26.0
BMNZ,2026-03-27,22.5675,1593.0058500000102,3.186839481555355,target,1,1,1.8210431654676311,46615.0,0.7508032965678898,72.43516417054889,1.0,0.2469135802469164,-0.2023381294963946,0.0,-0.2703725192929645,4.3151969981238185,10.060975609756095,0.9720279720279726,2028244.05,12.38868934548222,-21.050763223287195,11.462051908358047,0.6048231720438179,0.0,0.0,-0.4014943651273515,1.2206401380253693,4.0,27.0
CORD,2026-03-27,16.6772822,1708.120992999992,3.416345020533366,eod,1,1,5.5531645569620345,85791.0,1.1134675525034774,114.75864977848896,5.0,1.0,5.2367088607594985,1.0,2.180346517564499,4.152933421226109,15.753460777851016,0.9539710436019752,1147779.05,11.899377904192017,-27.58936755270394,9.376923189599486,0.9598946765930254,0.0,0.0,-0.4014943651273515,1.2206401380253693,4.0,27.0
MSTZ,2026-03-27,11.965789999999998,2764.039460000012,5.528845149380049,target,1,1,3.0354852501068867,671015.0,1.0644406959681596,47.34257497243939,3.0,0.9188732394366188,1.7631466438648915,1.0,0.992193744756336,4.700089525514775,8.422560429722466,0.9545068027210888,17167110.65,9.654523725260432,-12.5607476635514,8.227535087545037,0.6848738404327813,0.0,0.0,-0.4014943651273515,1.2206401380253693,4.0,27.0
UVIX,2026-03-27,10.06009,-1688.905399999989,-3.377902185765712,stop,0,1,3.076923076923066,1119080.0,1.0039661934679454,29.152696883606577,4.0,0.866666666666669,2.4615384615384635,1.0,0.670246259238372,3.393425238600216,11.441145281018018,0.9814626007971086,72228528.55,14.136271635040323,-5.017048222113985,11.988676540868994,0.7016651732689908,0.0,0.0,-0.4014943651273515,1.2206401380253693,4.0,27.0
YDDL,2026-03-27,15.86746,-4197.163509999996,-8.394601278339437,stop,0,1,8.432934926958827,32177.0,3.006548281682685,117.59888190282987,2.0,0.6889763779527561,2.423638778220453,0.0,4.030337339505926,4.510756419153368,24.08049965301874,0.9769452449567724,246446.2,11.201099476391931,3.933747412008284,11.5007230282333,2.378969527629154,0.0,0.0,-0.4014943651273515,1.2206401380253693,4.0,27.0
SND,2026-03-30,5.84,0.0,0.0,no_fill,0,0,3.767123287671229,52318.0,1.3145628266622185,113.96274351443296,1.0,0.2277272727272711,-2.9092465753424683,1.0,-1.6401999977272903,6.764168190127973,6.032906764168192,0.9090909090909084,443888.4,6.260020895482402,6.181818181818179,3.7236292427140096,1.1345847289543949,0.0,0.0,0.9493920421391256,1.3580532111370065,0.0,30.0
AMDL,2026-04-01,12.99888,-7.268939999998089,-0.0145397141907572,eod,0,1,3.5742340926944225,1181027.0,1.277187600784876,13.36484105513674,4.0,0.8857142857142827,1.3982717989002282,1.0,1.232259209145605,4.258804258804255,7.0851760851760845,0.9133048202519948,10082455.6,8.668637930376713,-12.867898699520868,6.601963292210325,0.9045316301715228,0.0,0.0,0.5474059722606552,1.7822590709636266,2.0,1.0
APLX,2026-04-01,12.2158379,-3388.7469595999964,-6.777571925704738,stop,0,1,6.764960971379005,172163.0,2.3268878128320485,35.05394220896144,4.0,0.7701282051282055,4.076322636600179,0.0,1.337878636101312,5.489478499542541,20.58554437328453,0.9911111111111112,1199574.55,15.52448553555969,-78.5817117912042,19.609305943768952,2.466320246624105,0.0,0.0,0.5474059722606552,1.7822590709636266,2.0,1.0
BEX,2026-04-01,17.211479999999998,-3072.4732499999864,-6.145026459084259,stop,0,1,5.769230769230759,109738.0,1.977942160488589,97.91255513269196,3.0,0.1414141414141386,-4.953379953379962,0.0,-1.019138091393677,3.3734939759036062,17.65060240963855,0.9897610921501716,1005569.2,18.83715377202413,-39.0830508173734,14.38454672204653,1.7363489255637503,0.0,0.0,0.5474059722606552,1.7822590709636266,2.0,1.0
BULZ,2026-04-01,18.524407,-1248.252413000008,-2.4966359247019514,stop,0,1,2.129173508483869,86340.0,0.6663938519300927,36.16589031435444,3.0,0.9511568123393273,0.9852216748768458,1.0,1.012533122756471,3.865832859579305,10.233086981239344,0.9444444444444436,1588842.7,6.760463564072218,-23.00884955752213,6.049593033173887,1.604598743475361,0.0,0.0,0.5474059722606552,1.7822590709636266,2.0,1.0
CRML,2026-04-01,8.565519699999998,-2181.4018888999926,-4.363070929601609,stop,0,1,4.125000000000001,794708.0,1.3208286650879744,46.38187607117288,5.0,0.8987937628714335,3.222087378640769,1.0,1.66888703813057,3.778337531486144,15.17632241813602,0.900414937759336,6865945.35,8.378875754807492,-21.148325358851665,6.8776109053945005,1.3788031388860384,0.0,0.0,0.5474059722606552,1.7822590709636266,2.0,1.0
CRWU,2026-04-01,4.75422,-1460.0414400000009,-2.920352865454272,stop,0,1,2.5862068965517264,30816.0,1.2173352512304512,71.05008583146093,3.0,0.5833333333333351,1.0775862068965671,0.0,0.1874599166277475,4.74040632054176,11.963882618510164,0.9811320754716968,1735053.85,12.58670635846086,-22.66666666666667,10.686471282758133,1.2975124662557302,0.0,0.0,0.5474059722606552,1.7822590709636266,2.0,1.0
CWVX,2026-04-01,20.6618,-1407.6160999999938,-2.8163083564839337,stop,0,1,2.481389578163772,36371.0,1.062733475082962,87.25293348826979,1.0,0.3999999999999986,0.7444168734491422,0.0,-0.0486146376066333,4.784191367654697,12.038481539261577,0.9935205183585312,1697224.05,12.758937773445728,-22.57444764649376,10.719820423029148,1.4463199481529854,0.0,0.0,0.5474059722606552,1.7822590709636266,2.0,1.0
FNGU,2026-04-01,16.313795,-1194.1480399999998,-2.3889904219098006,stop,0,1,2.016129032258071,408102.0,0.5842996644806697,68.08357752758944,3.0,0.9846153846153878,0.8684863523573236,1.0,1.1099410907591432,3.1349968010236733,9.436980166346766,0.9288135593220348,6085608.85,5.696624111463515,-23.40223330957472,5.138724128857124,2.108652776788308,0.0,0.0,0.5474059722606552,1.7822590709636266,2.0,1.0
FSLY,2026-04-01,31.64465,795.0086000000068,1.5900634072426283,eod,1,1,5.848930481283422,1050694.0,1.527588263013561,51.29948381035621,5.0,0.8971428571428574,4.846256684491975,1.0,2.649465822238469,2.959394356503796,11.23503097040606,0.9678397500689148,12408148.25,9.575003571139453,-3.327948303715663,6.436753533945748,1.0436737004653374,0.0,0.0,0.5474059722606552,1.7822590709636266,2.0,1.0
HMY,2026-04-01,16.31881,-474.73436999999376,-0.9497628809943738,eod,0,1,1.23533045089561,156956.0,0.581516594664564,50.93578100699745,3.0,0.6499999999999974,0.0617665225447684,1.0,0.2257048090108173,5.335068314899168,3.773584905660378,0.965517241379308,5831045.2,4.509931261760379,-22.75763358778626,4.885065036441002,1.1242440720576132,0.0,0.0,0.5474059722606552,1.7822590709636266,2.0,1.0
IRE,2026-04-01,13.78122,-1540.412520000001,-3.080931876858509,stop,0,1,2.69286754002912,416720.0,1.2701755397785608,98.3021412487996,2.0,0.5540540540540527,-1.2008733624454215,0.0,0.0284258622549457,5.287356321839076,14.176245210727966,0.9729729729729736,15310180.3,15.020666330013755,-40.77586206896552,67.07186696373147,0.5069855382434654,0.0,0.0,0.5474059722606552,1.7822590709636266,2.0,1.0
IREX,2026-04-01,18.33484,-1398.0783599999988,-2.796206566296731,stop,0,1,2.407002188183814,44246.0,1.1274947225810534,42.16822216570408,3.0,0.4545454545454516,-1.3129102844639058,0.0,0.1320684254485758,5.420991926182245,14.215686274509803,0.971602434077079,1437362.2,14.994242304960018,-42.63388303965103,44.42918450054305,1.1113357510027744,0.0,0.0,0.5474059722606552,1.7822590709636266,2.0,1.0
LTBR,2026-04-01,11.50441,-980.8922000000068,-1.9618563663847304,stop,0,1,1.5859030837004535,49988.0,0.8002454467685983,70.8935190423563,4.0,0.7222222222222205,0.6167400881057294,1.0,0.2714797976466523,6.472795497185737,5.628517823639771,0.9666666666666672,912450.9,6.266873051908554,-12.859884836852212,3.969179005413005,1.1677033799846106,0.0,0.0,0.5474059722606552,1.7822590709636266,2.0,1.0
MVLL,2026-04-01,28.6756697,2064.4794429000035,4.130471275445059,eod,1,1,7.365699404761908,144754.0,1.562595814908348,125.3845523146417,5.0,0.939239355523006,5.913690476190479,1.0,4.693072912945523,3.7437282902354254,11.771516788884604,0.9311475409836064,583079.85,10.478261220654163,-1.176470588235295,11.64413312410324,1.6829907601849043,0.0,0.0,0.5474059722606552,1.7822590709636266,2.0,1.0
NBIG,2026-04-01,7.738144999999999,-1587.112344999998,-3.174468816492838,stop,0,1,2.8364116094986787,125812.0,0.9176733593598014,66.55686283061877,3.0,0.6744186046511612,0.8575197889181991,0.0,0.5523048620333914,3.6935704514363934,13.816689466484275,0.9900990099009894,1581200.7,13.818113464487377,-39.195584861465406,15.008368688848872,1.3899152713504364,0.0,0.0,0.5474059722606552,1.7822590709636266,2.0,1.0
NBIL,2026-04-01,10.9779353,-1723.8952961999953,-3.448237666330562,stop,0,1,3.131775700934585,123675.0,1.2572014987431313,55.765673053292666,3.0,0.7758877946881507,1.5887850467289713,0.0,1.0553656267127227,3.281853281853281,13.899613899613913,0.9861111111111102,2121923.65,13.929808693600195,-39.33105399536196,14.88304588728296,1.206615987337716,0.0,0.0,0.5474059722606552,1.7822590709636266,2.0,1.0
OKLL,2026-04-01,6.46935,-1511.8286399999963,-3.023951401609119,stop,0,1,2.6687598116169533,583671.0,1.778976299339886,58.72980756612876,3.0,0.1470588235294087,-1.0204081632653124,0.0,-0.8973719610255889,5.289256198347112,16.115702479338836,0.9230769230769228,5155212.9,14.361694055465184,-44.60869565217392,9.227925495964929,1.1415241453946547,0.0,0.0,0.5474059722606552,1.7822590709636266,2.0,1.0
OMER,2026-04-01,12.738099999999998,-2630.456499999987,-5.261224201411489,eod,0,1,12.45583038869258,348194.0,3.700114410574336,46.4289611543703,4.0,0.7624113475177312,9.23144876325088,0.0,1.9996763009614955,7.196969696969695,5.965909090909081,0.9047619047619068,860765.65,4.543132026397913,-5.509181969949918,2.9779533281261505,2.083086145456664,0.0,0.0,0.5474059722606552,1.7822590709636266,2.0,1.0
PDYN,2026-04-01,6.48941,-1392.3053999999916,-2.784921895827185,stop,0,1,2.429467084639489,95580.0,1.305635723035627,79.51363303573125,3.0,0.935483870967743,1.2539184952978069,1.0,0.9759150493321732,5.107084019769351,9.802306425041197,0.9243697478991598,4785558.85,9.242982697547,-36.2,9.961255499117048,0.3094528865735295,0.0,0.0,0.5474059722606552,1.7822590709636266,2.0,1.0
PLAY,2026-04-01,12.828369999999998,-1055.8531799999912,-2.112037616626257,eod,0,1,10.90665514261019,241683.0,5.064520672011295,97.79574827979656,2.0,0.0411284570885172,0.0864304235090733,0.0,-4.447784970173436,6.8328716528162525,7.848568790397042,0.917647058823529,1923913.9,7.437580487644357,-25.546975546975546,5.219686035117589,1.6392474736005598,0.0,0.0,0.5474059722606552,1.7822590709636266,2.0,1.0
QBTX,2026-04-01,8.46,0.0,0.0,no_fill,0,0,2.153110047846908,81992.0,1.2349081502762782,60.65816160235985,2.0,0.499999999999995,0.1196172248803802,0.0,0.1119076182820219,5.555555555555549,17.044191919191917,0.9704422549818504,1406091.8,12.93624531001103,-45.610451120971206,8.582611641971598,1.3790074019349234,0.0,0.0,0.5474059722606552,1.7822590709636266,2.0,1.0
RGTX,2026-04-01,15.586619999999998,-1641.0539699999968,-3.283008118501632,stop,0,1,2.9527559055118067,38716.0,1.0858618965524631,48.20978420629357,2.0,0.9111111111111128,1.7060367454068228,0.0,1.3075672401209644,3.602991162474503,14.031271244051652,0.9006782945736441,3448760.35,13.079354392879534,-24.81499753330044,64.88505575318398,0.2615316544102579,0.0,0.0,0.5474059722606552,1.7822590709636266,2.0,1.0
RKLX,2026-04-01,27.727934999999995,-2135.66251499999,-4.271883210920664,stop,0,1,4.0337711069418365,144834.0,1.7559310845121456,49.647339371276296,4.0,0.9906976744186065,3.696060037523464,1.0,1.5853239025910966,4.223699648025023,15.604223699648031,0.9197994987468672,2608785.4,15.626383779043252,-35.96828447861605,12.98889429213508,1.5605955936429268,0.0,0.0,0.5474059722606552,1.7822590709636266,2.0,1.0
ROBN,2026-04-01,18.21,0.0,0.0,no_fill,0,0,3.597122302158285,34966.0,1.2556066361504363,42.40279442385537,3.0,0.0529230769230791,-2.6319867183176537,0.0,-1.2006020826818895,5.303030303030304,11.7132867132867,0.9601990049751252,1153649.25,9.077915225322908,-32.0421210981572,6.93748554859257,1.268444460047107,0.0,0.0,0.5474059722606552,1.7822590709636266,2.0,1.0
SCZM,2026-04-01,9.05,0.0,0.0,no_fill,0,0,6.022099447513811,57608.0,1.6017715240593742,131.03850133720627,1.0,0.1834862385321094,-4.917127071823208,1.0,-1.4963958350930158,5.600933488914825,9.568261376896142,0.9634146341463422,652367.8,8.321507205096289,-19.33327391033068,5.620283580595649,1.4281943406771456,0.0,0.0,0.5474059722606552,1.7822590709636266,2.0,1.0
SNDU,2026-04-01,24.40299,3217.4284800000096,6.437776682283626,eod,1,1,7.267540152155536,24824.0,1.9771919462474,90.53271383433216,3.0,1.0,2.8317836010143624,1.0,4.417368290275127,7.692307692307699,16.021847974510695,0.9857954545454544,239294.8571428572,15.953326117653877,-31.47987257457284,12.054272908226215,2.6424470945587752,0.0,0.0,0.5474059722606552,1.7822590709636266,2.0,1.0
TSSI,2026-04-01,13.555244099999998,-1358.821840799992,-2.7180926974232644,stop,0,1,2.339776951672864,81033.0,0.985992056706506,109.15827373777604,1.0,0.6355258976803334,-0.3717472118959029,0.0,0.3084388175229236,3.3820138355111413,10.645657186779411,0.9458483754512628,2244140.4,10.538025067825638,-6.532314107018772,6.552287197348621,0.6021971709078452,0.0,0.0,0.5474059722606552,1.7822590709636266,2.0,1.0
UMAC,2026-04-01,13.4993,0.0,0.0,no_fill,0,0,4.604947526236882,339715.0,1.8920498494270093,63.47737679358004,3.0,0.4151066254273168,-1.4992503748125885,1.0,0.1561857666761588,7.5806451612903185,11.532258064516126,0.944055944055944,6125212.4,12.608282342277851,-42.94268605645851,9.194728147575765,1.0216884887126525,0.0,0.0,0.5474059722606552,1.7822590709636266,2.0,1.0
UNIT,2026-04-01,10.466305,-2132.142295000006,-4.264494489698143,eod,0,1,7.783505154639184,376387.0,2.3227592826271475,73.78022265067757,4.0,0.9006622516556279,6.804123711340209,0.0,1.8886402613393145,3.411513859275037,12.793176972281442,0.9666666666666672,2262676.5,5.369716496581336,2.972399150743093,4.772560315247128,3.4071755286272696,0.0,0.0,0.5474059722606552,1.7822590709636266,2.0,1.0
VOR,2026-04-01,19.7,0.0,0.0,no_fill,0,0,6.179473401397091,142530.0,2.003177595738154,55.108846700660166,5.0,0.8107826086956511,4.68780225685115,1.0,1.1415895188065928,4.316143497757845,17.488228699551577,0.9551267668835538,1068434.0,8.609605061056236,3.503893214682975,6.638705776329134,2.3045700529934465,0.0,0.0,0.5474059722606552,1.7822590709636266,2.0,1.0
ZLAB,2026-04-01,20.345855,991.09237500001,1.9825905571429865,eod,1,1,1.985922574157866,41337.0,0.679295963923836,93.8148374948066,4.0,0.9113924050632908,1.8099547511312188,1.0,0.8947050089668247,5.741626794258384,7.044125465178093,0.9735849056603773,730220.45,3.5784846414126923,0.5561172901921103,2.6256827691296936,0.8154373107463644,0.0,0.0,0.5474059722606552,1.7822590709636266,2.0,1.0
CRCD,2026-04-02,8.134229699999999,2255.3398476000034,4.511313468317726,target,1,1,2.523989898989893,265389.0,1.1007961455743416,55.37194108951896,4.0,0.8934467233616801,2.128787878787874,1.0,0.8625620769446689,6.451612903225799,16.801075268817204,0.9440000000000004,7289627.05,15.419558335399442,-0.8760951188986269,13.213795953142728,0.5224031317212586,0.0,0.0,-1.3460716683963203,1.5607775811890394,3.0,2.0
AAOX,2026-04-06,32.9896,0.0,0.0,no_fill,0,0,13.932000000000016,171824.0,4.11990589044046,36.13005706189932,3.0,0.8278304143937221,7.566666666666677,0.0,3.004161718274929,13.9384732244588,39.57462969996202,0.9357005758157388,1000966.125,30.00798922162604,-19.955174897942847,21.142414935445373,2.772286624584823,0.0,0.0,0.0045743561593664,1.641148893365774,0.0,6.0
FUBO,2026-04-06,11.74513,1331.5896000000046,2.663231484027857,eod,1,1,9.58904109589042,377860.0,3.4010666392452635,115.89626013485449,2.0,0.4571428571428572,1.73515981735161,0.0,-0.9486627106741276,12.07778915046059,11.156601842374616,0.9908256880733948,7967851.5,7.649944390951938,-22.94159042927517,222.03705027342687,0.2281465712557519,0.0,0.0,0.0045743561593664,1.641148893365774,0.0,6.0
LWLG,2026-04-06,8.61577,-3097.9895799999936,-6.196312111395718,stop,0,1,5.9880239520958085,641312.0,2.657705791508194,55.58982602236,3.0,0.9800000000000004,2.754491017964077,1.0,2.6741870755392805,9.007832898172316,16.579634464751962,0.9763779527559052,6648688.0,12.333480411285828,-5.005688282138789,11.759965908164672,0.5660155808183509,0.0,0.0,0.0045743561593664,1.641148893365774,0.0,6.0
MRAL,2026-04-06,3.48041,-2208.62884,-4.417295663441951,stop,0,1,4.204204204204208,104844.0,2.062628088574818,36.009213837334244,3.0,0.7857142857142841,3.3033033033032995,1.0,1.0234922014517445,3.0959752321981453,23.8390092879257,0.9350649350649352,1912605.7,15.219493887452714,-24.83069977426636,9.27854353842403,0.829184499450148,0.0,0.0,0.0045743561593664,1.641148893365774,0.0,6.0
BGDE,2026-04-07,3.4499,0.0,0.0,no_fill,0,0,14.47039473684211,877879.0,4.643170573875908,43.37845814308503,5.0,0.8638326892475566,11.513157894736844,1.0,2.773633515462313,17.37451737451738,32.81853281853282,0.9882352941176468,312153.05,11.58566111361524,1.3333333333333344,13.009366947035694,15.464253833175746,0.0,0.0,-0.3460155099934701,1.1585934914928715,1.0,7.0
MIGI,2026-04-07,3.4499,0.0,0.0,no_fill,0,0,14.47039473684211,877879.0,4.643170573875908,43.37845814308503,5.0,0.8638326892475566,11.513157894736844,1.0,2.773633515462313,17.37451737451738,32.81853281853282,0.9882352941176468,312153.05,11.58566111361524,1.3333333333333344,13.009366947035694,15.464253833175746,0.0,0.0,-0.3460155099934701,1.1585934914928715,1.0,7.0
ACIU,2026-04-08,3.4,0.0,0.0,no_fill,0,0,7.598784194528875,70285.0,2.7379231773659085,56.61130141184388,2.0,0.1600000000000001,-3.039513677811553,0.0,-1.696355705980394,5.78778135048232,11.897106109324762,0.9189189189189184,239505.8,7.826103908322859,-4.081632653061227,5.185206298024211,2.5503056710943954,0.0,0.0,2.6045933072418856,1.310109470550033,2.0,8.0
CRWG,2026-04-08,3.43,0.0,0.0,no_fill,0,0,6.515151515151525,1087664.0,2.3165394317631707,84.9458019955287,3.0,0.0186046511627906,-2.4545454545454533,0.0,-2.789267210541217,16.19718309859155,11.971830985915505,0.970588235294117,27571195.85,12.60825194137681,2.4844720496894293,10.751737690988046,0.8483275853266988,0.0,0.0,2.6045933072418856,1.310109470550033,2.0,8.0
CRWU,2026-04-08,6.39,0.0,0.0,no_fill,0,0,6.482982171799019,87230.0,1.970672898031132,88.3577152313508,2.0,0.0,-2.917341977309558,0.0,-3.301326003113905,16.305372290292183,11.310084825636205,0.9749999999999992,1625731.25,12.326673374409754,2.833333333333332,10.675609773714015,0.7169961209763299,0.0,0.0,2.6045933072418856,1.310109470550033,2.0,8.0
CWVX,2026-04-08,27.72,0.0,0.0,no_fill,0,0,6.865333836288194,100048.0,2.193138967139965,99.5729005283058,1.0,0.0,-2.301018483591109,0.0,-3.4584017212845577,14.911140008669276,11.703077589943662,0.9888884773510126,1589972.45,12.476737926818984,1.863592699327581,10.727094352931836,0.7701718353673361,0.0,0.0,2.6045933072418856,1.310109470550033,2.0,8.0
IMMX,2026-04-08,9.44,0.0,0.0,no_fill,0,0,4.082714740190878,17206.0,0.9970356565149292,87.46798399791157,3.0,0.012987012987015,-3.923647932131487,0.0,-2.2521879691857243,3.740374037403739,10.121012101210122,0.9021739130434784,887252.35,10.245574681240706,-18.776216849413004,5.5201428816626255,0.9651436820651984,0.0,0.0,2.6045933072418856,1.310109470550033,2.0,8.0
NBIG,2026-04-08,10.875,0.0,0.0,no_fill,0,0,2.8504672897196235,46870.0,0.8619086959579452,51.170440427505085,0.0,0.0983606557377029,-0.9345794392523332,0.0,-0.6460132847240133,15.675675675675668,11.999999999999996,0.9369369369369368,1682386.15,13.56145417732874,-14.167910028717662,14.752308921252144,0.8066525036478694,0.0,0.0,2.6045933072418856,1.310109470550033,2.0,8.0
NBIL,2026-04-08,15.45,0.0,0.0,no_fill,0,0,3.758552631578941,105834.0,1.2685631665146089,68.61575076951418,0.0,0.0722912655347448,-1.8421052631578907,0.0,-1.5286602717607236,15.589353612167292,12.50950570342205,0.9483282674772042,2264711.05,13.69151088696689,-13.816076703691744,14.643539149616066,0.90520996044948,0.0,0.0,2.6045933072418856,1.310109470550033,2.0,8.0
WULF,2026-04-08,18.07,0.0,0.0,no_fill,0,0,2.94784580498866,2591932.0,1.4774745653889567,84.47037270399137,2.0,0.1538461538461507,-0.0566893424036369,0.0,-0.7389764529737822,6.457453228726616,8.070609535304772,0.9327002168548568,28314239.25,7.975005572431224,-0.6197183098591517,5.362619878437314,1.1123375670423497,0.0,0.0,2.6045933072418856,1.310109470550033,2.0,8.0
EOSE,2026-04-10,6.37,0.0,0.0,no_fill,0,0,7.269789983844914,5400985.0,2.908802875126621,62.33236028468342,4.0,0.3555555555555557,-1.777059773828761,0.0,-1.7225335572253384,4.033613445378155,18.15126050420168,0.9629629629629628,19043874.0,9.090836573689389,-2.8257456828885354,8.62954748958745,3.3033870629473814,0.0,0.0,0.2073803885808536,1.0717481862668985,4.0,10.0
OGN,2026-04-10,8.304839999999999,3529.2852000000066,7.0592570115739885,eod,1,1,4.249999999999988,2628722.0,2.6105647709682245,59.21020660954298,3.0,0.3235294117647078,0.6250000000000089,0.0,-1.0838413789771302,15.77424023154848,16.497829232995652,0.9561403508771932,3985562.15,5.022670761423469,14.942528735632186,4.83771104553044,2.5138832673829965,0.0,0.0,0.2073803885808536,1.0717481862668985,4.0,10.0
VWAV,2026-04-10,7.82,0.0,0.0,no_fill,0,0,5.398457583547557,108794.0,2.4925976583555323,96.26438632940574,1.0,0.714285714285714,-1.0282776349614406,1.0,0.0179755818920072,5.994550408719351,21.38828337874659,0.9171921778457228,551927.2,13.122454834224618,-4.187192118226589,11.479104098541818,2.835426483782644,0.0,0.0,0.2073803885808536,1.0717481862668985,4.0,10.0
LWLG,2026-04-13,11.4342,4692.38016000001,9.386577110772963,target,1,1,5.06329113924051,1311653.0,2.5598691487419822,67.99585410767175,4.0,0.8035714285714266,2.079566003616624,1.0,0.8867826868005811,4.339622641509442,17.68867924528302,0.9893333333333336,6068772.8,11.941964662155288,4.143126177024494,8.965553308541855,2.242941604272943,0.0,0.0,-0.3017101816148217,0.8150487367347234,0.0,13.0
ALOY,2026-04-14,13.75,0.0,0.0,no_fill,0,0,6.449221645663449,205376.0,2.559373140034096,84.76738326309969,1.0,0.0114942528735629,-4.447739065974794,0.0,-3.789814028661377,4.980544747081717,15.097276264591436,0.922680412371134,1818485.15,13.586137039339686,-6.6435986159169484,10.301816439535113,1.190254976786585,0.0,0.0,0.2317446436379583,1.0101668886730817,1.0,14.0
AMPX,2026-04-14,19.155,0.0,0.0,no_fill,0,0,5.026315789473694,506027.0,1.9962617520335624,61.463910336979644,1.0,0.1361256544502604,-3.5263157894736934,0.0,-1.7069119388570124,3.3170201196302305,9.026644915715062,0.9397590361445796,7703355.25,8.869144964897917,-3.846153846153854,6.163775912284187,1.309112415658099,0.0,0.0,0.2317446436379583,1.0101668886730817,1.0,14.0
APLX,2026-04-14,16.23857,3122.598640000012,6.245377517847963,target,1,1,3.417721518987348,227184.0,1.8398011764209337,65.43154486583205,2.0,0.3796296296296291,0.348101265822783,0.0,-0.3487313542657852,10.027855153203353,15.598885793871869,0.9107142857142853,1893911.4,15.24346540911675,-9.971509971509972,13.54093923577298,1.127423912227362,0.0,0.0,0.2317446436379583,1.0101668886730817,1.0,14.0
ASST,2026-04-14,12.828369999999998,-1091.669727599987,-2.183681948680906,eod,0,1,5.564648117839605,323139.0,1.7193812357773002,85.8530121369654,5.0,0.8529411764705886,3.846153846153837,1.0,2.2232027800405763,5.526770293609676,12.694300518134703,0.972789115646259,3465887.5,7.943330546612215,5.163511187607585,6.424134520203273,0.9705848790533448,0.0,0.0,0.2317446436379583,1.0101668886730817,1.0,14.0
BKKT,2026-04-14,9.5183697,-1825.6785741000003,-3.651357437818371,stop,0,1,3.353896103896112,183201.0,1.2252690106586608,93.0844019011376,4.0,0.8712487899322328,2.2727272727272627,0.0,1.0297451373711166,5.963302752293573,10.20642201834862,0.9325842696629228,1242589.7,7.592581734544793,-9.41087657722134,4.668165424368379,0.8420052089599649,0.0,0.0,0.2317446436379583,1.0101668886730817,1.0,14.0
CCUP,2026-04-14,5.396039699999999,-13.340260199989087,-0.0266806784241936,eod,0,1,6.029182879377429,84814.0,1.815806756472829,41.50967615028044,3.0,0.6776379477250728,2.7237354085603225,0.0,0.7481764973241081,7.531380753138063,22.28033472803348,1.0,3001254.2,18.31122386654419,-49.85365853658537,13.242868204681338,0.6656823670584118,0.0,0.0,0.2317446436379583,1.0101668886730817,1.0,14.0
CGNT,2026-04-14,9.40814,915.973648599998,1.832135788795656,eod,1,1,5.005561735261414,82603.0,1.2821364268086897,63.06176370030605,4.0,0.8666666666666659,3.670745272525029,0.0,1.4181659828924045,3.0963302752293527,8.027522935779807,0.942857142857144,477245.9,5.427594196114436,-3.644158628081456,3.6294652856581657,1.0517261646459404,0.0,0.0,0.2317446436379583,1.0101668886730817,1.0,14.0
CHPT,2026-04-14,6.30887,-344.27547249999844,-0.6885813148788897,eod,0,1,5.882352941176464,203156.0,1.9800305269285297,92.25848832598378,4.0,0.742857142857143,4.201680672268907,0.0,1.281110577589877,9.576427255985276,9.94475138121547,0.962962962962962,449950.15,5.70918195318399,6.25000000000001,3.917187162279751,1.1527099168652348,0.0,0.0,0.2317446436379583,1.0101668886730817,1.0,14.0
CLSK,2026-04-14,11.55456,-1582.6435199999994,-3.165503489531405,stop,0,1,2.848242100578552,1615332.0,1.0984814058742776,61.52571265163156,3.0,0.663437500000002,1.5781041388518084,0.0,0.509014090615588,4.4144981412639375,11.291821561338288,0.91358024691358,19733399.25,7.534612726437658,3.405430280717894,4.573307489805479,1.0967951707559964,0.0,0.0,0.2317446436379583,1.0101668886730817,1.0,14.0
CLSX,2026-04-14,15.09515,-2680.898399999994,-5.362318360533007,stop,0,1,5.183137525915687,69630.0,1.4204249241073017,60.67805823992053,2.0,0.6918666666666647,2.4111955770559685,0.0,0.6765576475683245,9.4553706505295,20.65052950075643,0.9304029304029308,475647.35,14.503757590064554,7.904548844146163,9.19567384568837,1.284434781356398,0.0,0.0,0.2317446436379583,1.0101668886730817,1.0,14.0
CONL,2026-04-14,7.76322,-135.04679999999527,-0.2701198729393121,eod,0,1,5.013550135501356,1545460.0,1.5691780749563429,27.72187881983082,4.0,0.7837837837837837,3.794037940379407,0.0,0.8797663521715743,6.493506493506496,11.662337662337666,0.9527344716654286,18342400.55,11.460381208644636,-31.85595567867036,7.803213315758432,0.8595660070240915,0.0,0.0,0.2317446436379583,1.0101668886730817,1.0,14.0
CRCG,2026-04-14,3.16948,1061.3420000000106,2.1227456869896857,eod,1,1,6.3227953410981685,1572978.0,2.3329422280552823,39.37264634779559,3.0,0.6894736842105254,3.194675540765394,0.0,0.8225201591431808,6.939501779359425,22.59786476868328,1.0,30585974.95,18.539807128596863,-50.3305785123967,13.09638806259789,0.9768677653350396,0.0,0.0,0.2317446436379583,1.0101668886730817,1.0,14.0
FRMI,2026-04-14,5.396139999999999,-1586.8174764999926,-3.17393729591892,stop,0,1,2.8123827392120018,447691.0,1.3183591305297373,52.994325045007,1.0,0.4329553035356895,-0.6566604127579764,0.0,-0.3269453960204267,4.101562499999999,7.812499999999989,0.9750000000000004,12543914.7,9.290491070060096,-36.29431310209643,5.7859571943256505,0.6482907604593325,0.0,0.0,0.2317446436379583,1.0101668886730817,1.0,14.0
IONL,2026-04-14,13.6709903,7765.637305800014,15.532886450808205,target,1,1,8.424265842349316,101622.0,2.4585080719237435,59.59781051693902,3.0,0.954040913677644,4.94590417310665,0.0,3.1422116601503487,13.80826737027265,12.445030782761664,0.9929328621908116,426664.85,12.765793483959214,-18.2564750473784,7.908307773693285,1.228838044661987,0.0,0.0,0.2317446436379583,1.0101668886730817,1.0,14.0
IONX,2026-04-14,26.3079879,7883.90597999999,15.772487868599011,target,1,1,8.568611670020108,204390.0,2.548788836217574,22.86236521682221,3.0,0.9533649556192176,5.150905432595564,0.0,2.7613208594783627,14.04313905461222,12.66177145479578,0.9713664371148965,1719571.85,12.898427077732183,-16.806160026782724,43.8186355399985,0.6771470468070293,0.0,0.0,0.2317446436379583,1.0101668886730817,1.0,14.0
IRE,2026-04-14,22.50732,2507.553420000017,5.016234718305012,target,1,1,2.7403414195867155,424358.0,1.447893199586497,88.33622125745589,2.0,0.4098360655737685,-0.8086253369272384,0.0,-0.2612214034864714,10.416666666666677,22.12946428571429,0.907807141416179,7203285.25,14.91180273386415,-4.051724137931025,66.30830458267202,0.9445888596456736,0.0,0.0,0.2317446436379583,1.0101668886730817,1.0,14.0
IREX,2026-04-14,29.9897,2132.093,4.26479758050264,target,1,1,2.3497818059751574,55118.0,1.1880117708707607,110.28147608964484,2.0,0.3000000000000015,-1.275595837529369,0.0,-0.4721499622725569,10.620126253249165,22.02005198663201,0.913996627318718,962490.6,14.820719220130558,-6.513313771947722,9.952653679224673,1.095098487195615,0.0,0.0,0.2317446436379583,1.0101668886730817,1.0,14.0
LCID,2026-04-14,10.09,0.0,0.0,no_fill,0,0,4.5454545454545405,1988793.0,2.0940089664112485,78.9697083581614,1.0,0.1477272727272717,0.3615702479338857,0.0,-1.853600177171489,4.761904761904756,9.956709956709956,1.0,6192568.5,5.558499052860675,-11.192660550458722,4.087286604795984,1.75546479623116,0.0,0.0,0.2317446436379583,1.0101668886730817,1.0,14.0
LTBR,2026-04-14,12.377019999999998,-1974.7478799999933,-3.950223882647023,stop,0,1,3.651452282157672,125198.0,1.7751212539521284,50.25416484225408,4.0,0.249999999999999,-0.3319502074688873,1.0,-0.4103791569991925,5.148342059336822,9.073298429319385,0.971340642431237,793997.2,6.652327784392477,-0.1648729484088501,4.50133075086944,0.7421902747264096,0.0,0.0,0.2317446436379583,1.0101668886730817,1.0,14.0
MRAL,2026-04-14,4.854519999999999,-1639.806779999985,-3.2798299316924977,stop,0,1,2.9288702928870225,133059.0,1.5118291699193054,38.25466513049045,3.0,0.2142857142857165,-1.0460251046025069,0.0,-1.076637921858047,5.752212389380547,21.68141592920353,0.9591836734693876,2000543.65,15.209831120035457,4.8245614035087865,9.281017062974575,0.8675781705637865,0.0,0.0,0.2317446436379583,1.0101668886730817,1.0,14.0
MSTU,2026-04-14,5.215599999999999,-1875.2612499999889,-3.750766929979271,stop,0,1,3.465346534653462,1778021.0,1.3895569305436648,36.4796361393889,4.0,0.57142857142857,1.485148514851489,0.0,0.0989093133663345,7.79082177161153,10.885805763073654,0.990196078431371,33031195.95,9.732789590307709,-22.06790123456791,6.570489468982744,0.9644176083790876,0.0,0.0,0.2317446436379583,1.0101668886730817,1.0,14.0
MSTX,2026-04-14,24.00179,-1884.9275299999872,-3.770177140954879,stop,0,1,3.477887505367105,298845.0,1.378752706410433,27.702571607493297,3.0,0.5493827160493839,1.1807642765135342,0.0,0.2746111770982319,8.224907063197024,10.780669144981411,0.9870689655172408,20521490.2,9.777540615138786,-11.03896103896104,193.8665722063589,0.1680365785521755,0.0,0.0,0.2317446436379583,1.0101668886730817,1.0,14.0
NNE,2026-04-14,23.901489999999995,-881.760690299995,-1.764297121225487,eod,0,1,3.55765109301328,181330.0,1.5667314141960405,65.90789767369168,4.0,0.9578313253012088,1.9931418774110727,1.0,1.3142902290638594,6.675811614083206,9.6936442615455,0.9386792452830194,2179511.8,6.989645113208927,1.5672616456247257,4.797836267954286,0.9166034338515626,0.0,0.0,0.2317446436379583,1.0101668886730817,1.0,14.0
NOWL,2026-04-14,4.5023667,-2073.155803499991,-4.14641259673494,stop,0,1,3.882758620689652,227693.0,1.2811497997412598,30.556375911487592,4.0,0.7992895204262873,2.413793103448286,0.0,1.028346112341866,3.3254156769596124,10.448931116389543,0.9547624460104572,1804233.3,9.69034911303095,-44.4798978940651,7.31601522428674,4.0527269948958375,0.0,0.0,0.2317446436379583,1.0101668886730817,1.0,14.0
OKLL,2026-04-14,8.846459999999999,-4715.646479999996,-9.432925712657935,stop,0,1,9.650180940892652,1449886.0,3.04619774890938,40.80049665063423,3.0,0.9875000000000004,6.272617611580234,1.0,4.743767129262785,19.452449567723324,20.31700288184438,0.9929078014184398,6014924.25,14.757701099401576,-24.636363636363644,10.167644724410254,1.3417987766013844,0.0,0.0,0.2317446436379583,1.0101668886730817,1.0,14.0
ORCU,2026-04-14,12.27672,-2151.97056,-4.304732860242802,stop,0,1,3.9506172839506206,184254.0,1.6091455802722,58.473287041968746,3.0,0.3333333333333333,-1.8930041152263408,1.0,-0.3351392682411426,15.275142314990523,19.21252371916509,0.9876543209876542,658212.15,7.81698851645748,7.142857142857148,7.676079691216151,3.5641624056924504,0.0,0.0,0.2317446436379583,1.0101668886730817,1.0,14.0
PURR,2026-04-14,6.88,0.0,0.0,no_fill,0,0,3.947368421052625,530509.0,2.0373706885727696,92.91801854057708,1.0,0.7777777777777789,-0.2923976608187072,0.0,0.8941311418204302,5.230769230769228,8.769230769230774,0.9473684210526312,5957451.85,9.02079141979042,3.167420814479638,5.3797586127451735,1.1738221602244256,0.0,0.0,0.2317446436379583,1.0101668886730817,1.0,14.0
RGTX,2026-04-14,19.1571997,5789.117405200015,11.582605154969524,target,1,1,6.346961325966857,62034.0,1.5267933449473772,30.44970033707542,3.0,0.8608112813370472,4.640883977900551,0.0,2.083960885018153,8.383233532934145,13.353293413173644,0.9103139013452918,1475340.15,13.232448565252486,-10.7054760730143,64.53774618048195,0.4398151843152916,0.0,0.0,0.2317446436379583,1.0101668886730817,1.0,14.0
ROBN,2026-04-14,21.0813549,1983.827792100008,3.9689341788938015,eod,1,1,5.510787757150017,171966.0,1.7259491972599426,70.66903583140532,5.0,0.8740781207320394,4.766683391871547,1.0,0.9083893106629612,9.505494505494507,10.31263736263736,1.0,1055789.0,9.21452757649645,-9.757754131763646,6.736198994406138,0.7503355310578155,0.0,0.0,0.2317446436379583,1.0101668886730817,1.0,14.0
ROLR,2026-04-14,11.74,0.0,0.0,no_fill,0,0,11.79828734538535,4916429.0,7.194243234074513,46.50909599948779,3.0,0.532258064516129,6.184586108468129,1.0,0.3948837202959974,106.48330058939098,15.913555992141465,0.9259259259259254,131241.7,9.929700254508642,104.0776699029126,7.623766140084702,5.644273123557527,0.0,0.0,0.2317446436379583,1.0101668886730817,1.0,14.0
SMCX,2026-04-14,11.80531,181.3850500000016,0.3628028404167309,eod,1,1,4.113110539845763,257353.0,1.4932378182388082,52.32453272158072,2.0,0.5416666666666694,-1.0282776349614329,1.0,0.3426542062114107,7.85582255083179,11.460258780036972,1.0,5755245.15,13.687050047570851,-46.38180565127498,29.696833901783044,0.5390578366587911,0.0,0.0,0.2317446436379583,1.0101668886730817,1.0,14.0
SMU,2026-04-14,13.540499999999998,-5879.36231999999,-11.7607178464606,stop,0,1,12.801330008312544,112470.0,3.467394597924907,43.135746913610525,4.0,0.9935714285714284,12.137157107231928,1.0,4.24582376731055,14.680648236415625,15.867492850333653,0.943226194052268,564178.45,12.322722261876102,-38.09180732811856,8.83845328179574,1.3227641006139106,0.0,0.0,0.2317446436379583,1.0101668886730817,1.0,14.0
SOFX,2026-04-14,11.624769999999998,402.1435000000101,0.804316988637215,eod,1,1,4.177777777777783,33929.0,1.1660479380052178,67.5859438803092,3.0,0.9148936170212784,2.666666666666673,1.0,1.790618088031919,5.633802816901405,12.20657276995306,1.0,722324.3,9.211668438534998,-10.071942446043163,5.012084392945513,0.8371821355034019,0.0,0.0,0.2317446436379583,1.0101668886730817,1.0,14.0
SOUN,2026-04-14,7.151389999999999,-1037.4643999999976,-2.075121060381264,stop,0,1,1.6925246826516236,1145581.0,0.6791997086213986,69.29236928326344,4.0,0.9583333333333344,0.4936530324400584,1.0,0.7591777256934751,3.654970760233918,9.502923976608193,0.9538461538461536,22817171.1,6.443538576412022,-11.041405269761604,5.228396606827708,0.772373618217729,0.0,0.0,0.2317446436379583,1.0101668886730817,1.0,14.0
BULL,2026-04-15,6.354004999999999,940.4635350000124,1.880939659317259,eod,1,1,2.4642289348171738,2062933.0,1.2425555832596251,58.69662965247444,1.0,0.2909677419354872,-1.0317965023847333,0.0,-0.7302631593977026,8.075601374570441,7.731958762886586,0.9333333333333348,10489101.45,4.958805321201261,7.521367521367528,3.860684480986896,1.472158704309224,0.0,0.0,0.1151974195777949,0.980016594646664,2.0,15.0
HOOG,2026-04-15,24.64371,4075.489080000005,8.154656908395701,eod,1,1,5.261003070624361,139287.0,2.715838594848553,27.29801281189723,2.0,0.4396887159533083,-2.354145342886384,0.0,0.0380766618422967,11.32634457611668,9.115770282588878,0.9700000000000006,466007.65,9.301380230276347,10.74586261618681,8.179263475986621,2.1867151751693346,0.0,0.0,0.1151974195777949,0.980016594646664,2.0,15.0
INFQ,2026-04-15,15.1,0.0,0.0,no_fill,0,0,5.333333333333326,903402.0,2.7384184157905533,69.44690812112499,2.0,0.0687499999999997,-4.299999999999997,0.0,-2.643204122772624,6.2322946175637455,11.402266288951852,0.9316770186335396,3234774.15,9.321705966333305,5.411103302881234,7.856294175311623,2.964661999663872,0.0,0.0,0.1151974195777949,0.980016594646664,2.0,15.0
IONL,2026-04-15,19.00685,7840.3981999999905,15.68455583118716,target,1,1,8.43905129619414,199665.0,3.045987868981752,40.43525724997564,3.0,0.967320261437908,4.247104247104245,1.0,4.528394833263645,13.881909547738688,21.67085427135679,0.9797101449275362,512421.2,13.2557748293178,13.38336460287679,12.127914416895642,4.214630464157221,0.0,0.0,0.1151974195777949,0.980016594646664,2.0,15.0
QBTS,2026-04-15,18.60565,3988.1528800000174,7.977361715392943,target,1,1,4.21052631578948,6172941.0,1.953136651991101,64.8396478952124,3.0,0.9871794871794852,0.0809716599190314,1.0,1.9167076591633536,9.1632292280495,10.931054802592817,0.9380053908355784,20554560.3,6.886422406666609,4.395604395604382,6.201419856158447,2.1251462139036854,0.0,0.0,0.1151974195777949,0.980016594646664,2.0,15.0
QBTX,2026-04-15,12.52747,7694.887460000008,15.39065749109758,target,1,1,7.926341072858288,398116.0,3.569693548967116,32.58951068847693,3.0,0.8940404040404034,-0.8398718975180196,1.0,2.306500916587826,18.726235741444874,18.821292775665388,0.9545454545454546,1490723.55,13.551836259911116,0.1603849238171577,12.28888792223474,2.192780143575246,0.0,0.0,0.1151974195777949,0.980016594646664,2.0,15.0
ROBN,2026-04-15,24.702887,4048.775192000006,8.097770110837665,eod,1,1,5.1564404713531165,335934.0,2.827203919747496,38.58484368785199,2.0,0.4688731284475949,-2.6615197074360064,0.0,0.1521504035450721,12.016385980883024,9.604005461993626,0.971563981042653,1128322.05,9.48075867811251,11.433099388725372,8.148222206651495,2.0592267961084336,0.0,0.0,0.1151974195777949,0.980016594646664,2.0,15.0
SNAP,2026-04-15,6.1,0.0,0.0,no_fill,0,0,3.801652892561976,7354658.0,1.2227498915741577,122.7256323238452,2.0,0.2173913043478257,-2.1487603305785106,1.0,-0.6159822755837372,8.035714285714288,7.487499999999997,0.9046029096112568,56628174.05,6.278876583418376,7.269503546099294,5.460036291497999,1.4984277600948004,0.0,0.0,0.1151974195777949,0.980016594646664,2.0,15.0
ASAN,2026-04-16,6.43,0.0,0.0,no_fill,0,0,3.497615262321141,422671.0,1.5911828386384768,80.12336106621831,2.0,0.4009090909090896,0.1303656597774171,0.0,-0.5263405290393114,3.453947368421052,8.486842105263158,0.9418604651162786,6555474.35,6.43501801056844,-10.334996436208122,3.9578474619473294,1.7354242260134844,0.0,0.0,0.1600137154613096,1.0939355559281985,3.0,16.0
BAIG,2026-04-16,3.57,0.0,0.0,no_fill,0,0,6.442577030812324,59697.0,1.4598659324559775,83.93549346016673,2.0,0.173913043478261,-5.322128851540615,1.0,-1.5099150577878029,9.1743119266055,12.840978593272176,0.9523696118123364,404680.35,11.878195382507178,-6.052631578947368,10.221464181396149,2.255567882156868,0.0,0.0,0.1600137154613096,1.0939355559281985,3.0,16.0
BBAI,2026-04-16,3.95,0.0,0.0,no_fill,0,0,3.05343511450382,2406736.0,1.0052497283955009,100.51888728000068,2.0,0.2916666666666676,-1.6539440203562326,1.0,-0.6786753325310969,3.69393139841689,6.860158311345653,0.9230769230769232,26370218.7,6.291576604739047,-1.0075566750629732,5.297964408001111,1.4856123282739404,0.0,0.0,0.1600137154613096,1.0939355559281985,3.0,16.0
BTQ,2026-04-16,3.81,0.0,0.0,no_fill,0,0,8.299866131191434,421825.0,2.821523352835188,37.14539411083524,1.0,0.0967741935483864,-5.488621151271756,1.0,-3.1313428107885435,6.410256410256414,11.111111111111114,0.9230769230769224,2311331.1,9.085655075903135,5.508474576271182,8.507143640789893,2.34696491558479,0.0,0.0,0.1600137154613096,1.0939355559281985,3.0,16.0
FIG,2026-04-16,21.3,0.0,0.0,no_fill,0,0,2.7784318342359304,866374.0,1.3882134627485987,56.5884821406009,1.0,0.1186440677966106,-2.142688956910753,0.0,-1.2299410253495136,4.400196656833823,9.144051130776791,0.9247271358675194,14650897.2,7.739739672553022,-22.27306002928258,4.818391169831174,1.255216506467604,0.0,0.0,0.1600137154613096,1.0939355559281985,3.0,16.0
HODU,2026-04-16,11.32,0.0,0.0,no_fill,0,0,3.5335689045936425,32827.0,1.028333307155148,52.512241523272806,0.0,0.4499999999999989,-1.9434628975265071,0.0,-0.116610394396684,3.9485766758494,12.304866850321394,0.977611940298508,138999.6,9.224093364865652,3.663003663003666,9.249413397393592,5.129503969795596,0.0,0.0,0.1600137154613096,1.0939355559281985,3.0,16.0
HOOG,2026-04-16,27.89,0.0,0.0,no_fill,0,0,4.611272727272729,94264.0,1.6069792861119263,68.72563418878781,2.0,0.2981626054727543,-1.818181818181818,0.0,-0.5041431723482661,3.812759531898836,12.476406191015476,0.9697428139183052,555872.2,9.624304487400275,3.42233922527266,9.188150687389316,3.881057552437413,0.0,0.0,0.1600137154613096,1.0939355559281985,3.0,16.0
INFQ,2026-04-16,15.8,0.0,0.0,no_fill,0,0,8.601465434851873,983510.0,3.482974091655336,56.39724106987726,2.0,0.3332592592592598,-5.065944568333862,1.0,-1.2342424865811512,4.633333333333336,8.25333333333333,0.9192245557350568,3768004.3,9.47811103745266,3.940397350993382,7.481135959503915,3.3674038004680624,0.0,0.0,0.1600137154613096,1.0939355559281985,3.0,16.0
IONL,2026-04-16,23.93,0.0,0.0,no_fill,0,0,7.730881738403683,229200.0,4.171088752715817,47.47863417946389,1.0,0.4604324324324325,-4.171333054743003,0.0,-0.4810177016735362,5.791335101679923,23.165340406719707,0.9923664122137408,699149.15,14.097163931041376,5.604589585172107,15.048539309109085,5.789329787499563,0.0,0.0,0.1600137154613096,1.0939355559281985,3.0,16.0
IRE,2026-04-16,26.67,0.0,0.0,no_fill,0,0,9.81203007518798,248304.0,3.0733843458144,24.068107019630727,1.0,0.1992337164750953,-7.593984962406027,0.0,-0.8392266491667617,3.461688059120967,10.346168805912097,0.992481203007519,6034758.7,15.223461284685024,3.3812670034978662,65.9452455334104,0.7806429774897213,0.0,0.0,0.1600137154613096,1.0939355559281985,3.0,16.0
MRLN,2026-04-16,17.0,0.0,0.0,no_fill,0,0,8.176470588235297,169280.0,3.317880445161984,53.02997322993004,2.0,0.2086330935251804,-6.470588235294115,0.0,-2.2604654324337368,18.96431070678797,29.95101469559132,0.9065420560747662,1543002.0,20.19255874274949,15.724982981620151,16.414363297305268,1.718738536955882,0.0,0.0,0.1600137154613096,1.0939355559281985,3.0,16.0
NEXA,2026-04-16,16.5535,0.0,0.0,no_fill,0,0,10.595563658462469,426723.0,3.715887225195681,73.85953669280627,1.0,0.0430169199885284,-9.541172895776352,0.0,-5.933662580387228,12.320819112627971,20.85324232081911,0.9836333878887074,936303.5,6.175516221141936,11.938775510204074,5.793251872348047,9.570666989923671,0.0,0.0,0.1600137154613096,1.0939355559281985,3.0,16.0
NN,2026-04-16,18.9567,2013.5077199999955,4.0279162512462525,target,1,1,2.250200910795597,270450.0,1.618977120949438,63.55598042309334,2.0,0.8690476190476192,0.9643718189124014,1.0,1.1777023647699822,9.988214496169713,5.1856216853270425,0.9772727272727276,1851236.05,8.090406940156903,-6.253139126067307,5.069633641212222,1.0600187912287036,0.0,0.0,0.1600137154613096,1.0939355559281985,3.0,16.0
NUAI,2026-04-16,5.3584,0.0,0.0,no_fill,0,0,9.403773584905649,881866.0,3.236876237286076,65.32855107355407,0.0,0.1003210272873192,-7.35849056603773,0.0,-3.3364078447170806,3.7181996086105578,17.514677103718192,0.9776536312849168,5667502.0,11.130656410243054,-4.504504504504505,6.707609198719343,2.27334458814483,0.0,0.0,0.1600137154613096,1.0939355559281985,3.0,16.0
NUCL,2026-04-16,10.401109999999996,2297.746000000008,4.595663347469661,target,1,1,2.526724975704566,40243.0,1.077967213347174,155.2468656872618,0.0,0.0384615384615376,-1.6520894071914476,0.0,-1.02372482079284,8.088235294117643,11.554621848739492,0.9272727272727272,381475.35,12.677893775930787,7.187499999999996,10.562337450122545,1.819540895630609,0.0,0.0,0.1600137154613096,1.0939355559281985,3.0,16.0
ONDG,2026-04-16,6.85,0.0,0.0,no_fill,0,0,6.994047619047615,57123.0,2.32919176206278,47.64101924329668,2.0,0.2127659574468097,-3.5714285714285614,1.0,-1.0743294712799376,5.213715359323629,12.368874275872868,0.9582278481012654,1133102.85,16.150833031612173,-28.12834224598931,11.025457058168554,0.8419068048412375,0.0,0.0,0.1600137154613096,1.0939355559281985,3.0,16.0
ONDL,2026-04-16,19.25,0.0,0.0,no_fill,0,0,7.675546084176876,123033.0,2.149697062905369,71.70918918758082,2.0,0.3267161796349003,-2.610548748002123,1.0,-1.0074360631562362,4.335742078932747,12.117843246247917,0.9954128440366964,1500615.9,16.44889296593498,-30.63562453806356,11.015939207452105,0.9490723109091408,0.0,0.0,0.1600137154613096,1.0939355559281985,3.0,16.0
QBTS,2026-04-16,22.035,0.0,0.0,no_fill,0,0,4.477272727272725,6063641.0,2.0311642713051734,97.8233532785052,2.0,0.4467005076142111,-2.318181818181825,1.0,0.4884169866540259,5.718404613166753,15.713599231138875,0.929663608562691,24627155.1,7.490362242293385,4.562737642585556,7.838496587661655,4.018388222194613,0.0,0.0,0.1600137154613096,1.0939355559281985,3.0,16.0
QBTX,2026-04-16,17.04,0.0,0.0,no_fill,0,0,8.685446009389663,403056.0,3.8930838176402185,57.30353236643963,1.0,0.3920270270270271,-5.280516431924878,0.0,-0.5015014240002011,11.811023622047236,26.375984251968504,0.9304176928626514,1807083.8,14.518814280456557,9.795936777128416,15.556877787846608,3.989055183827114,0.0,0.0,0.1600137154613096,1.0939355559281985,3.0,16.0
ROBN,2026-04-16,27.75,0.0,0.0,no_fill,0,0,4.144144144144139,198408.0,1.7789843925947295,46.00879232183402,1.0,0.3999999999999981,-2.486486486486491,0.0,-0.0590037255662716,4.323308270676686,12.255639097744366,0.9938650306748468,1301394.05,9.814242867381852,4.244928625093911,9.194619559045629,3.1401380696338665,0.0,0.0,0.1600137154613096,1.0939355559281985,3.0,16.0
SOFX,2026-04-16,13.98,0.0,0.0,no_fill,0,0,2.9348604151753768,63576.0,1.2423067618544898,86.74955673581461,1.0,0.2682926829268278,-2.075876879026492,0.0,-0.8342517000043277,8.462732919254655,6.672360248447211,0.9890621363742153,671784.85,8.526508736420466,8.383633062826823,5.842828073465453,1.467000930431819,0.0,0.0,0.1600137154613096,1.0939355559281985,3.0,16.0
ARTV,2026-04-17,12.788249999999998,-4104.449999999989,-8.210662131253278,stop,0,1,7.886435331230284,41496.0,2.629247445427516,156.39978394116517,1.0,0.4049999999999993,-4.140378548895902,0.0,-0.6037265954379023,4.70685383980182,28.832369942196536,0.9112154886012142,251377.35,11.304211502130778,2.093397745571657,10.217026069131403,5.084388072354172,0.0,0.0,0.6384858763503717,0.8236033436002577,4.0,17.0
DARE,2026-04-17,3.4401896999999995,-3537.425899799991,-7.074891829366253,stop,0,1,7.0305810397553445,832834.0,4.154571554359583,73.4846910390118,3.0,0.998695084819488,4.880733944954134,1.0,3.348671392180892,20.22058823529411,36.764705882352935,0.9400000000000004,267306.25,8.38370706166209,17.62589928057555,12.309918353926918,12.070357501928967,0.0,0.0,0.6384858763503717,0.8236033436002577,4.0,17.0
LUNL,2026-04-17,24.98473,-4017.4677299999976,-8.03582828391581,stop,0,1,7.882789929839043,34107.0,3.0844503428215564,59.27777641970121,2.0,0.7958115183246071,1.196863392488647,0.0,1.5494872957121133,3.857693956279478,21.860265752250328,0.9666666666666665,763010.5,23.20605501960286,3.106382978723406,17.7412337899204,1.278287782409285,0.0,0.0,0.6384858763503717,0.8236033436002577,4.0,17.0
MSTU,2026-04-17,6.629829999999999,5224.706440000016,10.450343372303696,target,1,1,5.696202531645574,3378380.0,1.6450375565467603,17.226583517046226,4.0,0.9997222222222204,4.587025316455686,1.0,3.0541989983815685,7.118644067796609,12.71186440677966,1.0,33543672.05,10.067024867479711,7.118644067796609,6.636941587565372,0.9628920158727822,0.0,0.0,0.6384858763503717,0.8236033436002577,4.0,17.0
MSTX,2026-04-17,30.50123,5138.428900000008,10.278601879334063,target,1,1,5.609084652443218,459155.0,1.5420972462211908,32.32985728136158,4.0,1.0,4.645560908465249,1.0,3.24476102902556,7.351311414850382,12.818618396749176,0.971181556195965,3696529.6,10.085345864127296,6.956201693043787,6.622421206824367,1.4168397298915176,0.0,0.0,0.6384858763503717,0.8236033436002577,4.0,17.0
ASTN,2026-04-20,16.1295,0.0,0.0,no_fill,0,0,5.4831670822942655,88804.0,2.0788140046548063,45.78176278584749,1.0,0.0,-4.925187032418948,0.0,-2.432360002197588,27.200634417129265,13.005551149881036,0.9024390243902436,1247210.15,18.193625867370905,-23.872443628114045,13.327379287888348,0.4013429493016874,0.0,0.0,-0.1915115329371692,0.80265702484049,0.0,20.0
QTTB,2026-04-21,7.23,0.0,0.0,no_fill,0,0,3.433476394849788,18072.0,1.2501444162024733,119.47282850534936,4.0,0.3541666666666662,1.2160228898426315,1.0,-0.1886245567268336,5.112781954887216,14.135338345864652,0.9255319148936176,386280.1,12.477086481114352,-13.11373523927905,8.013714395125573,2.475483463942357,0.0,0.0,0.2201151371486546,0.6904233684548343,1.0,21.0
CRVS,2026-04-22,18.02391,1685.038560000001,3.370189931041603,target,1,1,1.909039865244244,75598.0,1.3620736550022003,139.89668321674768,4.0,0.91176470588236,0.7299270072992845,1.0,0.7519872263689757,3.908984830805124,10.03500583430572,0.9186046511627904,1051407.9,6.364592856509216,3.067129629629616,5.022656361625515,1.41402970245896,0.0,0.0,0.7200886262924577,0.8973289238598076,2.0,22.0
IMSR,2026-04-23,8.9399,0.0,0.0,no_fill,0,0,5.826340326340329,291404.0,2.740351455099365,42.42132908118306,2.0,0.1200240048009611,-0.9324009324009332,0.0,-2.2422684096772985,3.6231884057971104,12.053140096618373,0.979959919839678,2020620.8,7.814041778565385,3.3734939759036062,5.988346469923004,1.669756146229911,0.0,0.0,-0.2404353144640874,0.7375078808328156,3.0,23.0
NNE,2026-04-23,28.33,0.0,0.0,no_fill,0,0,3.826718639262929,169880.0,1.5782110719338498,78.5629337818505,1.0,0.0,-3.436924167257261,0.0,-2.631500558935936,3.030303030303024,9.711573566995254,0.9661654135338348,1961629.7,7.308235204945432,2.6928675400291064,6.266054894293404,1.3208298181863785,0.0,0.0,-0.2404353144640874,0.7375078808328156,3.0,23.0
OKLL,2026-04-23,14.453229999999998,-4484.247599999994,-8.969621323399673,stop,0,1,9.084249084249086,1768748.0,4.22308701598101,35.483962031008964,3.0,0.2500000000000003,-1.2454212454212448,1.0,-2.5772833926315286,14.321608040201012,18.843383584589617,0.9822214320636468,9445468.3,16.778395858523957,7.565011820330976,13.22964672844105,1.4835038936079008,0.0,0.0,-0.2404353144640874,0.7375078808328156,3.0,23.0
SMR,2026-04-23,14.198,0.0,0.0,no_fill,0,0,4.896797153024915,4695000.0,2.1282275919237343,53.99111714526676,1.0,0.2252906976744174,-2.7402135231316835,0.0,-1.6749894269139416,3.537214443625648,11.274871039056752,0.96078431372549,33092649.1,8.150089734486436,3.0814380044020537,7.409619739176632,1.6681941307624115,0.0,0.0,-0.2404353144640874,0.7375078808328156,3.0,23.0
SMU,2026-04-23,21.34,0.0,0.0,no_fill,0,0,9.237619047619054,199643.0,3.7289643388578986,22.77064569054707,2.0,0.2473838857673077,-5.3333333333333375,0.0,-2.324939602290384,7.307102708226876,19.72406745017885,0.9507772020725386,1429421.0,15.943282622839106,6.275303643724688,14.545782410078932,2.1100319639910143,0.0,0.0,-0.2404353144640874,0.7375078808328156,3.0,23.0
HTCO,2026-04-27,13.038999999999998,3630.79800000001,7.262826903903696,target,1,1,3.8461538461538463,46391.0,2.841329545501874,86.52188351669045,2.0,0.9398000000000016,-0.2315384615384548,1.0,1.4176504733286772,15.555555555555555,11.199999999999998,0.9206349206349208,400635.25,17.086592552726174,11.111111111111118,12.667725558037509,1.7862781669860552,0.0,0.0,-0.1078522004650384,0.8805598806991529,0.0,27.0
RMAX,2026-04-27,10.3,0.0,0.0,no_fill,0,0,7.836990595611285,551310.0,3.021697762466953,102.77450999474593,3.0,0.4467999999999985,3.292580982236147,0.0,-0.961177357039084,19.7747183979975,19.710888610763448,0.9111689631087694,302107.0,4.873488118438177,17.713625013837824,5.231227021922741,4.635728400864594,0.0,0.0,-0.1078522004650384,0.8805598806991529,0.0,27.0
BAIG,2026-04-29,3.95,0.0,0.0,no_fill,0,0,12.02046035805627,223483.0,3.533545128533268,80.40870919251753,1.0,0.0744680851063832,-10.10230179028133,0.0,-3.671989710498154,3.439153439153448,21.69312169312169,0.975609756097561,601968.0,12.97309605039124,2.6058204529351547,8.527432946027153,2.010282938627967,0.0,0.0,-0.0969523247481423,0.580382125267739,2.0,29.0
AMTX,2026-04-30,3.25,0.0,0.0,no_fill,0,0,6.885245901639343,390711.0,2.3137778742217834,39.5010200787928,3.0,0.7619047619047628,4.918032786885258,0.0,1.1087798538594724,3.389830508474564,7.6271186440677985,0.9555555555555564,1647984.1,9.287816883029912,-6.7278287461773765,7.418843747407886,0.8913386967750477,0.0,0.0,0.4286236262964043,0.5048716919367737,3.0,30.0
ADUR,2026-05-01,14.89,0.0,0.0,no_fill,0,0,7.25319006044325,54428.0,3.784742172021667,106.23660402251716,2.0,0.5740740740740733,-3.08932169241102,1.0,1.0818821843535902,5.453257790368282,16.961756373937675,0.9331941544885176,280777.1,7.203020694577986,4.271708683473398,5.30809215574852,2.388093615896738,0.0,0.0,0.3603929535524492,0.7828763737070775,4.0,1.0
HUN,2026-05-01,15.895,0.0,0.0,no_fill,0,0,6.730769230769222,496526.0,2.385510563456302,86.93041850739925,2.0,0.1330049261083743,-0.4310344827586174,1.0,-1.2658228066030912,4.9408489909533815,7.77661795407098,0.9217002237136462,4896542.2,4.93135568652144,4.305723672834173,2.920645987833517,1.5575873113071506,0.0,0.0,0.3603929535524492,0.7828763737070775,4.0,1.0
RIOT,2026-05-01,19.2576,-2481.568319999988,-4.9638584247258,stop,0,1,4.759329367225522,3108657.0,1.954690009652296,27.66991690723613,4.0,0.9772727272727276,3.731746890210932,1.0,2.376471787952809,7.250580046403712,6.264501160092818,0.9629629629629606,18851362.95,6.4335676219487405,-3.0414263240692283,5.285491063569057,1.2023871727534694,0.0,0.0,0.3603929535524492,0.7828763737070775,4.0,1.0
ACHC,2026-05-04,29.74,0.0,0.0,no_fill,0,0,2.875714674652868,151958.0,1.1856682898567823,115.03830982175816,2.0,0.0532544378698245,-1.5110264089300267,0.0,-1.5789878568216418,5.508078994613999,8.04308797127468,0.9531250000000012,3323700.9,5.363382729192277,2.849142457122856,3.368371936349307,1.5786594997161147,0.0,0.0,-0.0804828973842957,0.8163784992559936,0.0,4.0
CCUP,2026-05-04,5.646889999999999,4753.88968000001,9.508242590169123,target,1,1,5.22388059701493,124809.0,2.276577775981358,57.77720945406855,4.0,0.9285714285714302,4.664179104477611,1.0,1.364238734543325,14.042553191489365,13.617021276595755,1.0,1753666.75,13.7693744445769,-11.111111111111107,11.48144254667695,0.9799062450149096,0.0,0.0,-0.0804828973842957,0.8163784992559936,0.0,4.0
CRCG,2026-05-04,3.3098999999999994,4931.504760000006,9.863137859149838,target,1,1,5.388272583201266,2641794.0,2.5088894415750818,40.40114870248329,3.0,0.9370588235294122,4.256735340729004,1.0,1.6811696914836145,14.72727272727272,14.178181818181814,0.9743523980507828,23171776.9,13.99700422026801,-10.623229461756374,11.475415541337952,0.8410297615112978,0.0,0.0,-0.0804828973842957,0.8163784992559936,0.0,4.0
NBIL,2026-05-04,24.94461,6967.787760000019,13.938642456226056,target,1,1,7.738867271941213,126061.0,2.041216395395389,44.00547914908115,5.0,0.9720670391061448,7.306528318201476,1.0,3.445429940904908,7.083333333333322,18.56435185185186,0.9152347938851344,1629340.0,14.355101462449744,-12.551984877126657,9.95243082776228,1.3408496691912062,0.0,0.0,-0.0804828973842957,0.8163784992559936,0.0,4.0
CCUP,2026-05-05,6.75,0.0,0.0,no_fill,0,0,5.339762611275959,299279.0,2.6565291103993194,47.6599886242693,2.0,0.4165045846068347,-2.9673590504451064,0.0,-0.5352706842649754,3.2159264931087286,18.71362940275652,0.9656301145662848,1997956.65,14.327265217040312,2.5562994522215483,14.25493838945988,3.015241096447213,0.0,0.0,0.5236695867745561,0.967973010104252,1.0,5.0
AVTX,2026-05-06,23.71,0.0,0.0,no_fill,0,0,13.376754385964915,1328392.0,6.172776176337351,81.0449776390971,1.0,0.570477720581002,-1.75438596491229,0.0,1.697933900721204,40.22140221402213,14.944649446494472,0.9835390946502062,933602.9,8.465896976465567,36.85474189675871,5.723146303531103,4.991891092026385,0.0,0.0,0.6065462785138906,0.6980324116958087,2.0,6.0
GDC,2026-05-06,8.1799,0.0,0.0,no_fill,0,0,18.398666666666667,419036.0,7.994569773252167,65.60250546640266,2.0,0.6123632147257045,1.933333333333328,1.0,2.574748662352956,25.20868113522537,47.74624373956595,1.0,99172.45,10.112628902856413,25.20868113522537,8.45812911410263,13.713939708054,0.0,0.0,0.6065462785138906,0.6980324116958087,2.0,6.0
IONL,2026-05-06,28.56544,3511.475449999997,7.024423219106719,target,1,1,3.755484784147202,42899.0,1.7285328558051754,56.20038032100223,2.0,0.7738622444172222,-0.0707714083510372,1.0,1.023545315475258,5.251396648044693,13.74301675977654,0.907859078590786,1630500.05,14.958652193209248,-1.5331010452961595,14.045062063349146,0.5642643187898093,0.0,0.0,0.6065462785138906,0.6980324116958087,2.0,6.0
KEEL,2026-05-06,3.80137,3742.554620000009,7.485196126659618,target,1,1,4.065040650406502,2581189.0,1.70663723851723,52.84503286056162,4.0,0.7999999999999983,1.8970189701896976,1.0,0.5369507912897162,4.532577903682724,9.065155807365436,0.9062499999999992,30039373.4,7.599420872335158,3.651685393258424,6.735072718253762,1.0732075722990946,0.0,0.0,0.6065462785138906,0.6980324116958087,2.0,6.0
QCML,2026-05-06,25.9498,0.0,0.0,no_fill,0,0,3.528152260111028,72638.0,1.7976074251842795,58.775521105341134,3.0,0.2247696111485756,0.1586042823156332,0.0,-0.5004117378350843,8.333333333333323,21.86426116838488,0.9783889980353636,958700.9,8.379214509971195,7.82385634886703,10.52772318649002,3.000373734915655,0.0,0.0,0.6065462785138906,0.6980324116958087,2.0,6.0
QMCO,2026-05-06,10.64,0.0,0.0,no_fill,0,0,18.20199778024418,393048.0,4.956656864179327,71.83772873747962,3.0,0.6707317073170728,12.097669256381796,1.0,0.8502793885585144,8.948004836759374,10.76178960096736,0.9662921348314594,436255.55,6.980807846053491,8.554216867469867,3.895000084979772,1.7543249593042427,0.0,0.0,0.6065462785138906,0.6980324116958087,2.0,6.0
RIOT,2026-05-06,23.18936,-1814.7698799999887,-3.6298112582667,stop,0,1,3.3452274754683318,3470443.0,1.6900686485817982,89.0888982305282,4.0,0.9599999999999984,2.988403211418368,1.0,1.7149976905473092,10.171990171990172,6.6830466830466975,0.9485294117647056,20419538.85,6.2720994759712125,9.79431929480901,4.869862056740836,1.025275357773322,0.0,0.0,0.6065462785138906,0.6980324116958087,2.0,6.0
SST,2026-05-06,4.55,0.0,0.0,no_fill,0,0,8.254716981132066,85430.0,3.4238315809000817,93.6899211016451,3.0,0.5699999999999993,3.7617924528301776,1.0,0.2610636963580988,6.532663316582921,13.06532663316583,1.0,3543527.55,19.550486856297045,-14.688128772635803,12.975965395406334,0.1971208040981648,0.0,0.0,0.6065462785138906,0.6980324116958087,2.0,6.0
ASM,2026-05-07,7.291709699999999,-1431.7395428999948,-2.863521843169364,stop,0,1,2.533802816901408,430426.0,1.1820516371260763,79.99931042613207,3.0,0.4168982768204569,0.9154929577464844,1.0,-0.2483265694332644,4.258443465491924,3.597650513950075,0.9183673469387736,4188862.05,5.12574741747409,-11.855990068280573,4.338408002406648,0.7792428972446109,0.0,0.0,0.1662510390689824,0.8020314397951864,3.0,7.0
COLD,2026-05-07,14.10218,3023.3532500000065,6.047646534081978,eod,1,1,7.328244274809167,396549.0,1.7703339565319758,125.4087855802517,4.0,0.9166666666666666,6.717557251908403,1.0,2.275680979559848,3.1496062992126013,4.763779527559045,0.942148760330578,3570607.1,3.4020124698022527,0.9237216970593404,2.763574094293469,1.4229669794808844,0.0,0.0,0.1662510390689824,0.8020314397951864,3.0,7.0
FLNC,2026-05-07,20.285,0.0,0.0,no_fill,0,0,10.031266284523191,2971179.0,5.050630936928209,66.91677261707376,2.0,0.0285714285714284,-4.038561750911944,0.0,-5.106687898747006,41.51917404129794,9.513274336283192,0.9302325581395352,4930325.45,7.220350228740077,20.38895859473025,4.574043881321798,2.306861507489328,0.0,0.0,0.1662510390689824,0.8020314397951864,3.0,7.0
LIFE,2026-05-07,27.081,6421.144860000007,12.844466600199416,eod,1,1,11.24489795918367,115193.0,3.051564809510664,99.50176951003066,3.0,0.9999637023593468,10.203673469387756,1.0,7.232092135518087,5.968858131487885,11.460207612456744,0.9509359903381648,463596.2,6.58461812858864,5.376344086021505,3.2121464224978897,1.789969374209711,0.0,0.0,0.1662510390689824,0.8020314397951864,3.0,7.0
SCZM,2026-05-07,9.38808,-1795.2704999999894,-3.5911496280389392,stop,0,1,3.311258278145683,46887.0,1.174752132845031,58.77577731026238,3.0,0.8000000000000036,2.6490066225165583,1.0,0.4724322362679614,3.6613272311212848,7.665903890160182,0.9104477611940291,450835.95,6.131067516894317,-8.281028548289123,4.768009318170788,1.2928472097222947,0.0,0.0,0.1662510390689824,0.8020314397951864,3.0,7.0
APT,2026-05-08,6.8899,0.0,0.0,no_fill,0,0,9.585545722713858,76129.0,2.0694543230789333,80.92229213866077,1.0,0.0,-7.964601769911504,0.0,-6.4682180119351145,4.629629629629626,23.611111111111114,0.9542483660130724,83357.35,4.133738710071085,3.511450381679396,8.562525671589933,13.404180915060278,0.0,0.0,0.4579130101970951,0.7617190047394196,4.0,8.0
REA,2026-05-08,25.99776,-2024.3997900000008,-4.049310402126954,stop,0,1,3.804565478574301,93403.0,1.2909790506797816,58.99338181461636,5.0,1.0,3.804565478574301,1.0,2.246716084486533,10.04847950639047,15.68973115910092,0.9522471910112364,0.0,0.0,0.0,0.0,0.0,0.0,0.0,0.4579130101970951,0.7617190047394196,4.0,8.0
ABCL,2026-05-11,5.4938322,-2357.8160921999947,-4.715691898999016,stop,0,1,4.3341731478438685,725826.0,2.167945728019902,82.5897382483489,3.0,0.8213984835720276,-0.7740898966663136,1.0,1.2426503880791175,4.53053435114504,7.061068702290078,0.9729729729729736,7599917.75,6.982785490958888,4.331428571428576,4.276111656342876,1.4267692568120227,0.0,0.0,-0.1586182587239986,0.7568322825993359,0.0,11.0
ASTX,2026-05-11,28.911475,5967.003769999998,11.93688665140744,target,1,1,6.243441762854145,364705.0,3.076437053851234,31.11739319916669,3.0,0.9299719887955182,0.384749912556836,1.0,2.338840385118273,8.336491095111782,21.787798408488065,0.9530592368430206,4464700.3,16.08366893186377,-48.909935668334526,12.93415538676518,1.4683498464611389,0.0,0.0,-0.1586182587239986,0.7568322825993359,0.0,11.0
MNTS,2026-05-11,6.007969999999999,6617.820840000011,13.236084734111548,target,1,1,6.960950764006794,289048.0,2.9995468036928985,31.61099851439328,1.0,0.5121951219512193,-1.697792869269943,0.0,-0.7250619207174751,7.87545787545787,20.329670329670336,0.9009009009009008,3795110.5,19.35072445845644,-30.295033077314525,13.260107440766692,1.1828999445470691,0.0,0.0,-0.1586182587239986,0.7568322825993359,0.0,11.0
SATL,2026-05-11,7.873549999999999,4494.910999999996,8.990353779426046,target,1,1,4.713375796178334,853415.0,2.221077034170512,92.27317017707726,2.0,0.2972972972972963,-3.3121019108280225,0.0,-0.1880545040154209,3.698811096433281,9.511228533685598,0.9305555555555558,8336540.8,10.494050643986006,-5.9880239520958085,6.442013978114565,1.3420312175524889,0.0,0.0,-0.1586182587239986,0.7568322825993359,0.0,11.0
SIDU,2026-05-11,3.6408899999999993,-2462.9028599999897,-4.926130698812633,stop,0,1,4.661016949152543,1566439.0,2.282012983243873,42.11012990979533,4.0,0.9090909090909112,2.118644067796615,1.0,1.879561867523765,3.812316715542519,13.48973607038123,0.9130434782608696,22951432.1,14.05513204794646,-40.90150250417363,10.451043699034772,1.0041788198480217,0.0,0.0,-0.1586182587239986,0.7568322825993359,0.0,11.0
SMCZ,2026-05-12,14.36296,-1228.041800199995,-2.45620819106924,stop,0,1,2.083098591549295,16655.0,0.8811142462199029,31.52811481459803,3.0,0.7971602434077061,0.4225352112676091,1.0,0.4827004572862907,3.3478893740902405,14.441048034934497,0.949601854651749,651161.3,12.858501130230806,-54.920634920634924,13.450942626467723,0.7935883167503965,0.0,0.0,-0.3259840389557647,0.6449938828674575,1.0,12.0
ANEL,2026-05-13,17.051,-2103.270199999989,-4.207084628467516,stop,0,1,3.920386007237628,18532.0,1.1866552646738515,109.4960213679046,3.0,0.6153846153846145,1.0253317249698537,1.0,0.2042265054930222,3.109452736318409,10.012437810945285,0.962732919254657,380376.0,8.582522503066507,-37.66917293233084,8.267211871119223,2.17420657454729,0.0,0.0,0.0392858110488061,0.6708431511116518,2.0,13.0
DGXX,2026-05-13,8.81,0.0,0.0,no_fill,0,0,6.712172923777018,1400823.0,3.466891599792115,55.954436982400594,1.0,0.355932203389829,-4.095563139931734,0.0,-1.0459803536940313,4.767580452920125,19.784266984505354,0.9216820290378944,13943035.55,11.358610118040287,3.169014084507037,9.746899990000596,1.60651250724237,0.0,0.0,0.0392858110488061,0.6708431511116518,2.0,13.0
FCEL,2026-05-13,18.25,0.0,0.0,no_fill,0,0,5.284090909090907,741036.0,2.894936984495416,63.53758157608184,3.0,0.0215053763440855,-1.4772727272727362,0.0,-2.318450879929493,2.984201287302525,15.213575190169696,0.9807692307692304,9414761.45,12.820581011710722,2.6837806301050224,11.844189661591086,1.7484040447992446,0.0,0.0,0.0392858110488061,0.6708431511116518,2.0,13.0
NRGV,2026-05-13,5.70707,1988.6593900000064,3.977347395423583,eod,1,1,5.34420289855074,155945.0,2.3776749060442355,91.88395920531644,1.0,0.3898305084745759,-0.1811594202898512,0.0,0.0693096696199085,3.759398496240588,11.359022556390984,0.9751778917756088,4648095.65,9.250279939654153,3.467666354264285,7.127572549075959,0.9614395521314196,0.0,0.0,0.0392858110488061,0.6708431511116518,2.0,13.0
HYLN,2026-05-14,3.81,0.0,0.0,no_fill,0,0,9.308510638297877,468375.0,2.713066396656371,79.50826037123365,2.0,0.2571428571428567,-5.585106382978722,1.0,-3.932737248107865,4.735376044568243,21.72701949860725,0.9871794871794868,1463692.3,6.792221949206789,4.444444444444437,8.384818363771414,5.660111076624506,0.0,0.0,0.1805175735205011,0.8912219870426187,3.0,14.0
INBS,2026-05-14,4.70407,-4340.564729999996,-8.681205849402746,stop,0,1,8.315565031982954,38875.0,2.238733305064218,90.70001440337714,1.0,0.1138461538461548,-7.368869936034117,0.0,-3.911996173674453,17.543859649122812,15.288220551378451,0.9344262295081966,157439.8,10.352999765950909,16.377171215880896,9.98963853706104,3.723042077035159,0.0,0.0,0.1805175735205011,0.8912219870426187,3.0,14.0
INTT,2026-05-14,19.5,0.0,0.0,no_fill,0,0,7.680412371134013,76340.0,2.515057303338508,109.69341366813492,1.0,0.2147651006711389,-5.515463917525775,1.0,-3.393942716957906,3.136629452418925,15.736310473152583,0.9358108108108104,450023.0,9.841903409448213,-3.000000000000007,6.04277139211783,1.900378425102717,0.0,0.0,0.1805175735205011,0.8912219870426187,3.0,14.0
KULR,2026-05-14,4.2898,0.0,0.0,no_fill,0,0,11.407142857142842,461961.0,4.080136952302552,34.59539451740626,2.0,0.1863911500730532,-7.1428571428571495,1.0,-2.285627705823833,3.7037037037037126,17.901234567901227,0.9862068965517244,1699881.0,8.998017382671982,3.44827586206898,7.618720348980212,3.997198627433332,0.0,0.0,0.1805175735205011,0.8912219870426187,3.0,14.0
BRUN,2026-05-15,29.53835,-4340.572199999998,-8.684811440043195,stop,0,1,8.957952468007308,274369.0,3.4282890449686327,71.41375540189743,4.0,0.9857142857142857,7.550274223034727,1.0,5.2887939876089485,5.030721966205847,14.266513056835636,0.9528936742934048,988692.3,11.469469366646724,4.329582300209809,8.658028533173116,3.13539207294322,0.0,0.0,-0.8527473702500763,0.9615237184970942,4.0,15.0
ZSL,2026-05-15,19.57856,438.78359940000814,0.8778469918114673,target,1,1,0.6448453608247412,1081838.0,0.2737077644198845,106.12869903084923,2.0,0.6578737010391702,0.3979381443299034,0.0,0.1061541708686045,14.928909952606634,4.531990521327018,0.9150326797385604,7974737.8,4.914560581555731,-20.977596741344204,6.587788555484521,1.5175909607962283,0.0,0.0,-0.8527473702500763,0.9615237184970942,4.0,15.0
BMNZ,2026-05-18,18.53544,932.2450200000062,1.8648599655578844,eod,1,1,3.805260212646892,29964.0,1.1542810991295185,50.6304789610015,4.0,0.9338235294117622,3.16172355903748,1.0,0.7699906697888813,5.36556603773585,10.613207547169806,0.9833333333333346,1419451.3,9.491369037015629,0.7328072153325962,8.418863449470683,0.4464978826677604,0.0,0.0,0.0892893380413276,0.8930053638776971,0.0,18.0
ADBG,2026-05-19,5.22563,-1727.7903968000023,-3.4556618053708403,stop,0,1,3.086872586872594,177131.0,1.118081184756178,30.67406561100948,1.0,0.0,-2.5077220077220104,0.0,-1.0466447657730764,6.147540983606554,8.196721311475418,0.9499999999999988,3150404.95,6.271847366240224,1.5686274509803937,5.309876867082246,1.4326005931396215,0.0,0.0,-0.5239287890069728,0.8761554295828416,1.0,19.0
TLSI,2026-05-19,3.45032,-2949.932869999994,-5.900032460757252,stop,0,1,5.810397553516817,83405.0,3.8468777518238206,80.80006761764069,1.0,0.263684210526316,0.920489296636086,0.0,-0.9185334301360156,7.920792079207928,13.86138613861386,0.928571428571428,646160.25,8.35550815436664,-32.5759294006062,10.24189451060664,1.221678368485217,0.0,0.0,-0.5239287890069728,0.8761554295828416,1.0,19.0
LPTH,2026-05-20,14.35,0.0,0.0,no_fill,0,0,5.3072625698324005,254348.0,1.9731376252682744,109.32517961003488,2.0,0.1257894736842119,-4.430167597765359,1.0,-2.020076309232972,3.1700288184438,18.587896253602302,0.914728682170543,3795137.7,11.116807564411324,-13.369630973986697,7.356088526821698,1.62893905009033,0.0,0.0,0.2698540335000638,0.8882045278183817,2.0,20.0
XPOF,2026-05-20,5.506469999999999,-2376.417599999996,-4.752954251998095,stop,0,1,4.571428571428576,181980.0,2.341879388472992,88.65239187238562,4.0,0.9166666666666649,4.190476190476185,1.0,1.2976496571075635,8.695652173913041,9.109730848861291,0.9318181818181812,528098.95,6.279649715879956,-24.95604568390057,4.243369276855839,1.980062637882541,0.0,0.0,0.2698540335000638,0.8882045278183817,2.0,20.0
APLX,2026-05-21,32.26651,8064.063020000017,16.13431387528435,target,1,1,9.002022926500343,120759.0,2.674762586134751,57.073888799059326,5.0,0.8202247191011236,6.844234659474043,1.0,3.179864228642927,14.340786430223588,15.188897455666927,1.0,1652250.75,16.82394410940588,-23.875325955279965,12.343742428426218,0.9112829877668388,0.0,0.0,-0.3521079258010136,0.9990318771789748,3.0,21.0
ARMG,2026-05-21,28.500245,5521.723550000004,11.045782238012348,eod,1,1,8.175981873111779,230389.0,2.8097315040857063,27.732687800187545,3.0,0.93769053117783,6.79796072507553,1.0,2.9908535232431626,8.48013109381401,22.2449815649324,0.9208103130755064,3123995.15,13.836365573698078,6.602254428341388,14.617614761479553,0.9895527526667256,0.0,0.0,-0.3521079258010136,0.9990318771789748,3.0,21.0
QBTX,2026-05-21,16.248599999999996,8536.699566000008,17.07444333665672,target,1,1,9.448138297872337,533691.0,3.350986678571123,48.04938111547234,4.0,0.8938775510204079,6.710106382978723,1.0,2.783451252749546,25.963149078726964,10.552763819095476,0.904761904761904,1909783.05,16.54918406000517,-25.359801488833742,11.568046096384712,0.7170646948615446,0.0,0.0,-0.3521079258010136,0.9990318771789748,3.0,21.0
VIDA,2026-05-21,4.6138,-3555.5113299999957,-7.111058129957944,stop,0,1,7.126436781609187,465590.0,3.29342220840874,32.58984042683357,3.0,0.4193548387096776,1.609195402298857,1.0,-0.5297431286258562,4.819277108433717,43.61204819277109,0.9006022432178574,0.0,0.0,0.0,0.0,0.0,0.0,0.0,-0.3521079258010136,0.9990318771789748,3.0,21.0
AKTX,2026-05-22,10.72207,-6534.728199999995,-13.07023737020929,stop,0,1,13.709677419354833,796197.0,7.415722694518142,36.98529226897982,3.0,0.4264705882352943,-0.100806451612901,0.0,-1.8719730596546236,92.99610894941635,39.46108949416343,0.9811171917369224,339818.0,16.917883097717105,50.53110773899848,16.744001620783518,18.440088517971382,0.0,0.0,0.473933649289097,0.9887445473516768,4.0,22.0
ASST,2026-05-22,19.60865,-2261.95711,-4.525502775560786,stop,0,1,4.227557411273499,712857.0,1.5657182458583905,62.12257715422528,2.0,0.5908641975308627,0.3058455114822465,0.0,0.1989207391706759,3.399892066918505,10.25364274150026,0.978947368421053,3480355.95,7.312313406763857,3.177167474421109,5.337304497069482,1.9599578600573888,0.0,0.0,0.473933649289097,0.9887445473516768,4.0,22.0
IBX,2026-05-22,27.44,0.0,0.0,no_fill,0,0,3.129629629629638,127810.0,1.5753539935246603,38.28117266959867,3.0,0.3372781065088749,-0.4444444444444481,0.0,-0.725611825886476,5.571847507331381,16.71554252199413,1.0,94055.75,5.421397853650991,5.571847507331381,7.122561503461894,13.086302538653936,0.0,0.0,0.473933649289097,0.9887445473516768,4.0,22.0
NUCL,2026-05-22,12.1363,212.1285000000032,0.4243467943277668,eod,1,1,4.9627791563275405,57626.0,2.404331352405579,113.1619862890503,2.0,0.2583333333333324,-3.598014888337473,1.0,-1.5153593917926325,7.466666666666666,14.399999999999991,0.9753086419753092,415348.7,10.277718104357197,-14.978902953586504,6.098822557995446,1.7622758901135358,0.0,0.0,0.473933649289097,0.9887445473516768,4.0,22.0
OKLL,2026-05-22,9.50844,-4401.576960000003,-8.803967843305532,stop,0,1,9.054895302773067,1296663.0,2.1303659328712814,26.459195131181566,4.0,0.8437500000000001,5.885681946802484,0.0,1.3771625272891286,5.178571428571434,12.117857142857142,0.9431181844974948,14524905.7,16.84716460183584,-40.98196392785571,15.090226337805188,0.9882734729217554,0.0,0.0,0.473933649289097,0.9887445473516768,4.0,22.0
OPTX,2026-05-22,11.48,0.0,0.0,no_fill,0,0,7.312775330396476,168225.0,3.1071855098132506,141.02331728632925,0.0,0.0843373493975907,-5.5506607929515335,0.0,-2.4090896668964303,3.747714808043877,21.20658135283364,0.900862068965517,1314434.0,13.496293305842194,-0.959860383944164,10.786970029154856,3.801618795618494,0.0,0.0,0.473933649289097,0.9887445473516768,4.0,22.0
QBTX,2026-05-22,23.2696,4156.745160000007,8.316301096709884,eod,1,1,13.87283236994219,673575.0,3.567129398249315,32.17470748179518,3.0,0.8611111111111116,9.826589595375715,0.0,2.7794910650154168,4.426559356136834,25.96076458752516,0.9883743460569652,2300793.4,16.58356814227658,3.0272952853598167,18.5363923720838,4.505882188292091,0.0,0.0,0.473933649289097,0.9887445473516768,4.0,22.0
QUBX,2026-05-22,20.23051,-569.6396299999953,-1.1395165025498524,eod,0,1,12.562257885998909,123333.0,2.94751342189691,40.18392065936596,5.0,0.9030837004405275,10.403984504703924,1.0,2.9598303205995062,4.511278195488728,16.628108733371892,0.9878260869565216,818722.65,17.107145817594233,-34.35297536874228,16.452362601881184,2.6901832995581594,0.0,0.0,0.473933649289097,0.9887445473516768,4.0,22.0
RDWU,2026-05-22,25.1753,2836.147019999996,5.672504399153131,eod,1,1,13.0121566861774,71111.0,4.189571364572668,23.545759692555738,2.0,0.6626297577854667,8.62224223322827,0.0,0.5108215093572006,5.111216280170384,22.85849503076196,0.9544513457556932,1139178.65,20.938627645630497,-1.5514184397163029,16.254629731689633,1.2479412250220807,0.0,0.0,0.473933649289097,0.9887445473516768,4.0,22.0
RGTI,2026-05-22,24.40299,6634.168319999997,13.27435695379951,target,1,1,7.273519163763058,10893360.0,1.8199939094361868,40.73811329897632,4.0,0.8922155688622755,5.182926829268283,1.0,2.095686497135985,4.174228675136124,16.78765880217787,0.9837837837837832,32988706.85,8.30202478167071,3.891402714932124,8.76046183514342,4.493832712936427,0.0,0.0,0.473933649289097,0.9887445473516768,4.0,22.0
RGTIW,2026-05-22,13.239599999999998,9834.743040000008,19.67234659657393,target,1,1,10.848287112561176,40109.0,2.7975398374881326,70.98197690420936,4.0,0.9248120300751882,6.851549755301793,1.0,4.427220744975876,12.839392544868842,21.767142199723885,1.0,154356.9,11.920481125044788,12.839392544868842,12.44817242799723,7.505262155433285,0.0,0.0,0.473933649289097,0.9887445473516768,4.0,22.0
AEVA,2026-05-26,26.980699999999995,2096.039480000009,4.192478327100502,eod,1,1,8.57250755287009,186819.0,3.271037853018714,100.64309032424394,1.0,0.0,-6.986404833836864,0.0,-4.452474605987803,4.58135860979463,13.546603475513429,0.9854227405247812,2414522.4,12.020847277043584,4.375246353961369,9.359984120347628,1.6100219240045155,0.0,0.0,0.5860737084920343,0.9100944110308964,1.0,26.0
BB,2026-05-26,8.54,0.0,0.0,no_fill,0,0,4.935370152761457,1307766.0,1.568315455271276,74.62231227459003,2.0,0.3095238095238114,-3.055229142185661,1.0,-0.1454052559687898,7.585335018963332,16.814159292035388,0.909774436090226,26591476.0,7.323933321469858,5.977584059775847,4.916839442113764,2.172535439552133,0.0,0.0,0.5860737084920343,0.9100944110308964,1.0,26.0
DUOT,2026-05-26,13.369989999999998,3760.013180000008,7.521471594219609,eod,1,1,5.6704980842911885,105961.0,2.955797335559811,80.12363958499678,1.0,0.2837837837837849,-1.9157088122605364,0.0,-1.6288434668054044,6.097560975609756,12.039024390243904,0.9324689357104272,665590.5,7.554885581833562,5.241935483870971,6.431637893255247,1.894598856203627,0.0,0.0,0.5860737084920343,0.9100944110308964,1.0,26.0
HLIT,2026-05-26,17.341869999999997,-2215.4701799999925,-4.431240690882803,stop,0,1,4.070950857807498,1428927.0,2.960046843572681,63.95592017919122,2.0,0.3315714285714276,-2.16865367839489,1.0,-0.5049051945049837,13.125000000000004,9.86842105263158,0.9633333333333324,2734986.25,5.725698939809885,11.728395061728394,5.236165024638355,4.743727322212314,0.0,0.0,0.5860737084920343,0.9100944110308964,1.0,26.0
QNTM,2026-05-26,10.8099,0.0,0.0,no_fill,0,0,8.562321598477645,131955.0,4.547170607767661,63.10640609206515,2.0,0.2444716079564401,-3.615604186489049,0.0,-3.519597296013367,13.74458874458874,22.61796536796538,0.9712904923680556,479293.95,15.575818988973785,13.010752688172031,9.093608501753533,1.7398613105798644,0.0,0.0,0.5860737084920343,0.9100944110308964,1.0,26.0
SATL,2026-05-26,11.384049999999998,-3402.350639999994,-6.804871728427042,stop,0,1,6.59439927732611,883230.0,3.938191257343958,113.33941588073093,2.0,0.7808219178082191,1.084010840108394,1.0,2.3006912777199835,4.335532516493882,8.152686145146092,0.9710982658959534,8786106.1,10.325035372243766,4.090267983074758,7.399969536396038,1.2184006063846646,0.0,0.0,0.5860737084920343,0.9100944110308964,1.0,26.0
SIDU,2026-05-26,5.466349999999999,8023.785800000008,16.049100405206417,target,1,1,8.364312267657995,2525185.0,4.091478612765234,81.11922662392602,3.0,1.0,1.301115241635693,1.0,4.092053575725043,5.078124999999996,20.89843749999999,0.9065420560747668,19405824.2,12.974184578109096,3.065134099616861,9.544793697835988,2.091311947471935,0.0,0.0,0.5860737084920343,0.9100944110308964,1.0,26.0
VELO,2026-05-26,25.075,657.1625800000078,1.314336989032917,eod,1,1,6.680000000000007,314471.0,3.9022556746292256,74.94465938606584,3.0,0.8652694610778436,-0.9000000000000057,1.0,1.9102748178685045,8.412836079791854,14.917606244579366,0.9447674418604648,3198229.8,12.795005430278245,7.526881720430108,12.969179836670138,1.511871661004472,0.0,0.0,0.5860737084920343,0.9100944110308964,1.0,26.0
CPSH,2026-05-27,13.510409999999998,-3267.28499999999,-6.536071074082854,stop,0,1,6.384615384615386,724292.0,3.490672133735824,58.23937095930882,2.0,0.4337349397590354,0.0,0.0,-0.093038282499118,16.906474820143895,42.98561151079137,0.9414225941422592,1923006.6,13.223069277258364,14.03508771929824,21.886238023823523,13.02762663425076,0.0,0.0,0.0386362727987268,0.7182208763715091,2.0,27.0
FUTG,2026-05-27,4.73,0.0,0.0,no_fill,0,0,13.404255319148954,1216060.0,5.111963482135999,51.100515755632536,3.0,0.3650793650793653,-7.872340425531917,1.0,0.7923029573406425,6.130744044258791,16.145421700350013,0.9839160839160828,3574469.4,11.279603665825205,-65.54403765230269,18.153115519829026,4.67148326965675,0.0,0.0,0.0386362727987268,0.7182208763715091,2.0,27.0
CRSR,2026-05-28,12.08615,-736.4975199999998,-1.4733393181451493,eod,0,1,13.25518485121732,2553496.0,4.292183582242803,52.68434607553165,2.0,0.8353741496598635,6.474301172227231,0.0,3.3567031532926026,12.932790224032582,15.274949083503053,0.9466666666666668,2012827.1,6.150143444164589,12.020202020202014,6.469551309068329,5.284620820138997,0.0,0.0,-0.027982837193193,0.5067194038235703,3.0,28.0
ORCU,2026-05-29,18.7943143,4042.272724000002,8.08569749203354,target,1,1,4.409392265193359,271427.0,1.5525764693068844,23.13523107246101,4.0,0.976068161884478,3.419889502762429,1.0,1.2156106252533587,4.806022003474244,10.508975101331778,0.90908590004959,1488422.55,8.391271111061597,3.814166905649572,6.117394249818057,1.3888589634710922,0.0,0.0,0.1722767028889417,0.5688453119724504,4.0,29.0
PLCE,2026-05-29,5.325929999999999,-5732.782199999989,-11.465603190428697,stop,0,1,11.216730038022812,752351.0,5.773845982931433,45.23988526349264,2.0,0.4684745762711876,-5.011406844106452,1.0,-0.7536350561942153,20.91954022988506,21.52183908045977,0.9346293527024137,233841.1,7.142800199217617,19.24192963365977,6.357480021239027,4.379781826205915,0.0,0.0,0.1722767028889417,0.5688453119724504,4.0,29.0
PLTG,2026-05-29,15.546499999999998,4427.0169600000045,8.854468851509996,target,1,1,4.72131147540984,39650.0,1.6023931824431878,42.03991650273885,3.0,0.8194444444444435,0.7868852459016341,0.0,1.1466708382557196,6.867554309740719,13.244569025928511,0.9894179894179896,422474.4,7.233455551826948,-4.2686754551161314,6.100170704391766,1.225115651977966,0.0,0.0,0.1722767028889417,0.5688453119724504,4.0,29.0
PTIR,2026-05-29,16.178389999999997,4555.709364000001,9.113018044440768,target,1,1,4.883956880152182,1326822.0,1.9270163028822536,31.899678354690742,3.0,0.8052453908075841,1.331642358909327,0.0,0.8656932872807437,6.266846361185982,13.409029649595691,0.989999497462184,4960393.85,7.42790109036475,-4.597701149425296,6.134755151084396,1.587967052253321,0.0,0.0,0.1722767028889417,0.5688453119724504,4.0,29.0
SOFX,2026-05-29,11.25366,-953.7418200000008,-1.907912625759088,eod,0,1,6.671776375112719,483021.0,3.2180438338783466,42.75177041841536,3.0,0.6350858224084319,-1.262398557258797,1.0,1.5420836237061737,14.329896907216504,14.114432989690735,0.9269593163392,1609768.3,8.52247323207416,13.16326530612244,5.124469630432891,1.2478025564300157,0.0,0.0,0.1722767028889417,0.5688453119724504,4.0,29.0
SPCE,2026-05-29,4.84449,9905.063700000006,19.810134812952462,target,1,1,10.20833333333334,6223280.0,4.075809425617814,62.06018693566547,1.0,0.0797959183673476,-8.768749999999992,0.0,-4.568825498291003,5.960264900662242,22.075055187637968,0.9900000000000002,15143844.55,11.140386373663864,5.726872246696031,8.467156630784075,3.002156542870747,0.0,0.0,0.1722767028889417,0.5688453119724504,4.0,29.0
TSSI,2026-05-29,17.22151,-3592.491529999996,-7.185839104701032,eod,0,1,12.54777070063696,702795.0,3.8843096407665216,56.88119923207248,3.0,0.8350253807106587,7.292993630573245,0.0,3.404852435213553,15.952732644017727,8.493353028064995,0.9826086956521728,1627996.2,8.164137322564061,-9.666283084004602,7.303197388523462,1.0038678222958997,0.0,0.0,0.1722767028889417,0.5688453119724504,4.0,29.0
VLN,2026-05-29,3.71,0.0,0.0,no_fill,0,0,7.0080862533692665,465306.0,3.0629167797855468,85.37567772282615,3.0,0.6346153846153852,-2.560646900269535,0.0,1.683128136024948,5.999999999999999,12.28571428571429,1.0,5750456.15,13.426685868212036,5.999999999999999,7.36641389604226,0.6137848733965218,0.0,0.0,0.1722767028889417,0.5688453119724504,4.0,29.0
VWAV,2026-05-29,6.8,0.0,0.0,no_fill,0,0,7.1111111111111045,109753.0,2.645404028444472,109.2453250340783,2.0,0.2291666666666657,-4.740740740740745,1.0,-1.2085873109679777,11.20263591433278,17.092257001647454,0.9349397590361448,540050.75,8.184073564819359,4.007765913188192,6.199224432490005,2.196478756857573,0.0,0.0,0.1722767028889417,0.5688453119724504,4.0,29.0
ADBG,2026-06-01,5.48,0.0,0.0,no_fill,0,0,7.342007434944247,640761.0,2.3119899966312576,30.864386182868586,2.0,0.0759493670886081,-4.925650557620812,1.0,-1.5669166153953755,8.467741935483868,11.489919354838705,0.912265309703457,3904418.4,6.462413279229928,2.6717557251908333,5.2909409199445205,1.7332458529546937,0.0,0.0,-0.148054145516075,0.5512416157971979,0.0,1.0
KVYO,2026-06-01,16.82031,2888.427359999996,5.7780147928308025,target,1,1,3.166869671132762,250028.0,1.4014364872366256,109.67754150020706,2.0,0.0003846153846144,-1.0341047503045198,0.0,-1.6002891495796323,3.661616161616173,7.007575757575765,0.9639639639639632,9019974.95,6.296708190570738,-30.18707482993197,7.876502034942375,0.8033198584437311,0.0,0.0,-0.148054145516075,0.5512416157971979,0.0,1.0
MSFL,2026-06-01,23.52035,-1621.651249999993,-3.244552058111367,stop,0,1,2.871838834119152,299049.0,1.108037200943344,54.575182086688926,3.0,0.2089552238805984,-1.757393913416188,1.0,-0.3495767890294229,6.578346276838729,7.35495660118777,0.9813664596273284,1659111.9,4.683253878448129,6.432481751824802,3.513963288140767,2.4571603639272315,0.0,0.0,-0.148054145516075,0.5512416157971979,0.0,1.0
NABL,2026-06-01,3.84149,970.788850000002,1.9416944987491875,target,1,1,1.174934725848562,39933.0,0.3941857260953417,131.59247006600296,2.0,0.8000000000000019,-0.23498694516971,0.0,-0.0453734177450127,3.51351351351351,6.621621621621612,0.9387755102040828,1772087.05,7.946635531463676,-31.91111111111111,5.284625442829725,1.7956053569716002,0.0,0.0,-0.148054145516075,0.5512416157971979,0.0,1.0
NOWL,2026-06-01,8.66592,-3080.415816899999,-6.161608923230308,stop,0,1,5.806039488966321,2113428.0,2.778956688275695,33.33014880543951,2.0,0.6197239447889559,-1.8594657375145167,0.0,0.5562233800341668,17.94520547945205,11.917808219178085,0.977011494252873,25126113.1,10.080623110317871,17.62295081967212,9.175333447770262,1.7464507074912434,0.0,0.0,-0.148054145516075,0.5512416157971979,0.0,1.0
ORCU,2026-06-01,22.37693,6719.112439999987,13.440896494738084,target,1,1,7.051865332120095,161059.0,2.397434327155809,40.55832370278773,3.0,0.4387096774193554,-2.456778889899905,1.0,0.6777391397838963,4.716531681753225,14.745116722248683,0.9854604200323096,1652620.75,8.828526947174032,4.4925124792013325,7.0832782866983806,2.3309758152316555,0.0,0.0,-0.148054145516075,0.5512416157971979,0.0,1.0
PLTG,2026-06-01,17.753099999999996,-2168.601599999988,-4.337833955759816,stop,0,1,3.979533826037517,67149.0,1.5522553201165603,43.00551822620401,3.0,0.2405714285714264,-2.396816372939179,1.0,-0.264733893637567,3.95981087470448,13.888888888888888,0.9106382978723416,471159.45,7.698462766834163,2.68534734384122,7.207435333349571,2.336699391257036,0.0,0.0,-0.148054145516075,0.5512416157971979,0.0,1.0
RDTL,2026-06-01,24.072,-1444.3457999999912,-2.888833499501479,eod,0,1,5.867560771165124,38499.0,1.971569483190148,64.90083757119383,2.0,0.3857142857142855,-3.0176026823134907,1.0,-0.3958454140147415,4.603244191144238,11.01928978518194,0.9071016510841444,807426.3,11.681239465052462,-0.831255195344968,7.678722543614509,1.1497049328217324,0.0,0.0,-0.148054145516075,0.5512416157971979,0.0,1.0
ZETA,2026-06-01,23.99176,2132.3488000000134,4.264797580502665,target,1,1,2.367364193616581,1025591.0,1.142423657553423,78.64760812664791,3.0,0.5535714285714304,0.0634115409004462,0.0,0.2155816469434676,3.3420707732634365,11.489733508082145,0.9467680608365018,9706297.65,5.812675504249485,2.7138514980460267,4.764474291629588,1.5918806075352532,0.0,0.0,-0.148054145516075,0.5512416157971979,0.0,1.0
LAC,2026-06-02,6.24869,-4036.0244399999983,-8.072732044636552,stop,0,1,8.247422680412377,4755905.0,2.5058342923423327,44.5456453815931,4.0,0.9166666666666666,6.357388316151204,1.0,2.25483046702474,5.626134301270427,8.7114337568058,0.9791666666666672,11868570.3,6.575372755845113,-4.118616144975288,3.9277731403111256,1.6850337062080678,0.0,0.0,-0.1990666279958856,0.6565305978778799,1.0,2.0
LFVN,2026-06-02,11.71,0.0,0.0,no_fill,0,0,10.485268630849228,191842.0,7.933391222791389,54.25651461266605,1.0,0.148842975206611,-7.451473136915075,0.0,-2.928013892053212,22.375397667020145,18.427359490986216,0.9597168671232088,364452.35,10.385278200076192,21.473684210526304,8.841468456145112,3.386621049363518,0.0,0.0,-0.1990666279958856,0.6565305978778799,1.0,2.0
RZLT,2026-06-02,3.83146,5275.710700000007,10.552113293626988,target,1,1,5.645161290322579,99423.0,1.888400611905357,62.63364432872094,1.0,0.071428571428572,-2.55376344086022,0.0,-2.926202938179045,3.047091412742392,12.188365650969528,0.9545454545454544,1201498.8,6.459440820486109,2.4793388429752152,3.385336835694566,1.2797091432800431,0.0,0.0,-0.1990666279958856,0.6565305978778799,1.0,2.0
LASE,2026-06-03,4.00197,-6314.836709999999,-12.63052946423886,stop,0,1,13.94025604551921,13892968.0,7.200236916868187,47.01117934756835,2.0,0.6089795918367344,8.062588904694163,0.0,0.4405057986829724,45.24793388429753,57.43801652892563,0.964028776978417,15509358.65,10.468223480860676,42.3076923076923,36.09186693253598,18.506664812990188,0.0,0.0,-0.1869478784048965,0.5552017441157894,2.0,3.0
SVCO,2026-06-03,13.45023,-2798.677979999996,-5.597971187109803,eod,0,1,6.946564885496184,168029.0,2.892607847726265,46.46730953123154,3.0,0.9998901098901102,2.365648854961838,1.0,3.076368156664249,7.6417419884963005,16.516023007395233,0.9701492537313432,462888.45,7.48807450336024,2.3037875829754,4.952633517274284,3.1744300381657826,0.0,0.0,-0.1869478784048965,0.5552017441157894,2.0,3.0
CORD,2026-06-04,5.4162,-2182.0699350000027,-4.364406779661023,stop,0,1,4.087452471482904,298298.0,1.5943256623133506,65.00068808627603,2.0,0.3953488372093008,0.1901140684410606,1.0,-0.9216445637405588,6.477732793522255,16.499999999999986,0.969206232364128,4880744.0,13.760390168088804,-28.72628726287263,11.15130496470574,1.2676692323957168,0.0,0.0,-0.2837293169282968,0.6369634323081378,3.0,4.0
LITZ,2026-06-04,16.99082,-3020.845599999999,-6.043263362215595,stop,0,1,5.900430239704984,42066.0,1.5677399920424235,16.19770919026087,3.0,0.8749999999999991,3.3804548248309816,0.0,0.8089586325103512,8.684034736138937,18.837675350701407,0.9539007092198584,733673.7,18.21566466299625,-30.946671476773545,13.85770241778008,2.4291275535704773,0.0,0.0,-0.2837293169282968,0.6369634323081378,3.0,4.0
QBTZ,2026-06-04,4.1,0.0,0.0,no_fill,0,0,6.060606060606054,222629.0,1.9111042286236848,53.01512286982633,2.0,0.5416666666666686,0.7575757575757638,0.0,0.3896927020170265,3.394255874673626,14.882506527415153,0.9649122807017544,4860863.2,25.75616014123675,-77.95100222717149,19.563251813283834,1.3072075346617449,0.0,0.0,-0.2837293169282968,0.6369634323081378,3.0,4.0
RGTZ,2026-06-04,3.35002,-2435.909249999991,-4.871911212470357,stop,0,1,4.629629629629626,532980.0,2.4497312261632995,22.979993735119653,3.0,0.524666666666667,0.8858024691357939,0.0,-0.1541838448046011,5.194805194805199,25.974025974025967,0.9375000000000002,23701030.15,26.351716539162734,-77.8839590443686,20.336360701053422,1.4043974793222227,0.0,0.0,-0.2837293169282968,0.6369634323081378,3.0,4.0
LFVN,2026-06-08,11.08,0.0,0.0,no_fill,0,0,11.646951774340303,140014.0,4.728920898086572,77.96974883158605,1.0,0.1562499999999995,-9.008189262966336,0.0,-6.005923431508648,10.23069207622868,12.537612838515546,0.936,613167.45,13.716970853340978,-6.148590947907776,8.322092392443263,1.5818354350022985,0.0,0.0,0.7877432038505945,1.3139327676707926,0.0,8.0
AMPG,2026-06-09,7.74,0.0,0.0,no_fill,0,0,9.254929577464786,958235.0,3.6769798766472426,43.94929362223861,4.0,0.7411352914320489,6.618309859154929,1.0,1.6774358442778878,8.0669710806697,26.484018264840188,0.988505747126437,6844058.65,16.383464394378112,7.738998482549314,11.084357889671807,1.4981763781349242,0.0,0.0,0.596574767998697,1.4052069336034598,1.0,9.0
CPSH,2026-06-09,8.33493,-3554.8946399999977,-7.110797571185357,stop,0,1,6.7388688327316535,282362.0,2.75707096724636,71.61583444506213,0.0,0.0,-6.7388688327316535,0.0,-3.286716778313296,7.225806451612909,23.48387096774194,0.9175824175824174,3811919.0,18.363698759974387,-42.25156358582349,22.44580035003154,1.2907950037763132,0.0,0.0,0.596574767998697,1.4052069336034598,1.0,9.0
DLTH,2026-06-09,4.59374,-2371.8434567999902,-4.743851415186735,stop,0,1,4.499999999999995,46064.0,1.669316289974644,69.99100801869855,2.0,0.92892892892893,2.833333333333332,1.0,2.103555062957704,3.0162412993039625,23.781902552204176,0.936585365853658,129784.75,7.238895435541229,1.4857142857142946,7.288620949806845,9.257705547069282,0.0,0.0,0.596574767998697,1.4052069336034598,1.0,9.0
CORD,2026-06-11,7.1,0.0,0.0,no_fill,0,0,7.1532846715328375,244152.0,2.0138885066002774,42.9353573678976,4.0,0.8775510204081639,2.773722627737232,1.0,2.449280536471022,5.709876543209864,10.108024691358027,0.9160305343511456,4267453.05,13.610778998721688,-7.1815718157181605,9.92217130889745,0.9118185846239129,0.0,0.0,0.4590380877548545,2.021484160032873,3.0,11.0
ARTV,2026-06-12,8.65,0.0,0.0,no_fill,0,0,6.271777003484331,85806.0,3.098482658549788,91.7218289706549,0.0,0.0370370370370394,-5.574912891986047,0.0,-3.800576366749705,7.624999999999993,9.187500000000014,0.9931972789115636,541525.95,10.617227316304664,-25.130434782608702,5.876379462231975,1.97116130815153,0.0,0.0,0.3998590327477831,2.4036826004349243,4.0,12.0
ASYS,2026-06-12,24.072,-220.1412299999968,-0.4403040877367833,eod,0,1,5.057373565660864,76631.0,2.233490423968344,51.2333474840972,4.0,0.943949579831932,1.71398215044623,1.0,2.077235527057861,4.115044247787609,14.557522123893817,0.972644376899696,388324.9,9.659401551679,-3.9591836734693833,6.564415409757192,2.1234950424245262,0.0,0.0,0.3998590327477831,2.4036826004349243,4.0,12.0
BKKT,2026-06-12,9.282765,-2001.895409999997,-4.0040332810321,stop,0,1,3.722222222222232,152459.0,1.8198054581455136,79.76331577160829,3.0,0.9549253731343276,2.665555555555561,1.0,1.356631174868946,7.784431137724555,9.281437125748496,0.9290322580645164,2457928.15,10.21989318364436,-30.98159509202453,7.797026495961165,0.6089099878692549,0.0,0.0,0.3998590327477831,2.4036826004349243,4.0,12.0
PWRL,2026-06-12,24.05,0.0,0.0,no_fill,0,0,6.069485140226033,73975.0,2.7361904162714548,91.53591833273254,1.0,0.0689655172413778,-4.9811636668062,0.0,-3.011420727388929,8.590909090909093,13.498181818181818,1.0,515402.9166666667,17.779578746443818,-40.275,9.103967613565962,1.2096982377056138,0.0,0.0,0.3998590327477831,2.4036826004349243,4.0,12.0
UEC,2026-06-12,11.10321,-379.33271999999744,-0.7586995112224252,eod,0,1,3.182315405651777,669009.0,1.714768867842726,90.80988168111976,2.0,0.4841019765110297,-0.7301731996353676,0.0,-0.2083515066013918,3.198494825964251,9.689557855126992,0.9514563106796128,11590555.05,8.011309064868838,-29.2258064516129,7.673771079812979,1.3321444860399505,0.0,0.0,0.3998590327477831,2.4036826004349243,4.0,12.0
XOVL,2026-06-12,22.79,0.0,0.0,no_fill,0,0,5.94027228809837,45717.0,1.2186410933806897,44.7809375397435,0.0,0.0906402484104676,-5.314009661835753,0.0,-2.081708873973459,3.688524590163928,7.786885245901642,1.0,304257.9,5.3473515646916105,-3.8022813688213017,3.908877542071546,2.0021994498745963,0.0,0.0,0.3998590327477831,2.4036826004349243,4.0,12.0
ARIS,2026-06-15,17.778175,-1393.2756999999972,-2.786984603312764,eod,0,1,4.0810334703464495,143361.0,1.422807519853475,74.90168893336671,2.0,0.9208633093525184,3.758073987081624,1.0,0.7196249758078659,7.174323473882948,5.764631843927001,0.90174672489083,1264189.3,5.436244274423611,-9.679130204189866,4.3245570733185446,1.5198507059029849,0.0,0.0,1.361644759015844,1.7271285353262544,0.0,15.0
NEXA,2026-06-15,14.8844197,-1689.293500399999,-3.378805557330527,stop,0,1,3.059958649207449,90491.0,1.490372903213579,84.66585911160847,3.0,0.7074324324324347,1.378359751895252,0.0,0.8131493778572496,5.6809905316824425,4.734158776402042,1.0,942943.55,6.604297440988417,-10.707692307692309,4.694596426530527,0.6167824150236777,0.0,0.0,1.361644759015844,1.7271285353262544,0.0,15.0
SCO,2026-06-15,29.82922,-492.3836599999936,-0.984889983713943,stop,0,1,0.5906176172797744,469244.0,0.2023677063247123,45.00196929610335,3.0,0.7714285714285726,0.2362470469119145,0.0,0.1717603956569469,5.708169818052079,5.351409204423831,0.9866666666666668,32610394.15,4.8860396129698,4.33098591549296,65.00644863624682,0.3388738249887115,0.0,0.0,1.361644759015844,1.7271285353262544,0.0,15.0
VYX,2026-06-15,8.2,0.0,0.0,no_fill,0,0,3.2138442521631507,254648.0,1.5419609854047458,128.78450156739294,3.0,0.819230769230773,0.7787391841780051,1.0,1.3240890140205974,3.057324840764334,11.668789808917204,0.934497816593886,2285339.85,5.508911818417364,2.2756005056889976,3.2365457694246205,1.7453202857334325,0.0,0.0,1.361644759015844,1.7271285353262544,0.0,15.0
SHMD,2026-06-16,7.0,0.0,0.0,no_fill,0,0,4.871060171919769,185914.0,2.7015475851515927,87.05016647227356,2.0,0.4411764705882339,-2.435530085959897,0.0,-0.5377323342442158,12.03852327447833,12.359550561797745,0.9480519480519491,1272900.6,12.351707807777103,-14.66992665036674,7.487678800949596,1.0439534713079717,0.0,0.0,-0.0370944451068566,1.344751650654545,1.0,16.0
PBLS,2026-06-17,30.22,0.0,0.0,no_fill,0,0,12.066666666666658,90503.0,4.296790498852008,76.34980401867793,1.0,0.1187845303867403,-9.899999999999997,1.0,-3.984320432583994,12.82437006393381,6.825874388867987,0.9283746556473834,2559658.4,16.184855044574427,-12.969312979756657,6.350330237422412,1.3221666609888258,0.0,0.0,0.1279437047698909,0.8871437286397628,2.0,17.0
CAST,2026-06-18,11.97582,-7790.299500000001,-15.580895504441452,stop,0,1,15.281276238455083,2694682.0,8.967883681420897,29.53713898798144,2.0,0.3901098901098905,-9.068010075566752,0.0,-1.2302990025393354,131.2621359223301,31.067961165048537,0.9812500000000004,20564671.7,25.395994575107355,129.92277992277994,45.58109082433134,0.6054899967112045,0.0,0.0,0.9177283524076812,1.0459477176034118,3.0,18.0
OCUL,2026-06-18,10.3899,0.0,0.0,no_fill,0,0,5.209418837675366,521844.0,1.6712383592281157,127.8584986749118,3.0,0.7212925562608172,2.6553106212424726,0.0,2.3824469852657475,3.526970954356845,11.6701244813278,0.9066666666666678,2700586.75,5.37249138117025,2.411493073370972,3.707118234756569,2.7416345725609443,0.0,0.0,0.9177283524076812,1.0459477176034118,3.0,18.0
BWIN,2026-06-22,23.86137,-847.1142974999992,-1.6945820797380855,eod,0,1,4.995617879053464,131513.0,2.2486845064918737,94.42675922450348,2.0,0.4792105263157912,1.6489921121822984,0.0,-0.9421926632303952,12.74703557312254,18.08300395256917,0.9289617486338794,1794223.4,5.961915269911148,11.26279863481228,5.003244497828789,3.4063757055002184,0.0,0.0,0.1285588022604971,1.0237503804472714,0.0,22.0
CRMT,2026-06-22,3.5299,0.0,0.0,no_fill,0,0,11.928977272727275,1579357.0,5.239445166662883,26.67174598250422,1.0,0.1833769945225052,-9.46022727272728,1.0,-2.482418139849458,46.66666666666667,15.391666666666657,0.9458581483486734,1122143.6,28.93216256597849,-73.12977099236642,18.75502966088205,0.6810295937168825,0.0,0.0,0.1285588022604971,1.0237503804472714,0.0,22.0
GLWG,2026-06-22,30.33072,-2076.1833599999904,-4.153610596781067,stop,0,1,3.906785469499647,192287.0,1.9547849824849528,46.86895081519985,3.0,0.92982456140351,3.358464701850584,1.0,1.605970292697272,5.457173834477766,13.985905312612928,0.9173105248197636,1341592.45,12.434649667596254,-12.187782124586208,11.364001030049048,1.1928801477676771,0.0,0.0,0.1285588022604971,1.0237503804472714,0.0,22.0
NUAI,2026-06-22,7.3,0.0,0.0,no_fill,0,0,10.407239819004516,1473948.0,3.910571817744047,23.962666298578164,3.0,0.6666666666666671,6.636500754147819,0.0,1.0076756281627133,6.079999999999998,10.0,0.936,8335325.75,12.8920227307302,4.739336492890992,8.934822830286567,2.048149827857657,0.0,0.0,0.1285588022604971,1.0237503804472714,0.0,22.0
SMCX,2026-06-22,12.236599999999996,7474.601520000004,14.949577497017156,target,1,1,8.340727595385976,846871.0,2.807259165656756,32.03298602289919,4.0,0.9672340425531922,7.9787045252883795,1.0,2.1314205949844403,10.707269155206284,15.766208251473484,0.903426791277258,5177738.6,18.82759092332818,-68.7118267629095,18.292440421974504,1.6259756720820169,0.0,0.0,0.1285588022604971,1.0237503804472714,0.0,22.0
SNDG,2026-06-22,29.70886,-1308.2932399999972,-2.618141524110984,stop,0,1,2.2388059701492544,33913.0,0.8612411285032315,72.86012780287682,2.0,0.0699999999999983,-1.607191316146542,1.0,-1.205838618727043,10.041060097051144,12.691302724897358,0.9970588235294112,594432.25,15.265691821321678,10.0,12.30376913365081,1.6187816189313415,0.0,0.0,0.1285588022604971,1.0237503804472714,0.0,22.0
UMC,2026-06-22,27.76304,-469.0259999999896,-0.9385499570651998,eod,0,1,3.271375464684011,1181540.0,0.9803457027548804,175.56514587515218,5.0,0.9659090909090896,2.788104089219331,1.0,0.7461983850322602,11.710963455149503,4.422757475083047,0.9201877934272292,18525462.05,4.865165358517047,11.31802193254707,5.8202712700781,1.4528162875160244,0.0,0.0,0.1285588022604971,1.0237503804472714,0.0,22.0
VENU,2026-06-22,3.16948,-2514.4261524999924,-5.028998447694876,stop,0,1,4.848184818481849,50097.0,2.5848669341594235,149.2142917983452,3.0,0.4213750850918996,1.4851485148514976,0.0,0.6305882232314555,5.20833333333333,7.638888888888896,0.9318181818181812,490014.45,7.912598020829237,-26.09756097560976,6.227672322957166,2.911740663974297,0.0,0.0,0.1285588022604971,1.0237503804472714,0.0,22.0
ASTN,2026-06-23,7.39,0.0,0.0,no_fill,0,0,4.197564276048715,184346.0,2.445200773274536,47.84196182716524,2.0,0.3462282398452616,-2.7442489851150187,1.0,-0.1973902347250569,4.378531073446322,14.830508474576282,0.9333333333333332,9779988.15,20.215381728052336,3.356643356643347,17.542767272394492,0.3248164467356742,0.0,0.0,-1.4212979755235886,1.0924426803184577,1.0,23.0
ORIS,2026-06-23,3.35,0.0,0.0,no_fill,0,0,16.510903426791284,274968.0,6.128703322733734,35.9423444158696,2.0,0.1507547169811325,-9.660436137071644,1.0,-5.17118646114028,32.64462809917356,29.752066115702487,0.9861111111111108,1535621.55,19.045339700603243,32.09876543209875,84.00081400320806,0.3928891203695337,0.0,0.0,-1.4212979755235886,1.0924426803184577,1.0,23.0
SNK,2026-06-23,22.808219999999995,-2586.2750399999945,-5.173003417189056,stop,0,1,4.934359438660026,713174.0,1.8558269460819048,61.09087418492624,2.0,0.0550458715596351,-1.7202354006337666,0.0,-2.8278874630497475,4.3950850661625696,18.525519848771257,0.9617346938775514,12779911.6,29.10623125676528,-2.7728873239436576,15.227938304122429,0.7692624415336332,0.0,0.0,-1.4212979755235886,1.0924426803184577,1.0,23.0
SPCG,2026-06-23,23.129179999999995,-2574.0535399999862,-5.14994478835823,stop,0,1,4.895416110369372,243658.0,1.6388758910730443,55.60153664339771,2.0,0.063636363636364,-1.9581664441477429,0.0,-2.615130751140172,4.755244755244754,18.6946386946387,0.957605985037406,5888013.6,28.93032913234303,-0.9695901278096184,15.380948474188152,0.9267690889844412,0.0,0.0,-1.4212979755235886,1.0924426803184577,1.0,23.0
SPCQ,2026-06-23,18.31478,-2599.3967999999977,-5.198861247582549,stop,0,1,4.943820224719115,260581.0,1.7810523944167849,59.92325532950941,2.0,0.0681818181818205,-2.0224719101123565,0.0,-2.938546248021871,4.70588235294118,18.6470588235294,0.9589905362776028,7380457.0,30.5384540325749,-6.659674882013632,15.287187065433429,0.8572162943297413,0.0,0.0,-1.4212979755235886,1.0924426803184577,1.0,23.0
SSPC,2026-06-23,13.821339999999998,-2613.1088839999893,-5.22707639056703,stop,0,1,4.973938942665669,2404083.0,1.9221568766654693,15.39541025693691,2.0,0.0419161676646714,-2.1593447505584447,0.0,-2.8711858430245814,4.839968774394998,18.579234972677604,0.9579831932773112,69718993.4,29.01036408073071,-1.4601217991048487,15.277871950323258,0.6690861948101505,0.0,0.0,-1.4212979755235886,1.0924426803184577,1.0,23.0
MLKN,2026-06-25,18.741055,4996.11777,9.99575530833243,target,1,1,5.357142857142846,64889.0,2.1557711964860933,92.875639409982,3.0,0.9846153846153876,2.582417582417596,1.0,3.144099665169838,5.568445475638057,6.090487238979103,0.914285714285714,905002.15,4.34463005178812,5.02019619157531,3.3297319831821834,1.348372487291881,0.0,0.0,0.773280235666352,1.0626808321527643,3.0,25.0
PSNL,2026-06-25,12.201494999999998,2027.179212000011,4.055207988857125,eod,1,1,4.429301533219758,136208.0,1.380176598873006,68.84408879910613,3.0,1.0,3.6201022146507578,1.0,1.725942398274129,3.3450704225352186,10.38732394366197,0.9322033898305084,3289543.45,9.55621236197756,-6.304868316041494,6.633402271479085,1.8118334931858096,0.0,0.0,0.773280235666352,1.0626808321527643,3.0,25.0
MSTZ,2026-06-26,18.49,0.0,0.0,no_fill,0,0,3.1249999999999822,1002868.0,1.9752648360512832,41.95753067253049,3.0,0.3684210526315763,-0.6030701754385934,0.0,-0.4775389890116607,5.251009809578767,17.36872475476053,0.9800664451827236,23535476.45,13.870462223055824,4.887866589994237,10.584163913997289,1.2205427436757923,0.0,0.0,-0.7292659675881662,1.1904923894065988,4.0,26.0
RGTZ,2026-06-26,4.49,0.0,0.0,no_fill,0,0,4.783599088838268,483608.0,2.192358675871097,69.63907401206235,2.0,0.7147619047619055,0.9134396355353231,0.0,1.6726786700150642,5.023923444976076,19.37799043062202,0.9382716049382708,22008881.85,19.644134448589742,-3.51648351648352,12.588096988512682,0.4630409245438336,0.0,0.0,-0.7292659675881662,1.1904923894065988,4.0,26.0
AADX,2026-06-29,21.25,0.0,0.0,no_fill,0,0,5.67058823529411,96410.0,2.4028312104096554,134.6362476149728,2.0,0.4398340248962641,-3.176470588235297,0.0,-0.487899996215436,3.5070628348757857,11.544081831466134,0.9113924050632922,2815133.470588235,10.25306888841525,-7.608695652173914,7.792799966389058,0.5188645637092246,0.0,0.0,1.033621860382168,1.7696436219099905,0.0,29.0
CBRG,2026-06-29,4.50347,9116.962400000002,18.23482781055497,target,1,1,9.999999999999998,434398.0,2.805350768357583,62.02740966439365,3.0,1.0,6.904761904761905,1.0,4.460152790024583,3.7037037037037126,23.70123456790123,0.9063444108761328,6861793.65,22.508406660176234,-54.248366013071895,16.916084220505525,1.776466711440674,0.0,0.0,1.033621860382168,1.7696436219099905,0.0,29.0
CCXI,2026-06-29,15.84,0.0,0.0,no_fill,0,0,5.3735255570117975,622583.0,2.1719406987292444,62.9616327510628,3.0,0.9146341463414632,3.342070773263432,1.0,1.2750953302941694,10.101010101010104,10.66738816738817,0.9198512005410884,1192683.65,2.162644587797027,9.167650320134488,4.098407562949876,4.706321747598368,0.0,0.0,1.033621860382168,1.7696436219099905,0.0,29.0
MEI,2026-06-29,20.25057,-1260.004769999999,-2.5200772126414206,stop,0,1,2.1634131616019303,83233.0,0.9792347388478062,146.05548385062767,1.0,0.5697674418604596,0.6490239484805684,1.0,0.0807645279220738,3.736951983298544,16.962421711899793,0.9415384615384612,926678.35,8.650168993513702,2.718346253229973,10.471881138864669,3.309249644172652,0.0,0.0,1.033621860382168,1.7696436219099905,0.0,29.0
PRME,2026-06-29,3.8114,-1508.5713117999949,-3.017266621189054,stop,0,1,2.6711229946524027,218172.0,1.2973648582173818,99.95677464559078,1.0,0.1991991991992019,-0.5347593582887704,0.0,-0.6571733894003893,9.03790087463557,9.03790087463557,0.935483870967742,3298614.45,8.83029822718741,3.598238275948038,5.698548824186288,2.321933986556082,0.0,0.0,1.033621860382168,1.7696436219099905,0.0,29.0
RPAY,2026-06-29,4.363049999999999,-1229.66529,-2.459517997730946,stop,0,1,2.1028037383177534,235134.0,1.4003237782781697,35.76693090022492,3.0,0.8888888888888911,1.4018691588784955,1.0,1.0682337858322877,19.553072625698327,12.56983240223464,0.9555555555555556,600983.85,5.92846532970227,1.4218009478673106,4.298305687450467,2.838811725140368,0.0,0.0,1.033621860382168,1.7696436219099905,0.0,29.0
SLS,2026-06-29,14.744099999999998,-5043.671669999995,-10.087899566606296,stop,0,1,10.727681920480116,1470059.0,3.760049166150142,33.49535862777016,4.0,0.7202797202797212,7.276819204801205,0.0,1.6362232910213732,7.586763518966904,17.029055690072635,0.981041755533438,9089111.85,9.069076142415936,7.240547063555916,7.210065107741006,2.3111576077700047,0.0,0.0,1.033621860382168,1.7696436219099905,0.0,29.0
FABC,2026-06-30,4.2126,2172.0270000000087,4.344110525566176,target,1,1,2.398081534772195,37048.0,1.4394827889883124,81.04433912617527,3.0,0.6990000000000014,-0.0023980815347665,1.0,0.3756967673070229,3.217821782178216,24.257425742574256,1.0,793348.05,17.0967936386674,-31.63934426229508,11.506469325658246,1.227940246402572,0.0,0.0,0.0391363022941921,1.7817282049729803,1.0,30.0
RCAX,2026-06-30,6.549589999999999,-3478.7374599999976,-6.957534746449774,stop,0,1,6.969205834683964,109605.0,2.931515064211867,78.98442908641938,2.0,0.5813953488372084,2.917341977309558,0.0,-0.7974690709407104,8.435852372583472,13.884007029876976,0.9556962025316466,798726.9,19.32098370282732,-59.673202614379086,13.687941861593234,0.6890577993554493,0.0,0.0,0.0391363022941921,1.7817282049729803,1.0,30.0
CCXI,2026-07-01,18.9567,-4730.461559999994,-9.463039453069351,stop,0,1,9.202782236490096,517775.0,4.8641826689697725,29.13876218852448,2.0,0.755813953488373,-1.123595505617982,1.0,2.07399525329429,7.106017191977089,8.710601719197705,0.9671052631578942,2021921.05,3.1096598057315203,6.800000000000008,5.525066384821439,3.9806242681928654,0.0,0.0,-0.237020769447083,1.6564814443894391,2.0,1.0
VNET,2026-07-01,8.36502,2547.277860000003,5.094787579706928,target,1,1,2.7677496991576462,152791.0,1.2308064587436989,43.83795869047859,2.0,1.0,0.361010830324902,1.0,1.1432959203727646,3.358208955223898,6.094527363184083,0.9387755102040792,5815118.9,5.946067704858455,-28.60824742268041,4.0873744999805774,0.8100106087254725,0.0,0.0,-0.237020769447083,1.6564814443894391,2.0,1.0
DSY,2026-07-02,4.463349999999999,-5664.981343199992,-11.330314673955646,stop,0,1,11.656324582338913,529182.0,6.300750722567177,70.44800274944582,2.0,0.4266994266994266,-0.477326968973758,0.0,-0.2612006669973156,45.486111111111136,9.548611111111107,0.9272727272727272,7502998.25,24.994928146871004,-78.94472361809044,67.26849757977709,0.5215826886271765,0.0,0.0,0.2199098905814184,1.05982217982637,3.0,2.0
NNBR,2026-07-02,4.44,0.0,0.0,no_fill,0,0,8.859223300970879,589442.0,4.275294334030315,50.376332865360766,3.0,0.6572602739726011,4.730582524271836,1.0,0.6874080005963737,3.2581453634085182,18.922305764411025,0.9271523178807952,6263656.65,9.196906467386782,-5.28735632183907,8.325790037481767,1.7220969479545143,0.0,0.0,0.2199098905814184,1.05982217982637,3.0,2.0
SPCM,2026-07-06,24.6554,0.0,0.0,no_fill,0,0,2.911267024349983,22808.0,0.9897407213519056,52.57161163834435,3.0,0.3756733768074854,-0.0619067271976911,1.0,-0.5590611227172986,5.2334419109663495,7.166123778501639,0.9848484848484836,1462750.7692307692,19.476555714904148,-48.12673945621923,12.318022743459958,0.4672245022023837,0.0,0.0,0.5317006364295546,1.1386683490743703,0.0,6.0
ASTN,2026-07-07,4.932753999999999,3263.650096000008,6.527509784594991,eod,1,1,6.573560767590618,139523.0,2.236674317312979,42.70244825169268,4.0,0.9740512487836522,4.690831556503192,1.0,2.687908896247108,3.3039647577092586,16.92070484581498,0.9242384795626136,6090559.0,20.921737643210324,-48.23399558498896,16.140072032629188,0.3831901144049339,0.0,0.0,-0.1410925354062327,1.042252431620304,1.0,7.0
RKLZ,2026-07-07,3.2797097,3152.670573500011,6.305445265475806,eod,1,1,6.06709265175718,399765.0,2.015780723027457,7.957570732563529,4.0,0.9004739336492894,3.865814696485623,1.0,2.2291332298378865,6.462585034013604,17.343537414965986,0.902137674053736,18897574.5,17.672239278818864,-30.67552602436323,13.502250218967513,0.5758160127904245,0.0,0.0,-0.1410925354062327,1.042252431620304,1.0,7.0
BMNZ,2026-07-08,25.63,0.0,0.0,no_fill,0,0,4.656669297553274,19210.0,1.037434940147928,81.8665941454551,0.0,0.0,-3.5122336227308626,0.0,-2.098496373376851,6.025104602510465,11.548117154811708,0.9746376811594202,544245.8,13.675807534780391,-23.30508474576271,9.045858866449704,1.252658265805634,0.0,0.0,-0.6085246954033072,0.9830289197158186,2.0,8.0
MSTZ,2026-07-08,13.008909999999998,-1696.646069999993,-3.393750898422683,stop,0,1,3.063629222309509,678575.0,1.466541831074106,53.12421627162441,2.0,0.205128205128205,-0.5498821681068365,1.0,-0.3456180307979444,7.516891891891896,12.24577702702704,0.9172356714256148,21373306.15,16.334515843081082,-31.92513368983957,12.52828871181229,0.7668854731676598,0.0,0.0,-0.6085246954033072,0.9830289197158186,2.0,8.0
VRXA,2026-07-08,3.35002,-3330.513749999993,-6.661154261765588,stop,0,1,6.7092651757188495,155877.0,3.785570744287423,61.98985423365705,3.0,0.8090476190476199,5.428115015974446,1.0,1.2270184292478803,3.3003300330033034,31.02310231023102,0.9893617021276592,954619.65,32.99482990775636,-88.55994152046785,25.046589548535447,6.490158672095216,0.0,0.0,-0.6085246954033072,0.9830289197158186,2.0,8.0
ANEL,2026-07-09,26.0,0.0,0.0,no_fill,0,0,2.926636345659476,25243.0,1.3476470859905587,126.95290174190625,2.0,0.1891891891891855,0.4548151077713998,0.0,-0.807100159791496,6.687763713080172,17.172573839662437,0.9852821936656924,157171.3,9.755914794312174,6.418798058914398,8.235593485525438,3.4466916033652457,0.0,0.0,0.2616045076469071,0.7751141466417582,3.0,9.0
CIFR,2026-07-09,23.47,0.0,0.0,no_fill,0,0,3.846153846153834,2091578.0,1.567437314937712,65.74501382295131,1.0,0.2068965517241382,0.7073386383731217,0.0,-1.2640053686005328,3.5240274599542314,7.894736842105253,0.9913043478260888,24728309.15,10.02359478928723,-24.95023224950232,6.376175235091289,0.9025205024986516,0.0,0.0,0.2616045076469071,0.7751141466417582,3.0,9.0
CRWG,2026-07-09,27.8,0.0,0.0,no_fill,0,0,4.185185185185182,87434.0,1.7735680741294273,48.06940164068557,1.0,0.0929203539822982,-0.8333333333333385,0.0,-1.4033349437692342,7.784431137724549,14.610778443113771,0.9863387978142074,1557381.75,14.923543000446438,-44.72864836980219,11.073924877871782,0.6874274724228662,0.0,0.0,0.2616045076469071,0.7751141466417582,3.0,9.0
CRWU,2026-07-09,5.3,0.0,0.0,no_fill,0,0,3.883495145631071,190211.0,1.7272529910777397,35.72487782812098,1.0,0.0,-0.9708737864077808,0.0,-1.3575439767848092,7.966457023060814,14.884696016771487,0.9859154929577456,3639660.85,14.952610523293112,-44.38444924406047,11.133833197373374,0.931413980508651,0.0,0.0,0.2616045076469071,0.7751141466417582,3.0,9.0
CWVX,2026-07-09,23.0,0.0,0.0,no_fill,0,0,4.210049796287912,54293.0,1.5181492961637355,77.5198998126847,2.0,0.0483870967741915,0.1131733816206363,0.0,-1.7698329980109062,7.0251937984496085,15.406976744186045,0.974842767295598,1130752.3,15.002326964866864,-44.94882408794233,11.028114089063136,0.765898066269686,0.0,0.0,0.2616045076469071,0.7751141466417582,3.0,9.0
HIMX,2026-07-09,15.8,0.0,0.0,no_fill,0,0,4.063492063492067,163444.0,1.663162208382594,67.34275521023973,1.0,0.0624999999999986,-3.4920634920634965,0.0,-1.7522510136213576,5.7046979865771785,7.986577181208062,0.9327731092436976,3209376.55,8.037751080149995,-23.839458413926497,6.086521726992059,0.8807452026780715,0.0,0.0,0.2616045076469071,0.7751141466417582,3.0,9.0
IRE,2026-07-09,15.75,0.0,0.0,no_fill,0,0,6.520292747837661,302196.0,2.7647131211953826,40.31748653872332,1.0,0.0408163265306131,-1.463739188290079,0.0,-2.979140184766821,6.444759206798868,11.968838526912192,0.988165680473372,5561015.9,18.391017423484875,-54.796992481203,12.52736770138646,1.4018246198504845,0.0,0.0,0.2616045076469071,0.7751141466417582,3.0,9.0
IREG,2026-07-09,12.27,0.0,0.0,no_fill,0,0,5.954893617021276,57565.0,1.9226903626035088,80.2294952755214,2.0,0.0067171644990706,-1.4893617021276655,0.0,-2.5387127512714067,6.431159420289863,11.588768115942036,0.9926528060028128,467191.35,17.84781986189295,-53.84319255834416,12.674863095414567,1.3008609855469286,0.0,0.0,0.2616045076469071,0.7751141466417582,3.0,9.0
IREX,2026-07-09,21.93,0.0,0.0,no_fill,0,0,6.300331596399802,38691.0,2.3290355717228524,58.34698532733826,1.0,0.0,-2.4159166271908954,0.0,-3.434139804256903,7.5394803871625085,11.920529801324504,0.97008547008547,802888.95,18.15444057497797,-53.614590199956055,12.5941473841773,1.2033021503160557,0.0,0.0,0.2616045076469071,0.7751141466417582,3.0,9.0
NBIG,2026-07-09,25.36,0.0,0.0,no_fill,0,0,5.950315457413251,82913.0,2.9248900354140748,40.15421475821427,2.0,0.2047713717693843,-4.731861198738168,1.0,-1.1835528795903398,10.984682713347912,21.050328227571107,0.9563409563409568,1359138.2,20.21243037282541,-46.95670361848986,14.192731367703834,1.60312027136019,0.0,0.0,0.2616045076469071,0.7751141466417582,3.0,9.0
SNDG,2026-07-09,16.248599999999996,-1736.3510999999926,-3.4729145895646254,stop,0,1,3.09981401115933,74180.0,1.585170077844663,58.03586731754926,2.0,0.1300000000000025,-2.262864228146302,0.0,-0.606230146368813,12.627867192682322,16.269245539922494,0.9276824034334764,1461358.5,18.7270681553941,-47.629870129870135,19.057778928998488,1.4080206875999284,0.0,0.0,0.2616045076469071,0.7751141466417582,3.0,9.0
SNXX,2026-07-09,26.02785,-1773.0445799999982,-3.5461246318846893,stop,0,1,3.173374613003097,2195284.0,1.6389844367073334,39.77241195467548,1.0,0.1768292682926823,-2.186532507739943,0.0,-0.4975123924878291,12.347826086956522,16.216956521739135,0.9517681439180676,47041393.55,18.88922779741764,-47.62859268056887,18.947331452605354,1.486340448772696,0.0,0.0,0.2616045076469071,0.7751141466417582,3.0,9.0
FBL,2026-07-10,29.718889999999995,-1241.1477999999877,-2.482932572515302,eod,0,1,5.220458553791888,361460.0,1.7370090135494392,45.63195131074432,3.0,0.6825000000000007,2.857495590828919,0.0,0.8256964762939402,9.417213431107683,16.90467001157854,0.9657534246575346,1314437.25,6.850600554085751,8.78741366078282,6.7686136324051445,2.3788446348427814,0.0,0.0,0.045230208458038,0.8361810570833836,4.0,10.0
METU,2026-07-10,28.75601,-1275.7962799999991,-2.552718544749426,eod,0,1,5.472455308281649,1786856.0,1.896603381054746,41.02972736263359,3.0,0.6933333333333328,2.918642831083549,0.0,0.8128622469002927,9.377494014365528,16.999201915403038,0.9647887323943656,5738496.55,6.93214022322312,8.726695755652516,6.712268091568174,1.7541169385211184,0.0,0.0,0.045230208458038,0.8361810570833836,4.0,10.0
SOFX,2026-07-10,11.955759999999998,-2204.750399999995,-4.409590021880657,stop,0,1,4.173913043478264,244065.0,1.743479938640761,68.10636890800653,3.0,0.9062500000000002,3.260869565217391,1.0,1.6317516455434726,5.118829981718469,9.140767824497258,0.9900000000000002,1532597.6,10.088241016869215,-1.6253207869974295,5.376865092582516,0.9034882998642304,0.0,0.0,0.045230208458038,0.8361810570833836,4.0,10.0
QBTZ,2026-07-13,5.411184999999999,1877.5218000000084,3.755092461263124,eod,1,1,5.772994129158511,135143.0,1.9180849891255665,61.92890298796153,3.0,0.5762711864406779,3.1311154598825683,0.0,0.5019483830987871,3.65111561866127,14.300202839756595,0.921985815602836,4900223.35,15.56295894792254,0.788954635108482,10.574102469999762,0.5367867568730311,0.0,0.0,-0.3284985760646424,0.903043027364542,0.0,13.0
BMNG,2026-07-15,14.1,0.0,0.0,no_fill,0,0,3.305785123966936,76468.0,1.6082882465382955,22.73380122693504,1.0,0.3152173913043475,-0.9342436219906504,0.0,-0.6185866016599079,5.978674790555965,10.73876618431074,0.9219858156028372,1135694.2,12.607622688247853,-16.826060968320387,9.534142096953554,2.059104466677738,0.0,0.0,0.3205511884335512,0.7936738472695027,2.0,15.0
BMNU,2026-07-15,10.29,0.0,0.0,no_fill,0,0,3.3730158730158712,192687.0,1.570880491787469,67.98598247986774,2.0,0.3235294117647095,-0.1984126984126941,0.0,-0.6252690928401958,5.882352941176476,10.714285714285712,0.911764705882353,66231387.35,12.763486863239384,4.890738813735699,189.3473939823328,0.1106052325506661,0.0,0.0,0.3205511884335512,0.7936738472695027,2.0,15.0
POEL,2026-07-15,15.245599999999998,-2230.3102199999944,-4.461483969145185,stop,0,1,4.108681245858179,50390.0,2.1107308818665995,81.08431394676956,1.0,0.370967741935485,-1.855533465871434,1.0,-0.6247401644363237,4.068965517241378,12.482068965517248,0.9613238300458588,741436.2,18.64683664848241,-68.4033317838612,10.96069391645947,0.9878570806227158,0.0,0.0,0.3205511884335512,0.7936738472695027,2.0,15.0
SHLS,2026-07-15,11.705009999999998,-3058.078709999988,-6.11712420578878,stop,0,1,6.014362657091561,224359.0,1.655113880393385,88.79687672852991,5.0,0.9402985074626878,4.398563734290845,1.0,2.078490834989043,3.53159851301116,8.271375464684004,0.9662921348314614,5647188.0,7.884582878136941,-1.3286093888396686,5.999819262991561,0.894462872495125,0.0,0.0,0.3205511884335512,0.7936738472695027,2.0,15.0
UMAC,2026-07-15,20.72198,-2994.449759999998,-5.991126330591958,stop,0,1,5.918367346938775,287662.0,1.7195518834672696,56.332429041753805,5.0,0.9741379310344818,5.255102040816314,1.0,2.419758453265363,4.925053533190588,7.804068522483934,0.9191933049801077,4573555.75,10.94336774010605,-27.6485788113695,6.4714007387363,0.5322462724981541,0.0,0.0,0.3205511884335512,0.7936738472695027,2.0,15.0
BEZ,2026-07-17,22.19639,-1616.6882799999933,-3.234264670966752,stop,0,1,2.899217671421993,20861.0,1.8041889777125963,52.74466155044591,2.0,0.952380952380956,1.702715140358955,1.0,1.0856148929019815,4.420951465641527,16.43440653531955,0.9473684210526316,1169751.7,20.2003572858327,3.5254883277751405,16.770828728388175,0.7850195900548809,0.0,0.0,-1.1508951406649597,0.7421292664490987,4.0,17.0
CRCD,2026-07-17,7.362019999999999,-2438.1727299999984,-4.876786534130575,stop,0,1,4.49591280653951,40319.0,1.173114178957893,29.5458274555538,2.0,0.5124242424242431,-2.1920980926430493,1.0,0.5149835932077016,5.763688760806908,11.95965417867434,0.9036144578313262,2180077.85,14.485016520948562,-0.4030014790289979,11.541287382894025,0.4426658433321543,0.0,0.0,-1.1508951406649597,0.7421292664490987,4.0,17.0
NBIZ,2026-07-17,15.1151097,-1883.897697899996,-3.768875723078601,stop,0,1,3.3925482368596147,110973.0,2.1100597971528,47.78094155379212,3.0,1.0,0.2654690618762552,1.0,1.702842981340045,8.129496402877692,18.27482014388489,0.9133139122903708,4618752.05,19.47072402494711,6.443251512018235,13.840566736906016,0.874701425031032,0.0,0.0,-1.1508951406649597,0.7421292664490987,4.0,17.0
QBTZ,2026-07-17,7.301839999999999,-2661.8397199999968,-5.324137477676854,stop,0,1,5.106382978723409,86188.0,1.520234658783753,62.01736853689326,4.0,1.0,3.2624113475177365,1.0,3.0960356784093235,5.855855855855851,11.1111111111111,0.9121621621621628,3829394.1,14.358474360609058,4.832713754646843,8.792632203890577,0.399481474105786,0.0,0.0,-1.1508951406649597,0.7421292664490987,4.0,17.0
SNK,2026-07-17,29.8203936,-2277.488913600004,-4.556893575006341,stop,0,1,4.30822631030893,136165.0,1.1549950572288743,112.06396363406752,4.0,1.0,3.19750086775426,1.0,2.19760403118465,5.647231389805644,9.68096809680967,0.950757575757576,4956869.5,13.694097215010204,5.145985401459855,9.860156703045286,0.3950721317153901,0.0,0.0,-1.1508951406649597,0.7421292664490987,4.0,17.0
SPCG,2026-07-17,30.4912,-2213.256429999991,-4.428720417694268,stop,0,1,4.183673469387745,79420.0,1.1283975714969037,89.49917669440156,4.0,0.9918699186991886,3.3673469387755173,1.0,1.928818586558653,5.641394178943587,9.737693136902626,0.9372693726937265,3174960.6,13.653169087152786,4.999999999999995,9.869826818041323,0.3144325633521247,0.0,0.0,-1.1508951406649597,0.7421292664490987,4.0,17.0
SPCQ,2026-07-17,23.3031002,-2113.769228999991,-4.228794415946407,stop,0,1,3.9408910454344936,68516.0,1.13205098994902,71.64585503350247,5.0,0.9961943138571756,2.470224966916624,1.0,1.763472652562874,6.7325800376648,9.698681732580033,0.917475728155339,3213180.35,13.667606922975924,5.885100420364323,9.8213634217303,0.5525758926043476,0.0,0.0,-1.1508951406649597,0.7421292664490987,4.0,17.0
SSPC,2026-07-17,18.08409,-2325.491399999996,-4.652432054916772,stop,0,1,4.412607449856731,1190455.0,1.6515369563058664,60.09556277676872,4.0,0.9789610389610373,3.230945558739258,1.0,1.5803115521707458,5.757575757575753,9.72727272727272,0.9408099688473528,28896253.85,13.765559832160651,5.152154263332332,9.81722315803189,0.3996353319688185,0.0,0.0,-1.1508951406649597,0.7421292664490987,4.0,17.0
CRMT,2026-07-22,4.112299999999999,-2871.476439999996,-5.743258030785683,stop,0,1,5.418719211822654,34076.0,2.102308980720681,38.658206987410814,2.0,0.9318181818181832,0.6157635467980384,1.0,2.5534245854946405,4.102564102564095,23.5897435897436,0.9456521739130432,1602840.85,19.67031253646733,-14.344184476465747,13.765231601462496,0.4333056522735866,0.0,0.0,-0.2218420911958048,0.8318406509250134,2.0,22.0
NG,2026-07-22,6.17,0.0,0.0,no_fill,0,0,4.873949579831933,628874.0,1.6391398018834682,77.21396564137859,4.0,0.6637931034482755,2.0588235294117583,0.0,0.369316841726556,5.683836589698052,5.950266429840142,0.9104477611940291,4559406.4,5.770715195650509,-21.29629629629629,4.832446932542637,0.5598847253449484,0.0,0.0,-0.2218420911958048,0.8318406509250134,2.0,22.0
NRGV,2026-07-22,3.765,0.0,0.0,no_fill,0,0,6.772908366533874,396876.0,2.7455309221943365,128.40816983600507,2.0,0.2941176470588238,-4.780876494023908,0.0,-0.426643607260174,8.189655172413797,10.201149425287356,0.957746478873239,5894161.9,8.678009770285625,-22.8483606557377,6.5568369968226365,0.8233801653802553,0.0,0.0,-0.2218420911958048,0.8318406509250134,2.0,22.0
OKLL,2026-07-22,3.59074,-2425.003840000001,-4.850253708149298,stop,0,1,4.597701149425292,589031.0,2.3889665373205524,27.44965546812303,4.0,0.9212500000000003,2.511494252873568,1.0,1.421361941457201,4.504504504504501,8.108108108108109,0.9629629629629638,11152800.1,13.519462387054256,-49.04831625183016,7.911230475988742,0.9261058126559626,0.0,0.0,-0.2218420911958048,0.8318406509250134,2.0,22.0
SMCI,2026-07-22,29.899429999999995,1604.5849600000097,3.209693295156483,eod,1,1,4.534440983039109,11819251.0,2.2341267292540627,43.76629712073001,4.0,0.8969465648854976,2.7172031844929045,1.0,1.6926050758300453,13.294117647058826,4.745098039215689,0.9669421487603314,41528036.0,5.976792806155,-16.041848299912807,4.040221358371848,1.2318163324651328,0.0,0.0,-0.2218420911958048,0.8318406509250134,2.0,22.0
SMCL,2026-07-22,11.94573,3145.2786000000056,6.2914530966295175,eod,1,1,7.957559681697615,252035.0,3.628009661170591,49.41346315154668,4.0,0.922222222222222,4.686118479221921,1.0,3.035722905623527,26.65031746564989,8.536298585682129,0.9971139971139968,605986.3,11.92348822945933,-78.0217217678231,16.883007229151797,2.504081362895497,0.0,0.0,-0.2218420911958048,0.8318406509250134,2.0,22.0
SMCX,2026-07-22,8.663913999999998,3040.6591060000064,6.081385387712772,eod,1,1,8.146341463414638,1254975.0,3.855351446077044,26.99607921447132,4.0,0.90568862275449,4.573170731707318,1.0,2.8574992228018283,27.131782945736425,8.843410852713182,0.9474053295932676,5974034.25,12.13497606617528,-34.661354581673315,8.0470974151989,1.8070053749691843,0.0,0.0,-0.2218420911958048,0.8318406509250134,2.0,22.0
SMCY,2026-07-22,4.84449,2481.374820000003,4.962751497061617,target,1,1,2.7139874739039644,153200.0,1.2388517948794782,98.95579398496888,3.0,0.9230769230769248,0.6263048016701513,1.0,1.4712601206407805,10.879629629629624,3.703703703703707,1.0,779519.8,4.828385402540563,-16.244098618639626,3.978363774089144,0.8742099944093786,0.0,0.0,-0.2218420911958048,0.8318406509250134,2.0,22.0
NOWL,2026-07-27,4.572777299999999,2322.739141800009,4.6455947023705,eod,1,1,5.409502262443431,623006.0,1.905155896722828,66.84004124740183,3.0,0.1254705144291066,-1.5837104072398256,1.0,-1.3407678362559503,5.741626794258379,7.775119617224885,0.9384615384615372,20059631.85,10.265848626751858,-22.32122458304775,6.801899148582153,1.4035558683495977,0.0,0.0,0.8092782807573138,0.7847407894679208,0.0,27.0
BYRN,2026-07-28,4.7899,0.0,0.0,no_fill,0,0,10.089449541284418,508117.0,4.652227629066689,66.32663298623403,2.0,0.0909297567629006,0.6880733944953982,0.0,-2.9487535967999743,5.569007263922528,14.04358353510895,0.913793103448276,1141153.6,10.162996119316729,-40.10989010989011,9.831307765293042,1.3594506471346188,0.0,0.0,0.0135301519436094,1.0576273111355905,1.0,28.0
AVTR,2026-07-29,14.543499999999998,-2946.196399999996,-5.894042011895341,stop,0,1,5.5210489993098735,2081583.0,1.7116346581207509,121.25437808912235,2.0,0.5812499999999993,-2.242926155969642,1.0,0.8904979766750023,16.666666666666668,4.790660225442839,0.9243697478991598,10463684.15,4.475611758022076,16.245487364620942,3.194942971644222,1.9429983463329208,0.0,0.0,-0.1201306589639049,1.0321351106980818,2.0,29.0
AAOX,2026-07-31,12.29,0.0,0.0,no_fill,0,0,5.47008547008546,606098.0,2.2328086182614264,44.870128330638806,4.0,0.7656250000000018,3.760683760683772,1.0,0.8534271789802002,23.157894736842096,14.947368421052632,0.9154929577464794,5499121.0,22.83795099088672,-57.913669064748206,17.904089290104018,1.5758894921570192,0.0,0.0,0.4031333845676624,1.280202843790082,4.0,31.0
ADEA,2026-07-31,26.8,0.0,0.0,no_fill,0,0,2.723146747352505,19461.0,0.8821153402530378,105.34291765312412,1.0,0.8750000000000007,1.0211800302571843,0.0,1.0860830212048918,4.094488188976389,6.6141732283464565,0.9851190476190465,1284275.6,5.591058453091916,-18.47055195806352,4.144569675882756,0.9493632052185684,0.0,0.0,0.4031333845676624,1.280202843790082,4.0,31.0
AEHG,2026-07-31,8.2662,0.0,0.0,no_fill,0,0,4.901015228426392,106196.0,2.2995534477476265,172.57804209421886,4.0,0.7509062661833255,3.68020304568528,1.0,0.7912347330327427,14.701601164483256,18.486171761280925,0.9606299212598428,400920.5,24.562294754211443,-46.064339493497606,21.69266814873829,1.3704736974038494,0.0,0.0,0.4031333845676624,1.280202843790082,4.0,31.0
ALOY,2026-07-31,9.45,0.0,0.0,no_fill,0,0,4.535637149028077,302589.0,1.7009540907682263,128.87085735442096,3.0,0.9523809523809534,1.8358531317494595,1.0,1.7594102512552825,5.048213272830406,14.74758933635848,0.9653846153846154,2521833.6,11.088078694813357,-42.08880550343965,7.42120464842008,1.7483873638609622,0.0,0.0,0.4031333845676624,1.280202843790082,4.0,31.0
AMPX,2026-07-31,9.99991,-1922.674999999998,-3.845384608461473,stop,0,1,3.495440729483289,201611.0,1.2518912512352964,97.51625808200453,4.0,0.9710144927536238,0.9118541033434816,1.0,1.4666404532784931,4.223864836325222,6.599788806758183,0.9200000000000016,6146621.2,7.699233268072573,-31.7785949293594,6.008431432602277,0.981275371256,0.0,0.0,0.4031333845676624,1.280202843790082,4.0,31.0
ASTX,2026-07-31,11.6067,0.0,0.0,no_fill,0,0,4.429195804195808,258717.0,1.966160048522926,66.0370229848295,3.0,0.6315373988553385,-0.1748251748251711,0.0,0.2062291416155972,7.216494845360821,12.80599812558576,0.9956820843091332,5252941.45,16.771225914618405,-60.027952480782666,12.519202978287886,1.063790840463299,0.0,0.0,0.4031333845676624,1.280202843790082,4.0,31.0
BRUN,2026-07-31,20.84234,-2163.715400000001,-4.329168413911299,stop,0,1,3.979616597913129,82660.0,1.4572645960298882,91.11818847127792,3.0,1.0,0.8493084202863417,1.0,1.4953795151405729,3.803526448362715,18.841309823677573,0.9598930481283426,1785390.15,10.790685642325204,-39.39705882352941,8.853631450997604,2.2589146691550863,0.0,0.0,0.4031333845676624,1.280202843790082,4.0,31.0
CBRG,2026-07-31,4.68,0.0,0.0,no_fill,0,0,6.306306306306292,602445.0,3.166001511762026,48.90902590496801,3.0,0.07142857142857,-0.4504504504504608,0.0,-2.938217035813795,5.714285714285719,24.40476190476189,0.936585365853659,10337620.55,21.523322674313373,-30.298273155416005,17.074346278995563,1.6629467987195563,0.0,0.0,0.4031333845676624,1.280202843790082,4.0,31.0
CIFR,2026-07-31,24.53,0.0,0.0,no_fill,0,0,2.894954507857745,1781061.0,1.6818999336820728,71.72781303587553,2.0,0.4142857142857165,-0.2481389578163718,0.0,-0.449212479446271,6.731405870668721,15.140145663209005,0.9110787172011664,27179724.0,11.37760865856598,-9.910581222056631,10.357659338270972,1.3363592654583247,0.0,0.0,0.4031333845676624,1.280202843790082,4.0,31.0
CRDU,2026-07-31,13.6,0.0,0.0,no_fill,0,0,4.411764705882351,153338.0,2.055065463941216,24.25673351575678,2.0,0.6493333333333332,-1.5470588235294114,0.0,0.2555609369217564,15.44991511035654,13.553480475382006,0.99586621570838,782302.95,17.717438295860322,-86.17183528215557,20.441111748646755,1.832905014611028,0.0,0.0,0.4031333845676624,1.280202843790082,4.0,31.0
DUOT,2026-07-31,9.34,0.0,0.0,no_fill,0,0,4.1755888650963655,142546.0,2.4028732615509254,160.35813863291227,2.0,0.7692307692307699,-0.9635974304068506,1.0,1.0802922528003795,14.742014742014732,7.248157248157256,0.9830508474576276,802080.9,7.674934298629362,-19.82832618025752,3.680336303608307,1.217470706508533,0.0,0.0,0.4031333845676624,1.280202843790082,4.0,31.0
FCEL,2026-07-31,25.7,0.0,0.0,no_fill,0,0,6.131329113924053,480479.0,2.929320163435361,77.3675853951631,2.0,0.3096774193548388,-2.5712025316455778,1.0,-0.2190720059713053,7.027942421676546,17.708298052497884,0.9658832811341962,11730913.65,12.63605253399972,-21.0,10.963037851696072,1.0709859755893778,0.0,0.0,0.4031333845676624,1.280202843790082,4.0,31.0
FLY,2026-07-31,21.31,0.0,0.0,no_fill,0,0,2.267958412098285,93211.0,1.058254516083697,86.09664731526848,3.0,0.6249218587205652,-0.1417769376181528,1.0,0.2907926880115784,4.287826515524895,11.039921143420417,0.9330357142857134,3422413.5,7.803782870142081,-31.939530395625603,5.493923024288678,1.2795029005115834,0.0,0.0,0.4031333845676624,1.280202843790082,4.0,31.0
GLWG,2026-07-31,13.21,0.0,0.0,no_fill,0,0,4.381846635367767,203322.0,1.5598401507527129,85.21811381222757,1.0,0.7499999999999992,2.2691705790297414,0.0,1.4796661127344402,12.30228471001756,8.435852372583486,0.9062500000000002,1951447.4,14.413184989784847,-62.35640648011782,10.084996680677625,1.3663248110095103,0.0,0.0,0.4031333845676624,1.280202843790082,4.0,31.0
HYNX,2026-07-31,24.07,0.0,0.0,no_fill,0,0,4.197002141327625,106553.0,1.5346020427743596,94.14636627065528,2.0,0.4846938775510216,0.9207708779443248,0.0,0.0984270654382568,14.404703576678104,18.030377266046056,0.9130434782608696,1737537.0,19.729434522352605,-39.86608292557301,18.003630593122985,1.7101276116710034,0.0,0.0,0.4031333845676624,1.280202843790082,4.0,31.0
IRE,2026-07-31,10.68,0.0,0.0,no_fill,0,0,7.685098406747894,838959.0,3.76369664721599,32.313219494857634,1.0,0.0487804878048791,-7.216494845360821,0.0,-2.529358661055073,13.26963906581741,25.47770700636943,0.9791666666666664,8749176.7,19.266110664901166,-32.25396825396826,20.733222609428243,1.688349030600788,0.0,0.0,0.4031333845676624,1.280202843790082,4.0,31.0
IREG,2026-07-31,8.51,0.0,0.0,no_fill,0,0,7.285546415981201,66416.0,3.4017326465939863,59.16740901167425,1.0,0.0,-7.285546415981201,0.0,-2.825809979102447,12.71523178807947,25.562913907284766,1.0,850022.55,18.945000242642067,-30.643846780766093,20.86922626072185,2.309366969146877,0.0,0.0,0.4031333845676624,1.280202843790082,4.0,31.0
IREX,2026-07-31,15.16,0.0,0.0,no_fill,0,0,7.284768211920528,104612.0,3.348362723014031,57.90294962840101,1.0,0.0318181818181819,-6.6556291390728415,0.0,-2.662513433028789,12.6865671641791,25.074626865671632,0.9940476190476192,1218922.3,19.150433462695425,-31.14455084359325,20.95729136127344,1.999475274182776,0.0,0.0,0.4031333845676624,1.280202843790082,4.0,31.0
KORU,2026-07-31,17.74,0.0,0.0,no_fill,0,0,3.4064665127020777,3375687.0,1.6653039274606236,84.83086303637405,3.0,0.4915254237288182,0.692840646651276,0.0,0.0683446388000677,6.388206388206383,14.803439803439812,0.9709543568464728,24280848.45,13.582042678395084,-97.32095901005412,25.496694775889694,3.0108755116421806,0.0,0.0,0.4031333845676624,1.280202843790082,4.0,31.0
LABX,2026-07-31,15.71,0.0,0.0,no_fill,0,0,8.802595628415302,133459.0,2.7249937178348715,37.02544459050084,3.0,0.6139520446962052,3.910519125683058,0.0,0.3902904242432471,19.1212367778682,15.296989422294557,0.9840425531914888,390415.15,18.95456409139745,-92.70043513184838,23.4192615576932,3.158171500260684,0.0,0.0,0.4031333845676624,1.280202843790082,4.0,31.0
LITX,2026-07-31,24.7499,0.0,0.0,no_fill,0,0,6.483039931300995,300133.0,2.339051529789779,50.91136290480704,2.0,0.4834757268693288,2.919708029197079,0.0,-0.4640006042840847,15.35413571074788,12.134720158494318,0.9346938775510204,2684909.8,16.48669491385228,-33.83522727272728,13.834412239622488,1.2932460524372178,0.0,0.0,0.4031333845676624,1.280202843790082,4.0,31.0
MRAM,2026-07-31,15.55653,-1820.8434899999943,-3.641782582619635,stop,0,1,3.331134564643793,58151.0,1.1196421176657865,67.24186165442288,1.0,0.8019801980198022,1.6490765171503958,0.0,1.2177100203375746,4.840940525587823,6.293222683264179,0.9450549450549462,1179856.7,8.841119057956215,-32.45711739808421,6.411985796869378,0.8156371871261994,0.0,0.0,0.4031333845676624,1.280202843790082,4.0,31.0
MULL,2026-07-31,21.1,0.0,0.0,no_fill,0,0,3.5818005808325366,670630.0,1.922694181080287,40.69323358496713,3.0,0.3817567567567542,-0.084704743465643,0.0,-0.3350998037933871,10.36324786324787,18.42200854700854,0.91300817723134,10250320.5,14.558109814432326,-32.987349983782025,13.901810871188284,1.3414529818848104,0.0,0.0,0.4031333845676624,1.280202843790082,4.0,31.0
MUU,2026-07-31,30.29,0.0,0.0,no_fill,0,0,3.6163967611336014,4412569.0,1.9252557369400625,52.75208919951826,3.0,0.3557234816680658,-0.136977058029694,0.0,-0.2935698395262742,9.89988876529478,18.35372636262513,0.9393939393939392,32907516.1,14.641375750828368,-96.67485575055316,25.331039063716617,2.632564570864101,0.0,0.0,0.4031333845676624,1.280202843790082,4.0,31.0
POET,2026-07-31,7.74,0.0,0.0,no_fill,0,0,2.2164276401564527,699495.0,0.9787607271090558,58.13680012548632,2.0,0.5588235294117635,-0.0651890482398943,0.0,0.034728828550913,5.357142857142852,8.516483516483518,0.9677419354838716,12159284.9,7.841852348898906,-23.37662337662337,6.809010653401732,0.8286771041938494,0.0,0.0,0.4031333845676624,1.280202843790082,4.0,31.0
RAM,2026-07-31,12.61,0.0,0.0,no_fill,0,0,3.165584415584405,956776.0,1.6121202737693594,50.59959209307616,3.0,0.564102564102563,0.9740259740259676,0.0,-0.0303602662476491,10.691823899371064,14.221922731356695,0.9507865310506036,16902657.15,12.764192881047048,-38.55361596009976,14.007600361581252,1.2654310982104966,0.0,0.0,0.4031333845676624,1.280202843790082,4.0,31.0
RDWU,2026-07-31,4.78,0.0,0.0,no_fill,0,0,4.487179487179486,32933.0,1.6609647769745828,71.419490146997,2.0,0.5714285714285721,0.2136752136752281,0.0,0.1045425262603922,7.586206896551727,11.72413793103448,0.9215686274509804,1169304.55,15.710015154335116,-56.46511627906977,10.97418317063853,1.0002235944433808,0.0,0.0,0.4031333845676624,1.280202843790082,4.0,31.0
RGTX,2026-07-31,10.676935,-2935.5905899999875,-5.872424998372636,stop,0,1,5.757874015748023,83558.0,1.6955136456963595,11.035568159645443,4.0,0.9230769230769232,4.330708661417318,1.0,1.7009178012861694,4.312114989733059,18.275154004106785,0.9101123595505618,818789.1,13.464249925857752,-46.4699683877766,12.061451888507046,1.3855032999340124,0.0,0.0,0.4031333845676624,1.280202843790082,4.0,31.0
RKLX,2026-07-31,17.8,0.0,0.0,no_fill,0,0,5.324751316559392,86503.0,1.841018455532657,48.18333544752995,3.0,0.6373626373626354,2.223522527794026,0.0,0.6940645186225359,5.104551045510444,14.329643296432954,0.9699570815450658,3036705.3,15.340817287987862,-65.10108229528284,11.124444043803546,1.0051024707600045,0.0,0.0,0.4031333845676624,1.280202843790082,4.0,31.0
SK,2026-07-31,24.0,0.0,0.0,no_fill,0,0,4.383326171035667,59862.0,1.530896610830559,57.37130054976777,3.0,0.5196078431372563,1.0313708637731072,0.0,-0.096086771984233,14.34889434889434,18.280098280098294,0.9086021505376344,1194996.8461538462,19.60731558616334,-39.71502590673576,18.13797450398221,2.766556255475151,0.0,0.0,0.4031333845676624,1.280202843790082,4.0,31.0
SKHL,2026-07-31,9.33,0.0,0.0,no_fill,0,0,4.646017699115044,259677.0,1.4416164774952476,60.96866029619168,3.0,0.5476190476190488,1.1061946902655024,0.0,0.1074063867963041,14.720812182741108,18.083756345177672,0.9052631578947364,3021486.333333333,19.180076251268595,-35.69955188847002,18.12957312740852,1.5735358282275864,0.0,0.0,0.4031333845676624,1.280202843790082,4.0,31.0
SKHU,2026-07-31,19.03,0.0,0.0,no_fill,0,0,4.47680690399138,182052.0,1.5896474373384026,63.28387710761578,3.0,0.5180722891566251,0.4854368932038828,0.0,-0.0677415694981968,14.941103533787976,18.4122752634842,0.9057544025051344,3005328.846153846,19.96718179388488,-40.25136964228168,18.11614372229941,1.0125470974314217,0.0,0.0,0.4031333845676624,1.280202843790082,4.0,31.0
SKHX,2026-07-31,14.45,0.0,0.0,no_fill,0,0,4.717655468191566,487587.0,1.6370002557385774,94.33397551127187,3.0,0.560606060606062,1.2151536812008572,0.0,0.2909483971678281,14.57821457821457,18.508599508599502,0.9026948095048456,8913772.923076924,19.83994480565008,-39.87967339922647,17.82417445852178,1.7667154117455297,0.0,0.0,0.4031333845676624,1.280202843790082,4.0,31.0
SKUU,2026-07-31,24.04,0.0,0.0,no_fill,0,0,4.70688917415489,380270.0,1.737221102290236,46.53882346374868,3.0,0.5999090909090924,0.9837398373983768,0.0,0.1989128400183037,14.896755162241892,18.48574237954768,0.9042553191489364,13279946.923076924,19.803728926732106,-39.768041237113394,17.843617089232538,2.013067006581525,0.0,0.0,0.4031333845676624,1.280202843790082,4.0,31.0
SMU,2026-07-31,6.19,0.0,0.0,no_fill,0,0,3.50584307178631,45695.0,1.6451357454600326,17.46416456085804,4.0,0.9047619047619024,3.005008347245404,1.0,1.596270800701818,5.087719298245615,17.982456140350866,0.9463414634146344,1643244.1,15.26205317836438,-39.16929013912866,11.792776212259682,1.5666053509639863,0.0,0.0,0.4031333845676624,1.280202843790082,4.0,31.0
SNDC,2026-07-31,6.72,0.0,0.0,no_fill,0,0,3.945371775417296,23859.0,1.8144254399834168,66.80740670748719,2.0,0.1538461538461541,-1.3657056145675244,0.0,-1.2571973185418073,17.468805704099815,22.814616755793235,0.9610125791077428,251137.85,22.43251163671222,-63.12255176273084,19.93823921280833,2.872068069388983,0.0,0.0,0.4031333845676624,1.280202843790082,4.0,31.0
SNDG,2026-07-31,7.73,0.0,0.0,no_fill,0,0,5.033112582781468,857690.0,3.427152145300532,59.362621296023136,2.0,0.263157894736843,-1.3245033112582734,0.0,-1.4409017913782456,17.41835147744946,20.93312597200621,0.9212481426448738,4100293.2,22.73389640165628,-64.55399061032864,20.00178332484402,3.045495380671801,0.0,0.0,0.4031333845676624,1.280202843790082,4.0,31.0
SNDU,2026-07-31,19.5729,0.0,0.0,no_fill,0,0,5.228391828182299,1446654.0,3.622842550425646,73.8470520709619,2.0,0.2055906221821472,-1.6238868517548386,0.0,-1.5423868677081185,16.402439024390254,20.70731707317074,0.9746760895170784,11917462.4,22.6812323688622,-64.77859778597785,20.407454241119503,2.565568237077048,0.0,0.0,0.4031333845676624,1.280202843790082,4.0,31.0
SNXX,2026-07-31,12.45,0.0,0.0,no_fill,0,0,5.0288540807914215,11985212.0,3.504975806907182,60.88932461657161,2.0,0.1967213114754116,-1.401483924154987,0.0,-1.5456940409799924,15.744274809160308,21.37404580152672,0.9910714285714288,103789573.9,22.67270704993183,-64.3235294117647,20.103482412433102,1.9654500286950305,0.0,0.0,0.4031333845676624,1.280202843790082,4.0,31.0
WOLF,2026-07-31,25.4,0.0,0.0,no_fill,0,0,3.484752475247522,217615.0,1.7865995711452372,113.01276630385917,3.0,0.8181611546766675,-0.0396039603960458,1.0,0.5578453729885116,6.137032366540567,12.589323245060957,0.9298831385642736,4010590.95,9.977407022475788,-46.11919501010398,7.4307986524168275,1.4608054207073895,0.0,0.0,0.4031333845676624,1.280202843790082,4.0,31.0
WYFI,2026-07-31,27.63,0.0,0.0,no_fill,0,0,3.5347376201034684,84154.0,1.4164054101242214,79.57713610271644,2.0,0.184526921066389,-0.7760532150775954,0.0,-1.6518385267981266,3.085714285714281,15.601142857142865,0.9718457744243398,2919431.95,13.977556178568202,-33.59509202453988,10.018730011246731,0.762107847727021,0.0,0.0,0.4031333845676624,1.280202843790082,4.0,31.0
BABX,2026-08-03,24.080024,-923.1619079999952,-1.8466883587823573,eod,0,1,3.2448630136986263,62223.0,0.8497385987379048,49.1645891405318,2.0,0.6992084432717701,1.7979452054794591,0.0,0.6557663892685929,6.86184812442818,4.894784995425436,0.9158878504672898,930209.15,4.717860921705606,6.42369020501139,6.429369667409909,0.9042041781678885,0.0,0.0,0.3226108723880007,1.4742238069491285,0.0,3.0
MUZ,2026-08-03,15.3996,0.0,0.0,no_fill,0,0,3.7010101010101,1067283.0,1.584416986095894,50.27068293012542,4.0,0.6732168850072799,2.4915824915824984,0.0,0.050064235134367,8.791208791208787,22.96336996336996,0.9570904450470572,13624865.05,14.533187432043633,-23.80708055413032,14.024547811653012,1.7404561375820746,0.0,0.0,0.3226108723880007,1.4742238069491285,0.0,3.0
RAMZ,2026-08-03,26.05,0.0,0.0,no_fill,0,0,4.071856287425148,16965.0,1.5075164315307203,29.12124379940968,1.0,0.7647058823529391,3.033932135728535,0.0,0.3822900714066895,5.74081891093288,18.699873364288727,0.9932279909706552,0.0,0.0,0.0,0.0,0.0,0.0,0.0,0.3226108723880007,1.4742238069491285,0.0,3.0
SKDD,2026-08-03,16.64,0.0,0.0,no_fill,0,0,7.009646302250802,387546.0,2.080504968350757,20.48004547541728,4.0,0.9082568807339436,6.366559485530536,0.0,1.0324857191043595,4.996623902768401,23.70020256583389,1.0,17582859.214285713,23.803208971492403,-28.96299680219278,17.152314849072223,1.425253520749301,0.0,0.0,0.3226108723880007,1.4742238069491285,0.0,3.0
AAOG,2026-08-04,4.312899999999999,-83.58552999999671,-0.1671728999049298,eod,0,1,10.69767441860465,324261.0,4.912581752414695,82.31018711041465,3.0,0.8710869565217403,-1.379069767441848,1.0,3.586841176340181,39.15857605177994,35.59870550161813,0.9727272727272726,1629496.4,21.827752296642007,-13.652884596076223,19.40362063880061,2.037844330309659,0.0,0.0,0.3906714004777853,1.2839399203450723,1.0,4.0
AAOX,2026-08-04,19.1170797,-1923.2794154999976,-3.847238760007885,eod,0,1,9.730645161290315,1198362.0,4.521225720534336,44.07242771013581,4.0,0.9669042488535284,2.1505376344085945,1.0,3.277270761639852,34.199134199134214,36.43506493506494,0.9584150181191704,5941388.55,22.309335838102008,-16.59192825112107,19.42857425883852,1.7952426289305723,0.0,0.0,0.3906714004777853,1.2839399203450723,1.0,4.0
APPS,2026-08-04,9.33793,870.3462399999954,1.7408569136842869,eod,1,1,3.2894736842105345,107151.0,1.635727693029743,86.61574061502182,2.0,0.5999999999999976,0.767543859649126,1.0,0.3978945141843252,1.3333333333333246,8.444444444444441,1.0,2650011.0,8.138249562905706,-21.37931034482759,5.73329082277262,1.3753588192652786,0.0,0.0,0.3906714004777853,1.2839399203450723,1.0,4.0
BLZE,2026-08-04,23.99,0.0,0.0,no_fill,0,0,19.295634920634903,1573092.0,6.378504226657203,24.08215018166732,4.0,0.6233933161953725,11.731150793650786,1.0,0.6793543429433293,29.313662604233485,14.373316228351507,0.955373081042485,2208180.05,9.074458387698996,10.471806674338328,6.868687893662343,2.013275140312947,0.0,0.0,0.3906714004777853,1.2839399203450723,1.0,4.0
BTDR,2026-08-04,12.92867,-2362.7369999999955,-4.725930818869991,stop,0,1,4.371584699453555,1604570.0,2.368173489345424,79.3874271160526,2.0,1.0,0.6245120999219365,1.0,1.9816798836521845,12.664907651715051,12.620932277924368,0.933797909407665,9328416.8,10.090195029735025,-13.328822733423538,9.192181640771295,1.0054752270503178,0.0,0.0,0.3906714004777853,1.2839399203450723,1.0,4.0
CRDU,2026-08-04,16.25863,-3547.7812500000014,-7.096231355286396,stop,0,1,7.133507853403152,92286.0,2.9075124390590923,40.24701686860288,4.0,1.0,6.086387434554983,1.0,2.1441856258602803,11.046511627906971,20.84956395348837,0.9278469099654918,853752.15,16.485722834899562,-84.23929860752966,19.96872732073147,1.3634870494908855,0.0,0.0,0.3906714004777853,1.2839399203450723,1.0,4.0
CRML,2026-08-04,6.7995,0.0,0.0,no_fill,0,0,3.236607142857147,506105.0,1.738227030994207,76.20679817434625,2.0,0.5425287356321848,-0.2976190476190413,1.0,0.1499515075532064,5.329153605015672,17.785266457680258,0.9339032343350664,5989266.55,8.08871307006635,-26.27537026878772,6.53712753745724,1.1788827465025746,0.0,0.0,0.3906714004777853,1.2839399203450723,1.0,4.0
DDD,2026-08-04,3.379107,2372.53860000001,4.7453365637726375,target,1,1,2.628398791540791,12619.0,0.7691720590496921,102.7995896339372,2.0,0.0344827586206908,-0.7552870090634414,0.0,-0.9595949870235574,16.96113074204947,7.950530035335691,0.9333333333333328,2282137.6,5.824508195581914,2.318392581143746,4.044448178627666,1.9197983504587977,0.0,0.0,0.3906714004777853,1.2839399203450723,1.0,4.0
DLLL,2026-08-04,25.26557,2231.598984400008,4.465404105270548,target,1,1,2.472266881028946,47074.0,1.3902856223346096,34.73911817651557,2.0,0.3253129572427223,-0.4220257234726706,0.0,-0.2048562245925637,8.456843940714897,18.18352223190934,0.9181789849687148,1505444.25,14.77512967634818,-11.773049645390072,11.148863794114169,0.573062071212534,0.0,0.0,0.3906714004777853,1.2839399203450723,1.0,4.0
EOSE,2026-08-04,4.07218,4093.607979999997,8.1875064461787,target,1,1,4.46428571428571,1408846.0,2.1761415326599973,38.58969993259612,4.0,0.971428571428572,3.443877551020403,1.0,1.925605932891223,4.533333333333331,15.466666666666656,0.913793103448276,28624372.7,10.038246210675473,-25.616698292220107,6.388294429844402,1.4974653750228737,0.0,0.0,0.3906714004777853,1.2839399203450723,1.0,4.0
GLWG,2026-08-04,15.075089999999998,-1855.6999199999964,-3.7122166434827184,stop,0,1,3.3806626098715347,318083.0,1.966293190224494,58.80029569797344,3.0,0.6500000000000021,0.4394861392833082,1.0,0.971306871402844,11.286681715575622,19.11060948081264,0.9193637294275138,1801956.9,13.48741443598684,-46.069136522753794,10.665826291656636,0.8304948914149944,0.0,0.0,0.3906714004777853,1.2839399203450723,1.0,4.0
GSIT,2026-08-04,6.479379999999999,2267.269440000009,4.535001805728346,target,1,1,2.539682539682542,33325.0,0.5495366010180436,84.32533674279482,1.0,0.9687500000000008,2.4603174603174645,0.0,1.006672608857201,3.789126853377257,8.731466227347614,0.9056603773584908,732065.55,8.156165490312246,-8.69565217391305,6.140719185918013,0.725488311804865,0.0,0.0,0.3906714004777853,1.2839399203450723,1.0,4.0
HYMC,2026-08-04,21.75507,1246.9177799999995,2.494177219379206,eod,1,1,1.9248826291079817,62595.0,0.7180673553444599,90.01859621392686,3.0,0.7804878048780493,1.4084507042253551,0.0,0.5651798233108237,3.297769156159067,8.72938894277399,0.9333333333333348,1509512.8,6.739483222587442,-8.001295756397793,5.3152113724514125,0.8246077807356121,0.0,0.0,0.3906714004777853,1.2839399203450723,1.0,4.0
KORU,2026-08-04,18.22451,2924.531740000008,5.850253312709109,target,1,1,3.2194295396780594,1100604.0,1.1676950088478073,34.105366798137105,4.0,0.964736842105258,2.5128494775487185,1.0,1.3692279353799208,11.562696912413353,16.95022054190296,0.9107806691449812,29503106.15,13.890913415077655,-96.9315424610052,25.121711684630327,1.2525974998059657,0.0,0.0,0.3906714004777853,1.2839399203450723,1.0,4.0
LITX,2026-08-04,30.05,0.0,0.0,no_fill,0,0,6.468812877263589,468831.0,2.7709130331962872,71.39481365592046,3.0,0.5541731467081397,-2.1126760563380245,1.0,0.3657549612702698,18.66295264623956,26.97970553123757,0.9454277286135692,2781752.05,17.08870090991756,-15.284090909090914,14.241333813997334,1.1814065168029624,0.0,0.0,0.3906714004777853,1.2839399203450723,1.0,4.0
LOFF,2026-08-04,11.940714999999996,-2437.189894999989,-4.874791836167245,stop,0,1,4.686815593517303,91596.0,1.6835607288717285,24.01335264818408,3.0,0.8224299065420583,3.460359176522132,0.0,1.3011934315004097,4.246575342465753,16.34703196347031,1.0,1023870.15,12.213868863482942,-48.06642402183804,6.441466042538132,1.732228447132676,0.0,0.0,0.3906714004777853,1.2839399203450723,1.0,4.0
LPTH,2026-08-04,12.326869999999998,-1333.5320855999903,-2.667182342313968,stop,0,1,2.3018092105263124,45831.0,0.9799288662690596,106.5612538475538,2.0,1.0,1.069078947368413,1.0,1.1784124415611106,8.765652951699469,12.228085867620758,0.9121498061590222,2798292.55,9.190399526086948,-12.19329029649206,7.619485936778212,0.6641621513090188,0.0,0.0,0.3906714004777853,1.2839399203450723,1.0,4.0
LWLG,2026-08-04,8.013969999999999,-2567.224343899992,-5.134535068137248,stop,0,1,4.7726130653266345,286616.0,2.448047773339737,94.3216715122397,2.0,0.8420637009739392,-0.3768844221105559,0.0,1.2657013732692928,16.715542521994127,11.436950146627556,0.9615384615384625,3120622.7,8.13182778874745,7.713125845737487,6.651057752248146,0.9038936363566156,0.0,0.0,0.3906714004777853,1.2839399203450723,1.0,4.0
MRAM,2026-08-04,18.3,0.0,0.0,no_fill,0,0,7.658402203856752,160208.0,3.0034379519619727,83.69417365039841,2.0,0.6402877697841728,-1.928374655647371,1.0,0.9752036411081644,17.4757281553398,10.420711974110027,0.9006211180124223,1117835.1,8.506190496146756,-4.1204437400950935,6.251606537550863,0.8297315051209252,0.0,0.0,0.3906714004777853,1.2839399203450723,1.0,4.0
MVLL,2026-08-04,27.1055735,-1385.496960399994,-2.771954262469292,eod,0,1,8.249310752264671,378931.0,2.372658547638596,27.19609047189333,4.0,0.9930771067080456,6.380464749901541,1.0,3.219434245053718,17.32902033271719,16.913123844731977,0.9453551912568308,3085761.3,13.785074989008375,-35.525483812808055,11.260123857725503,0.8392865643885028,0.0,0.0,0.3906714004777853,1.2839399203450723,1.0,4.0
NNE,2026-08-04,18.65,0.0,0.0,no_fill,0,0,2.028123309897242,139343.0,1.2016796626036064,86.87569863258547,3.0,0.4933333333333394,-0.1622498647917662,1.0,-0.069172106398585,5.176336746302618,11.20591581342434,0.9746192893401012,2147272.85,7.280549722927007,-7.545377268863445,5.749822542176799,1.2122674582319617,0.0,0.0,0.3906714004777853,1.2839399203450723,1.0,4.0
ONDG,2026-08-04,3.5305599999999995,-3736.360459999994,-7.472752197951589,stop,0,1,7.64525993883792,266608.0,1.6760456411190048,40.89379260388639,4.0,0.9599999999999992,7.339449541284397,1.0,1.9684927838304271,7.544563572979018,25.981714135368023,0.9248101265822783,2578710.65,16.75437537898205,-2.38805970149254,12.883783407924415,0.9691994718368268,0.0,0.0,0.3906714004777853,1.2839399203450723,1.0,4.0
ONDL,2026-08-04,9.07715,-4051.134,-8.1027635326066,stop,0,1,8.378216636744476,97754.0,1.842133100694715,58.41460254393288,4.0,1.0,8.318372232196293,1.0,3.498034326948847,6.704980842911882,25.92592592592592,0.9310344827586208,1566911.7,16.98294162638079,-3.855005753739921,12.680960867442892,1.0986949679423543,0.0,0.0,0.3906714004777853,1.2839399203450723,1.0,4.0
OSS,2026-08-04,13.730468199999995,-888.2882161999914,-1.7768381707478675,stop,0,1,1.3870377151226594,27806.0,0.8164792267975247,87.31008296472342,3.0,0.9503695881731814,0.1830831197363629,1.0,0.6014572516639262,4.555895865237357,10.447166921898926,0.9523600117267668,1140357.75,8.612509057986358,-10.926288323548604,5.982327613063399,0.7247594011616092,0.0,0.0,0.3906714004777853,1.2839399203450723,1.0,4.0
POET,2026-08-04,8.545559999999998,-2069.4959999999965,-4.13969359527052,stop,0,1,3.834631515877774,1611599.0,1.553030154260009,48.86906974902219,3.0,0.9687500000000008,1.977231875374465,1.0,1.7061160038172656,13.383152173913048,10.190217391304348,0.9466666666666668,11831570.2,7.783594088844609,-8.797814207650271,6.766684010209993,0.8395581340505422,0.0,0.0,0.3906714004777853,1.2839399203450723,1.0,4.0
QBTX,2026-08-04,10.42117,2963.490659999999,5.928125152933881,eod,1,1,8.039419087136933,143285.0,1.84048309557656,48.26002537965408,4.0,0.9483870967741924,7.365145228215758,1.0,2.20144471794564,4.329004329004333,19.54220779220779,0.9248490889959572,1956990.85,13.681133203558126,-25.41586073500967,14.13848446625938,1.41384002894035,0.0,0.0,0.3906714004777853,1.2839399203450723,1.0,4.0
QCML,2026-08-04,13.97179,2374.217680000001,4.74928409316201,target,1,1,2.6068066618392427,52015.0,1.269207230543798,75.82594000462302,3.0,0.8055555555555545,0.3620564808109988,1.0,0.795321862033036,6.888544891640872,11.14551083591331,0.9930555555555556,632164.05,8.035668385903815,-37.31275533363595,4.77685045394343,0.8352610370678307,0.0,0.0,0.3906714004777853,1.2839399203450723,1.0,4.0
RDWU,2026-08-04,6.4192,-355.0226200000014,-0.7100573280159549,eod,0,1,9.028960817717213,57232.0,2.236023146104029,40.7815197642357,4.0,0.9620754716981128,8.686541737649064,0.0,2.0005401959846325,5.956678700361012,25.81227436823106,0.9230769230769228,1127748.85,15.870780052832764,-28.15177478580172,11.698635550121011,1.1186435703303974,0.0,0.0,0.3906714004777853,1.2839399203450723,1.0,4.0
RKLX,2026-08-04,21.6311995,-2846.2726644999934,-5.6937180020922895,stop,0,1,5.584510472479296,197966.0,1.6237282135061464,23.71000516094536,5.0,1.0,5.048709206039943,1.0,2.2355568268743795,7.430664573521725,22.23966509680796,0.9788235294117648,2994751.55,15.197612048599323,-41.4599372683205,10.993406746998666,0.7591658146065573,0.0,0.0,0.3906714004777853,1.2839399203450723,1.0,4.0
SATL,2026-08-04,4.312899999999999,2839.561596800001,5.679185698717804,target,1,1,3.0870588235294063,252562.0,1.4373880543761683,61.24585964755688,2.0,0.7865853658536613,0.5176470588235351,1.0,0.5108859578710956,7.45891276864728,12.895069532237668,0.9509803921568628,4569251.55,8.587918259212842,-18.426103646833013,5.598372035398501,1.1426578166833472,0.0,0.0,0.3906714004777853,1.2839399203450723,1.0,4.0
SGML,2026-08-04,11.19,0.0,0.0,no_fill,0,0,1.9748653500897564,98708.0,0.8884633797292953,90.75382013511198,2.0,0.6418181818181831,-0.2585278276481182,1.0,0.4599549925704662,6.500956022944547,7.552581261950294,0.9620253164556972,1546789.45,5.80386273372653,-9.13539967373572,3.860813704306377,0.8099479861334715,0.0,0.0,0.3906714004777853,1.2839399203450723,1.0,4.0
SPAL,2026-08-04,12.010925,-2465.381509999998,-4.931801672227572,stop,0,1,4.739130434782608,201876.0,1.7170836488584065,93.34813972360676,4.0,0.9174311926605506,3.7391304347826058,1.0,2.129253057237204,5.118829981718469,16.63619744058501,0.9670329670329668,1200775.15,12.3087355787545,-47.7975088063333,6.402211911196567,1.2940490982012745,0.0,0.0,0.3906714004777853,1.2839399203450723,1.0,4.0
SPAX,2026-08-04,7.216584999999999,-2448.736239999996,-4.897815240865304,stop,0,1,4.710144927536234,153792.0,1.7241757971476763,39.50359779732441,4.0,0.9507692307692308,4.043478260869564,1.0,1.918026252121188,4.229607250755291,16.614803625377643,0.9909991817437948,1595048.55,12.289745062820874,-48.04216867469879,6.598678682083168,2.3499146781456903,0.0,0.0,0.3906714004777853,1.2839399203450723,1.0,4.0
SPCF,2026-08-04,11.925669999999998,-2481.7268799999924,-4.964207461719117,stop,0,1,4.776511831726555,274600.0,1.8474420990050653,32.38746690173676,4.0,0.9449541284403647,3.9439088518843057,1.0,1.714249677583913,4.9678012879484905,16.651333946642126,0.9613259668508284,1602568.8,12.298174910106944,-48.13636363636364,6.441102973770666,1.551510300213008,0.0,0.0,0.3906714004777853,1.2839399203450723,1.0,4.0
SPCH,2026-08-04,7.14136,-2577.3481399999964,-5.1550404964880565,stop,0,1,4.9780380673499245,2535146.0,1.824717057559175,54.557578230820894,4.0,0.911470588235294,3.8052708638360175,1.0,1.952649460147228,4.9155145929339525,16.743471582181257,0.963302752293578,20367674.9,12.377812054109242,-48.25718376654368,6.404086440188415,1.6052452801080404,0.0,0.0,0.3906714004777853,1.2839399203450723,1.0,4.0
SPCM,2026-08-04,12.16639,-2333.9119999999984,-4.668599313354246,stop,0,1,4.471195184866735,87765.0,1.4997545083700987,104.24299071083804,3.0,0.8461538461538464,3.6113499570077376,0.0,0.9084625768367386,4.398563734290845,16.315080789946144,0.9793672627235216,523190.65,12.013268649972517,-47.5653742110009,6.473691919368095,2.179524806110354,0.0,0.0,0.3906714004777853,1.2839399203450723,1.0,4.0
SPCU,2026-08-04,9.538529999999998,-2503.101599999985,-5.0070608364181615,stop,0,1,4.824561403508767,250693.0,1.828803542659353,33.68242687862384,3.0,0.84090909090909,3.5087719298245648,0.0,1.311381204682783,4.827586206896551,16.7816091954023,0.9589041095890408,1362329.05,12.263108503969947,-48.15235929505401,6.451198486601974,3.036328851682345,0.0,0.0,0.3906714004777853,1.2839399203450723,1.0,4.0
SPIR,2026-08-04,13.1551474,1183.215880000008,2.366925968461609,eod,1,1,3.717187499999997,39347.0,0.7917546264575659,86.08048483282438,1.0,0.8511979823455228,1.9140624999999936,0.0,1.1091185224955913,4.234527687296428,10.342019543973938,0.960629921259842,845699.6,7.732358695107693,-27.06552706552706,5.454195085745003,0.7321689640151184,0.0,0.0,0.3906714004777853,1.2839399203450723,1.0,4.0
SSRM,2026-08-04,28.0,0.0,0.0,no_fill,0,0,2.0474137931034493,179604.0,0.6809866658840468,58.23228118513442,1.0,0.1052631578947345,-1.257183908045982,1.0,-0.3744681636549424,3.1493145609485045,6.576509818451287,0.9380281690140828,2966382.7,4.854221634687226,-9.75688816855754,3.889245519328483,1.1521827578080197,0.0,0.0,0.3906714004777853,1.2839399203450723,1.0,4.0
TE,2026-08-04,5.215599999999999,-2114.671599999993,-4.229618835800277,stop,0,1,3.861003861003864,2270365.0,2.2041370173370334,84.67075449902347,3.0,0.6999999999999977,-0.7722007722007729,1.0,0.7297245401564748,4.858299595141687,16.396761133603245,0.938271604938272,41821289.3,11.273705165784389,-38.33333333333334,8.24998180521791,1.3414786329889643,0.0,0.0,0.3906714004777853,1.2839399203450723,1.0,4.0
UMAC,2026-08-04,24.50329,-1738.0085999999924,-3.4769412597247,stop,0,1,3.170936581268371,183643.0,1.0883005093122304,46.601860137952485,4.0,0.880794701986755,2.225955480890387,1.0,1.2365620304860745,3.162911611785097,10.355285961871754,0.9623430962343082,3273654.85,10.395779541680689,2.762192490289154,8.424547102432909,0.9974142509250784,0.0,0.0,0.3906714004777853,1.2839399203450723,1.0,4.0
USAS,2026-08-04,4.33296,607.5283499999985,1.2151046859421704,eod,1,1,3.3018867924528434,243771.0,1.297071901139777,143.72138890071048,2.0,0.7857142857142848,1.1792452830188638,1.0,1.2963194450948212,3.667481662591696,8.958435207823962,1.0,3884809.95,6.50015883458093,-11.850311850311838,4.991930185997516,0.9087152384378544,0.0,0.0,0.3906714004777853,1.2839399203450723,1.0,4.0
VELO,2026-08-04,12.818339999999996,3794.91372,7.59111398199767,target,1,1,4.143896523848012,113024.0,2.29496777763898,90.36134743191944,4.0,0.8439328911431911,2.667744543249799,1.0,1.546853619874554,8.6994727592267,15.81722319859403,0.9055555555555556,1732000.7,10.48734185590261,-16.587997302764673,8.488833660262976,1.0529562718998902,0.0,0.0,0.3906714004777853,1.2839399203450723,1.0,4.0
AYA,2026-08-05,24.76407,587.2261499999979,1.1744838388843148,eod,1,1,3.08076602830975,57267.0,1.4045616939325287,122.23726932470748,2.0,0.5878378378378394,1.5195670274771107,0.0,-0.0728046485446422,4.890829694323149,11.091703056768557,0.9291338582677168,645986.15,5.925699191331245,4.072790294627389,5.0617895810857645,2.556646144812857,0.0,0.0,0.58600080380641,1.4877390935815862,2.0,5.0
HYMC,2026-08-05,24.473199999999995,4.698900000010823,0.0093980354020123,eod,1,1,3.101736972704715,193306.0,1.3931846323068815,114.99614339251596,2.0,0.3198666666666696,-1.1997518610421791,0.0,-0.7492275597775752,8.139534883720932,5.053667262969584,0.95575221238938,1495611.25,6.611581601857526,7.89825970548862,5.548062060458344,0.9217094348548128,0.0,0.0,0.58600080380641,1.4877390935815862,2.0,5.0
KTUP,2026-08-05,9.1,0.0,0.0,no_fill,0,0,17.59036144578313,85178.0,7.578648105006754,46.5354095562999,3.0,0.2122602739726032,-4.21807228915663,1.0,-4.56221816697318,26.13981762917934,6.234042553191484,0.9756216479765972,201235.75,10.556948005730256,12.848402447314754,8.794192399309548,3.95572357297349,0.0,0.0,0.58600080380641,1.4877390935815862,2.0,5.0
NEWP,2026-08-05,5.74719,1538.6791199999975,3.0776779608817475,eod,1,1,4.753199268738586,29420.0,1.1332814755362766,88.96815508467726,3.0,0.5192307692307705,2.4680073126142723,1.0,0.1038387825639968,4.389312977099228,8.778625954198473,0.9347826086956535,519591.45,6.140611389267024,3.795066413662243,4.237660389439573,1.2384942053992614,0.0,0.0,0.58600080380641,1.4877390935815862,2.0,5.0
CBRZ,2026-08-06,11.56,0.0,0.0,no_fill,0,0,5.302366345311135,20197.0,1.7012903393018968,23.92649794544311,0.0,0.0,-3.9877300613496938,0.0,-2.0958563216778234,6.238361266294226,10.707635009310971,0.9652173913043484,443207.3,24.36827698360061,-57.74074074074073,16.814348384000713,1.6220671455546871,0.0,0.0,0.0545603346367285,1.3051485618400431,3.0,6.0
IREZ,2026-08-06,15.48,0.0,0.0,no_fill,0,0,4.89556135770235,111571.0,1.9307319985017588,68.98590872886975,1.0,0.0466666666666668,-3.6227154046997367,0.0,-3.155676618963548,8.575478384124741,9.85116938341602,0.9640287769784168,3568552.6,22.66168035121155,-61.78598154153156,45.82323238745119,0.2937302927803278,0.0,0.0,0.0545603346367285,1.3051485618400431,3.0,6.0
LITZ,2026-08-06,12.69,0.0,0.0,no_fill,0,0,4.571428571428561,110985.0,1.7904933687500617,30.440199896198905,2.0,0.4642857142857149,1.1428571428571477,0.0,-1.1309395464506309,3.813559322033892,12.796610169491524,0.9933774834437088,923980.85,17.341730453106006,-52.61121856866537,14.036411737127308,1.156463361767725,0.0,0.0,0.0545603346367285,1.3051485618400431,3.0,6.0
SMCZ,2026-08-06,6.43,0.0,0.0,no_fill,0,0,4.654895666131622,31240.0,1.2840180503735217,51.70879849021178,3.0,0.8620689655172413,2.568218298555365,0.0,0.6845890588709718,3.316749585406305,8.082918739635158,0.9643003693065256,1872821.7,13.55049460290564,-52.8030303030303,13.469788896378883,0.4158639340840615,0.0,0.0,0.0545603346367285,1.3051485618400431,3.0,6.0
SPCQ,2026-08-06,28.31,0.0,0.0,no_fill,0,0,7.337151037938429,83500.0,2.7777512895205048,21.609863379348848,2.0,0.0,-6.012884753042233,0.0,-3.0224768099822845,3.4814814814814863,12.37037037037037,1.0,1241913.8,12.499540150634395,-11.301587301587295,10.604724246250155,1.3224396089326005,0.0,0.0,0.0545603346367285,1.3051485618400431,3.0,6.0
CAI,2026-08-07,21.04294,3882.7646352000006,7.765835952580772,target,1,1,4.156114064765585,132277.0,1.3571760113377196,103.36209262554765,0.0,0.1045470403535296,-2.319961333977769,0.0,-1.6947276846861217,3.4500000000000064,10.824999999999996,0.9491916859122403,4373334.95,5.406166779233583,2.884137245151676,5.482246147406509,2.574909337781228,0.0,0.0,0.320079108983038,1.0639803139767776,4.0,7.0
TIC,2026-08-07,9.287779999999998,2704.526860000004,5.409473523274678,target,1,1,3.0033370411568363,103240.0,1.0610423823699362,108.33589809895298,3.0,0.5555555555555578,1.668520578420471,0.0,0.2615007721825247,3.5714285714285774,11.34792626728111,0.9492385786802024,2155324.75,5.110725373513196,2.978235967926687,3.650320605709673,1.3800695231658249,0.0,0.0,0.320079108983038,1.0639803139767776,4.0,7.0
UUUG,2026-08-07,4.6762869,-3535.1697348,-7.070500742800875,stop,0,1,7.179310344827597,61015.0,2.03097583461945,74.92731697799756,4.0,0.9926352865834136,7.126436781609208,1.0,3.1627271975504043,12.159653465346524,16.75948844884488,0.966769230769231,268357.6,11.698727328606818,-12.121212121212132,9.222355364508992,2.153507111406571,0.0,0.0,0.320079108983038,1.0639803139767776,4.0,7.0
ZTG,2026-08-07,11.52,0.0,0.0,no_fill,0,0,11.559633027522931,43647.0,3.514612856393134,108.63257176756348,2.0,0.0119047619047623,-5.73394495412844,0.0,-5.013167918646778,8.457711442786065,36.318407960199,0.9178082191780824,493347.6,18.134392490562984,5.314009661835756,14.365063347088428,4.703920724454726,0.0,0.0,0.320079108983038,1.0639803139767776,4.0,7.0
ABCL,2026-08-10,9.067119999999996,915.5313264000154,1.8312054985486328,eod,1,1,7.305936073059346,2761079.0,3.403790334373831,62.10393643210692,3.0,0.8671875000000012,2.2260273972602773,1.0,1.8681119279874487,26.40692640692641,9.235209235209243,0.9062499999999992,5000714.3,7.498871325487155,25.321888412017163,5.080220866199562,1.3638027671366868,0.0,0.0,-0.0853529213977146,0.692511769908547,0.0,10.0
ACHR,2026-08-10,6.519499999999999,-2038.1134399999949,-4.076386225937562,stop,0,1,3.744149765990642,6272181.0,2.6637761024046656,59.62408248698784,2.0,0.0833333333333351,-2.0280811232449283,1.0,-1.1343656981813066,14.669051878354209,5.364937388193203,0.9666555518506176,33338879.0,6.758714314634058,14.464285714285724,6.326193139988432,1.0223228561464228,0.0,0.0,-0.0853529213977146,0.692511769908547,0.0,10.0
CRDU,2026-08-10,19.8,0.0,0.0,no_fill,0,0,8.70279146141215,190183.0,2.808798980477022,75.45159037409677,3.0,0.4465408805031452,3.557744937055294,0.0,-2.110061849899824,3.3955857385398858,13.554046406338433,0.9832985386221298,962028.65,17.21314316858786,-76.98992443324939,20.74431497804464,0.90212074245398,0.0,0.0,-0.0853529213977146,0.692511769908547,0.0,10.0
CRSR,2026-08-10,14.978,0.0,0.0,no_fill,0,0,7.11978465679677,332207.0,2.313726517441954,96.96213583045264,0.0,0.0236294896030249,-6.15746971736204,0.0,-3.872441443041285,3.5540069686411138,19.512195121951223,0.9178571428571428,1972783.75,6.562661999373923,1.92043895747599,8.59282652057628,4.818652323144896,0.0,0.0,-0.0853529213977146,0.692511769908547,0.0,10.0
CWVX,2026-08-10,19.67,0.0,0.0,no_fill,0,0,9.297411516112,57362.0,2.9482930566644905,75.0297362676134,3.0,0.0,-5.388272583201266,0.0,-5.44659427715196,3.2170119956379493,11.177753544165762,0.921951219512195,1198838.15,16.556328483842872,-5.867727498756836,16.904105518703123,0.6260861818586605,0.0,0.0,-0.0853529213977146,0.692511769908547,0.0,10.0
ONDG,2026-08-10,3.929754,-2590.1979596999936,-5.180576188738519,stop,0,1,4.847938144329896,216283.0,2.339299737759553,54.33993651439158,2.0,0.0536948431685273,-3.608247422680405,0.0,-1.4657367312573863,7.777777777777772,11.666666666666664,0.9761904761904768,2817866.3,16.631593737595146,5.877858429296508,12.604864042851474,1.5143589317917605,0.0,0.0,-0.0853529213977146,0.692511769908547,0.0,10.0
ONDL,2026-08-10,10.03,-2589.8072,-5.179661016949153,stop,0,1,4.853387259858447,163739.0,2.398204337505448,74.94832160253281,2.0,0.1250000000000009,-3.1344792719919155,0.0,-1.651797523240419,7.6169749727965295,11.896626768226326,0.9588402085429434,1687520.8,16.856200742115647,5.549626467449322,12.369792142032944,0.8822682363381832,0.0,0.0,-0.0853529213977146,0.692511769908547,0.0,10.0
RKLZ,2026-08-11,3.2396899999999995,-4516.313119999986,-9.03296303041338,stop,0,1,8.668730650154794,593201.0,4.7584769107628215,31.201408202144,3.0,0.6785714285714288,-2.786377708978324,1.0,1.849154766867988,9.863945578231291,15.816326530612256,0.9354838709677414,8179106.45,15.70760502290573,-48.73015873015873,12.16929306855262,1.6028572412087876,0.0,0.0,0.1940416283973455,0.522579010923855,1.0,11.0
AEHG,2026-08-12,16.780189999999997,3104.028630000008,6.209524445194023,eod,1,1,6.704957678355503,37162.0,2.4356969660421885,91.88343725646756,0.0,0.3327321911632099,-3.325272067714625,0.0,-0.3170409603149987,12.211668928086832,21.438263229308006,0.9113924050632912,485925.35,25.662054702490835,10.119840213049264,21.830936551580148,1.426040028576406,0.0,0.0,0.5385693521594802,0.5675097152765646,2.0,12.0
BRUN,2026-08-12,21.393989999999995,1504.9111500000088,3.0099574693640783,eod,1,1,8.476237138657506,141668.0,2.8865619066004307,97.37737940957362,2.0,0.0289017341040446,-3.723664870161693,0.0,-3.625449195177751,9.672219236969376,6.555615260612586,0.9180327868852448,1741784.25,10.91243036923237,-22.835538752362947,9.683301861741178,0.6939860662995432,0.0,0.0,0.5385693521594802,0.5675097152765646,2.0,12.0
HYNX,2026-08-12,20.4612,2045.963640000007,4.093015072429784,eod,1,1,3.6310107948969503,52044.0,1.151236603294412,31.649258554845225,1.0,0.0472972972972975,-3.361138370951908,0.0,-1.8526397972077424,12.472406181015442,5.877483443708615,0.9953051643192498,1562652.05,16.685428845695395,-43.55962103525724,15.01567634826575,0.380034698063462,0.0,0.0,0.5385693521594802,0.5675097152765646,2.0,12.0
LUNL,2026-08-12,5.29584,649.4463899999992,1.2989440768603264,eod,1,1,6.507177033492821,197992.0,2.6115864324567104,90.77010521207902,1.0,0.1323529411764704,-4.593301435406686,0.0,-2.113408158022782,3.2608695652173925,13.391304347826088,0.9149940968122776,1332915.85,14.643941169006617,-1.4150943396226447,11.338230145299972,0.8179466093077068,0.0,0.0,0.5385693521594802,0.5675097152765646,2.0,12.0
ONDG,2026-08-12,4.28,0.0,0.0,no_fill,0,0,6.088992974238892,193296.0,2.1931480317725254,57.741349434175305,1.0,0.4211538461538474,-3.290398126463687,0.0,-0.2019512409120639,4.400977995110018,10.902200488997565,0.986768333707108,2925085.7,16.535654524452895,4.250592055470086,12.235414915828043,0.7732057218015869,0.0,0.0,0.5385693521594802,0.5675097152765646,2.0,12.0
ONDL,2026-08-12,10.9,0.0,0.0,no_fill,0,0,5.806451612903233,142173.0,2.2717714238110247,85.79832600602802,1.0,0.3176190476190485,-3.501382488479256,0.0,-0.8342096940498483,4.026845637583892,10.546500479386385,0.954545454545454,1732253.35,16.74807962244917,3.5305343511450307,12.047200909923674,0.7464006347570348,0.0,0.0,0.5385693521594802,0.5675097152765646,2.0,12.0
QMCO,2026-08-12,21.6316007,-7.512367699997295,-0.0150275517983226,eod,0,1,7.7457711442786,445457.0,4.456989350731104,43.84796898523022,3.0,0.3083049649945386,1.9402985074626715,0.0,-1.0548604225716816,3.608247422680427,28.917010309278364,0.9643665662489522,1734638.25,10.96834144743527,2.551543630324643,15.029753966777989,9.527191620500702,0.0,0.0,0.5385693521594802,0.5675097152765646,2.0,12.0
SKHL,2026-08-12,7.903639999999999,2012.490380000012,4.025107418860194,eod,1,1,3.55329949238579,92571.0,1.140120843248885,55.24746207882599,0.0,0.0,-3.55329949238579,0.0,-2.075722007425337,12.893982808022914,5.873925501432666,0.9756097560975616,3162236.65,16.53661225385854,-43.95049434525926,14.887193570755995,0.3662388771567745,0.0,0.0,0.5385693521594802,0.5675097152765646,2.0,12.0
SKHX,2026-08-12,12.236599999999996,2127.29418000001,4.254694931598666,eod,1,1,3.5274815422477417,229794.0,1.1199977358485875,46.12086693908639,0.0,0.0232558139534878,-3.36341263330599,0.0,-1.8023327068726152,12.661737523105357,5.914972273567472,0.9687500000000008,7849860.9,16.724837161282096,-43.824884792626726,14.874921683777549,0.3708288639866217,0.0,0.0,0.5385693521594802,0.5675097152765646,2.0,12.0
SKUU,2026-08-12,20.49129,1921.280400000012,3.8426570508738345,eod,1,1,3.831041257367393,256931.0,1.2504300480252406,58.98467642433653,0.0,0.0,-3.4872298624754468,0.0,-1.912151519297771,12.860310421286034,6.097560975609764,0.9454545454545434,11669373.45,16.72038475905195,-43.55420016634322,14.809697522204043,0.319323913658792,0.0,0.0,0.5385693521594802,0.5675097152765646,2.0,12.0
ARX,2026-08-13,19.62,0.0,0.0,no_fill,0,0,0.459183673469387,2540966.0,0.1738074887043739,41.904297263020986,1.0,0.2777777777777624,-0.2295918367347025,1.0,-0.0599182262161281,44.01175606171934,9.515062454077883,0.9729729729729728,2274785.4,6.436940816045403,29.20237310481214,5.242138302696389,0.9654572251079158,0.0,0.0,0.3080946031663834,0.5381365993560675,3.0,13.0
CVRX,2026-08-14,3.12,0.0,0.0,no_fill,0,0,3.2467532467532494,83271.0,1.5260994937138843,147.70195341969225,4.0,0.2999999999999977,-0.974025974025982,1.0,-0.9171870025225212,4.761904761904766,10.884353741496607,0.9062499999999992,1305276.0,8.358437846830638,-48.66666666666666,14.463610054514389,0.934959349593496,0.0,0.0,0.0848459916696621,0.6155898542113738,4.0,14.0
LUNL,2026-08-14,7.61,0.0,0.0,no_fill,0,0,12.850812407680948,356478.0,5.249659860486808,42.70262493895585,1.0,0.1379310344827587,1.3293943870014882,0.0,-4.194863015674367,18.7719298245614,38.42105263157895,0.9589041095890412,1552182.0,15.843223305016735,16.92573402417961,10.294163551290971,3.34642458165344,0.0,0.0,0.0848459916696621,0.6155898542113738,4.0,14.0
NMAX,2026-08-14,11.2089262,-1560.0910520000004,-3.120693220372886,eod,0,1,12.939868620515416,439904.0,3.0253678387814538,66.95012376801606,4.0,0.9254920337394568,11.975745325922189,0.0,5.876159728334125,4.26765015806111,7.270811380400416,0.9565217391304356,742156.95,4.576438763683638,3.9390756302521006,3.0849852439513725,2.3532677286118524,0.0,0.0,0.0848459916696621,0.6155898542113738,4.0,14.0
MRAM,2026-08-17,19.93964,-1476.6480699999868,-2.953965066570885,stop,0,1,2.5705645161290223,108296.0,1.9026523937674888,107.18189587283877,2.0,0.5,-1.0836693548387089,0.0,-0.0018707659063928,5.084745762711869,9.904661016949158,0.9839572192513364,1274418.9,8.313700738628777,4.918032786885244,6.89428940320599,1.231886940785326,0.0,0.0,-0.0206095267537524,0.5262526816368831,0.0,17.0
AGRO,2026-08-19,10.9,0.0,0.0,no_fill,0,0,7.072691552062875,203150.0,2.843235922954134,125.6100082098265,1.0,0.2916666666666676,2.0628683693516785,0.0,-1.5712949923131998,3.7716615698267,5.9123343527013255,0.9568965517241372,813053.65,4.314780181192057,-11.401218450826809,3.04131462373239,1.6510312695847316,0.0,0.0,0.3791777965991228,0.4407452056785108,2.0,19.0
EIKN,2026-08-19,13.540499999999998,-3555.728279999991,-7.112662013958109,stop,0,1,7.137254901960785,155835.0,2.994859318310027,108.20610669173789,3.0,0.8791208791208798,5.019607843137259,1.0,2.868205270268671,9.442060085836909,11.67381974248928,0.9558823529411762,376285.45,8.028532677469206,8.881298035866772,5.365739204162879,1.98745925466956,0.0,0.0,0.3791777965991228,0.4407452056785108,2.0,19.0
EYPT,2026-08-19,6.09824,1230.7141746000011,2.46145445243218,eod,1,1,7.537688442211059,565469.0,2.8127335536229503,91.2756009358663,1.0,0.2222222222222233,-4.020100502512552,1.0,-1.669247546474414,9.140767824497258,14.932358318098714,0.938785504407444,5062151.15,7.674540224967054,-59.55284552845528,16.1641909637397,3.207852258619342,0.0,0.0,0.3791777965991228,0.4407452056785108,2.0,19.0
ASST,2026-08-20,16.1,0.0,0.0,no_fill,0,0,5.125000000000012,612303.0,1.90129738519124,66.5006159314183,2.0,0.146341463414635,-3.749999999999998,0.0,-0.9544090029922804,8.621860149355054,12.830278343516635,0.947140060320652,2974317.35,6.600582128565448,7.890140864065163,5.516398788248512,2.5554404946062665,0.0,0.0,-0.4030894858658503,0.4854621623145111,3.0,20.0
BKKT,2026-08-20,8.46,0.0,0.0,no_fill,0,0,4.360812425328557,287468.0,1.932899426220288,81.24328652844048,2.0,0.4383561643835618,-1.3739545997610327,0.0,0.022934164979723,8.139534883720916,14.337209302325585,0.9281787870595658,1119184.65,6.869730260785422,4.690431519699801,4.9317573094270015,2.6267309867053665,0.0,0.0,-0.4030894858658503,0.4854621623145111,3.0,20.0
BULL,2026-08-20,9.95,0.0,0.0,no_fill,0,0,5.734406438631776,4443025.0,3.653212185049896,68.20662244238268,2.0,0.4736842105263162,-2.9175050301810783,0.0,-0.0224608040980194,15.046296296296283,9.143518518518508,0.924050632911394,9917286.25,4.351003754453365,14.252873563218394,3.3408641973177646,3.948030944453176,0.0,0.0,-0.4030894858658503,0.4854621623145111,3.0,20.0
DFDV,2026-08-20,3.94179,-1844.1292968,-3.688430890534504,eod,0,1,5.913978494623661,230430.0,2.3865747282877243,75.09558179933396,2.0,0.7636363636363637,4.247311827956987,0.0,0.7660164969860898,8.771929824561411,9.7953216374269,0.9253731343283584,694550.1,7.442359108752974,7.982583454281578,4.162813650167755,4.280569537028359,0.0,0.0,-0.4030894858658503,0.4854621623145111,3.0,20.0
ETH,2026-08-20,21.895489999999995,621.7065600000094,1.2437264477753371,target,1,1,0.8245533669262471,257413.0,0.3412563255256919,97.79638548452334,2.0,0.0555555555555643,-0.7787448465414483,0.0,-0.2526273688755192,8.769307424015935,8.91878425510714,0.932960893854748,1995383.5,2.333138151769081,8.122833085685969,2.718126162124684,3.99811164119579,0.0,0.0,-0.4030894858658503,0.4854621623145111,3.0,20.0
ETHA,2026-08-20,17.306765,666.4345199999884,1.3328891910186336,target,1,1,0.8693132425383865,2907937.0,0.3983993123230537,42.693926182665685,1.0,0.1000000000000047,-0.7823819182845437,0.0,-0.1931833756306069,8.658690176322406,9.06801007556676,0.930555555555556,30386780.0,2.41284216134127,7.97872340425531,2.776442548647063,3.5136475138201546,0.0,0.0,-0.4030894858658503,0.4854621623145111,3.0,20.0
ETHB,2026-08-20,29.51829,612.5273999999979,1.2256807558974414,target,1,1,0.8159102498725087,29605.0,0.228302674717377,131.17003468037916,1.0,0.1666666666666642,-0.6289308176100585,0.0,-0.235085025072553,8.70288248337029,8.647450110864744,0.9615384615384616,311438.75,2.266706511363171,8.34254143646409,2.75027146861461,2.7315547599648404,0.0,0.0,-0.4030894858658503,0.4854621623145111,3.0,20.0
ETHE,2026-08-20,18.4747585,608.9122380000101,1.2180023895847072,target,1,1,0.8120586637696889,269569.0,0.3651694910456476,89.79443452473727,2.0,0.0668896321070339,-0.7061379684953776,0.0,-0.2309624033878617,8.741878322504434,9.007678676904906,0.9213114754098354,1809184.7,2.340412527449962,7.976539589442812,2.7468276641630687,3.3227409009152025,0.0,0.0,-0.4030894858658503,0.4854621623145111,3.0,20.0
ETHT,2026-08-20,14.78,0.0,0.0,no_fill,0,0,1.5561569688768515,132883.0,0.6022401700951299,71.78319670068709,2.0,0.0334782608695646,-1.5040595399188013,0.0,-0.3464259369384858,17.581543357199674,16.467780429594274,0.9275362318840578,1421815.4,4.640845063734857,16.19496855345911,5.539658586631641,3.4027588954234145,0.0,0.0,-0.4030894858658503,0.4854621623145111,3.0,20.0
ETHU,2026-08-20,23.00882,1472.1423100000068,2.9443926285659288,target,1,1,1.6782911944202334,570015.0,0.6805574361046085,67.84391790782063,1.0,0.1038961038961012,-1.503923278116837,0.0,-0.3556880199438197,17.761806981519513,16.529774127310073,0.9285714285714284,4889633.1,4.757095398696014,16.38762049720954,5.468148908218587,3.7704481344418257,0.0,0.0,-0.4030894858658503,0.4854621623145111,3.0,20.0
ETHW,2026-08-20,16.37,0.0,0.0,no_fill,0,0,0.916310323762994,131782.0,0.344736970975415,54.45138264873928,2.0,0.0666666666666761,-0.8552229688454525,0.0,-0.2167403707917602,8.843085106382992,9.04255319148937,0.9264705882352932,931672.75,2.3041589664349016,8.12417437252312,2.765272357371296,2.574368521565109,0.0,0.0,-0.4030894858658503,0.4854621623145111,3.0,20.0
FETH,2026-08-20,22.85837,696.4064099999986,1.3930564602812858,target,1,1,0.8995173321632219,176195.0,0.3611973645601579,65.96115639350734,2.0,0.1219512195121892,-0.7898200965335661,0.0,-0.2024482340138445,8.886765408504536,8.95843287147635,0.925333333333333,1564418.55,2.3157040765367727,8.163265306122444,2.71846039950173,4.008934821183244,0.0,0.0,-0.4030894858658503,0.4854621623145111,3.0,20.0
GSOL,2026-08-20,6.59,0.0,0.0,no_fill,0,0,0.6069802731411235,29281.0,0.1677760193632489,81.70611443890708,0.0,0.2499999999999944,-0.4552352048558459,0.0,-0.0585955722434662,5.439999999999998,5.601600000000005,0.914310197086546,2596905.95,2.086340342527495,4.93630573248407,2.427603355441737,1.8898377894663447,0.0,0.0,-0.4030894858658503,0.4854621623145111,3.0,20.0
TETH,2026-08-20,11.44423,629.8787300000113,1.2597614693168748,target,1,1,0.8333333333333389,36484.0,0.3153195419787614,40.307220839726334,1.0,0.0526315789473762,-0.7017543859649129,0.0,-0.1644242082986865,8.674928503336513,9.103908484270734,0.9162303664921464,938092.3,2.304888262416404,7.852412488174078,2.7369899423880675,2.2366764976111626,0.0,0.0,-0.4030894858658503,0.4854621623145111,3.0,20.0
XXI,2026-08-20,6.118299999999999,-1709.7049799999886,-3.419495611526055,stop,0,1,3.1249999999999933,160590.0,1.3829581754925255,126.38958778147456,3.0,0.7027027027027036,2.1114864864864864,0.0,0.8964975803627906,6.66666666666667,12.702702702702704,0.9361702127659576,1473847.65,6.110095392791956,5.808757819481683,4.461279861176219,1.2634745524749456,0.0,0.0,-0.4030894858658503,0.4854621623145111,3.0,20.0
XXRP,2026-08-20,26.058943,1566.9181556000162,3.1350243177553616,target,1,1,1.7747400847131396,39210.0,0.6492176458753515,55.27797440886145,2.0,0.4120199609459765,-1.0011551790527455,0.0,-0.0910913194544592,24.55635491606713,10.311750599520392,1.0,179383.8,3.705372093919304,12.57043779800606,4.392233828657772,3.677673234706813,0.0,0.0,-0.4030894858658503,0.4854621623145111,3.0,20.0
ASST,2026-08-21,17.753099999999996,2726.338560000003,5.453470098180043,target,1,1,2.959590210586224,713765.0,1.7476897903221156,78.70214644137398,2.0,0.3846153846153836,-1.0813887307911283,0.0,-0.6022691821163789,8.92746435213888,6.8189708617482845,0.9000818256205111,3352062.85,6.641696097624738,8.190321368973958,5.611841960461265,2.9411864995311765,0.0,0.0,0.4523996852871664,0.5685369326733757,4.0,21.0
CIFG,2026-08-21,5.31,0.0,0.0,no_fill,0,0,7.399999999999984,152540.0,2.393096373840679,89.65625376000992,1.0,0.7297297297297302,4.199999999999999,0.0,0.036185718621008,4.166666666666671,16.89166666666666,0.9876665022200298,647961.05,21.841809450330725,-62.178517397882,20.19485290027206,1.17795506381132,0.0,0.0,0.4523996852871664,0.5685369326733757,4.0,21.0
MARA,2026-08-21,12.126269999999998,-2258.414892299991,-4.517135937101829,stop,0,1,4.269000853970967,6396614.0,1.4713197382931915,25.57042733111859,4.0,0.9699939987997588,3.116994022203232,1.0,1.7901341924425638,5.116696588868943,11.041292639138227,0.9593495934959356,45006868.9,8.011023935230702,-8.01256873527101,7.292647117522814,1.7256681012973112,0.0,0.0,0.4523996852871664,0.5685369326733757,4.0,21.0
MULL,2026-08-21,23.08,0.0,0.0,no_fill,0,0,2.329289428076246,178761.0,1.297843887362479,54.03243702380856,2.0,0.2931547619047606,-1.6464471403812784,0.0,-0.7170309143686137,3.127792672028594,9.42806076854334,0.924170616113744,8049822.55,13.94113367673167,-9.62911915800026,12.575586410343195,0.7523334784566151,0.0,0.0,0.4523996852871664,0.5685369326733757,4.0,21.0
RAM,2026-08-21,13.64,0.0,0.0,no_fill,0,0,2.287822878228786,325523.0,0.8962817881660703,37.21936266259407,2.0,0.1612903225806471,-1.2546125461254607,0.0,-0.8617146494730844,3.593272171253828,6.116207951070342,0.9,16173105.3,11.720712674475603,-11.77236619351478,11.928528712280306,1.122549916248922,0.0,0.0,0.4523996852871664,0.5685369326733757,4.0,21.0
RIOT,2026-08-21,22.13621,-1394.6539257999973,-2.790225155977464,stop,0,1,2.446445060018473,1615551.0,1.264968417728218,56.39854031080759,3.0,0.5187771277599579,0.7156048014773829,1.0,0.0275957227141994,3.167420814479634,6.6682543462729145,0.982142857142858,22853886.45,9.744149990269388,-9.144295302013422,7.305494022261358,0.9211846329095592,0.0,0.0,0.4523996852871664,0.5685369326733757,4.0,21.0
CBRZ,2026-08-24,10.86249,949.9908600000048,1.900393003814052,eod,1,1,4.489016236867246,55217.0,1.3710669426800026,57.939384838733545,3.0,0.4042553191489383,0.7640878701050627,1.0,0.2039959356036897,5.120481927710841,12.34939759036145,0.9837398373983745,1275040.6,20.78320384607127,-49.808245445829336,17.585984856519506,0.773584778398429,0.0,0.0,-0.1227602779083809,0.6166753245908281,0.0,24.0
SUPX,2026-08-24,9.8294,3306.9675514000005,6.6149500478157375,eod,1,1,15.858908341915562,109650.0,6.951053010293634,45.391759739467446,3.0,1.0,0.926879505664262,1.0,9.149518254662896,13.967136150234758,22.18309859154929,0.968253968253968,208903.95,9.983764974744266,13.17016317016318,7.09843044275478,2.767611622470518,0.0,0.0,-0.1227602779083809,0.6166753245908281,0.0,24.0
EXYN,2026-08-26,3.6108,-3104.358929999996,-6.20887337986041,stop,0,1,6.140350877192981,45674.0,2.6745965725113128,82.2793609747671,3.0,0.4761904761904767,2.0467836257310026,1.0,0.7685677854501225,6.211180124223594,30.133540372670804,0.969081727300835,1236681.65,20.95785042058408,5.230769230769228,16.929403610619794,1.4077066640392053,0.0,0.0,-0.1540650990325169,0.4596209459501499,2.0,26.0
LABX,2026-08-27,11.985749699999998,-2157.365078699991,-4.315372112267604,stop,0,1,4.078993055555548,37566.0,1.2336235853948867,57.23450160225375,3.0,0.6171525856565221,2.170138888888889,0.0,-0.1255618571904253,5.494505494505491,7.234432234432226,1.0,1510632.1,14.96815955244436,-36.46101066704908,9.668948106244308,0.3870267287448743,0.0,0.0,0.3158939014202118,0.4482326602905905,3.0,27.0
WDCX,2026-08-27,20.0,0.0,0.0,no_fill,0,0,9.639500000000004,89164.0,2.5740933945085773,24.23755583592071,1.0,0.0,-9.639500000000004,0.0,-3.812926975750639,5.429625724828683,8.487084870848706,0.9316770186335408,2257128.65,13.733465414998497,-35.400516795865634,10.531756754476715,0.4916166386882732,0.0,0.0,0.3158939014202118,0.4482326602905905,3.0,27.0
PLTZ,2026-09-02,9.67895,-1902.1145499999948,-3.804854865455437,stop,0,1,3.540772532188842,286236.0,1.5053476265382268,77.32683767165808,4.0,0.7878787878787871,2.7896995708154484,1.0,0.6030631824204185,3.211517165005547,6.755260243632351,0.9672131147540962,5087379.5,8.173920697873035,-30.34379671150972,6.440104089746212,0.9454075521592208,0.0,0.0,0.0879519021239823,0.6725941561710829,2.0,2.0
DPRO,2026-09-03,6.2186,-2207.381999999997,-4.414980863860027,stop,0,1,4.166666666666666,372015.0,1.636822893930708,85.46163718770796,4.0,0.9600000000000009,3.166666666666673,1.0,1.77439782274118,5.44815465729349,6.326889279437599,0.9166666666666684,1349829.4,5.902836952662264,4.895104895104899,5.878540125871115,1.5327729563454464,0.0,0.0,0.3580950389461039,0.5743873192627428,3.0,3.0
SHNY,2026-09-03,10.3005091,-432.1555031999988,-0.864333977434181,stop,0,1,0.4687500000000004,70678.0,0.2261446256555559,77.64629779052868,2.0,0.3812499999999993,0.0,0.0,-0.0550677006135039,5.025641025641027,2.9743589743589656,1.0,1288159.05,4.011074512293065,-13.864892373173618,5.144007859731826,1.0055062688105167,0.0,0.0,0.3580950389461039,0.5743873192627428,3.0,3.0
ARMG,2026-09-04,17.30175,-452.164323599991,-0.9046044475269664,eod,0,1,4.055555555555548,82375.0,1.701521122592383,64.45524737989925,4.0,0.9829135366033268,2.9772998805256883,1.0,1.4581302083144403,5.150753768844211,14.709170854271353,0.9053251911004824,681259.1,10.273663186683567,-32.98638911128904,5.985901521305501,1.0145156226170045,0.0,0.0,-0.1500316877271451,0.7155304972793932,4.0,4.0
AEHG,2026-09-08,8.3712,0.0,0.0,no_fill,0,0,9.000000000000004,176620.0,3.7095368921896346,73.8904042807789,3.0,0.5208333333333324,4.687499999999993,0.0,0.1316548386311881,8.936170212765957,18.70921985815603,0.9628506444275964,855732.2,18.982637515423605,-65.76914676924036,15.707745994423922,3.449883035837614,0.0,0.0,-0.1454186629273302,0.6559219482557836,1.0,8.0
BNC,2026-09-08,5.39,0.0,0.0,no_fill,0,0,6.145251396648046,1908754.0,2.4710737200983663,45.44825425223901,1.0,0.0606060606060619,-5.400372439478585,0.0,-1.7017823194921275,53.86819484240687,5.873925501432666,0.951219512195123,294643.75,7.443270913415537,53.42857142857144,6.064381986325079,2.0933754746197737,0.0,0.0,-0.1454186629273302,0.6559219482557836,1.0,8.0
CRWG,2026-09-08,22.6678,4030.0344000000096,8.062890973098423,target,1,1,4.434180138568133,213546.0,1.6792799335526585,101.88670153562458,2.0,0.4010416666666642,1.7321016166281755,0.0,-0.5916111722553605,8.195902048975496,10.019990004997496,0.930174563591024,1499980.35,11.582751269616958,-39.42361499720202,11.352931891554933,0.7235394783671666,0.0,0.0,-0.1454186629273302,0.6559219482557836,1.0,8.0
CWVX,2026-09-08,18.93664,4706.116800000003,9.413602413099694,target,1,1,5.181058495821725,55454.0,1.6518322533905645,57.4680522930701,2.0,0.4301075268817229,2.228412256267421,0.0,-1.019322653445891,7.743097238895554,10.084033613445389,0.9166666666666664,986370.4,11.553830553917582,-39.60296096904442,11.387933874321345,1.2215147575393583,0.0,0.0,-0.1454186629273302,0.6559219482557836,1.0,8.0
EROC,2026-09-08,13.1393,2233.382800000005,4.4672090598433805,eod,1,1,4.724409448818895,126601.0,1.8938380035213107,53.34190116266322,4.0,1.0,3.1496062992126013,1.0,2.1075303568551287,3.000811030008104,6.082725060827251,0.973333333333334,3136044.35,9.043760853434426,-28.45070422535212,8.334532885960346,0.4959607793811972,0.0,0.0,-0.1454186629273302,0.6559219482557836,1.0,8.0
GLWG,2026-09-08,15.375989999999998,3308.217600000017,6.61811044362025,target,1,1,3.641267700606885,93940.0,1.3323261092447345,34.9061736742343,2.0,0.8148148148148158,2.6972353337828747,0.0,1.3197969418526685,6.0239930222914975,9.258332499249326,0.9632432432432424,894560.35,8.776196109162608,-20.817982807410964,7.192370463755752,0.8069584125878148,0.0,0.0,-0.1454186629273302,0.6559219482557836,1.0,8.0
HYNX,2026-09-08,29.93955,-1283.8124999999952,-2.5676738628336007,stop,0,1,2.2226021542144028,45850.0,1.280991744424835,52.00719454321974,4.0,0.6692307692307705,1.3335612925286393,1.0,0.3571767972489199,8.717472118959117,14.01449814126394,0.9310591792885748,567682.5,8.447845675850344,3.8529829545454577,8.45128863044305,1.0317298842222544,0.0,0.0,-0.1454186629273302,0.6559219482557836,1.0,8.0
INTW,2026-09-08,24.2726,623.46520000001,1.2474971778878443,eod,1,1,4.531722054380667,466423.0,2.191827926898059,98.31903276844692,3.0,0.2104761904761904,0.8675010789814284,0.0,-1.0731730480133286,10.728793309438474,7.933094384707289,0.9548192771084342,3626205.3,8.370640155631198,-14.137483787289224,5.686184953286194,1.0103716411202643,0.0,0.0,-0.1454186629273302,0.6559219482557836,1.0,8.0
IRE,2026-09-08,12.58765,3847.994160000017,7.696273728614986,target,1,1,4.214876033057864,536167.0,1.873639356781973,37.317762083176085,3.0,0.8235294117647067,2.975206611570258,0.0,0.319526323623108,6.796116504854364,15.53398058252427,0.96875,7738392.1,13.932919098304694,-17.77098199116548,10.945736672339796,1.0453821537422483,0.0,0.0,-0.1454186629273302,0.6559219482557836,1.0,8.0
IREG,2026-09-08,10.300809999999998,3485.2304799999965,6.97187891049344,target,1,1,3.834510595358214,81871.0,1.6021730713089113,88.7099638068602,2.0,0.7368421052631582,2.62361251261352,0.0,0.2523767898166532,6.903991370010794,15.836030204962254,0.9666212534059936,984441.8,13.650961295829026,-16.229923922231613,10.91903879329607,1.0167833182215544,0.0,0.0,-0.1454186629273302,0.6559219482557836,1.0,8.0
IREX,2026-09-08,18.24457,-1159.3194819999906,-2.319097134106184,eod,0,1,4.781105990783421,108752.0,1.9585928791844576,89.63885755409257,3.0,0.7951807228915647,3.801843317972351,0.0,0.6579997175434202,5.4037644201578665,15.11839708561019,1.0,1541998.55,13.712968552460932,-17.293949499761787,10.989642407178792,1.0724997114945407,0.0,0.0,-0.1454186629273302,0.6559219482557836,1.0,8.0
NBIG,2026-09-08,19.84,0.0,0.0,no_fill,0,0,6.931757119828045,192573.0,2.65844708973559,40.59189480525986,3.0,0.5442635658914716,3.450295540032237,0.0,-0.6425699550903533,7.138744962579151,13.932066781807723,1.0,2469187.75,13.366171868878808,-33.34527220630373,18.094481886826543,0.799947270109371,0.0,0.0,-0.1454186629273302,0.6559219482557836,1.0,8.0
NBIL,2026-09-08,28.8086,0.0,0.0,no_fill,0,0,6.675032293781134,290189.0,2.577422063104472,27.8086931769478,3.0,0.4755059161782595,2.823399151134898,0.0,-0.9931706909296178,7.562524811433098,14.13219531560144,0.9943818646591196,4213219.2,13.428864200504703,-33.115280177733894,18.12534975976477,0.9099184775385054,0.0,0.0,-0.1454186629273302,0.6559219482557836,1.0,8.0
NEBX,2026-09-08,29.555,0.0,0.0,no_fill,0,0,7.137694253704378,198921.0,2.599708302269629,28.23276248258989,3.0,0.4962025316455695,3.2164799421756305,0.0,-1.1795908897478449,7.164988381099928,14.05886909372579,0.9889807162534436,2807910.9,13.431725113162,-33.48557692307692,18.12066237120311,0.7136754232479385,0.0,0.0,-0.1454186629273302,0.6559219482557836,1.0,8.0
RAM,2026-09-08,14.87,0.0,0.0,no_fill,0,0,3.124999999999994,612842.0,1.166883880317265,60.625677636105344,3.0,0.2608695652173901,-1.2907608695652262,1.0,-0.8452387076363199,6.512301013024604,9.5151953690304,0.9885931558935356,13267193.6,7.142904494480702,-4.154186743065503,7.780665290342073,0.937702454270359,0.0,0.0,-0.1454186629273302,0.6559219482557836,1.0,8.0
SKHL,2026-09-08,11.55456,-1366.5098699999958,-2.7332066301096627,stop,0,1,2.3936170212765924,105373.0,1.4096239652397955,66.07478643575665,3.0,0.7407407407407393,1.5070921985815595,1.0,0.5620003040604538,8.775313404050147,13.497589199614266,0.9430592269772088,1600922.6,8.424782029022218,3.869316193668386,8.499593071197097,1.0572709761233927,0.0,0.0,-0.1454186629273302,0.6559219482557836,1.0,8.0
SKHX,2026-09-08,17.873459999999998,-1317.051359999993,-2.63452068038308,stop,0,1,2.2962112514351234,116513.0,1.3883880549512129,54.544974660472775,3.0,0.5499999999999992,1.2629161882893158,1.0,0.1554624320675927,8.468244084682459,13.573474470734745,0.9449974769484834,2616446.15,8.523131540576884,3.5671819262782485,8.504610995539329,0.7872158958822829,0.0,0.0,-0.1454186629273302,0.6559219482557836,1.0,8.0
SKUU,2026-09-08,29.9897,-1365.1062999999929,-2.7306041740997604,stop,0,1,2.392753375491367,145109.0,1.40404706851552,45.38412151790689,3.0,0.6000000000000031,1.2476499743633636,1.0,0.2640156700392312,8.916604616530154,13.328369322412502,0.9245810055865924,3688614.2,8.523954803279057,4.073283528993239,8.535709674625389,0.6113553431529922,0.0,0.0,-0.1454186629273302,0.6559219482557836,1.0,8.0
WDCX,2026-09-08,20.128,0.0,0.0,no_fill,0,0,3.68981246832236,58151.0,1.5746263981265842,67.64055746605402,3.0,0.3159340659340658,-0.5068423720223082,1.0,-0.6034924068614962,5.114544485881731,10.44219499200851,0.9795918367346944,1624392.95,11.045434933536807,-25.63136072370901,8.273572957737557,0.8994560090894264,0.0,0.0,-0.1454186629273302,0.6559219482557836,1.0,8.0
SSL,2026-09-09,14.35293,1136.767608000005,2.273932918226464,target,1,1,1.35996600084998,286878.0,0.5974715975447378,46.86590048165048,4.0,0.7916666666666621,1.0766397506728944,0.0,0.3897818247835551,6.150375939849621,2.255639097744366,0.9000000000000024,1308608.8,2.490544791667568,5.911477869467369,2.991275134170842,1.0535577935896503,0.0,0.0,-0.2454436262990228,0.6496155264707524,2.0,9.0
AAOZ,2026-09-10,13.93,0.0,0.0,no_fill,0,0,2.868840579710139,43449.0,1.6527240755742836,33.440837204626305,2.0,0.3180095983834299,-1.0144927536231925,0.0,-0.4058909000560987,7.309486780715408,9.927682737169516,0.9295057570298426,2493471.95,15.974126940502977,-14.650965742876757,14.03900129266034,0.20115566168691,0.0,0.0,-0.5731899265477446,0.5202721023478563,3.0,10.0
BEZ,2026-09-10,6.568647,-3840.640748099993,-7.6822076144447875,stop,0,1,7.356374807987716,436396.0,3.0244196767438147,112.78369303417291,2.0,0.3965337231154721,-3.840245775729647,1.0,0.5512584448096058,6.372549019607837,7.843137254901968,1.0,1788132.05,14.527377130005997,-52.780235881218,9.285512760609237,1.67280151373608,0.0,0.0,-0.5731899265477446,0.5202721023478563,3.0,10.0
MSTZ,2026-09-10,4.64,0.0,0.0,no_fill,0,0,3.311258278145683,983394.0,1.5204664080306374,53.35404992449191,3.0,0.2019999999999977,-0.214128035320099,1.0,-1.0358624606224802,6.588235294117653,12.94117647058822,0.9636363636363644,25528563.25,14.411199086921515,-62.48447204968943,13.2956684248439,0.9288352723884686,0.0,0.0,-0.5731899265477446,0.5202721023478563,3.0,10.0
SMST,2026-09-10,22.94,0.0,0.0,no_fill,0,0,3.201422854602056,30500.0,1.3993730989793371,39.833035032806016,3.0,0.2777777777777808,-0.3112494441974066,1.0,-0.5575782536471124,6.688804554079697,12.808349146110054,0.9703703703703696,867950.3,14.244421481876609,-62.672199170124486,13.458114827201712,0.9594086205166356,0.0,0.0,-0.5731899265477446,0.5202721023478563,3.0,10.0
INDP,2026-09-15,3.55,0.0,0.0,no_fill,0,0,9.99115044247787,200237.0,4.583912064729466,73.24065280652552,2.0,0.2028343666961907,-3.2448377581121037,0.0,-3.341071056236146,7.961783439490445,15.605095541401278,0.9183673469387754,1867312.15,16.011654077718873,6.6037735849056585,16.323564779414113,0.7422572599873032,0.0,0.0,-0.1002786247502935,0.5187660833983196,1.0,15.0
VEEA,2026-09-15,5.29584,18097.83054000001,36.19709054654221,target,1,1,22.40184757505775,11885835.0,7.906325578918291,46.17930765278751,2.0,0.6183505154639173,13.390300230946876,0.0,0.832820229350338,89.08296943231441,34.06113537117903,0.9102564102564104,3762977.5,12.337307666942902,83.47457627118645,367.6001280771949,7.659131631799553,0.0,0.0,-0.1002786247502935,0.5187660833983196,1.0,15.0
WAY,2026-09-15,27.1813,-989.326829999996,-1.9791915765618195,eod,0,1,5.702087994034313,279423.0,2.579098318921626,56.87417413150643,2.0,0.522592035571831,-1.678225205070839,1.0,-0.5459802438150829,7.710843373493984,5.3012048192771095,0.939393939393938,2040030.15,3.9563025851890874,-0.1860811313732814,2.8005413327922,1.5495403339994755,0.0,0.0,-0.1002786247502935,0.5187660833983196,1.0,15.0
VRA,2026-09-16,4.361044,-2123.593159999998,-4.247239881092689,stop,0,1,3.952941176470592,165949.0,1.7426638686504534,77.38166368042677,2.0,0.2982142857142883,-0.4682352941176425,0.0,-0.7516599593725031,3.911980440097803,22.24938875305624,0.9340659340659336,683462.75,5.737638258975773,2.4096385542168584,8.384497877601818,16.91751159810831,0.0,0.0,0.2785883098535779,0.5509826296896069,2.0,16.0
BRUN,2026-09-17,16.288719999999998,1824.1522200000031,3.649028284604322,eod,1,1,3.7247474747474634,115082.0,1.327241135724032,90.6211121901349,1.0,0.5762711864406797,0.9469696969696992,0.0,0.7473388706446595,4.4854881266490745,10.29023746701846,0.9807692307692312,2279766.65,9.275423502585278,-25.981308411214947,7.466965359390916,1.8460060375038825,0.0,0.0,1.2068165241031792,0.963300406798944,3.0,17.0
CONL,2026-09-18,5.5165,3353.378878800009,6.707289041965033,target,1,1,3.6672897196261713,2461391.0,1.644986670451165,32.7498416502992,4.0,0.8725790010193663,2.3364485981308416,1.0,1.152598113476075,5.108055009823179,9.135559921414552,0.956989247311827,24509559.35,11.430505659095347,-20.029895366218245,11.372636228276892,1.2148637425421522,0.0,0.0,-0.1691581431943453,0.8762020406399161,4.0,18.0
CPOP,2026-09-18,4.854519999999999,-3491.772959999998,-6.984006657712809,stop,0,1,6.779661016949159,96980.0,3.726635759556143,56.38868722914119,3.0,0.9687500000000008,2.3305084745762783,1.0,3.883200790467944,26.881720430107517,17.74193548387097,1.0,802594.75,9.103454458338804,24.210526315789476,324.5971382560189,1.940193354118003,0.0,0.0,-0.1691581431943453,0.8762020406399161,4.0,18.0
FPSX,2026-09-18,4.87458,-1531.4726699999983,-3.063033122853658,stop,0,1,2.674897119341561,7323.0,0.9022290104767756,107.62664166468386,1.0,0.6415384615384563,-0.9588477366255276,0.0,0.5835291530694697,8.482142857142854,8.90625,0.9273182957393484,309055.55,10.376380626747231,7.78443113772455,11.032702523201545,2.0395750860969817,0.0,0.0,-0.1691581431943453,0.8762020406399161,4.0,18.0
CISO,2025-01-02,3.84,0.0,0.0,no_fill,0,0,5.347593582887693,53898.0,1.115623326614298,169.1012957371075,1.0,0.5500000000000002,0.2673796791443793,0.0,0.5940277226076651,7.780979827089338,20.46109510086455,0.9859154929577468,0.0,0.0,0.0,0.0,0.0,0.3121871765723938,-0.2646804323113635,0.5647693147693055,1.1619235494508564,3.0,2.0
KSCP,2025-01-06,17.440866099999997,-4862.530402599994,-9.727877562227246,stop,0,1,9.366427622536476,46238.0,3.156722645280717,89.78654404843678,2.0,0.4482102290170065,-5.168298952768186,1.0,-1.0185730810591302,22.714890613973186,16.446718419195488,0.9268397339626688,0.0,0.0,0.0,0.0,0.0,0.2196991295889545,0.0955942777600835,0.7297913675141374,1.307267393148991,0.0,6.0
TSLG,2025-01-06,14.81,0.0,0.0,no_fill,0,0,1.8849818356295864,9260.0,0.3545812325299523,99.8904675615175,2.0,0.1869090909090878,-0.0178216464459596,1.0,-0.651031220930325,5.640839971035481,13.889210716871837,0.969709608466712,0.0,0.0,0.0,0.0,0.0,0.2196991295889545,0.0955942777600835,0.7297913675141374,1.307267393148991,0.0,6.0
BGM,2025-01-07,13.02897,-161.03888999999683,-0.3221283033117673,eod,0,1,5.609756097560972,4887.0,0.6184854295879745,45.85811126470102,1.0,1.0,5.609756097560972,0.0,1.510133776315726,7.989464442493416,20.81211589113257,0.961822400337482,45347.0,7.99326970751221,7.13819084534647,9.365546257906988,2.9862173903455576,0.1389284100229384,-0.0753226319401322,0.3460091373286659,1.2950402815366315,1.0,7.0
INGN,2025-01-14,11.62,0.0,0.0,no_fill,0,0,5.410122164048858,30337.0,1.647294666051871,97.84333139200886,1.0,0.5645161290322582,-0.959860383944164,1.0,0.0580584601409435,10.93901258470475,9.77734753146176,1.0,203513.22222222225,5.186864001686439,10.93901258470475,3.319216792639305,1.06209806733824,0.2156352683461101,-0.0616100766703199,0.5108446997712426,1.0963599200950664,1.0,14.0
BBCP,2025-01-16,9.6779,0.0,0.0,no_fill,0,0,3.998941798941784,64022.0,1.4485093950059504,166.17318281095805,1.0,0.1323101349563353,-1.0582010582010546,0.0,-1.8122965767044887,6.538895152198424,8.73731679819615,0.9548387096774192,135101.27272727274,5.529485745274798,6.120157215047726,5.046095838092006,2.018411777292993,0.1582012184859707,-0.0858325759870731,0.2353318263099264,1.0145048394102745,3.0,16.0
DOYU,2025-01-16,16.15,0.0,0.0,no_fill,0,0,3.4289276807979983,161828.0,1.7614430380201405,72.1051049888017,2.0,0.4090909090909092,-1.3403990024937649,0.0,-0.1591333502720479,30.51261187957689,11.472742066720912,0.957446808510638,65163.63636363636,4.135766485015022,29.87854251012145,4.341236699295992,2.759253627232143,0.1582012184859707,-0.0858325759870731,0.2353318263099264,1.0145048394102745,3.0,16.0
FSI,2025-01-16,4.6936388,10007.792604799995,20.01693014809745,target,1,1,11.284705882352933,81614.0,3.227890199833473,68.98904784371584,4.0,1.0,10.10823529411764,1.0,6.988655781694744,15.176151761517618,6.37127371273713,1.0,61050.454545454544,6.043266345963545,4.166666666666665,5.38545890588665,2.424814050971253,0.1582012184859707,-0.0858325759870731,0.2353318263099264,1.0145048394102745,3.0,16.0
SOUNW,2025-01-16,10.03,-0.1994000000013063,-0.0003988035892349,eod,0,1,10.180275715800647,28045.0,4.338446618121693,92.41483628164931,2.0,0.5737500000000001,1.7051961823966073,0.0,-1.1661812610884632,12.261904761904754,13.214285714285715,0.9189189189189192,226247.2727272728,18.66327885502712,-37.007348029392126,14.209721719342138,1.1460204442444308,0.1582012184859707,-0.0858325759870731,0.2353318263099264,1.0145048394102745,3.0,16.0
ANIX,2025-01-22,3.1722,0.0,0.0,no_fill,0,0,2.926984126984129,98833.0,0.8438603001923031,126.67247813323146,1.0,0.759219088937091,0.0,0.0,0.6960385731617934,12.099644128113871,9.074733096085422,0.9411764705882348,155778.7857142857,8.315150607902245,11.504424778761052,6.897095782653816,2.2013010207239847,0.1187945603379924,-0.0198871138104028,0.4759141033081842,0.6445171453300713,2.0,22.0
GHRS,2025-02-03,20.5,0.0,0.0,no_fill,0,0,6.449999999999996,569702.0,3.126774993982916,31.595365562304963,2.0,0.0852713178294569,-3.399999999999999,0.0,-2.05550798823673,88.67924528301887,9.355660377358506,0.9697489160028224,102517.2,9.084470821830129,88.1467544684854,4.425402833331069,1.7883340551634264,0.3737324312011797,0.1400442067255034,-1.5203881559270362,1.0896814019561352,0.0,3.0
VALN,2025-02-06,7.2378,0.0,0.0,no_fill,0,0,0.8027777777777819,21403.0,0.0771214147139683,141.3571932332778,1.0,0.2024221453287233,-0.1152777777777805,0.0,-0.0529666705785693,7.946026986506751,9.734632683658177,0.9383951948251964,54034.3,4.9507700673019,7.302533532041731,5.472671232981203,2.115286031280131,0.108914485626583,-0.062708340209247,0.292939657740555,1.143959556332789,3.0,6.0
FHTX,2025-02-10,5.945182199999999,-4378.348601999988,-8.756875441092433,stop,0,1,9.126605504587152,49755.0,2.8843223503175297,93.80248858920714,3.0,0.5828307197426625,4.952293577981648,1.0,2.3488690167545525,14.736842105263165,14.315789473684204,0.9705882352941184,109971.75,9.214479968024287,10.934701188731484,5.3084743558717,2.211958980374505,0.1175350585274692,-0.0869219689067662,0.542636949248463,0.9778811887872528,0.0,10.0
MUU,2025-02-14,20.22048,-1681.0588799999955,-3.3631249109813326,stop,0,1,3.058103975535176,37907.0,1.1744209146512907,63.69368152524304,4.0,0.8833333333333331,2.395514780835876,1.0,1.01510473631852,5.370569280343716,7.357142857142864,0.9197751660705163,331749.1,7.533952999620856,-23.92400155098875,7.478034454333779,1.050863438664943,0.0918123094074924,0.0278715939272648,0.0344414740950972,0.8910399454275967,4.0,14.0
ACHR.WS,2025-02-18,4.19,0.0,0.0,no_fill,0,0,6.95443645083934,36409.0,3.4981039491909174,80.71654052225932,3.0,0.2068965517241377,-5.035971223021582,0.0,-2.9247847441387185,13.93442622950819,10.655737704918035,0.9230769230769236,147974.15,11.745112965099915,13.008130081300813,7.836256187188296,1.6589992238509226,0.1014929282346785,-0.036062729177572,0.1935378054780957,0.8071256698853424,1.0,18.0
MPAA,2025-02-18,10.882549999999998,-199.3795999999923,-0.3988035892322878,eod,0,1,10.940695296523522,28456.0,2.044289839865025,64.77004403131268,5.0,0.9252336448598132,10.12269938650307,1.0,5.0460394625031855,5.161290322580631,9.12473118279571,1.0,106304.6,8.420440176155106,5.161290322580631,5.676315230937093,2.063767701491751,0.1014929282346785,-0.036062729177572,0.1935378054780957,0.8071256698853424,1.0,18.0
WOK,2025-02-20,5.105269999999999,-4993.156909999994,-9.987130945082228,stop,0,1,10.20833333333334,3704694.0,4.976695918774758,21.37343633916112,3.0,0.2040816326530622,-2.083333333333326,1.0,-3.835795879554021,92.77108433734938,20.851405622489963,0.9437596302003084,122011.0,17.415846990012334,-15.789473684210533,12.4776208468169,0.8574472793436657,0.0873191071866555,-0.0474204889215867,-0.2267795669978605,0.4740886838609913,3.0,20.0
RIOX,2025-03-03,15.96,0.0,0.0,no_fill,0,0,6.015037593984967,25441.0,2.340581467280744,50.23974919142991,3.0,0.7916666666666657,-1.253132832080207,1.0,1.8634469046756967,19.01565995525728,15.212527964205824,0.9656862745098038,307893.55,15.662727331004916,-38.2830626450116,8.887162360086585,1.114089593627408,0.2885034721057445,0.1174142037639715,0.3365983372042142,1.8837371606417952,0.0,3.0
CYD,2025-03-05,21.54444,2581.881600000001,5.16550905941394,eod,1,1,3.740530303030299,64842.0,1.8479761373623305,43.41046036041345,3.0,0.9873417721518968,1.6571969696969595,1.0,1.5472071423713276,6.290890790135883,11.273276295923496,0.986607142857144,645984.9,12.498252340160388,-19.080459770114945,9.281367857162367,0.6410521360483813,0.2323524821834252,0.1491217422968239,-0.0294698887078249,2.444013593447964,2.0,5.0
MGIC,2025-03-11,13.981819999999995,-1699.8158399999909,-3.399700468179375,stop,0,1,3.012912482065997,26535.0,1.0941040146139622,120.08873433846637,3.0,0.6428571428571419,-1.07604017216643,1.0,0.415905702106016,8.48249027237354,6.623346303501937,0.9765009987075554,50497.5,2.4551922150788155,4.1853512705530544,2.5064240359092835,7.652537254319521,0.3038970325348669,-0.0768680729352788,-0.2104962717185885,2.095295916243208,1.0,11.0
MGTX,2025-03-13,8.49,0.0,0.0,no_fill,0,0,10.866752910737384,706494.0,4.594686358569522,39.75104388946001,4.0,0.8139285714285716,7.809831824062094,1.0,2.4230328587576047,20.592823712948523,5.070202808112327,0.96923076923077,347761.95,6.391903421911119,-0.8656620711766578,3.5612860293572144,0.7856092364331405,0.2309799638310379,-0.0304392200397427,-0.0679943457333539,2.1108740242907804,3.0,13.0
MKFG,2025-03-25,4.232659999999999,2632.6585600000103,5.265719429389577,target,1,1,2.8571428571428594,199265.0,1.2977624784853763,89.68510710600732,4.0,0.833333333333337,0.0,1.0,1.323119675988014,28.04878048780489,14.478658536585362,0.9896820383238574,77687.2,7.692608338521298,27.857773448202387,5.01701157645501,1.340143550031408,0.0843038414740159,-0.0225969059621059,0.2125139353400072,1.1625964361403551,1.0,25.0
OILD,2025-04-04,17.843369999999997,4279.326480000007,8.559145497739513,target,1,1,4.600345025876944,23727.0,1.1386619007072445,56.85109889210802,3.0,0.9124999999999998,1.897642323174228,0.0,2.064949870617644,11.760925449871465,9.252570694087394,0.9720775161491988,150822.85,5.247951911382167,2.97130540851008,6.212693730523752,2.9258166120054088,0.6759207988849146,0.0190938078781094,-2.427799515558056,1.9947792813335388,4.0,4.0
SCC,2025-04-07,14.633769999999998,558.2358880000123,1.1167183849411575,target,1,1,0.7607950651130956,13893.0,0.1600220057110079,167.2090361793363,0.0,0.8198198198198248,-0.1370801919122657,0.0,0.3225211049646295,8.637379002233807,6.664184661206265,0.905027932960893,90796.1,5.662821740552611,7.954125046244907,4.748726625585701,1.4326716676156794,0.5969050880026199,-0.3250270855904608,-3.184373020899298,2.8173780781400337,0.0,7.0
MEDS,2025-04-10,4.7,0.0,0.0,no_fill,0,0,6.047516198704109,16370.0,1.8547164450659737,120.45641397845549,1.0,0.4285714285714285,-1.943844492440601,0.0,-1.408081750218911,7.674418604651165,15.813953488372098,0.9117647058823524,121507.38888888888,17.231978993140363,-3.541666666666665,16.10170651810341,3.014639713268466,0.4424695626033402,-0.0432135878551063,-2.9984324304618943,8.515330794495735,3.0,10.0
AAPB,2025-04-14,22.36,0.0,0.0,no_fill,0,0,3.9891205802357166,99968.0,1.1425209184998837,76.77646288122428,1.0,0.0568181818181826,-2.4025385312783207,0.0,-1.9917178904661816,13.535769428718472,12.197632527020078,0.90295358649789,269275.5,8.606931066384483,-16.153553781832002,9.74179996527254,1.274170877038572,0.424616742031533,-0.2573434800191128,1.8934711765366707,5.933838140197816,0.0,14.0
AAPX,2025-04-14,21.1,0.0,0.0,no_fill,0,0,3.338102050548416,48826.0,0.8858410526000609,111.4562261829346,1.0,0.0714285714285721,-2.4797329518359543,1.0,-1.7969516259535163,14.2156862745098,12.608932461873628,0.9071274298056156,107825.2,8.564820545425372,-15.78313253012048,9.759536217667293,1.237771875220264,0.424616742031533,-0.2573434800191128,1.8934711765366707,5.933838140197816,0.0,14.0
SXTP,2025-04-15,3.44,0.0,0.0,no_fill,0,0,4.069767441860469,30619.0,1.3831895849653255,68.93022708701459,1.0,0.1785714285714309,-3.343023255813947,1.0,-1.1463568219882478,5.521472392638042,12.576687116564408,1.0,4600126.3,15.634803859376872,-21.993696002176925,15.209034119829507,0.0792913011975345,0.2948043284909591,0.1083975689297428,0.1029455408814271,3.201747563702307,1.0,15.0
RIOX,2025-04-23,7.68298,-2669.561819999995,-5.339855108304319,stop,0,1,5.219780219780218,38189.0,1.8366524076684847,73.85575230697947,1.0,0.5263157894736848,2.747252747252749,0.0,-0.1406700684809547,8.011869436201781,17.05489614243323,0.9134406263592868,280949.0,16.993881295667745,-35.859030837004404,12.99434201822417,1.7048218715852343,0.2905094091741644,0.1295264881668385,2.499762920815543,1.9575503007704,2.0,23.0
SMCZ,2025-04-30,19.49,0.0,0.0,no_fill,0,0,3.753910323253383,56219.0,2.222337069810353,39.423612523803705,3.0,0.1138888888888901,-1.7101147028154295,0.0,-1.5458459873144448,37.98561151079136,6.618705035971223,1.0,234534.75,16.07474638297857,-33.40277777777778,13.112174899816235,1.1047062322321106,0.381672419145717,-0.2090980478094891,-1.2177081829989895,1.376636921928476,2.0,30.0
AIXI,2025-05-01,3.85,0.0,0.0,no_fill,0,0,5.989583333333333,14579.0,1.397004153031153,81.83560174250852,2.0,0.0413043478260872,-5.481770833333326,1.0,-3.1034772486720814,5.494505494505487,20.329670329670336,1.0,116190.3,15.322212159921008,-9.981715035866657,12.626425759516366,1.3182942121674528,0.3319235505112717,-0.1962988739582816,1.0513218162801676,1.8327429778565425,3.0,1.0
WYY,2025-05-12,5.84,0.0,0.0,no_fill,0,0,4.861111111111115,51603.0,1.822494444464784,61.39443721287828,2.0,0.035714285714288,-3.2986111111111027,0.0,-2.703825380611657,5.30164533820841,8.226691042047536,0.9333333333333328,85701.35,12.552194285569923,4.727272727272724,6.098178924730788,2.6003207650754625,0.4316497274243738,-0.3886567266848941,3.035404188964099,1.2498113737481449,0.0,12.0
NVOX,2025-05-20,6.78,0.0,0.0,no_fill,0,0,2.6905829596412643,46127.0,0.5453001677437496,49.074181571938894,1.0,0.0,-1.3452914798206388,0.0,-1.1800804454017886,7.383627608346709,6.025682182985553,0.985615343633458,466369.05,5.444616268745225,-2.902757619738741,5.396699720600608,1.0333018453947578,0.1146498963092956,0.037092613511832,-0.2958729091367556,1.041297582013731,1.0,20.0
NYXH,2025-05-21,8.59,0.0,0.0,no_fill,0,0,8.654970760233919,19276.0,1.098472456289426,95.58112891405884,1.0,0.1081081081081081,-7.251461988304104,1.0,-4.264684671799268,11.038961038961045,14.675324675324674,0.9557522123893808,130906.8,5.9003873062601535,10.3225806451613,4.286530347389329,1.4656992608481758,0.2172923003721636,0.1393444015837572,-0.7438643839082344,0.9599463409626648,2.0,21.0
SBET,2025-05-23,4.1388795,12990.844080000004,25.98290189409961,target,1,1,13.69674185463659,17470.0,4.506533970719671,71.36338708460413,4.0,0.658737419945105,-1.253132832080207,1.0,1.461699433156082,6.117021276595756,28.457446808510632,0.9065420560747662,1250100.05,20.34247932177124,-17.391304347826082,186.56458459370447,0.1935357094018194,0.3420257647835041,0.2222299385395278,-1.2193657925877674,1.163684638835122,4.0,23.0
TEMT,2025-05-27,27.462139999999994,-3071.868981999992,-6.146061814556315,stop,0,1,6.102356122054841,47452.0,1.5574342139513142,44.10097960131274,4.0,0.9113867966326978,5.214368482039389,1.0,2.0148324806923537,7.160596026490068,16.783940397351007,0.9667077681874224,377668.1111111111,17.53884822216229,-21.9945766797228,8.771740506084143,1.284103650089011,0.2678860886924855,-0.1689047383418421,1.2018442092175987,1.270931622060122,1.0,27.0
DDC,2025-05-29,6.1746686,3945.3668915999992,7.891319057997702,target,1,1,4.342372881355928,8486.0,1.299383137276902,75.88127750152015,3.0,0.7743950039031993,3.3627118644067706,0.0,1.3218337344963291,13.899613899613913,21.81467181467181,0.920353982300885,134543.9,16.98396611954556,11.95445920303607,12.97157598549568,0.867114748420404,0.3136276262098293,-0.1770478535055398,0.9068790090687776,1.411749254444083,3.0,29.0
WETO,2025-05-29,4.25,0.0,0.0,no_fill,0,0,19.4300518134715,2121262.0,10.220252350898686,39.29897836786263,1.0,0.0399999999999997,-8.549222797927463,0.0,-8.095727878768615,96.93877551020408,22.90816326530613,0.910913140311804,42555.95,9.800953384715974,-9.495896834701052,8.718919136301619,2.7042516968837496,0.3136276262098293,-0.1770478535055398,0.9068790090687776,1.411749254444083,3.0,29.0
UHG,2025-06-02,3.2505224,4687.184581600011,9.37445624124912,target,1,1,4.968750000000008,30920.0,1.7976959960503591,105.95562486928824,3.0,1.0,1.2749999999999984,1.0,2.865320758548477,5.960264900662257,17.88079470198674,0.9814814814814818,503339.75,14.091900144978048,5.610561056105623,8.048060228198027,0.865937967347105,0.3113515720702204,0.2739213284333764,-0.2765571183766259,1.1773223536095403,0.0,2.0
ARAI,2025-06-10,8.3021319,13725.199076400011,27.45290278994486,target,1,1,16.231416549789625,157905.0,6.339721577509724,50.35628588160611,2.0,0.2937872634580487,4.628330995792427,0.0,-2.6754364786478924,13.264495631453537,16.411437648927723,0.9370825670312648,354335.76470588235,33.67847092859718,-82.175,11.784073576277017,0.5518071261090345,0.1266202392456084,0.0258238645829816,0.0900480256136735,0.8211298870771674,1.0,10.0
IMCC,2025-06-18,3.2094996999999994,2909.979746800004,5.820240456791451,target,1,1,3.171428571428568,89598.0,1.7665451516505977,62.41027173495896,4.0,0.9589589589589612,1.453968253968263,1.0,1.3280773825897991,5.351170568561862,25.4180602006689,0.960526315789474,673319.8,26.217694183013883,-55.75842696629214,25.73274878427994,0.6498308827395243,0.1821402312679687,-0.1545351246574434,0.1522936086891171,0.8679903972031497,2.0,18.0
ALAR,2025-06-24,14.4432,-2550.4801199999924,-5.102193419740763,stop,0,1,4.900900900900899,52771.0,1.5122405412848987,112.6860804258019,4.0,0.911764705882352,3.3513513513513504,1.0,2.5388121135123414,8.653093187157404,14.643696162881747,0.9679144385026736,244908.65,8.869326296861258,8.14497272018706,10.607314955998934,1.2278986471078095,0.1389969056641103,0.0099283504045712,0.6964925435307946,1.1156509533119527,1.0,24.0
GITS,2025-07-03,4.673979999999999,-6076.858729999988,-12.154309603378682,stop,0,1,13.34951456310679,3051800.0,5.060079109347833,29.595129319979264,4.0,0.7456363636363638,9.711165048543691,1.0,2.435467533217204,152.76073619631904,22.69938650306748,1.0,68319.6,11.17332366106702,66.80161943319837,6.338713837589792,6.828084473562491,0.1686882480520633,0.1429994377058336,0.3223466838584897,0.6125981299498948,3.0,3.0
NXAT,2025-07-07,4.68401,3426.140519999996,6.852675378575188,target,1,1,3.663793103448275,24750.0,0.9588581286599004,110.38446174602518,1.0,0.5882352941176452,-0.8620689655172422,0.0,-0.2301561040427923,7.906976744186044,10.93023255813953,1.0,2126630.2,25.204425633624723,-45.28172834264959,22.94967759536708,0.2036992609246309,0.1777492580412386,-0.0198283468356477,-0.316627754501554,0.5923066182908064,0.0,7.0
JOBY.WS,2025-07-16,5.34599,8207.130030400014,16.415672307654923,target,1,1,8.668593448940278,72733.0,4.076322568152384,107.2928236953097,4.0,0.9777728384085356,2.5048169556840056,1.0,3.600686101424429,10.19108280254778,16.772823779193217,0.9746835443037968,154177.8,12.452097612851109,9.725158562367865,9.68503080454036,1.7025343467088,0.1939848659740984,-0.0368731563421858,0.2571768412254513,0.6679068225501045,2.0,16.0
LITS,2025-07-18,9.0,0.0,0.0,no_fill,0,0,14.365256124721604,2819668.0,6.501579879333604,22.898568397448788,1.0,0.077984496124031,-13.022271714922054,1.0,-5.8874186896247656,99.55555555555556,18.888888888888893,1.0,79443.8,10.057258696390257,99.55555555555556,8.17328024112975,5.792446987681858,0.1239492126046771,-0.0632458802777592,0.2006241640659816,0.8916991950688099,4.0,18.0
CD,2025-07-21,6.115993099999999,-3202.336342499986,-6.404897677206313,stop,0,1,6.138564273789637,106142.0,3.286945818911978,45.68879242085646,2.0,1.0,1.7979966611018274,1.0,2.660443440969196,16.08527131782946,13.56589147286822,0.9428571428571428,430573.8,10.381092782119472,15.192307692307692,6.947192180724295,1.0212720792579577,0.0842928939500105,0.0540746866849086,0.1896172599509131,0.7408172212917755,0.0,21.0
MFH,2025-07-21,6.115993099999999,-3202.336342499986,-6.404897677206313,stop,0,1,6.138564273789637,106142.0,3.286945818911978,45.68879242085646,2.0,1.0,1.7979966611018274,1.0,2.660443440969196,16.08527131782946,13.56589147286822,0.9428571428571428,430573.8,10.381092782119472,15.192307692307692,6.947192180724295,1.0212720792579577,0.0842928939500105,0.0540746866849086,0.1896172599509131,0.7408172212917755,0.0,21.0
PXLW,2025-07-24,14.794249999999998,-2731.0767499999915,-5.463271203339119,stop,0,1,5.2854122621564485,89600.0,2.8514435228405937,99.83083730645494,3.0,0.1798666666666667,-0.3883016208597568,1.0,-1.9325264322653253,12.085308056872032,22.2740916271722,0.9893967871201108,43638.55,8.391941510708431,11.821212145091764,6.516465969845899,4.940860775621554,0.1230243149119942,0.0045383633527053,0.0614938269658293,0.5927480487727801,3.0,24.0
TPST,2025-07-28,8.5255,-3069.2768263999974,-6.139347838836427,stop,0,1,5.930992736077488,23510.0,1.5480038253657191,54.63758080679396,2.0,0.2000408246580948,-1.838983050847452,1.0,-2.074657989474529,6.443298969072166,16.671391752577314,1.0,80365.05,4.603475330362887,6.443298969072166,5.341127389837422,4.2623752489421705,0.082352941176467,0.0101960784313811,0.0596452676188974,0.4923057209151947,0.0,28.0
ACFN,2025-07-29,27.19133,-5083.503639999999,-10.171551005412386,stop,0,1,10.830618892508143,15774.0,4.444570629191761,49.49264751475464,4.0,0.99624060150376,10.342019543973953,1.0,5.275412247454747,11.890660592255124,19.11161731207289,1.0,0.0,0.0,0.0,0.0,0.0,0.1033899367128216,-0.0172316561188065,0.2213709297578999,0.3876760611808135,1.0,29.0
SNBR,2025-08-05,8.79,0.0,0.0,no_fill,0,0,7.551766138855043,90690.0,3.019753367838917,95.70339371108196,3.0,0.409354838709678,2.604141291108393,1.0,-0.2600588987270127,8.026315789473701,6.249999999999996,0.9473684210526307,816057.6,10.132640868639973,-12.75239107332624,6.978289610576642,0.4340306370530707,0.1376996248872294,-0.0823032240705246,0.098230270766989,1.154685149418569,1.0,5.0
MULL,2025-08-11,21.93,0.0,0.0,no_fill,0,0,3.1015037593984967,20693.0,1.4654743612956278,91.25273743357418,2.0,0.0454545454545471,0.093984962406013,0.0,-0.8046762351171867,10.305933090743231,11.630329984760367,0.9606899318090651,116868.15,5.429864730125907,3.5523114355231167,5.376196705079291,1.2627306926651958,0.1129464915996089,-0.0627480508886657,0.0439436266047406,0.8989238776786374,0.0,11.0
PALU,2025-08-13,19.99,0.0,0.0,no_fill,0,0,2.443721860930457,21220.0,0.7926475768947554,56.19071309043223,1.0,0.1033776867963146,-2.191095547773881,0.0,-0.8752546873386341,5.543822597676859,5.227032734952491,1.0,102828.3,6.064271125044011,-27.38830366872504,5.26249193019256,1.6009114222446543,0.1271495247398763,0.0387650990060628,0.345423143350591,0.7434605440803738,2.0,13.0
VALN,2025-08-13,10.792279999999998,-1633.8453599999968,-3.2683547869402885,stop,0,1,2.943969610636282,11746.0,0.6092740402883862,98.10027520818728,4.0,0.7096774193548396,1.3295346628680018,1.0,0.3633894511292762,12.02127659574467,4.340425531914888,1.0,79679.2,4.712522679054923,12.02127659574467,5.593897889845717,1.504056265625157,0.1271495247398763,0.0387650990060628,0.345423143350591,0.7434605440803738,2.0,13.0
SKYA,2025-08-25,12.035999999999998,-5594.191799999993,-11.188933200398791,stop,0,1,11.40350877192983,958430.0,6.361388011656335,61.75572961469932,2.0,0.8591538461538465,3.6570175438596495,1.0,4.704272289166472,54.99660095173351,15.09177430319511,0.9144144144144146,90454.9,12.133899676974684,53.02013422818792,11.550916550490468,2.2714745138184886,0.1335341521357722,-0.0442525969287095,-0.1968046365312767,1.0465045367904693,0.0,25.0
ANTE,2025-09-03,6.318899999999999,-3361.0175999999883,-6.72268907563023,stop,0,1,6.55737704918032,86033.0,3.239842101730928,45.681018864559306,3.0,0.2499999999999994,-1.6393442622950762,1.0,-2.1507688076612146,9.909909909909906,23.33333333333333,0.9652509652509652,1461752.2,29.281505338968817,-8.819133034379682,19.6849797248788,0.3181223192275681,0.1135921574729663,0.0342332529370617,0.3748418635887949,0.7455180966918891,2.0,3.0
SINT,2025-09-03,5.40617,4604.764159999997,9.210217214774966,target,1,1,4.999999999999996,471132.0,3.54464429333817,39.43641794245345,2.0,0.1157692307692309,-0.7673076923076975,0.0,-1.436156156215036,13.785557986870897,10.62800875273524,0.9794111591517404,91840.85,8.064184927728494,13.537117903930133,4.325521643208184,1.5060509566276878,0.1135921574729663,0.0342332529370617,0.3748418635887949,0.7455180966918891,2.0,3.0
YDKG,2025-09-03,6.318899999999999,-3361.0175999999883,-6.72268907563023,stop,0,1,6.55737704918032,86033.0,3.239842101730928,45.681018864559306,3.0,0.2499999999999994,-1.6393442622950762,1.0,-2.1507688076612146,9.909909909909906,23.33333333333333,0.9652509652509652,1461747.2,29.281505338968817,-8.819133034379682,19.6849797248788,0.3181234073853536,0.1135921574729663,0.0342332529370617,0.3748418635887949,0.7455180966918891,2.0,3.0
MIMI,2025-09-05,7.1,0.0,0.0,no_fill,0,0,6.476539589442814,33342.0,1.6627915735804517,108.1955344750518,3.0,0.5245641838351823,1.026392961876824,1.0,0.3676507401950632,6.065318818040445,18.97356143079316,0.9426229508196718,838678.25,21.38552070324382,-37.9966179973453,12.93301274774091,0.3048511154307388,0.1212660792680998,0.0214901912627001,0.3635691397584443,0.7737824782620711,4.0,5.0
MUU,2025-09-05,25.4645652,-1529.7172175999945,-3.060233677188398,stop,0,1,2.733279613215149,104989.0,1.0098253623937088,69.2681550768918,4.0,0.6485849056603741,1.3295729250604282,0.0,0.3960221358727031,5.706984667802384,8.688245315161836,0.960784313725491,472502.35,6.535927092596436,-3.0468750000000044,5.576188552417412,0.9749559975733456,0.1212660792680998,0.0214901912627001,0.3635691397584443,0.7737824782620711,4.0,5.0
ZUMZ,2025-09-05,22.00582,-2332.9350400000017,-4.666129233084706,eod,0,1,10.055027513756889,95700.0,3.9872573882076656,53.47651343792877,2.0,0.6567164179104474,6.303151575787902,0.0,0.7872088597309512,8.346883468834685,4.444444444444446,0.9390243902439016,182061.75,4.175608054965193,8.054054054054046,3.3130484807923346,2.6542093547930854,0.1212660792680998,0.0214901912627001,0.3635691397584443,0.7737824782620711,4.0,5.0
AMDG,2025-09-10,20.43,0.0,0.0,no_fill,0,0,4.197530864197538,35402.0,1.0747550212468957,98.80466671580722,2.0,0.3058823529411777,-2.0246913580246924,0.0,-0.2565052610916417,10.07827788649706,4.653185475103292,1.0,138442.25,5.830514990870634,-24.721189591078065,5.583192413393753,1.4428254380436607,0.1468720835946998,-0.0474274436607783,0.505897006135341,0.7779859509279212,2.0,10.0
CAMP,2025-09-10,3.22966,-6385.60288,-12.771623019141332,stop,0,1,13.029315960912063,864853.0,7.620956454130765,23.77098847590852,3.0,0.4124999999999997,-2.76872964169381,0.0,-1.2240949335937887,54.27135678391959,18.090452261306528,0.944444444444445,127856.15,10.963898179489776,52.736318407960205,7.240326148997638,2.518502238648669,0.1468720835946998,-0.0474274436607783,0.505897006135341,0.7779859509279212,2.0,10.0
SPAI,2025-09-10,8.00394,2546.1194400000154,5.092991701586999,target,1,1,2.784810126582286,42852.0,1.2710966396993624,76.6078575483239,1.0,0.4177272727272709,-0.6088607594936797,0.0,-0.2016003218733001,5.473965287049401,17.35514018691589,0.915378106008155,408976.35,13.352310782061364,3.947368421052641,9.23630813755207,1.1924748215880945,0.1468720835946998,-0.0474274436607783,0.505897006135341,0.7779859509279212,2.0,10.0
ADXN,2025-09-12,11.30381,-3159.835429999996,-6.320081459260189,stop,0,1,6.0798548094373865,15500.0,2.035055466364552,88.05788938791763,3.0,0.7138805970149267,0.5290381125226943,0.0,1.1851564088856654,25.512528473804103,12.300683371298398,1.0,19367.0,1.951204357235372,25.512528473804103,4.429016802353312,19.6765115918831,0.0517039492693063,0.0106449307319053,-0.0045618356826745,0.6271730946410605,4.0,12.0
QLGN,2025-09-19,3.04912,-1677.0201803999958,-3.354075930104415,stop,0,1,3.01672240802675,14980.0,0.7016771918790915,76.37425344951286,1.0,0.5011086474501107,0.1672240802675549,1.0,0.2060997270144433,5.281690140845083,25.70422535211268,0.931506849315068,235364.65,8.178751310898665,-1.9672131147540857,7.178015833860039,1.9688428147557413,0.1404133890960623,-0.1268249966029067,0.0105698668196856,0.7375486991123286,4.0,19.0
VALN,2025-09-30,11.7,0.0,0.0,no_fill,0,0,1.1139674378748845,13315.0,0.3917575553367647,77.57522205149813,2.0,0.3076923076923035,-0.5141388174807241,1.0,-0.2700619399148187,6.575342465753431,5.296803652968038,1.0,62620.9,3.859080970531093,6.575342465753431,4.322628562622341,1.6981231505775227,0.123695166837635,-0.0708984492849685,-0.1130062680810029,0.6512175484531886,1.0,30.0
ASMG,2025-10-02,25.17,0.0,0.0,no_fill,0,0,1.3190305919745755,8624.0,0.2497018493455609,55.797701363427606,1.0,0.0,-1.3190305919745755,0.0,-0.8179323718957542,7.197614991482118,7.86243611584327,0.9425274903851374,218448.5,3.635285713337076,6.715395932350001,4.351116509683534,1.0249875828856687,0.1081331006607339,-0.0365415305681096,0.2991996409604308,0.7386119109487471,3.0,2.0
FEAM,2025-10-06,4.653919999999999,-2663.516287199995,-5.3273455495582125,stop,0,1,5.1022222222222124,81231.0,1.719951675591202,104.61106414077057,2.0,0.1724738675958194,-1.1111111111111072,0.0,-1.1021074603432184,10.024449877750614,15.403422982885097,0.904761904761904,97982.45,7.375124675542654,0.0,5.250062295087361,3.4315839214063337,0.0967794767952559,-0.0938016467400198,0.3601261188565574,0.7280782639535012,0.0,6.0
NXAT,2025-10-06,3.18954,-2235.2408399999963,-4.470550612313994,stop,0,1,4.248366013071907,33804.0,1.0377799192743615,86.5674404706397,3.0,0.7692307692307679,2.9411764705882306,0.0,0.7908016198681583,5.51724137931035,7.93103448275862,0.9565217391304338,168586.55,8.569787046016863,5.154639175257729,5.740236884500319,1.5807963328035364,0.0967794767952559,-0.0938016467400198,0.3601261188565574,0.7280782639535012,0.0,6.0
CLLS,2025-10-08,4.45,0.0,0.0,no_fill,0,0,2.2471910112359668,27188.0,0.6497614109203825,159.2606406453984,1.0,0.6999999999999991,-0.674157303370792,0.0,0.0616757300908857,16.492146596858646,7.191099476439796,0.9635966508918812,151753.95,7.571411418802191,16.187989556135772,6.365403363352093,1.274286435377794,0.0821919851997666,-0.0417748336466405,0.1688785270205636,0.641542441418029,2.0,8.0
PXLW,2025-10-09,15.42,0.0,0.0,no_fill,0,0,9.38466622604098,50701.0,2.577663171818198,68.9904506422521,1.0,0.1337418128037183,-6.212822207534707,1.0,-3.108316445632981,6.250000000000004,20.154494382022467,0.9581881533101048,207203.5,12.208116633586831,0.8666666666666718,9.905900458987343,1.7168339337897285,0.1061586886803705,-0.0282100011877807,0.062396933636398,0.6041185251529895,3.0,9.0
TCRT,2025-10-09,4.32293,-2832.653348599996,-5.665419056056879,stop,0,1,5.324766355140186,222977.0,3.125127061342946,37.44249754864845,2.0,0.6270293988591489,-1.2850467289719767,1.0,0.8330388667609302,15.675675675675675,20.791891891891886,0.9749122578967896,48388.65,7.905842851979103,15.07541741725594,7.873630306826468,4.890795672125591,0.1061586886803705,-0.0282100011877807,0.062396933636398,0.6041185251529895,3.0,9.0
FOFO,2025-10-14,20.28066,-5382.266614499995,-10.766293108804142,stop,0,1,11.50109289617485,10692.0,2.751077824369798,79.23607401446236,2.0,1.0,10.491803278688511,1.0,5.37401872077157,12.823674475955624,28.97657213316893,0.9404255319148934,326284.1,29.7838788399942,-73.08823529411765,24.607717694987045,1.0732334183614831,0.2328129279649369,-0.1901305578380197,-0.8853161196911205,1.5820457346474543,1.0,14.0
TLX,2025-10-15,11.2889,0.0,0.0,no_fill,0,0,3.0557053009883166,82939.0,1.3817689503958843,106.96526547957306,2.0,0.0917377241987655,-1.3477088948787093,0.0,-1.3643332450913217,10.8565737051793,3.514940239043825,0.9716633607254136,184371.45,2.560664324797208,0.4512635379061436,4.149045311228945,0.7260722850528105,0.1402177499175108,-0.0404906871419716,0.6931126647841432,1.9843699107227115,2.0,15.0
CRDU,2025-10-20,20.19039,-3761.2420799999886,-7.523777401030865,stop,0,1,7.704654895666119,27799.0,2.618926076071516,35.94404139321615,3.0,0.728472222222223,5.612627073301227,0.0,0.2918078576328512,6.01247872943847,16.78956324446966,0.9560810810810804,254497.9,15.068384692657128,-34.28270042194092,10.813694717775176,1.423583455894921,0.2307807582796289,0.1873220440581447,0.4410060356116232,1.533617026798991,0.0,20.0
CORD,2025-10-21,23.6198476,-1677.3481215999857,-3.3560656843526515,stop,0,1,3.0334056399132217,8214.0,0.8108994787314922,42.88523694729399,2.0,1.0,2.165726681127975,1.0,1.479129919447291,5.059252506836825,14.129443938012768,0.9774193548387096,126318.70588235294,12.323691924988282,-16.210154384153718,9.49643956191326,1.0268946241486288,0.0982932713787987,0.0067018139576384,0.0208550573514226,1.2126409461489065,1.0,21.0
GRDX,2025-10-23,4.964849999999999,-3418.563599999992,-6.837668811746561,stop,0,1,6.477732793522273,60002.0,2.2715486505398714,98.95010239646054,2.0,0.9353124999999982,-0.2165991902834174,1.0,1.7312119774205124,12.785388127853892,7.990867579908688,0.9428571428571416,372027.6,12.854069209308005,-15.41095890410958,7.454546759069737,0.3379292289066725,0.1302219760810676,0.0478977383286587,0.0479185384845837,0.8289707685794431,3.0,23.0
CCUP,2025-10-24,14.89455,3823.8263999999945,7.649777938910531,target,1,1,4.054054054054052,28361.0,1.2872449720952972,48.2322490250419,2.0,0.4166666666666669,-2.027027027027032,1.0,0.0669344260002925,5.113636363636368,8.593750000000005,1.0,694617.15,14.021194514004964,-31.57651410078594,10.382932064620638,0.3859579338056942,0.1744375129349944,0.0533217041657971,0.6996546385613978,0.827319133385449,4.0,24.0
CRDU,2025-10-24,22.5,0.0,0.0,no_fill,0,0,8.590733590733597,168213.0,2.379864484021553,134.2741933747775,3.0,0.713483146067415,6.129343629343627,0.0,0.5432251440003697,8.595387840670863,19.60115303983229,0.930506163266397,282201.65,15.164222510777096,-6.455981941309254,11.79476932159388,0.976574729453212,0.1744375129349944,0.0533217041657971,0.6996546385613978,0.827319133385449,4.0,24.0
PRTA,2025-10-28,11.634799999999998,-2646.221509999996,-5.29300030941657,stop,0,1,5.158371040723984,71839.0,1.4170357129718825,126.50407080694352,5.0,0.8771929824561399,4.343891402714919,1.0,2.951997290909034,6.557377049180342,4.339440694310522,0.933333333333331,641695.35,4.647564004977754,1.376146788990829,2.916658674677022,0.6317437082877413,0.0822332513426658,-0.0392973059513725,0.2641410308796838,0.5490484600483962,1.0,28.0
GDEN,2025-11-06,29.9897,-748.9330899999916,-1.4980810078126656,stop,0,1,1.1081262592343797,186275.0,0.6315215630901231,30.93912508594485,2.0,0.8484848484848563,0.2350570852921433,1.0,0.3680102538208143,40.27319830428639,8.384361752237405,0.9325842696629209,226417.4,3.1440180805117546,28.750540423692183,2.541978010596517,1.464379504402047,0.155217526276103,0.0828713764098958,-0.1638182945187304,0.8805478815482086,3.0,6.0
ETU,2025-11-10,23.41,0.0,0.0,no_fill,0,0,1.0226398974797088,8334.0,0.1947743277776936,81.66721036006622,2.0,0.1228070175438554,-0.8970525416488717,0.0,-0.460947918793532,8.429828624363132,15.377952755905511,0.9608144333002022,245208.55,9.677741771588328,-33.19063926940639,9.734757882652357,0.7825053408618908,0.1624239560569403,0.0827033252613599,0.9337228192020488,1.2503422312103796,0.0,10.0
GLGG,2025-11-10,22.52738,-1485.087939999995,-2.970873665734754,stop,0,1,2.609086819613144,3009.0,0.6423843433653952,63.66729610202736,1.0,1.0,1.034637876743142,1.0,1.6557392547171583,7.626314464434411,18.30083079962043,0.9245502645502648,63528.55,14.630400429305936,-51.46288209606986,10.994338328450466,2.0829217729666425,0.1624239560569403,0.0827033252613599,0.9337228192020488,1.2503422312103796,0.0,10.0
JOBX,2025-11-10,27.86334,535.6344006000071,1.071551005730124,eod,1,1,3.746397694524505,14868.0,1.1249762484493868,44.40759473448446,2.0,0.3557692307692308,-2.341498559077817,1.0,-0.1254190715701605,9.766706207987356,21.708185053380777,0.9672131147540984,394016.05,14.739598929953951,-35.44186046511628,11.805787887461989,1.175271921029613,0.1624239560569403,0.0827033252613599,0.9337228192020488,1.2503422312103796,0.0,10.0
JOBY.WS,2025-11-10,5.616799999999999,1134.4324499999966,2.2690856003418256,target,1,1,1.341681574239701,5815.0,0.0904485194526207,68.52033195307865,1.0,1.0,0.1788908765652913,0.0,0.2436047243990411,7.293666026871399,22.264875239923228,0.9655172413793104,102365.45,14.73973000623983,-29.06091370558376,10.61519712533902,2.11026278886089,0.1624239560569403,0.0827033252613599,0.9337228192020488,1.2503422312103796,0.0,10.0
MOB,2025-11-10,6.920699999999999,-2364.4151999999945,-4.729290389700454,stop,0,1,4.366812227074246,8631.0,0.8942908162055601,84.9615063705201,2.0,0.2000000000000011,-3.0567685589519646,0.0,-1.716479907036463,5.2067381316998445,19.98468606431853,0.9425287356321838,409106.7,14.177014028776888,-36.652835408022135,6.553124370306223,1.081011384071686,0.1624239560569403,0.0827033252613599,0.9337228192020488,1.2503422312103796,0.0,10.0
SLON,2025-11-10,29.16,0.0,0.0,no_fill,0,0,1.1164548265200938,18925.0,0.2380793583609599,92.17367339706637,2.0,0.5073846153846145,-0.3782205427688052,0.0,-0.1990394765415842,5.931586608442499,16.951237263464343,0.9313039371431024,342822.5,11.481444585468196,-41.16814874696847,10.61128827539108,0.6882832952912951,0.1624239560569403,0.0827033252613599,0.9337228192020488,1.2503422312103796,0.0,10.0
UXRP,2025-11-10,19.7396,0.0,0.0,no_fill,0,0,1.4192893401015154,25128.0,0.4295041142243642,84.46137529545517,1.0,0.0,-1.218274111675119,0.0,-0.74480531839739,15.746180963572268,16.81022326674502,0.9598056691482292,309691.85,9.744431650110466,-16.772285593578378,12.023155436149064,1.1171039857845793,0.1624239560569403,0.0827033252613599,0.9337228192020488,1.2503422312103796,0.0,10.0
XRPR,2025-11-10,21.05,0.0,0.0,no_fill,0,0,0.8083689966714299,38494.0,0.2961624023054761,74.49075879133343,1.0,0.0588235294117733,-0.6657156443176442,0.0,-0.3783606207165546,8.067831449126414,8.992805755395683,0.9485714285714286,372772.65,4.777417859768156,-5.525606469002697,6.051189228779845,0.8915085374423257,0.1624239560569403,0.0827033252613599,0.9337228192020488,1.2503422312103796,0.0,10.0
DZZ,2025-11-14,5.5165,-2019.2273369999937,-4.038774585334892,stop,0,1,3.7640449438202177,34835.0,1.30517950759589,77.1520129345087,3.0,1.0,2.996254681647943,0.0,1.1012494192057325,28.98550724637682,28.5,1.0,552606.1,25.98122931254877,-57.28,34.34633073654468,0.2546624078163451,0.3929966937180656,-0.2690111211301418,-0.9910124397357254,0.9449193684444082,4.0,14.0
BNED,2025-11-25,9.35799,-628.0146170999907,-1.2560357512670806,eod,0,1,9.628770301624131,545692.0,4.4934974929665765,34.23128303454333,3.0,0.8012048192771073,6.322505800464037,1.0,2.6622526166675007,28.849028400597888,7.174887892376675,0.9375000000000012,229319.3,5.1263298963896125,-8.783068783068785,3.4360602915457767,2.131133314989188,0.2348084889999027,0.1263778173279732,-0.0149537182420442,2.324270721574612,1.0,25.0
GLXU,2025-11-26,17.03,0.0,0.0,no_fill,0,0,7.163828537874342,11756.0,1.4166777428711548,61.68302723074923,1.0,0.1176229508196716,-6.321197886083388,1.0,-1.0477782431138476,7.512626262626271,16.28787878787879,0.9031007751937984,224527.9,16.111647212856,-55.01848917062863,9.750406709643968,0.4640759567073847,0.1697166469893876,0.1010920897284453,0.3866552102159956,1.694373008441164,2.0,26.0
QNTM,2025-11-26,10.70201,5494.739200000008,10.989524397753335,eod,1,1,22.64367816091955,90471.0,7.018754571848568,75.74851648139007,5.0,1.0,22.64367816091955,1.0,7.947024547663107,8.2089552238806,24.751243781094523,1.0,70844.55,12.817937598578103,-37.31988472622479,9.078266270638515,2.577968241734897,0.1697166469893876,0.1010920897284453,0.3866552102159956,1.694373008441164,2.0,26.0
GEOS,2025-12-01,14.724842399999998,-2338.789697999989,-4.6784364904306,stop,0,1,4.323509252912946,50775.0,1.5760420239267925,128.7480980188664,3.0,0.9511731135066592,0.4112405757368095,0.0,1.3907736912466877,10.782080485952925,12.224753227031126,0.9254658385093172,274763.8,10.83791149512277,-49.28745220716024,8.936698595184323,1.0824715628477988,0.1340601060695297,0.1281673541543907,-0.6701883258461554,0.977852118438812,0.0,1.0
MPL,2025-12-05,10.34,0.0,0.0,no_fill,0,0,5.043646944713866,23266.0,1.0809828813318365,75.70165320289325,1.0,0.0955769230769224,-4.270611057226,0.0,-1.4241647538292683,5.527123848515875,12.528147389969297,0.9763071895424836,488042.5,14.188602441212527,-11.729452054794514,11.775432354831244,0.6984883488630601,0.1721496826901962,0.0904515281931584,0.1578047604436127,0.6704349328866847,4.0,5.0
WEED,2025-12-15,27.1,0.0,0.0,no_fill,0,0,10.27077497665733,29090.0,2.2647130414789487,86.60602428526391,1.0,0.0,-9.056956115779634,0.0,-5.689201588232342,5.725567620927934,21.91510365251728,0.9396396396396396,49899.65,7.475543524969709,4.3452844894777805,13.414112347038632,4.5927175841914725,0.2654144548795333,-0.2573936883859281,0.5837831494954263,1.1885753663459826,0.0,15.0
CRDU,2025-12-22,17.77,0.0,0.0,no_fill,0,0,4.598416289592754,30435.0,1.4941835233577676,59.49613944733916,1.0,0.1317343173431725,-3.483597285067873,0.0,-1.2987718040453275,7.086614173228336,12.162931556632335,0.911458592699568,467879.15,14.570602717018351,-46.9069069069069,11.580736657990991,1.0667519593467671,0.1681458628807008,-0.0380155863904187,0.4922199856007321,0.9727855534435984,0.0,22.0
FLYT,2025-12-22,20.21045,7829.888950000004,15.665905509278629,eod,1,1,11.17808219178082,3861.0,0.6553208298869027,15.081156077115237,1.0,0.7500000000000009,7.616438356164387,1.0,1.136049454341767,6.538237011091658,29.772329246935204,0.9411764705882352,26947.75,14.768792555918218,1.6429963798384948,14.84351105981239,3.947194107114694,0.1681458628807008,-0.0380155863904187,0.4922199856007321,0.9727855534435984,0.0,22.0
RIOX,2025-12-22,16.26,0.0,0.0,no_fill,0,0,3.4526901669758865,18760.0,0.9390856487853824,84.19775271512269,1.0,0.0148665591975643,-2.844774273345706,0.0,-1.7357122558129885,6.732673267326741,10.758415841584164,0.9938646542732684,398398.2,13.322823596370634,-22.14657820489364,9.761677056361249,0.6296338688277205,0.1681458628807008,-0.0380155863904187,0.4922199856007321,0.9727855534435984,0.0,22.0
SUPX,2025-12-24,18.34,0.0,0.0,no_fill,0,0,10.687022900763363,44476.0,2.918295711529916,135.76521705593646,1.0,0.0433673469387759,-10.223555070883314,1.0,-6.533732051150944,8.073070123747797,13.553329404832064,0.98695652173913,385623.25,15.682192382600196,-41.70375079465989,10.412712439749768,0.8464971964216369,0.0777672795988199,0.0479686023693476,-0.0014535728821429,0.6684034460239162,2.0,24.0
DBGI,2026-01-05,16.870459999999998,-3396.1905999999904,-6.794124167331519,stop,0,1,6.557377049180328,50425.0,3.1341429872182083,153.3318319648421,2.0,0.009259259259259,-4.371584699453545,0.0,-3.313198236471264,8.14182534471437,15.298752462245568,1.0,151718.4,12.28994233406884,8.14182534471437,7.903539132575029,2.261551664135662,0.1842572901797399,0.0757421271885078,0.4932886397236419,0.7159915124149592,0.0,5.0
NVOX,2026-01-05,24.58353,-767.9860799999971,-1.5366385543491865,stop,0,1,1.1461318051575975,31759.0,0.4683132419629147,52.03520502619362,2.0,0.3928571428571392,-0.3683995088006543,0.0,-0.0348014512401452,5.71181306793596,3.634790134141064,0.964285714285713,3084458.3,4.330664783743431,0.3285420944558451,153.51483269755346,0.1557064331198771,0.1842572901797399,0.0757421271885078,0.4932886397236419,0.7159915124149592,0.0,5.0
TEMT,2026-01-05,13.731069999999995,-1799.8191199999874,-3.60001077847536,stop,0,1,3.271375464684011,29453.0,1.2220094704858169,68.75244433232986,3.0,0.6704545454545461,0.7063197026022353,0.0,0.152797254576735,5.655930871956,9.976433621366846,1.0,375793.6,8.32008742726696,-48.86048227036645,7.205619221625972,1.1136086404877572,0.1842572901797399,0.0757421271885078,0.4932886397236419,0.7159915124149592,0.0,5.0
MPL,2026-01-06,9.0,0.0,0.0,no_fill,0,0,2.333333333333343,11770.0,0.2311245314649364,96.77049804728571,2.0,0.4395238095238153,-1.3077777777777695,1.0,-0.0549990019569442,7.526881720430118,7.729988052568691,0.9119010819165372,172204.3,9.01705050671842,-12.959381044487426,7.323527470300682,1.203221986907412,0.1162909016905723,0.0639599959298263,0.0305356831268427,0.7682394674400229,1.0,6.0
CRMLW,2026-01-07,6.95,0.0,0.0,no_fill,0,0,11.71875,30705.0,3.6181756449954303,66.59089866878347,3.0,0.7866666666666665,6.093749999999995,1.0,4.958342774022439,8.199492814877436,21.97802197802197,0.9346153846153846,80032.2,15.266666896818828,6.666666666666672,13.575774576754378,3.313616269451546,0.1040161802947,-0.048483097370702,0.054928376288303,0.7105674237417365,2.0,7.0
PLU,2026-01-13,29.0,0.0,0.0,no_fill,0,0,3.9610976033344905,8296.0,1.3253285271759192,55.87691589539509,2.0,0.3861802876183799,-1.7019798541160072,0.0,-0.3690001510540527,7.827715355805243,15.91760299625468,0.9529411764705884,0.0,0.0,0.0,0.0,0.0,0.0877041637911222,0.047446514837825,0.0474710857932045,0.7072824381703524,1.0,13.0
GLXU,2026-01-15,18.650785,5061.5954,10.126410228845598,target,1,1,5.33387622149836,16528.0,1.388472670096279,29.11811030163224,2.0,0.3944020356234097,-2.280130293159618,1.0,-0.2650199809154827,13.703703703703718,13.148148148148142,0.9248826291079812,100873.55,10.451914364030726,12.591687041564803,8.585852219944101,1.615448251796432,0.1036612580445494,-0.0403127114617801,0.6098267570542958,0.7638044596940262,3.0,15.0
RGNT,2026-01-16,8.3249,-979.3984199999962,-1.9588223281961272,stop,0,1,1.566265060240973,32529.0,1.2721852759952574,74.3847367037712,2.0,0.2315384615384671,-1.2036144578313237,0.0,-0.4416893201913012,7.792207792207799,16.948051948051944,0.9463601532567054,13987.0,6.3948257284346735,6.821106821106835,4.794469332327738,8.333666976478158,0.1383943373650347,0.0415183012095104,0.2051311683809024,0.7042362259510412,4.0,16.0
IPWR,2026-01-20,4.24,0.0,0.0,no_fill,0,0,6.641604010025065,45203.0,2.6080674826658647,55.56181672838962,4.0,0.4150943396226408,2.3809523809523747,1.0,-0.0185630901647569,5.555555555555566,11.64021164021164,1.0,71844.45,10.2892284669277,-12.691466083150983,6.519631682964282,1.9459401526492304,0.1936932310085327,0.1702152636135479,-1.4703756180782406,0.6764969714442758,1.0,20.0
USGO,2026-01-21,14.565766599999998,-1989.7589711999915,-3.980337018444312,stop,0,1,3.716725978647685,59937.0,1.4912925595065405,99.83224550186527,5.0,0.6918805055534281,2.2156583629893185,1.0,1.4581120036913555,8.326908249807248,11.56515034695451,0.913333333333334,61593.05,6.444880457273397,7.251908396946573,4.8613087814215055,2.2905668740223124,0.1868608842786701,-0.0147134554550169,0.3054989816700517,0.8056403256416723,2.0,21.0
USGO,2026-01-26,17.98,0.0,0.0,no_fill,0,0,5.619930475086899,30485.0,2.7517223098672594,104.58097477025132,3.0,0.3860824742268021,0.7213209733487694,0.0,-0.9580000774994872,9.03348073278586,18.130132659507257,0.940766550522648,98276.5,7.311085512609572,7.87500000000001,5.70827297164239,2.423773740416071,0.2034845829652391,0.1173113965849269,0.1828127040320344,0.9029780243208204,0.0,26.0
LUNL,2026-02-09,15.97779,1894.9536900000069,3.79032394342398,eod,1,1,8.34459459459459,16832.0,2.4690084536205155,43.07435997266067,3.0,0.8906882591093118,6.722972972972967,1.0,1.7320787358514618,8.743570903747253,21.675238795003672,0.9830508474576268,210656.0555555556,23.88403175480937,-44.878957169459966,20.152088554117885,1.3073063543021286,0.265440515215678,0.065257752893747,-0.1737569140772125,1.4124563391916254,0.0,9.0
WULX,2026-02-09,25.78713,7196.452920000004,14.399973940488929,target,1,1,7.974947807933195,40845.0,2.059051785190607,80.78185447434967,4.0,1.0,7.348643006263054,1.0,3.274868486252975,10.114942528735629,22.34436781609196,0.9012531122039548,284087.25,17.949063739061604,-13.130214000725427,14.918187166464229,0.9286055604396184,0.265440515215678,0.065257752893747,-0.1737569140772125,1.4124563391916254,0.0,9.0
WW,2026-02-09,24.68,0.0,0.0,no_fill,0,0,5.2452025586353965,44621.0,1.4287810440902775,67.13646121741532,4.0,0.7073170731707322,3.7100213219616247,1.0,1.130402021521672,7.126541799908629,12.151667428049338,0.9360902255639104,357302.75,8.118437280288077,-33.47517730496455,5.064210749661268,0.978204058043214,0.265440515215678,0.065257752893747,-0.1737569140772125,1.4124563391916254,0.0,9.0
SIF,2026-02-17,13.0,0.0,0.0,no_fill,0,0,8.583333333333327,88380.0,3.0731765917719542,67.51137003395597,3.0,0.8349514563106796,6.916666666666667,0.0,1.4846482705570063,9.090909090909092,13.636363636363637,1.0,59526.3,7.031907764837467,9.090909090909092,9.16736816823198,5.292013782143355,0.2881844380403511,0.2381932600129395,-0.2361569490282381,1.544706178119026,1.0,17.0
EMAT,2026-02-19,14.93467,-2172.102589999995,-4.34539229859112,stop,0,1,4.01360544217687,40848.0,2.7873217949154574,73.72720611813146,3.0,0.2881355932203389,-1.564625850340127,0.0,-0.528506023685279,12.042682926829269,22.483993902439035,0.959354554391674,209552.0,16.58898142538472,11.028028912605071,12.95577534189799,2.20626383904711,0.1403796098616729,0.0131605884245359,-0.3569919421818665,1.1824195395292825,3.0,19.0
AXUP,2026-02-25,9.7291,-353.4090299999943,-0.7068485265851815,eod,0,1,7.300884955752214,25830.0,2.178042470420236,72.17915993405067,3.0,0.4846969696969704,3.538716814159298,1.0,0.664543305288678,26.78821879382888,13.354838709677413,0.975110270951481,47957.3,10.845311439512894,-36.91512152911047,8.217105114135407,3.6876346249684615,0.1651719091844254,0.0941769657630474,0.4117261948061289,1.2780416373223291,2.0,25.0
GLXU,2026-02-25,8.500224399999999,2442.5075584000115,4.885179266561504,target,1,1,2.7248484848484864,3139.0,0.1681009753298917,56.88298999475011,1.0,0.6672597864768696,1.8181818181818223,0.0,0.4420308735937912,5.633802816901413,14.980793854033289,1.0,209046.75,16.62903453872687,-62.36313868613139,15.971686416823683,0.5179415609187897,0.1651719091844254,0.0941769657630474,0.4117261948061289,1.2780416373223291,2.0,25.0
IREG,2026-02-25,20.31,0.0,0.0,no_fill,0,0,5.284348263714128,6546.0,1.511251612759026,47.98066339203744,2.0,0.1714285714285716,-2.1640664318067424,0.0,-2.1055551127053427,5.347429140996963,18.529907642062632,0.9560515021459224,84000.55,20.70769277517539,-52.2298353167448,14.25999551756482,1.821499978273952,0.1651719091844254,0.0941769657630474,0.4117261948061289,1.2780416373223291,2.0,25.0
LITP,2026-02-25,15.11,0.0,0.0,no_fill,0,0,2.0703753351206404,26370.0,0.7646577462298982,29.71241685633592,3.0,0.838135318873425,0.9383378016085828,1.0,0.8948314460752393,5.441696113074202,5.8657243816254425,0.9397590361445796,288956.15,5.060994476004473,-5.689001264222505,4.848203539621275,0.630642400239621,0.1651719091844254,0.0941769657630474,0.4117261948061289,1.2780416373223291,2.0,25.0
RGTU,2026-02-26,8.967823,-1820.0869749999904,-3.640493350504334,eod,0,1,5.074798619102426,47747.0,2.0681813066401427,43.19507761971709,1.0,0.2244897959183674,-1.047180667433824,0.0,-1.294286424813915,7.482993197278893,13.358070500927644,0.9305555555555562,475564.8,16.125637047400712,-41.1633276234453,14.00075543531138,0.993073919684552,0.1875144241864857,-0.1456842834064145,0.0187549592440302,1.047454381312521,3.0,26.0
SNOU,2026-02-26,26.078,-2976.2383499999933,-5.953485696755874,stop,0,1,5.769996020692397,24992.0,2.0443648521190405,59.26899304823343,3.0,0.1455862068965506,-1.467966573816156,1.0,-1.3678043466714565,7.900386431945041,10.6912838127952,0.9598393574297184,88200.2,11.829185971882206,-40.195145168967166,10.036234330682452,3.875161280813422,0.1875144241864857,-0.1456842834064145,0.0187549592440302,1.047454381312521,3.0,26.0
BMM,2026-03-02,5.762235,6648.57771000001,13.297444481177894,target,1,1,7.155797101449285,19747.0,2.759046054265613,87.78201598510152,1.0,0.7594936708860769,2.3550724637681304,0.0,0.2347078551194144,8.023483365949104,14.481409001956932,0.9594594594594604,111474.1,9.602740615312824,7.392996108949415,6.210561558554146,2.438288355770533,0.5097981435096561,0.3683512597613083,-1.062697706963653,0.8586151488351087,0.0,2.0
WTIU,2026-03-02,18.51,0.0,0.0,no_fill,0,0,8.698001080497043,76760.0,1.923168509065375,113.5806837674646,0.0,0.024844720496896,-8.481901674770395,0.0,-3.882036108796236,16.341923318667515,6.285355122564424,0.91,58979.5,5.554186367927809,15.68750000000001,4.760880194025116,1.7223272492984851,0.5097981435096561,0.3683512597613083,-1.062697706963653,0.8586151488351087,0.0,2.0
ANNA,2026-03-03,4.3499,0.0,0.0,no_fill,0,0,14.62028301886792,75621.0,8.515859953251864,91.3353056807879,1.0,0.0483949024036131,-11.320754716981142,0.0,-8.932009400752051,16.483516483516485,15.659340659340652,0.9122807017543862,81333.35,8.887541409002244,12.466843501326265,10.487231838560826,4.239822901675635,0.2962743500481446,-0.0755499592622755,-1.6492322037355474,1.2012322550251282,1.0,3.0
DSP,2026-03-12,12.577619999999998,-4527.803249999994,-9.05632385141226,stop,0,1,9.098497495826376,69737.0,3.683011441624092,103.5345407803389,3.0,0.0183486238532122,-4.257095158597661,0.0,-5.239792695226762,8.025247971145182,6.04057709648332,0.9255112703388552,190549.25,6.397582181056524,6.583629893238436,3.369790810949053,1.7622793057437909,0.2220136188219881,-0.0417206800470807,-0.7644197359277383,1.617014653278372,3.0,12.0
FLYT,2026-03-12,11.77522,-3635.212899999998,-7.270777106499918,stop,0,1,7.168141592920358,20210.0,2.9540952203020177,34.495774089763444,2.0,0.0617283950617292,-2.831858407079648,0.0,-2.061925815900144,30.034522439585743,12.08285385500574,0.9904761904761906,60371.65,17.000697183732935,-6.6115702479338765,9.47050849221158,2.311763882550833,0.2220136188219881,-0.0417206800470807,-0.7644197359277383,1.617014653278372,3.0,12.0
OSUR,2026-03-17,3.45,0.0,0.0,no_fill,0,0,8.056716417910454,152773.0,2.989450452714677,89.36970406499896,1.0,0.0737310114857363,-4.477611940298504,0.0,-3.798440059319968,7.028753993610231,6.7092651757188495,0.9047619047619048,489439.65,5.749368896644928,3.7151702786377743,3.758114260867956,0.8767781686669643,0.2855655536551011,0.1621179445229466,0.5022196314066654,1.0882652921329945,1.0,17.0
ARTL,2026-03-18,6.810369999999999,9921.067860000025,19.84414943681479,target,1,1,11.274509803921577,1867733.0,6.525403986764479,39.53775246003002,4.0,0.8255072463768116,8.980392156862743,1.0,3.334116573065504,26.18556701030929,15.668041237113403,0.9342018686669288,81352.0,12.747266970310406,24.897959183673464,55.20876156026739,5.725907168846494,0.1780557509015089,0.0658357398291174,-0.3622594254535622,1.0345452281153669,2.0,18.0
ASTC,2026-03-30,3.18954,11702.447520000018,23.40525593032228,target,1,1,11.987381703470042,426691.0,3.796235250017196,38.19847656378833,1.0,0.3157894736842105,-7.886435331230284,0.0,-2.276112517553366,33.75527426160337,19.19831223628692,1.0,15614.75,5.002283547422359,13.824057450628358,3.7685682636716544,12.376887238028146,0.2483909267012485,-0.1984002999437576,0.9493920421391256,1.3580532111370065,0.0,30.0
COHX,2026-04-01,27.9667493,-1720.4883960999975,-3.442589232206543,eod,0,1,4.974060150375941,26853.0,1.4864131589601792,31.17201654105273,4.0,0.6348726475701003,3.0075187969924704,0.0,0.7553893295492659,6.230031948881798,13.977635782747605,0.9542857142857144,526292.3,17.814791132061952,-38.13953488372093,12.155662301554104,0.943825322924162,0.2951611916559536,0.1697559185171612,0.5474059722606552,1.7822590709636266,2.0,1.0
FLYT,2026-04-01,17.030939999999998,-1254.8885999999889,-2.510489732216755,eod,0,1,7.651632970451014,15695.0,1.5502519519841182,121.40423721610892,1.0,0.577235772357724,2.39502332814931,0.0,1.084992175431846,5.826201448321263,24.75312705727452,0.9840425531914893,147041.65,18.279749292291896,2.5852111372759183,15.937521085943422,1.050906324840615,0.2951611916559536,0.1697559185171612,0.5474059722606552,1.7822590709636266,2.0,1.0
NVTX,2026-04-01,22.63771,-2228.666880000002,-4.458754882892311,stop,0,1,4.110813226094735,6828.0,0.7121743134528801,63.83725636412978,3.0,1.0,0.8489722966934821,1.0,0.8644105616415912,6.066350710900462,17.341232227488145,0.9838753757857344,216622.3,17.661457430057954,-41.6123141142708,15.86533265854482,0.997962813616142,0.2951611916559536,0.1697559185171612,0.5474059722606552,1.7822590709636266,2.0,1.0
QNTM,2026-04-01,5.66695,-5223.480690000002,-10.447065882000024,stop,0,1,11.220472440944889,70643.0,3.099995270186806,35.11220512739964,5.0,0.8070175438596486,9.05511811023622,1.0,2.0218583772013523,5.175983436853001,21.739130434782613,0.9714285714285712,709139.2,21.186951160416385,-21.48377125193199,18.73530369474941,0.5852757822441631,0.2951611916559536,0.1697559185171612,0.5474059722606552,1.7822590709636266,2.0,1.0
WDCX,2026-04-01,31.093,3013.392000000004,6.0270800501720725,eod,1,1,5.555555555555557,42991.0,1.6372741400939423,79.55911904336908,3.0,0.8353658536585369,4.098915989159894,1.0,2.0775256064357066,8.529411764705884,11.194852941176476,0.9490968801313624,499101.8,13.584639110618593,-24.93324856961221,10.224189101157332,0.8116821057347419,0.2951611916559536,0.1697559185171612,0.5474059722606552,1.7822590709636266,2.0,1.0
TOYO,2026-04-06,10.65,0.0,0.0,no_fill,0,0,8.841463414634157,84771.0,2.7381506559095934,132.42950570105606,2.0,0.5862068965517232,4.57317073170731,1.0,-0.043466075750599,5.806451612903216,10.860215053763438,0.9801980198019806,72793.6,7.309388972261711,5.579399141630897,5.202064677381316,5.580710392122384,0.2470039337663532,0.2302320617204877,0.0045743561593664,1.641148893365774,0.0,6.0
CIFU,2026-04-08,17.0,0.0,0.0,no_fill,0,0,6.269020085209978,11785.0,1.09325215569764,55.54385197834111,2.0,0.1019417475728142,-2.160681679853929,0.0,-2.030974574088925,16.856330014224742,17.63869132290185,1.0,223405.5,15.450402926437167,-20.68549360366884,10.507321912012078,0.9263111248380188,0.2513342893892644,-0.0548500125667116,2.6045933072418856,1.310109470550033,2.0,8.0
CRDU,2026-04-08,22.3,0.0,0.0,no_fill,0,0,5.909090909090913,51916.0,1.6803717788769026,118.0404453633526,1.0,0.2307692307692312,-3.1818181818181785,0.0,-1.787420493117154,13.63636363636364,10.092975206611571,0.9877175025588532,440931.6,13.947033592207388,-22.12389380530973,10.103947838231516,0.4714155211375188,0.2513342893892644,-0.0548500125667116,2.6045933072418856,1.310109470550033,2.0,8.0
MPLT,2026-04-08,25.79,0.0,0.0,no_fill,0,0,3.700787401574794,20690.0,1.56730176903634,61.93497088858106,2.0,0.3191489361702105,-0.984251968503937,0.0,-0.2511235594929137,5.219552609776296,8.119304059652018,0.9948979591836744,252772.75,7.76096211713746,5.175983436853002,4.012908724587887,1.1970515017936072,0.2513342893892644,-0.0548500125667116,2.6045933072418856,1.310109470550033,2.0,8.0
WULX,2026-04-08,29.2,0.0,0.0,no_fill,0,0,4.397568823739722,43511.0,1.676380009759864,70.65025800497727,1.0,0.0243902439024399,0.1072577761887777,0.0,-1.401908177013422,12.918853451756156,14.251110213968516,0.9320113314447588,299478.6,15.437952685525651,-4.392411553580585,10.818261024141291,0.7890113016422543,0.2513342893892644,-0.0548500125667116,2.6045933072418856,1.310109470550033,2.0,8.0
LABX,2026-04-10,24.75404,3973.2129147000087,7.949859093707551,eod,1,1,10.722296994167792,79461.0,2.578883657531948,36.9179978113384,4.0,0.8870292887029291,9.51099147599821,0.0,2.6831563220503747,8.20388349514562,9.126213592233004,0.9946808510638308,245090.45,12.949829258135772,-5.550847457627128,10.678324315340875,1.1100228507475505,0.1482460002935551,-0.0484368119770919,0.2073803885808536,1.0717481862668985,4.0,10.0
CIFG,2026-04-14,10.210539999999998,-981.9417599999972,-1.9642447901873887,eod,0,1,4.618473895582319,42037.0,1.1466265189678728,155.8918402082441,2.0,0.2608695652173901,-1.2048192771084436,0.0,-1.8426969303965133,8.026030368763559,19.577006507592195,0.9750692520775625,162532.95,14.747520115430362,7.501349163518621,11.611640413058897,1.9918238117255609,0.1395977838851861,0.1148773429888414,0.2317446436379583,1.0101668886730817,1.0,14.0
CIFU,2026-04-14,24.528365,-1797.5873299999894,-3.595979593421718,stop,0,1,3.2817725752508213,8477.0,0.6017159960584316,86.54164149682316,3.0,0.1019108280254759,-0.7107023411371308,0.0,-0.9771254746108942,8.382419574082471,19.302220208427737,0.9577464788732396,219409.9,15.661252049681943,7.505617977528098,11.57082222604632,1.1984691666146332,0.1395977838851861,0.1148773429888414,0.2317446436379583,1.0101668886730817,1.0,14.0
GLXU,2026-04-14,8.27475,-1073.9963141999929,-2.1481627843741364,eod,0,1,3.0525030525030528,13201.0,1.2283290948392285,73.96227739383741,2.0,0.3599999999999994,-1.2210012210012169,0.0,-0.9210216816924438,11.58038147138964,15.870572207084471,0.9012790797493344,174971.4,14.338732614795216,-10.978260869565217,10.473236362523489,1.185662342531408,0.1395977838851861,0.1148773429888414,0.2317446436379583,1.0101668886730817,1.0,14.0
HOOG,2026-04-14,21.063,4541.922000000003,9.087024640364628,target,1,1,5.0,71860.0,1.4060022423759355,37.49608473305914,3.0,0.875,4.375,1.0,1.1728725144514005,9.95052226498075,10.661352391423874,1.0,435896.7,9.054226544897508,-9.3176150532759,6.781084376734093,0.8291069879629738,0.1395977838851861,0.1148773429888414,0.2317446436379583,1.0101668886730817,1.0,14.0
IREG,2026-04-14,16.56956,2151.5433800000083,4.3039163381526295,target,1,1,2.3607748184019406,15664.0,1.0967094812572855,69.4080578537156,1.0,0.4615384615384601,-1.2711864406779712,0.0,-0.2822552319481961,11.065543461453125,21.981161885425003,0.9339654381403886,148147.9,14.47928859566056,-5.600000000000002,9.983775893365742,1.167036454786062,0.1395977838851861,0.1148773429888414,0.2317446436379583,1.0101668886730817,1.0,14.0
NVTX,2026-04-14,28.5799,0.0,0.0,no_fill,0,0,5.1443372633083175,10962.0,1.1446634654374237,75.3766523753441,3.0,0.5590666018473511,-0.1607717041800577,1.0,0.0302119998088323,7.778205621871388,13.257989988448216,0.9912869216694254,194658.4,15.353100582540607,-26.97625880511349,10.795052607451522,0.6517314433900618,0.1395977838851861,0.1148773429888414,0.2317446436379583,1.0101668886730817,1.0,14.0
RDWU,2026-04-14,12.52,0.0,0.0,no_fill,0,0,9.375601926163714,18286.0,2.12588737759535,70.15827186089842,2.0,0.40934771443246,-5.056179775280905,0.0,1.111372585968204,9.683098591549308,19.33978873239437,0.9148839326354116,270757.3,17.452577765879767,-3.858024691358025,10.211582582692454,0.8862918931456327,0.1395977838851861,0.1148773429888414,0.2317446436379583,1.0101668886730817,1.0,14.0
SOUX,2026-04-14,17.291719999999998,-1223.7756222999872,-2.4480231000733044,stop,0,1,2.08647058823528,11097.0,0.4317846066616946,105.5200122184134,3.0,0.971525232590928,1.3523529411764743,1.0,0.6013208601096981,6.865814254642377,17.475703742818,0.974028776978417,169663.6,12.125383169798887,-10.994764397905763,55.81567496769711,0.8119184079555072,0.1395977838851861,0.1148773429888414,0.2317446436379583,1.0101668886730817,1.0,14.0
UUUG,2026-04-14,12.35696,-1856.588019999997,-3.7134537944607673,stop,0,1,3.385631709331133,35254.0,1.1257241921235273,67.99382199103377,2.0,0.597560975609754,0.3715937241948797,0.0,0.5847728867428155,6.705436602343812,18.06326548594589,0.9507317073170736,289470.95,13.325031436204988,-3.8125496425734746,9.04718361806014,1.0143504900923563,0.1395977838851861,0.1148773429888414,0.2317446436379583,1.0101668886730817,1.0,14.0
HODU,2026-04-15,10.10021,4646.763000000005,9.294262198508756,target,1,1,4.904904904904907,41425.0,1.954486960912168,28.50317856661368,2.0,0.775510204081634,-0.3003003003002938,0.0,1.1907406723553104,10.753880266075395,8.869179600886905,0.9750000000000004,105702.9,8.900257354817859,8.942202835332608,8.237884059996677,3.943922068363309,0.1093116244282701,0.0704772315392815,0.1151974195777949,0.980016594646664,2.0,15.0
HOOW,2026-04-15,27.37187,3011.220079999996,6.024725384126104,target,1,1,3.224624404543785,40250.0,1.2677954175779569,115.3497590585116,2.0,0.7840909090909114,-0.6962257237083097,0.0,1.075953059311252,7.019607843137251,6.078039215686278,0.9807084328021154,232236.85,5.5792117138892,3.7642585551330736,4.8775572281171655,0.9699106752438296,0.1093116244282701,0.0704772315392815,0.1151974195777949,0.980016594646664,2.0,15.0
HOOX,2026-04-15,27.83325,4860.299280000006,9.722831505483564,target,1,1,5.1179673321234125,28294.0,2.076014590713644,38.52576514254491,2.0,0.695035460992908,-0.8348457350272247,0.0,0.3814577765420319,10.820595333869676,9.452936444086877,0.9446808510638302,102948.65,8.716762201965667,10.244097639055632,43.98251381447178,1.4957845488988928,0.1093116244282701,0.0704772315392815,0.1151974195777949,0.980016594646664,2.0,15.0
CRWL,2026-04-16,21.9198,0.0,0.0,no_fill,0,0,1.8432457353619127,11637.0,0.8206279577943515,53.15675238712247,3.0,0.1625812906453262,-0.4840940525587848,1.0,-0.6301495708259585,5.65026790063322,4.38382854359475,0.9000000000000004,290028.3,8.936367357722151,-12.957983867731446,7.447420516062175,1.021838213719144,0.1112600918608924,-0.0014264114341127,0.1600137154613096,1.0939355559281985,3.0,16.0
DUOG,2026-04-16,3.42,0.0,0.0,no_fill,0,0,2.994011976047907,35543.0,0.5666105659567408,118.49789427311322,1.0,0.2,0.0,0.0,0.14304387272072,5.642712550607284,11.861082995951415,0.9909333333333332,466948.0,10.338350894620955,-7.222222222222227,6.350337653544488,0.991534389268184,0.1112600918608924,-0.0014264114341127,0.1600137154613096,1.0939355559281985,3.0,16.0
SNOU,2026-04-16,16.935,0.0,0.0,no_fill,0,0,3.2621951219512204,5145.0,1.0771234341151297,31.87258512776583,1.0,0.3738317757009398,1.2195121951219683,0.0,-0.5999901922499388,5.1282051282051215,10.192307692307692,1.0,135378.4,10.668902991186384,-34.28434043917295,9.80603570014766,2.2514965459777927,0.1112600918608924,-0.0014264114341127,0.1600137154613096,1.0939355559281985,3.0,16.0
SOUX,2026-04-16,22.29,0.0,0.0,no_fill,0,0,4.979811574697171,33653.0,1.6757605027480391,62.84055628916045,2.0,0.3153153153153167,-3.409600717810669,1.0,-0.4980489633714909,7.318247472315837,16.514203177660086,0.9183673469387752,134816.55,12.292227372311595,5.890736342042747,55.60281082962988,2.2699883656717224,0.1112600918608924,-0.0014264114341127,0.1600137154613096,1.0939355559281985,3.0,16.0
VIVO,2026-04-17,3.40017,-3871.973549999996,-7.744024563477701,eod,0,1,11.074918566775256,270038.0,3.7210237577358063,53.277508101576,5.0,0.9117647058823524,9.446254071661238,1.0,5.591332525299859,8.865248226950355,8.50709219858156,0.9166319299708212,513733.0,12.12909717940554,-0.3246753246753321,9.462979859193762,0.5676937241718948,0.1656871769454024,0.1174396374707908,0.6384858763503717,0.8236033436002577,4.0,17.0
VNCE,2026-04-20,3.9116999999999993,-2114.7818999999927,-4.229618835800278,stop,0,1,3.957783641160948,109996.0,0.8940540507088137,75.76660806265971,4.0,1.0,2.902374670184693,1.0,2.266838897448434,11.47058823529412,12.05882352941177,0.951219512195122,108679.5,8.877565635031418,8.595988538681942,5.928458544370022,1.6829116806757485,0.1341723218442728,0.0479690740557897,-0.1915115329371692,0.80265702484049,0.0,20.0
AVXX,2026-04-21,12.58765,1943.340720000013,3.8868255790398,target,1,1,2.172164119066785,9674.0,0.6129870754773071,72.86438079288006,0.0,0.4181481481481452,-0.298471440064365,0.0,-0.0194080634089991,5.338983050847449,8.473728813559324,0.90999099909991,116364.0,10.125433489131026,-11.214285714285715,7.058596871444385,1.069987281289746,0.1971053668975743,-0.1238948020498951,0.2201151371486546,0.6904233684548343,1.0,21.0
SOUX,2026-04-21,26.18,0.0,0.0,no_fill,0,0,12.225221750867714,52968.0,4.05796039644557,49.2122881327622,0.0,0.0741324921135645,-10.354801388353254,0.0,-3.53082633634392,12.0996748979733,11.884381268589603,0.956784285194616,150445.0,12.011391782192891,11.526881720430106,10.864270531735825,1.621409817541294,0.1971053668975743,-0.1238948020498951,0.2201151371486546,0.6904233684548343,1.0,21.0
QSU,2026-04-23,25.09,0.0,0.0,no_fill,0,0,15.384615384615383,32786.0,5.976226360796932,55.03481525311991,1.0,0.2564766839378234,-11.438820247110408,1.0,-1.7681752024652009,65.60946792430413,6.138573342750223,0.9355913978494615,42956.2,9.073056840335338,54.78099938309684,7.333450785929428,2.73932517308328,0.1057082452431289,-0.0028188865398142,-0.2404353144640874,0.7375078808328156,3.0,23.0
SMUP,2026-04-23,16.12,0.0,0.0,no_fill,0,0,8.172177167810359,13263.0,2.472507411392875,12.929832387272644,1.0,0.1451145038167932,-6.424828446662516,1.0,-3.11243607738326,6.158940397351004,19.60264900662251,1.0,863490.0,15.580790664613128,6.158940397351004,615.4219958140725,0.2453079943021922,0.1057082452431289,-0.0028188865398142,-0.2404353144640874,0.7375078808328156,3.0,23.0
THRY,2026-04-27,3.74119,3406.615903600005,6.8136047621211535,eod,1,1,6.571428571428571,104226.0,2.098356600301833,53.453270575589485,4.0,0.6521739130434779,4.285714285714283,0.0,-0.1742302688849648,5.421686746987957,6.024096385542161,1.0,510505.4,6.490835475638876,-1.2693935119887143,3.73853553271358,0.5550538740628405,0.1773770629723609,0.0743160817196582,-0.1078522004650384,0.8805598806991529,0.0,27.0
JOBX,2026-04-28,23.4,0.0,0.0,no_fill,0,0,7.499999999999988,22144.0,1.9716369348397365,107.95958129890651,2.0,0.701754385964913,0.3947368421052625,0.0,-0.2541051039249319,5.800464037122969,10.765661252900232,0.9439655172413798,68397.2,10.10540284287675,-11.798839458413928,6.304807898858665,2.3416017029936897,0.1812255907392427,-0.0351352870107735,-0.4691192303927604,0.8846155802054756,1.0,28.0
CSEX,2026-04-30,25.9687,0.0,0.0,no_fill,0,0,7.879902951880302,33746.0,1.803573387188232,74.32403543123502,2.0,0.0692769538666812,-2.325111200970478,1.0,-1.4177510571493075,10.04903924029227,8.944543828264749,0.9760199004975136,128345.1,10.021717328182374,-16.7900403768506,9.422808796489852,2.2764406276515423,0.2699019072806941,-0.244881966891958,0.4286236262964043,0.5048716919367737,3.0,30.0
GLXU,2026-05-01,11.59468,-2611.6921599999905,-5.223775041657017,stop,0,1,5.01792114695341,16327.0,1.5894919756047226,46.59806767101888,3.0,1.0,3.5842293906810068,0.0,1.7038815377564414,5.932605600379687,12.90934978642621,0.930147058823529,246644.4,13.921682897465464,4.887218045112777,8.719096973084069,1.3300606054708723,0.2246100519930682,0.1483535528596256,0.3603929535524492,0.7828763737070775,4.0,1.0
TCMD,2026-05-07,27.57,0.0,0.0,no_fill,0,0,3.876112759643923,31955.0,0.9374612213473476,135.70204551089924,2.0,0.6698564593301451,0.9829376854599426,0.0,0.9778946911166824,6.5612648221343886,6.245059288537543,0.974683544303798,333185.85,5.214109289145664,0.352872861545789,3.092385782078672,1.4469672106423488,0.0897898102169877,-0.0693966396843705,0.1662510390689824,0.8020314397951864,3.0,7.0
DOMH,2026-05-11,4.312899999999999,-5758.474959999993,-11.517076676945894,stop,0,1,12.5,110878.0,4.287746275041008,41.01113182680006,2.0,0.3125000000000008,3.3854166666666754,0.0,-1.7421908496396177,5.494505494505487,9.203296703296704,0.9402985074626864,109139.85,6.64343205008602,4.918032786885238,4.149393692652247,3.006216336196174,0.2036770496700432,0.2009613556744451,-0.1586182587239986,0.7568322825993359,0.0,11.0
DRTS,2026-05-11,9.88958,2022.6066000000053,4.045874546745172,eod,1,1,6.230847803881506,352043.0,2.6901796256105968,121.75739522029994,2.0,0.1967213114754087,-4.290091930541369,1.0,-2.193955457071876,15.04112808460634,10.458284371327846,0.9101123595505616,479326.95,7.03168602890853,7.926358725609078,5.093291404458189,1.0283502732320808,0.2036770496700432,0.2009613556744451,-0.1586182587239986,0.7568322825993359,0.0,11.0
SLON,2026-05-11,6.49944,413.83113840001,0.827766699900319,target,1,1,0.6157407407407448,23026.0,0.1653635555041551,70.39153594927635,2.0,0.7493734335839447,-0.1543209876543314,1.0,-0.001021167925074,5.537459283387634,10.09609120521172,0.9354734634618486,256233.1,5.239441846735889,4.854368932038847,4.9293042658418,1.6007416684261322,0.2036770496700432,0.2009613556744451,-0.1586182587239986,0.7568322825993359,0.0,11.0
SNOU,2026-05-19,21.5627949,-2047.941178199997,-4.09731161520253,stop,0,1,3.85652173913044,35006.0,1.9510874407094283,121.91778744578198,2.0,0.4509582863585105,1.739130434782606,0.0,0.0670047346188505,6.481481481481471,10.975308641975296,0.9467566554180736,191879.9,9.344573259396329,5.862859013174044,7.29987128789808,1.7554522386138414,0.1578768288533471,-0.0333446750595446,-0.5239287890069728,0.8761554295828416,1.0,19.0
MPG,2026-05-21,7.131329999999999,3442.681440000018,6.885672097631194,target,1,1,3.7518037518037617,7324.0,0.5736356315775374,147.1561643411942,0.0,0.8461538461538464,2.0202020202020283,0.0,2.330043057892997,8.208547382227561,9.89959870711866,0.945268138801262,123965.25,13.070990927297435,-41.76470588235294,8.401467796777725,1.0589338544471132,0.1448549419903407,-0.01489162955041,-0.3521079258010136,0.9990318771789748,3.0,21.0
AAOG,2026-05-26,14.543499999999998,-4250.950339999993,-8.504280262660282,stop,0,1,8.137931034482756,46906.0,2.402023400919772,102.94024932771524,2.0,0.4067796610169496,-4.827586206896547,0.0,-1.199306327965329,6.707877985060899,16.69794311366229,0.9557073600705156,184787.3333333333,22.778249970542,-36.90082986287898,17.121328246485103,1.7630212749070102,0.1439980800256051,-0.0746790042799474,0.5860737084920343,0.9100944110308964,1.0,26.0
AVXX,2026-05-26,9.5285,-199.385999999992,-0.3988035892322872,eod,0,1,5.133689839572197,27542.0,1.588984215579022,69.08208411833294,3.0,0.374999999999999,-1.604278074866314,1.0,0.2943531269880772,7.773525750380382,10.257503803771508,0.938981908079558,235076.95,9.783754289842886,-22.400199186654493,7.750699251033753,1.403089498991713,0.1439980800256051,-0.0746790042799474,0.5860737084920343,0.9100944110308964,1.0,26.0
HTT,2026-05-26,3.05915,-806.7856031999916,-1.613611624143945,eod,0,1,1.9672131147540857,4582.0,0.1993443706394428,69.46462562008342,1.0,0.1666666666666642,-1.6393442622950762,0.0,-0.4013484147432039,25.0,9.83606557377048,1.0,80758.55,3.8157988155014992,24.489795918367328,2.833131074602344,2.794886733355168,0.1439980800256051,-0.0746790042799474,0.5860737084920343,0.9100944110308964,1.0,26.0
KVHI,2026-05-26,13.0,0.0,0.0,no_fill,0,0,3.912363067292645,73935.0,2.295964428163413,119.3184473691568,1.0,0.2199999999999988,-1.3302034428794989,0.0,-1.1993654466489945,9.32420872540633,11.804961505560316,0.9710144927536224,181267.55,6.64839146562309,8.95140664961636,4.944882800132364,2.301073744307793,0.1439980800256051,-0.0746790042799474,0.5860737084920343,0.9100944110308964,1.0,26.0
LFVN,2026-05-27,8.75,0.0,0.0,no_fill,0,0,14.6039603960396,102963.0,6.17318271637428,50.27723357651948,3.0,0.0338983050847458,-5.816831683168314,0.0,-6.662048133627812,16.5945165945166,16.772005772005773,0.9913963692678304,212082.95,8.019266245547367,16.426512968299704,7.555122218248495,1.998373749516404,0.125183113597009,-0.0039952057530926,0.0386362727987268,0.7182208763715091,2.0,27.0
WW,2026-05-28,16.4,0.0,0.0,no_fill,0,0,7.0404984423675945,24724.0,1.472168523778058,105.3931471945211,1.0,0.2920353982300888,-2.803738317757016,1.0,-1.2873562468629205,5.940594059405943,15.444884488448846,0.9145262618060604,371738.15,11.663398898849328,4.560260586319225,9.796653842774916,1.2054103136845111,0.1252915694768331,-0.0733088970343158,-0.027982837193193,0.5067194038235703,3.0,28.0
CLPT,2026-05-29,13.369989999999998,-1431.9996099999914,-2.864549636910706,stop,0,1,2.526799387442573,131291.0,1.6459243807093868,94.2624044687591,2.0,0.1515151515151536,-0.076569678407349,0.0,-0.6980602145010151,6.699346405228761,8.733660130718947,0.9354536950420962,569633.05,7.483632052046482,-3.864556496135446,4.294506023338605,0.8288177801481146,0.10451117872734,0.0138907262865482,0.1722767028889417,0.5688453119724504,4.0,29.0
SOFA,2026-05-29,16.30878,-995.450699999996,-1.991442646231041,eod,0,1,6.396063960639611,17784.0,2.374183294824587,85.04558257517466,4.0,0.6153846153846136,-2.460024600246016,1.0,1.483876786571773,15.734479764260405,13.167822113399858,0.9185945945945952,74889.3,7.876374871055019,14.507042253521144,5.146951252860815,1.896786323279828,0.10451117872734,0.0138907262865482,0.1722767028889417,0.5688453119724504,4.0,29.0
MSFX,2026-06-01,23.399989999999995,-1436.972639999987,-2.87495849357198,stop,0,1,2.487135506003423,39775.0,0.8231386756985226,75.04118515854861,1.0,0.2241379310344817,-1.8867924528301945,0.0,-0.6046727321510484,7.366482504604059,7.343462246777159,0.9122257053291531,245861.1,4.54372800754615,6.678865507776766,3.40547909885918,1.9796340291327088,0.1866709031694294,0.0476606561283678,-0.148054145516075,0.5512416157971979,0.0,1.0
OKTG,2026-06-01,28.735949999999995,2649.818640000005,5.302626152954759,eod,1,1,8.440575321725953,11889.0,2.5747901301541405,129.0379382430514,3.0,0.6412556053811667,5.412566237698712,0.0,0.5777770474021923,7.134022959607811,23.49892744325992,0.9259188955996546,58545.65,7.669780472825149,5.300916699880438,14.169522859672364,7.063496604786179,0.1866709031694294,0.0476606561283678,-0.148054145516075,0.5512416157971979,0.0,1.0
CSEX,2026-06-02,33.23942,-755.2937599999875,-1.5108266028709036,eod,0,1,12.879298718813216,18707.0,2.8759394677709027,57.61651313576132,3.0,1.0,11.732973701955498,1.0,3.839447402538589,7.308248914616495,19.247467438494937,0.992481203007519,106365.8,11.57716069929132,-0.523209015293798,8.955293246001975,2.308279540980277,0.1162452775355995,0.0568016697049039,-0.1990666279958856,0.6565305978778799,1.0,2.0
SDOT,2026-06-03,6.268749999999999,12547.844795200012,25.095915453639112,target,1,1,13.113114754098362,1755587.0,6.659726219945068,35.960963728065465,3.0,0.5624453056632084,-3.2786885245901525,1.0,1.4341493871855864,85.97560975609755,14.874999999999991,0.9590079934412788,28563505.6,16.123416110289618,75.39319704419333,423.1074782181087,0.006699667844692,0.1065766217321329,0.0171472287440308,-0.1869478784048965,0.5552017441157894,2.0,3.0
APLZ,2026-06-04,16.5495,-3247.2429920999925,-6.495000453185883,stop,0,1,6.222427603203943,6655.0,1.6100950996838996,34.91656626016066,1.0,0.0,-4.558841651263096,0.0,-3.1999153144386234,8.200000000000003,13.466666666666663,0.9826732673267324,1956693.35,19.67589580481848,7.948121050881279,104.84106491109064,0.09877786930691,0.2021007844701478,0.1083632495678687,-0.2837293169282968,0.6369634323081378,3.0,4.0
CIFG,2026-06-09,15.75,0.0,0.0,no_fill,0,0,5.106100795755966,10300.0,0.9975454830306288,98.32997534463853,3.0,0.6753246753246751,2.785145888594164,0.0,0.0329999666652562,5.645890108658335,11.769568659320024,0.9012500000000008,268685.55,16.838481838318245,-25.4572417202175,12.289251683409624,0.3977549220641006,0.1169936662049681,0.0,0.596574767998697,1.4052069336034598,1.0,9.0
KTUP,2026-06-12,10.05,0.0,0.0,no_fill,0,0,4.491017964071867,10547.0,0.8454355550661575,102.1024757434041,1.0,0.0,-4.191616766467066,0.0,-2.982892464406058,8.794788273615621,14.87513572204126,0.9781021897810224,486765.65,11.981988281595516,-19.582664526484763,10.360790055163074,0.404800544163295,0.3955343763921258,-0.3064378957031172,0.3998590327477831,2.4036826004349243,4.0,12.0
AMKL,2026-06-15,28.0,0.0,0.0,no_fill,0,0,6.428571428571431,18225.0,2.648649233125136,115.47139138910104,0.0,0.0,-6.428571428571431,0.0,-3.430211653867475,13.821138211382108,17.858536585365854,0.9500364199216972,127943.25,14.841865793975106,12.814520840468177,11.110552829179644,1.798312923893992,0.1729068298197718,0.1130544656513962,1.361644759015844,1.7271285353262544,0.0,15.0
GEVX,2026-06-15,20.1,0.0,0.0,no_fill,0,0,1.751751751751759,28036.0,0.8439443416925281,122.6144898151168,1.0,0.371428571428567,-0.5005005005005077,0.0,-0.2843867702178023,5.826271186440686,6.408898305084751,0.9173553719008252,168351.45,8.114234935130634,-74.3514366661489,15.801962435849251,2.449286893578879,0.1729068298197718,0.1130544656513962,1.361644759015844,1.7271285353262544,0.0,15.0
VLRS,2026-06-15,8.74616,-1626.9450799999995,-3.254342477155688,stop,0,1,2.870264064293915,43537.0,1.1384747648401985,135.50656865216766,2.0,0.8399999999999963,-0.3444316877152828,1.0,1.249768126284109,8.333333333333355,5.099502487562202,0.9756097560975572,573587.8,4.932384192361565,8.198757763975156,3.741770033740516,0.7367939136780802,0.1729068298197718,0.1130544656513962,1.361644759015844,1.7271285353262544,0.0,15.0
FIGG,2026-06-29,16.0,0.0,0.0,no_fill,0,0,4.353312302839114,12359.0,1.4300978140620428,50.22731660241689,1.0,0.0,-3.406940063091477,0.0,-1.3720630222043944,5.666666666666664,17.59999999999999,0.9583333333333336,261036.9,13.386869569380302,-55.301748448956566,9.605903331446395,1.209231338557882,0.4697512762028941,0.2864668187248851,1.033621860382168,1.7696436219099905,0.0,29.0
HODU,2026-07-02,16.709979999999998,-3547.075839999996,-7.094682339536005,stop,0,1,7.174887892376688,28944.0,1.6037412152958723,70.13136226121046,3.0,0.9374999999999998,6.278026905829599,0.0,2.51902463048975,8.151925395263754,14.095777848601156,0.9085278938314084,275515.5,13.26296166959032,-0.7313195548489679,9.239027505744414,0.5866820560004791,0.2167514048702173,0.1552047096601509,0.2199098905814184,1.05982217982637,3.0,2.0
OFIX,2026-07-06,10.8446366,3413.0909480000096,6.827031898883565,target,1,1,3.693032015065921,39685.0,1.315319451693676,144.25332816002944,3.0,0.7266700662927067,0.800376647834283,1.0,1.2036088072789188,6.841046277665994,4.828973843058336,1.0,414539.0,4.826244784435466,0.3780718336483851,3.436524623739724,1.0471246372476413,0.188996781044219,0.0627763159652077,0.5317006364295546,1.1386683490743703,0.0,6.0
CIEG,2026-07-09,8.685979999999999,-2499.4854399999945,-4.9993207444640575,stop,0,1,4.842615012106542,29695.0,1.7284657757784545,61.23536623429239,5.0,1.0,4.842615012106542,1.0,1.850085312630768,8.612754766600911,12.193293885601577,0.9867356842445814,735547.25,13.829266072910292,-15.282051282051285,8.16320005070265,0.4620518940149664,0.2435336464480283,0.0026761939170087,0.2616045076469071,0.7751141466417582,3.0,9.0
HOOZ,2026-07-17,11.634799999999998,1242.967407999997,2.4861965826657904,target,1,1,1.4532871972318273,7189.0,0.4836134766766349,83.94650968149651,2.0,0.5833333333333298,-0.2595155709342658,0.0,0.110734442842598,10.727969348659014,12.92624521072796,0.948128936643201,454102.25,12.942896174843485,-21.57394843962008,8.182383889271339,0.9085508825380187,0.2169665116905887,-0.137120140152271,-1.1508951406649597,0.7421292664490987,4.0,17.0
FIGG,2026-07-27,19.61868,2702.45976,5.406174115689741,target,1,1,2.942694889003615,4449.0,0.4342052576389173,55.24196896208042,2.0,0.4385964912280699,-0.6711409395973286,1.0,0.487263302569242,6.559721855470464,7.151659184930908,0.9096923076923078,203685.45,15.22997122990052,-24.3359375,10.73408662432495,0.5783623719809147,0.1647938566461212,-0.0288640970907717,0.8092782807573138,0.7847407894679208,0.0,27.0
RTB,2026-07-29,20.0,0.0,0.0,no_fill,0,0,8.499999999999996,22985.0,2.550523985023334,114.394682038941,1.0,0.4117647058823527,-5.0,1.0,-0.6988606579528625,6.496272630457928,14.696485623003202,0.9202898550724642,121445.0,14.6893613766806,-3.628391075989014,7.903168872175273,0.8431553378072378,0.2256848250604698,0.0081084368285127,-0.1201306589639049,1.0321351106980818,2.0,29.0
ASTY,2026-07-31,6.309,0.0,0.0,no_fill,0,0,2.2419354838709715,14535.0,0.7915662870306462,88.46571014107776,0.0,0.3597122302158254,0.3225806451612834,0.0,-0.2809277184356084,7.450477461395816,10.918354967851508,0.9842857142857142,235157.7,15.62249772536629,-60.38338658146965,12.47442164759526,0.831314475349946,0.2311059784068329,0.1772573454369729,0.4031333845676624,1.280202843790082,4.0,31.0
CIFG,2026-07-31,10.81,0.0,0.0,no_fill,0,0,4.186489058039975,14861.0,2.073820796802538,75.86508549793973,3.0,0.7045454545454536,1.6175071360608937,1.0,0.5771397485559066,10.631578947368418,16.526315789473678,0.9872611464968156,154978.15,20.846124624281487,-26.554856743536,21.22948589890744,1.9690517663296407,0.2311059784068329,0.1772573454369729,0.4031333845676624,1.280202843790082,4.0,31.0
CIFU,2026-07-31,26.519,0.0,0.0,no_fill,0,0,3.699865668777581,5227.0,1.5803226024139465,25.90466667530728,2.0,0.4616182572614117,-0.2110919209364794,0.0,-0.4887713616551541,13.38120104438642,23.86858137510879,0.9361896080218782,252495.25,21.34990785653513,-25.938032973280272,20.762028246752067,1.0630536614055115,0.2311059784068329,0.1772573454369729,0.4031333845676624,1.280202843790082,4.0,31.0
DRAL,2026-07-31,10.7,0.0,0.0,no_fill,0,0,3.050524308865572,30555.0,1.0153548193169133,92.939205918,1.0,0.6562500000000002,0.9532888465204924,0.0,0.1519852244703028,10.887949260042276,14.05919661733615,0.9624060150375948,483941.5,12.544119572258342,-38.43896713615023,14.048342605458169,1.01826563747891,0.2311059784068329,0.1772573454369729,0.4031333845676624,1.280202843790082,4.0,31.0
FLYT,2026-07-31,5.1607,0.0,0.0,no_fill,0,0,4.467611336032387,9741.0,0.9684243708878169,92.81187703561416,2.0,0.5210693248753937,2.327935222672051,0.0,-0.8706083165315628,6.236559139784947,19.247311827956977,0.9217877094972072,255817.9,14.90463438873742,-57.8138343296328,10.854348685930637,1.349995445979347,0.2311059784068329,0.1772573454369729,0.4031333845676624,1.280202843790082,4.0,31.0
GEVX,2026-07-31,21.55,0.0,0.0,no_fill,0,0,2.9920523609163188,5560.0,0.4450449822555338,93.20708911677302,1.0,0.0,-2.244039270687239,0.0,-1.0125341475045468,11.059190031152642,5.970924195223272,0.9826086956521743,288792.05,10.41258882864356,-27.3190621814475,8.45349315809243,0.6211389821845857,0.2311059784068329,0.1772573454369729,0.4031333845676624,1.280202843790082,4.0,31.0
LITU,2026-07-31,15.47,0.0,0.0,no_fill,0,0,5.6578050443081125,13450.0,1.242527868508504,72.55104913879401,1.0,0.5662650602409625,2.9993183367416463,0.0,0.3498320050898232,16.336241078509126,11.578112609040438,0.9383561643835616,135693.25,15.631341902547524,-33.31818181818182,13.816522450577336,1.1846720452196406,0.2311059784068329,0.1772573454369729,0.4031333845676624,1.280202843790082,4.0,31.0
POEL,2026-07-31,10.0,0.0,0.0,no_fill,0,0,3.783231083844573,19063.0,1.4639310603478095,62.1701203005982,3.0,0.5091891891891894,0.3926380368098272,0.0,-0.2533814633428206,10.383747178329571,14.27765237020316,0.9446640316205532,482895.45,15.76143368986138,-49.961627014581744,13.466041099779469,0.9656831514979072,0.2311059784068329,0.1772573454369729,0.4031333845676624,1.280202843790082,4.0,31.0
QPUX,2026-07-31,15.987819999999996,-2198.6562399999893,-4.397847861684688,stop,0,1,4.158544509421694,7224.0,0.7223193172568162,72.79070220232123,4.0,1.0,3.5737491877842684,1.0,1.744884024384925,5.387138523484416,14.106400608081737,0.9482038834951456,175812.05,12.404022699645164,-46.74740484429065,10.820920699308948,1.0218867250566728,0.2311059784068329,0.1772573454369729,0.4031333845676624,1.280202843790082,4.0,31.0
TEMT,2026-07-31,14.79,0.0,0.0,no_fill,0,0,13.657876943880998,36859.0,4.654637166362619,105.25023054408014,1.0,0.3069306930693075,-9.46585530764029,0.0,-2.686228901468944,9.636767976278716,11.8472942920682,0.9072706795144544,221861.3,12.730248469641694,-48.78808864265928,8.43106142198547,0.9018201912636408,0.2311059784068329,0.1772573454369729,0.4031333845676624,1.280202843790082,4.0,31.0
USGG,2026-07-31,5.39,0.0,0.0,no_fill,0,0,3.1835205992509352,15090.0,0.7266302698929782,91.03139501024933,1.0,0.882352941176473,0.5617977528089935,0.0,0.3645794183020324,7.878787878787873,13.13131313131314,1.0,215779.45,13.201166957116255,-49.67012252591894,11.104468069013707,1.506093374508091,0.2311059784068329,0.1772573454369729,0.4031333845676624,1.280202843790082,4.0,31.0
BABU,2026-08-03,13.038999999999998,-620.6862599999919,-1.2415829434772443,eod,0,1,3.39116719242902,57155.0,0.8590975846362224,140.48628578403537,2.0,0.6511627906976734,1.3406940063091477,0.0,-0.07007382743146,7.094594594594593,5.025337837837843,0.9411764705882352,335279.1,4.47492191860641,6.77894736842105,6.4345714890760215,0.4904988112888636,0.3362510674637189,0.1734628522630169,0.3226108723880007,1.4742238069491285,0.0,3.0
ARQQ,2026-08-04,19.94967,4757.540760000018,9.516247637179,target,1,1,5.040733197556018,46519.0,1.733612257506897,82.58239525346266,2.0,0.7373737373737363,-0.0509164969450181,0.0,0.1220212797251659,6.449864498644993,7.8878048780487875,0.9037999037999036,414256.95,10.24127898762906,-9.61803957662218,6.678046509522946,0.6323032118109304,0.1788015040361828,0.1590807499145481,0.3906714004777853,1.2839399203450723,1.0,4.0
COHH,2026-08-04,8.69601,-2716.067908200002,-5.432857137928779,eod,0,1,8.293838862559245,92986.0,2.611238568006923,76.90073260280072,3.0,1.0,2.725118483412328,1.0,2.3698968524779684,26.15844544095664,27.802690582959645,0.9032258064516132,492024.95,15.38220222088958,-17.05159705159706,12.97778512920844,0.9773630381955224,0.1788015040361828,0.1590807499145481,0.3906714004777853,1.2839399203450723,1.0,4.0
CRMX,2026-08-04,5.52,0.0,0.0,no_fill,0,0,7.608695652173912,17439.0,2.350895830274187,87.77552577005088,1.0,0.3095238095238114,-5.253623188405783,1.0,0.2391550419895137,15.48117154811714,30.334728033472807,0.9172413793103448,142222.1,15.602567537231456,-49.03047091412743,12.64498033484141,2.070079122724246,0.1788015040361828,0.1590807499145481,0.3906714004777853,1.2839399203450723,1.0,4.0
HPEL,2026-08-04,16.95,0.0,0.0,no_fill,0,0,8.554572271386427,29732.0,2.57908075596438,55.44138287840045,1.0,0.0,-8.554572271386427,0.0,-1.8953083366180845,11.293499671700582,15.43007222586999,0.9617021276595744,44994.55,9.979865685156884,5.279503105590049,8.02258655764036,6.320321016656461,0.1788015040361828,0.1590807499145481,0.3906714004777853,1.2839399203450723,1.0,4.0
KTUP,2026-08-04,6.519499999999999,-2459.486644999988,-4.919165580182507,stop,0,1,4.6677215189873404,23450.0,1.015385581546921,123.10511472834948,4.0,1.0,2.84810126582278,1.0,1.2160724356032282,7.482993197278918,12.996598639455778,0.9356189479193928,167825.75,11.235230469750189,-17.277486910994757,8.370765872375012,1.0382852452618263,0.1788015040361828,0.1590807499145481,0.3906714004777853,1.2839399203450723,1.0,4.0
LITU,2026-08-04,18.74,0.0,0.0,no_fill,0,0,4.535752401280671,12484.0,1.30794329357305,123.6254401590857,3.0,0.3307058823529403,-3.03575240128068,1.0,-0.7220482827995275,18.75792141951837,26.40430925221801,0.9624153986463782,133557.05,16.315365005355762,-14.818181818181824,14.25453613803348,0.8315622425023614,0.1788015040361828,0.1590807499145481,0.3906714004777853,1.2839399203450723,1.0,4.0
MPG,2026-08-04,3.7410897,1400.1254190000132,2.800269664745034,target,1,1,1.632152588555866,49188.0,0.2448653716562676,119.6512316626098,0.0,0.5008347245409033,0.8174386920980995,0.0,0.1025380770425815,7.360168499882981,15.764685232857476,0.9062905919465578,190638.75,10.590755125811874,-32.16642330369851,9.58980643538308,0.8742923461258533,0.1788015040361828,0.1590807499145481,0.3906714004777853,1.2839399203450723,1.0,4.0
ONDU,2026-08-04,5.65692,-3731.050079999991,-7.462718228293824,stop,0,1,7.590132827324468,20483.0,0.6923492252696273,117.40843905427232,3.0,1.0,7.020872865275145,1.0,5.045090924886333,8.213552361396292,21.56057494866529,0.9047619047619052,131033.4,15.646719118121805,-1.86219739292366,12.531617685756746,0.9801623097622438,0.1788015040361828,0.1590807499145481,0.3906714004777853,1.2839399203450723,1.0,4.0
POEL,2026-08-04,11.795279999999998,-3141.820109999996,-6.285098785276816,stop,0,1,6.032986111111114,48734.0,2.359780658331152,62.29251148957133,4.0,0.999856115107914,2.0824652777777817,1.0,2.557543330863605,28.42809364548493,18.65551839464882,0.9322337755467918,462635.4,15.500844071709594,-27.494272551043537,13.427598889052884,1.0230453614228396,0.1788015040361828,0.1590807499145481,0.3906714004777853,1.2839399203450723,1.0,4.0
QCMU,2026-08-04,17.361929999999997,1641.375480000008,3.283736312725618,target,1,1,1.86588921282799,7633.0,0.4709396184600445,110.80300527868631,2.0,0.6875000000000069,0.3498542274052611,0.0,0.3071049605785539,6.455617628801981,11.23525760397268,1.0,134019.5,7.878446026793245,-37.4087591240876,4.956433688004292,1.0425273934017063,0.1788015040361828,0.1590807499145481,0.3906714004777853,1.2839399203450723,1.0,4.0
QUBX,2026-08-04,9.0347231,-2563.919355399996,-5.128027664732738,stop,0,1,4.9790454016298,28577.0,1.1380090573288804,65.04119622078298,3.0,0.9819967266775782,4.772991850989524,0.0,1.5463807122495128,5.528255528255519,15.020884520884524,0.9650772879692484,258660.2,12.063317500372548,-13.232323232323235,9.676401307330709,0.8506333792365427,0.1788015040361828,0.1590807499145481,0.3906714004777853,1.2839399203450723,1.0,4.0
RCAX,2026-08-04,3.6662659,242.0076568000068,0.484045633460478,eod,1,1,6.780979827089338,23664.0,1.297218681579129,52.83871026361027,3.0,0.934976625584361,4.899135446685877,1.0,1.8423348048004944,8.610598140786884,20.16338539547404,0.9765600745110216,323244.8,13.688068610367402,-33.65200764818356,11.66479710426356,0.5678080513592175,0.1788015040361828,0.1590807499145481,0.3906714004777853,1.2839399203450723,1.0,4.0
UUUG,2026-08-04,3.89,0.0,0.0,no_fill,0,0,4.999999999999999,19187.0,1.4813795040841338,83.61529518583052,3.0,0.610526315789472,0.4210526315789478,1.0,-0.4243379642098028,9.402890539528991,13.81931248920366,0.944583333333333,263863.6,11.398197768142582,-23.23232323232324,8.64766980875788,0.5644204050880834,0.1788015040361828,0.1590807499145481,0.3906714004777853,1.2839399203450723,1.0,4.0
SHPH,2026-08-05,4.132359999999999,4750.1944395,9.500878432663177,eod,1,1,6.947890818858567,45205.0,3.112727695444366,79.5187716927834,2.0,0.7499999999999992,0.4962779156327437,1.0,1.3253487690062449,10.4109589041096,10.660273972602742,1.0,4298508.65,12.486848761660818,-20.98039215686273,12.95040345322941,0.0274457979746068,0.1972056094039973,0.0463884306042386,0.58600080380641,1.4877390935815862,2.0,5.0
SHPU,2026-08-05,18.65,0.0,0.0,no_fill,0,0,8.722346368715082,129067.0,3.260156634151202,40.791767076547,1.0,0.0905015051559605,-3.743016759776526,0.0,-2.7345347654311123,43.19999999999999,7.680000000000006,1.0,89441.5,8.85733413096886,20.94676315380509,7.71776518254226,3.148169473901936,0.1972056094039973,0.0463884306042386,0.58600080380641,1.4877390935815862,2.0,5.0
APLZ,2026-08-06,22.01,0.0,0.0,no_fill,0,0,4.399071925754062,10472.0,1.0773356781272203,136.18765232368528,1.0,0.0,-2.2645011600928053,0.0,-3.15177926856134,8.345902463549523,10.716943187531417,1.0,166597.35,16.888049591573935,-47.08137190622475,15.237830659753683,0.964325062793616,0.2249256696225684,-0.0402487633242958,0.0545603346367285,1.3051485618400431,3.0,6.0
NVOX,2026-08-07,15.09,0.0,0.0,no_fill,0,0,1.4696058784235178,3669.0,0.3072667162135741,56.89239826869771,2.0,0.0909090909090967,-0.5344021376085509,1.0,-0.7198578602383038,5.0526315789473735,4.421052631578952,1.0,424376.8,5.420014031229914,-19.342672413793093,5.849596393807701,0.9325674730569626,0.1296983217037171,0.0596612279837146,0.320079108983038,1.0639803139767776,4.0,7.0
PRAA,2026-08-07,21.43411,-2738.6774799999976,-5.47907050957562,stop,0,1,5.361534677816035,27822.0,1.5373480406731554,82.51567579551194,3.0,0.8119266055045854,4.107230693556326,1.0,1.7317349844481391,12.011019283746556,5.564738292011028,0.9009900990098996,334209.2,3.878892324322036,7.566137566137565,2.9229543199191874,1.4180070446893742,0.1296983217037171,0.0596612279837146,0.320079108983038,1.0639803139767776,4.0,7.0
INFH,2026-08-10,7.86,0.0,0.0,no_fill,0,0,1.932569974554712,9786.0,0.3613905733673916,98.8452759834776,0.0,0.0783410138248832,-1.781170483460567,0.0,-0.769275530627605,5.503355704697988,12.644295302013417,0.9256900212314232,325202.35,14.87629208257793,4.521276595744691,12.121924745568856,1.249422090584524,0.139780492855669,0.0,-0.0853529213977146,0.692511769908547,0.0,10.0
SHMD,2026-08-10,5.42,0.0,0.0,no_fill,0,0,7.692307692307685,62616.0,3.3179694119464287,57.326357122299335,3.0,0.1538461538461529,0.3944773175542322,0.0,-2.7918536570556016,7.415254237288147,7.002118644067792,0.937972768532526,433153.35,8.27597433075323,0.3960396039604052,5.249091524803387,0.7483123471167891,0.139780492855669,0.0,-0.0853529213977146,0.692511769908547,0.0,10.0
CRDU,2026-08-12,20.3,0.0,0.0,no_fill,0,0,6.195596518177168,157804.0,2.509384331631932,74.2493742579213,3.0,0.0,-2.252944188428066,0.0,-3.247877169307096,12.564841498559076,7.809798270893374,0.9963099630996316,983605.6,17.137982033278675,-72.40745973438824,20.8685490375297,0.3595241832702051,0.281395619005815,-0.2123375198461336,0.5385693521594802,0.5675097152765646,2.0,12.0
RCAX,2026-08-12,5.45,0.0,0.0,no_fill,0,0,7.706422018348623,27967.0,1.4694514199530944,35.318586508085566,0.0,0.0952380952380953,-6.972477064220181,0.0,-0.89670816347843,5.491357451173965,12.775100168399051,0.9337878787878784,371125.25,14.620597997152515,4.606525911708258,12.201879835967548,1.1255984334129785,0.281395619005815,-0.2123375198461336,0.5385693521594802,0.5675097152765646,2.0,12.0
SK,2026-08-12,20.396005,2653.195245000004,5.307387402582033,eod,1,1,3.2657100445324105,93702.0,0.9214132390651802,118.1221918875898,0.0,0.0,-2.64720435428006,0.0,-2.099105537097591,11.966759002770084,5.9002770083102565,0.985915492957746,1203242.6,16.53909762620139,-44.078583287216375,15.069859004420575,0.2468114077742925,0.281395619005815,-0.2123375198461336,0.5385693521594802,0.5675097152765646,2.0,12.0
SKHU,2026-08-12,16.128239999999998,2173.762470000001,4.347738500915168,eod,1,1,3.544776119402976,56791.0,1.0508800481499716,64.15255331657073,1.0,0.0,-3.544776119402976,0.0,-2.102131788217246,13.000702740688672,6.113843991567106,0.931034482758622,2488903.0,16.819965438920093,-44.35986159169551,15.09598508127216,0.1849091748453033,0.281395619005815,-0.2123375198461336,0.5385693521594802,0.5675097152765646,2.0,12.0
VELL,2026-08-12,8.2,0.0,0.0,no_fill,0,0,16.36305732484076,42994.0,5.063697192802658,88.78214599160998,1.0,0.0,-11.904458598726114,0.0,-7.851383156414061,47.00374531835206,11.797752808988765,0.9206349206349208,91519.25,20.23846619709071,28.47790507364974,17.58455837746416,2.5892148373156467,0.281395619005815,-0.2123375198461336,0.5385693521594802,0.5675097152765646,2.0,12.0
HPEL,2026-08-13,23.69,0.0,0.0,no_fill,0,0,7.340659340659348,9888.0,1.5167385420636468,64.65341196894992,3.0,0.8592814371257469,3.0989010989010914,1.0,1.3318107545756728,10.81344374086702,11.885046273745727,0.9877049180327878,119498.7,9.804570499952597,10.651750972762652,6.516644928442999,1.1798119979547894,0.1779653361209001,0.0659207350910497,0.3080946031663834,0.5381365993560675,3.0,13.0
XRPI,2026-08-20,6.59974,633.1263199999994,1.2662620042607728,target,1,1,0.8384146341463372,37234.0,0.3266672587695692,126.55006484589032,2.0,0.10727272727272,-0.4435975609756049,0.0,-0.1954281909219288,12.521440823327609,5.617495711835329,0.9157251908396956,111773.35,1.8348058189377776,7.014681892332784,2.042942069918372,2.8246268005745554,0.1618904628239453,0.1436125073438095,-0.4030894858658503,0.4854621623145111,3.0,20.0
XRPZ,2026-08-20,13.148928799999998,785.1221248000058,1.570488388377322,target,1,1,0.9900687547746368,63091.0,0.3207368518593674,99.3727170592726,2.0,0.1543209876543177,-0.6875477463712747,0.0,-0.3091870807289265,12.8448275862069,5.528448275862063,0.9122095743021982,238796.2,1.8281003031928955,8.003300330033008,2.098972485977669,1.932907642583927,0.1618904628239453,0.1436125073438095,-0.4030894858658503,0.4854621623145111,3.0,20.0
RIOX,2026-08-21,30.5915,-2059.9187667999945,-4.120949283297637,stop,0,1,3.8506756756756793,23194.0,1.5440687574425749,62.13025248745993,4.0,0.5788734865765924,1.4189189189189126,1.0,-0.4023037809184848,5.789849892780561,11.365260900643316,1.0,287466.0,18.59543081267014,-26.550868486352343,14.52422430088939,1.4557895542429369,0.1723147616312381,-0.1540520077280462,0.4523996852871664,0.5685369326733757,4.0,21.0
BRNX,2026-08-25,5.004969999999999,3413.363220000008,6.826774186458677,target,1,1,3.663967611336033,11121.0,0.9774949494714044,108.4572050546705,3.0,1.0,1.0121457489878507,1.0,2.238001716482592,18.1818181818182,12.20095693779905,0.9607843137254892,865557.7,18.155935437123546,17.619047619047624,143.24690498750252,0.5618019457281704,0.1109414359737425,0.0730908284062361,0.35233866425661,0.5643599680202932,1.0,25.0
CIEG,2026-08-27,6.075,0.0,0.0,no_fill,0,0,3.679867986798678,8646.0,0.9122103611683228,167.20268018297048,0.0,1.0,0.2475247524752569,0.0,2.323458739645453,5.20833333333333,10.746527777777777,0.9854604200323096,239662.85,11.463744344072014,-20.576671035386635,9.393122672933648,0.8950114713231525,0.2147067626123927,-0.1314265637809198,0.3158939014202118,0.4482326602905905,3.0,27.0
RBLU,2026-09-08,4.93,0.0,0.0,no_fill,0,0,6.938775510204079,9895.0,0.5340384684317505,104.5569217121091,2.0,0.0441176470588252,-6.020408163265304,0.0,-3.5576138066868888,7.692307692307704,7.03296703296704,0.9062499999999992,389948.65,8.902619655805557,6.986899563318784,5.499819096806444,1.1326516965759466,0.0,0.0,-0.1454186629273302,0.6559219482557836,1.0,8.0
SK,2026-09-08,29.8785676,-1334.5146247999942,-2.669731731048568,stop,0,1,2.331616889804331,16695.0,1.0386479043536567,106.343213832868,4.0,0.4122497055359253,0.8925506350841111,1.0,-0.1646437389594102,8.815838625326856,13.522599925289494,0.9392265193370168,327147.0,8.32515103182888,4.035714285714282,8.560331386112917,0.9879625978535644,0.0,0.0,-0.1454186629273302,0.6559219482557836,1.0,8.0
SKHU,2026-09-08,23.50029,-1304.2763999999904,-2.6093295018912346,stop,0,1,2.2662889518413576,54508.0,1.242718692959241,72.03515648964763,3.0,0.7500000000000017,1.5471780344301609,1.0,0.4760346987733687,8.89890840056953,13.811105837683913,0.9381443298969072,610535.2,8.43611430208104,3.589164785553056,8.55038127298685,0.8043303645719363,0.0,0.0,-0.1454186629273302,0.6559219482557836,1.0,8.0
APLZ,2026-09-10,23.025,0.0,0.0,no_fill,0,0,3.147321428571421,1219.0,0.1670401244927856,39.731616159498834,1.0,0.0,-0.3571428571428495,0.0,-1.2276178820845884,6.514503090822623,10.841654778887309,0.9342105263157902,119003.7,11.108321147048583,-19.827916349020587,9.080839634828676,1.1675435301591464,0.0,0.0,-0.5731899265477446,0.5202721023478563,3.0,10.0
CLSX,2026-09-21,17.26,0.0,0.0,no_fill,0,0,4.860950173812295,13882.0,1.1532354230071669,14.97658335949231,1.0,0.6305125148986872,-1.7960602549246942,1.0,0.7664717928875163,8.485229415461983,13.953488372093029,1.0,473926.1,13.797332117537575,8.485229415461983,10.807499878363828,1.0203890437770784,0.0,0.0,0.5988000367603514,0.867675166329478,0.0,21.0
DRAL,2026-09-21,12.176419999999998,-922.5512721999996,-1.845236120304654,stop,0,1,1.4558216350123967,76637.0,0.6248598023946661,132.06425863575794,2.0,0.4611457742484403,-0.5367464905037119,1.0,-0.1974326739340076,6.414762741652008,5.448154657293506,0.9677419354838716,205160.0,5.47063518781614,-5.019607843137259,6.855490767709401,0.5889013452914799,0.0,0.0,0.5988000367603514,0.867675166329478,0.0,21.0
GFSG,2026-09-21,3.94,0.0,0.0,no_fill,0,0,5.837563451776649,18620.0,1.3619867569774355,129.69982186929022,0.0,0.0,-5.837563451776649,0.0,-3.0021902958451405,6.48648648648648,9.72972972972974,1.0,82265.7,6.469682871501583,0.7672634271099694,5.904132408986642,2.3979738821890533,0.0,0.0,0.5988000367603514,0.867675166329478,0.0,21.0
GLXU,2026-09-21,6.3535,0.0,0.0,no_fill,0,0,3.992125984251981,16843.0,1.500135817590193,64.96836932967013,1.0,0.4536489151873762,-2.1259842519685006,0.0,-0.9831095490065574,10.243055555555554,12.93402777777778,0.9798657718120798,132618.4,12.1886868325974,-13.60544217687075,11.01736767741978,1.3476862939079344,0.0,0.0,0.5988000367603514,0.867675166329478,0.0,21.0
GSUI,2026-09-21,15.205479999999998,-922.0209599999924,-1.844203537145804,stop,0,1,1.4559894109861062,24688.0,0.3519291981895788,30.00473714731876,4.0,0.538181818181822,-0.3414956982130957,1.0,-0.0753468847554398,28.268251273344653,1.95246179966043,0.9565217391304356,57767.3,3.6841686127324538,23.751023751023737,4.928237283910972,2.136277790376216,0.0,0.0,0.5988000367603514,0.867675166329478,0.0,21.0
HODU,2026-09-21,16.8399,0.0,0.0,no_fill,0,0,4.218806509945748,16317.0,1.2976309402306443,100.68350123695566,2.0,0.0,-2.712477396021696,0.0,-2.6731563713754234,8.929743926460928,14.08404464871963,0.9417249417249416,176017.35,11.004978504894169,-1.834319526627212,10.939871635724648,1.6486158892859142,0.0,0.0,0.5988000367603514,0.867675166329478,0.0,21.0
QUBX,2026-09-21,8.124299999999998,-998.6095799999912,-1.997341309405101,eod,0,1,3.35118306351183,19897.0,1.2815204167628786,97.54857239429673,2.0,0.44258639910814,-0.99626400996263,0.0,-0.3588959378619101,6.498673740053042,9.6816976127321,1.0,226859.3,8.143162326810828,-3.0193236714975846,6.586422087161445,0.8217560399772018,0.0,0.0,0.5988000367603514,0.867675166329478,0.0,21.0
SNDC,2026-09-21,9.89,0.0,0.0,no_fill,0,0,5.457027300303334,9454.0,1.4404052906058542,79.97221975337514,1.0,0.1106170094496932,-4.853387259858447,1.0,-1.5729162487152115,5.050719634606195,17.10127994051728,0.9779503105590068,199550.6,10.29830065194786,0.5592272496187057,9.427642984603851,0.7874945001418187,0.0,0.0,0.5988000367603514,0.867675166329478,0.0,21.0
SVRN,2026-09-21,29.4446698,-5859.271280399993,-11.719234154902956,stop,0,1,12.657814871016695,44979.0,3.665103355581016,48.03894794269619,3.0,0.8592279566025297,9.5861153262519,0.0,2.610341882706208,29.724409448818896,19.93110236220471,0.9185185185185188,129952.55,12.288566856571466,27.651331719128336,12.946271474455608,2.400152978914227,0.0,0.0,0.5988000367603514,0.867675166329478,0.0,21.0
UXRP,2026-09-21,17.48229,1400.5992000000056,2.801234849667875,target,1,1,1.611974668969494,18896.0,0.2979018812079957,90.43881620882996,3.0,0.4285714285714304,-0.5757052389176823,1.0,-0.1876913564318152,10.285714285714292,11.492063492063483,0.9834254143646411,246119.2,8.48272794395039,-11.737804878048774,11.138210323086836,1.0224679748674623,0.0,0.0,0.5988000367603514,0.867675166329478,0.0,21.0
WULX,2026-09-21,17.93,0.0,0.0,no_fill,0,0,5.186837702175124,8703.0,1.3306820681027296,66.4780855273985,1.0,0.0,-5.186837702175124,0.0,-2.135864920746668,5.470588235294116,9.334117647058836,0.9610536929669766,379865.5,12.334991612772392,-9.535822401614531,10.2171507162808,0.7104119747647523,0.0,0.0,0.5988000367603514,0.867675166329478,0.0,21.0
XRPC,2026-09-21,15.817309999999996,-452.0229999999909,-0.9040728164270482,stop,0,1,0.5072923272035514,22959.0,0.1401073946237275,100.199926331755,0.0,0.1249999999999972,-0.4438807863031089,0.0,-0.2721429600381612,5.344021376085497,6.279225116900464,0.9787234042553196,368266.05,4.201188197987911,-2.8641823221435163,5.5121841115895975,0.6481835618569781,0.0,0.0,0.5988000367603514,0.867675166329478,0.0,21.0
GRAG,2026-09-22,4.383109999999999,2763.459820000009,5.527125716671515,target,1,1,3.0516431924882603,27027.0,0.9254637200614946,74.25692981141717,4.0,0.8076923076923048,1.995305164319248,0.0,-0.0855185190502412,10.914392834826064,8.461778796084154,0.971692307692308,75777.0,6.340067569711992,-31.067961165048548,5.061051374843506,2.221109307573538,0.0,0.0,0.0685197155785355,0.7159262273492385,1.0,22.0
SHPU,2026-09-22,16.888514,-637.2995439999956,-1.274854022088613,eod,0,1,5.962264150943399,82846.0,1.7885591056117554,139.56643561492456,4.0,0.8227848101265831,4.8427672955974925,0.0,1.892396225834874,9.057985925346728,15.569913713870251,0.9909251101321586,132999.05,7.305472900884569,-17.82733403963926,7.0692280858469445,2.5498152054469565,0.0,0.0,0.0685197155785355,0.7159262273492385,1.0,22.0
APUS,2026-09-24,8.74,0.0,0.0,no_fill,0,0,27.03862660944207,7687983.0,12.811973082329413,44.88772382021868,3.0,0.4523809523809525,10.228898426323315,0.0,-3.1454434611579587,205.2401746724891,24.2532751091703,0.9819949585884052,162924.55,16.230719472305715,40.08016032064128,10.515158263321164,0.9362309117932196,0.0,0.0,-0.4877508758677135,0.77694198545253,3.0,24.0
TJGC,2026-09-25,30.77,0.0,0.0,no_fill,0,0,9.479005710446756,16168.0,1.3805995480566653,55.62789289058669,1.0,0.0,-6.1199193819281135,0.0,-4.768172156661507,5.567375886524824,30.31879432624114,0.9590638486999846,1625713.2,14.461669207643846,4.273204903677754,14.972557373102791,0.2217346823535664,0.0,0.0,0.2085560103235254,0.6430052293885958,4.0,25.0
