hypothesis,description,trade_count,win_rate,total_pnl,avg_win,avg_loss,actual_rr,max_drawdown,profit_factor
H9,Mid R:R sweet spot,34,64.70588235294117,18265.763699999963,1010.489954545453,-330.4179416666671,3.058217569688929,-999.8550000000014,5.606732211096371
H9a,H9 + $750 risk budget (1.5%),34,64.70588235294117,24617.37384999995,1347.998602272725,-419.8829500000008,3.210415193740833,-1499.8400000000029,5.885761188524861
H9b,H9 + $1000 risk budget (2%),34,64.70588235294117,29166.59069999995,1578.0173181818159,-462.482525000001,3.412058257080768,-1749.925000000003,6.255440137981408
