hypothesis,description,trade_count,win_rate,total_pnl,avg_win,avg_loss,actual_rr,max_drawdown,profit_factor
H10,H9b + MACD positive filter,37,40.54054054054054,7489.319175000007,1653.4603849999987,-786.9357545454532,2.101137704633924,-4074.2395999999617,1.4325938895231303
H9b,H9 + $1000 risk budget (2%),82,41.46341463414634,10841.592424999935,1598.2965742647032,-906.2602312499995,1.7636176885530792,-9864.902999999997,1.249229196058431
