hypothesis,description,trade_count,win_rate,total_pnl,avg_win,avg_loss,actual_rr,max_drawdown,profit_factor
H10a,H10 + $2000 risk budget,30,40.0,11749.965550000037,2362.4642958333334,-922.2003333333313,2.561769076025063,-4774.105999999988,1.7078460506833755
H12,H10a no MACD + relaxed risk + circuit breaker,69,40.57971014492754,27732.738550000035,2256.5109303571435,-864.6235975609753,2.609818812165844,-5483.999999999996,1.7823152863571619
