hypothesis,description,trade_count,win_rate,total_pnl,avg_win,avg_loss,actual_rr,max_drawdown,profit_factor
H10a,H10 + $2000 risk budget,30,40.0,11749.965550000037,2362.4642958333334,-922.2003333333313,2.561769076025063,-4774.105999999988,1.7078460506833755
H12,H10a without MACD + relaxed min_risk,97,36.08247422680412,20495.48855000008,2095.2173157142865,-852.2115725806447,2.458564731020496,-7489.937499999993,1.3878994449309252
