hypothesis,description,trade_count,win_rate,total_pnl,avg_win,avg_loss,actual_rr,max_drawdown,profit_factor
H10a,H10 + $2000 risk budget,37,40.54054054054054,11688.465550000032,2118.3381033333335,-913.0275454545441,2.3201250760498517,-4740.806000000022,1.5819034609430804
H12,H10a without MACD filter,82,41.46341463414634,18721.33924999991,2147.591354411761,-1131.182641666666,1.8985363417949332,-11864.805999999997,1.3447965754380777
