day,symbol,split,p_hgb,p_lr,net_R_prime,c1490_short_net_R,kept_1489,kept_1490
2025-07-01,AMN,TRAIN,0.7097338697540306,0.41433683955397305,2.0,-1.468685950413224,True,False
2025-07-01,ANF,TRAIN,0.5881890155881515,0.37237188915746583,0.150429287426449,-1.4328808295296689,True,False
2025-07-01,BIIB,TRAIN,0.445869630077937,0.4689028152323029,-1.1371672460034832,-1.420614093959729,True,False
2025-07-01,BLDR,TRAIN,0.6885793986290476,0.37807668459995863,2.0,-1.4505149253731304,True,False
2025-07-01,BXC,TRAIN,0.43933583773643986,0.21699115304206162,2.0,-1.6564383685692612,True,False
2025-07-01,CE,TRAIN,0.37400679414963656,0.32026680512472183,-1.1297084645161295,-1.4380070422535225,False,False
2025-07-01,CLDX,TRAIN,0.5221616475038812,0.2341009213455104,2.0,-1.5642310836326585,True,False
2025-07-01,CMP,TRAIN,0.6209986344729133,0.3294722163466857,0.7966317733990026,-1.4664032258064466,True,False
2025-07-01,CONL,TRAIN,0.18749754841750835,0.3906325005301958,-1.0867492685650475,-1.3480571058640995,False,True
2025-07-01,DFH,TRAIN,0.4905177002341085,0.3095430107171021,2.0,-1.5410000000000006,True,False
2025-07-01,DIN,TRAIN,0.47995941641430023,0.2579457464511483,2.0,-1.5555680858622136,True,False
2025-07-01,DOW,TRAIN,0.3111793344302169,0.22303453005887747,-1.1189764799999988,1.9855072463768093,False,False
2025-07-01,DPST,TRAIN,0.5488222184062218,0.39094218838191047,2.0,-1.3965153779976327,True,False
2025-07-01,ENPH,TRAIN,0.35513677821045014,0.3042567067958274,-1.0827514434782612,-1.385886615657574,False,False
2025-07-01,FUN,TRAIN,0.37858476019600096,0.23700148553839845,-1.1226372394366209,-1.4785292397660803,False,False
2025-07-01,HELE,TRAIN,0.8341601222086635,0.6636833079141441,2.0,-1.488213556437886,True,False
2025-07-01,HOOX,TRAIN,0.058783544830989264,0.22045737567198884,-1.456468926500172,1.927769752194687,False,True
2025-07-01,HOV,TRAIN,0.4145383915255433,0.21395094148558477,2.0,-1.7591954518046269,True,False
2025-07-01,ICHR,TRAIN,0.5239910818600491,0.45064365085684926,2.0,-1.703499999999999,True,False
2025-07-01,INTW,TRAIN,0.2699526637354767,0.3463325199508875,-1.131275052296499,1.8999999999999984,False,False
2025-07-01,JANX,TRAIN,0.5882890738103275,0.5752213212092736,-1.05754112,,True,False
2025-07-01,LABU,TRAIN,0.6096992205186615,0.3196619088409079,2.0,-1.3996884230804518,True,False
2025-07-01,MRAL,TRAIN,0.12078542777847237,0.3284493845759945,-1.0644635534883722,-1.7015040840636466,False,True
2025-07-01,MRNA,TRAIN,0.46306703209469124,0.3933235690295835,2.0,-1.36962903225806,True,False
2025-07-01,NAIL,TRAIN,0.7621678332116519,0.4761993336537163,2.0,-1.392839758602051,True,False
2025-07-01,NGNE,TRAIN,0.351648306068862,0.06312615086720402,-1.05038274949606,-1.4710406871609405,False,False
2025-07-01,NXT,TRAIN,0.16639833246524535,0.3316976999464402,-1.1121379999999996,-1.4574312406576964,False,True
2025-07-01,OLN,TRAIN,0.40019346895813696,0.3535926635661926,2.0,-1.4427857142857168,False,False
2025-07-01,OPRA,TRAIN,0.14103065051014435,0.33785813974737283,-1.0644635534883722,1.9,False,True
2025-07-01,PGY,TRAIN,0.189377094873262,0.23416758746148297,-1.084682577777778,-1.400969784253928,False,True
2025-07-01,ROBN,TRAIN,0.11408511845669898,0.22969734434790298,-1.0657596333333332,1.955069778763456,False,True
2025-07-01,SDHC,TRAIN,0.30352346635523364,0.2534375134842972,-1.1101601358490565,-2.0566851903306533,False,False
2025-07-01,SEDG,TRAIN,0.5927171362635938,0.3552150042155704,2.0,-1.3868724433847428,True,False
2025-07-01,SMST,TRAIN,0.44691190329305164,0.3008179755612321,1.8070716216216147,-1.3866736353077806,True,False
2025-07-01,SYM,TRAIN,0.41987626368116504,0.4068919468298061,-1.1348561061602147,,True,False
2025-07-01,TIL,TRAIN,0.22865602339811036,0.3686370975387096,-1.300322972520913,-1.5862923564907905,False,False
2025-07-01,UPST,TRAIN,0.20237602847840677,0.4614623387163489,-1.1306548479548657,-0.5592711548512239,False,True
2025-07-01,VOYG,TRAIN,0.10668264441038984,0.32412921838354286,-1.0791980799999996,-1.6847927733131045,False,True
2025-07-01,VSCO,TRAIN,0.3439590881421273,0.3636559835572403,-1.0883463225806456,-1.4270294117647049,False,False
2025-07-01,WLK,TRAIN,0.3086518811135178,0.4262327045898032,-1.137365035294117,-1.4409635568513055,False,False
2025-07-02,AAOI,TRAIN,0.14734110825992902,0.24445396010042264,-1.0921778120184895,1.9201175644849977,False,True
2025-07-02,AEVA,TRAIN,0.4600173041067779,0.07679110967432846,2.0,-1.5056739130434793,True,False
2025-07-02,AMR,TRAIN,0.4018023989699254,0.29453934651094943,2.0,-1.5044906575353652,False,False
2025-07-02,AMSC,TRAIN,0.3888749625534167,0.35067587251464505,2.0,-1.537018073231288,False,False
2025-07-02,CLDX,TRAIN,0.15418246205982813,0.3821100317865935,-1.1324865043478258,-1.6712452204228518,False,True
2025-07-02,CNR,TRAIN,0.3394990974136738,0.36629070397166935,2.0,-1.5483051948051894,False,False
2025-07-02,CONL,TRAIN,0.5026694010963856,0.21996967910947296,2.0,-1.3768995567640614,True,False
2025-07-02,CPS,TRAIN,0.25946667382422045,0.35378581928929875,-0.0455852459016393,-1.659704453920873,False,False
2025-07-02,CROX,TRAIN,0.2699928446735695,0.2541219884729461,-1.036502035702364,,False,False
2025-07-02,ETHU,TRAIN,0.6699765863333331,0.5653669664415195,2.0,-1.359313953488376,True,False
2025-07-02,FSLR,TRAIN,0.5777964843744455,0.4587899114536565,-1.085139205776173,-1.3996924960864496,True,False
2025-07-02,GLXY,TRAIN,0.2421583698811263,0.3876498421057535,-1.0788778666666663,1.9688010073217368,False,False
2025-07-02,GRRR,TRAIN,0.5390070346576815,0.2810501535755897,2.0,-1.4501450216450196,True,False
2025-07-02,HCC,TRAIN,0.41711037016783276,0.4235677794358796,-1.1086673512588443,-1.6988357625057016,True,False
2025-07-02,HELE,TRAIN,0.5088152263764678,0.3428879823211885,2.0,-1.5017338099243034,True,False
2025-07-02,HOOD,TRAIN,0.7194432361082175,0.5197791531704045,2.0,-1.3625519249939528,True,False
2025-07-02,HOOX,TRAIN,0.25161918728875143,0.14383229569578165,-1.22285636363636,-1.463488906351114,False,False
2025-07-02,IONS,TRAIN,0.4338471028017838,0.31394177588651806,2.0,-1.3964095045500506,True,False
2025-07-02,LABU,TRAIN,0.5993656767404835,0.33633665013360803,2.0,-1.4139463075880787,True,False
2025-07-02,MRNA,TRAIN,0.41682339826558784,0.312916141757365,-1.1385044266666664,0.5879494110133071,True,False
2025-07-02,MSTX,TRAIN,0.5627555868134808,0.27617189815925824,2.0,-1.3662987244240317,True,False
2025-07-02,NGNE,TRAIN,0.30209544470356764,0.17411682578845908,-1.059071015736763,,False,False
2025-07-02,NVDL,TRAIN,0.5769608083709825,0.30609671094754476,0.5282514285714305,-1.361358247328359,True,False
2025-07-02,ONON,TRAIN,0.3234397718570941,0.3835118107335621,-1.0518724097560974,-1.3747018721483315,False,False
2025-07-02,PHH,TRAIN,0.5611653791412333,0.31480502103751284,0.9928603084559388,,True,False
2025-07-02,PSIX,TRAIN,0.554587764419757,0.4960415904398588,2.0,,True,False
2025-07-02,RARE,TRAIN,0.5157009947471902,0.3823141047037006,1.06752045454546,,True,False
2025-07-02,RDDT,TRAIN,0.12892391285320254,0.17272879444158887,-1.0808779557209305,-1.3839806337172549,False,True
2025-07-02,RDTL,TRAIN,0.5734515887576025,0.7137223216040153,2.0,-1.4492446808510675,True,False
2025-07-02,RH,TRAIN,0.22676701908536798,0.29562639767294435,-1.0369759651715038,-1.4082961018761535,False,False
2025-07-02,RKLX,TRAIN,0.2736110507427112,0.15948494631545965,-1.091008332470605,-1.4497786061497686,False,False
2025-07-02,ROBN,TRAIN,0.6870649107630544,0.5843022219630285,2.0,1.9639925491592616,True,False
2025-07-02,SEDG,TRAIN,0.2373282866685559,0.3236611624446675,-1.0974946424242429,1.928571428571427,False,False
2025-07-02,SN,TRAIN,0.261918276686462,0.32179293472803705,-1.0384598,1.960422163588391,False,False
2025-07-02,SOC,TRAIN,0.329263652426334,0.5168980307912172,-1.07026656,1.9591836734693853,False,False
2025-07-02,SOXL,TRAIN,0.2405151749380277,0.39521961349429036,-0.0572768372450933,-1.371357142857139,False,False
2025-07-02,SYM,TRAIN,0.5414407414057435,0.3186223821064223,0.4617090163934402,-1.417606308411218,True,False
2025-07-02,TIL,TRAIN,0.3077025137288442,0.16952874346470528,2.0,-1.5090555555555536,False,False
2025-07-02,TSDD,TRAIN,0.21979149656285984,0.2786291508771391,-1.0794022666666665,-1.370218604484562,False,True
2025-07-02,TSMX,TRAIN,0.5119784994964022,0.2854659728952537,2.0,-1.400172453703704,True,False
2025-07-02,TWST,TRAIN,0.3144299591828278,0.25912332988157355,-1.105095536,-1.5405665881737372,False,False
2025-07-02,UPST,TRAIN,0.14632011702498238,0.3159260637895575,-1.1233956338028157,-1.382114075203252,False,True
2025-07-02,VKTX,TRAIN,0.1974160982722969,0.23583315291814136,-1.1045250594594602,-1.456064102564104,False,True
2025-07-02,VRNT,TRAIN,0.3910516979417141,0.37563888683422364,2.0,-1.4052241379310284,False,False
2025-07-02,W,TRAIN,0.21514017826566134,0.24531520443440608,-1.1094308800000006,1.9469696969696968,False,True
2025-07-02,WWW,TRAIN,0.4545703833522771,0.40570301617739196,-1.0468141655172412,1.926091660110149,True,False
2025-07-03,AAOI,TRAIN,0.4721394386399776,0.2857106598109055,2.0,-1.4909999999999983,True,False
2025-07-03,AEVA,TRAIN,0.19115589636095495,0.11306268019398982,-1.0863170000000006,-1.4353181818181864,False,True
2025-07-03,APGE,TRAIN,0.2582163448021797,0.5382937403221542,-0.4778276595744656,-0.2872811643113369,False,False
2025-07-03,BE,TRAIN,0.7542912677684578,0.3590570049642059,0.0731472027027041,-1.3600789473684236,True,False
2025-07-03,BKSY,TRAIN,0.6315117501406008,0.3002897551020334,0.6220106060606039,-1.4270294117647038,True,False
2025-07-03,DFDV,TRAIN,0.14810553098748586,0.0562812409705142,-1.5955551635846383,-1.4236262272089748,False,True
2025-07-03,ENPH,TRAIN,0.2689736854468521,0.280283387268541,-1.113277956867195,1.954545454545451,False,False
2025-07-03,EXOD,TRAIN,0.5092311812533693,0.2607200328480515,2.0,-1.67390026326011,True,False
2025-07-03,FSLR,TRAIN,0.15337401676566123,0.2508443309181359,-1.1081627529411766,1.917670682730924,False,True
2025-07-03,MSTX,TRAIN,0.14754090867797037,0.13097883389042286,-1.1143545139389028,1.9708341434960133,False,True
2025-07-03,MTSR,TRAIN,0.24166328623828448,0.17983321804900176,-1.07847,1.7589285714285712,False,False
2025-07-03,NXT,TRAIN,0.4080607908621069,0.3940640273877441,0.2140878827438928,-0.5771479817489098,True,False
2025-07-03,PARR,TRAIN,0.4308848473081612,0.40786464739256445,-1.6827594304367852,1.917525773195878,True,False
2025-07-03,PSIX,TRAIN,0.2437678563050239,0.2019230422424412,-2.2481193547283045,-1.392606145251393,False,False
2025-07-03,PVLA,TRAIN,0.17237890334113612,0.38121449054342504,-1.133332123076923,0.3502109704641324,False,True
2025-07-03,QBTX,TRAIN,0.25353691378139603,0.20542700088267316,-1.2592979487179432,1.4595639316179436,False,False
2025-07-03,RGTX,TRAIN,0.17831792312660705,0.2587383667672709,-1.06936678831017,-1.415637575991929,False,True
2025-07-03,SEDG,TRAIN,0.23272716696737772,0.1529130585254867,2.0,-1.4018870967741932,False,False
2025-07-03,SYM,TRAIN,0.16242172715392902,0.2864033108369743,-1.096111442424242,1.9347826086956548,False,True
2025-07-03,WGMI,TRAIN,0.23258923678740995,0.30785018982656465,-1.0570844444444445,1.9696969696969704,False,False
2025-07-07,BOIL,TRAIN,0.38054373494801524,0.4003117133377323,-1.11561037090909,1.974137931034488,False,False
2025-07-07,CONL,TRAIN,0.12771905688611604,0.15592920689186376,-1.07511242247191,1.980914116439634,False,True
2025-07-07,CRCL,TRAIN,0.1452063060786588,0.12390075325080376,-1.0613331121951215,1.982013542324229,False,True
2025-07-07,ESTA,TRAIN,0.24560664500392043,0.21385057792447643,-0.25494453125001,-1.5611923076923102,False,False
2025-07-07,GDXU,TRAIN,0.17330149482391544,0.3620579819971508,-1.1851455903614427,-1.481189400885846,False,True
2025-07-07,NEON,TRAIN,0.18501117513955012,0.386006190394676,-1.1193688200000045,-1.4562568922305723,False,True
2025-07-07,PLTU,TRAIN,0.3876940001326036,0.22536235385900638,-1.1072407838729996,-1.3720323519662578,False,False
2025-07-07,RKLX,TRAIN,0.17010787316675166,0.2507986016677858,-1.089181144146686,-1.4257446759263668,False,True
2025-07-07,SOFX,TRAIN,0.06583694664554951,0.20146280095425273,-1.2887334285714336,1.709677419354838,False,True
2025-07-07,TSSI,TRAIN,0.16800187112400103,0.38085449329629834,-1.0636148025608194,1.9269149270130284,False,True
2025-07-07,U,TRAIN,0.13080148063492927,0.2382905832640277,-1.0715010017444064,1.9882666943009475,False,True
2025-07-07,XXRP,TRAIN,0.14282253636577633,0.22489289211524596,-1.1433094000000013,1.9393939393939403,False,True
2025-07-07,YB,TRAIN,0.19855068431187584,0.28069703602988216,-1.1166333999999996,-1.464396300571135,False,True
2025-07-08,ALB,TRAIN,0.40545338981339196,0.3816886143396367,2.0,-1.40478205128205,True,False
2025-07-08,BEAM,TRAIN,0.25562608061194075,0.16864057574267854,-1.133248266666666,-1.423500000000001,False,False
2025-07-08,CEP,TRAIN,0.2644118125692945,0.43150651771870724,-1.1047330666666666,,False,False
2025-07-08,CIVI,TRAIN,0.5894764895744333,0.3929720126623905,2.0,-1.417329787234043,True,False
2025-07-08,CRSP,TRAIN,0.27054166403244206,0.36695401713899717,-1.1350194681238617,-1.4394654234654245,False,False
2025-07-08,DFDV,TRAIN,0.14358853147933173,0.1521500353719941,-1.0384400930232556,1.890075757575758,False,True
2025-07-08,HIMZ,TRAIN,0.5248252452619862,0.15966557875759402,2.0,-1.4542142857142872,True,False
2025-07-08,HRI,TRAIN,0.5075539954054393,0.508017256368724,0.3214383333333181,-0.5406276206284156,True,False
2025-07-08,INSP,TRAIN,0.5981106677166804,0.3277197286189589,0.1908296954314728,-1.722249999999995,True,False
2025-07-08,JOYY,TRAIN,0.26719727588936765,0.2388372010254271,-0.0262965222696719,-1.4282023809523825,False,False
2025-07-08,LEGN,TRAIN,0.2995984463388107,0.3097479083371572,-1.1045766288159764,-0.2296101505905274,False,False
2025-07-08,MRNA,TRAIN,0.5061557295875264,0.3976609742412116,2.000000000000007,-1.3742419817434706,True,False
2025-07-08,OILU,TRAIN,0.5857224664763552,0.2979219265005974,2.0,-1.4533236612408502,True,False
2025-07-08,OLN,TRAIN,0.3168262361708253,0.23809697276534428,-1.1107062981818188,-1.3963030303030304,False,False
2025-07-08,PAM,TRAIN,0.30503166385842395,0.35312905945862266,-1.1069132235294117,-1.5166648844557065,False,False
2025-07-08,PGNY,TRAIN,0.38713561275587416,0.26325579502418556,2.0,-1.4753750000000014,False,False
2025-07-08,SMCX,TRAIN,0.19601174740698282,0.22874968900918596,-1.1057319503457153,-1.4130326685518653,False,True
2025-07-08,SMTC,TRAIN,0.2871131152902456,0.496114473263653,-1.1390884444444436,-1.39605319148936,False,False
2025-07-08,SOXL,TRAIN,0.2876805975854932,0.27720002754912015,-1.147781088,1.9814141005772288,False,False
2025-07-08,SQM,TRAIN,0.3480607560387524,0.39232033565611224,-0.2296505050505068,-1.4274237826393756,False,False
2025-07-08,VKTX,TRAIN,0.326075449233286,0.25852477649487016,2.0,-1.3902314647377954,False,False
2025-07-08,VOYG,TRAIN,0.5557488851008315,0.49714566840515406,2.0,-1.555002952227588,True,False
2025-07-08,YB,TRAIN,0.38438147182697086,0.5781860220419873,2.0,-1.4022804878048778,False,False
2025-07-09,AEVA,TRAIN,0.23912656799415857,0.17216111226810304,-1.040241341610303,1.9954545454545465,False,False
2025-07-09,AGIO,TRAIN,0.14039101245723606,0.2365870404134616,-1.1345205772151887,1.8001479602621029,False,True
2025-07-09,APPX,TRAIN,0.10782192277393833,0.20673681092569404,-1.2317771428571498,1.9125481000480984,False,True
2025-07-09,ARQQ,TRAIN,0.1969413040699035,0.46467743090896524,-0.4046223754309,-1.421310479662783,False,True
2025-07-09,CRNX,TRAIN,0.2897840772414977,0.37261497371485564,-1.1196468000000002,,False,False
2025-07-09,CRSP,TRAIN,0.2534585607867608,0.2841325236575272,-1.1084129729729726,1.935760073260072,False,False
2025-07-09,CYTK,TRAIN,0.5901207242701665,0.3027525558356305,2.0,,True,False
2025-07-09,DNTH,TRAIN,0.42717895692085195,0.19690089229490443,2.0,-1.589170618286599,True,False
2025-07-09,FUTU,TRAIN,0.5463775880039248,0.40448480562823336,2.0,-1.4226823899371046,True,False
2025-07-09,IONL,TRAIN,0.10916918843630649,0.2509703694336927,-1.2221331128624564,1.9221398125909133,False,True
2025-07-09,KYMR,TRAIN,0.23055046137455598,0.24050194249208798,-1.1398261511111123,-1.547377551020409,False,False
2025-07-09,LGND,TRAIN,0.24069021404338198,0.22411029044239536,-1.234735295377129,,False,False
2025-07-09,MTSR,TRAIN,0.43739973866578724,0.4318472435567008,-1.1452259801119529,-2.1130109471303573,True,False
2025-07-09,NEGG,TRAIN,0.4209648790548711,0.39285001239756445,2.0,,True,False
2025-07-09,OUST,TRAIN,0.1915619420338802,0.28620157971018645,-1.0762062536873156,1.9246347090489624,False,True
2025-07-09,PRAX,TRAIN,0.4968680158001083,0.2927612934002845,2.0,-1.8578636661580648,True,False
2025-07-09,PSIX,TRAIN,0.7468099802465488,0.27603260937514296,2.0,-1.5561360134809796,True,False
2025-07-09,QBTX,TRAIN,0.18478180932080138,0.3167348986521864,-1.100963415340089,-1.4291480858267525,False,True
2025-07-09,RARE,TRAIN,0.2999025546332194,0.2915230922620495,-1.125059321739132,1.8493695175438576,False,False
2025-07-09,TDS,TRAIN,0.5788441408007979,0.4128285184241703,2.0,-1.4616081081081038,True,False
2025-07-09,TNXP,TRAIN,0.4504363119899168,0.17703624882286836,0.6887156126482205,,True,False
2025-07-09,USM,TRAIN,0.29974758200497825,0.27445294761796696,0.9938510948904944,-1.6500517241379271,False,False
2025-07-10,AMR,TRAIN,0.4981131005157247,0.3293792339173981,-0.0156882619541146,-1.5025165572943913,True,False
2025-07-10,CEP,TRAIN,0.6770551293299232,0.7181429502408062,2.0,-1.453500000000001,True,False
2025-07-10,CONL,TRAIN,0.45559304985875665,0.5714997051218028,-1.1383200000000002,1.959789329882083,True,False
2025-07-10,DFDV,TRAIN,0.2283466996722674,0.3443967595980418,-1.0835013778229907,-1.3314431937402862,False,False
2025-07-10,DK,TRAIN,0.6373757707566196,0.371587750348728,2.0,-1.460010416666666,True,False
2025-07-10,HCC,TRAIN,0.18875409757472375,0.34758883804212265,-1.1432487782982068,-1.5411006696957823,False,True
2025-07-10,HOV,TRAIN,0.24390846849191686,0.3926863919616059,-1.0874813084801311,1.8201621073961485,False,False
2025-07-10,INSP,TRAIN,0.3579082754862383,0.4079286277685255,-1.0936345825242717,-1.529150224215246,False,False
2025-07-10,LEU,TRAIN,0.4149220711325109,0.32153604186630197,-1.0991175040263674,-1.3702910447761223,True,False
2025-07-10,NAIL,TRAIN,0.20584863258483407,0.3570740066989331,-1.1375026545454552,-1.41871739130435,False,True
2025-07-10,NEGG,TRAIN,0.4185330465109618,0.5460547362709453,2.0,-1.25151818181818,True,False
2025-07-10,SBET,TRAIN,0.29860543667536227,0.08809831788625293,-1.0398857074626866,-1.3421835294117594,False,False
2025-07-10,SMLR,TRAIN,0.7503996343134,0.7069789616401427,2.0,,True,False
2025-07-10,SMPL,TRAIN,0.5301267357960014,0.30919266963755204,2.0,,True,False
2025-07-10,STNG,TRAIN,0.43329880966884254,0.4130688232429549,2.0,-1.4948043478260875,True,False
2025-07-10,TNXP,TRAIN,0.4530839746240971,0.36071441825918266,2.0,,True,False
2025-07-11,AIRO,TRAIN,0.19387281635715925,0.32537900508358186,2.0,-1.1964296066252595,False,True
2025-07-11,ASTS,TRAIN,0.4238924106597387,0.2547454803799264,2.0,-1.3745894394001643,True,False
2025-07-11,ATRO,TRAIN,0.30321541057607154,0.35271256095277054,-1.1004548999999992,,False,False
2025-07-11,AVAV,TRAIN,0.1715723910501864,0.48755659845223404,-1.1288764755677576,,False,True
2025-07-11,CENX,TRAIN,0.5168802185506327,0.463922740520083,0.7554840909091006,-1.3975590111642693,True,False
2025-07-11,DFDV,TRAIN,0.22364926182522427,0.22101129171293252,-1.0452935127272729,-1.4009578253710675,False,True
2025-07-11,GLXY,TRAIN,0.2929814115421203,0.20626251675504104,-1.1093650474990735,1.90244495913052,False,False
2025-07-11,HOOG,TRAIN,0.12651657794926435,0.23985629510085224,-1.121756569369367,-1.5499466693299837,False,True
2025-07-11,HROW,TRAIN,0.1878698184899978,0.31785420767230993,-1.0862029999999996,,False,True
2025-07-11,HSAI,TRAIN,0.2681583774656729,0.2515127251176651,-1.0872568666666669,1.960282651072124,False,False
2025-07-11,KTOS,TRAIN,0.18681296352310822,0.38867297105543097,-1.1053266117647058,1.9616064588367017,False,True
2025-07-11,LEU,TRAIN,0.2140182565002292,0.23812568348631452,-1.0688737345408024,-1.4122925696594435,False,True
2025-07-11,OKLO,TRAIN,0.2337719977516824,0.18904783737968867,-1.1202320000000003,1.9669340796019896,False,False
2025-07-11,PSIX,TRAIN,0.5638651222841313,0.4696715930181847,2.0,,True,False
2025-07-11,ROBN,TRAIN,0.17888537751414565,0.21792407189646404,-1.0783403766637352,-1.3875241836227563,False,True
2025-07-11,SBET,TRAIN,0.32258560289923727,0.3127721391555072,2.0,-1.3784559082892407,False,False
2025-07-11,SMR,TRAIN,0.24501347313595243,0.20532994774778335,-1.0747243334608034,1.968181001630156,False,False
2025-07-11,SOFX,TRAIN,0.1961770704081022,0.39483008339830356,-0.5703520114213184,-1.4083780487804891,False,True
2025-07-11,XXRP,TRAIN,0.08503860322548827,0.4723798997432067,-1.1288064194200953,-1.5980522915729292,False,True
2025-07-14,AMSC,TRAIN,0.2534359142874415,0.3317106626655631,-1.1021803714285714,1.1181541665113577,False,False
2025-07-14,APP,TRAIN,0.3207254090770516,0.39996089182775124,-1.137659137777777,,False,False
2025-07-14,APPX,TRAIN,0.1547594863208886,0.3413308587613166,-1.0655711302622255,1.9030694668820685,False,True
2025-07-14,ASTS,TRAIN,0.21958110921944043,0.24639126899533426,-1.1011058555970148,-1.3888925474208351,False,True
2025-07-14,BKSY,TRAIN,0.5475712726448771,0.3822206688445497,2.0,-1.36040917986952,True,False
2025-07-14,CRWL,TRAIN,0.1751189298122496,0.16645482428647743,-1.1684843809523708,1.909305144088339,False,True
2025-07-14,HIMS,TRAIN,0.45019555601918393,0.13896304702428136,2.0,-1.37084288900551,True,False
2025-07-14,HIMZ,TRAIN,0.5729675390283092,0.39890378171386354,2.0,-1.395166666666671,True,False
2025-07-14,HRTG,TRAIN,0.20825874002151443,0.18169851362321496,-1.119895776,1.962962962962964,False,True
2025-07-14,HUT,TRAIN,0.28219391246074094,0.25861920125457905,-1.0778303024390243,1.9764371514371528,False,False
2025-07-14,LIF,TRAIN,0.1542523767870242,0.35926285929381774,-1.1287702356164375,,False,True
2025-07-14,NBIS,TRAIN,0.56339103135741,0.3203479580807711,0.979504651542342,-1.3788215920695834,True,False
2025-07-14,OKLL,TRAIN,0.25369810928879816,0.41788092654137443,2.0,-1.3978764198981568,False,False
2025-07-14,OKLO,TRAIN,0.636598805717044,0.6048485012105881,2.0,-1.3868333333333314,True,False
2025-07-14,PAY,TRAIN,0.37907947050149643,0.2838683887454868,-1.0949063818181823,-1.5720019841269837,False,False
2025-07-14,PLTG,TRAIN,0.35938925454146925,0.19381358507327068,1.3507416666666714,-1.3931825396825408,False,False
2025-07-14,PLTU,TRAIN,0.5044532918903507,0.2372806910062716,1.6650729007633565,-1.360934944237915,True,False
2025-07-14,QUBX,TRAIN,0.22172942642805402,0.2377791514010428,-1.1360284063679598,1.8984216283794355,False,True
2025-07-14,RARE,TRAIN,0.45745155837183865,0.5314804413495325,-1.1372134400000014,,True,False
2025-07-14,RDTL,TRAIN,0.1805013350437362,0.17176880518985266,-1.1474172000000011,1.8965517241379328,False,True
2025-07-14,RKLB,TRAIN,0.48844509420908616,0.1903685989707131,2.0,-1.3769247135842906,True,False
2025-07-14,RNA,TRAIN,0.23640854946298312,0.18838788950105106,-1.0872673454545458,1.9071759259259256,False,False
2025-07-14,ROOT,TRAIN,0.5256013798507471,0.2806397231774531,0.2210544179585974,-1.4259504576221942,True,False
2025-07-14,SBET,TRAIN,0.345094452625327,0.19030175619322875,-1.055803475,1.9740514240321485,False,False
2025-07-14,SMR,TRAIN,0.12739400519638255,0.1687126079839047,-1.0522497019607846,-1.3362257761961922,False,True
2025-07-14,WRBY,TRAIN,0.19830499134765375,0.26507400697498185,-1.124889556688898,-1.4236754385964878,False,True
2025-07-15,ARCX,TRAIN,0.18846996255212586,0.4694136694465524,-1.111866173055859,-1.7166739772852424,False,True
2025-07-15,BKSY,TRAIN,0.3283542895767713,0.5377297458751805,-1.0650103999999998,-1.4355813173754362,False,False
2025-07-15,DUST,TRAIN,0.3928707820876647,0.45496621173707186,-1.13942656,-1.3721710674728622,False,False
2025-07-15,METC,TRAIN,0.4364662290088899,0.43463902545044397,2.0,-1.415560810810807,True,False
2025-07-15,NBIS,TRAIN,0.2774382305222546,0.4113225128091047,-1.1097197078736718,1.978825319803158,False,False
2025-07-15,NEGG,TRAIN,0.18665714380543472,0.09928452454686958,-1.0565429729729732,,False,True
2025-07-15,OUST,TRAIN,0.4491278804048201,0.3319800019473518,2.0,-1.4215646672914717,True,False
2025-07-15,RKLX,TRAIN,0.14005417086458205,0.30066210858952336,-1.1338476533333346,-1.4968712352142572,False,True
2025-07-15,SBET,TRAIN,0.12221437284777484,0.27785148888192174,-1.0387145652173913,-1.3015483865261368,False,True
2025-07-15,SEDG,TRAIN,0.22042163891173613,0.3808218752179178,-1.0487312,1.963637555730396,False,True
2025-07-15,SMCL,TRAIN,0.1186060257660919,0.27620539732151556,-0.4702100243902385,-1.391856782106782,False,True
2025-07-15,SMCX,TRAIN,0.05810038627930465,0.12286769154444878,-0.1326477541371173,-1.2614096826863248,False,True
2025-07-15,TBBB,TRAIN,0.4083697945511133,0.6034114026108971,2.0,-1.4072131519274365,True,False
2025-07-16,BKKT,TRAIN,0.4612491423649655,0.6523045017005389,-1.062328021740123,1.861081427655483,True,False
2025-07-16,CRCL,TRAIN,0.39404128570986563,0.1861430380505249,2.0,-1.3741306756964768,False,False
2025-07-16,DFDV,TRAIN,0.22926478529681119,0.5561757433895601,-1.0640120419354837,-1.411093062836135,False,False
2025-07-16,ETHT,TRAIN,0.1781200400741779,0.4093007106667717,-1.1143672430330531,1.9302325581395328,False,True
2025-07-16,ETHU,TRAIN,0.45365863961724495,0.2739734579997417,2.0,-1.373718627799504,True,False
2025-07-16,EXOD,TRAIN,0.3016951065263619,0.39055385747350524,-1.0591644863032077,-1.586243155917153,False,False
2025-07-16,GLXY,TRAIN,0.23038525500744458,0.4194046915819338,-1.084129613781606,1.971212351688472,False,False
2025-07-16,HOOG,TRAIN,0.3455305379218386,0.3533149755479784,-1.0695674542635656,-1.3972024826586202,False,False
2025-07-16,HOOX,TRAIN,0.09113754383816096,0.17409847930063554,-1.22108337416384,1.8822074718045136,False,True
2025-07-16,JANX,TRAIN,0.3574374277033075,0.4178607988720903,-1.0931930999999997,1.798221614227087,False,False
2025-07-16,KRMN,TRAIN,0.4078828742033598,0.33620519700052776,1.1899595890411006,-1.486863471971068,True,False
2025-07-16,OKLL,TRAIN,0.23042143348686808,0.42223861649207245,-1.0561348666666668,-1.6143335236910574,False,False
2025-07-16,OKLO,TRAIN,0.2698207477902204,0.2345411511292071,-1.071729553823188,1.986653258115512,False,False
2025-07-16,PSIX,TRAIN,0.36964526793507796,0.3884010273469224,2.0,,False,False
2025-07-16,QBTX,TRAIN,0.2367854196271763,0.2866058001446359,-1.0918613740458014,-1.4472834224598892,False,False
2025-07-16,SBET,TRAIN,0.18853340983253913,0.4553151976763608,-1.04890101010101,-1.328138490099009,False,True
2025-07-16,SMMT,TRAIN,0.13753265363372985,0.25740239371790957,-1.1059368470588236,-1.3918508508508518,False,True
2025-07-16,SMR,TRAIN,0.261055266814041,0.4118195948302994,-1.061716387628866,1.981397100590254,False,False
2025-07-16,SYM,TRAIN,0.21843488666224486,0.26813480149985885,-1.0911315999999998,-1.4337469135802456,False,True
2025-07-16,VIXY,TRAIN,0.3487392768196478,0.4694411050599243,-1.100733280732207,1.9511117721137583,False,False
2025-07-16,VXX,TRAIN,0.46474483818139456,0.4632909218671323,-1.073671118181818,1.9837745687926192,True,False
2025-07-17,APPX,TRAIN,0.3917634711291446,0.20541086962434574,-1.127537817371938,-1.5032191900015786,False,False
2025-07-17,ASTS,TRAIN,0.5985205931951139,0.2914718480330138,2.0,-1.3993435740683378,True,False
2025-07-17,BKSY,TRAIN,0.13408919356603322,0.2426086914616534,-1.0874873999999997,1.927611940298508,False,True
2025-07-17,CONL,TRAIN,0.19676924774488053,0.25170652055836884,-1.1019602693602693,-1.3893750999452903,False,True
2025-07-17,DQ,TRAIN,0.2943834640585164,0.4457832224035137,-0.3411476562500024,-1.405627100840336,False,False
2025-07-17,ELVN,TRAIN,0.4055903278241695,0.4535108080064117,2.0,,True,False
2025-07-17,FRHC,TRAIN,0.3626656178585761,0.2936881727853563,-1.1087693486718968,,False,False
2025-07-17,GLXY,TRAIN,0.25964921384926964,0.45345246011921136,-1.108927,1.95588235294118,False,False
2025-07-17,HOOX,TRAIN,0.2243529807808556,0.2707191222773997,-1.141785316851823,1.962138755406084,False,False
2025-07-17,IDR,TRAIN,0.3814039054863833,0.3524517173742657,-1.1363804571428553,1.918918918918916,False,False
2025-07-17,INKT,TRAIN,0.46038170297484454,0.24718957443119058,2.0,-1.4340948448301205,True,False
2025-07-17,INOD,TRAIN,0.2517959946157663,0.3479226134251002,-1.108819910504775,1.8999571244819204,False,False
2025-07-17,IONX,TRAIN,0.33701058360681774,0.366741536322226,-1.101839188768451,1.964599979771413,False,False
2025-07-17,LGND,TRAIN,0.4538241355292951,0.3241096441901879,0.049041988416987,,True,False
2025-07-17,METC,TRAIN,0.1270658776299945,0.2783692119801955,-1.0726447433794235,-1.436933014354067,False,True
2025-07-17,MNTN,TRAIN,0.6820979039919991,0.4111597250791251,2.0,-1.537991978609624,True,False
2025-07-17,MP,TRAIN,0.22121947428704403,0.3201857371702316,-1.0906073707865167,-1.3704050897951163,False,True
2025-07-17,MRAL,TRAIN,0.1417114912272307,0.22709882361797976,-1.1392227105638355,1.903829355340552,False,True
2025-07-17,MRUS,TRAIN,0.5287082049798488,0.31071585431185694,2.0,-1.4671363636363624,True,False
2025-07-17,NEGG,TRAIN,0.28467515885608036,0.1529219198972621,-1.045836123415978,-1.4753143933322654,False,False
2025-07-17,NUTX,TRAIN,0.18899478854271082,0.39303475285622996,-0.1536038610038647,-1.3636085867222147,False,True
2025-07-17,ORCX,TRAIN,0.17702628067465784,0.4497845025256565,-1.1423256815742424,1.9180327868852447,False,True
2025-07-17,OUST,TRAIN,0.12722349081845336,0.13227753095153538,-1.1272439999999988,1.9321876704855407,False,True
2025-07-17,QBTX,TRAIN,0.5823347933225362,0.39766224656916344,2.0,1.959835801458052,True,False
2025-07-17,QUBX,TRAIN,0.6878253548429261,0.475645985265639,2.0,-1.531975528629137,True,False
2025-07-17,RGTX,TRAIN,0.24053176741027352,0.279766910928137,-1.1333264135593213,-1.477275236481715,False,False
2025-07-17,RIOX,TRAIN,0.17431885125911256,0.20278610772387545,-1.179286514285721,-1.6676131277971211,False,True
2025-07-17,RKLB,TRAIN,0.3400268988456415,0.2016425750062667,2.0,-1.3707413793103471,False,False
2025-07-17,RKLX,TRAIN,0.3668618123955436,0.28283368609231835,2.0,-1.546503167348214,False,False
2025-07-17,ROBN,TRAIN,0.15832202042004348,0.21820779476847332,-1.0831328814814816,1.9768107124860208,False,True
2025-07-17,SQM,TRAIN,0.5479329795499158,0.35256363844873384,0.9356333333333426,-1.423632438940488,True,False
2025-07-17,TNXP,TRAIN,0.30281839680313194,0.2512511028602695,-1.0522693483609808,-1.4360125398996813,False,False
2025-07-17,VOYG,TRAIN,0.157875147890597,0.2388536634262981,-1.139485617977528,-1.5600398688859862,False,True
2025-07-17,XRPT,TRAIN,0.49137138565890526,0.556811019785078,2.0,-1.4182682926829286,True,False
2025-07-18,AEVA,TRAIN,0.25017308524169357,0.25744124648590017,-1.2631463555555482,-1.4510609756097557,False,False
2025-07-18,ARCX,TRAIN,0.09843834678298907,0.3433443492333052,-1.062725113043478,-1.495740506695202,False,True
2025-07-18,CONL,TRAIN,0.5907371663997962,0.44981925385441934,2.0,-1.390671745237691,True,False
2025-07-18,CRCL,TRAIN,0.15533743434248434,0.13661808609664342,-1.04056468852459,-1.3674883481005005,False,True
2025-07-18,EXOD,TRAIN,0.15783035383734112,0.14298350901032972,-1.12554750646298,-1.5092784722720856,False,True
2025-07-18,IONL,TRAIN,0.4395959043484209,0.3499799815311249,2.0,-1.416168389854079,True,False
2025-07-18,IONX,TRAIN,0.4866293164724127,0.4181931966448622,2.0,-1.4062673498376626,True,False
2025-07-18,MP,TRAIN,0.44960489706353546,0.5314989977675908,-0.3807789855072443,-1.3720348200312935,True,False
2025-07-18,MRAL,TRAIN,0.04866184595138273,0.2749130444330951,-1.0889351070336386,1.855558755760367,False,True
2025-07-18,OUST,TRAIN,0.3084715284360417,0.4178762016171588,-1.1257681250000005,-1.405125753660637,False,False
2025-07-18,PSIX,TRAIN,0.3991519359128669,0.3325337667146774,-1.0835849349450244,-1.466839783915081,False,False
2025-07-18,RDTL,TRAIN,0.19428532046466307,0.32421544986552364,-1.120389741804463,1.9176855488859743,False,True
2025-07-18,ROBN,TRAIN,0.12242056370215436,0.21806349257185811,-1.1097344162097738,-1.4044773692539132,False,True
2025-07-18,SDM,TRAIN,0.6038187713337341,0.6923605164033778,2.0,-1.270271891096394,True,False
2025-07-18,SEDG,TRAIN,0.1512697151077617,0.2846748794153298,-1.102509121245829,1.9520902481428792,False,True
2025-07-18,SMR,TRAIN,0.3170792329249254,0.27392207859953155,0.8571002688172012,-1.3816515789473698,False,False
2025-07-18,VST,TRAIN,0.3573216636038323,0.31098445665645325,-0.3013228900255706,-1.3823065843621365,False,False
2025-07-21,ARQQ,TRAIN,0.615594791893732,0.46799017143639504,2.0,-1.506443030823466,True,False
2025-07-21,BEAM,TRAIN,0.3668779239679648,0.2457128329237436,2.0,-1.414106060606058,False,False
2025-07-21,BKKT,TRAIN,0.14334684410574244,0.36340800393330114,-1.2078997253825026,-1.436420218267413,False,True
2025-07-21,CAI,TRAIN,0.11092644254273419,0.21232151180549555,-1.144913253333333,,False,True
2025-07-21,CENX,TRAIN,0.3383338413478319,0.4311382895024787,-1.1439186666666683,1.8750000000000016,False,False
2025-07-21,CHYM,TRAIN,0.2533531321173319,0.27050863422524696,-0.191002419354846,-1.4132014925373109,False,False
2025-07-21,COOP,TRAIN,0.23892371212630995,0.5203059458483196,-1.1312894153846156,-1.4373150289017325,False,False
2025-07-21,CRDO,TRAIN,0.2382811660847774,0.3393274684240016,-1.130772831067961,1.93181818181818,False,False
2025-07-21,CRWV,TRAIN,0.20146590175310092,0.3292219898385764,-1.0853986903648267,1.961656034024455,False,True
2025-07-21,CWVX,TRAIN,0.2306125478900161,0.465201872863572,-1.0361168888888888,-1.4204344389738257,False,False
2025-07-21,FEIM,TRAIN,0.14549119053824922,0.4650519532087608,-0.0732964601769845,-1.780329268292685,False,True
2025-07-21,GLXY,TRAIN,0.1919404800657983,0.22614259297324615,-1.073250923124677,-1.3772892115956867,False,True
2025-07-21,HROW,TRAIN,0.32606148480005737,0.25500220067322193,-1.0823695931067496,-1.564816494450831,False,False
2025-07-21,IREN,TRAIN,0.6082187236454786,0.4889605473274243,2.0,-1.3704491525423736,True,False
2025-07-21,MNTN,TRAIN,0.17130203581842468,0.3288388526271746,-1.068571904761905,-1.691461407672807,False,True
2025-07-21,NBIS,TRAIN,0.156286362629185,0.3268636571732652,-1.0854202844444445,-1.3785214530892431,False,True
2025-07-21,PRAX,TRAIN,0.3048489066114177,0.3667836686720937,-1.0910033664739882,,False,False
2025-07-21,PSIX,TRAIN,0.23778711465345811,0.30603592283598696,-1.0625951434878589,,False,False
2025-07-21,QBTS,TRAIN,0.25534791282365743,0.22422918627857405,-1.091268524590164,1.9843445287107275,False,False
2025-07-21,QBTX,TRAIN,0.4445567627613152,0.3490741213803606,-1.064316190188679,-1.418855077900868,True,False
2025-07-21,RIOX,TRAIN,0.20518692807843242,0.30693624800946967,-1.0707419101123594,-1.4155504285277032,False,True
2025-07-21,SBET,TRAIN,0.09195535458740837,0.19233368860935382,-1.0628313863013694,1.97835933181846,False,True
2025-07-21,SDGR,TRAIN,0.22562291597933531,0.3365151123909962,-1.0711485261489695,-1.425308510638299,False,False
2025-07-21,SEDG,TRAIN,0.2494919920637853,0.22919132138003293,-1.0622656124999998,-1.396978260869565,False,False
2025-07-21,WGMI,TRAIN,0.2461268600357841,0.3368250784906827,-1.1133622608695644,-1.4652934381862084,False,False
2025-07-22,AMR,TRAIN,0.15793949740891636,0.20125119366079666,-1.0413697142857143,0.3630575916230453,False,True
2025-07-22,BRKR,TRAIN,0.22721361153289313,0.35620620222485627,-1.1177920545454552,1.9673913043478248,False,False
2025-07-22,CNR,TRAIN,0.11832909002240381,0.2144715533683785,-1.1291939709497212,-1.7887283317800575,False,True
2025-07-22,COOP,TRAIN,0.1788405466287095,0.3055525160436294,-1.0395790587424634,-1.4281781115879857,False,True
2025-07-22,DFH,TRAIN,0.44101656964362285,0.3484917638955428,2.0,-1.6316385281385246,True,False
2025-07-22,DQ,TRAIN,0.06054963500724627,0.29366385991553845,-1.145656973913043,-1.4258456790123455,False,True
2025-07-22,FRPT,TRAIN,0.3153108053073522,0.20181851183010388,0.8317045662100507,,False,False
2025-07-22,HCC,TRAIN,0.12672541652086572,0.3150643988536981,-1.0587511712230215,1.8951172940534649,False,True
2025-07-22,HELE,TRAIN,0.27734610036166835,0.25177856223099676,-1.117469540740741,-1.4400987460815051,False,False
2025-07-22,ICLR,TRAIN,0.11817430533265498,0.378925984259304,-1.0735358132879045,,False,True
2025-07-22,LCDL,TRAIN,0.22520899917230167,0.2024513581559737,-1.6045118487252985,-1.5953745275888105,False,False
2025-07-22,MMYT,TRAIN,0.18368562173328334,0.2812882210162411,-1.073552395744681,,False,True
2025-07-22,NEGG,TRAIN,0.551199728952438,0.37914699770639854,2.0,,True,False
2025-07-22,QDEL,TRAIN,0.15421121476205044,0.2762329323855327,-1.1786435384615297,1.8214285714285696,False,True
2025-07-22,RH,TRAIN,0.4694286296097344,0.30221528818881,2.0,-1.436241477272728,True,False
2025-07-22,SEDG,TRAIN,0.5724466489242238,0.3783450032260044,2.0,-1.450744360041234,True,False
2025-07-22,SMST,TRAIN,0.4228902417227459,0.5741203409527587,-1.1119100295719837,1.9611154312033616,True,False
2025-07-22,UVIX,TRAIN,0.3878297965699351,0.2880517386406192,-1.0482901637305695,1.984734605948178,False,False
2025-07-22,VSCO,TRAIN,0.33178363457712073,0.3307123881534254,-1.0989226482758612,-1.380188326757951,False,False
2025-07-23,AEHR,TRAIN,0.6880567529775983,0.6425102766849964,2.0,-1.376828896776102,True,False
2025-07-23,AGX,TRAIN,0.2918727199721358,0.46741237740238817,-1.1295926666666665,-1.480349894291754,False,False
2025-07-23,BKKT,TRAIN,0.3352806353529898,0.5315231328240864,-1.1282853629188387,1.6326509038373436,False,False
2025-07-23,CHYM,TRAIN,0.4586802256425435,0.3644050782778999,2.0,,True,False
2025-07-23,CLFD,TRAIN,0.2738929359622462,0.28236716502951975,-1.1130024999999997,-1.6471099584564062,False,False
2025-07-23,GCT,TRAIN,0.6520910459924479,0.4539055902783904,0.419227722772282,-1.447707034315475,True,False
2025-07-23,GLXY,TRAIN,0.17660081116508525,0.35035388373716153,-1.142285173333333,1.937500000000001,False,True
2025-07-23,LEU,TRAIN,0.2970995906506204,0.23809302251709943,-1.0526822818791943,1.9148824786324787,False,False
2025-07-23,NNE,TRAIN,0.14704258798159858,0.19760111958863183,-1.1438148499571317,,False,True
2025-07-23,OKLL,TRAIN,0.2906223920103107,0.28699132286114853,-1.072504829090909,1.9351908330428729,False,False
2025-07-23,OKLO,TRAIN,0.2541360635972933,0.2998066141775593,-1.0572036617520166,1.980290649350672,False,False
2025-07-23,PEGA,TRAIN,0.10427486536557473,0.1229377730984906,-1.1124954471544726,1.912658880109929,False,True
2025-07-23,PLAY,TRAIN,0.14523601859905633,0.24190858896741432,-1.1297134222222225,-1.547309193809194,False,True
2025-07-23,PSIX,TRAIN,0.5188735948945923,0.29815612939605574,2.0,-1.466790964354792,True,False
2025-07-23,PVLA,TRAIN,0.7365398840486346,0.42191300519501124,0.5584754545454605,,True,False
2025-07-23,QBTX,TRAIN,0.37915762032188655,0.360319850151848,-1.0700743694460748,-1.404049709099129,False,False
2025-07-23,RIOX,TRAIN,0.2916903905849516,0.40337933982379803,-1.444561112195127,1.9444444444444435,False,False
2025-07-23,RKLX,TRAIN,0.3071539067315861,0.35239282762630025,-1.0709504365482234,1.9208662714097489,False,False
2025-07-23,SEI,TRAIN,0.41542321665597404,0.3140459902238,2.0,-1.47805295738668,True,False
2025-07-23,SMCX,TRAIN,0.3771545632122593,0.33157944945082884,-1.13268750990991,1.9201788284072487,False,False
2025-07-23,SOUX,TRAIN,0.2406661607112835,0.25429549167866544,-1.1025514576385524,1.9476411008196173,False,False
2025-07-23,SYM,TRAIN,0.3292230889325036,0.377193452460989,-1.1093269369863006,-1.4903284603197502,False,False
2025-07-23,TEMT,TRAIN,0.7484496935462439,0.6228288757508782,2.0,-1.4090761393108502,True,False
2025-07-23,VITL,TRAIN,0.23012908535615278,0.3001144759433186,-1.0880932416,,False,False
2025-07-23,VKTX,TRAIN,0.11179314996727996,0.18921135529274608,-1.1376669348973605,1.927648971021644,False,True
2025-07-24,AMDG,TRAIN,0.24475543535825478,0.30172934742144747,-1.1914073314763216,1.974358974358975,False,False
2025-07-24,CRL,TRAIN,0.32263945839784547,0.19053226287851027,-1.1083754250184787,-1.5018394600076048,False,False
2025-07-24,FBNC,TRAIN,0.40191352520744605,0.535209964544891,-1.244168888888893,0.8914977184774409,False,False
2025-07-24,FTI,TRAIN,0.4066704157002688,0.35045756498750924,1.158609615384607,-1.402280487804875,True,False
2025-07-24,GL,TRAIN,0.1984895286565753,0.2930362251627201,-1.1077487952095817,0.0095674990601829,False,True
2025-07-24,GLXY,TRAIN,0.33465883315879635,0.3877577833298377,-1.1059064578313256,1.9560439560439569,False,False
2025-07-24,IDYA,TRAIN,0.1832917102886882,0.44898263362396285,-1.1037820170109356,-1.4581334482582944,False,True
2025-07-24,IONX,TRAIN,0.25468379873401187,0.38708841510939634,-1.0734382697674416,-1.4147637594365476,False,False
2025-07-24,NNE,TRAIN,0.4110703641399265,0.29047463819801095,2.0,-1.440148112951397,True,False
2025-07-24,OKLO,TRAIN,0.39156147274270786,0.3292691215508218,2.0,-1.369681229773462,False,False
2025-07-24,PTHL,TRAIN,0.16366502105095304,0.3453950262760295,-1.13914992,-1.5086724137931,False,True
2025-07-24,QBTX,TRAIN,0.2657587079135128,0.3706895205677836,-2.391476097560977,1.8631666681704573,False,False
2025-07-24,SBET,TRAIN,0.2671991582384874,0.2554001869301843,-1.0539120458891014,1.9841684434968017,False,False
2025-07-24,SMR,TRAIN,0.4598154176995871,0.2657086053602828,2.0,-1.3723537376126562,True,False
2025-07-24,SMU,TRAIN,0.2483124758550946,0.6240981598579773,-1.2191142537313422,-1.490190647482016,False,False
2025-07-24,SOLT,TRAIN,0.19613998770652616,0.30219987871677984,-1.1020444645161294,1.91281748007968,False,True
2025-07-24,TECH,TRAIN,0.23047250352785617,0.272571636574657,-1.141661713274337,,False,False
2025-07-24,VEON,TRAIN,0.11640326621691434,0.3647770473837432,-1.22313492110092,-1.878157292085174,False,True
2025-07-24,VKTX,TRAIN,0.26838353439166196,0.2627495038480734,-1.0604056825806452,1.96424311429191,False,False
2025-07-24,XRPT,TRAIN,0.2236959649053806,0.27934196345731593,-1.1270415999999992,-1.7822729956920262,False,False
2025-07-24,XXRP,TRAIN,0.22166340255390277,0.24117120440348014,-1.0755979074623585,-1.3938867757984266,False,True
2025-07-25,AAOI,TRAIN,0.3015445650912099,0.2563991567059338,-1.0771601755619125,1.958482061652072,False,False
2025-07-25,BELFB,TRAIN,0.739732000015523,0.4940141105839385,2.0,,True,False
2025-07-25,CNC,TRAIN,0.22819244734880187,0.18202291515746805,-1.0976885000000003,1.9823447507658023,False,False
2025-07-25,GEO,TRAIN,0.30285328528330574,0.5179928109930486,-1.141764439215687,-1.406131578947371,False,False
2025-07-25,HIMZ,TRAIN,0.09985136152109497,0.164277712469933,-1.1470003119197931,-1.4868333333333337,False,True
2025-07-25,HOOG,TRAIN,0.3606223862214392,0.27142300251969675,2.0,-1.3923888888888878,False,False
2025-07-25,HOOX,TRAIN,0.13366871652145168,0.13194801974408688,-1.2574829034482815,1.8461538461538487,False,True
2025-07-25,LB,TRAIN,0.5703342331417285,0.47439785649184396,0.0691886956521813,-1.6186515151515135,True,False
2025-07-25,MOH,TRAIN,0.22005451635411127,0.3447322612809601,-1.125228730054646,-1.6068165374168395,False,True
2025-07-25,MTSR,TRAIN,0.32109835150185345,0.34519489896686756,-1.0713336000000004,1.91772151898734,False,False
2025-07-25,NEGG,TRAIN,0.6369648126011322,0.47121977795341063,2.0,,True,False
2025-07-25,NNE,TRAIN,0.6285143270128926,0.331760113883438,2.0,-1.3737020202020205,True,False
2025-07-25,OKLL,TRAIN,0.4163008454246031,0.32178913587522856,-1.1751180472835732,-1.4164891304347813,True,False
2025-07-25,PLTU,TRAIN,0.3980752650856246,0.2974052076983851,-0.502374955341198,0.8419978067462565,False,False
2025-07-25,ROBN,TRAIN,0.5003333004657747,0.2302052561539238,2.0,-1.4182609066915082,True,False
2025-07-25,SCHL,TRAIN,0.2168329999115413,0.13406883894868665,-1.1063843529411763,-1.3940405405405407,False,True
2025-07-25,SEZL,TRAIN,0.36809244529204677,0.32466690482751104,-1.102848392201463,,False,False
2025-07-25,SMCL,TRAIN,0.2921012584690558,0.3508017134995227,-1.0951180533333331,-1.4155129462041225,False,False
2025-07-25,SMCX,TRAIN,0.21846273679213618,0.376402704932318,-1.0894737395348837,-1.3965107526881764,False,True
2025-07-25,SMR,TRAIN,0.3785498523924928,0.20648448596755753,-1.1126718399745992,1.970149253731344,False,False
2025-07-25,SXT,TRAIN,0.5294752041736935,0.3940492864961543,2.0,-1.72760071942446,True,False
2025-07-25,TNXP,TRAIN,0.5426235617639403,0.41020275012797064,2.0,-1.4492672083561318,True,False
2025-07-25,TSSI,TRAIN,0.18356057908200146,0.18418869680166514,-0.1390022388059731,-1.3875706839562687,False,True
2025-07-28,ALMU,TRAIN,0.246804052546687,0.26780145670859934,-1.132095599999999,1.633333333333336,False,False
2025-07-28,NEGG,TRAIN,0.5061315369496614,0.257006178047788,2.0,-1.815617647058834,True,False
2025-07-28,NNNN,TRAIN,0.2930431904447541,0.2836858285746065,-1.1040920191132335,,False,False
2025-07-28,SMCI,TRAIN,0.30958403011419044,0.3251473299290883,-1.140916533333333,-1.36312400155854,False,False
2025-07-28,SMCL,TRAIN,0.7478713859267208,0.5855195863871393,2.0,-1.3856785819358624,True,False
2025-07-28,SMCX,TRAIN,0.47736772294311597,0.3739454252282226,2.0,-1.3962262612960368,True,False
2025-07-28,TIPT,TRAIN,0.1680504588188373,0.25557965651975895,-1.568652313043468,,False,True
2025-07-28,TRML,TRAIN,0.5912880471576424,0.5625486612425424,1.3843801215966205,-1.612812948242886,True,False
2025-07-29,AMDG,TRAIN,0.11340083901242345,0.2775123215522712,-1.0850161951219512,-1.4156012303760055,False,True
2025-07-29,CECO,TRAIN,0.18915333874874246,0.48191312097693223,-1.097744518388792,1.1009197939661697,False,True
2025-07-29,CELC,TRAIN,0.13654367119893393,0.33951727926628017,-1.0799850434782603,1.907156713900136,False,True
2025-07-29,INCY,TRAIN,0.38144628368755024,0.24875477328889634,0.6814120000000113,-1.3978037974683564,False,False
2025-07-29,MVLL,TRAIN,0.13906754162886528,0.2968322988366324,-1.1314727874015753,1.9004683840749408,False,True
2025-07-29,NEGG,TRAIN,0.29740064547507067,0.10705798248760807,-1.0589466688929698,-1.2955316768381298,False,False
2025-07-29,SAIL,TRAIN,0.1464708222095337,0.5134650880986945,-1.0398654728476822,-1.4167911392405093,False,True
2025-07-29,SANM,TRAIN,0.20116952525128545,0.3406414390839235,-1.108099464827586,-1.519386561953029,False,True
2025-07-29,SEI,TRAIN,0.27906741600119034,0.34842610369575155,-1.08907808,1.878848063555113,False,False
2025-07-29,SMCL,TRAIN,0.23966745787547136,0.4290441170319463,-1.0608722314049586,1.972604914465379,False,False
2025-07-29,SMCX,TRAIN,0.2993370507955864,0.37034172513033226,-1.0580411719983622,1.968633764765016,False,False
2025-07-29,TGS,TRAIN,0.16850417238442314,0.38638342264482106,-1.1234401212121206,-1.511394736842103,False,True
2025-07-30,ALAB,TRAIN,0.6551513892292501,0.5650882377739331,0.3238687799043002,-1.363929286945285,True,False
2025-07-30,ASTX,TRAIN,0.4191853536717454,0.38163823459976914,-1.0452788210787352,-1.270230212050012,True,False
2025-07-30,BMNR,TRAIN,0.4644230202546267,0.38224401929502616,2.0,-1.3800542458594205,True,False
2025-07-30,CLS,TRAIN,0.23592667595431063,0.3661883086237961,-1.1260500620689644,1.993617021276596,False,False
2025-07-30,CRCL,TRAIN,0.28384667728460444,0.17116877968764513,-0.2136389526542298,1.9792113733905583,False,False
2025-07-30,DAVE,TRAIN,0.5553896438805406,0.4549902082944763,2.0,,True,False
2025-07-30,GNRC,TRAIN,0.3338231373541091,0.2515339386370451,2.0,-1.4241242350061156,False,False
2025-07-30,GSHD,TRAIN,0.30560644467230913,0.29753715616705134,-0.2500697876318928,,False,False
2025-07-30,HIMS,TRAIN,0.2576166138256716,0.2062752083396705,1.084239864864867,-1.3672290788681511,False,False
2025-07-30,HOOG,TRAIN,0.1556969763417999,0.326427488147146,-1.2214700490829231,-1.5489530168635317,False,True
2025-07-30,JBGS,TRAIN,0.37988439911655675,0.48731217187661285,2.0,,False,False
2025-07-30,LEU,TRAIN,0.2288433370974742,0.19985326973717527,-1.0942816062475504,,False,False
2025-07-30,MTRN,TRAIN,0.33834724527091087,0.3532900385925362,-1.1220828662399949,,False,False
2025-07-30,NBR,TRAIN,0.37601956470614534,0.614384174053204,-1.11733584390244,,False,False
2025-07-30,NEGG,TRAIN,0.30173445051700676,0.09957145971396585,-1.0399054536933985,,False,False
2025-07-30,NGNE,TRAIN,0.4885263643755096,0.46487595404264853,-1.249126968503937,,True,False
2025-07-30,NNE,TRAIN,0.12717165224888224,0.22853156391324084,-1.13602656046328,,False,True
2025-07-30,OKLO,TRAIN,0.17307845927085433,0.23392562681189893,-0.0671930969042835,,False,True
2025-07-30,RKLX,TRAIN,0.6278247003365262,0.5745710583699428,2.0,,True,False
2025-07-30,ROBN,TRAIN,0.2587178362434491,0.48408561385532234,-1.109467975460123,,False,False
2025-07-30,SATS,TRAIN,0.621733490574724,0.4825269971141777,2.0,,True,False
2025-07-30,SBET,TRAIN,0.16019698922877315,0.24743454127928854,-1.0402573134328357,,False,True
2025-07-30,SEDG,TRAIN,0.7585647202177622,0.5911240026286438,2.0,,True,False
2025-07-30,SEZL,TRAIN,0.4578046388206249,0.5183585806509371,-1.1033457545893723,,True,False
2025-07-30,SHOO,TRAIN,0.21394683734778303,0.3685288930403107,-1.135110976,,False,True
2025-07-30,SMR,TRAIN,0.14956526615138538,0.16305135405531077,-1.0607177103448278,,False,True
2025-07-30,SMU,TRAIN,0.19803465764329084,0.2772182893949298,-1.0920509859154928,,False,True
2025-07-30,SOFX,TRAIN,0.4672840502501901,0.5820785633006199,-1.0525346768636112,,True,False
2025-07-30,SYM,TRAIN,0.2207077493085231,0.2725100959286025,-1.1178397161290328,,False,True
2025-07-30,WGS,TRAIN,0.4619675218972584,0.35136547251269484,2.0,,True,False
2025-07-31,ALAB,TRAIN,0.13956275254558007,0.21457880268537846,-1.1149381221556895,,False,True
2025-07-31,APLS,TRAIN,0.25235864511488537,0.5616281693824323,-1.0689755733333337,,False,False
2025-07-31,APPX,TRAIN,0.08432691849162602,0.16310281420393344,-1.1125315254237282,,False,True
2025-07-31,BE,TRAIN,0.2447766555064517,0.3547794852032572,-1.126990933333335,,False,False
2025-07-31,BOIL,TRAIN,0.5086985735405776,0.3580715343004457,0.3895330128205108,,True,False
2025-07-31,CRWV,TRAIN,0.3183544953854435,0.321409790646191,-1.0734164836363635,,False,False
2025-07-31,CVI,TRAIN,0.19188470227730486,0.3055943175565189,-1.1172646222222218,,False,True
2025-07-31,CYTK,TRAIN,0.3962924649045915,0.24053787852061298,2.0,,False,False
2025-07-31,ESI,TRAIN,0.306355718629335,0.35145744627506953,-1.105658632258065,,False,False
2025-07-31,EXAS,TRAIN,0.15579271272946585,0.29987216890869556,-1.07303448839779,,False,True
2025-07-31,HIMS,TRAIN,0.15313053503880678,0.258734366224772,-1.081699431261315,,False,True
2025-07-31,HIMZ,TRAIN,0.6899173760731555,0.547502404458962,2.0,,True,False
2025-07-31,HNGE,TRAIN,0.20650188899178262,0.2181126795603954,-1.1037400000000002,,False,True
2025-07-31,HOOG,TRAIN,0.23941808274640444,0.2874175129679404,-1.0481023283582092,,False,False
2025-07-31,HUT,TRAIN,0.19797320175281932,0.34282527267133445,-0.1534793814433006,,False,True
2025-07-31,HWKN,TRAIN,0.3374559745716057,0.2163883983025749,-1.1281790806629832,,False,False
2025-07-31,IONX,TRAIN,0.26064136425358464,0.3342480980483671,-1.0638403992195709,,False,False
2025-07-31,MMS,TRAIN,0.4730850533679759,0.271379179975114,-0.1951909523809437,,True,False
2025-07-31,MSTX,TRAIN,0.33752484199842625,0.3494163294924074,-1.140649599999999,,False,False
2025-07-31,NBIS,TRAIN,0.15171768806010233,0.2616427309582061,-1.0771937373737372,,False,True
2025-07-31,NEGG,TRAIN,0.41340691156807113,0.46247970572877056,2.0,,True,False
2025-07-31,OKLL,TRAIN,0.20115333523992188,0.20552574182965935,-1.055303677327179,,False,True
2025-07-31,PSIX,TRAIN,0.5484032683742619,0.2878822709429162,2.0,,True,False
2025-07-31,QBTX,TRAIN,0.415424833083182,0.26048135465181316,2.0,,True,False
2025-07-31,ROBN,TRAIN,0.10922365969850127,0.20987028845354191,-1.0409249541284402,,False,True
2025-07-31,SEZL,TRAIN,0.19597755949131276,0.24320069824597945,-1.0634047555555557,,False,True
2025-07-31,SMU,TRAIN,0.12793487070617976,0.2178570631754034,-1.091125216,,False,True
2025-07-31,TSSI,TRAIN,0.1681702472830819,0.1594116551941299,-1.050016512,,False,True
2025-07-31,VSEC,TRAIN,0.20259541733854364,0.3201281488469792,-1.1482200227972108,,False,True
2025-07-31,WAY,TRAIN,0.16956497594010417,0.2900860381166164,-1.115666257777779,,False,True
2025-08-01,APLS,TRAIN,0.33320833458081284,0.3994860933025875,-1.2071984872727206,,False,False
2025-08-01,ASTX,TRAIN,0.33690897676947146,0.25126166972750796,2.0,,False,False
2025-08-01,BE,TRAIN,0.22369270815373785,0.43035787807579895,-1.0873842666666669,,False,True
2025-08-01,BIO,TRAIN,0.18264929997736307,0.45318381240000727,-1.3139815250425817,,False,True
2025-08-01,COOP,TRAIN,0.08890102265402701,0.2956851359387613,-1.1287327407407417,,False,True
2025-08-01,CORT,TRAIN,0.172256783584764,0.2004682209690202,-1.1079531954023,,False,True
2025-08-01,GLXY,TRAIN,0.0993764395638859,0.1905625540977075,-1.065156,,False,True
2025-08-01,HOOG,TRAIN,0.7265368935516966,0.38673816213046164,2.0,,True,False
2025-08-01,HOOW,TRAIN,0.24613462480081527,0.24078102289670572,-1.1810050722696674,,False,False
2025-08-01,HOV,TRAIN,0.2705351376983131,0.23478430573880923,-1.2144058078291904,,False,False
2025-08-01,ILMN,TRAIN,0.19015999022337643,0.1765446768481637,-1.0400754162162162,,False,True
2025-08-01,MP,TRAIN,0.22111604375927524,0.26746201351691945,-1.0569035655629138,,False,True
2025-08-01,MPWR,TRAIN,0.3615365336836475,0.49107811841773247,0.3324330058939077,,False,False
2025-08-01,NAIL,TRAIN,0.17560800207545907,0.31936814649398787,-1.1413131540983608,,False,True
2025-08-01,PWP,TRAIN,0.4547207912043198,0.4161727146701105,2.0,,True,False
2025-08-01,QBTX,TRAIN,0.18882614159825603,0.2967405381323368,-1.1425667335302023,,False,True
2025-08-01,RKLX,TRAIN,0.4319298239354402,0.45783463694808424,2.0,,True,False
2025-08-01,ROBN,TRAIN,0.5783186185565483,0.33219607468389184,2.0,,True,False
2025-08-01,SPXC,TRAIN,0.32607948709835516,0.31949587901650733,-1.1376142857142852,,False,False
2025-08-01,TNXP,TRAIN,0.19870594896487842,0.330884005103862,-1.078748327927374,,False,True
2025-08-01,TSDD,TRAIN,0.09962531335926966,0.2913179184979138,-1.0912773526140156,,False,True
2025-08-01,TSSI,TRAIN,0.11704693244560331,0.2608944933569625,-1.055592663071273,,False,True
2025-08-01,UVIX,TRAIN,0.10928708561497147,0.2941398951013375,-1.1028566160681232,,False,True
2025-08-01,VAPE,TRAIN,0.36168646072045757,0.2587132669474317,-1.0378769052783805,,False,False
2025-08-04,BRKR,TRAIN,0.23727460644185427,0.3115177443180119,-1.09848384,,False,False
2025-08-04,ETHT,TRAIN,0.2626738158609515,0.41879283576157667,-1.180044558980395,,False,False
2025-08-04,ETHU,TRAIN,0.3310054538231575,0.3888912632215048,-1.102938151549184,,False,False
2025-08-04,FRGE,TRAIN,0.7507370364028114,0.5080624276578787,2.0,,True,False
2025-08-04,HOOG,TRAIN,0.37307222647781546,0.28615105571977695,2.0,,False,False
2025-08-04,JOBY,TRAIN,0.44099595142229486,0.08980078967712028,2.0,,True,False
2025-08-04,KOLD,TRAIN,0.19741328580815706,0.3658475761241796,-1.1377097647058838,,False,True
2025-08-04,MSTX,TRAIN,0.4431411259527999,0.22740164899537169,2.0,,True,False
2025-08-04,NEGG,TRAIN,0.19187930661054342,0.20746276612775358,-1.0368926669696343,,False,True
2025-08-04,OKLO,TRAIN,0.1641270865812751,0.19957535656989406,-1.117203146666668,,False,True
2025-08-04,QBTX,TRAIN,0.26500375392305,0.4765935054695218,-1.1044642770949766,,False,False
2025-08-04,QNTM,TRAIN,0.7357430767686346,0.4196318179873561,2.0,,True,False
2025-08-04,ROBN,TRAIN,0.5116687422661292,0.2789828466498604,2.0,,True,False
2025-08-04,SMMT,TRAIN,0.18618706669989096,0.3816494360340522,-1.194868957377048,,False,True
2025-08-04,SYM,TRAIN,0.4349976729960366,0.3801848067631154,1.0972508065885536,,True,False
2025-08-04,TNXP,TRAIN,0.5529148075579499,0.34938199000786985,2.0,,True,False
2025-08-04,TSEM,TRAIN,0.6572019979760824,0.550274181478885,1.7828598958333275,,True,False
2025-08-04,TSSI,TRAIN,0.2699688689004979,0.19698077618011073,-1.0904004053648553,,False,False
2025-08-04,U,TRAIN,0.15209999608227298,0.23024811342782475,-1.0970257166666673,,False,True
2025-08-04,VSAT,TRAIN,0.2474714059536993,0.400961335762222,-1.085282925,,False,False
2025-08-04,VSEC,TRAIN,0.23023067117271057,0.32903371900526984,-1.137123,,False,False
2025-08-05,AL,TRAIN,0.619994198491719,0.33515276636204977,0.2410369318181823,,True,False
2025-08-05,AMRC,TRAIN,0.26908912757483827,0.22390678020162466,-1.0656530989898994,,False,False
2025-08-05,BE,TRAIN,0.07694981243450094,0.3508757593266107,-1.059213393258427,,False,True
2025-08-05,CRNX,TRAIN,0.2389000125912362,0.3472621242934042,-1.1453348000000012,,False,False
2025-08-05,CRSP,TRAIN,0.12503160678820438,0.46512299596374174,-1.1031394000000003,,False,True
2025-08-05,CRWV,TRAIN,0.1110448005185937,0.16908564013811722,-1.082394880874317,,False,True
2025-08-05,GDXU,TRAIN,0.1541495450080065,0.3939686940113138,-1.140031709999998,,False,True
2025-08-05,IONL,TRAIN,0.27704028354584864,0.29433222860193675,-1.1355196325457424,,False,False
2025-08-05,IONX,TRAIN,0.1706813071389309,0.5236327091947683,-1.0752968471584932,,False,True
2025-08-05,JANX,TRAIN,0.14784593377497196,0.3996996878371754,-1.0947492000000003,,False,True
2025-08-05,KNF,TRAIN,0.4765253659580016,0.3923135999521436,-1.1107718027906974,,True,False
2025-08-05,LENZ,TRAIN,0.20633660185790645,0.3655946491261431,-1.0660261875,,False,True
2025-08-05,NEGG,TRAIN,0.4381003132185125,0.11731319863221423,2.0,,True,False
2025-08-05,NNE,TRAIN,0.11123859078492306,0.18610386620525338,-1.0656954133333338,,False,True
2025-08-05,NSA,TRAIN,0.3132535845463475,0.5204716033951144,-1.129629491466083,,False,False
2025-08-05,NUGT,TRAIN,0.37236359726760965,0.44419565597170796,-1.1210300000000009,,False,False
2025-08-05,OKLO,TRAIN,0.6265885103397678,0.2221058242176891,2.0,,True,False
2025-08-05,OTTR,TRAIN,0.27646522463375345,0.1719222695128782,-0.133937104072391,,False,False
2025-08-05,QBTX,TRAIN,0.21092886981878528,0.33209398254448586,-1.0352840323521209,,False,True
2025-08-05,QUBX,TRAIN,0.2886068912581744,0.5027268310751964,-1.164404222222216,,False,False
2025-08-05,RDTL,TRAIN,0.1725789540739499,0.40838040398664444,-1.0791567636363637,,False,True
2025-08-05,RGTX,TRAIN,0.5183935566999354,0.412126138454636,2.0,,True,False
2025-08-05,SMMT,TRAIN,0.08727602643432447,0.22007171581825305,-1.0869110666666666,,False,True
2025-08-05,SMR,TRAIN,0.10012419113005598,0.19507276901699824,-1.064465503030303,,False,True
2025-08-05,URGN,TRAIN,0.3690074515813921,0.24806634980711428,-1.1307020118343198,,False,False
2025-08-05,VSAT,TRAIN,0.3126337254388316,0.44112681323734404,-1.0868319283582095,,False,False
2025-08-05,XENE,TRAIN,0.2137264635036063,0.22706654926079844,2.0,,False,True
2025-08-05,ZEPP,TRAIN,0.5382718715748286,0.21086135733438147,2.0,,True,False
2025-08-06,AAPU,TRAIN,0.1735605842081982,0.4174932978435456,-0.1250558139534884,,False,True
2025-08-06,AEIS,TRAIN,0.6683476795161746,0.21759014429130455,0.8791744145199023,,True,False
2025-08-06,AKRO,TRAIN,0.45883401916730415,0.45471864408454754,-1.1262594666666663,,True,False
2025-08-06,AMTM,TRAIN,0.13136890217684083,0.31847629786607745,-1.0656130456546933,,False,True
2025-08-06,ANDE,TRAIN,0.1727920472364038,0.28697343788926083,-1.156338765048532,,False,True
2025-08-06,AZTA,TRAIN,0.29529117359216567,0.37888094082825635,-1.0466382494117643,,False,False
2025-08-06,BMNR,TRAIN,0.22052781793793352,0.5677023686131536,-1.0644230136986303,,False,True
2025-08-06,BRBR,TRAIN,0.2315090767413702,0.35937968512518725,-1.1371141333333332,,False,False
2025-08-06,CRDO,TRAIN,0.4198332507874851,0.45665904855854567,-1.06737066893617,,True,False
2025-08-06,EQH,TRAIN,0.4318801841363414,0.23030152341169624,1.1230581300813076,,True,False
2025-08-06,FIG,TRAIN,0.6088364214676648,0.5009053119764714,1.0987813538833475,,True,False
2025-08-06,HCKT,TRAIN,0.11762672985113859,0.26359819326013956,-1.1167334453781512,,False,True
2025-08-06,HIPO,TRAIN,0.31150934014550535,0.34352063577659436,-1.1032460000000004,,False,False
2025-08-06,JXN,TRAIN,0.39240269971576847,0.3114466768408067,-0.3761710714285711,,False,False
2025-08-06,KAR,TRAIN,0.5276139430810927,0.46544211162577964,2.0,,True,False
2025-08-06,METC,TRAIN,0.22939941125398544,0.3155357089594008,-1.1028178666666668,,False,False
2025-08-06,NE,TRAIN,0.12383076641912005,0.23359356121400107,-1.0465058829268292,,False,True
2025-08-06,PLTG,TRAIN,0.11445739490423129,0.21647596198245284,-1.355930704761913,,False,True
2025-08-06,PLTU,TRAIN,0.3946616750263219,0.42652017014292265,2.0,,False,False
2025-08-06,PLTW,TRAIN,0.3415511317340234,0.34709126922120426,-1.1320106666666665,,False,False
2025-08-06,RDTL,TRAIN,0.2901540219867932,0.5087451761517335,-1.1006592992992992,,False,False
2025-08-06,RRX,TRAIN,0.6275796877917678,0.31477373669226444,2.0,,True,False
2025-08-06,SITM,TRAIN,0.5282610549718886,0.5035338221525122,1.3377793680297316,,True,False
2025-08-06,SMU,TRAIN,0.12974386346484554,0.23343572388132072,-1.617720558095242,,False,True
2025-08-06,SSTK,TRAIN,0.5174724684253359,0.507353131684766,0.6831988636363594,,True,False
2025-08-06,TPB,TRAIN,0.361196410653137,0.3413528204893247,2.0,,False,False
2025-08-06,WWW,TRAIN,0.25579948386134577,0.32345526170703137,-1.0737566949494948,,False,False
2025-08-07,ALB,TRAIN,0.08708969996355287,0.21531544191281834,-1.1298681821138208,,False,True
2025-08-07,AMUU,TRAIN,0.20656589639785095,0.24200521634779262,-1.0911229729729728,,False,True
2025-08-07,ASTE,TRAIN,0.15388700029871896,0.2932075082165347,-1.0880218181818186,,False,True
2025-08-07,COLL,TRAIN,0.22484794230247973,0.20072694425506335,-1.1250167111110996,,False,False
2025-08-07,CYD,TRAIN,0.500291287700962,0.5079469004949391,2.0,,True,False
2025-08-07,ENOV,TRAIN,0.2297871471111297,0.2220977644806478,-1.04906902,,False,False
2025-08-07,FUN,TRAIN,0.24341503199386058,0.31244150752314864,-1.1424119666666677,,False,False
2025-08-07,GVA,TRAIN,0.5685290377015079,0.3671960408257597,0.2977048013245008,,True,False
2025-08-07,HHH,TRAIN,0.2175470156017201,0.2764737975957734,-1.3222230099999912,,False,True
2025-08-07,HIMZ,TRAIN,0.15391664666941043,0.11895603615141509,-1.0753133992395436,,False,True
2025-08-07,HOOG,TRAIN,0.08052135018210645,0.13654474506275358,-1.108033683333334,,False,True
2025-08-07,HSAI,TRAIN,0.13480540082399523,0.2097236545574883,-1.1295597333333345,,False,True
2025-08-07,IBP,TRAIN,0.4425723863076683,0.27655308824537495,2.0,,True,False
2025-08-07,IDR,TRAIN,0.18785416825031334,0.3442441644864529,-1.1166369092896176,,False,True
2025-08-07,IONQ,TRAIN,0.10639185687245281,0.1557571593600293,-1.0671101975903616,,False,True
2025-08-07,IONX,TRAIN,0.15281153807059378,0.18977521531777272,-1.0344289956331878,,False,True
2025-08-07,MSTX,TRAIN,0.3867143089397422,0.2279363608374572,2.0,,False,False
2025-08-07,ROBN,TRAIN,0.06660399833300112,0.1857448387658713,-1.0376712,,False,True
2025-08-07,SBET,TRAIN,0.07260242917274895,0.08402865367099796,-1.0600362,,False,True
2025-08-07,SMCX,TRAIN,0.041465606963193985,0.17803665374362132,-1.0822322140845069,,False,True
2025-08-07,SPB,TRAIN,0.2572637106722758,0.331805158511405,-1.0660797647058824,,False,False
2025-08-07,SYM,TRAIN,0.20543428734860286,0.22983840071649492,-1.113950863702109,,False,True
2025-08-07,TARS,TRAIN,0.22104286274153484,0.26364116727597947,-1.11466,,False,True
2025-08-07,TIGO,TRAIN,0.2470709485332595,0.2864125589940486,-0.0171190909090925,,False,False
2025-08-07,USPH,TRAIN,0.1899867599089687,0.36053949278334024,-1.1138213999999993,,False,True
2025-08-07,VERX,TRAIN,0.07943068531083677,0.22421653122088153,-1.0796892571428574,,False,True
2025-08-07,VITL,TRAIN,0.2950235838825108,0.36098200664905894,-1.1397032,,False,False
2025-08-07,VST,TRAIN,0.13479185987634265,0.19667022560889205,-1.1177357257142848,,False,True
2025-08-08,AAPB,TRAIN,0.14283619637531814,0.3613747504750047,-1.1845397000000075,,False,True
2025-08-08,AAPU,TRAIN,0.2374236369825799,0.4712193423963562,-0.1030497226624439,,False,False
2025-08-08,AAPX,TRAIN,0.11889898522610261,0.34990735344087853,-1.1339975000000009,,False,True
2025-08-08,ACA,TRAIN,0.5364183386808122,0.3428165718901557,2.0,,True,False
2025-08-08,ACLX,TRAIN,0.30711055131402465,0.33738550112334664,-1.0527358614173228,,False,False
2025-08-08,ALAB,TRAIN,0.2411138985146216,0.4521774759251501,-1.118145688197498,,False,False
2025-08-08,ATMU,TRAIN,0.235034697283756,0.258212605249322,-1.1160630545454535,,False,False
2025-08-08,BMNR,TRAIN,0.5231699553942406,0.5325013657525615,2.0,,True,False
2025-08-08,CRCL,TRAIN,0.29403862690091326,0.30101446540113846,-1.1110595770573568,,False,False
2025-08-08,DIOD,TRAIN,0.31648846099750566,0.383311736328241,-1.12893938909091,,False,False
2025-08-08,ETHT,TRAIN,0.2462337599620292,0.28767715433439683,-1.08861125,,False,False
2025-08-08,ETHU,TRAIN,0.06050263163033679,0.17560541202330063,-1.0866933826247698,,False,True
2025-08-08,ETU,TRAIN,0.4512202221023558,0.37508548232766004,1.0174451923076866,,True,False
2025-08-08,IDR,TRAIN,0.2645850753235666,0.3854103898083775,-1.1819269132075356,,False,False
2025-08-08,IONX,TRAIN,0.3257390607839883,0.23686739474290858,-1.049426346666667,,False,False
2025-08-08,JANX,TRAIN,0.10383629338890606,0.26205512204937415,-1.2263753955555563,,False,True
2025-08-08,KTOS,TRAIN,0.7069523186153864,0.3185453521597464,0.3617496052442692,,True,False
2025-08-08,LEU,TRAIN,0.13257603847371183,0.29202032801103145,-1.0662418902432644,,False,True
2025-08-08,LLYVA,TRAIN,0.44267552057457726,0.28112118979422585,-1.3012393674418612,,True,False
2025-08-08,LLYVK,TRAIN,0.3432279385876622,0.33581515399076467,-1.0620737600000003,,False,False
2025-08-08,LQDT,TRAIN,0.31016581574299373,0.306562395338017,0.2665704303052658,,False,False
2025-08-08,LYV,TRAIN,0.29270427988387787,0.2655380408685714,-1.1133408171581765,,False,False
2025-08-08,MEG,TRAIN,0.11039518843668139,0.09328599286665626,-1.1485620845070426,,False,True
2025-08-08,MGNI,TRAIN,0.4647500741073935,0.44118630770573464,0.4829842857142846,,True,False
2025-08-08,MSTX,TRAIN,0.2799338665371092,0.26036870312717186,-1.114160106666666,,False,False
2025-08-08,NAMS,TRAIN,0.2977833124882319,0.5865433932800235,2.0,,False,False
2025-08-08,NEGG,TRAIN,0.40765840465947906,0.07523601356586337,-1.0661789655172416,,True,False
2025-08-08,ROBN,TRAIN,0.08433635077937572,0.26550209071311975,-1.0725093199999998,,False,True
2025-08-08,SBET,TRAIN,0.31683089168392103,0.399931050770106,-1.053461777777778,,False,False
2025-08-08,SLVM,TRAIN,0.20947242741755778,0.3003259478097188,-1.1374196528447449,,False,True
2025-08-08,SNDK,TRAIN,0.4551010001651581,0.39347723118822364,2.0,,True,False
2025-08-08,STEP,TRAIN,0.2876198725962788,0.21319037373219543,-1.1285706709677426,,False,False
2025-08-08,TSLR,TRAIN,0.09034242160479579,0.1816569639106852,-1.0743327890410954,,False,True
2025-08-08,VKTX,TRAIN,0.17339657805242037,0.34333298421034575,-1.1390302918918902,,False,True
2025-08-08,WLDN,TRAIN,0.5381228319928877,0.28970707955161074,0.9158926174496672,,True,False
2025-08-08,WW,TRAIN,0.2325208378219099,0.19249639986458386,-1.1311076000000018,,False,False
2025-08-11,ALMU,TRAIN,0.23387426338527864,0.27427091500298173,-1.0649803304347825,,False,False
2025-08-11,AMD,TRAIN,0.31962912667217985,0.13126843461570084,-1.1273888046708012,,False,False
2025-08-11,AMUU,TRAIN,0.1604060532781191,0.2433543535792976,-1.0970107055739209,,False,True
2025-08-11,ANIP,TRAIN,0.28882388901562134,0.3141654971919711,-1.0694496967551623,,False,False
2025-08-11,APPX,TRAIN,0.19961825656832005,0.23707913032996045,-1.261097066666652,,False,True
2025-08-11,ASTH,TRAIN,0.3242945055893694,0.1855791719197236,-1.09861203902439,,False,False
2025-08-11,BMNR,TRAIN,0.23890199251960617,0.03285917115314153,-1.0502390074866308,,False,False
2025-08-11,CEP,TRAIN,0.17924208266360303,0.22444804300277443,-1.0880436869565222,,False,True
2025-08-11,CHYM,TRAIN,0.15537237636385196,0.16449048775406752,-1.1169188222222224,,False,True
2025-08-11,CONL,TRAIN,0.1808241849860123,0.20601368801297537,-1.0746727536231886,,False,True
2025-08-11,CTEV,TRAIN,0.4458527810781959,0.25953594720118545,0.3270871681415901,,True,False
2025-08-11,CWVX,TRAIN,0.12051364783901922,0.27775307039507696,-1.0586101694915255,,False,True
2025-08-11,ETHT,TRAIN,0.19458310447469043,0.29794496014603933,-1.2032933749999994,,False,True
2025-08-11,ETHU,TRAIN,0.10756752358852104,0.13403987999818942,-1.1268010015119458,,False,True
2025-08-11,GDXU,TRAIN,0.6450799453545396,0.2697792213185319,0.3176626333593529,,True,False
2025-08-11,GLXY,TRAIN,0.16558125073615748,0.20772045039363435,-1.045567453107345,,False,True
2025-08-11,GRPN,TRAIN,0.1397669833691702,0.19308027626792726,-1.1333251111111111,,False,True
2025-08-11,HCI,TRAIN,0.4144434488596617,0.3408379693684611,2.0,,True,False
2025-08-11,HUT,TRAIN,0.4742017398634035,0.241633534039806,2.0,,True,False
2025-08-11,IONQ,TRAIN,0.6935189275542206,0.3650285920720794,2.0,,True,False
2025-08-11,IONX,TRAIN,0.6846433521252763,0.5215196531374292,2.0,,True,False
2025-08-11,LMND,TRAIN,0.3730014776232457,0.17071075333688152,2.0,,False,False
2025-08-11,MP,TRAIN,0.5297786246181814,0.3295823021471497,-1.0339128046660837,,True,False
2025-08-11,PGY,TRAIN,0.2434153546879133,0.3612465869763632,-1.0498120682926828,,False,False
2025-08-11,RDTL,TRAIN,0.11657913807744824,0.20581997989618805,-1.1266743483870971,,False,True
2025-08-11,SBET,TRAIN,0.08725747439889417,0.1318084555937398,-1.0404509155555557,,False,True
2025-08-11,SOFX,TRAIN,0.14606278070727371,0.21620456106867025,-1.0217920285359807,,False,True
2025-08-11,TARS,TRAIN,0.1592760649786239,0.3195917040495875,-1.1368283137254906,,False,True
2025-08-11,TEM,TRAIN,0.19582232443476127,0.21545536319071132,-1.041986163106796,,False,True
2025-08-11,TMDX,TRAIN,0.260937073810243,0.3010569764418789,-1.075837717647059,,False,False
2025-08-11,TWST,TRAIN,0.36730236185744697,0.38906055665965583,-1.120653274796749,,False,False
2025-08-11,UFPT,TRAIN,0.1780440493474857,0.31668376858752467,-1.1003953971988802,,False,True
2025-08-12,AAOI,TRAIN,0.4896799007411945,0.378091096922021,2.0,,True,False
2025-08-12,AAON,TRAIN,0.706170295232932,0.47215651024968114,2.0,,True,False
2025-08-12,AEIS,TRAIN,0.22678977360632435,0.3947531569677845,-1.1195649978494633,,False,False
2025-08-12,ALAB,TRAIN,0.4676488167655697,0.35929876598025484,0.691936078006518,,True,False
2025-08-12,ALGT,TRAIN,0.4268497868199973,0.3704677370623358,2.0,,True,False
2025-08-12,AMR,TRAIN,0.3793004519735439,0.27398619156396004,-0.4676534648963189,,False,False
2025-08-12,BE,TRAIN,0.4622567814520037,0.3263096666604505,1.570712917827279,,True,False
2025-08-12,CAI,TRAIN,0.671985945514489,0.5978367257629261,2.0,,True,False
2025-08-12,CCOI,TRAIN,0.28049465641640087,0.44154863666022653,-1.103211586516854,,False,False
2025-08-12,CLDX,TRAIN,0.7942627053668277,0.7017433248517907,2.0,,True,False
2025-08-12,CRWV,TRAIN,0.338962897231057,0.5044523788777905,-1.1061774227027017,,False,False
2025-08-12,CWVX,TRAIN,0.7914392878738005,0.5820625930918769,2.0,,True,False
2025-08-12,FIG,TRAIN,0.19735310221605537,0.3437085471603305,-1.0436581789562474,,False,True
2025-08-12,GRDN,TRAIN,0.562001894965058,0.38413405222923336,2.0,,True,False
2025-08-12,HI,TRAIN,0.49406509530458037,0.4176417457610259,2.0,,True,False
2025-08-12,HOV,TRAIN,0.3112067098913298,0.26270178724040594,1.0847150147033369,,False,False
2025-08-12,METC,TRAIN,0.32763967638051683,0.2716020171592398,-1.0694489884686915,,False,False
2025-08-12,MUU,TRAIN,0.37192517060423547,0.3859942656489499,-1.1334222013422912,,False,False
2025-08-12,OKLL,TRAIN,0.5258144929504123,0.5054564288620157,1.999999999999996,,True,False
2025-08-12,OKLO,TRAIN,0.7645040337538056,0.3793305398117361,2.0,,True,False
2025-08-12,PGY,TRAIN,0.5095576449629869,0.6235233690161481,2.0,,True,False
2025-08-12,RDTL,TRAIN,0.21917725461061513,0.23918573672746046,-1.1771417395348842,,False,True
2025-08-12,SNDK,TRAIN,0.3891340013992068,0.4952218074693443,-1.136245200000001,,False,False
2025-08-12,SOLT,TRAIN,0.5602822378323138,0.53508812219634,2.0,,True,False
2025-08-12,TEMT,TRAIN,0.31570827479463637,0.5665656808946717,-1.1199349666666656,,False,False
2025-08-12,TNXP,TRAIN,0.5320448281221052,0.36257143557934374,2.0,,True,False
2025-08-12,ZEPP,TRAIN,0.4112087449570462,0.5274819439507396,-1.0372564705882354,,True,False
2025-08-13,AMDG,TRAIN,0.10691963532341942,0.20396280050821564,-1.2730021567398049,,False,True
2025-08-13,AMUU,TRAIN,0.23759304106729845,0.2766092051742955,-1.117788125,,False,False
2025-08-13,AZTA,TRAIN,0.6762490389436164,0.38351970141347735,2.0,,True,False
2025-08-13,BMNR,TRAIN,0.12619250837495397,0.14148389971807174,-1.0535825832911965,,False,True
2025-08-13,CE,TRAIN,0.20219663624382941,0.26858525391768234,-1.0632590359441014,,False,True
2025-08-13,CLDX,TRAIN,0.142268124597842,0.15382036577649746,-1.271847736556886,,False,True
2025-08-13,DAVE,TRAIN,0.4052681013469795,0.4079152456436726,0.1093075443786966,,True,False
2025-08-13,DFH,TRAIN,0.638167257584346,0.4148514857467575,2.0,,True,False
2025-08-13,GCT,TRAIN,0.3084338008053948,0.29402796279137694,2.0,,False,False
2025-08-13,GLXY,TRAIN,0.13501498117824176,0.16261094077308935,-1.0654318171990174,,False,True
2025-08-13,IDR,TRAIN,0.2707242196357972,0.43633610243384047,-0.0704436619718303,,False,False
2025-08-13,LABU,TRAIN,0.5241944124794468,0.3572995840119001,2.0,,True,False
2025-08-13,LENZ,TRAIN,0.4936467068433135,0.26124699141451685,0.7622770491803252,,True,False
2025-08-13,LIF,TRAIN,0.5965456221171069,0.2713510200163984,0.1957955445544516,,True,False
2025-08-13,LMND,TRAIN,0.18185552572452438,0.17537809483372882,-1.082820882474227,,False,True
2025-08-13,NAIL,TRAIN,0.14264461698413922,0.2904160325197828,-1.1355785546391743,,False,True
2025-08-13,NKTR,TRAIN,0.6435312119985152,0.3417625695103387,2.0,,True,False
2025-08-13,NUTX,TRAIN,0.18817220648505165,0.3324116807807448,-1.133501528638498,,False,True
2025-08-13,OUST,TRAIN,0.42362183248441443,0.35494013922509265,-1.095041208888889,,True,False
2025-08-13,RIGL,TRAIN,0.34536993918200926,0.2375860118977876,-1.0828105967213115,,False,False
2025-08-13,SBET,TRAIN,0.09127521719247864,0.20233205214896197,-1.0569973793103449,,False,True
2025-08-13,SCLX,TRAIN,0.1612877832019416,0.12975113452619863,-1.0907423111111108,,False,True
2025-08-13,SEDG,TRAIN,0.29239597130117323,0.1829245495594113,-1.0747504333333333,,False,False
2025-08-13,SEG,TRAIN,0.20394998241005138,0.3277521869730321,-1.381699258181821,,False,True
2025-08-13,SMST,TRAIN,0.2742025671753384,0.2587593365850393,-0.4315890000000025,,False,False
2025-08-13,TEM,TRAIN,0.1944600431369615,0.2129463861835443,-1.067380218181818,,False,True
2025-08-13,TEMT,TRAIN,0.1650685704565095,0.29713376362608024,-1.0384498516853933,,False,True
2025-08-13,ZEPP,TRAIN,0.45172610566694266,0.2540879623154918,2.0,,True,False
2025-08-14,AAP,TRAIN,0.3421155994709501,0.32564290931879947,-1.09897278430181,,False,False
2025-08-14,AMDG,TRAIN,0.12058640356682752,0.3482140415402615,-1.1139540987731995,,False,True
2025-08-14,APLS,TRAIN,0.21061032637546773,0.3001103860416042,-1.0799313021276598,,False,True
2025-08-14,ASIC,TRAIN,0.5712671474994997,0.26516402047170506,2.0,,True,False
2025-08-14,BE,TRAIN,0.22713829193383164,0.29438459582388216,-1.1357107818181826,,False,False
2025-08-14,BMNR,TRAIN,0.17476590911320855,0.24696677062986558,-1.0699744074766355,,False,True
2025-08-14,BNC,TRAIN,0.0638545854875216,0.10994893870227553,-1.0419107783860218,,False,True
2025-08-14,CAI,TRAIN,0.4764408975213555,0.18140513534080874,2.0,,True,False
2025-08-14,ETU,TRAIN,0.07917750639585815,0.2112492429004905,-1.365022419474611,,False,True
2025-08-14,GLXY,TRAIN,0.2618874806609763,0.2268284851471586,-1.0746667018867924,,False,False
2025-08-14,HOOG,TRAIN,0.2563353590951103,0.216383105011651,-1.1233526762079495,,False,False
2025-08-14,LMND,TRAIN,0.22486698130940241,0.23096210635863124,-1.085268516666667,,False,False
2025-08-14,METC,TRAIN,0.3130125614993476,0.2617179179495733,0.5726309157098884,,False,False
2025-08-14,MGNI,TRAIN,0.49648149593457636,0.40584453192676057,0.3306068181818263,,True,False
2025-08-14,NEGG,TRAIN,0.06117721662209075,0.08566080098662135,-1.050432230096858,,False,True
2025-08-14,OUST,TRAIN,0.7871534351265491,0.4646398774738189,2.0,,True,False
2025-08-14,RDDT,TRAIN,0.46475706241058007,0.20461606855279812,0.2227767673383371,,True,False
2025-08-14,RDTL,TRAIN,0.533762370173342,0.526066654521028,1.2790862702702808,,True,False
2025-08-14,RGTX,TRAIN,0.18423677652415596,0.19108369562919253,-1.1052478188800328,,False,True
2025-08-14,RIGL,TRAIN,0.16653089731484902,0.278737275812828,-1.5304122953692318,,False,True
2025-08-14,RKLB,TRAIN,0.31033486017225037,0.1775967019195855,-1.0701298298850577,,False,False
2025-08-14,ROBN,TRAIN,0.2630319406027396,0.19578627173823687,-1.0989017016152711,,False,False
2025-08-14,SBET,TRAIN,0.10689637245144296,0.21548913760663696,-1.0708575636363635,,False,True
2025-08-14,SLON,TRAIN,0.14486214373994274,0.2692356500706339,-1.058875502883581,,False,True
2025-08-14,SMST,TRAIN,0.45923735986240166,0.4467767343053022,-1.1056141799126629,,True,False
2025-08-14,SOLT,TRAIN,0.35889695121307136,0.46004806644461044,-1.0556677333333333,,False,False
2025-08-14,TATT,TRAIN,0.28843171004353363,0.3265171179123026,0.5304250000000041,,False,False
2025-08-14,TEM,TRAIN,0.21069348667113957,0.4244787053949359,-1.051320631362468,,False,True
2025-08-15,ARWR,TRAIN,0.2722369413972762,0.35692082415117227,-1.1433207999999997,,False,False
2025-08-15,CRCA,TRAIN,0.1567020603845199,0.19992359042100563,-1.0786843199999996,,False,True
2025-08-15,CRCL,TRAIN,0.5193363842624443,0.1643084876022636,0.1222280646057352,,True,False
2025-08-15,CRWV,TRAIN,0.2808504101703741,0.11266876583935129,-1.133931000000001,,False,False
2025-08-15,DQ,TRAIN,0.5016191096456023,0.49765654387040226,2.0,,True,False
2025-08-15,ENPH,TRAIN,0.8447034924861316,0.6676997879248864,2.0,,True,False
2025-08-15,FROG,TRAIN,0.3407914270319684,0.45953682753242814,-1.1116871127272718,,False,False
2025-08-15,FSLR,TRAIN,0.7797432609512852,0.6452460476072077,2.0,,True,False
2025-08-15,NXT,TRAIN,0.6282233792981806,0.5059136009773384,2.0,,True,False
2025-08-15,RKLX,TRAIN,0.19308828045175883,0.1757083222873772,-1.466683255813961,,False,True
2025-08-15,SCLX,TRAIN,0.40136209501838116,0.2097191234779825,-1.0666634926829268,,False,False
2025-08-15,SEDG,TRAIN,0.5750545836810447,0.3819075289268851,2.0,,True,False
2025-08-15,SMST,TRAIN,0.2689750546604702,0.24707768012673112,-1.1043502352941177,,False,False
2025-08-15,TEM,TRAIN,0.539999490150828,0.46480947008094375,-1.04518865,,True,False
2025-08-18,AAOI,TRAIN,0.3198286113231114,0.3503229055014276,2.0,,False,False
2025-08-18,AIRO,TRAIN,0.23493044995772958,0.40196917584523145,-1.1112432804469272,,False,False
2025-08-18,AMN,TRAIN,0.22120736367684707,0.3674617708932993,-1.1248652363636369,,False,True
2025-08-18,CCOI,TRAIN,0.18958696032066485,0.3196163339540772,-1.1095931199999995,,False,True
2025-08-18,CONL,TRAIN,0.19278115511267932,0.30561445646791446,-1.1172755999999997,,False,True
2025-08-18,DUOL,TRAIN,0.12122213293933556,0.49758208715687413,-1.135645303867403,,False,True
2025-08-18,HSAI,TRAIN,0.37656631162769155,0.46838351315419924,-1.0508204472843452,,False,False
2025-08-18,HUT,TRAIN,0.40559161703518654,0.483325590771948,-1.094822155245948,,True,False
2025-08-18,IBTA,TRAIN,0.25553052176245233,0.3663314698695415,-1.121626206896552,,False,False
2025-08-18,IDR,TRAIN,0.25394607346290393,0.5212314042189798,-1.0952634666666663,,False,False
2025-08-18,IREN,TRAIN,0.17759927610795076,0.40169845933682535,-1.1444135567567568,,False,True
2025-08-18,NNNN,TRAIN,0.36797612430977833,0.24673042318335797,-1.061644558824523,,False,False
2025-08-18,PGY,TRAIN,0.2243627665685395,0.4395132153589589,-1.142511515151516,,False,False
2025-08-18,PSIX,TRAIN,0.2820865254469185,0.32650110705213253,-1.1047623652173908,,False,False
2025-08-18,RGTX,TRAIN,0.1933695848800898,0.3580435177284,-1.052587525793397,,False,True
2025-08-18,RKLB,TRAIN,0.27918505301280544,0.3523127402142178,-1.1368184006847866,,False,False
2025-08-18,RKLX,TRAIN,0.6112275965610583,0.46065508708108693,2.0,,True,False
2025-08-18,SBET,TRAIN,0.367831241968087,0.2526036413162967,2.0,,False,False
2025-08-18,SMCX,TRAIN,0.3060663914013206,0.2628589066806081,-1.1820043066641952,,False,False
2025-08-18,TEM,TRAIN,0.7428223525200828,0.3783997635921168,2.0,,True,False
2025-08-18,TEMT,TRAIN,0.35185517974928354,0.4569631334263379,-1.0593419435736675,,False,False
2025-08-18,UPSX,TRAIN,0.21418992958670116,0.19352384172753082,-1.2453511111110993,,False,True
2025-08-18,WGMI,TRAIN,0.20014773358703017,0.3060830392152507,-1.1444675555555557,,False,True
2025-08-18,ZEPP,TRAIN,0.21835777164547682,0.30740178030190907,-1.0881061716068643,,False,True
2025-08-19,BRBR,TRAIN,0.4989252853136045,0.3186215027388343,0.4073011764705815,,True,False
2025-08-19,HNGE,TRAIN,0.21913101394252862,0.28562284233151547,-1.1193808000000005,,False,True
2025-08-19,PINC,TRAIN,0.2767642791820567,0.173379791294224,2.0,,False,False
2025-08-19,PTCT,TRAIN,0.2581907303748383,0.48666804619747583,-1.0827157053682892,,False,False
2025-08-19,RGTX,TRAIN,0.19598637212085668,0.29483814912261824,-1.073350685148515,,False,True
2025-08-19,SMST,TRAIN,0.6695758024260712,0.45275129354728044,2.0,,True,False
2025-08-19,WW,TRAIN,0.142840365062124,0.29602705821887226,-1.045977568,,False,True
2025-08-20,AD,TRAIN,0.17535440467072,0.45644904064040454,-1.1267386305084754,,False,True
2025-08-20,BZ,TRAIN,0.30437347143799004,0.32468649421973605,-1.129960660869565,,False,False
2025-08-20,DK,TRAIN,0.5609451697042637,0.4329487574850394,2.0,,True,False
2025-08-20,ETHT,TRAIN,0.11877783419634257,0.33824582171220824,-1.405431438294829,,False,True
2025-08-20,ETHU,TRAIN,0.0938141946224691,0.279881510943493,-1.12591450460405,,False,True
2025-08-20,ETU,TRAIN,0.08062174469974459,0.2795578627557649,-1.3522566883963538,,False,True
2025-08-20,FIG,TRAIN,0.14842868994065467,0.2363865891633029,-1.1188646798493416,,False,True
2025-08-20,IONZ,TRAIN,0.2216179896610479,0.3301846990215222,-1.0715519999999998,,False,True
2025-08-20,NEGG,TRAIN,0.6987436403377223,0.4369837906904919,2.0,,True,False
2025-08-20,SMST,TRAIN,0.4728873104544786,0.4725709806374979,-1.0450956678139225,,True,False
2025-08-20,SRRK,TRAIN,0.6905557955345603,0.696525003305982,2.0,,True,False
2025-08-20,TECS,TRAIN,0.24659100845645252,0.3256567415764147,-1.096943864649244,,False,False
2025-08-20,TSDD,TRAIN,0.18504148148979638,0.3729167742502754,-0.7124862745098014,,False,True
2025-08-20,ZEPP,TRAIN,0.3231893746465749,0.5045217581104788,-1.0394027184247538,,False,False
2025-08-21,AAOI,TRAIN,0.4372561660916173,0.20320727277502385,2.0,,True,False
2025-08-21,AIRO,TRAIN,0.16896995151833302,0.4135530455873112,-1.0539209517241377,,False,True
2025-08-21,CDTX,TRAIN,0.2109314771458091,0.24250299469686834,-1.2577291199999925,,False,True
2025-08-21,FTAI,TRAIN,0.32489030827122045,0.37688602015474454,-1.1741960863781211,,False,False
2025-08-21,GDXU,TRAIN,0.5646168864625313,0.304988858557195,2.0,,True,False
2025-08-21,NUTX,TRAIN,0.18099481053987218,0.2640776666006403,-1.068344433962264,,False,True
2025-08-21,PKG,TRAIN,0.7260355117364854,0.4473784424600488,0.1696819444444394,,True,False
2025-08-21,ROBN,TRAIN,0.17332442140012,0.19173011362203884,-1.340771698889337,,False,True
2025-08-21,SOFX,TRAIN,0.2777465511878532,0.21669684861324662,0.7429142857142924,,False,False
2025-08-21,TATT,TRAIN,0.20698160839068033,0.22386779597504425,-1.1379695893333333,,False,True
2025-08-21,TEM,TRAIN,0.38717447584762116,0.2548824325165762,2.0,,False,False
2025-08-21,TEMT,TRAIN,0.7315999668534393,0.5861169951898032,2.0,,True,False
2025-08-22,AAOI,TRAIN,0.4514055278291898,0.36469086921132066,-1.0943265555555557,,True,False
2025-08-22,AFRM,TRAIN,0.8341530392923767,0.5212391831363921,0.9462270058708367,,True,False
2025-08-22,ALAB,TRAIN,0.1735850018770833,0.2881890965909083,-1.0794881842271289,,False,True
2025-08-22,ALB,TRAIN,0.2700747112275034,0.4264845889215397,-0.0786903409090916,,False,False
2025-08-22,ALKT,TRAIN,0.23019809199710642,0.29375136266256835,-1.1234999999999995,,False,False
2025-08-22,ALNT,TRAIN,0.3230361440695116,0.4930709560998029,-1.1236367999999992,,False,False
2025-08-22,AMBA,TRAIN,0.5171574508774893,0.393168372012157,1.675693467336676,,True,False
2025-08-22,AMDG,TRAIN,0.5316627851730281,0.4253168979279685,-1.1401355847058812,,True,False
2025-08-22,AMUU,TRAIN,0.6949877274910897,0.49405932632452415,0.3861047898964061,,True,False
2025-08-22,AMWD,TRAIN,0.3763878615913096,0.26530124216075324,0.6723226351351436,,False,False
2025-08-22,APP,TRAIN,0.10176836906805363,0.38572844071194595,-0.1158623889875634,,False,True
2025-08-22,APPX,TRAIN,0.8084212417758627,0.8615451305875841,2.0,,True,False
2025-08-22,ARQQ,TRAIN,0.45435878401459856,0.4094074781342362,-1.320010000000005,,True,False
2025-08-22,AS,TRAIN,0.47850631277940187,0.45857034296738713,2.0,,True,False
2025-08-22,ASTX,TRAIN,0.6436060605790073,0.6936301278953175,-1.1739751398109606,,True,False
2025-08-22,AVL,TRAIN,0.20561889894587024,0.19864106907291346,-1.134754417777779,,False,True
2025-08-22,BE,TRAIN,0.5161467118737246,0.39267103300527006,1.016508836206899,,True,False
2025-08-22,BITQ,TRAIN,0.22908622507754844,0.17955319405573913,-1.1460732000000018,,False,False
2025-08-22,BITU,TRAIN,0.6929178514762768,0.5586459292223178,2.0,,True,False
2025-08-22,BITX,TRAIN,0.14971254899720887,0.19445009148531156,-1.1393454758620694,,False,True
2025-08-22,BLDR,TRAIN,0.33319214718685464,0.28961087253539497,2.0,,False,False
2025-08-22,BLSH,TRAIN,0.08626226711341725,0.1870406438837997,-1.1303896533333333,,False,True
2025-08-22,BMNR,TRAIN,0.3755452961743576,0.5529353282053078,-1.0655867333333335,,False,False
2025-08-22,BNC,TRAIN,0.684870211728693,0.4678202475804668,2.0,,True,False
2025-08-22,BZH,TRAIN,0.4325935467952125,0.3279185118548984,2.0,,True,False
2025-08-22,CAI,TRAIN,0.5502475704436601,0.3365192126930062,2.0,,True,False
2025-08-22,CCS,TRAIN,0.37550553195778064,0.3921145167252436,-0.1972626666666575,,False,False
2025-08-22,CEVA,TRAIN,0.1876316997062766,0.1794835486843796,-0.0503102941176424,,False,True
2025-08-22,CHYM,TRAIN,0.4027183336814894,0.41563528652688075,0.9198999999999934,,False,False
2025-08-22,CIVI,TRAIN,0.5399932578950822,0.49420998429720703,-1.1410863999999976,,True,False
2025-08-22,CMPR,TRAIN,0.4595306179615815,0.3670537238151374,0.2965263297872361,,True,False
2025-08-22,COIN,TRAIN,0.5521422207017069,0.45267818446545055,0.5425318801089849,,True,False
2025-08-22,COOP,TRAIN,0.835099348608325,0.7148321900533431,2.0,,True,False
2025-08-22,COYY,TRAIN,0.5906749345613063,0.25721924876272934,0.8490646425073418,,True,False
2025-08-22,CRCL,TRAIN,0.33890389317525815,0.23088751225871612,2.0,,False,False
2025-08-22,CRDO,TRAIN,0.7715823655604502,0.5500878086797527,2.0,,True,False
2025-08-22,CRWV,TRAIN,0.37351708959766017,0.3324835440236445,2.0,,False,False
2025-08-22,DAR,TRAIN,0.7094212220745071,0.36795682711589306,0.7751618750000073,,True,False
2025-08-22,DFDV,TRAIN,0.16146369369453845,0.2540705934214198,-1.1096491809523807,,False,True
2025-08-22,DFH,TRAIN,0.6005871740360589,0.44448793802616204,2.0,,True,False
2025-08-22,DK,TRAIN,0.7263819008926327,0.5120989225704372,2.0,,True,False
2025-08-22,DPST,TRAIN,0.6437070155059289,0.47837166961188904,2.0,,True,False
2025-08-22,ENPH,TRAIN,0.7646823259286933,0.36917209033145787,2.0,,True,False
2025-08-22,ETH,TRAIN,0.9288369448007625,0.7151173059393557,2.0,,True,False
2025-08-22,ETHA,TRAIN,0.9412978447504383,0.784335753165192,2.0,,True,False
2025-08-22,ETHE,TRAIN,0.9181412904542281,0.7703989758515601,2.0,,True,False
2025-08-22,ETOR,TRAIN,0.24874578004923437,0.2968184251066455,-1.1413269565217388,,False,False
2025-08-22,ETU,TRAIN,0.31324905440097567,0.30971492432213593,-1.3894924766165178,,False,False
2025-08-22,EZET,TRAIN,0.7979879583345492,0.6360862703886595,2.0,,True,False
2025-08-22,FEIM,TRAIN,0.21102213738103212,0.3167207628617359,-1.1355358546927756,,False,True
2025-08-22,FETH,TRAIN,0.8874100556939486,0.7674697649807118,2.0,,True,False
2025-08-22,FND,TRAIN,0.6309906137782956,0.28697010159951303,2.0,,True,False
2025-08-22,FNGU,TRAIN,0.27286069132655305,0.3988169399687485,-1.1437375333333342,,False,False
2025-08-22,FWRD,TRAIN,0.6403393347240133,0.5247785660459323,2.0,,True,False
2025-08-22,GDXU,TRAIN,0.21210454244960006,0.34703842247634265,-1.1395774545454551,,False,True
2025-08-22,GLOB,TRAIN,0.2495015452403012,0.28004974622005013,-1.1395846399999994,,False,False
2025-08-22,GLXY,TRAIN,0.5032832062664234,0.5743774410871346,-1.061992509090909,,True,False
2025-08-22,GRAL,TRAIN,0.32878220921640644,0.4337706709397051,-1.113471507692306,,False,False
2025-08-22,HGV,TRAIN,0.5595959951978375,0.44715600223255497,2.0,,True,False
2025-08-22,HOOG,TRAIN,0.814532352597716,0.8751072350049988,2.0,,True,False
2025-08-22,HOV,TRAIN,0.1595962563536177,0.1578861834141434,-1.1063087999999992,,False,True
2025-08-22,HRI,TRAIN,0.42916205143472247,0.24841157731841185,0.4460150602409528,,True,False
2025-08-22,HUT,TRAIN,0.6203980100345506,0.3832148384503062,2.0,,True,False
2025-08-22,HZO,TRAIN,0.38195939418867253,0.34704904025783107,0.4353961038961043,,False,False
2025-08-22,INTC,TRAIN,0.23814834788093683,0.3478730445890107,-0.8064067567567534,,False,False
2025-08-22,IONL,TRAIN,0.7912213279807391,0.6403752296231745,2.0,,True,False
2025-08-22,IONQ,TRAIN,0.1842851493299733,0.2435917990828103,-1.0683925470967743,,False,True
2025-08-22,IONX,TRAIN,0.7860673912887752,0.8294984406140364,2.0,,True,False
2025-08-22,IREN,TRAIN,0.8701230754736837,0.6897884340797332,2.0,,True,False
2025-08-22,KBH,TRAIN,0.5314333081305671,0.34785779418928703,2.0,,True,False
2025-08-22,KFRC,TRAIN,0.15142300408880546,0.22357690624729956,-1.092093456,,False,True
2025-08-22,KNX,TRAIN,0.2567489753217122,0.4029734653715948,-1.116971743396226,,False,False
2025-08-22,LEU,TRAIN,0.34109929410656115,0.46940018842136466,-1.0703871856946352,,False,False
2025-08-22,LGIH,TRAIN,0.3016837679676379,0.4930024595691616,-1.1206908065136558,,False,False
2025-08-22,LMND,TRAIN,0.29722450918644244,0.3016683553069412,-1.1069918940397347,,False,False
2025-08-22,MCHP,TRAIN,0.20990737394997996,0.29029432050177856,-1.1217741265822774,,False,True
2025-08-22,METC,TRAIN,0.5197466580686536,0.32260381432532925,2.0,,True,False
2025-08-22,MGNI,TRAIN,0.30752565443267427,0.2869843897957885,-1.1196211851851854,,False,False
2025-08-22,MLAB,TRAIN,0.3809474327590574,0.2912440315025675,0.5830132812499982,,False,False
2025-08-22,MRAL,TRAIN,0.21068243774486625,0.1836962898662319,-1.0862608315098468,,False,True
2025-08-22,MSTR,TRAIN,0.1913202622701713,0.31478487686159345,-1.100029465560166,,False,True
2025-08-22,MSTX,TRAIN,0.7624411595840334,0.6877170147612498,2.0,,True,False
2025-08-22,MTH,TRAIN,0.2970655039165774,0.33194522629045364,-0.0806133333333227,,False,False
2025-08-22,MUU,TRAIN,0.13986892139244475,0.2078192061124054,-1.303776693909614,,False,True
2025-08-22,NAIL,TRAIN,0.8063052042969976,0.7824018830087417,2.0,,True,False
2025-08-22,NBIS,TRAIN,0.40047733272012165,0.3917075011741432,-1.067258000230814,,False,False
2025-08-22,NBR,TRAIN,0.49401336385971156,0.48284775408812736,0.6354663571428604,,True,False
2025-08-22,NKTR,TRAIN,0.22013172361242403,0.16391239946783762,-1.145087800000001,,False,True
2025-08-22,NNE,TRAIN,0.3235500794677109,0.3354537516209569,2.0,,False,False
2025-08-22,NVDL,TRAIN,0.5373586846370002,0.5405325604061709,-1.1327250337078651,,True,False
2025-08-22,NVDU,TRAIN,0.45926414471383864,0.5077242008353272,-1.13517125203252,,True,False
2025-08-22,OKLL,TRAIN,0.22882284713261447,0.24487894556965728,-1.03791424,,False,False
2025-08-22,OKLO,TRAIN,0.4067024546628436,0.357648355576331,-1.1229140982544903,,True,False
2025-08-22,ON,TRAIN,0.3103669833909034,0.3551605731873095,-0.264132016632018,,False,False
2025-08-22,PBF,TRAIN,0.47818292751498026,0.4458587294155723,2.0,,True,False
2025-08-22,PGY,TRAIN,0.7972282155025512,0.7552326395641263,2.0,,True,False
2025-08-22,PI,TRAIN,0.19247708758257795,0.28445156416102474,-0.5649776066350729,,False,True
2025-08-22,PLAY,TRAIN,0.30026983033192806,0.32860786203789744,-1.0727999999999998,,False,False
2025-08-22,PLTG,TRAIN,0.41286274047035054,0.3776160114241096,-1.087231001183432,,True,False
2025-08-22,PLTU,TRAIN,0.4751491614101343,0.4499623487842416,-1.0792058686131392,,True,False
2025-08-22,PSIX,TRAIN,0.3100379361377035,0.27199956812750803,2.0,,False,False
2025-08-22,PTIR,TRAIN,0.3102322022753106,0.3002291117828671,-1.0800109932542452,,False,False
2025-08-22,QBTX,TRAIN,0.3329906767666124,0.44196251111128776,-1.0536531614457831,,False,False
2025-08-22,QXO,TRAIN,0.13469480113700974,0.17077927531940965,-1.1353174439024378,,False,True
2025-08-22,RDDT,TRAIN,0.26773721429555264,0.361834334030538,-1.0980126019939862,,False,False
2025-08-22,RGTX,TRAIN,0.6680771117141906,0.6615865703236318,0.8220669871794849,,True,False
2025-08-22,RH,TRAIN,0.6919202351829828,0.4798063848314382,2.0,,True,False
2025-08-22,RKLB,TRAIN,0.507503369419045,0.44020713873964373,-1.079122778378378,,True,False
2025-08-22,RKLX,TRAIN,0.5382219381950321,0.7899757587387277,-1.1146210278226547,,True,False
2025-08-22,ROBN,TRAIN,0.7350760709805875,0.787843924858191,2.0,,True,False
2025-08-22,ROKU,TRAIN,0.2564224466349895,0.3718164779520017,-1.137317049180328,,False,False
2025-08-22,SAIA,TRAIN,0.4367725829627692,0.2888674732483661,-1.0742602868226496,,True,False
2025-08-22,SATS,TRAIN,0.31771461164939646,0.25510352600424396,-1.1369368000000004,,False,False
2025-08-22,SBET,TRAIN,0.3608041741328462,0.6072869033344466,-1.054110784,,False,False
2025-08-22,SEDG,TRAIN,0.6396291634115785,0.5239556708906408,2.0,,True,False
2025-08-22,SEZL,TRAIN,0.7815606353513872,0.5761694966694991,2.0,,True,False
2025-08-22,SM,TRAIN,0.5878221598181842,0.3619541650419966,0.9510449275362236,,True,False
2025-08-22,SMCX,TRAIN,0.2937229772029275,0.4503291805450921,-1.1103560289156629,,False,False
2025-08-22,SMLR,TRAIN,0.2966971419119169,0.3601994820565999,-1.177783504356238,,False,False
2025-08-22,SMR,TRAIN,0.2625333110626926,0.20816060906317993,-1.109650036363637,,False,False
2025-08-22,SMTC,TRAIN,0.20640012594083024,0.22273073020042258,-1.1367239999999992,,False,True
2025-08-22,SMU,TRAIN,0.40291122472082996,0.6431462465986202,-1.0498454981818182,,False,False
2025-08-22,SOFI,TRAIN,0.6751584279207853,0.2609372756182745,2.0,,True,False
2025-08-22,SOFX,TRAIN,0.8007024062554744,0.7609347205941406,2.0,,True,False
2025-08-22,SOUX,TRAIN,0.35890993710547214,0.23915660284621257,2.0,,False,False
2025-08-22,SYM,TRAIN,0.5266039825340956,0.3109800387030013,2.0,,True,False
2025-08-22,SYNA,TRAIN,0.20639008067552325,0.3169428806156249,-0.1913730519480649,,False,True
2025-08-22,TDW,TRAIN,0.23318028172814054,0.39182086458976945,-1.1250105422222227,,False,False
2025-08-22,TECK,TRAIN,0.6373432807352882,0.44083354980412387,0.4964082089552175,,True,False
2025-08-22,TECL,TRAIN,0.32778016194729015,0.3598408588115396,-1.1437369325997198,,False,False
2025-08-22,TEM,TRAIN,0.8056669187649715,0.42750575393144447,2.0,,True,False
2025-08-22,TEMT,TRAIN,0.6259260337109018,0.6078213654800424,2.0,,True,False
2025-08-22,TFIN,TRAIN,0.5158192854790371,0.35876141563985986,0.9428344551282032,,True,False
2025-08-22,TNA,TRAIN,0.8680051754121363,0.557527672080099,2.0,,True,False
2025-08-22,TNXP,TRAIN,0.16313686949739287,0.20465517172972894,-0.0394430147058809,,False,True
2025-08-22,TOL,TRAIN,0.26822750657764605,0.39815993166990093,-0.2565527976559354,,False,False
2025-08-22,TREX,TRAIN,0.3699833197381984,0.3627769527515283,-0.1364839285714354,,False,False
2025-08-22,TSEM,TRAIN,0.7222941049547311,0.2303625763446426,0.6428886222319188,,True,False
2025-08-22,TSLR,TRAIN,0.2723435280423804,0.19156989965490018,-1.109217472,,False,False
2025-08-22,U,TRAIN,0.18697537180491874,0.23302662063846072,-1.0757708823529413,,False,True
2025-08-22,UCTT,TRAIN,0.28653887135203776,0.32509968919801674,-0.7104593749999971,,False,False
2025-08-22,UPST,TRAIN,0.8125601793941487,0.5635772017340607,2.0,,True,False
2025-08-22,UPSX,TRAIN,0.4003873480812178,0.2192287503570222,2.0,,False,False
2025-08-22,URTY,TRAIN,0.6293733940476754,0.46111093440321005,2.0,,True,False
2025-08-22,USD,TRAIN,0.14236282466600886,0.32496476875275127,-1.1391563534883722,,False,True
2025-08-22,UWM,TRAIN,0.405931574481294,0.23778902069514077,-1.1344019011805109,,True,False
2025-08-22,UXRP,TRAIN,0.5145911165624784,0.6041372680588051,-1.1184365000000005,,True,False
2025-08-22,VAL,TRAIN,0.3905345282371795,0.4797859487994834,-1.1317565803921554,,False,False
2025-08-22,W,TRAIN,0.1667670886666734,0.31125197273280064,-1.1400883949367102,,False,True
2025-08-22,WAL,TRAIN,0.5463314419506886,0.4359211237050802,2.0,,True,False
2025-08-22,WFRD,TRAIN,0.8561373644213093,0.5533999329973633,0.3826659163987134,,True,False
2025-08-22,XPO,TRAIN,0.5231999371575066,0.3616486026063158,0.5738991719435009,,True,False
2025-08-22,XXRP,TRAIN,0.7409557395171409,0.7526974877471887,2.0,,True,False
2025-08-22,XYZ,TRAIN,0.6865585429540151,0.38251773580398285,1.7146161764705603,,True,False
2025-08-22,ZEPP,TRAIN,0.6887345109989772,0.6025973408311669,2.0,,True,False
2025-08-25,ASTX,TRAIN,0.5479226646706185,0.3577999404166054,2.0,,True,False
2025-08-25,CYD,TRAIN,0.21000776115774725,0.22283980594922703,-1.1085643317073162,,False,True
2025-08-25,EPSM,TRAIN,0.26394262834001486,0.29944867587069507,-1.0337675678107427,,False,False
2025-08-25,IREN,TRAIN,0.330239690301617,0.17321705915425673,2.0,,False,False
2025-08-25,METC,TRAIN,0.5375280699972782,0.2047035335762166,2.0,,True,False
2025-08-25,MGNI,TRAIN,0.6715731650544534,0.29556835613258964,2.0,,True,False
2025-08-25,MP,TRAIN,0.2996041099417575,0.1875289758566365,-1.1131203218390815,,False,False
2025-08-25,RDTL,TRAIN,0.14470165894913573,0.16296997395269713,-1.0918189137440766,,False,True
2025-08-25,RKLB,TRAIN,0.6412615535766837,0.23449621546359123,2.0,,True,False
2025-08-25,SOFX,TRAIN,0.30674908231309234,0.10309391732905991,2.0,,False,False
2025-08-26,APPX,TRAIN,0.11524687009861738,0.18515334372799505,-1.1143870000000002,,False,True
2025-08-26,ASTX,TRAIN,0.15558819932327034,0.21724092255352842,-1.081049430598508,,False,True
2025-08-26,ATEX,TRAIN,0.2307006655976536,0.14650033781687677,-1.0757543255813955,,False,False
2025-08-26,GCO,TRAIN,0.2629675403149508,0.246229437756119,-1.2908163206778591,,False,False
2025-08-26,GSAT,TRAIN,0.2616006697570962,0.25849101573021993,-1.0506066773333331,,False,False
2025-08-26,HUT,TRAIN,0.35936541148250944,0.320965200113976,2.0,,False,False
2025-08-26,IONX,TRAIN,0.3640694901339698,0.3017663225306993,2.0,,False,False
2025-08-26,LEU,TRAIN,0.4128981846365055,0.17979783190409257,2.0,,True,False
2025-08-26,MCRB,TRAIN,0.1164853902212106,0.1266383588874148,-1.0845847757575753,,False,True
2025-08-26,NNE,TRAIN,0.24291034276719228,0.22432239996996628,-1.082861509433962,,False,False
2025-08-26,OKLO,TRAIN,0.25945791000734014,0.1288615317791328,-1.043672080334728,,False,False
2025-08-26,PLTU,TRAIN,0.45535213060485596,0.24799307067596799,2.0,,True,False
2025-08-26,QBTX,TRAIN,0.10210187820720311,0.16048918291602954,-1.4228325464439868,,False,True
2025-08-26,RGTX,TRAIN,0.2611986861233857,0.2277929802469366,2.0,,False,False
2025-08-26,RKLB,TRAIN,0.2768852782332254,0.3738384956697983,-1.0596459895652175,,False,False
2025-08-26,RKLX,TRAIN,0.48295182144084203,0.1512151923673807,2.0,,True,False
2025-08-26,SMR,TRAIN,0.2823092610664619,0.130246280318859,-1.0674956249180332,,False,False
2025-08-26,SMU,TRAIN,0.09042297453197363,0.2859743497384429,-1.03420144,,False,True
2025-08-26,SOLT,TRAIN,0.48053474843072413,0.3669070198366032,-1.1305126044444456,,True,False
2025-08-26,SOUX,TRAIN,0.07392546458426467,0.09263911604942335,-1.037654607780778,,False,True
2025-08-26,VSAT,TRAIN,0.21023267813782526,0.18551443279454707,-1.096341488372093,,False,True
2025-08-26,ZEPP,TRAIN,0.1449172715520938,0.21684138924986557,-1.13936767128713,,False,True
2025-08-27,ELF,TRAIN,0.5039742595984618,0.3492988515568296,2.0,,True,False
2025-08-27,IONL,TRAIN,0.1378724987561686,0.21892986005350665,-1.1122218867924525,,False,True
2025-08-27,IONX,TRAIN,0.471628967912188,0.22448365922043267,2.0,,True,False
2025-08-27,RGTX,TRAIN,0.4574518451000322,0.1928844669637808,2.0,,True,False
2025-08-27,SLON,TRAIN,0.16973341721633853,0.2758747742913866,-1.3199915516195189,,False,True
2025-08-27,SOLT,TRAIN,0.2168104210822896,0.23356702167459836,-1.147689483282675,,False,True
2025-08-27,VKTX,TRAIN,0.30876210600093884,0.30620299002012163,-1.1459179197511655,,False,False
2025-08-27,VSAT,TRAIN,0.6081769842901374,0.29845358650226794,2.0,,True,False
2025-08-28,AIRO,TRAIN,0.33488431302990607,0.23865513759428952,-1.0548148774193546,,False,False
2025-08-28,APPX,TRAIN,0.3524240646550387,0.23063571166520827,2.0,,False,False
2025-08-28,BE,TRAIN,0.20404916543107057,0.20352914283206183,-1.1180769777777786,,False,True
2025-08-28,BOIL,TRAIN,0.2804309010228578,0.3282827639356627,-1.1115397111111114,,False,False
2025-08-28,IONX,TRAIN,0.375518336536603,0.2017000268946855,2.0,,False,False
2025-08-28,OKLO,TRAIN,0.25948663462487265,0.2596938587007323,-1.091097149700598,,False,False
2025-08-28,OUST,TRAIN,0.3831707062879466,0.2509584673526772,-1.1197028756756766,,False,False
2025-08-28,PGY,TRAIN,0.1517592850055588,0.21592002488287362,-1.0904266999999996,,False,True
2025-08-28,QBTX,TRAIN,0.0935772262067344,0.3022494166002193,-0.6025616681455215,,False,True
2025-08-28,RBRK,TRAIN,0.49377702322403527,0.3736212675139252,2.0,,True,False
2025-08-28,RGTX,TRAIN,0.3361573445463124,0.3533989665003195,2.0,,False,False
2025-08-28,SMU,TRAIN,0.20974273975731797,0.23990469477056386,-1.0685285391304349,,False,True
2025-08-28,UPSX,TRAIN,0.153471465173644,0.2617164947237326,-1.07253155,,False,True
2025-08-28,VEON,TRAIN,0.3557963330305296,0.23833785288132905,-1.0680690412750309,,False,False
2025-08-29,AGQ,TRAIN,0.7486250123559747,0.6072794729007129,1.1621181818181676,,True,False
2025-08-29,OS,TRAIN,0.25710014439893947,0.502057102161041,-0.2330774569683579,,False,False
2025-08-29,TEMT,TRAIN,0.313891238327985,0.22646533128472435,-1.0819913872340428,,False,False
2025-08-29,ZEPP,TRAIN,0.29343616794987065,0.5667440631244788,-1.0645616931116393,,False,False
2025-09-02,APPX,TRAIN,0.19002663918452528,0.2941540442453298,-1.0811641999999997,,False,True
2025-09-02,ARWR,TRAIN,0.527533384764569,0.3896650423205425,2.0,,True,False
2025-09-02,ARX,TRAIN,0.21062293033613882,0.31561849953094184,-1.150804727272728,,False,True
2025-09-02,ASTX,TRAIN,0.1452717605611439,0.33669228977685484,-1.4307962455762464,,False,True
2025-09-02,AVBP,TRAIN,0.19597526532676796,0.3654428043645565,-1.05128279245283,,False,True
2025-09-02,BLSH,TRAIN,0.248783030031813,0.27225995575523687,-1.0881127829787236,,False,False
2025-09-02,CONL,TRAIN,0.1644241628609509,0.2006399272823033,-1.0850229766426207,,False,True
2025-09-02,DOOO,TRAIN,0.5223887763640752,0.29617831098782527,0.219404430379745,,True,False
2025-09-02,ETOR,TRAIN,0.3685018795463602,0.3509484358149538,0.5603547368421041,,False,False
2025-09-02,IREN,TRAIN,0.749885479611413,0.8404341167269188,2.0,,True,False
2025-09-02,JKS,TRAIN,0.27225052218965173,0.3018973176394074,-1.1016651999999998,,False,False
2025-09-02,MSTX,TRAIN,0.36095076954329036,0.22001616736997198,-1.0546473777777778,,False,False
2025-09-02,OKLL,TRAIN,0.47263663581039933,0.4976599018188393,-1.056548470588235,,True,False
2025-09-02,PGY,TRAIN,0.2033243360018062,0.21406663076951038,-1.110932640000001,,False,True
2025-09-02,PLTG,TRAIN,0.3141209870965798,0.32289895937189006,0.8895234234234277,,False,False
2025-09-02,PLTU,TRAIN,0.2689536374211513,0.20829644258253038,2.0,,False,False
2025-09-02,PLTW,TRAIN,0.1729859315392087,0.38956723425818474,-1.236750939293257,,False,True
2025-09-02,PTCT,TRAIN,0.26890710460504336,0.2385513581611139,-1.1325822814814817,,False,False
2025-09-02,PTIR,TRAIN,0.4939378106631177,0.27893159647389404,2.0,,True,False
2025-09-02,QXO,TRAIN,0.20324139953280534,0.18017183500310915,-0.108580555555552,,False,True
2025-09-02,RKLX,TRAIN,0.34305947784189217,0.3127505994324967,-1.0628595890342802,,False,False
2025-09-02,RVMD,TRAIN,0.26871166945170344,0.21766369358377285,-1.109023824,,False,False
2025-09-02,SOFX,TRAIN,0.12788693245049074,0.2597115601188569,-1.58479073547825,,False,True
2025-09-02,TSEM,TRAIN,0.5155793729064575,0.4615915567562448,1.6256374045801467,,True,False
2025-09-02,ULTA,TRAIN,0.5386102204323678,0.5765389876714131,1.422677747252737,,True,False
2025-09-02,UPSX,TRAIN,0.15024580753321964,0.2971943421230287,-1.050562163615508,,False,True
2025-09-03,ARWR,TRAIN,0.3260121598581218,0.2961746798790547,-1.1333799999999994,,False,False
2025-09-03,BMNR,TRAIN,0.13084875325806822,0.30417631986655047,-1.0545029333333331,,False,True
2025-09-03,CLDX,TRAIN,0.16848740980810065,0.27485437981009997,-1.1241687999999992,,False,True
2025-09-03,CRNX,TRAIN,0.17527062166928337,0.3241559460958847,-1.142593468656716,,False,True
2025-09-03,HELE,TRAIN,0.44489815165826485,0.5162188906619098,-1.123534068965516,,True,False
2025-09-03,HIMS,TRAIN,0.15034596958411314,0.1512524604768714,-1.1143403488053336,,False,True
2025-09-03,LABU,TRAIN,0.23798722566011982,0.24140515445705646,-1.098485333333334,,False,False
2025-09-03,MNTN,TRAIN,0.2569278726176159,0.26403585362002135,-1.1477949200000004,,False,False
2025-09-03,SCLX,TRAIN,0.19586681926190955,0.2630908979126739,-1.0733095999999998,,False,True
2025-09-03,SPHR,TRAIN,0.17771408285808898,0.2139694576339697,-1.0719708997319035,,False,True
2025-09-03,SRRK,TRAIN,0.27727516396851504,0.38596809182684944,-1.1213669333333331,,False,False
2025-09-03,STOK,TRAIN,0.2037162104792347,0.22126972235962125,-1.125808327272728,,False,True
2025-09-03,TNXP,TRAIN,0.2176683189901116,0.2378323874690442,-1.154685344360473,,False,True
2025-09-03,VRDN,TRAIN,0.15904383618598658,0.2887504633200765,-1.2273802260869688,,False,True
2025-09-04,AFRM,TRAIN,0.20451932601466566,0.29565124172258805,-1.1291617599999997,,False,True
2025-09-04,HIMS,TRAIN,0.3576835479434812,0.27414387288915165,-1.0647986857142857,,False,False
2025-09-04,INOD,TRAIN,0.5682407031205222,0.29007947120379407,1.691983116883112,,True,False
2025-09-04,IONX,TRAIN,0.41613648829022626,0.30431879696189973,2.0,,True,False
2025-09-04,MLYS,TRAIN,0.6203834527345872,0.3800942225056974,2.0,,True,False
2025-09-04,NEGG,TRAIN,0.24440302446086787,0.03223115614719177,-1.0912219968865209,,False,False
2025-09-04,RGTX,TRAIN,0.23500566555961597,0.2619182565627658,-1.1428556093023232,,False,False
2025-09-04,ROBN,TRAIN,0.20078595868403099,0.24483177929697586,-1.1136022297125054,,False,True
2025-09-04,SMST,TRAIN,0.283294714202644,0.5163572462872715,-1.0977356545454542,,False,False
2025-09-04,SNDK,TRAIN,0.8809525422802635,0.6593470468187697,2.0,,True,False
2025-09-04,SOGP,TRAIN,0.3262450313512502,0.10970806854851677,-1.046577142857143,,False,False
2025-09-04,TIL,TRAIN,0.39364572058793285,0.2036642165272385,2.0,,False,False
2025-09-05,BEAM,TRAIN,0.17446197920194467,0.27944200440484285,-1.1190754782608694,,False,True
2025-09-05,CE,TRAIN,0.19933258829005276,0.28488637902688174,-1.1196652443171644,,False,True
2025-09-05,CGON,TRAIN,0.48185629664715096,0.36998600500594225,-1.0936440659793816,,True,False
2025-09-05,CYTK,TRAIN,0.14552436093622453,0.22723514222611102,-1.118842744715448,,False,True
2025-09-05,ENPH,TRAIN,0.2133979499264552,0.2941014451130557,-1.1034739999999994,,False,True
2025-09-05,GPCR,TRAIN,0.37811851890137743,0.6434315762256578,2.0,,False,False
2025-09-05,GRAL,TRAIN,0.384158564689138,0.3418419249668222,2.0,,False,False
2025-09-05,JACK,TRAIN,0.18419822174168365,0.29609297966901704,-1.1367392000000018,,False,True
2025-09-05,KRMN,TRAIN,0.43351646947137196,0.32479712131404603,2.0,,True,False
2025-09-05,KRRO,TRAIN,0.6759577206801137,0.5915790644953246,0.3917636763676326,,True,False
2025-09-05,METC,TRAIN,0.5757088890153724,0.25671244949453187,2.0,,True,False
2025-09-05,NKTR,TRAIN,0.6023728370585292,0.2769660834471832,2.0,,True,False
2025-09-05,OLN,TRAIN,0.159692461748402,0.21830149797541093,-1.1242903999999996,,False,True
2025-09-05,SCHL,TRAIN,0.19642126435746787,0.20051872207562174,-1.133504414814815,,False,True
2025-09-05,SMMT,TRAIN,0.19758330300122465,0.2650087392585556,-1.136777200000001,,False,True
2025-09-05,SOUX,TRAIN,0.4020266416568072,0.17359952550893276,-1.0641577424657531,,False,False
2025-09-05,TECS,TRAIN,0.270663110056219,0.25876432976600183,-1.1407982333333322,,False,False
2025-09-05,TRML,TRAIN,0.5263491792540291,0.48573865567477864,-1.064986551724138,,True,False
2025-09-05,VERA,TRAIN,0.46684215544860924,0.36383170842259294,2.0,,True,False
2025-09-08,BBNX,TRAIN,0.44014905028978707,0.3242835826505652,2.0,,True,False
2025-09-08,BMNR,TRAIN,0.21813267813408777,0.1920546150278812,-0.3071060924369735,,False,True
2025-09-08,BYRN,TRAIN,0.1781374706820818,0.3663038235798066,-1.2153009271111164,,False,True
2025-09-08,CELC,TRAIN,0.43229378684956377,0.227838471620287,2.0,,True,False
2025-09-08,CRWV,TRAIN,0.5842589657901911,0.29550414200278774,0.2191204081632604,,True,False
2025-09-08,ETSY,TRAIN,0.19070035972924862,0.21915472989176452,-1.105235351351351,,False,True
2025-09-08,FTAI,TRAIN,0.4951337984014069,0.32248298716809554,0.936484909909915,,True,False
2025-09-08,HOOG,TRAIN,0.07955571890798245,0.13838953119864775,-1.3097112781318456,,False,True
2025-09-08,HROW,TRAIN,0.41305438125498245,0.320059053459779,-1.1023694899082566,,True,False
2025-09-08,HTFL,TRAIN,0.13253103439615363,0.13933293984628758,-1.061303424,,False,True
2025-09-08,JANX,TRAIN,0.4109998541227704,0.2509975598171647,2.0,,True,False
2025-09-08,NKTR,TRAIN,0.1747487239966632,0.19960118810538255,-1.107898507451703,,False,True
2025-09-08,RKLB,TRAIN,0.4964619929149452,0.2421017254233052,-1.050982960931928,,True,False
2025-09-08,ROBN,TRAIN,0.08744154484264774,0.19115779103720892,-1.1344542283418186,,False,True
2025-09-08,STOK,TRAIN,0.4573771124298795,0.3292610571413911,2.0,,True,False
2025-09-08,SUPX,TRAIN,0.22346575863822507,0.22664390549665372,-1.337351310808417,,False,True
2025-09-08,UBRL,TRAIN,0.19403282181966047,0.35231901635953,-1.208481911546449,,False,True
2025-09-08,XPEL,TRAIN,0.2547004888001265,0.37230326309204825,-1.1119803404255304,,False,False
2025-09-08,ZBIO,TRAIN,0.38930661708296166,0.24265476126911883,-1.088881243210622,,False,False
2025-09-09,AMBQ,TRAIN,0.3788973472111305,0.2697184248155072,-1.2439265204301198,,False,False
2025-09-09,BBNX,TRAIN,0.6183585577860576,0.4336348739446616,1.3517441860465111,,True,False
2025-09-09,BLSH,TRAIN,0.398804246914645,0.19891260673151578,0.8026241422563313,,False,False
2025-09-09,CONL,TRAIN,0.2627223191475265,0.3994786133255808,-1.055431705660377,,False,False
2025-09-09,CRCL,TRAIN,0.22488777455081968,0.28896471529582435,-1.0649937349397591,,False,False
2025-09-09,CVI,TRAIN,0.5619966086367713,0.3635080540860602,0.655678935972774,,True,False
2025-09-09,DNTH,TRAIN,0.6623399941103063,0.3062754174789069,2.0,,True,False
2025-09-09,GDS,TRAIN,0.2620618684782193,0.30153818937952603,-1.1020239443850266,,False,False
2025-09-09,HUT,TRAIN,0.33988397533929804,0.37252058364708024,-1.1161678424242418,,False,False
2025-09-09,INOD,TRAIN,0.4524494939550033,0.5654818142584187,2.0,,True,False
2025-09-09,IONX,TRAIN,0.37292844702736294,0.32673531297311137,2.0,,False,False
2025-09-09,KRRO,TRAIN,0.452668750236362,0.3368557690740795,0.4416292857142859,,True,False
2025-09-09,LEU,TRAIN,0.26752785515929717,0.24442839122514046,-1.1309255538802665,,False,False
2025-09-09,MTSR,TRAIN,0.5068548407989615,0.4573141697494044,-1.115492011820868,,True,False
2025-09-09,MUU,TRAIN,0.3978128046533358,0.4877231897594889,-1.3283680770923596,,False,False
2025-09-09,NKTR,TRAIN,0.4727747929457862,0.3146395816443331,2.0,,True,False
2025-09-09,OKLL,TRAIN,0.22328344654188265,0.23210901426627933,-1.0800858828282829,,False,True
2025-09-09,PBF,TRAIN,0.2700711481477545,0.24380929290040237,-1.145092910344828,,False,False
2025-09-09,PLTU,TRAIN,0.6446505566314731,0.47979510611129067,0.5305538461538495,,True,False
2025-09-09,PSIX,TRAIN,0.21885476050694777,0.4270977817473449,-1.1370597511111125,,False,True
2025-09-09,PTIR,TRAIN,0.5773126943008394,0.32817405807845335,0.7718033723921183,,True,False
2025-09-09,QBTX,TRAIN,0.20387234484933436,0.19158098393163173,-1.13280186666668,,False,True
2025-09-09,RIOX,TRAIN,0.6210499126420908,0.5115032115470091,2.0,,True,False
2025-09-09,SMCX,TRAIN,0.6389383037002947,0.31960511126755314,2.0,,True,False
2025-09-09,UNHG,TRAIN,0.46875848010695587,0.17300398829044328,2.0,,True,False
2025-09-09,YPF,TRAIN,0.1738276075697034,0.46414609324525397,-1.145767999999999,,False,True
2025-09-10,AAOI,TRAIN,0.622468009730173,0.3845774252615986,2.0,,True,False
2025-09-10,ALGT,TRAIN,0.24620445666693727,0.4102746291182899,-1.1226412117234614,,False,False
2025-09-10,AMRC,TRAIN,0.33734234014637215,0.2469435309951904,1.1318761667703745,,False,False
2025-09-10,BMNR,TRAIN,0.10409430042413924,0.12660202377461227,-1.067184,,False,True
2025-09-10,BTSG,TRAIN,0.345819478878748,0.19486567929145973,-1.147097999999999,,False,False
2025-09-10,CEP,TRAIN,0.17340853872287,0.3640390861032926,-1.141018373770492,,False,True
2025-09-10,GGAL,TRAIN,0.21792763380135252,0.3869606818123185,-1.1333740121212128,,False,True
2025-09-10,HUT,TRAIN,0.22718689712396,0.2735669035625622,-1.1112589333333331,,False,False
2025-09-10,IREN,TRAIN,0.2718482935037629,0.322706523928064,-1.0781171082373784,,False,False
2025-09-10,MOD,TRAIN,0.2464017661681284,0.4291505552905393,-1.106934193814433,,False,False
2025-09-10,RDTL,TRAIN,0.5470463823899164,0.6576543728483424,-1.0567674930232558,,True,False
2025-09-10,RNA,TRAIN,0.34047932194608127,0.3503470501860219,-1.1287439999999993,,False,False
2025-09-10,SOC,TRAIN,0.4478458550341434,0.4650197408076229,1.2903130136986278,,True,False
2025-09-10,WYFI,TRAIN,0.7105537952172781,0.6637670389066661,2.0,,True,False
2025-09-10,ZEPP,TRAIN,0.3940662131974946,0.4908405898574971,-1.0610107192575406,,False,False
2025-09-11,AEHR,TRAIN,0.2776860399216561,0.2665132417665906,-1.1202678999999942,,False,False
2025-09-11,AMSC,TRAIN,0.1834810384664352,0.358496427652626,-1.1638682418047182,,False,True
2025-09-11,ARQQ,TRAIN,0.5084037287912836,0.4089702472200117,1.2509216424601146,,True,False
2025-09-11,AVNW,TRAIN,0.255459510209111,0.28851001438241114,-1.0949548108108105,,False,False
2025-09-11,BABA,TRAIN,0.22030065034826343,0.21745441242262645,-1.1249126666666682,,False,True
2025-09-11,BE,TRAIN,0.20918895551003,0.3076974397167585,-1.1123090926829258,,False,True
2025-09-11,BEAM,TRAIN,0.5378040824223819,0.3029705325136833,2.0,,True,False
2025-09-11,BMNR,TRAIN,0.3023575559602318,0.137157408783296,-1.0380785883548984,,False,False
2025-09-11,CRCL,TRAIN,0.45330650595989586,0.3533179443592257,2.0,,True,False
2025-09-11,CRSP,TRAIN,0.2718835400806509,0.36310780457460673,-1.132665866666667,,False,False
2025-09-11,DUOL,TRAIN,0.2620993510888632,0.40776535995535,-1.1157365275204354,,False,False
2025-09-11,FIG,TRAIN,0.12975622377488644,0.22479469985200756,-1.1144225600000002,,False,True
2025-09-11,FORD,TRAIN,0.3488762256244752,0.09488740911830015,-1.0370938156521738,,False,False
2025-09-11,GDS,TRAIN,0.18988575213726672,0.29166417397684996,-1.1138133043478258,,False,True
2025-09-11,GEO,TRAIN,0.5884357616324695,0.3731716830121353,2.0,,True,False
2025-09-11,GLXY,TRAIN,0.10286565237384462,0.2891909257043199,-1.0949138666666671,,False,True
2025-09-11,HNGE,TRAIN,0.31093493198968636,0.3119337213597696,0.3756328275862099,,False,False
2025-09-11,NEGG,TRAIN,0.6122228975684619,0.3262884678657625,-1.0376922931071622,,True,False
2025-09-11,NNE,TRAIN,0.3304122635801117,0.3808390365159697,-1.1322886046511624,,False,False
2025-09-11,OKLO,TRAIN,0.4141420324377187,0.3312354509755388,2.0,,True,False
2025-09-11,OUST,TRAIN,0.37794301863668084,0.26363234091546955,2.0,,False,False
2025-09-11,PGY,TRAIN,0.25112964736915505,0.3290341016808701,-1.1113034553191492,,False,False
2025-09-11,QBTX,TRAIN,0.15347700966489858,0.2532612069926064,-1.1933114345696334,,False,True
2025-09-11,RKLB,TRAIN,0.2163865022888859,0.3333616712506899,-1.1071533806451617,,False,True
2025-09-11,RKLX,TRAIN,0.43763838406512223,0.5116222906751065,-1.3838396051948063,,True,False
2025-09-11,RKT,TRAIN,0.26134310306000536,0.1693236418930568,-1.1312544330353345,,False,False
2025-09-11,RMBS,TRAIN,0.35707887834161395,0.37408698834411847,2.0,,False,False
2025-09-11,ROBN,TRAIN,0.28819158113248106,0.3247014715016706,-1.0833136744186052,,False,False
2025-09-11,SEDG,TRAIN,0.3463071896847884,0.3518724516308013,-1.141109453333333,,False,False
2025-09-11,SEI,TRAIN,0.3545795268312623,0.524849314065121,-0.5693242574257429,,False,False
2025-09-11,SMLR,TRAIN,0.17942071218741779,0.21412100026860775,-1.115155056644755,,False,True
2025-09-11,SOUX,TRAIN,0.2355178220396377,0.27464110505847006,-1.0647422708792542,,False,False
2025-09-11,SPHR,TRAIN,0.2067412816992926,0.294946012468767,-1.1248518731707318,,False,True
2025-09-11,TEM,TRAIN,0.7482865471017476,0.41175830757872167,2.0,,True,False
2025-09-11,TMDX,TRAIN,0.5395126584255615,0.4327904048024153,2.0,,True,False
2025-09-11,TNXP,TRAIN,0.604524386700386,0.4574724368192992,2.0,,True,False
2025-09-11,TWST,TRAIN,0.1970001608507845,0.311057634090284,-1.0788268584269662,,False,True
2025-09-11,UNHG,TRAIN,0.21202420218236892,0.29233293966751855,-1.1311997101988998,,False,True
2025-09-11,VCEL,TRAIN,0.14842009377140172,0.30404855741770653,-1.0726403096774195,,False,True
2025-09-12,ARQQ,TRAIN,0.7263966841170071,0.5935017196807438,1.999999999999996,,True,False
2025-09-12,BMNR,TRAIN,0.5471019667991801,0.5996293658513382,1.6023493093344423,,True,False
2025-09-12,DAKT,TRAIN,0.3068003568141573,0.4156378475572311,-1.1434532088888902,,False,False
2025-09-12,HIMS,TRAIN,0.693438680079332,0.4444147121129402,2.0,,True,False
2025-09-12,HIMZ,TRAIN,0.34873367110997655,0.48685908306812564,-1.0678459600000003,,False,False
2025-09-12,INOD,TRAIN,0.24486905745527499,0.32454043565145785,-1.139573382298381,,False,False
2025-09-12,NEGG,TRAIN,0.5896155115086796,0.3636405743620736,2.0,,True,False
2025-09-12,OKLL,TRAIN,0.4137114120092543,0.38453866327485464,-1.0640956592456297,,True,False
2025-09-12,PTIR,TRAIN,0.5322680664516855,0.43007109259279397,1.001236120552903,,True,False
2025-09-12,RKLB,TRAIN,0.8556966609565654,0.42494528119801656,2.0,,True,False
2025-09-12,SMU,TRAIN,0.41656800534305416,0.4291930173879367,-1.0449784795321635,,True,False
2025-09-12,TSLR,TRAIN,0.3423084989908152,0.3565232654253991,-1.1412168905660374,,False,False
2025-09-12,UPSX,TRAIN,0.5380831896360309,0.22536100248604013,2.0,,True,False
2025-09-12,YDES,TRAIN,0.5767658467689609,0.5449143289276678,2.0,,True,False
2025-09-15,AMR,TRAIN,0.3068427569682104,0.39199091340754577,-1.144628656854253,,False,False
2025-09-15,DQ,TRAIN,0.37595285084738705,0.3839845945120549,2.0,,False,False
2025-09-15,FEIM,TRAIN,0.17609798300088642,0.1616978909938234,-1.0881751999999996,,False,True
2025-09-15,GGLL,TRAIN,0.24954937328836954,0.2579782634817823,-1.0830043499999995,,False,False
2025-09-15,GOOX,TRAIN,0.13037879072665767,0.29543651430268386,-1.1352755436793425,,False,True
2025-09-15,HCC,TRAIN,0.397862107007821,0.37487786740591755,-1.1144878378378376,,False,False
2025-09-15,HROW,TRAIN,0.16672632143347066,0.18005795330008376,-1.104423333864542,,False,True
2025-09-15,INTW,TRAIN,0.1984035903912369,0.20322283894361487,2.0,,False,True
2025-09-15,JKS,TRAIN,0.16661039632828892,0.3681907049370219,-0.6038176991150487,,False,True
2025-09-15,METC,TRAIN,0.2635654446760502,0.2875191600766308,-1.0827316329411771,,False,False
2025-09-15,NNE,TRAIN,0.18874692454049816,0.21794831439579587,-1.1388339068305209,,False,True
2025-09-15,OKLL,TRAIN,0.3964215124280192,0.24730546500264552,2.0,,False,False
2025-09-15,OKLO,TRAIN,0.781069233736902,0.3001471471104252,2.0,,True,False
2025-09-15,QBTX,TRAIN,0.20465558147781393,0.17663512048188712,-1.1227076435643557,,False,True
2025-09-15,RIOX,TRAIN,0.4893324825861594,0.294380599873287,2.0,,True,False
2025-09-15,SEI,TRAIN,0.3447111636603895,0.39636412537460025,-1.1138493135802463,,False,False
2025-09-15,SNDK,TRAIN,0.21654643065551676,0.2472011468899494,-1.1255889142857156,,False,True
2025-09-15,SOUX,TRAIN,0.2417074062165736,0.2737157981165502,-1.0347935140939597,,False,False
2025-09-16,CGON,TRAIN,0.30678519897330864,0.2074910946012053,-1.0865859555555557,,False,False
2025-09-16,CMPR,TRAIN,0.15403264597217062,0.23502566879250236,-1.0847277913183604,,False,True
2025-09-16,CONI,TRAIN,0.11241568540066928,0.2629623560846038,-1.1354662400000015,,False,True
2025-09-16,CVI,TRAIN,0.6638655210105617,0.3446564060656336,2.0,,True,False
2025-09-16,ESTA,TRAIN,0.22302117083897868,0.2882390601853432,-1.0829494399999993,,False,True
2025-09-16,EXOD,TRAIN,0.19400034281465184,0.17402163322952316,-0.8639534959989523,,False,True
2025-09-16,HSDT,TRAIN,0.5637706327292697,0.48318647373097806,2.0,,True,False
2025-09-16,KMTS,TRAIN,0.47571892888297407,0.3450650776665238,-1.0929115200000006,,True,False
2025-09-16,MRAL,TRAIN,0.3029897115754927,0.5177157561885648,2.0,,False,False
2025-09-16,PBF,TRAIN,0.5862112058591811,0.3072927335503755,2.0,,True,False
2025-09-16,RIOX,TRAIN,0.5089626544219823,0.3354477959572909,2.0,,True,False
2025-09-16,SEDG,TRAIN,0.3110528719117108,0.3109504345325487,-1.1106214199999993,,False,False
2025-09-16,TEMT,TRAIN,0.10692903269547394,0.2562518602499056,-1.1067418382978726,,False,True
2025-09-16,VERX,TRAIN,0.6291115991594596,0.29986927704643046,1.2910802948021798,,True,False
2025-09-17,AAOI,TRAIN,0.277765468132935,0.2839953684372442,-1.2288474838709582,,False,False
2025-09-17,BLSH,TRAIN,0.23218333423996979,0.3831892015498451,-1.1359725985401454,,False,False
2025-09-17,BRZE,TRAIN,0.20521567270760563,0.3216720370042007,-1.089603696,,False,True
2025-09-17,CRCL,TRAIN,0.34896744437963795,0.3056893370753291,-1.044996013084112,,False,False
2025-09-17,DLLL,TRAIN,0.18316156626879954,0.22001257102770952,-1.117225115987461,,False,True
2025-09-17,FIG,TRAIN,0.2760767415376038,0.2728925033274911,-1.052419490410959,,False,False
2025-09-17,FORD,TRAIN,0.18888855368249868,0.3421617120291735,-1.0900168891199402,,False,True
2025-09-17,GLXU,TRAIN,0.28061296318586154,0.383120790684268,-1.414612670520229,,False,False
2025-09-17,GLXY,TRAIN,0.37122169578618336,0.236809750495037,-1.115611007594938,,False,False
2025-09-17,GSAT,TRAIN,0.44266446524781555,0.3321700298724611,2.0,,True,False
2025-09-17,HSDT,TRAIN,0.22376158000508764,0.3057455063650294,-1.0908848593471812,,False,False
2025-09-17,HUT,TRAIN,0.586223041545315,0.35284276862071334,2.0,,True,False
2025-09-17,KALA,TRAIN,0.1367269805140195,0.2909229877052818,-1.0647469333333337,,False,True
2025-09-17,METC,TRAIN,0.17690032814291787,0.20708873164458705,-1.0554652641221374,,False,True
2025-09-17,MTSR,TRAIN,0.28109185016303556,0.4292004797414922,-1.1372924799999995,,False,False
2025-09-17,NEGG,TRAIN,0.14861900629407057,0.3630061621570641,-1.0490017364341089,,False,True
2025-09-17,PLAY,TRAIN,0.5241830664630616,0.30918438571910495,2.0,,True,False
2025-09-17,PPIH,TRAIN,0.35747536023986803,0.23030699852869974,-1.1110375724137935,,False,False
2025-09-17,QBTS,TRAIN,0.3374250788458314,0.6552722775067196,-1.0482689103448275,,False,False
2025-09-17,QBTX,TRAIN,0.4740435258773419,0.4633691269058924,2.0,,True,False
2025-09-17,QUBX,TRAIN,0.29427075705099554,0.7479878620562874,-1.0537145369284877,,False,False
2025-09-17,RGTI,TRAIN,0.18145070089182613,0.29763584190344533,-1.0547295,,False,True
2025-09-17,RGTX,TRAIN,0.13162683147195114,0.4646715836933324,-1.0357676441379309,,False,True
2025-09-17,SCLX,TRAIN,0.4924233516100565,0.3686845477314967,2.0,,True,False
2025-09-17,SEDG,TRAIN,0.1447703337630893,0.4713284168638442,-1.1333251111111111,,False,True
2025-09-17,SOC,TRAIN,0.4563337986441788,0.3625803624193419,2.0,,True,False
2025-09-18,AEHR,TRAIN,0.18609924073566836,0.29507092249875483,-1.1200694444444446,,False,True
2025-09-18,AMUU,TRAIN,0.16368083155166605,0.2502000966997615,-1.1987935999999897,,False,True
2025-09-18,CDTX,TRAIN,0.22210574764816515,0.31526466311939627,-1.1189897799999984,,False,True
2025-09-18,COIN,TRAIN,0.33022145093679656,0.45966707283711294,-0.4243985294117673,,False,False
2025-09-18,COIW,TRAIN,0.12792399015281095,0.23118460426923346,-0.7136091836734753,,False,True
2025-09-18,CONL,TRAIN,0.5320427928259709,0.5100194352021256,2.0,,True,False
2025-09-18,CRCL,TRAIN,0.3884097349425299,0.4831757679803334,-0.7739839231295464,,False,False
2025-09-18,CRMT,TRAIN,0.21534747622876635,0.31003243878571896,-0.3110562500000008,,False,True
2025-09-18,EYE,TRAIN,0.36161237755704917,0.3965476464309774,-1.0867704975609755,,False,False
2025-09-18,FEIM,TRAIN,0.18114089879083298,0.2286447019975622,-1.1688782891428582,,False,True
2025-09-18,FIG,TRAIN,0.3464489822836403,0.23038020190297614,-1.122847272380367,,False,False
2025-09-18,GRRR,TRAIN,0.40701260601233613,0.39294010975960847,-1.0986394201175247,,True,False
2025-09-18,HIMS,TRAIN,0.7310109643379143,0.32174479502707143,2.0,,True,False
2025-09-18,HIMZ,TRAIN,0.6784487405654644,0.6059162154304014,2.0,,True,False
2025-09-18,IONL,TRAIN,0.10227429868343912,0.0952231607620447,-1.117114479999999,,False,True
2025-09-18,IONX,TRAIN,0.21175971657555587,0.31976787253095695,-1.0982774780600453,,False,True
2025-09-18,JOBX,TRAIN,0.2502027104027568,0.6445793745490593,-1.0657371822728057,,False,False
2025-09-18,LEU,TRAIN,0.40827011214879316,0.32608827247217476,2.0000000000000084,,True,False
2025-09-18,METC,TRAIN,0.6829879800331334,0.37319479918517817,2.0,,True,False
2025-09-18,MRAL,TRAIN,0.6406986564524291,0.4596293711022492,2.0,,True,False
2025-09-18,MSTX,TRAIN,0.8433627061491754,0.5430698521609862,2.0,,True,False
2025-09-18,MULL,TRAIN,0.4650597300333626,0.42512072272079315,0.6766961702127596,,True,False
2025-09-18,OKLO,TRAIN,0.8374769042703747,0.46176046573466345,2.0,,True,False
2025-09-18,OUST,TRAIN,0.6173276772311551,0.42658944113054986,2.0,,True,False
2025-09-18,PLTG,TRAIN,0.21557268547585606,0.2591820223342859,-1.1667866936708748,,False,True
2025-09-18,PLTU,TRAIN,0.3778325208450764,0.27997731030527107,-1.0666441968188969,,False,False
2025-09-18,PTIR,TRAIN,0.3352120236881385,0.4861773199173488,-1.1121245272727278,,False,False
2025-09-18,QBTS,TRAIN,0.5307812493283186,0.6376750870848542,2.0,,True,False
2025-09-18,QBTX,TRAIN,0.2501806352577228,0.44579525951267795,-1.2427274376811572,,False,False
2025-09-18,RDTL,TRAIN,0.1700655893967998,0.36141419207984177,-1.1183029479050866,,False,True
2025-09-18,RGTI,TRAIN,0.698144277094845,0.6177962821306133,2.0,,True,False
2025-09-18,RGTX,TRAIN,0.22081216017372957,0.23148572259925912,-1.1252556664000022,,False,True
2025-09-18,RICK,TRAIN,0.21527735117712166,0.24550181063275897,-1.2425642520547977,,False,True
2025-09-18,ROBN,TRAIN,0.1757896148898901,0.22286473082217131,-1.1238578755555566,,False,True
2025-09-18,SEI,TRAIN,0.1328996810317047,0.3450567472160636,-1.090881362962962,,False,True
2025-09-18,SLNO,TRAIN,0.3083955820403015,0.476749913780516,-1.1296238817391298,,False,False
2025-09-18,SMR,TRAIN,0.498193729449343,0.23751318697859547,2.0,,True,False
2025-09-18,SNDK,TRAIN,0.3457146144229418,0.32910817031004996,-1.123214,,False,False
2025-09-18,SOUX,TRAIN,0.23688546616421263,0.18727823479389977,-1.2028256014920689,,False,False
2025-09-18,TATT,TRAIN,0.5086313867751019,0.4779343835030884,2.0,,True,False
2025-09-18,TSMX,TRAIN,0.3126934907226759,0.5666114359071779,-1.1562614961039,,False,False
2025-09-18,U,TRAIN,0.19052678392205952,0.1773365165062831,-1.1321397446808514,,False,True
2025-09-18,VKTX,TRAIN,0.4336754618300062,0.3937681303403788,2.0,,True,False
2025-09-18,WYFI,TRAIN,0.38208299497509984,0.5115270196390957,-1.07026656,,False,False
2025-09-19,ASTS,TRAIN,0.37726248906312826,0.28293367350389603,-1.1282442396953023,,False,False
2025-09-19,BAIG,TRAIN,0.6419341986359736,0.5364202843476731,2.0,,True,False
2025-09-19,BMNR,TRAIN,0.4483467033551616,0.480329736673365,-1.052004652648299,,True,False
2025-09-19,CMCL,TRAIN,0.18915082926737062,0.3415184360648264,-1.1218830460567817,,False,True
2025-09-19,GDXU,TRAIN,0.4582031168817823,0.3062336129619408,2.0,,True,False
2025-09-19,IONQ,TRAIN,0.6787967095674141,0.2923944588801436,0.4343458108108039,,True,False
2025-09-19,IREN,TRAIN,0.6546920578619082,0.4217018031056813,2.0,,True,False
2025-09-19,MGNI,TRAIN,0.344784387091986,0.38048321634156124,2.0,,False,False
2025-09-19,OKLO,TRAIN,0.2576010146537475,0.21160702215544047,-1.1342661600000004,,False,False
2025-09-19,PLTG,TRAIN,0.5792606986672817,0.29351722309666456,1.286059210526313,,True,False
2025-09-19,PLTU,TRAIN,0.47844069902322595,0.23644637038148184,1.0103132523046108,,True,False
2025-09-19,PTIR,TRAIN,0.5333807029120333,0.24410545478112314,1.3056679245282934,,True,False
2025-09-19,QBTS,TRAIN,0.7214616063355854,0.7864208474594755,2.0,,True,False
2025-09-19,QBTX,TRAIN,0.22179274225896362,0.282502848789773,-1.0489917668085107,,False,True
2025-09-19,RGTI,TRAIN,0.8177736798117455,0.7844220614709707,2.0,,True,False
2025-09-19,RGTX,TRAIN,0.1577308777009687,0.3189984884012889,-1.0437424477330008,,False,True
2025-09-19,SCLX,TRAIN,0.26357718060676916,0.24561920518088842,-1.158917698245615,,False,False
2025-09-19,SEDG,TRAIN,0.22315215095217697,0.255440033738753,-1.1387426444444446,,False,True
2025-09-19,SMST,TRAIN,0.42429121079333526,0.3340792115025258,-1.1100457647058823,,True,False
2025-09-19,SOFX,TRAIN,0.0798304333581829,0.30965003032906707,-1.0753128551724134,,False,True
2025-09-19,SOUX,TRAIN,0.4009651177304615,0.5438516738931128,-1.0711611751309489,,False,False
2025-09-19,SYM,TRAIN,0.8159194974626341,0.359603837015691,2.0,,True,False
2025-09-19,TEMT,TRAIN,0.23312951891613645,0.29898593783069943,-1.3780479096045235,,False,False
2025-09-19,UBRL,TRAIN,0.13697481704864645,0.31493352429663257,-1.1312544648648657,,False,True
2025-09-19,UPSX,TRAIN,0.29417630763100716,0.4823135080429971,-1.090496595744681,,False,False
2025-09-22,AEHR,TRAIN,0.2534310566617334,0.28920964255318277,-1.1014561116279071,,False,False
2025-09-22,ALMU,TRAIN,0.44916796181247454,0.19338491590270437,2.0,,True,False
2025-09-22,AMUU,TRAIN,0.2585684550370369,0.25289423307790637,-1.1142127999999996,,False,False
2025-09-22,APLD,TRAIN,0.45384408734976417,0.36269187964384786,2.0,,True,False
2025-09-22,CHYM,TRAIN,0.43696631406532827,0.2261325322905938,2.0,,True,False
2025-09-22,CRWV,TRAIN,0.6225315882182524,0.45726006357340926,0.5410904040404012,,True,False
2025-09-22,CWVX,TRAIN,0.40079215962909814,0.24082370700792854,-1.0350650181818182,,False,False
2025-09-22,DUOL,TRAIN,0.43522155208959895,0.43551723502872824,0.4657331314354925,,True,False
2025-09-22,FWRD,TRAIN,0.589233650245174,0.31435788612298,0.8466735294117659,,True,False
2025-09-22,GEVX,TRAIN,0.6480127180139201,0.5840756508057545,0.4367886792452746,,True,False
2025-09-22,HUT,TRAIN,0.45846121654966737,0.398877564419306,0.6947098765432149,,True,False
2025-09-22,IONL,TRAIN,0.5597182566400831,0.4904608055404896,2.0,,True,False
2025-09-22,IONQ,TRAIN,0.23836521582665757,0.279894928856411,-1.1151594418604651,,False,False
2025-09-22,IONX,TRAIN,0.6067624561870179,0.6170599304656592,2.0,,True,False
2025-09-22,MEOH,TRAIN,0.2876545245700473,0.3652021406702165,-1.137584058333328,,False,False
2025-09-22,MRNA,TRAIN,0.5023825285494454,0.38502908106529726,0.3232025974025898,,True,False
2025-09-22,NBIS,TRAIN,0.335306046597548,0.399902687652667,-1.1262140444444442,,False,False
2025-09-22,NEBX,TRAIN,0.6346459936014421,0.6446324261711385,2.0,,True,False
2025-09-22,NNE,TRAIN,0.300631484842438,0.4217062215458145,-1.1327871999999983,,False,False
2025-09-22,OKLL,TRAIN,0.59807530928588,0.26277127606035716,2.0,,True,False
2025-09-22,ORCL,TRAIN,0.22881519338223502,0.2939006600695081,-1.1286017244956783,,False,False
2025-09-22,QBTS,TRAIN,0.2724738911548895,0.4284673286703314,-1.1159847213114755,,False,False
2025-09-22,RGTI,TRAIN,0.7116781351230747,0.774006777349918,2.0,,True,False
2025-09-22,RGTX,TRAIN,0.7194802100984321,0.25202739306920763,2.0,,True,False
2025-09-22,RIOX,TRAIN,0.12214193034168169,0.1743936499054477,-1.1208374842010231,,False,True
2025-09-22,RKLB,TRAIN,0.346124625230642,0.3599620143999931,-1.1185582817391295,,False,False
2025-09-22,RKLX,TRAIN,0.8175139968610421,0.6142377718123987,2.0,,True,False
2025-09-22,SEDG,TRAIN,0.3003516427950766,0.2467925207642874,-1.0862038372881362,,False,False
2025-09-22,SEI,TRAIN,0.361666255649202,0.5270912860640046,-0.3321838983050804,,False,False
2025-09-22,SMCI,TRAIN,0.28690719939342907,0.4655364978220756,-1.0849141090909096,,False,False
2025-09-22,SMCX,TRAIN,0.5363739188535593,0.5534630568771758,-1.1851962318013125,,True,False
2025-09-22,SMU,TRAIN,0.7378043547277302,0.22261770437676312,2.0,,True,False
2025-09-22,SOFX,TRAIN,0.18605026667424582,0.23678515600281064,-1.132867000000001,,False,True
2025-09-22,SOUX,TRAIN,0.7085379687264801,0.5369099868049817,2.0,,True,False
2025-09-22,SRRK,TRAIN,0.619136451926132,0.461139357544347,2.0,,True,False
2025-09-22,TSLL,TRAIN,0.14141845620742358,0.25290453516952877,-1.106967466666667,,False,True
2025-09-22,TSLR,TRAIN,0.12491599550025842,0.24600828375224884,-1.1174319291139232,,False,True
2025-09-22,TSLT,TRAIN,0.15734139775644135,0.2353215184019376,-1.1151310588235297,,False,True
2025-09-22,USD,TRAIN,0.5679628996379978,0.5315461547725842,0.0780297379996128,,True,False
2025-09-22,VKTX,TRAIN,0.10795778912264656,0.2514047003477533,-1.1357043826473858,,False,True
2025-09-22,VRT,TRAIN,0.2338920801755201,0.5045147186603901,-1.1349069090909072,,False,False
2025-09-22,ZEPP,TRAIN,0.7392617158221175,0.5046615780574055,0.7737411749034291,,True,False
2025-09-23,APPX,TRAIN,0.4099350744033435,0.2632357671232907,2.0,,True,False
2025-09-23,ASTS,TRAIN,0.7147594355452314,0.5791900115632019,2.0,,True,False
2025-09-23,BKSY,TRAIN,0.2643273340224189,0.39346447215529995,-1.122219552,,False,False
2025-09-23,BLSH,TRAIN,0.10380357694817272,0.20088585446508264,-1.0407753072886297,,False,True
2025-09-23,CIVI,TRAIN,0.15321132665316492,0.4093452408051,-1.0716329939393936,,False,True
2025-09-23,FORD,TRAIN,0.5691092214767607,0.45875570086139966,2.0,,True,False
2025-09-23,GRAL,TRAIN,0.25427331246219687,0.26355263128969153,2.0,,False,False
2025-09-23,GUSH,TRAIN,0.23027814669370444,0.36069452536579477,-1.0766773913043477,,False,False
2025-09-23,HP,TRAIN,0.21224441987682255,0.4072101535053297,-1.0761434731707318,,False,True
2025-09-23,HROW,TRAIN,0.16749130864072564,0.22978946083219193,-1.125878735135134,,False,True
2025-09-23,HTFL,TRAIN,0.7338314314863945,0.7023055230677574,2.0,,True,False
2025-09-23,IDR,TRAIN,0.3333768578053644,0.341583566477174,-1.0967925636363631,,False,False
2025-09-23,INOD,TRAIN,0.31006552652804226,0.39915891017198757,-1.0934651534567572,,False,False
2025-09-23,INTW,TRAIN,0.15244294725035332,0.41644348927530866,-1.1469681522460715,,False,True
2025-09-23,JOBX,TRAIN,0.35081639073730797,0.45560076802782584,-1.1009136113427862,,False,False
2025-09-23,LB,TRAIN,0.13829027775885894,0.22607142344292216,-1.069504915299335,,False,True
2025-09-23,MUR,TRAIN,0.21727954042363787,0.3807292844315615,-1.1432599999999995,,False,True
2025-09-23,NBR,TRAIN,0.14677312595586978,0.3265308267657015,-1.0740898666666665,,False,True
2025-09-23,NOG,TRAIN,0.20004027042587122,0.3578467653428861,-1.11137856716418,,False,True
2025-09-23,OKLL,TRAIN,0.5448072859997225,0.4167253935882839,-1.0355754075299333,,True,False
2025-09-23,PARR,TRAIN,0.3669267280401272,0.3095707481751236,2.0,,False,False
2025-09-23,PBF,TRAIN,0.23128121441856303,0.29998628947519435,-1.1183363999999991,,False,False
2025-09-23,PSKY,TRAIN,0.5502655184891427,0.23794236516091258,2.0,,True,False
2025-09-23,QBTX,TRAIN,0.2856445947589478,0.35120695828121046,-1.0836334208201888,,False,False
2025-09-23,RGTI,TRAIN,0.3398254801942689,0.6755790582265251,-1.0698085807319877,,False,False
2025-09-23,RKLB,TRAIN,0.7908021653456222,0.555799055050022,2.0,,True,False
2025-09-23,SDRL,TRAIN,0.20414615597794597,0.4076112598492817,-1.078413131034483,,False,True
2025-09-23,SEI,TRAIN,0.17743279177690174,0.35059582195769085,-1.0965292196721312,,False,True
2025-09-23,SM,TRAIN,0.24436348916536502,0.4271313003587377,-1.0603476774193548,,False,False
2025-09-23,SOUX,TRAIN,0.15884015832029402,0.213454385084897,-1.0852274747474746,,False,True
2025-09-23,TEMT,TRAIN,0.1681300623467274,0.17771739486040422,-1.037661688235294,,False,True
2025-09-23,WYFI,TRAIN,0.22607481702479243,0.2985560263522604,-1.2475922328197602,,False,False
2025-09-24,ACHC,TRAIN,0.21556374463408606,0.28134286743756926,-1.0889734054054052,,False,True
2025-09-24,ANAB,TRAIN,0.31881702484745955,0.29415425866421224,-0.8089766467065843,,False,False
2025-09-24,ARQQ,TRAIN,0.15588053178388434,0.4498151710417824,-1.051814916814159,,False,True
2025-09-24,BREA,TRAIN,0.3310820115982941,0.20439842420073803,-1.0361250638297874,,False,False
2025-09-24,CTEV,TRAIN,0.27954134058994706,0.23947602211947216,-1.185613463414632,,False,False
2025-09-24,CTGO,TRAIN,0.3506468328756483,0.24818394135575172,-1.1485436521739127,,False,False
2025-09-24,DQ,TRAIN,0.3358534646947146,0.5505914716840857,2.0,,False,False
2025-09-24,GDS,TRAIN,0.7484491896386244,0.29827924908751274,2.0,,True,False
2025-09-24,IPI,TRAIN,0.23484931850274338,0.38328246225800655,-0.3499044943820245,,False,False
2025-09-24,IREN,TRAIN,0.33152268398379864,0.4715093073068527,-1.098014024749559,,False,False
2025-09-24,JKS,TRAIN,0.24805257744163775,0.30847716543687453,-1.1477763831596484,,False,False
2025-09-24,MAZE,TRAIN,0.13001420759380786,0.3095277947818194,-1.0764239107556302,,False,True
2025-09-24,METC,TRAIN,0.5275500779425638,0.26315982639621943,2.0,,True,False
2025-09-24,MRVL,TRAIN,0.29163592112932546,0.43781360587630147,-0.3724702797202801,,False,False
2025-09-24,MVLL,TRAIN,0.19733060816931922,0.45680395807707425,-0.3508507462686571,,False,True
2025-09-24,NEBX,TRAIN,0.22925678271623592,0.2180842800848197,-1.091644057142858,,False,False
2025-09-24,NEGG,TRAIN,0.14181103630784242,0.19974160995629928,-1.0497734173228348,,False,True
2025-09-24,PONY,TRAIN,0.36417398813027796,0.5202501326728214,-1.0547213333333334,,False,False
2025-09-24,RAPT,TRAIN,0.6180463803497529,0.3075077278296971,2.0,,True,False
2025-09-24,RGTX,TRAIN,0.48982996906733106,0.08428997853474124,2.0,,True,False
2025-09-24,STEM,TRAIN,0.15383237560283533,0.26506912905769897,-1.181936371428569,,False,True
2025-09-24,XXRP,TRAIN,0.5229074882359497,0.3694369654923062,2.0,,True,False
2025-09-25,ALB,TRAIN,0.30041390227068754,0.2536663431561547,-1.1284682285714296,,False,False
2025-09-25,AMRC,TRAIN,0.48538654790389824,0.19281388768895769,0.4368737864077615,,True,False
2025-09-25,BAIG,TRAIN,0.09659562599345316,0.2103360333202357,-1.0846300000000002,,False,True
2025-09-25,BE,TRAIN,0.4864801310868224,0.2534526799537641,2.0,,True,False
2025-09-25,BKKT,TRAIN,0.16031412324631267,0.13290232833331836,-1.1564574511627972,,False,True
2025-09-25,BREA,TRAIN,0.151332150605565,0.19281645010382398,-1.0516762141967622,,False,True
2025-09-25,CCJ,TRAIN,0.47129638939649804,0.3588591970870898,2.0,,True,False
2025-09-25,CRWU,TRAIN,0.10342748977134658,0.20218140923625078,-1.086154372252076,,False,True
2025-09-25,CRWV,TRAIN,0.32529839662461296,0.16434358698507057,-1.038005291327316,,False,False
2025-09-25,CWVX,TRAIN,0.08174814069071275,0.1637786428587298,-1.082525397369926,,False,True
2025-09-25,DQ,TRAIN,0.35583149684042903,0.2923563327955946,2.0,,False,False
2025-09-25,DUOL,TRAIN,0.4857267741629132,0.39676951033812885,0.3271036553524817,,True,False
2025-09-25,FUTU,TRAIN,0.33105238764416495,0.46929925930578476,-1.0994679214396377,,False,False
2025-09-25,GDS,TRAIN,0.24572384111090476,0.30248561169184657,-1.1326473258426966,,False,False
2025-09-25,GEMI,TRAIN,0.12767525345659234,0.2605293421244763,-1.1444104006753912,,False,True
2025-09-25,IDR,TRAIN,0.5381622761000489,0.22316593534170467,2.0,,True,False
2025-09-25,IREN,TRAIN,0.42098066625853586,0.35908257737160776,2.0,,True,False
2025-09-25,JOBX,TRAIN,0.11974870660223542,0.23974832558714804,-1.1311943440233274,,False,True
2025-09-25,LEU,TRAIN,0.39215906582754684,0.25408949804123965,2.0,,False,False
2025-09-25,LQDA,TRAIN,0.6319468940628354,0.2681254571055831,2.0,,True,False
2025-09-25,METC,TRAIN,0.24318079225262598,0.192487764168405,-1.071050765492102,,False,False
2025-09-25,MP,TRAIN,0.6789184070845945,0.4297730744281625,2.0,,True,False
2025-09-25,MRVL,TRAIN,0.6872482636323217,0.45741112247693294,2.0,,True,False
2025-09-25,NBIS,TRAIN,0.3839422238154123,0.3340392693093608,-1.1277645967213117,,False,False
2025-09-25,OKLO,TRAIN,0.09809919190483651,0.02074890062199919,-1.0854035536943245,,False,True
2025-09-25,PLTG,TRAIN,0.2818172979558625,0.20724022989603857,2.0,,False,False
2025-09-25,PONY,TRAIN,0.15008225037728248,0.34200770105419026,-1.0944003872216836,,False,True
2025-09-25,PSIX,TRAIN,0.21876981054730577,0.1807864038380941,-1.1592261775221475,,False,True
2025-09-25,QBTX,TRAIN,0.08892680505267685,0.08230135254261703,-1.0621881463182896,,False,True
2025-09-25,QPUX,TRAIN,0.16926543298944435,0.17017329739283574,-1.1428028979020983,,False,True
2025-09-25,RAPT,TRAIN,0.2717866468167516,0.304581389183559,-1.1101111476043903,,False,False
2025-09-25,RDTL,TRAIN,0.1323634541684082,0.1949370929117438,-1.1819746516605103,,False,True
2025-09-25,RGTI,TRAIN,0.21845988789721926,0.5904175075142627,-1.1031142666666662,,False,True
2025-09-25,RGTIW,TRAIN,0.13743139998188086,0.25593298675392445,-1.0911456963281512,,False,True
2025-09-25,RGTX,TRAIN,0.2154334624213862,0.15256749340847683,-1.0389872787346222,,False,True
2025-09-25,SBIT,TRAIN,0.3223908993409702,0.5800126686737265,-1.1432727483870957,,False,False
2025-09-25,SEI,TRAIN,0.5164093980491041,0.3451953658861963,2.0,,True,False
2025-09-25,SITM,TRAIN,0.24097272742882977,0.4246656563047866,-1.2492464405800396,,False,False
2025-09-25,SMCX,TRAIN,0.21041377828970945,0.2976565028355275,-1.1222825227429698,,False,True
2025-09-25,SMST,TRAIN,0.49006420651739424,0.3608568288741597,2.0,,True,False
2025-09-25,SMU,TRAIN,0.09290163259568013,0.12305800985753405,-1.1265551033386327,,False,True
2025-09-25,SOFX,TRAIN,0.22327992395119553,0.2661319165551732,-1.183764913385827,,False,True
2025-09-25,WS,TRAIN,0.18760321515953426,0.197084989814053,-1.1555624340425472,,False,True
2025-09-26,ALB,TRAIN,0.3704556881640345,0.3497734816721509,-0.2291530701754355,,False,False
2025-09-26,CDTX,TRAIN,0.21741406846661285,0.32254416414886455,-1.120856248275862,,False,True
2025-09-26,CLPT,TRAIN,0.31236689251881644,0.517301417522137,-1.3321965582222282,,False,False
2025-09-26,CMCL,TRAIN,0.24945986681020857,0.3478658808189982,2.0,,False,False
2025-09-26,CRS,TRAIN,0.4677623002521137,0.3493150860545133,0.9472691340782108,,True,False
2025-09-26,ELVR,TRAIN,0.08458603749502837,0.2334004165856845,-1.1033208484848478,,False,True
2025-09-26,ETHU,TRAIN,0.5407685208480335,0.36792081167737184,2.0,,True,False
2025-09-26,HI,TRAIN,0.6978229198762326,0.538082929456382,2.0,,True,False
2025-09-26,HIMS,TRAIN,0.5890706676681966,0.3319987166863115,2.0,,True,False
2025-09-26,HIMZ,TRAIN,0.4980894186735995,0.2540241367660761,2.0,,True,False
2025-09-26,IDR,TRAIN,0.13962168496135435,0.26307350897588233,-1.0527921333333334,,False,True
2025-09-26,INDV,TRAIN,0.19895438709154462,0.26118512702383806,-1.1227461925925928,,False,True
2025-09-26,INTW,TRAIN,0.39419834824271505,0.5017902522733624,-0.6407359712230187,,False,False
2025-09-26,LCID,TRAIN,0.18369323600654502,0.2624651001967548,-1.1420281531914898,,False,True
2025-09-26,QURE,TRAIN,0.39373897667597096,0.4412632188974632,2.0,,False,False
2025-09-26,RGTI,TRAIN,0.1263552407371967,0.35660582858772716,-1.0372435173553718,,False,True
2025-09-26,RGTIW,TRAIN,0.21063540595256852,0.25216211545114403,-1.04291872,,False,True
2025-09-26,SRRK,TRAIN,0.5872527695856399,0.47937232523688905,2.0,,True,False
2025-09-26,STOK,TRAIN,0.13911148100274337,0.26711867297658615,-1.1380317132138398,,False,True
2025-09-29,ASTX,TRAIN,0.2956544834210765,0.32777665087031865,-1.045965617204301,,False,False
2025-09-29,BETR,TRAIN,0.40368199267484656,0.2789524333554272,2.0,,False,False
2025-09-29,BOIL,TRAIN,0.1452439734105154,0.4023478723874014,-1.1418274000000013,,False,True
2025-09-29,CDTX,TRAIN,0.20748289932378072,0.42596099516007263,-1.0974722154981549,,False,True
2025-09-29,CONL,TRAIN,0.40438099745088446,0.27264307115685704,2.0,,True,False
2025-09-29,CRCL,TRAIN,0.14191663470268054,0.1904026210504083,-1.0713496216216216,,False,True
2025-09-29,CRWU,TRAIN,0.12100170966063692,0.2706338638295221,-1.034991562420866,,False,True
2025-09-29,ETSY,TRAIN,0.7427276146535278,0.579219092205155,2.0,,True,False
2025-09-29,FEIM,TRAIN,0.2517540353376744,0.3297431097594519,-1.1249106444444446,,False,False
2025-09-29,GLXU,TRAIN,0.19719120976280685,0.3574738837078973,-2.0274166556734614,,False,True
2025-09-29,GLXY,TRAIN,0.2501112536753908,0.37858681179640485,-1.1229955999999992,,False,False
2025-09-29,HIMZ,TRAIN,0.10679504705497168,0.16835801571910486,-1.0508732823529412,,False,True
2025-09-29,HOOD,TRAIN,0.5483127056466567,0.43250076460630027,2.0,,True,False
2025-09-29,LENZ,TRAIN,0.37893636042346857,0.34812351192479113,2.0,,False,False
2025-09-29,MSTX,TRAIN,0.17750317115665498,0.26706152350623424,-1.1008782068965508,,False,True
2025-09-29,MULL,TRAIN,0.17382201125857313,0.2881014472634594,-1.103033685106383,,False,True
2025-09-29,MUU,TRAIN,0.4429911155298242,0.3861366170416424,-1.073355575841102,,True,False
2025-09-29,OKLL,TRAIN,0.04168016245733756,0.04930786834950643,-1.044816720978363,,False,True
2025-09-29,OPRA,TRAIN,0.1429280432022497,0.32342848001204655,-1.1413257913043433,,False,True
2025-09-29,OPRX,TRAIN,0.09322251531364135,0.14908552271950956,-1.1384016108925872,,False,True
2025-09-29,QBTS,TRAIN,0.2049415813784914,0.31818816566226354,-1.0471312592592594,,False,True
2025-09-29,QBTX,TRAIN,0.09448443910061127,0.2570529986130988,-1.0389828898426323,,False,True
2025-09-29,QURE,TRAIN,0.2017784391091676,0.4426766074897107,-1.1236623689922474,,False,True
2025-09-29,RIOX,TRAIN,0.15448280870373338,0.4330742409614206,-1.0841670302810522,,False,True
2025-09-29,ROBN,TRAIN,0.6244380108964378,0.5730574037451459,2.0,,True,False
2025-09-29,SION,TRAIN,0.11820348877656299,0.2689442262590858,-1.1154203555555555,,False,True
2025-09-29,SLON,TRAIN,0.1794554489477277,0.31211690794833685,-1.1183009230769272,,False,True
2025-09-29,SMMT,TRAIN,0.14349817834646253,0.25384876317458444,-1.1076425999999997,,False,True
2025-09-29,SNDK,TRAIN,0.3507552089959063,0.27089194839884795,1.598862761757207,,False,False
2025-09-29,SOLT,TRAIN,0.4287749514279947,0.3501639833194841,-1.0901769555555556,,True,False
2025-09-29,SUPX,TRAIN,0.36358456734890393,0.3143110555247444,2.0,,False,False
2025-09-29,ZBIO,TRAIN,0.28591925259259654,0.5301425865457536,-1.1516119246784755,,False,False
2025-09-30,ARQQ,TRAIN,0.18663562343274576,0.374850047308478,-1.3331700270438889,,False,True
2025-09-30,BE,TRAIN,0.7631659662567193,0.768090656616447,2.0,,True,False
2025-09-30,BKKT,TRAIN,0.29405417861888583,0.30770954394240013,-1.0448125363636365,,False,False
2025-09-30,BLSH,TRAIN,0.29004840222963485,0.2733428956596955,-1.1157037818181803,,False,False
2025-09-30,BREA,TRAIN,0.3020339486052491,0.6980608051155158,-1.056962491101695,,False,False
2025-09-30,CEP,TRAIN,0.1815651235874477,0.3935368057225368,-1.1866837500000034,,False,True
2025-09-30,CWVX,TRAIN,0.0880544635706066,0.22800031682434135,-1.0495682049586776,,False,True
2025-09-30,GDXU,TRAIN,0.16939628558063108,0.28482906036865624,-1.1063341524528298,,False,True
2025-09-30,MFH,TRAIN,0.41935394596763165,0.24389697564667434,2.0,,True,False
2025-09-30,MUU,TRAIN,0.23859823016302126,0.41678442815437566,-1.1201161980363494,,False,False
2025-09-30,NEBX,TRAIN,0.3076130234059142,0.40458004443637874,-1.0565041341317365,,False,False
2025-09-30,NVDL,TRAIN,0.27015207006575676,0.29359849818448924,-1.1221577275307113,,False,False
2025-09-30,RGTX,TRAIN,0.1457673492244194,0.28022354042758835,-1.4001081432489817,,False,True
2025-09-30,SMCX,TRAIN,0.14617872833715753,0.2428897751780353,-1.0527664716478602,,False,True
2025-09-30,SUPX,TRAIN,0.35654283411912213,0.42038114060568077,-1.0880079999999996,,False,False
2025-09-30,UNFI,TRAIN,0.42137365193926185,0.2470713854387171,2.0,,True,False
2025-09-30,WOLF,TRAIN,0.15386162384801108,0.006452981134321591,-1.0334541395348835,,False,True
2025-09-30,WW,TRAIN,0.2543395047506486,0.32979085851316103,-1.0695623854545453,,False,False
2025-09-30,WYFI,TRAIN,0.1446778654994122,0.24573081625306972,-1.0880846909090909,,False,True
2025-10-01,AAOI,TRAIN,0.27601798989708654,0.34422324404564264,-1.1298725999999994,,False,False
2025-10-01,AEHR,TRAIN,0.4175866336893626,0.452679220177477,-1.0649684848484848,,True,False
2025-10-01,ANAB,TRAIN,0.23381336869251707,0.2750666365911648,-1.0740811809523814,,False,False
2025-10-01,ARCT,TRAIN,0.268470836932484,0.27465890458711195,2.0,,False,False
2025-10-01,ARQT,TRAIN,0.17174489749840594,0.2364951905848916,-1.1389027695431475,,False,True
2025-10-01,ASMG,TRAIN,0.23947721065834232,0.2727476307891102,-1.1895561858399029,,False,False
2025-10-01,ASTS,TRAIN,0.1824164829463853,0.285662788170493,-1.1001652363636358,,False,True
2025-10-01,ASTX,TRAIN,0.6401190465168948,0.4079537978138007,2.0,,True,False
2025-10-01,BAIG,TRAIN,0.3308020630962619,0.48787712704617137,-1.0831181276595745,,False,False
2025-10-01,BOIL,TRAIN,0.47544035642370425,0.4253465182585807,1.9999999999999896,,True,False
2025-10-01,CIVI,TRAIN,0.7648221516453091,0.494384536993867,2.0,,True,False
2025-10-01,CPRX,TRAIN,0.23090256991393515,0.29369618741614517,-1.111256256603775,,False,False
2025-10-01,CRL,TRAIN,0.6635131840022616,0.3340732843109982,2.0,,True,False
2025-10-01,DXYZ,TRAIN,0.5432936362410911,0.4433737900085193,2.0,,True,False
2025-10-01,GEO,TRAIN,0.18651776095912045,0.33901583231469196,-1.0670698311111113,,False,True
2025-10-01,GRAL,TRAIN,0.23521495885544338,0.241098059153542,-1.126036358208955,,False,False
2025-10-01,HIMZ,TRAIN,0.36090462584763106,0.32649541792240905,-1.0998319111111108,,False,False
2025-10-01,HTFL,TRAIN,0.26196338971325983,0.4231112216706253,-1.1348525260273965,,False,False
2025-10-01,HUT,TRAIN,0.23433959324012127,0.26259637623700555,-1.0992378196078436,,False,False
2025-10-01,INOD,TRAIN,0.42846776630501593,0.29238818619714757,-1.0803063708029204,,True,False
2025-10-01,INTC,TRAIN,0.6937514147971015,0.5314213816301823,0.3715904545454502,,True,False
2025-10-01,IONL,TRAIN,0.19175021062018563,0.16223725266273645,-1.0805359333333333,,False,True
2025-10-01,IONX,TRAIN,0.27415814390867804,0.48873290707227535,-1.133087895652174,,False,False
2025-10-01,IQV,TRAIN,0.45602170461599645,0.3150831785956646,1.308325092250919,,True,False
2025-10-01,JKS,TRAIN,0.48251340508934826,0.43491682574235,0.1531297872340483,,True,False
2025-10-01,JOBX,TRAIN,0.38461592691546365,0.5344222932687712,-1.0781061806451606,,False,False
2025-10-01,LABU,TRAIN,0.28419012612964406,0.22589322370771173,-1.1153541103448266,,False,False
2025-10-01,LEU,TRAIN,0.26707934209528944,0.35866064964222155,-1.130413609514045,,False,False
2025-10-01,LLY,TRAIN,0.44415765494270876,0.5591272126694391,2.0,,True,False
2025-10-01,MENS,TRAIN,0.15095419939623486,0.15430626054107377,-1.053817900917431,,False,True
2025-10-01,MLYS,TRAIN,0.2467890541763301,0.24499390833008816,-1.1879742000000086,,False,False
2025-10-01,MRNA,TRAIN,0.445006309185478,0.2190000485340545,2.0,,True,False
2025-10-01,MSTX,TRAIN,0.11464364937443514,0.10200298667929904,-1.0425529057207628,,False,True
2025-10-01,MU,TRAIN,0.6327134637375952,0.3487944131763128,2.0,,True,False
2025-10-01,MUU,TRAIN,0.5940284496256917,0.49733842893544683,2.0,,True,False
2025-10-01,ORCX,TRAIN,0.5183520448057328,0.43378805020907896,0.5932982041079637,,True,False
2025-10-01,PLTU,TRAIN,0.2534903022921651,0.27749932806448047,-1.1296626499999995,,False,False
2025-10-01,PTIR,TRAIN,0.2934928785987927,0.2751331068430973,-1.1347722996211018,,False,False
2025-10-01,QBTX,TRAIN,0.2588159582306646,0.5793125906306451,-1.1624409467248793,,False,False
2025-10-01,QPUX,TRAIN,0.5132905549407427,0.5740634072802762,2.0,,True,False
2025-10-01,QUBX,TRAIN,0.47889876015569044,0.41474444186277754,2.0,,True,False
2025-10-01,RAPT,TRAIN,0.23410781522158344,0.5114728264213151,-1.2794869999999978,,False,False
2025-10-01,RGEN,TRAIN,0.280217940063348,0.2279015280040804,2.0,,False,False
2025-10-01,RGTI,TRAIN,0.4773773245673459,0.41098840938844433,-1.1149192876712322,,True,False
2025-10-01,RGTX,TRAIN,0.27707700242239985,0.30791946034570183,-1.0369061725047082,,False,False
2025-10-01,SCLX,TRAIN,0.1947094741102342,0.21327741279848036,-1.036848632687123,,False,True
2025-10-01,SMCX,TRAIN,0.6069425434674359,0.535712584547132,2.0,,True,False
2025-10-01,SMU,TRAIN,0.09170112934745797,0.31970718104452506,-1.1429560380190098,,False,True
2025-10-01,SNDK,TRAIN,0.37549219070344086,0.3498021135077747,0.8906029197080303,,False,False
2025-10-01,SRPT,TRAIN,0.1489496479431832,0.19175058670057685,-1.0733469837837843,,False,True
2025-10-01,STX,TRAIN,0.24618382982284523,0.42032047023155067,-1.1256192416356878,,False,False
2025-10-01,SYM,TRAIN,0.4450193368295419,0.333552776434627,2.0,,True,False
2025-10-01,TEM,TRAIN,0.26806255374866905,0.2618702000084326,-1.139472666666666,,False,False
2025-10-01,TEMT,TRAIN,0.7335330062959425,0.5789175030997545,2.0,,True,False
2025-10-01,TNXP,TRAIN,0.20820225110125448,0.2672062534544538,-1.103282498988697,,False,True
2025-10-01,TSLL,TRAIN,0.32938509992801246,0.27286013667533515,-1.129079046808511,,False,False
2025-10-01,TSLR,TRAIN,0.37737439095321795,0.18443127425677874,2.0,,False,False
2025-10-01,TSLT,TRAIN,0.42576628538772837,0.21112636191406983,2.0,,True,False
2025-10-01,TWST,TRAIN,0.3258987398694274,0.25375364341583834,-1.1306008516129038,,False,False
2025-10-01,WGS,TRAIN,0.3810484116180918,0.4057685586612684,-1.1188280091954017,,False,False
2025-10-01,WYFI,TRAIN,0.5712503836116638,0.7051729270232467,-1.1064620192513372,,True,False
2025-10-01,ZEPP,TRAIN,0.19445908572434528,0.532785775823752,-1.0346535744680851,,False,True
2025-10-02,ALB,TRAIN,0.24001809058917717,0.34215636753621737,-1.102461411764706,,False,False
2025-10-02,ARQQ,TRAIN,0.2704549922180844,0.43514062633736217,-1.055950641103086,,False,False
2025-10-02,ASTS,TRAIN,0.771195464115189,0.5024213506722012,2.0000000000000053,,True,False
2025-10-02,ASTX,TRAIN,0.46716439675216687,0.4644029150943675,2.0,,True,False
2025-10-02,BKKT,TRAIN,0.3754222279060458,0.4658827054402163,2.0,,False,False
2025-10-02,BKSY,TRAIN,0.19468362739752104,0.47577508462056206,-1.1183557639156836,,False,True
2025-10-02,BLSH,TRAIN,0.5011014782213601,0.41107635506138185,2.0,,True,False
2025-10-02,CLPT,TRAIN,0.5972163187298581,0.5089949545589426,2.0,,True,False
2025-10-02,CONL,TRAIN,0.43292623190782537,0.49671867981881035,-1.0338543777096942,,True,False
2025-10-02,CSV,TRAIN,0.28971858699170566,0.18169078849872897,-1.1240926108366835,,False,False
2025-10-02,EXOD,TRAIN,0.5869155307977563,0.3563068145259105,2.0,,True,False
2025-10-02,HIMZ,TRAIN,0.3097709923353659,0.26576639731739254,-1.0470708314974435,,False,False
2025-10-02,HUM,TRAIN,0.19807661081788605,0.3291544929544138,-0.3061078184930776,,False,True
2025-10-02,INTW,TRAIN,0.4836775829232289,0.2774556167567988,2.0,,True,False
2025-10-02,IONL,TRAIN,0.7591073139615624,0.36458936162117933,2.0,,True,False
2025-10-02,IONQ,TRAIN,0.30440795668113424,0.2707139540049024,-1.1070628597701162,,False,False
2025-10-02,KLAR,TRAIN,0.42433188056017695,0.5000003045179288,0.2707606035889058,,True,False
2025-10-02,NGNE,TRAIN,0.3767015977542926,0.45279560438015576,2.0,,False,False
2025-10-02,NTLA,TRAIN,0.46008284036289304,0.5053026702677783,-1.0494431127272728,,True,False
2025-10-02,OKLL,TRAIN,0.42285437361362244,0.35943588885393474,2.0,,True,False
2025-10-02,OKLO,TRAIN,0.7279737170667645,0.3798310192450494,2.0,,True,False
2025-10-02,QBTS,TRAIN,0.6578388008952692,0.343876162813117,2.0,,True,False
2025-10-02,QBTX,TRAIN,0.45987258331426895,0.6396926468508299,2.0,,True,False
2025-10-02,QUBT,TRAIN,0.2770444440470288,0.30749767561969077,-1.1135070857142852,,False,False
2025-10-02,QUBX,TRAIN,0.3341722257280884,0.33779606988851185,-0.1875074690721658,,False,False
2025-10-02,RGTI,TRAIN,0.671747639343951,0.5653782262440515,2.0,,True,False
2025-10-02,RGTX,TRAIN,0.5172366097288278,0.6210470097802487,2.0,,True,False
2025-10-02,RKLB,TRAIN,0.3327295043349995,0.36742316609134534,-1.1294828888888877,,False,False
2025-10-02,RKLX,TRAIN,0.748752879408349,0.4426245057865437,2.0,,True,False
2025-10-02,SEI,TRAIN,0.2293809700878348,0.43694891371100725,-1.0876152986301373,,False,False
2025-10-02,SKYT,TRAIN,0.48998868086382236,0.42372018612646395,-1.0711815999999998,,True,False
2025-10-02,SMU,TRAIN,0.2021016375408074,0.4261927904858806,-1.1191148000000009,,False,True
2025-10-02,SOUX,TRAIN,0.27977377587701335,0.596031265362187,-1.0379672681818182,,False,False
2025-10-02,SRPT,TRAIN,0.7440040446549823,0.4347340176625946,2.0,,True,False
2025-10-02,USAR,TRAIN,0.6427478256832059,0.35430244524047316,2.0,,True,False
2025-10-03,BKKT,TRAIN,0.4539234575481899,0.2692797047169378,2.0,,True,False
2025-10-03,BTDR,TRAIN,0.2359285792481062,0.30128162990339963,-1.114229266666667,,False,False
2025-10-03,BTU,TRAIN,0.6265547945814721,0.33076727991433696,2.0,,True,False
2025-10-03,CCUP,TRAIN,0.36276460354438494,0.39280435347589954,-1.05645185,,False,False
2025-10-03,CDTX,TRAIN,0.2708500425015573,0.24579667304535807,-1.1002024780487802,,False,False
2025-10-03,CLPT,TRAIN,0.19103365089741556,0.32071618663741813,-1.0422951822222222,,False,True
2025-10-03,ELIL,TRAIN,0.21965250028851,0.3094227312737438,-1.145454399999999,,False,True
2025-10-03,FIG,TRAIN,0.1687098386733079,0.1821503614251677,-1.1222274304207116,,False,True
2025-10-03,GEMI,TRAIN,0.1707673866721406,0.3370919806827236,-1.0775557023255815,,False,True
2025-10-03,GRAL,TRAIN,0.1159409622149033,0.2948437469247106,-1.0685869600000004,,False,True
2025-10-03,HTFL,TRAIN,0.12696903974232157,0.3286629134177016,-1.1046464539307854,,False,True
2025-10-03,HUM,TRAIN,0.5401445679759618,0.5305678163632106,2.0,,True,False
2025-10-03,IONX,TRAIN,0.2130105109926611,0.3487625220562291,-1.0688667265822789,,False,True
2025-10-03,IREN,TRAIN,0.7325631802249669,0.3824396496615498,0.1957280802292258,,True,False
2025-10-03,LMND,TRAIN,0.1338548739426279,0.2510182400790378,-1.0763743372549015,,False,True
2025-10-03,LTBR,TRAIN,0.14400533536995297,0.24816108715308968,-1.1023567999999997,,False,True
2025-10-03,MULL,TRAIN,0.14464486492939538,0.2128060088419428,-1.1214633250430457,,False,True
2025-10-03,MUU,TRAIN,0.2364352801805564,0.33859205469573234,-1.0986024,,False,False
2025-10-03,OSCR,TRAIN,0.1917858045378668,0.19253821437064028,-1.089579900124844,,False,True
2025-10-03,OUST,TRAIN,0.21504829573600662,0.2644081550909901,-1.0905464000000002,,False,True
2025-10-03,PCVX,TRAIN,0.27791347522888415,0.45362697779883204,-1.1240511999999996,,False,False
2025-10-03,PLSE,TRAIN,0.12576148449695243,0.2282786742000383,-1.0985529999999997,,False,True
2025-10-03,PTCT,TRAIN,0.16642789976062405,0.2607110043019786,-1.1394307515151525,,False,True
2025-10-03,QBTS,TRAIN,0.09216112014373623,0.2128533976008582,-1.0767069333333332,,False,True
2025-10-03,RAPT,TRAIN,0.14459313120408399,0.44163495633163546,-1.0998867999999995,,False,True
2025-10-03,RGTI,TRAIN,0.15011060751137018,0.26133999664803237,-1.0705616426666666,,False,True
2025-10-03,RGTIW,TRAIN,0.23848083978234882,0.32939045601573114,-1.0458732151898735,,False,False
2025-10-03,RIOT,TRAIN,0.16012952845837536,0.22959283951675577,-1.1071979999999997,,False,True
2025-10-03,RIOX,TRAIN,0.5711318489063864,0.45136275010514526,2.0,,True,False
2025-10-03,RKLB,TRAIN,0.36696110440144597,0.4790270832978302,-1.1047888490460165,,False,False
2025-10-03,RKLX,TRAIN,0.7224629731795086,0.6542606405277436,2.0,,True,False
2025-10-03,SMU,TRAIN,0.09370483313360925,0.32185556338595944,-1.045835840088288,,False,True
2025-10-03,SOLT,TRAIN,0.15992828744308393,0.3727907999583984,-1.139772408061153,,False,True
2025-10-03,TEMT,TRAIN,0.21615660848800847,0.42459952531311357,-1.0400721176470589,,False,True
2025-10-03,TWST,TRAIN,0.1591523518089746,0.32909586898535675,-1.1011622181818188,,False,True
2025-10-03,UVE,TRAIN,0.37040350978166736,0.47032647602332783,-0.296762711864404,,False,False
2025-10-06,AAOI,TRAIN,0.6834794057186266,0.6369899255654072,2.0,,True,False
2025-10-06,ARCX,TRAIN,0.43979332228285534,0.35226477904095294,2.0,,True,False
2025-10-06,ARQQ,TRAIN,0.5331664023092403,0.5289832859790558,2.0,,True,False
2025-10-06,ARWR,TRAIN,0.1397571182301442,0.12251983349193908,-1.097105762962962,,False,True
2025-10-06,ASTS,TRAIN,0.36919511405531563,0.3920055824713142,2.0,,False,False
2025-10-06,ASTX,TRAIN,0.23460539079065218,0.5584983479731472,-1.0634498666666663,,False,False
2025-10-06,BAIG,TRAIN,0.1650119341416049,0.4164656310748232,-1.1217481662921385,,False,True
2025-10-06,BKSY,TRAIN,0.32148617994559986,0.4968198099972173,-1.0951212765957448,,False,False
2025-10-06,BMNU,TRAIN,0.5474437788262532,0.33113483161436313,1.374745714285715,,True,False
2025-10-06,CWVX,TRAIN,0.1365402643028812,0.4371494403730347,-1.034400997647059,,False,True
2025-10-06,DOCU,TRAIN,0.27014293399785133,0.5975893759573775,-1.0664359334664004,,False,False
2025-10-06,ETHU,TRAIN,0.3439008582306173,0.4890126062144488,-1.1312863741712311,,False,False
2025-10-06,FEIM,TRAIN,0.24937251970967805,0.37328022231132896,-1.1224921939393933,,False,False
2025-10-06,FIG,TRAIN,0.5923469739364151,0.636309248366685,2.0,,True,False
2025-10-06,FORD,TRAIN,0.7363635175652703,0.5227133466470585,0.482337012987016,,True,False
2025-10-06,GEMI,TRAIN,0.2650315526418796,0.4746607743181936,-1.0709771450980394,,False,False
2025-10-06,GPCR,TRAIN,0.534053038616774,0.6621633024884028,-1.0358868455456367,,True,False
2025-10-06,GSAT,TRAIN,0.29911993391204295,0.3014258557092377,-0.4878388888888857,,False,False
2025-10-06,GTLB,TRAIN,0.22499865661156446,0.5846898301259421,-1.0566298352941177,,False,False
2025-10-06,IDR,TRAIN,0.38497699736099766,0.6340797325502452,-1.0550602838709675,,False,False
2025-10-06,INTW,TRAIN,0.3256948550676574,0.6004598996435022,-1.0413870206060605,,False,False
2025-10-06,IONL,TRAIN,0.5048136047014989,0.5161715686476211,-1.0681758518518516,,True,False
2025-10-06,IONQ,TRAIN,0.33803965116536544,0.28295520775271793,2.0,,False,False
2025-10-06,IONX,TRAIN,0.1891116581628182,0.5348984128715731,-1.0699343697007293,,False,True
2025-10-06,MFH,TRAIN,0.733049375292755,0.45230691897666764,2.0,,True,False
2025-10-06,NAMS,TRAIN,0.381437785901033,0.555255341853371,-1.0969652413793085,,False,False
2025-10-06,NNE,TRAIN,0.2355817254420139,0.3205841729089477,-1.1033799890410962,,False,False
2025-10-06,OKLL,TRAIN,0.08846542927035095,0.20787402506160788,-1.0529572174059991,,False,True
2025-10-06,OKLO,TRAIN,0.34162130067859003,0.42185136674114865,-1.037683081541582,,False,False
2025-10-06,QBTS,TRAIN,0.6445617114998431,0.5786244793836862,2.0,,True,False
2025-10-06,QBTX,TRAIN,0.4079549650165857,0.4737256488797652,-1.0450607911764704,,True,False
2025-10-06,QPUX,TRAIN,0.41918729063983756,0.4446501441373683,1.999999999999997,,True,False
2025-10-06,QUBT,TRAIN,0.6483143485050569,0.5332136381098068,2.0,,True,False
2025-10-06,QUBX,TRAIN,0.5426642280199097,0.4370703575460763,2.0,,True,False
2025-10-06,RAPT,TRAIN,0.43241695699400823,0.42190605507654794,-1.06180928,,True,False
2025-10-06,RGTI,TRAIN,0.8065399934901236,0.7167464511591685,2.0,,True,False
2025-10-06,RGTX,TRAIN,0.18603306024230712,0.484328091327655,-1.036736778448276,,False,True
2025-10-06,RIOT,TRAIN,0.3188751021110366,0.30666153679626534,-1.109708251851852,,False,False
2025-10-06,RIOX,TRAIN,0.3389740108694283,0.21010478361602478,2.0,,False,False
2025-10-06,SMCX,TRAIN,0.2344155596802818,0.4460053811499596,-1.060656326956522,,False,False
2025-10-06,SMR,TRAIN,0.08856527974923777,0.14191244247546636,-1.0492649733333337,,False,True
2025-10-06,SOFX,TRAIN,0.30902357929949137,0.578809676638594,-1.3776755555555535,,False,False
2025-10-06,TSAT,TRAIN,0.2223857383442496,0.3493049199986402,-1.119407277642606,,False,True
2025-10-06,TWLO,TRAIN,0.4724514122431555,0.511799196356326,-1.1078696978417266,,True,False
2025-10-06,VKTX,TRAIN,0.2648988151893706,0.33965112701174216,-1.060744727272727,,False,False
2025-10-07,APP,TRAIN,0.18101180193398253,0.24273522577935328,-1.082770327066419,,False,True
2025-10-07,ARQQ,TRAIN,0.10814775280775932,0.3424448916623583,-1.067741929411765,,False,True
2025-10-07,ASTS,TRAIN,0.15356854823817617,0.3119376060255455,-1.1080416000000004,,False,True
2025-10-07,ASTX,TRAIN,0.21267950371064384,0.5256207603067473,-1.1251793869311697,,False,True
2025-10-07,BKKT,TRAIN,0.12486217463720159,0.1826442188360565,-1.048909952,,False,True
2025-10-07,BKSY,TRAIN,0.30890467410252337,0.3148332546147038,-1.0692061066666665,,False,False
2025-10-07,CCUP,TRAIN,0.2456888033236748,0.4597973596717673,-1.0566547428571431,,False,False
2025-10-07,CENX,TRAIN,0.22587527141667701,0.2612312106613309,-1.289625308432367,,False,False
2025-10-07,CONI,TRAIN,0.6315964243992818,0.41770722871514787,2.0,,True,False
2025-10-07,FIGR,TRAIN,0.08827982267543279,0.2710666773508297,-1.0511235111111112,,False,True
2025-10-07,GLXU,TRAIN,0.1329415721668377,0.390143479617317,-1.696754072842102,,False,True
2025-10-07,GLXY,TRAIN,0.05513520905417936,0.14128210532281116,-1.0924736129032262,,False,True
2025-10-07,INTW,TRAIN,0.17058762774607406,0.27254288852857983,-1.1210677236363642,,False,True
2025-10-07,IONX,TRAIN,0.04049994363315789,0.1890200748120318,-1.0427696034054064,,False,True
2025-10-07,LEU,TRAIN,0.14887997045099235,0.1838490282272013,-1.0424518374766911,,False,True
2025-10-07,METC,TRAIN,0.06905252491120861,0.16696014112689464,-1.0382369534246576,,False,True
2025-10-07,NNE,TRAIN,0.09622545196508395,0.12701816322524018,-1.1129037000000002,,False,True
2025-10-07,PLTU,TRAIN,0.2367229987061087,0.23173831040773873,-1.0985734829268292,,False,False
2025-10-07,PTIR,TRAIN,0.16850268930501724,0.2851541450317194,-1.077316110344828,,False,True
2025-10-07,PVLA,TRAIN,0.4114755613882748,0.2053904826602951,-1.0940576000000002,,True,False
2025-10-07,QBTX,TRAIN,0.08574885077805706,0.1434687127098996,-1.0401470844444445,,False,True
2025-10-07,RGTI,TRAIN,0.0801778327739557,0.25043827303740546,-1.0663935999999996,,False,True
2025-10-07,RGTIW,TRAIN,0.18677754006959307,0.3264556643231582,-1.0430314369390643,,False,True
2025-10-07,RGTX,TRAIN,0.09932058747964226,0.10837851712111836,-1.0377755076923076,,False,True
2025-10-07,RKLB,TRAIN,0.23969347676077662,0.46588042144435415,-1.1032845560975608,,False,False
2025-10-07,RKLX,TRAIN,0.526610814800089,0.37021940421716987,0.1568275632490027,,True,False
2025-10-07,SMST,TRAIN,0.4825286611417293,0.52607372942508,2.0,,True,False
2025-10-07,SMU,TRAIN,0.03236701598440598,0.24362840637948865,-1.0523186054054052,,False,True
2025-10-07,SOFI,TRAIN,0.18248087723675532,0.244864316624664,-1.1056839567567565,,False,True
2025-10-07,STEM,TRAIN,0.15801482685653936,0.21154330111707054,-1.1614248797250857,,False,True
2025-10-07,TEMT,TRAIN,0.14490414812262886,0.25501577977123596,-1.092899587316612,,False,True
2025-10-07,TMDX,TRAIN,0.2592218215121551,0.40130698286916633,-1.1010879715532556,,False,False
2025-10-07,USAR,TRAIN,0.10624384174834597,0.19063228260929097,-1.0419665731958765,,False,True
2025-10-08,AMBQ,TRAIN,0.31984428195678855,0.3679083072317457,-1.107428533333333,,False,False
2025-10-08,AMDL,TRAIN,0.4803083013289119,0.33644496997912104,2.0,,True,False
2025-10-08,APGE,TRAIN,0.48521217052432597,0.5128198989486333,2.0,,True,False
2025-10-08,CDE,TRAIN,0.19058399722520958,0.14503343274945277,-1.1341704000000017,,False,True
2025-10-08,CENX,TRAIN,0.3440024850734664,0.2654618485878696,2.0,,False,False
2025-10-08,CGON,TRAIN,0.2853492932178809,0.2534455799769719,-1.0814112000000005,,False,False
2025-10-08,CLPT,TRAIN,0.538649960996349,0.47419249809972186,2.0,,True,False
2025-10-08,CRSP,TRAIN,0.6612511520523817,0.4051983642831699,2.0,,True,False
2025-10-08,CRWL,TRAIN,0.11483886503568824,0.33686927828458924,-1.1720575392405064,,False,True
2025-10-08,CRWV,TRAIN,0.6099931676055059,0.3541470284696421,0.340582670454542,,True,False
2025-10-08,CWVX,TRAIN,0.2556291014931435,0.452286397890342,-1.06058416,,False,False
2025-10-08,ELVR,TRAIN,0.18969398798451273,0.33691122495957804,-1.1231048,,False,True
2025-10-08,FIG,TRAIN,0.1609200197193327,0.2198962473724452,-1.1247035636363645,,False,True
2025-10-08,FLY,TRAIN,0.18091976685841954,0.37421729012555033,-1.057407530506156,,False,True
2025-10-08,FORD,TRAIN,0.4681568984852069,0.36585191508793174,2.0,,True,False
2025-10-08,GEMI,TRAIN,0.5413210530162522,0.35230111609101206,2.0,,True,False
2025-10-08,GRAL,TRAIN,0.7012004512721742,0.5676267071426571,2.0,,True,False
2025-10-08,HIMZ,TRAIN,0.4436878251522102,0.5012970259749973,-1.0978180003473206,,True,False
2025-10-08,HUT,TRAIN,0.284982736172878,0.3869183558748074,-1.1356458133333347,,False,False
2025-10-08,IDR,TRAIN,0.6288909979974427,0.3628601190937947,1.2497574703233807,,True,False
2025-10-08,INTW,TRAIN,0.23785512328282932,0.3804500253147064,-1.1226949629629632,,False,False
2025-10-08,IRON,TRAIN,0.16841915108874342,0.35931444457053097,-1.2566730384105962,,False,True
2025-10-08,JANX,TRAIN,0.250445127986639,0.28769225500829065,-1.1510095859649052,,False,False
2025-10-08,KNX,TRAIN,0.7102529679245102,0.4075097830890797,1.354647635135131,,True,False
2025-10-08,LSTR,TRAIN,0.5649287154833174,0.3541607217783804,2.0,,True,False
2025-10-08,MRAL,TRAIN,0.21470681806934663,0.38068774985013604,-1.5014744914357732,,False,True
2025-10-08,MRNA,TRAIN,0.5349757513219574,0.32596501756198576,2.0,,True,False
2025-10-08,MUU,TRAIN,0.3723667990497482,0.40190353300308357,-1.137737639515107,,False,False
2025-10-08,NTLA,TRAIN,0.8583929819186361,0.5689558261612331,2.0,,True,False
2025-10-08,OMDA,TRAIN,0.22676788180996868,0.3033520241111795,-1.049429058823529,,False,False
2025-10-08,SANM,TRAIN,0.4169459079953739,0.3009575794391015,0.7233604575163338,,True,False
2025-10-08,SEI,TRAIN,0.6129292208851949,0.5173723725304107,0.6389633401221996,,True,False
2025-10-08,SEPN,TRAIN,0.5806961889731749,0.271632621460421,0.937735714285706,,True,False
2025-10-08,SKYT,TRAIN,0.6539294622852303,0.6289793849172675,-1.0719242073447823,,True,False
2025-10-08,SLON,TRAIN,0.3623529080736691,0.2744434728579369,1.0143089743589722,,False,False
2025-10-08,SMCL,TRAIN,0.36632507011631477,0.4540337892219541,-1.1249281090909098,,False,False
2025-10-08,SMCX,TRAIN,0.21892284066187623,0.4210227921387824,-1.1157057777777786,,False,True
2025-10-08,SMST,TRAIN,0.7151260510899173,0.3989451329695987,2.0,,True,False
2025-10-08,SNDK,TRAIN,0.3464428362483406,0.380703355310936,-1.0432067083123426,,False,False
2025-10-08,SNDR,TRAIN,0.5368213370268049,0.4545484841354453,2.0,,True,False
2025-10-08,SOUN,TRAIN,0.18354925722544826,0.2851490859611597,-1.0812784835820892,,False,True
2025-10-08,SOUX,TRAIN,0.19007196272478563,0.3419025047815523,-1.0600325952170064,,False,True
2025-10-08,STUB,TRAIN,0.21637067296735998,0.13581740842190326,-1.1441440000000016,,False,True
2025-10-08,SYM,TRAIN,0.16677850232997435,0.20300065709192822,-1.0647116651825466,,False,True
2025-10-08,TEM,TRAIN,0.7423489903919241,0.5233532171310848,2.0,,True,False
2025-10-08,TIL,TRAIN,0.11598599742087504,0.24322826777686873,-1.1044965860962563,,False,True
2025-10-08,TWST,TRAIN,0.2736263550260621,0.3349118632699889,-1.1138027799999983,,False,False
2025-10-08,VKTX,TRAIN,0.4407733032460533,0.3006825006266122,-1.072102044444445,,True,False
2025-10-08,VOYG,TRAIN,0.1905780478958463,0.4568253386051857,-1.1173743999999994,,False,True
2025-10-08,VRTL,TRAIN,0.31053401296000366,0.3804439831877444,-1.1453253021897851,,False,False
2025-10-08,VSAT,TRAIN,0.3630636855781591,0.5242744608734032,-1.0695791515151518,,False,False
2025-10-08,WYFI,TRAIN,0.1697494050850199,0.39367147890136395,-1.0410467555555556,,False,True
2025-10-09,AAOI,TRAIN,0.251110977880412,0.2642356514277053,-1.1295597333333336,,False,False
2025-10-09,ABVX,TRAIN,0.250150879976961,0.2480774288714548,-1.0857228178343978,,False,False
2025-10-09,ALNT,TRAIN,0.5427146230681064,0.34370293615040964,0.8424975000000096,,True,False
2025-10-09,ASTS,TRAIN,0.5872448239658828,0.3296081142628448,0.787606749839072,,True,False
2025-10-09,ASTX,TRAIN,0.3880903081185822,0.3085190926440035,-1.073757947586207,,False,False
2025-10-09,AZZ,TRAIN,0.255544021723346,0.3666856133175976,-1.136989999999999,,False,False
2025-10-09,BKKT,TRAIN,0.1321288685671679,0.248032591039834,-1.051555300445236,,False,True
2025-10-09,BMA,TRAIN,0.21831108261770743,0.2947991897713796,-1.077442927058824,,False,True
2025-10-09,BRKR,TRAIN,0.3883693001261802,0.3608435722736257,-1.093342101694907,,False,False
2025-10-09,BROS,TRAIN,0.2820233729291688,0.2831204852379037,-1.121187733333333,,False,False
2025-10-09,CCCX,TRAIN,0.2508841003546955,0.43909366652908505,-1.0406388056338027,,False,False
2025-10-09,CFLT,TRAIN,0.5114751637194149,0.623948791548516,1.5445393939394023,,True,False
2025-10-09,CLSK,TRAIN,0.2226230646036723,0.3848108849903977,-1.1022543407407408,,False,True
2025-10-09,ENPH,TRAIN,0.48669360552937935,0.39162736264065773,2.0,,True,False
2025-10-09,GGAL,TRAIN,0.6060927155107475,0.5929457595015868,2.0,,True,False
2025-10-09,GPCR,TRAIN,0.23477299822034797,0.45712429417793643,-1.1281735373151969,,False,False
2025-10-09,INBX,TRAIN,0.5460209846781418,0.5190255625536768,2.0,,True,False
2025-10-09,JANX,TRAIN,0.3100854710634892,0.30023153881119824,-1.1290474370370371,,False,False
2025-10-09,KRRO,TRAIN,0.36442803251080974,0.3089303214744481,2.0,,False,False
2025-10-09,LABX,TRAIN,0.20753738677779557,0.39889995777323306,-1.280773638186657,,False,True
2025-10-09,LEU,TRAIN,0.24113372523746812,0.4889534978015897,-1.1285540734299504,,False,False
2025-10-09,METC,TRAIN,0.4021049711490642,0.1989393646732493,0.2834524590163925,,False,False
2025-10-09,MIRM,TRAIN,0.24068816955842573,0.20911460322634573,-1.1257286217142806,,False,False
2025-10-09,MP,TRAIN,0.19277497105928332,0.2322041129469082,-1.070542828720977,,False,True
2025-10-09,NBIS,TRAIN,0.24414633045541595,0.4531583810525424,-1.1360682790697685,,False,False
2025-10-09,NEBX,TRAIN,0.8007177952205279,0.47921393648127525,2.0,,True,False
2025-10-09,NTLA,TRAIN,0.3485625769060801,0.3562693963686622,-1.0883898536585366,,False,False
2025-10-09,ORCX,TRAIN,0.20985845519746996,0.38530781375373835,-1.0884045217391307,,False,True
2025-10-09,ORKA,TRAIN,0.5445307264812752,0.5881871969654955,2.0,,True,False
2025-10-09,OUST,TRAIN,0.20578632973821653,0.3767221656910129,-1.0771680000000003,,False,True
2025-10-09,PPIH,TRAIN,0.20744740944372853,0.3532967260647308,-1.1251678779661023,,False,True
2025-10-09,PSIX,TRAIN,0.4522203266660398,0.45504797456763607,-1.0925523529411765,,True,False
2025-10-09,QBTS,TRAIN,0.15041820030591968,0.3577296560319024,-1.0568450837107717,,False,True
2025-10-09,RDTL,TRAIN,0.4585618413952453,0.4357990550518271,2.0,,True,False
2025-10-09,RGTI,TRAIN,0.448369791619788,0.7066429459914499,-1.0442223072463768,,True,False
2025-10-09,RGTX,TRAIN,0.1222412646227021,0.14483382588500757,-1.0458367734466782,,False,True
2025-10-09,RKLB,TRAIN,0.3695100860101326,0.3494635540232447,-1.087593661968109,,False,False
2025-10-09,RUN,TRAIN,0.41570746706429973,0.35479331431637734,-1.092976989176779,,True,False
2025-10-09,SBIT,TRAIN,0.2605811394265733,0.5509332947162887,-1.1324285925925928,,False,False
2025-10-09,SEDG,TRAIN,0.5162455844946952,0.4039288363647264,2.0,,True,False
2025-10-09,SMR,TRAIN,0.1332745317036562,0.20358922017245526,-1.0498201225225223,,False,True
2025-10-09,SMU,TRAIN,0.1786752409945704,0.2969596827227932,-1.0466549621621624,,False,True
2025-10-09,SYRE,TRAIN,0.2934962869179795,0.1543645842937098,-1.1374428487804888,,False,False
2025-10-09,USAR,TRAIN,0.45086450883303747,0.37786783769140814,2.0,,True,False
2025-10-09,UUUU,TRAIN,0.14786819795733264,0.17430717807237192,-1.0933542779661023,,False,True
2025-10-09,VIST,TRAIN,0.2794602094177102,0.30534989675824964,-1.132532399999999,,False,False
2025-10-10,AMSC,TRAIN,0.22917549414059363,0.3011284799681071,-1.1255864235294115,,False,False
2025-10-10,BE,TRAIN,0.24550542018271096,0.3595789168144672,-1.04633203880597,,False,False
2025-10-10,BETR,TRAIN,0.1969116908497087,0.21441406765047583,-1.0720288592592595,,False,True
2025-10-10,BTDR,TRAIN,0.10336827024770254,0.26064409842242636,-1.054662014814815,,False,True
2025-10-10,CONI,TRAIN,0.29579021880948747,0.1733520018007298,-1.1776716774193374,,False,False
2025-10-10,CWVX,TRAIN,0.3150416419397087,0.3254031156056517,-1.0396910926829268,,False,False
2025-10-10,FRMI,TRAIN,0.6074774608079658,0.3647551059142279,2.0,,True,False
2025-10-10,HNRG,TRAIN,0.2595511330960905,0.3648884188984623,-1.1947502720000125,,False,False
2025-10-10,IDR,TRAIN,0.12051419610738567,0.29681903952406563,-1.1059725333333332,,False,True
2025-10-10,KTOS,TRAIN,0.16557255713220173,0.2223403295395834,-1.0464670225255974,,False,True
2025-10-10,LEU,TRAIN,0.2982758681224384,0.2526406171365115,2.0,,False,False
2025-10-10,LTBR,TRAIN,0.0877439955688957,0.14444293475328845,-1.0416646829268292,,False,True
2025-10-10,MLYS,TRAIN,0.17763049825403462,0.1814834696037374,-1.1352319255813954,,False,True
2025-10-10,MP,TRAIN,0.1970971313836493,0.28955612479375686,-1.0371671813953487,,False,True
2025-10-10,MUX,TRAIN,0.37368543179966224,0.3819780619874649,-1.0733454914059075,,False,False
2025-10-10,NEBX,TRAIN,0.15946429388141067,0.23645690626764143,-1.0621387857142814,,False,True
2025-10-10,NLR,TRAIN,0.307266635282506,0.11919399760406561,-1.091893978929038,,False,False
2025-10-10,OKLO,TRAIN,0.5864634381147348,0.25450920963118945,2.0,,True,False
2025-10-10,PPTA,TRAIN,0.08670288116500244,0.26939318288496955,-1.101403964179104,,False,True
2025-10-10,PTGX,TRAIN,0.3133519451297967,0.08155114682337136,-0.3842036585365841,,False,False
2025-10-10,SARK,TRAIN,0.4447077450685407,0.607101749171215,-1.134898933333338,,True,False
2025-10-10,SBIT,TRAIN,0.7826393078929211,0.5218662710269517,2.0,,True,False
2025-10-10,SEI,TRAIN,0.34751011840043067,0.34720329485782125,-1.0864412455696204,,False,False
2025-10-10,SION,TRAIN,0.3404577917296982,0.31605811638151343,-1.0906457066666662,,False,False
2025-10-10,SMR,TRAIN,0.12243793271564875,0.16049784963711164,-1.0658651865168538,,False,True
2025-10-10,SOFX,TRAIN,0.15273814929227605,0.23934687687041742,-1.0590866058252428,,False,True
2025-10-10,STEM,TRAIN,0.4551047483602733,0.3815789152964445,-1.044287483937824,,True,False
2025-10-10,URA,TRAIN,0.14354905949540875,0.1804812310740327,-1.0927085530864196,,False,True
2025-10-10,URNJ,TRAIN,0.23036628938935852,0.3147152221588314,-1.098853648266547,,False,False
2025-10-10,URNM,TRAIN,0.1733742155033405,0.35315593123995437,-1.0796848945454545,,False,True
2025-10-10,UUUU,TRAIN,0.13450722949174135,0.12428250109629314,-1.0367316444444443,,False,True
2025-10-10,WYFI,TRAIN,0.4607617224702291,0.41135629070595126,2.0,,True,False
2025-10-10,YANG,TRAIN,0.3777686627879995,0.38642918876670884,2.0,,False,False
2025-10-13,AGX,TRAIN,0.1465359690352068,0.23543714406709104,-1.1265313285714216,,False,True
2025-10-13,ALB,TRAIN,0.18309676163085367,0.2561056638762128,-1.1273933818181816,,False,True
2025-10-13,ARQQ,TRAIN,0.7104275407114422,0.5464927852623859,2.0,,True,False
2025-10-13,BE,TRAIN,0.7570437431586631,0.1390042220101627,2.0,,True,False
2025-10-13,BKSY,TRAIN,0.15022973090020442,0.19360605655868823,-1.11904282723505,,False,True
2025-10-13,BNTX,TRAIN,0.38416562567196455,0.5153893679315958,-1.0586521419354835,,False,False
2025-10-13,BTU,TRAIN,0.2867610151978952,0.25181786611642937,-1.0762869966101691,,False,False
2025-10-13,CCCX,TRAIN,0.35324547920138216,0.2122665740123694,2.0,,False,False
2025-10-13,CIFR,TRAIN,0.7229998488142664,0.47232660166981916,2.0,,True,False
2025-10-13,CRML,TRAIN,0.6002921294388394,0.18726257091892123,2.0,,True,False
2025-10-13,EAT,TRAIN,0.18084343044334938,0.35450635252002977,-1.1000738633693974,,False,True
2025-10-13,EDN,TRAIN,0.24093208164206154,0.37606771622479296,-1.0576621500000003,,False,False
2025-10-13,ETHT,TRAIN,0.6536750695047918,0.3529287625497186,1.6617470833333563,,True,False
2025-10-13,ETHU,TRAIN,0.7475965444993379,0.3160943555900842,2.0,,True,False
2025-10-13,FRMI,TRAIN,0.3960497460983562,0.33449628828757866,2.0,,False,False
2025-10-13,HIMZ,TRAIN,0.09549511201318142,0.12431590454504607,-1.0998323647382915,,False,True
2025-10-13,HUT,TRAIN,0.13975214316264348,0.31139241382453936,-1.0861770000000002,,False,True
2025-10-13,INTW,TRAIN,0.2081071966460286,0.2400762968966815,-1.127195894450912,,False,True
2025-10-13,IONL,TRAIN,0.43126630705378655,0.10701310837274378,2.0,,True,False
2025-10-13,IONQ,TRAIN,0.15287630637030894,0.20750568400203576,-1.123954057129566,,False,True
2025-10-13,IONX,TRAIN,0.6398544622564636,0.42105712113260335,2.0,,True,False
2025-10-13,IREN,TRAIN,0.3880658792379853,0.4883044864723247,-1.135268578202676,,False,False
2025-10-13,LTBR,TRAIN,0.27610494930203405,0.5916776418548263,-1.0588206532110092,,False,False
2025-10-13,METC,TRAIN,0.1425347907225195,0.22730590838569725,-0.1695628093330208,,False,True
2025-10-13,MRAL,TRAIN,0.637252630508093,0.29368303360118303,2.0,,True,False
2025-10-13,NAMS,TRAIN,0.6004867481401059,0.3120082689920104,2.0,,True,False
2025-10-13,NNE,TRAIN,0.12232071057052005,0.1989993893968529,-1.0621112516896456,,False,True
2025-10-13,NVA,TRAIN,0.30235702665349845,0.33550143939769395,-1.2387122592142883,,False,False
2025-10-13,OKLL,TRAIN,0.13012385163195414,0.1212656734723431,-1.0447844367861363,,False,True
2025-10-13,ORCX,TRAIN,0.6245927505042994,0.41609426222830154,0.4016218928016591,,True,False
2025-10-13,POWI,TRAIN,0.7291170883822384,0.5702409597859914,2.0,,True,False
2025-10-13,PSIX,TRAIN,0.3400421705442072,0.5807611999287433,-1.098165755805244,,False,False
2025-10-13,QBTS,TRAIN,0.7059358814803469,0.5421947449103884,2.0,,True,False
2025-10-13,QBTX,TRAIN,0.4149975025455082,0.4048043471553172,2.0,,True,False
2025-10-13,QPUX,TRAIN,0.6220044068213758,0.30671772548030823,2.0,,True,False
2025-10-13,QUBX,TRAIN,0.35128047364167914,0.22724402447682443,-1.04632745915493,,False,False
2025-10-13,RGTI,TRAIN,0.5974059315217852,0.5972369280708769,2.0,,True,False
2025-10-13,RGTIW,TRAIN,0.6848229419132753,0.399645031796553,2.0,,True,False
2025-10-13,RGTX,TRAIN,0.4074591807547043,0.5458054411653506,2.0,,True,False
2025-10-13,RUN,TRAIN,0.29706106838326857,0.48787466086141784,-1.145133803591585,,False,False
2025-10-13,SARO,TRAIN,0.28676538250215594,0.5242904268606924,-1.072213479245283,,False,False
2025-10-13,SEI,TRAIN,0.4094373941115688,0.3105747958701409,0.893659763313608,,True,False
2025-10-13,SFM,TRAIN,0.2964997890543304,0.34903793753378864,-1.1296273034482749,,False,False
2025-10-13,SMLR,TRAIN,0.5330030641306126,0.5221317293923774,0.3923188524590237,,True,False
2025-10-13,SMMT,TRAIN,0.519022927618152,0.3592350691538606,2.0,,True,False
2025-10-13,SMR,TRAIN,0.1859901968428274,0.23732969500843745,-1.0932063999999992,,False,True
2025-10-13,SOLZ,TRAIN,0.7151316631674153,0.5155692695414268,2.0,,True,False
2025-10-13,SOUX,TRAIN,0.4751427878255453,0.5859928535472411,0.902486230876216,,True,False
2025-10-13,SRRK,TRAIN,0.5321368067028083,0.32005677812593986,-1.071748862433702,,True,False
2025-10-13,STEM,TRAIN,0.5326922884913372,0.5094690036243085,2.0,,True,False
2025-10-13,TEMT,TRAIN,0.23511930041611304,0.39750095443610206,-1.0732923100000002,,False,False
2025-10-13,XXRP,TRAIN,0.5589666204713655,0.6594160489754456,0.1798319672131158,,True,False
2025-10-13,ZEPP,TRAIN,0.6717094186064528,0.3088969625219997,-1.1826499408843685,,True,False
2025-10-14,AEHR,TRAIN,0.7689547759943275,0.5927993087944142,2.0,,True,False
2025-10-14,AGQ,TRAIN,0.2902233184567458,0.46665361921572623,-1.1017113066666664,,False,False
2025-10-14,ALB,TRAIN,0.19576708340965795,0.4983889987113169,-1.1374644123711342,,False,True
2025-10-14,ALMU,TRAIN,0.38837706879745476,0.2252995446064365,-1.1317992000000017,,False,False
2025-10-14,AMSC,TRAIN,0.4876942247945879,0.47475740814862005,2.0,,True,False
2025-10-14,AOSL,TRAIN,0.5962766725541083,0.3939656867488499,2.0,,True,False
2025-10-14,APLD,TRAIN,0.5370034400594766,0.5215564991621549,2.0,,True,False
2025-10-14,APLX,TRAIN,0.448179655629431,0.4711560749896206,2.0,,True,False
2025-10-14,APPX,TRAIN,0.34252081764781694,0.45573680863138466,-0.124129192546586,,False,False
2025-10-14,ARCT,TRAIN,0.8292101093470717,0.5114709171641082,2.0,,True,False
2025-10-14,ASTS,TRAIN,0.6077597811590176,0.4520985533830853,2.0,,True,False
2025-10-14,ASTX,TRAIN,0.7335851220615872,0.5982174926917186,2.0,,True,False
2025-10-14,BMNU,TRAIN,0.3495413103493837,0.3052209254946756,-1.080785017064846,,False,False
2025-10-14,BTDR,TRAIN,0.719043575034044,0.6519725225290502,2.0,,True,False
2025-10-14,BTU,TRAIN,0.5216676720529779,0.40147394564152655,2.0,,True,False
2025-10-14,CBRL,TRAIN,0.4718619646567606,0.41611971230275646,-1.0982308444444442,,True,False
2025-10-14,CEP,TRAIN,0.24356278996710204,0.5170206653848907,-1.0776776,,False,False
2025-10-14,CIFR,TRAIN,0.2056069754449382,0.2943958841290396,-1.098731862068966,,False,True
2025-10-14,CLSK,TRAIN,0.7976408742069725,0.5255864559782956,2.0,,True,False
2025-10-14,CONL,TRAIN,0.33660723826918276,0.5115594449287229,-1.0696102604166666,,False,False
2025-10-14,CRDO,TRAIN,0.44635390983639706,0.43534346496117976,-1.0786887111111108,,True,False
2025-10-14,DAVE,TRAIN,0.6227248887132711,0.3716505218659591,1.075067600487205,,True,False
2025-10-14,DOCN,TRAIN,0.20437417936054136,0.4002080546393687,-1.1275723770114936,,False,True
2025-10-14,DQ,TRAIN,0.5493696010562034,0.4249156422796182,2.0,,True,False
2025-10-14,ERO,TRAIN,0.7770282401974494,0.4946729379100394,2.0,,True,False
2025-10-14,ESTA,TRAIN,0.7314519087600464,0.6151052059688825,2.0,,True,False
2025-10-14,GLXU,TRAIN,0.7803944439365258,0.7215636207231564,2.0,,True,False
2025-10-14,GRPN,TRAIN,0.40927429689581313,0.4029843868508164,-1.0422863999999998,,True,False
2025-10-14,HOND,TRAIN,0.4012547670115123,0.6115403314072269,-1.0700261632615669,,False,False
2025-10-14,HRTG,TRAIN,0.5190251255455585,0.31641157597035174,2.0,,True,False
2025-10-14,IDR,TRAIN,0.32568439867603693,0.36962181620371554,-1.119612786885246,,False,False
2025-10-14,JOBX,TRAIN,0.3180958646997582,0.5926477086111973,-1.1086732559726973,,False,False
2025-10-14,LEU,TRAIN,0.312880366950038,0.4730051820733577,-1.1321142565382891,,False,False
2025-10-14,MARA,TRAIN,0.8148965526534802,0.5960051089926232,2.0,,True,False
2025-10-14,MRAL,TRAIN,0.5539767219816942,0.41051732793935336,2.0,,True,False
2025-10-14,NAIL,TRAIN,0.8515466945090469,0.64451947807889,2.0,,True,False
2025-10-14,NNE,TRAIN,0.1552974326305857,0.25781382478951215,-1.0377417666104554,,False,True
2025-10-14,OKLL,TRAIN,0.529511031698663,0.367760476191905,2.0,,True,False
2025-10-14,OKLO,TRAIN,0.5459162238784404,0.39209803032595575,2.0,,True,False
2025-10-14,ORKA,TRAIN,0.7656731297721303,0.563117438548295,2.0,,True,False
2025-10-14,OSCR,TRAIN,0.3985347354181961,0.3610217326025559,2.0,,False,False
2025-10-14,OSCX,TRAIN,0.4016614407608956,0.3172148794003143,2.0,,False,False
2025-10-14,OUST,TRAIN,0.4623556425853704,0.6545255645120673,-1.129085105882353,,True,False
2025-10-14,PGY,TRAIN,0.6001394249315913,0.6149640413642403,2.0,,True,False
2025-10-14,PII,TRAIN,0.3983475042545986,0.28331905862974355,2.0,,False,False
2025-10-14,PSIX,TRAIN,0.2659747130780931,0.45452137279960353,-1.159578175999987,,False,False
2025-10-14,PTIR,TRAIN,0.2377257292198134,0.32192899034219696,-1.1447288266666664,,False,False
2025-10-14,PZZA,TRAIN,0.8492913186501612,0.5724016756803794,2.0,,True,False
2025-10-14,QBTS,TRAIN,0.556319678039234,0.5546701847664854,2.0,,True,False
2025-10-14,QUBX,TRAIN,0.37743794822326165,0.2736054689402358,-1.1035719919977132,,False,False
2025-10-14,RBLX,TRAIN,0.28995777194013317,0.37907723103285845,-1.1308236363636357,,False,False
2025-10-14,RDTL,TRAIN,0.459893961789749,0.6285123232576332,-1.1058386482758624,,True,False
2025-10-14,RIOT,TRAIN,0.21396689278839306,0.011398474353368012,-1.142930666666666,,False,True
2025-10-14,RKLB,TRAIN,0.1659525210949293,0.2599119805575383,-1.1235415999999991,,False,True
2025-10-14,RKLX,TRAIN,0.37274112452023506,0.43446294235364935,-1.086168881155636,,False,False
2025-10-14,ROOT,TRAIN,0.33367200322529356,0.34754866835006476,-0.2424855263157875,,False,False
2025-10-14,RYTM,TRAIN,0.43789362214694455,0.3691931535918937,-1.1374284587677717,,True,False
2025-10-14,SMU,TRAIN,0.7431765142549922,0.6163416243646138,2.0,,True,False
2025-10-14,SOLT,TRAIN,0.8101094684422315,0.5826199612026749,2.0,,True,False
2025-10-14,SOLZ,TRAIN,0.24695934955305512,0.6479123481925724,-1.066770836363636,,False,False
2025-10-14,SOUN,TRAIN,0.31192557937761983,0.41035742449316853,-1.1247394909090915,,False,False
2025-10-14,SOUX,TRAIN,0.7481903282055142,0.5302124204709403,2.0,,True,False
2025-10-14,SYM,TRAIN,0.4665787904595986,0.23192411722553538,2.0,,True,False
2025-10-14,UI,TRAIN,0.7309824653022231,0.47265827224059986,2.0,,True,False
2025-10-14,URNJ,TRAIN,0.36623792271620775,0.3178061752963727,-1.140760941176472,,False,False
2025-10-14,UXRP,TRAIN,0.48611130358547217,0.5962744306762748,-1.077793809061489,,True,False
2025-10-14,VOYG,TRAIN,0.8874409311584649,0.7022792433052596,2.0,,True,False
2025-10-14,XXRP,TRAIN,0.6739559874321424,0.6081928894295376,2.0,,True,False
2025-10-15,AAOI,TRAIN,0.5757065022123561,0.39929732728852124,2.000000000000009,,True,False
2025-10-15,AMDG,TRAIN,0.4457023027926363,0.5070997100950211,2.0,,True,False
2025-10-15,AMDL,TRAIN,0.597750558757811,0.6223171028244628,2.0,,True,False
2025-10-15,AMUU,TRAIN,0.7493414526550194,0.6981787375581238,2.0,,True,False
2025-10-15,APLD,TRAIN,0.2809271475548225,0.32575658020704634,-1.0427877487603303,,False,False
2025-10-15,APLX,TRAIN,0.1274241162977464,0.16448548088535106,-1.073239211483252,,False,True
2025-10-15,ARCX,TRAIN,0.2285258824564309,0.2709835931910653,-1.07997534655564,,False,False
2025-10-15,BEAM,TRAIN,0.14362806810565748,0.22335427706648553,-1.0862791341176476,,False,True
2025-10-15,BKSY,TRAIN,0.17805282351513027,0.2881530491503689,-1.0901522269850992,,False,True
2025-10-15,BMA,TRAIN,0.2046162995952903,0.41471888285361286,-1.1884315061577586,,False,True
2025-10-15,CORT,TRAIN,0.23876349964003446,0.35131729521402627,2.0,,False,False
2025-10-15,ENPH,TRAIN,0.1200950111695191,0.3079822956327192,-1.1422511999999991,,False,True
2025-10-15,GDXU,TRAIN,0.32445059903413614,0.24933178092664607,-1.134291423757371,,False,False
2025-10-15,HIMS,TRAIN,0.19994655559222518,0.32963733646171683,-1.1246392875,,False,True
2025-10-15,HIMZ,TRAIN,0.17529884899174572,0.23604498497136522,-1.079515308108108,,False,True
2025-10-15,HUT,TRAIN,0.07511361354681541,0.12180515365017248,-1.0962987341772152,,False,True
2025-10-15,ICHR,TRAIN,0.16547022350916415,0.39424047239082116,-1.123492096,,False,True
2025-10-15,JANX,TRAIN,0.27147631686718837,0.28829397916506705,-1.1198922064516137,,False,False
2025-10-15,KRRO,TRAIN,0.7647811140079939,0.6533448397059276,2.0,,True,False
2025-10-15,LABU,TRAIN,0.6191727931248643,0.4189753956306579,2.0,,True,False
2025-10-15,LEU,TRAIN,0.07227806579085574,0.22240727278436448,-1.0731676486873505,,False,True
2025-10-15,MRAL,TRAIN,0.08807343825638117,0.1411871945035218,-1.0757261029696883,,False,True
2025-10-15,NAMS,TRAIN,0.18413106689627848,0.2707817193129803,-1.1008158865248223,,False,True
2025-10-15,NNE,TRAIN,0.10273764156881335,0.154766113555946,-1.0541292266666666,,False,True
2025-10-15,OMDA,TRAIN,0.1433839942339717,0.22367778933901863,-1.148175300000001,,False,True
2025-10-15,RKLB,TRAIN,0.1609865289232727,0.3096127684071526,-1.1342622567275618,,False,True
2025-10-15,RKLX,TRAIN,0.17386348128233445,0.331835299434574,-1.1593400682353012,,False,True
2025-10-15,SDGR,TRAIN,0.2744531052131906,0.4784271433412342,-1.1018133999999995,,False,False
2025-10-15,SEDG,TRAIN,0.07716082888372225,0.26711843741916746,-1.0497358822179732,,False,True
2025-10-15,SNDK,TRAIN,0.21565552591503187,0.3693390131323651,-1.090068837209302,,False,True
2025-10-15,SOFX,TRAIN,0.11215512621133415,0.24501629858116342,-1.1056857657522576,,False,True
2025-10-15,SSRM,TRAIN,0.1772161343906183,0.2261652281102431,-0.5864848214285694,,False,True
2025-10-15,VIXY,TRAIN,0.315942682751823,0.4406010544859191,-1.0930919698113206,,False,False
2025-10-15,VKTX,TRAIN,0.24610236253411946,0.28938259960481355,-1.1170387180722894,,False,False
2025-10-15,VXX,TRAIN,0.5031260097013643,0.6715482406968826,-1.0910668972972974,,True,False
2025-10-15,YPF,TRAIN,0.29532785347243196,0.4912471387086155,-1.0692107596330274,,False,False
2025-10-16,AMRK,TRAIN,0.17686354477169727,0.2745457597873124,-1.14301412864675,,False,True
2025-10-16,APLD,TRAIN,0.3136928216705544,0.4611477601046164,-1.0867903111111117,,False,False
2025-10-16,APLX,TRAIN,0.1510222336512214,0.22912130100526476,-1.077654893890675,,False,True
2025-10-16,ASTS,TRAIN,0.21215374788334124,0.1860271462231896,-1.0688134444794477,,False,True
2025-10-16,ASTX,TRAIN,0.43114012677210517,0.43422439222099174,2.0,,True,False
2025-10-16,BETR,TRAIN,0.04659160482281378,0.24343678983451947,-1.0424989626399528,,False,True
2025-10-16,CAI,TRAIN,0.34912469568582055,0.5761055134799038,-1.2284896130081415,,False,False
2025-10-16,CONI,TRAIN,0.35236873657951023,0.514539699388527,-1.375150779404238,,False,False
2025-10-16,CRWU,TRAIN,0.40556581548205756,0.6125434135513061,-1.0340933185185186,,True,False
2025-10-16,DXYZ,TRAIN,0.23962352417077776,0.4373640120955075,-1.0440625156069363,,False,False
2025-10-16,GDXU,TRAIN,0.524779112395946,0.39045631215136567,2.0,,True,False
2025-10-16,GH,TRAIN,0.36178760436872753,0.24347849963097395,-1.112252705145197,,False,False
2025-10-16,GRAL,TRAIN,0.21297913390739892,0.11667968232543588,-1.04398576,,False,True
2025-10-16,LQDA,TRAIN,0.34166865515487477,0.32496570955071646,-1.106349188156638,,False,False
2025-10-16,LTBR,TRAIN,0.6896304221517903,0.47570765746953886,2.0,,True,False
2025-10-16,METC,TRAIN,0.3839133156643571,0.10685630105214537,2.0,,False,False
2025-10-16,MULL,TRAIN,0.13886706518561603,0.24577111302490612,-1.676781538461546,,False,True
2025-10-16,MUU,TRAIN,0.0758637470145166,0.21905816537584738,-1.2685087928879064,,False,True
2025-10-16,MUX,TRAIN,0.16699818267212915,0.27199078336251026,-1.0962915152619583,,False,True
2025-10-16,NUGT,TRAIN,0.2044301076240418,0.37268677668156974,-1.1191473111111112,,False,True
2025-10-16,ORCL,TRAIN,0.21335842667868626,0.18582240595196017,-1.0832353187726318,,False,True
2025-10-16,ORCX,TRAIN,0.13402670251544557,0.423017397966843,-1.0448952366013071,,False,True
2025-10-16,OSCR,TRAIN,0.1424770877974619,0.21922261349674638,-1.050558344827586,,False,True
2025-10-16,PGNY,TRAIN,0.5229769141624746,0.5750526173909385,0.5712405844155846,,True,False
2025-10-16,PPTA,TRAIN,0.09605039791522314,0.4069110437150045,-1.1159121599999997,,False,True
2025-10-16,SION,TRAIN,0.39057817225341274,0.300248363008855,2.0,,False,False
2025-10-16,SMCX,TRAIN,0.14350667691992736,0.30614130893325614,-1.0432617948347107,,False,True
2025-10-16,SMST,TRAIN,0.7438696417150765,0.7522450122043736,2.0,,True,False
2025-10-16,SYRE,TRAIN,0.321668196298192,0.30473376349388254,-1.1226741142857126,,False,False
2025-10-16,TNXP,TRAIN,0.33141522524892364,0.5911292836295526,-1.0613015999999995,,False,False
2025-10-16,VIXY,TRAIN,0.5167631781409016,0.6543838896249853,2.0,,True,False
2025-10-16,VXX,TRAIN,0.5185866549428623,0.6175738240665506,2.0,,True,False
2025-10-16,WDC,TRAIN,0.14979261888905704,0.36465012538223907,-1.1247607436619729,,False,True
2025-10-16,WGS,TRAIN,0.20728980009042572,0.2999517097684682,-1.137076298039215,,False,True
2025-10-17,BABX,TRAIN,0.2890621058415998,0.4376251998031428,-1.1028538875000011,,False,False
2025-10-17,CLS,TRAIN,0.12070157192118625,0.3385402812945844,-1.0982141594968549,,False,True
2025-10-17,CLSX,TRAIN,0.15549816178107057,0.08617202974110888,-1.0478236705882351,,False,True
2025-10-17,CONL,TRAIN,0.2610565767250628,0.43038699521607254,-1.0685090823529413,,False,False
2025-10-17,CORD,TRAIN,0.20686466099167353,0.2076789697190936,-1.1396206410763796,,False,True
2025-10-17,CRDO,TRAIN,0.15111667569332485,0.36320847529192385,-1.0649103449375066,,False,True
2025-10-17,FUTU,TRAIN,0.1500727175817067,0.32860988394476803,-1.1456277473684149,,False,True
2025-10-17,HROW,TRAIN,0.5221221625987368,0.3446426605118961,2.0,,True,False
2025-10-17,INOD,TRAIN,0.333281558339767,0.3056871259588599,-1.1039740125954904,,False,False
2025-10-17,INTC,TRAIN,0.23675487536317627,0.2864545182866027,-1.0948372218181823,,False,False
2025-10-17,INTW,TRAIN,0.2797471283060411,0.5783466909288141,-1.038394318709447,,False,False
2025-10-17,LITE,TRAIN,0.25167564285979627,0.4031012275896968,-1.074382927272727,,False,False
2025-10-17,METC,TRAIN,0.24217484453270613,0.21855113094060752,-1.091801316312057,,False,False
2025-10-17,NKTR,TRAIN,0.5829758418631384,0.6605071872900663,-1.0378364429628903,,True,False
2025-10-17,OKLL,TRAIN,0.3497419280587206,0.3376112777659462,-1.0392616664738414,,False,False
2025-10-17,OKLO,TRAIN,0.13946552196246975,0.17224576374752698,-1.077318057142857,,False,True
2025-10-17,RGTI,TRAIN,0.148484303918639,0.06030121793859011,-1.043724488888889,,False,True
2025-10-17,RGTIW,TRAIN,0.5022179794954577,0.6852315694465798,-1.0496964000000002,,True,False
2025-10-17,RIOX,TRAIN,0.5534258813788216,0.4356253466582205,2.0,,True,False
2025-10-17,RKLX,TRAIN,0.44523808603383386,0.5513164461331512,-1.1978060735848997,,True,False
2025-10-17,SNDK,TRAIN,0.21279337678798282,0.2800464881850014,-1.05742256,,False,True
2025-10-17,SOFX,TRAIN,0.31223662365956006,0.3192422311898519,-1.0591558709677416,,False,False
2025-10-17,TSLL,TRAIN,0.12943804975393605,0.20959797763378632,-1.0756149333333334,,False,True
2025-10-17,VKTX,TRAIN,0.20356993525152928,0.5413903475157609,-1.0625944106666667,,False,True
2025-10-20,AAOI,TRAIN,0.20442401403760327,0.29061577597574634,-1.0440684934579445,,False,True
2025-10-20,AAPU,TRAIN,0.5583148901213075,0.3419953062221508,0.0319857618903389,,True,False
2025-10-20,AEHR,TRAIN,0.6920335595649302,0.43910797775514804,2.0,,True,False
2025-10-20,AMDG,TRAIN,0.19343096014656325,0.2714930042372259,-1.1403602200000005,,False,True
2025-10-20,AMDL,TRAIN,0.18793942882076317,0.32590350890039227,-1.1283933289256194,,False,True
2025-10-20,AMUU,TRAIN,0.30829271922560536,0.21863577457984812,-1.3245902081344028,,False,False
2025-10-20,AOSL,TRAIN,0.22472308520573672,0.25848205739753494,-1.1379582399999988,,False,False
2025-10-20,APLS,TRAIN,0.8171823983552757,0.6164032036199356,2.0,,True,False
2025-10-20,ASTX,TRAIN,0.1574955518974575,0.15355958272265796,-1.073361380039192,,False,True
2025-10-20,BABX,TRAIN,0.4922394837183014,0.21325162629335934,2.0,,True,False
2025-10-20,BEAM,TRAIN,0.31599686957384304,0.3171275673113503,-1.1315884266666665,,False,False
2025-10-20,BETR,TRAIN,0.10951552081635724,0.2505755468772987,-1.0535485708333332,,False,True
2025-10-20,BKSY,TRAIN,0.21818219356856405,0.3070191360817856,-1.1071094057776478,,False,True
2025-10-20,BMNU,TRAIN,0.06806115651441472,0.12168068321133262,-1.0724145882352938,,False,True
2025-10-20,CLPT,TRAIN,0.26694257897854007,0.27258356514140414,2.0,,False,False
2025-10-20,CLSK,TRAIN,0.2584259578413434,0.2238716564281654,-1.120067184313726,,False,False
2025-10-20,CONL,TRAIN,0.4560512603031279,0.2846949903467985,-1.109904576879546,,True,False
2025-10-20,CORD,TRAIN,0.6503054414278802,0.43889644270439615,2.0,,True,False
2025-10-20,DAVE,TRAIN,0.22973880968097776,0.3818975707667349,-1.126056422703199,,False,False
2025-10-20,FIGR,TRAIN,0.12779593875179415,0.21901801639048835,-1.0541565818181815,,False,True
2025-10-20,GEOS,TRAIN,0.5240523634094593,0.4132520277252028,1.200462025316457,,True,False
2025-10-20,GLXU,TRAIN,0.45477055664224963,0.16760359789442186,2.0,,True,False
2025-10-20,MARA,TRAIN,0.28357348095902246,0.3358604380285982,-1.141810933333335,,False,False
2025-10-20,MRAL,TRAIN,0.6151923664030342,0.37511494418887825,2.0,,True,False
2025-10-20,NTLA,TRAIN,0.18950109871476012,0.26463781097981326,-1.0732032,,False,True
2025-10-20,NUTX,TRAIN,0.8236720815680244,0.5713168388278028,1.3020798771121398,,True,False
2025-10-20,RDTL,TRAIN,0.1765390351617391,0.25355271135778495,-1.0562162935779815,,False,True
2025-10-20,RIOT,TRAIN,0.3381635407025343,0.31715842837244296,-1.1383244151390808,,False,False
2025-10-20,RIOX,TRAIN,0.22041469372817704,0.38716052567707276,-1.175569513669063,,False,True
2025-10-20,RKLX,TRAIN,0.19137533425079128,0.48108833353863834,-1.1339850655570385,,False,True
2025-10-20,ROBN,TRAIN,0.2114592091486364,0.3008539710651765,-1.1253574400000004,,False,True
2025-10-20,SDGR,TRAIN,0.23256784332013805,0.3412773884419921,-1.0669182620689657,,False,False
2025-10-20,SEDG,TRAIN,0.2724458495782106,0.4144242824862421,-0.4668521739130415,,False,False
2025-10-20,SOFI,TRAIN,0.3518364462756895,0.2238443817709956,-0.2938546603475572,,False,False
2025-10-20,SOFX,TRAIN,0.21572941189578232,0.38825245426394656,-1.1166502361851318,,False,True
2025-10-20,TEM,TRAIN,0.18521422289904424,0.22328219288721393,-1.0656984893401011,,False,True
2025-10-20,TEMT,TRAIN,0.165457477385237,0.341214741727923,-1.0354345885350318,,False,True
2025-10-20,TWST,TRAIN,0.7996986709117779,0.6281468039255197,2.0,,True,False
2025-10-20,USAR,TRAIN,0.39205516777360777,0.29485424768907537,0.4043263913401616,,False,False
2025-10-20,VHC,TRAIN,0.39828787033173063,0.48305793053106927,-1.497352751418188,,False,False
2025-10-20,VOYG,TRAIN,0.3478975267105497,0.3000776224389854,0.0100092592592581,,False,False
2025-10-21,BITX,TRAIN,0.5069131515161484,0.35913301060286223,2.0,,True,False
2025-10-21,BMA,TRAIN,0.18232680826137546,0.2247855684565624,-1.1245333508196722,,False,True
2025-10-21,BMNU,TRAIN,0.111995734736518,0.35119089571940826,-1.048749285025955,,False,True
2025-10-21,BTCL,TRAIN,0.17724544780222895,0.39710056645646846,-1.101473088888889,,False,True
2025-10-21,CMC,TRAIN,0.40276600778472826,0.47926307009955854,0.59511550387597,,False,False
2025-10-21,CRCD,TRAIN,0.07610338862990669,0.3002271564991521,-1.0948531956100698,,False,True
2025-10-21,CTEV,TRAIN,0.20753368135213604,0.2626646135691935,-1.0557363805358118,,False,True
2025-10-21,DAVE,TRAIN,0.3320506819914584,0.4157377427091519,-1.0888476795389042,,False,False
2025-10-21,ETHT,TRAIN,0.7163330819702941,0.5339930815474263,2.0,,True,False
2025-10-21,ETHU,TRAIN,0.6074992659466243,0.5511278514573724,2.0,,True,False
2025-10-21,ETU,TRAIN,0.42050794179608103,0.24088141047680903,2.0,,True,False
2025-10-21,FWRD,TRAIN,0.17038104206998547,0.14084813864892512,-1.1083151999999994,,False,True
2025-10-21,GGAL,TRAIN,0.3110574475603204,0.5348337435385103,-1.1399546909090916,,False,False
2025-10-21,IT,TRAIN,0.3341192560885555,0.3455550356288913,-1.203613646877696,,False,False
2025-10-21,KVYO,TRAIN,0.4016638241256137,0.4322448424128264,1.513195576251449,,False,False
2025-10-21,MRAL,TRAIN,0.1399191523984537,0.26537611939780187,-1.1644903272727276,,False,True
2025-10-21,NAIL,TRAIN,0.7917583992760694,0.45261060513220724,2.0,,True,False
2025-10-21,OSCR,TRAIN,0.36514099029928765,0.2025290075563302,2.0,,False,False
2025-10-21,OSCX,TRAIN,0.6703488754255442,0.5690583667414225,1.7224696403549715,,True,False
2025-10-21,OUST,TRAIN,0.4111602265080118,0.3099834388793482,2.0,,True,False
2025-10-21,PRAX,TRAIN,0.23716082583834672,0.3874741762525265,-1.3181053850973483,,False,False
2025-10-21,SLON,TRAIN,0.1654465137897759,0.5312159146645405,-1.0720474452834956,,False,True
2025-10-21,SOLZ,TRAIN,0.317375548688918,0.5301227078256355,-1.1005783999999996,,False,False
2025-10-21,SPHR,TRAIN,0.308099794349176,0.21134681857879953,-1.1251132821917802,,False,False
2025-10-21,SSK,TRAIN,0.34159706394953054,0.45008692542215323,-1.1100842773333333,,False,False
2025-10-21,U,TRAIN,0.1900884048161797,0.22370281193348968,-1.0752914985074624,,False,True
2025-10-21,VERX,TRAIN,0.40575360990009374,0.28210045581379717,-1.148536103225812,,True,False
2025-10-21,VICR,TRAIN,0.32413183598289025,0.7776058452957781,-1.039220606060606,,False,False
2025-10-21,XXRP,TRAIN,0.5218042013469468,0.301226041234014,2.0,,True,False
2025-10-22,BBNX,TRAIN,0.2602074259436929,0.44021880016804094,-1.234475266868074,,False,False
2025-10-22,CONI,TRAIN,0.3912167927976778,0.2303153469568441,2.0,,False,False
2025-10-22,FRMI,TRAIN,0.034344674284651155,0.08701987993416886,-1.0748601756097511,,False,True
2025-10-22,GDXU,TRAIN,0.11371903809951146,0.3315495648111902,-1.1060852710151847,,False,True
2025-10-22,HTFL,TRAIN,0.1734617998944737,0.31806475526529615,-1.140139999999999,,False,True
2025-10-22,IDR,TRAIN,0.13123331182629927,0.2389902626535059,-1.1139562229035158,,False,True
2025-10-22,IREN,TRAIN,0.32091923834128283,0.21779155720962126,-1.0496595921568628,,False,False
2025-10-22,METC,TRAIN,0.10533895823405652,0.17098086035627724,-1.0788921247726957,,False,True
2025-10-22,PI,TRAIN,0.3436988714459459,0.3956363463251087,-1.072086,,False,False
2025-10-22,QBTZ,TRAIN,0.17841899158936586,0.17225289043067465,-1.0504236517165813,,False,True
2025-10-22,QFIN,TRAIN,0.20033230712006114,0.43574806790558285,-1.0907725000000004,,False,True
2025-10-22,RGTZ,TRAIN,0.28258398472189217,0.35360896095435135,-1.1141140000000007,,False,False
2025-10-22,SNDK,TRAIN,0.1323050704756316,0.24330250068352732,-1.096652270880361,,False,True
2025-10-22,STC,TRAIN,0.3817586156760612,0.27824290999184625,-0.7733360139860153,,False,False
2025-10-22,UNF,TRAIN,0.6243245707326281,0.27234011574492967,0.5658146408839797,,True,False
2025-10-22,UUUU,TRAIN,0.1595232440695361,0.3030097787644368,-1.072352,,False,True
2025-10-22,VIXY,TRAIN,0.2734783542165962,0.5373638378540494,-1.1361859199999995,,False,False
2025-10-22,VXX,TRAIN,0.21902460053228887,0.42050450623674734,-1.03579095245283,,False,True
2025-10-23,AA,TRAIN,0.3010193429063525,0.2603692878237263,-1.1378476878048769,,False,False
2025-10-23,AAOI,TRAIN,0.3280831992916741,0.4525101655124064,-1.1271736291970798,,False,False
2025-10-23,AEHR,TRAIN,0.20193877151790152,0.37778686822340224,-1.1254613629629615,,False,True
2025-10-23,ALAB,TRAIN,0.17881850001044772,0.3623143936203354,-1.1183077446808514,,False,True
2025-10-23,APLD,TRAIN,0.2013221752499165,0.3807122954164042,-1.1096101658536597,,False,True
2025-10-23,APLX,TRAIN,0.5982283557912946,0.45097976149456637,2.0,,True,False
2025-10-23,APPX,TRAIN,0.45861125665630026,0.2118448487266288,0.4893604651162775,,True,False
2025-10-23,ATI,TRAIN,0.28151647552472275,0.3245773952908994,-1.115058300000001,,False,False
2025-10-23,BETR,TRAIN,0.4034955612338957,0.2514806774029274,2.0,,False,False
2025-10-23,CACI,TRAIN,0.20708625008091622,0.21976631138209696,-1.087829577060932,,False,True
2025-10-23,CELC,TRAIN,0.23418614923414044,0.3499249544682598,-1.1545212068965507,,False,False
2025-10-23,CLSX,TRAIN,0.23355636836101124,0.11055943927609728,-1.083649362376237,,False,False
2025-10-23,CRDO,TRAIN,0.7222403916175539,0.5772591723984385,2.0,,True,False
2025-10-23,CYD,TRAIN,0.21283209021296154,0.39088653128298545,-1.1495991436619577,,False,True
2025-10-23,DAR,TRAIN,0.45255078271849225,0.2597565022735856,1.5912034090909215,,True,False
2025-10-23,DK,TRAIN,0.40493153843864976,0.34416948091645655,-1.1128510782608694,,True,False
2025-10-23,FEIM,TRAIN,0.48789028396672895,0.40470784895715106,2.0,,True,False
2025-10-23,GEOS,TRAIN,0.2588346222872019,0.49425471602715726,-1.0627925103448277,,False,False
2025-10-23,GGAL,TRAIN,0.35393066269723744,0.4088068496598472,2.0,,False,False
2025-10-23,GSHD,TRAIN,0.2632284182648732,0.3153974282973166,-1.1001091909774434,,False,False
2025-10-23,HAS,TRAIN,0.40356760784129964,0.3326441961589865,2.0,,False,False
2025-10-23,HOOG,TRAIN,0.6126416855486456,0.48650636788485097,2.0,,True,False
2025-10-23,HRMY,TRAIN,0.2514945734377015,0.31028333698607097,-1.1373822372881364,,False,False
2025-10-23,IONX,TRAIN,0.2601194217255662,0.0641541225060924,-1.0407239506727717,,False,False
2025-10-23,IREN,TRAIN,0.20247020181308686,0.3155228189038234,-1.0786293779632723,,False,True
2025-10-23,LEU,TRAIN,0.2522007478873373,0.3537302515920626,-1.1173093670886078,,False,False
2025-10-23,LITE,TRAIN,0.15057951807559522,0.3729453818117692,-0.0999103448275814,,False,True
2025-10-23,LRCX,TRAIN,0.6633105225472626,0.46551974379188155,0.823497309941528,,True,False
2025-10-23,MULL,TRAIN,0.2741329680120525,0.5774984687411964,-1.258267300000001,,False,False
2025-10-23,MUU,TRAIN,0.5718474214299823,0.5305237220996329,1.605315141955832,,True,False
2025-10-23,NBIS,TRAIN,0.32933524401805764,0.5521529554362373,-1.1332738814814816,,False,False
2025-10-23,NEBX,TRAIN,0.5913383669776828,0.32029500320532217,2.0,,True,False
2025-10-23,OKLL,TRAIN,0.27583264298676097,0.19159303513404813,-1.0675640000000002,,False,False
2025-10-23,ORCX,TRAIN,0.22426951961176947,0.34519561796674725,-0.3317873875000107,,False,False
2025-10-23,OUST,TRAIN,0.5540182354969083,0.5002115463073733,2.0,,True,False
2025-10-23,PARR,TRAIN,0.607001940936663,0.4141485895627306,2.0,,True,False
2025-10-23,PBF,TRAIN,0.3427861343540618,0.16236124744478256,2.0,,False,False
2025-10-23,PPIH,TRAIN,0.36138355294949787,0.3526980589181086,-1.078982117171717,,False,False
2025-10-23,RGTX,TRAIN,0.1130644990272613,0.07043989720792426,-1.073330424181358,,False,True
2025-10-23,RIOX,TRAIN,0.16114420329398574,0.23720528045028036,-1.161957132307696,,False,True
2025-10-23,SN,TRAIN,0.11847565764390908,0.43694637262653807,-1.1339457177664976,,False,True
2025-10-23,SNDK,TRAIN,0.43720117981543605,0.27138982581987336,2.0,,True,False
2025-10-23,SOFX,TRAIN,0.4521692630453013,0.2947939015017838,2.0,,True,False
2025-10-23,SOXL,TRAIN,0.5276306397434151,0.6614765362994578,2.0,,True,False
2025-10-23,SUPX,TRAIN,0.1732511609066277,0.2789003707787193,-1.688077057411765,,False,True
2025-10-23,TBN,TRAIN,0.1937984492073724,0.2770258824444588,-2.691259475862048,,False,True
2025-10-23,TSCO,TRAIN,0.6290625641551699,0.277029448587821,2.0,,True,False
2025-10-23,TSLA,TRAIN,0.23596597223278065,0.014046339741379902,-1.133324277657268,,False,False
2025-10-23,TSLL,TRAIN,0.5518900037227513,0.30617331595420566,2.0,,True,False
2025-10-23,TSLR,TRAIN,0.5312127059267743,0.4231872420353319,2.0,,True,False
2025-10-23,TSLT,TRAIN,0.6116074536962055,0.46888322409101674,2.0,,True,False
2025-10-23,TSLW,TRAIN,0.4426178505004789,0.45727906398141716,0.9758493506493602,,True,False
2025-10-23,USNA,TRAIN,0.4414313067546805,0.2574002079897792,0.4881044776119362,,True,False
2025-10-23,VLO,TRAIN,0.47702093543786844,0.3592332245438844,-1.1236334575916231,,True,False
2025-10-23,VOR,TRAIN,0.11804874820598683,0.20930740182318877,-1.066695389090909,,False,True
2025-10-23,VRT,TRAIN,0.30638122244000326,0.4387645512193641,-1.125518484,,False,False
2025-10-23,VRTL,TRAIN,0.7017019106177403,0.45924303435008595,0.2326182016128991,,True,False
2025-10-23,WGMI,TRAIN,0.610114002165716,0.45979983076118236,-0.7172364285714297,,True,False
2025-10-24,AMDG,TRAIN,0.09396086413012425,0.1847288423319041,-1.1103486222222223,,False,True
2025-10-24,AMDL,TRAIN,0.40537316594148154,0.17194846161153424,0.5889527112232038,,True,False
2025-10-24,AMUU,TRAIN,0.4335097108439697,0.3258180685958872,0.8729811649256143,,True,False
2025-10-24,ARQQ,TRAIN,0.1180811622376958,0.2405146749484101,-1.0647215999999995,,False,True
2025-10-24,BALY,TRAIN,0.05969456228349943,0.17560670097210718,-1.0459914,,False,True
2025-10-24,CCCX,TRAIN,0.21757034550501292,0.44456004631629753,-1.037817307049541,,False,True
2025-10-24,CENX,TRAIN,0.15758388139779367,0.29304475756321957,-1.0561082666666666,,False,True
2025-10-24,CIFR,TRAIN,0.6954065142284376,0.25414765935016115,2.0,,True,False
2025-10-24,CLSX,TRAIN,0.20235114944200713,0.23148453421978368,-1.0998977777777783,,False,True
2025-10-24,CONL,TRAIN,0.36520402083075715,0.25487488129943503,2.0,,False,False
2025-10-24,CRCL,TRAIN,0.2658714273313159,0.34020335837283533,-1.0752559209486166,,False,False
2025-10-24,CRWU,TRAIN,0.1207057778017886,0.1791293541851799,-1.1273974896551724,,False,True
2025-10-24,ENVA,TRAIN,0.2570776836403704,0.25166209861796535,-1.1234976814480933,,False,False
2025-10-24,GDXU,TRAIN,0.18763543954819475,0.2651590641910583,-1.07679626148443,,False,True
2025-10-24,HUT,TRAIN,0.5289250565566138,0.38637073995289006,2.0,,True,False
2025-10-24,IBM,TRAIN,0.6131136612133755,0.5253401948448706,2.0,,True,False
2025-10-24,IONL,TRAIN,0.18352478194705477,0.08727863839136475,-1.0696852658227842,,False,True
2025-10-24,IONX,TRAIN,0.214166938801916,0.22273777892793123,-1.0643071764705885,,False,True
2025-10-24,IREN,TRAIN,0.2295578862428503,0.13503359200865056,-1.109208510673362,,False,False
2025-10-24,LTBR,TRAIN,0.19595598483095317,0.2131229083934344,-1.0813516270181225,,False,True
2025-10-24,NEBX,TRAIN,0.17910364301321674,0.21900955054655077,-1.1293291999999986,,False,True
2025-10-24,NVA,TRAIN,0.08916323727992446,0.15513231219260104,-1.036257616064257,,False,True
2025-10-24,OKLL,TRAIN,0.10464025378175591,0.10830591911415065,-1.04889161964836,,False,True
2025-10-24,OPRX,TRAIN,0.24297136355830734,0.35653612417490244,-1.1249089739130431,,False,False
2025-10-24,QBTS,TRAIN,0.14325962270888104,0.33128374659604753,-1.0488730666666666,,False,True
2025-10-24,QPUX,TRAIN,0.14503356015273883,0.11615184397825021,-1.0587860000000002,,False,True
2025-10-24,RGTI,TRAIN,0.2871477587046187,0.4405425888241496,-1.0825083636363633,,False,False
2025-10-24,RGTX,TRAIN,0.09704060005140364,0.23761351556661664,-1.0385292479108634,,False,True
2025-10-24,SEDG,TRAIN,0.18764387022639034,0.2883766060928135,-1.1423470379746825,,False,True
2025-10-24,SMU,TRAIN,0.054996061646598975,0.08782183878427041,-1.0368144,,False,True
2025-10-24,SNDK,TRAIN,0.46884546267424465,0.3000898443281606,1.300340547555258,,True,False
2025-10-24,STEM,TRAIN,0.059495076820514324,0.2568131323199051,-1.0746439811764703,,False,True
2025-10-24,STUB,TRAIN,0.230466120167185,0.2528848768224569,-1.068653951219512,,False,False
2025-10-24,WYFI,TRAIN,0.4384701435449162,0.494317863543298,2.0,,True,False
2025-10-27,ARQQ,TRAIN,0.20444137200548212,0.3881877669313675,-1.108923030501804,,False,True
2025-10-27,ASTX,TRAIN,0.4800926944803964,0.37333221246624443,0.7343810848400549,,True,False
2025-10-27,CDTX,TRAIN,0.7597053425194472,0.518148649275767,2.0,,True,False
2025-10-27,CELC,TRAIN,0.2905648424361921,0.1909864826026531,0.0953233011130629,,False,False
2025-10-27,ETHZ,TRAIN,0.17578393454322,0.745935077616801,-1.0431232941176471,,False,True
2025-10-27,IONX,TRAIN,0.17446533418324414,0.1933068432126906,-1.0799880808080806,,False,True
2025-10-27,MVLL,TRAIN,0.2053004324766141,0.2633175458842552,-1.2316308571428602,,False,True
2025-10-27,NBIL,TRAIN,0.23258787233603762,0.3310650896719514,-1.135738338461539,,False,False
2025-10-27,NEGG,TRAIN,0.6332047464059024,0.15985288874631157,2.0,,True,False
2025-10-27,PPTA,TRAIN,0.15340135520498138,0.33221393868790033,-1.0811147999999997,,False,True
2025-10-27,QBTS,TRAIN,0.07657367638262903,0.25462651507075273,-1.0506833600000005,,False,True
2025-10-27,QURE,TRAIN,0.37176634113984497,0.38343150033174106,2.0,,False,False
2025-10-27,RGTI,TRAIN,0.1577761874731952,0.24602602729651774,-1.0592155200000002,,False,True
2025-10-27,RGTIW,TRAIN,0.12191610521802766,0.17057126990464233,-1.1838683098542524,,False,True
2025-10-27,RGTX,TRAIN,0.47641390054861893,0.4568730080072966,2.0,,True,False
2025-10-27,SMCX,TRAIN,0.5279185928523007,0.3894905586170477,0.1149879919946621,,True,False
2025-10-27,SMLR,TRAIN,0.6620192779318322,0.5295689630679227,2.0,,True,False
2025-10-27,SYM,TRAIN,0.4976062120370717,0.3416311279641631,2.0,,True,False
2025-10-27,URGN,TRAIN,0.5645958972752413,0.6042824620340846,2.0,,True,False
2025-10-27,XENE,TRAIN,0.33261397936723547,0.3693218417998604,-1.1247209599999997,,False,False
2025-10-27,ZEPP,TRAIN,0.5800871658306255,0.29183628363055836,1.2344355828220726,,True,False
2025-10-28,APLD,TRAIN,0.6150524508887893,0.30360146000970345,2.0,,True,False
2025-10-28,APLX,TRAIN,0.1789665987233786,0.2727632058546692,-1.1924605029940083,,False,True
2025-10-28,BKU,TRAIN,0.36918895162464765,0.33204247889033545,-1.1041019588785053,,False,False
2025-10-28,CECO,TRAIN,0.26142880978499566,0.3986484480579264,-1.1167234823529413,,False,False
2025-10-28,CLSX,TRAIN,0.3896016542364092,0.2465080219135806,-1.0506776941176468,,False,False
2025-10-28,CMCL,TRAIN,0.13514536593129567,0.28030620676335405,-0.0728344355219617,,False,True
2025-10-28,EDN,TRAIN,0.7772122319530173,0.5700485144799139,2.0,,True,False
2025-10-28,FRMI,TRAIN,0.3712580293948531,0.5425191523932239,-1.0766126928455289,,False,False
2025-10-28,GDXU,TRAIN,0.7174972337809724,0.5926781150223372,2.0,,True,False
2025-10-28,GGAL,TRAIN,0.5619798560963232,0.484921802339895,0.4160224999999909,,True,False
2025-10-28,INBX,TRAIN,0.7275801585921889,0.6289909344708541,2.0,,True,False
2025-10-28,INTC,TRAIN,0.17997366704097054,0.5865347253351753,-1.1294863818181804,,False,True
2025-10-28,INTW,TRAIN,0.46101465620120435,0.3509145280414724,2.0,,True,False
2025-10-28,JNUG,TRAIN,0.587732167184093,0.43713478941212697,2.0,,True,False
2025-10-28,MRAL,TRAIN,0.09036981033488768,0.14242476955606986,-1.2707537428571387,,False,True
2025-10-28,MSCI,TRAIN,0.2714190058491393,0.5264494042996636,-1.1741688467332885,,False,False
2025-10-28,NAIL,TRAIN,0.23087927169094433,0.2218487874943246,-1.1068155858823536,,False,False
2025-10-28,NEGG,TRAIN,0.23109868571147002,0.3123076360644652,-1.0663572741679874,,False,False
2025-10-28,NUGT,TRAIN,0.37437257316894507,0.38583875113929234,1.9999999999999896,,False,False
2025-10-28,OKLL,TRAIN,0.09526081628568003,0.15414539457451396,-1.041439069968951,,False,True
2025-10-28,PONY,TRAIN,0.12071646514099302,0.2826431966255552,-1.059256288,,False,True
2025-10-28,QBTX,TRAIN,0.09268881590409554,0.14726062497020673,-1.0759195666666663,,False,True
2025-10-28,RCUS,TRAIN,0.19524693485368688,0.3795756104563,-1.145454399999999,,False,True
2025-10-28,RGTU,TRAIN,0.5122427190178529,0.08527443204942231,2.0,,True,False
2025-10-28,RGTX,TRAIN,0.20733818058947492,0.33708157968913127,-1.11467386590693,,False,True
2025-10-28,SCLX,TRAIN,0.19388224000020057,0.21408360087692713,-1.308940831999989,,False,True
2025-10-28,SMCX,TRAIN,0.5487845738483879,0.3403093627109797,2.0,,True,False
2025-10-28,SMR,TRAIN,0.5616511410790699,0.17671963107902058,2.0,,True,False
2025-10-28,SMU,TRAIN,0.420614672392106,0.49147548406585884,2.0,,True,False
2025-10-28,TRS,TRAIN,0.3259650085299271,0.35258499815740746,-1.0927957333333334,,False,False
2025-10-28,URAA,TRAIN,0.17438612182830057,0.29060975001566836,-1.1115079120815112,,False,True
2025-10-28,UUUU,TRAIN,0.1681343083256157,0.2279830325633366,-1.1087939999999994,,False,True
2025-10-28,WGS,TRAIN,0.5513141771679971,0.42591540363372693,2.0,,True,False
2025-10-28,WHR,TRAIN,0.29934915695999736,0.4040335100337867,-1.1240108192107403,,False,False
2025-10-29,AEHR,TRAIN,0.4418964466996221,0.3500403383458197,2.0,,True,False
2025-10-29,AMSC,TRAIN,0.32647017262379013,0.2501064604565008,2.0,,False,False
2025-10-29,BETR,TRAIN,0.18426983383231604,0.26908131373702543,-1.1081474847457629,,False,True
2025-10-29,BKV,TRAIN,0.5941279766223109,0.6058270660794819,2.0,,True,False
2025-10-29,CECO,TRAIN,0.3706791867040063,0.28134028096566843,-1.0905367272727269,,False,False
2025-10-29,CEG,TRAIN,0.35846654513925547,0.4226017121749988,-1.1056445600000002,,False,False
2025-10-29,CHE,TRAIN,0.16329003689352883,0.2225604028616332,-1.133890330578513,,False,True
2025-10-29,CONI,TRAIN,0.23099180578510442,0.39645096211010444,-1.242105326243898,,False,False
2025-10-29,EDN,TRAIN,0.3753804621540439,0.30903666004983954,2.0000000000000067,,False,False
2025-10-29,FLEX,TRAIN,0.3262099798462039,0.40799682524870956,-1.1312688000000002,,False,False
2025-10-29,FLNC,TRAIN,0.05880274916736205,0.21256982538684743,-0.1800027030679817,,False,True
2025-10-29,FWONA,TRAIN,0.38803583897808197,0.2660301307741293,-1.152168198581563,,False,False
2025-10-29,FWONK,TRAIN,0.3407161038675753,0.2904109917561005,-1.1003637668571382,,False,False
2025-10-29,GTES,TRAIN,0.299579844268073,0.21467575048240697,-1.0379227333333334,,False,False
2025-10-29,HRI,TRAIN,0.2590922339643965,0.28430358261486827,-1.128409984810128,,False,False
2025-10-29,HURN,TRAIN,0.1858486147165844,0.1899754691541051,-1.0993898507462687,,False,True
2025-10-29,INBX,TRAIN,0.5681393482782665,0.4325638042205634,2.0,,True,False
2025-10-29,IONL,TRAIN,0.17059600851717957,0.07233695290468921,-1.0552651272727271,,False,True
2025-10-29,IONX,TRAIN,0.46926234990974036,0.11726595280781893,2.0,,True,False
2025-10-29,ITT,TRAIN,0.24814397418930664,0.28903981054078837,-1.1360377200000016,,False,False
2025-10-29,JKS,TRAIN,0.17150087696244393,0.27010192339614897,-1.1063746666666674,,False,True
2025-10-29,JOBX,TRAIN,0.38318551293766295,0.40164672267219326,-1.0517127793235197,,False,False
2025-10-29,LEU,TRAIN,0.16732336605055786,0.28176388220553883,-1.1247590335336402,,False,True
2025-10-29,LGN,TRAIN,0.7290867936889965,0.21073068025729952,2.0,,True,False
2025-10-29,LITE,TRAIN,0.28873660055109185,0.3053516438804349,-1.1237845777777775,,False,False
2025-10-29,LMND,TRAIN,0.4535231308868168,0.2611845724597697,2.0,,True,False
2025-10-29,MIR,TRAIN,0.37432066358168997,0.19612485802361887,2.0,,False,False
2025-10-29,MOD,TRAIN,0.5750687933260852,0.28155727401332475,2.0,,True,False
2025-10-29,OKLL,TRAIN,0.03646366332304358,0.11973837407720224,-1.0492989904153354,,False,True
2025-10-29,OKLO,TRAIN,0.24467519766922788,0.24858776291895873,-1.049039430927835,,False,False
2025-10-29,OLN,TRAIN,0.42874592055583444,0.3377527081836431,2.0,,True,False
2025-10-29,OUST,TRAIN,0.3783739043602822,0.23624323605532094,-1.247033358339589,,False,False
2025-10-29,PB,TRAIN,0.4093604668982542,0.5392159550026708,-1.1191631320261437,,True,False
2025-10-29,PLTG,TRAIN,0.12971083468446407,0.2160207429244527,-1.397671748837214,,False,True
2025-10-29,PLTU,TRAIN,0.3113980655017721,0.2695080105727339,-1.1235586624999998,,False,False
2025-10-29,POWL,TRAIN,0.19380552221673247,0.29189663539231836,-1.4564945372460445,,False,True
2025-10-29,PSIX,TRAIN,0.3232966120338138,0.3478602581767747,-1.0932915200000002,,False,False
2025-10-29,PTIR,TRAIN,0.14689288854829982,0.1523642861903475,-1.1198773333333327,,False,True
2025-10-29,QBTX,TRAIN,0.15417892682063483,0.11200587221417922,-1.0853177538753551,,False,True
2025-10-29,QPUX,TRAIN,0.1939829056339282,0.22175602172528724,-1.398210883615822,,False,True
2025-10-29,RCUS,TRAIN,0.20154527726990518,0.22732738037564543,-1.0885248000000003,,False,True
2025-10-29,RGTU,TRAIN,0.19395672275348672,0.055378368698020444,-1.5603667990724757,,False,True
2025-10-29,RMBS,TRAIN,0.323606135137089,0.277654083231755,-1.110544940145985,,False,False
2025-10-29,RUN,TRAIN,0.5063818511670127,0.2668839626091617,2.0,,True,False
2025-10-29,SMU,TRAIN,0.1991855678110727,0.1150973179099418,-1.10624705,,False,True
2025-10-29,STX,TRAIN,0.19724253245319706,0.39709601807689165,-1.124945870363952,,False,True
2025-10-29,SYM,TRAIN,0.6315301017824936,0.49197465945356206,2.0,,True,False
2025-10-29,TGS,TRAIN,0.3241586462414627,0.36321539099584493,-1.095556066666666,,False,False
2025-10-29,WDC,TRAIN,0.6023734819462457,0.38910531425794836,2.0,,True,False
2025-10-29,WGS,TRAIN,0.2571121161836824,0.2472104255807132,-1.1038786849604216,,False,False
2025-10-30,AAMI,TRAIN,0.2678824152041916,0.24216793461071048,-1.0865557741176468,,False,False
2025-10-30,ALSN,TRAIN,0.6231932277149053,0.349788707806253,0.6426565960911981,,True,False
2025-10-30,APLX,TRAIN,0.2809594890985938,0.4889100667493712,-1.062918122743682,,False,False
2025-10-30,BIIB,TRAIN,0.5541101077806708,0.2532784479142129,2.0,,True,False
2025-10-30,BWA,TRAIN,0.5112210597912321,0.37795470374062023,0.6745985714285754,,True,False
2025-10-30,CAI,TRAIN,0.3139238941108309,0.2868752086478693,-1.2032644347826098,,False,False
2025-10-30,CCSI,TRAIN,0.23340845261304674,0.38512772417434976,-1.090808688372093,,False,False
2025-10-30,CDTX,TRAIN,0.5391113589404662,0.32201907251798445,2.0,,True,False
2025-10-30,CHTR,TRAIN,0.32228859683431516,0.27881247789658054,-1.1249446922201145,,False,False
2025-10-30,CMPR,TRAIN,0.6276891006623208,0.22127705902456143,0.7786498305084771,,True,False
2025-10-30,COKE,TRAIN,0.2558566806311745,0.3260222986523842,-1.218043288123201,,False,False
2025-10-30,CORZ,TRAIN,0.3826364825231645,0.3190795282118792,-1.0343824,,False,False
2025-10-30,CRDO,TRAIN,0.0930135510912713,0.3214300501341018,-1.0673234823529407,,False,True
2025-10-30,CRDU,TRAIN,0.42203764478659767,0.4387008956403798,2.0,,True,False
2025-10-30,DOCU,TRAIN,0.3770069003833198,0.33593242593048106,-0.3536480113636336,,False,False
2025-10-30,DPST,TRAIN,0.23986319458742095,0.2304460619280935,-1.11966288372093,,False,False
2025-10-30,FLNC,TRAIN,0.36831869974538206,0.20442699338868595,2.0,,False,False
2025-10-30,FRGE,TRAIN,0.5348714367707592,0.40694864373949086,0.8064934782608563,,True,False
2025-10-30,GDXU,TRAIN,0.3607001729954945,0.26258895715104513,1.1127591945080058,,False,False
2025-10-30,GFS,TRAIN,0.18946456897188813,0.2808863718461001,-1.1109633777777788,,False,True
2025-10-30,GRAL,TRAIN,0.11578325906272356,0.18764165892502158,-1.033939280653951,,False,True
2025-10-30,HWM,TRAIN,0.48819930313090104,0.3914286146327304,-1.1237682620985006,,True,False
2025-10-30,IDR,TRAIN,0.6526652709536774,0.5401922347167218,2.0,,True,False
2025-10-30,IMVT,TRAIN,0.6679747430804341,0.4749987219041198,2.0,,True,False
2025-10-30,INBX,TRAIN,0.2799400211915524,0.3731430283015458,-1.045569406779661,,False,False
2025-10-30,IONX,TRAIN,0.13299759729259217,0.26843453891634284,-1.0523434800000002,,False,True
2025-10-30,JOE,TRAIN,0.3944613780124917,0.2031399679382222,2.0,,False,False
2025-10-30,LABU,TRAIN,0.4079726774610349,0.4318618824651125,-1.104144444444444,,True,False
2025-10-30,LTBR,TRAIN,0.5084494675395264,0.44496068756762486,-1.072521848369674,,True,False
2025-10-30,MBX,TRAIN,0.338653853129099,0.5139248925442343,-1.0624244173913049,,False,False
2025-10-30,MGM,TRAIN,0.3620715101800973,0.4584306543079937,-1.0978097287356323,,False,False
2025-10-30,MRNA,TRAIN,0.8818592604634898,0.5410505979014627,2.0,,True,False
2025-10-30,NAIL,TRAIN,0.41527912072130707,0.4219389944501794,-1.1173414666666668,,True,False
2025-10-30,NBIL,TRAIN,0.23043830832340473,0.3567669352044358,-1.5589710222222206,,False,False
2025-10-30,NEBX,TRAIN,0.11027597349700455,0.31619082319359904,-1.0899677787543127,,False,True
2025-10-30,NEGG,TRAIN,0.3411247817635206,0.4501159128686364,-1.0697169932885902,,False,False
2025-10-30,NKTR,TRAIN,0.2762373098962781,0.27315100908102946,-1.0975941909090914,,False,False
2025-10-30,NNE,TRAIN,0.06414966246704043,0.15013949566884444,-1.0437673658243884,,False,True
2025-10-30,NTGR,TRAIN,0.5333744994955539,0.16411247619139885,2.0,,True,False
2025-10-30,OKLL,TRAIN,0.070262845868225,0.17627729108194123,-1.044079777801841,,False,True
2025-10-30,PBF,TRAIN,0.4412844080957399,0.2692199288568456,2.0,,True,False
2025-10-30,PRM,TRAIN,0.5164849084329856,0.20911099592315416,2.0,,True,False
2025-10-30,QBTX,TRAIN,0.3948084969053957,0.34532864520949186,2.0,,False,False
2025-10-30,RGTI,TRAIN,0.46476478457858356,0.33149130590091247,2.0,,True,False
2025-10-30,RGTU,TRAIN,0.6287180512450856,0.19046949004870872,2.0,,True,False
2025-10-30,RGTX,TRAIN,0.115121127170214,0.46831104546248564,-1.0951557486486485,,False,True
2025-10-30,SCI,TRAIN,0.6319262165681268,0.4240366818528777,2.0,,True,False
2025-10-30,SMU,TRAIN,0.1638211780323479,0.3568296162868732,-1.0446923135135135,,False,True
2025-10-30,SNDK,TRAIN,0.2655980288030535,0.30762019327508694,-1.0747003378746591,,False,False
2025-10-30,STX,TRAIN,0.2146710536322283,0.48352767591283846,-1.127942855930567,,False,True
2025-10-30,TEMT,TRAIN,0.15670725914407765,0.412251492504925,-1.0402555111111111,,False,True
2025-10-30,TT,TRAIN,0.488946032145833,0.20866706537245558,0.0714335230769237,,True,False
2025-10-30,UPB,TRAIN,0.18188254612438146,0.2298230161291609,-1.1390251607843125,,False,True
2025-10-30,VKTX,TRAIN,0.22916515884328562,0.25900529398138616,-1.1320956000000004,,False,False
2025-10-30,VRNS,TRAIN,0.2679058611326618,0.38984378642425044,-1.1246263554757638,,False,False
2025-10-30,WCC,TRAIN,0.42555352287380244,0.15822258006398865,2.0,,True,False
2025-10-31,ALAB,TRAIN,0.4258210657368946,0.38160706675694117,2.0,,True,False
2025-10-31,APLD,TRAIN,0.23006675136113308,0.27152305017765116,-1.0409081400000002,,False,False
2025-10-31,APPF,TRAIN,0.1927523038050792,0.2742042558480101,-1.0911249378255052,,False,True
2025-10-31,APPX,TRAIN,0.2703492940007165,0.4379237358052385,-1.088816,,False,False
2025-10-31,ARQQ,TRAIN,0.06991861486708424,0.2699341513362748,-1.3196384286215443,,False,True
2025-10-31,BEAM,TRAIN,0.2701027828796087,0.3553199209555336,-1.047464602739726,,False,False
2025-10-31,BMA,TRAIN,0.40935222728876286,0.3328294996135961,-1.1582085408450724,,True,False
2025-10-31,CHTR,TRAIN,0.6123518817802759,0.48556333352431313,0.5262344936708752,,True,False
2025-10-31,COIW,TRAIN,0.3253221279683013,0.272389423452988,2.0,,False,False
2025-10-31,CONL,TRAIN,0.5849331106433526,0.5471017960857282,2.0,,True,False
2025-10-31,CRDO,TRAIN,0.7117236696226141,0.5453038545277078,2.0,,True,False
2025-10-31,CRDU,TRAIN,0.35483539894462557,0.4291239565265731,2.0,,False,False
2025-10-31,CSIQ,TRAIN,0.5013033961945252,0.5758138847583734,2.0,,True,False
2025-10-31,CZR,TRAIN,0.21079414434821445,0.30418339441614506,-1.1270069879518083,,False,True
2025-10-31,DQ,TRAIN,0.6817313556371226,0.545062841493098,2.0,,True,False
2025-10-31,EVER,TRAIN,0.16399518245023534,0.30536797685676675,-0.2867468085106378,,False,True
2025-10-31,FLNC,TRAIN,0.3261216669075926,0.47827765251457766,-1.1152257308411206,,False,False
2025-10-31,FRMI,TRAIN,0.05398891577189594,0.1209561447037145,-1.075639118461826,,False,True
2025-10-31,FSLR,TRAIN,0.19771447488496827,0.3675409861312011,-1.1293746515097691,,False,True
2025-10-31,GSAT,TRAIN,0.8119771539899177,0.4635489788886313,2.0,,True,False
2025-10-31,HOOG,TRAIN,0.18193317176502274,0.36760677072421116,-1.1299748028503571,,False,True
2025-10-31,ICFI,TRAIN,0.25334296615403334,0.3437757713404079,-1.121731025806457,,False,False
2025-10-31,IONX,TRAIN,0.3363833540759217,0.4972413354156586,-1.075354455172414,,False,False
2025-10-31,LQDA,TRAIN,0.1405367865045242,0.17057351911638677,-1.1225515199999991,,False,True
2025-10-31,MEOH,TRAIN,0.5635102035930759,0.3927878237034159,2.0,,True,False
2025-10-31,MVLL,TRAIN,0.3642304862414009,0.2919883872914228,2.0,,False,False
2025-10-31,NBIL,TRAIN,0.15364153982094053,0.21314174519310453,-1.373833333333338,,False,True
2025-10-31,NEBX,TRAIN,0.33320270651163975,0.3624930546127707,-1.0455321226555525,,False,False
2025-10-31,NKTR,TRAIN,0.46559307351987556,0.5123106947398461,-1.0429194873786407,,True,False
2025-10-31,OPEX,TRAIN,0.4639788421564499,0.6724392828973235,1.999999999999996,,True,False
2025-10-31,OPRX,TRAIN,0.30681768169273993,0.30303620404044007,-1.340153170232555,,False,False
2025-10-31,QPUX,TRAIN,0.18397888640175078,0.20848387702434584,-1.1859071165217443,,False,True
2025-10-31,QSU,TRAIN,0.5979440094766411,0.5501599047487732,2.0,,True,False
2025-10-31,RGTX,TRAIN,0.20872189108775757,0.4003432295708357,-1.035868600175642,,False,True
2025-10-31,ROBN,TRAIN,0.31368172857599563,0.40029911286303843,-1.0556488182509507,,False,False
2025-10-31,SEDG,TRAIN,0.19430550803053298,0.28002310773523914,-1.1315132000000017,,False,True
2025-10-31,SHAK,TRAIN,0.3490033008607787,0.38645593341642603,-1.098785253731343,,False,False
2025-10-31,SNWV,TRAIN,0.2811162108100803,0.3006715101368471,-1.0633894625,,False,False
2025-10-31,SPXC,TRAIN,0.5054067430714618,0.1842390470535351,2.0,,True,False
2025-10-31,TEAM,TRAIN,0.14503501892880175,0.2749291095934492,-1.084517066666667,,False,True
2025-10-31,TGTX,TRAIN,0.15068561994172944,0.3038320161893292,-1.1012827034482726,,False,True
2025-10-31,TSSI,TRAIN,0.08979170404341251,0.3752895416902074,-1.149381074809161,,False,True
2025-10-31,TTMI,TRAIN,0.24972688709283475,0.3422847286374223,-1.1301393599999994,,False,False
2025-10-31,USNA,TRAIN,0.25812185959593825,0.21921443998114734,-1.1264004669619134,,False,False
2025-10-31,WERN,TRAIN,0.4272329321700209,0.30433733089501963,1.2886000000000009,,True,False
2025-10-31,WIX,TRAIN,0.21966532156279656,0.5189501789710734,-1.1231048000000008,,False,True
2025-10-31,WOLF,TRAIN,0.1886495950803907,0.3182232073118295,-1.1098423529411765,,False,True
2025-10-31,WULX,TRAIN,0.5001451731166178,0.5789615259458151,-1.4149677675295005,,True,False
2025-11-03,AMR,TRAIN,0.2643932022437403,0.2975245527432675,-0.7373438914027195,,False,False
2025-11-03,AXSM,TRAIN,0.2100102389077853,0.3636902551779543,-1.1319671599999994,,False,True
2025-11-03,BE,TRAIN,0.31013660070272786,0.3138907412897158,0.8105359307359291,,False,False
2025-11-03,BTU,TRAIN,0.48326029959727573,0.49622556394196066,0.7160098214285665,,True,False
2025-11-03,CRCD,TRAIN,0.441717915783136,0.42188379956200056,-0.0402570241575616,,True,False
2025-11-03,CVNA,TRAIN,0.4795160790672146,0.3954209175608066,2.0,,True,False
2025-11-03,FIGR,TRAIN,0.20943213643810213,0.2088646707683856,-1.1384549463414622,,False,True
2025-11-03,FRGE,TRAIN,0.2613725101813516,0.2774170943025647,1.282861111111111,,False,False
2025-11-03,INCY,TRAIN,0.5387425575187672,0.4725556329461387,2.0,,True,False
2025-11-03,LABD,TRAIN,0.1712634778019069,0.30463425708997416,-1.1379228857142876,,False,True
2025-11-03,MD,TRAIN,0.2139781900321087,0.2872883008591559,-1.0953939118644065,,False,True
2025-11-03,ON,TRAIN,0.24939525601103116,0.3346492790019948,-1.1092515200000002,,False,False
2025-11-03,PCRX,TRAIN,0.3060364344109619,0.5571105459372833,-1.1103101999999996,,False,False
2025-11-03,SOFX,TRAIN,0.23778949677475636,0.37449358912694414,-1.3078479149540485,,False,False
2025-11-03,TSLR,TRAIN,0.44044600322394784,0.23273319272239282,0.1645135416666621,,True,False
2025-11-04,ADM,TRAIN,0.23877738537334092,0.350460524004874,-1.1187685699241663,,False,False
2025-11-04,ALAB,TRAIN,0.1333086354264486,0.2423150268544813,-1.1381443555555544,,False,True
2025-11-04,AMDL,TRAIN,0.09504278505765455,0.26285009338335774,-1.148631127272728,,False,True
2025-11-04,AMUU,TRAIN,0.2763516348905321,0.4167167120965869,-1.1283923163841767,,False,False
2025-11-04,APLD,TRAIN,0.13898556009704638,0.19774692196152782,-1.063597736096218,,False,True
2025-11-04,ASTX,TRAIN,0.20570434083974562,0.15364801957883326,0.0449272189349128,,False,True
2025-11-04,AVGX,TRAIN,0.36543023494713495,0.3721149247835375,-1.1047749973276315,,False,False
2025-11-04,AVL,TRAIN,0.2285407282643438,0.2906309331969736,-1.0966685842696628,,False,False
2025-11-04,BETR,TRAIN,0.09000794537243789,0.21001689865992484,-1.067294910967742,,False,True
2025-11-04,BLSH,TRAIN,0.1675898958715034,0.2732870593753538,-1.0972658555555557,,False,True
2025-11-04,BMNR,TRAIN,0.11409149851238949,0.12372517137628497,-1.1101340377358504,,False,True
2025-11-04,BTDR,TRAIN,0.165618208417797,0.48680661403486963,-1.073671866666667,,False,True
2025-11-04,CAI,TRAIN,0.22909369968133958,0.24978058787539348,-1.1250982352941177,,False,False
2025-11-04,CAR,TRAIN,0.21197855206409438,0.32788027999618724,-1.1136294658682624,,False,True
2025-11-04,CIFR,TRAIN,0.34691206909518674,0.5741988263254828,2.0,,False,False
2025-11-04,CLSX,TRAIN,0.15357506879987967,0.12197071700845913,-1.3642506941417338,,False,True
2025-11-04,CMPO,TRAIN,0.2604280648075267,0.3063782439189223,-0.6320433926737413,,False,False
2025-11-04,CNC,TRAIN,0.19205254511851427,0.30449633447353136,-0.0152081970277578,,False,True
2025-11-04,CPRI,TRAIN,0.3877365748245057,0.31918206401285415,-1.064764497777778,,False,False
2025-11-04,CRDU,TRAIN,0.16848002598985656,0.2611362988984889,-1.083166381395349,,False,True
2025-11-04,CRK,TRAIN,0.7109409329253301,0.6053306765647497,2.0,,True,False
2025-11-04,ETHU,TRAIN,0.15922907062853336,0.2082402675612615,-1.0691639508711797,,False,True
2025-11-04,FLNC,TRAIN,0.11523016079935128,0.2293172705767019,-1.0588890042553194,,False,True
2025-11-04,FLY,TRAIN,0.19748996642385638,0.48156716554519324,-1.0978355940298503,,False,True
2025-11-04,HIMS,TRAIN,0.13050672726754892,0.15325894844031798,-1.0600442304660158,,False,True
2025-11-04,HLIO,TRAIN,0.2915979316137447,0.3071350282850983,-1.0902941640287749,,False,False
2025-11-04,HNGE,TRAIN,0.5377849676440974,0.46860778118748203,2.0,,True,False
2025-11-04,HUT,TRAIN,0.16632450209593105,0.20951412291064547,-1.0929618181818177,,False,True
2025-11-04,IDR,TRAIN,0.38427657752528577,0.3911853354497999,0.7377901162790722,,False,False
2025-11-04,IIPR,TRAIN,0.3718673556131976,0.263353919647231,-1.1986402724651224,,False,False
2025-11-04,IONL,TRAIN,0.07034555569806362,0.14146553282977903,-1.3037810406519386,,False,True
2025-11-04,IONX,TRAIN,0.19301705086002513,0.19410836898433495,-1.0876372916666652,,False,True
2025-11-04,IREN,TRAIN,0.3192694752028264,0.3771056233633443,2.0,,False,False
2025-11-04,JBTM,TRAIN,0.251186201699132,0.2891404862079565,-1.1166864146341453,,False,False
2025-11-04,KRUS,TRAIN,0.6078719424530907,0.3723401509426473,0.2567468421052667,,True,False
2025-11-04,LABX,TRAIN,0.34611524491417484,0.48837860964296687,-1.0537619330341732,,False,False
2025-11-04,LDOS,TRAIN,0.4952592093483077,0.2561558256017718,0.0975250814332244,,True,False
2025-11-04,LEU,TRAIN,0.09209818074462352,0.24619559423402587,-1.0471850860701797,,False,True
2025-11-04,LQDA,TRAIN,0.7213274558644488,0.4369254584804366,2.0,,True,False
2025-11-04,MD,TRAIN,0.20806380289608264,0.20209136634094235,-1.1360301594982087,,False,True
2025-11-04,MVLL,TRAIN,0.18734080982600296,0.2787735557302638,-1.211568652631584,,False,True
2025-11-04,NBTX,TRAIN,0.1330410063627256,0.14437974568857942,-1.1213641846153837,,False,True
2025-11-04,NEBX,TRAIN,0.18093014761330825,0.28085153956245784,-1.0693182978116391,,False,True
2025-11-04,OKLL,TRAIN,0.03580907076519103,0.1122453286907987,-1.0835261069306932,,False,True
2025-11-04,PGY,TRAIN,0.17731857050608313,0.32074290444470666,-1.1340167111111112,,False,True
2025-11-04,PZZA,TRAIN,0.30995791600125755,0.44088366738551865,-1.050874515151515,,False,False
2025-11-04,QPUX,TRAIN,0.0970377011652513,0.14322587917153562,-1.0396731782945736,,False,True
2025-11-04,RGTX,TRAIN,0.21741019521487828,0.30977388460912847,-1.0605966301304863,,False,True
2025-11-04,RIOT,TRAIN,0.10802005128454324,0.19454317332583074,-1.1065585962264148,,False,True
2025-11-04,ROBN,TRAIN,0.16963754073923118,0.43193823795750635,-1.1145244617886187,,False,True
2025-11-04,SBIT,TRAIN,0.18484481417812673,0.43186558756122917,-1.184573041860468,,False,True
2025-11-04,SEI,TRAIN,0.11288697464369189,0.11633782537528427,-1.0363264646464647,,False,True
2025-11-04,SHOP,TRAIN,0.21490163415755498,0.3257182387753481,-1.0783141427135674,,False,True
2025-11-04,SLON,TRAIN,0.1008740309798173,0.13869046153315667,-1.1936776187004063,,False,True
2025-11-04,SNDK,TRAIN,0.12140512420744058,0.2157168223908971,-1.1229931515695055,,False,True
2025-11-04,SPHR,TRAIN,0.4586653072922788,0.2881687839793592,2.0,,True,False
2025-11-04,STCE,TRAIN,0.2452861719887415,0.43655410491472574,-1.10003386870229,,False,False
2025-11-04,TEMT,TRAIN,0.07317108706750813,0.24742348101040318,-1.097150823607372,,False,True
2025-11-04,TPG,TRAIN,0.09544832182070255,0.2814499879831219,-1.1383940999999995,,False,True
2025-11-04,TVTX,TRAIN,0.2534360526149546,0.2531011882068255,-1.0719319401869165,,False,False
2025-11-04,UFPT,TRAIN,0.5965638594049758,0.3369152934737669,2.0,,True,False
2025-11-04,VOYG,TRAIN,0.23448522773482966,0.29256292088470204,-1.0696539999999997,,False,False
2025-11-04,VSAT,TRAIN,0.16378002047753584,0.3268288975307039,-1.120531404651163,,False,True
2025-11-04,WAT,TRAIN,0.3955506208087316,0.41633896284762534,-1.086931881431005,,False,False
2025-11-04,WGMI,TRAIN,0.5255257576600134,0.417941193509896,2.0,,True,False
2025-11-04,XMTR,TRAIN,0.2680159878033457,0.24914041705663165,-1.0803387960079838,,False,False
2025-11-05,ALGT,TRAIN,0.3210489088685779,0.1620028080503709,-1.105420662365591,,False,False
2025-11-05,AMDG,TRAIN,0.5750871506507104,0.602460605438234,-1.076674791111117,,True,False
2025-11-05,AMDL,TRAIN,0.4129697365145068,0.2494883744732807,2.0,,True,False
2025-11-05,AMUU,TRAIN,0.6986212847098945,0.6162875050664336,2.0,,True,False
2025-11-05,APLD,TRAIN,0.3703103598374286,0.35919560584510357,-0.0447482652896547,,False,False
2025-11-05,AVL,TRAIN,0.1732733061107364,0.45212227768017355,-0.3042615144418428,,False,True
2025-11-05,BCO,TRAIN,0.6320561295685627,0.28524139141877386,2.0,,True,False
2025-11-05,BE,TRAIN,0.32180488997913714,0.36669884532754177,-0.1271705069124391,,False,False
2025-11-05,CLS,TRAIN,0.39523384165364533,0.3671560787632092,2.0,,False,False
2025-11-05,CORT,TRAIN,0.749850981039315,0.30475549660053647,0.63386632653061,,True,False
2025-11-05,CPRI,TRAIN,0.6190838111408812,0.3793255913585224,2.0,,True,False
2025-11-05,CRC,TRAIN,0.5401043868210312,0.38337306068800225,2.0,,True,False
2025-11-05,CRK,TRAIN,0.518396968301783,0.4504364830910279,2.0,,True,False
2025-11-05,CSTL,TRAIN,0.4383070268145923,0.35582702716083453,-1.110129066666666,,True,False
2025-11-05,CVCO,TRAIN,0.28025226910733336,0.3119140275593334,-1.0926114901358532,,False,False
2025-11-05,ENPH,TRAIN,0.7249192470772137,0.5211713559625731,2.0,,True,False
2025-11-05,ETU,TRAIN,0.47745692488229113,0.16162019684709222,2.0,,True,False
2025-11-05,FLNC,TRAIN,0.10848988588769878,0.30281620081172556,-0.1672080464425561,,False,True
2025-11-05,FWONK,TRAIN,0.40699562511537535,0.4024591870725669,-1.0987835333333336,,True,False
2025-11-05,GAP,TRAIN,0.5615954270595663,0.4319219747976982,2.0,,True,False
2025-11-05,HIMS,TRAIN,0.23279035217771257,0.37419325725088876,-1.0758760192771086,,False,False
2025-11-05,IRE,TRAIN,0.1086009549142781,0.45692695258923055,-1.0413854934173512,,False,True
2025-11-05,IREN,TRAIN,0.48175155586055446,0.4550719599396857,-1.1140901517241393,,True,False
2025-11-05,IREX,TRAIN,0.23688564594136247,0.6076214447433044,-1.044365168073208,,False,False
2025-11-05,LGIH,TRAIN,0.7448582095485105,0.44725381356511246,2.0,,True,False
2025-11-05,LULU,TRAIN,0.32041843594578273,0.6094168927416289,-1.136202608797653,,False,False
2025-11-05,M,TRAIN,0.5599951587826407,0.3880147261769046,2.0,,True,False
2025-11-05,MDGL,TRAIN,0.44551591446331607,0.4328195361309929,2.0,,True,False
2025-11-05,MRAL,TRAIN,0.020367019905334124,0.18675714074802327,-1.1397032000000005,,False,True
2025-11-05,MTCH,TRAIN,0.3139445317927235,0.2662218486928999,0.678356976744199,,False,False
2025-11-05,MULL,TRAIN,0.17203406911869887,0.3701297678741198,-1.1349918620132686,,False,True
2025-11-05,MUU,TRAIN,0.1532375204851992,0.4567969060795793,-1.1255816930232558,,False,True
2025-11-05,MVLL,TRAIN,0.16007566299398265,0.4654162626945636,-1.1358994000000011,,False,True
2025-11-05,NEBX,TRAIN,0.37361967600316476,0.6101684569492725,-1.0919061194029855,,False,False
2025-11-05,NXT,TRAIN,0.7470297737952976,0.45911977455614184,2.0,,True,False
2025-11-05,OKLL,TRAIN,0.09987077772052266,0.2329177517370755,-1.0354897925311204,,False,True
2025-11-05,PCTY,TRAIN,0.25692967255097143,0.3204182709379991,-1.1681515706329095,,False,False
2025-11-05,PFGC,TRAIN,0.3810251190524629,0.45374490353185604,-1.1287037818181815,,False,False
2025-11-05,PLOW,TRAIN,0.44872526551971853,0.36998571689314763,-0.3748080645161322,,True,False
2025-11-05,PSIX,TRAIN,0.26451580284700765,0.5010883645870008,-1.1283666639175258,,False,False
2025-11-05,PSN,TRAIN,0.20694307554411254,0.23006936862511543,-1.1290883056179777,,False,True
2025-11-05,RARE,TRAIN,0.4394629872187677,0.4569769318069152,2.0,,True,False
2025-11-05,RDTL,TRAIN,0.5240203138693348,0.5065983237470528,2.0,,True,False
2025-11-05,ROOT,TRAIN,0.6028753963886719,0.3552018597439229,2.0,,True,False
2025-11-05,RPRX,TRAIN,0.33518826634372456,0.2731216524852053,2.0,,False,False
2025-11-05,RUN,TRAIN,0.5497316276719787,0.3183383712186371,2.0,,True,False
2025-11-05,SEDG,TRAIN,0.4776165802824181,0.4218214393706107,2.0,,True,False
2025-11-05,SKY,TRAIN,0.30785754908223567,0.2697146658595535,-1.046951955555555,,False,False
2025-11-05,SMLR,TRAIN,0.5021190314337178,0.7041549302845614,-1.104777204301075,,True,False
2025-11-05,SOXL,TRAIN,0.86315782956943,0.47893824018821707,2.0,,True,False
2025-11-05,STX,TRAIN,0.5722696334554062,0.3577306105721893,2.0,,True,False
2025-11-05,SWK,TRAIN,0.7099366662435013,0.3839511586500922,2.0,,True,False
2025-11-05,TCMD,TRAIN,0.6715909549190273,0.4072210790834473,2.0,,True,False
2025-11-05,TECH,TRAIN,0.24824290646498637,0.20066448432326106,-1.100269425454545,,False,False
2025-11-05,TRGP,TRAIN,0.45727888883841034,0.355474869821446,-1.1169380333333323,,True,False
2025-11-05,TRMB,TRAIN,0.4214434156244852,0.4214808890098403,-1.0782615544483984,,True,False
2025-11-05,TSAT,TRAIN,0.2409535076804859,0.33246704880246686,-1.136078262068966,,False,False
2025-11-05,TSLL,TRAIN,0.36751575520044627,0.6826420814838001,-1.1018389747048898,,False,False
2025-11-05,TSLR,TRAIN,0.3514463786420811,0.46424183239019634,-1.1058448695652188,,False,False
2025-11-05,TSLT,TRAIN,0.37485927657264795,0.46671206363120543,-1.104981333333334,,False,False
2025-11-05,VKTX,TRAIN,0.36028336184717413,0.22707441926132052,0.3218184782608844,,False,False
2025-11-05,VRTL,TRAIN,0.40791847180365015,0.5616377092412593,2.0,,True,False
2025-11-05,VSCO,TRAIN,0.525821894794693,0.4109011772720929,2.0,,True,False
2025-11-05,WDC,TRAIN,0.40285584825631493,0.35608640653742063,2.0,,False,False
2025-11-05,WW,TRAIN,0.3265843525800133,0.39269232296509227,-0.4531141379310324,,False,False
2025-11-06,ACIW,TRAIN,0.14955388025467384,0.10383683862881309,-1.101358437153472,,False,True
2025-11-06,AMBA,TRAIN,0.6360247960474212,0.26127383298750506,2.0,,True,False
2025-11-06,ANAB,TRAIN,0.2330691316881006,0.34850939705468637,-1.0749617555555555,,False,False
2025-11-06,APD,TRAIN,0.2992968204463231,0.3139865833403496,-0.3942871287128659,,False,False
2025-11-06,BDX,TRAIN,0.601731125795084,0.3690063359113015,1.6714295940170831,,True,False
2025-11-06,CNR,TRAIN,0.6214105572478162,0.2716727684222907,1.2308128140703536,,True,False
2025-11-06,CNTA,TRAIN,0.2127679304615021,0.3142304298625084,-1.1492247627906975,,False,True
2025-11-06,CONI,TRAIN,0.4952333678440304,0.5813279971346297,-1.0562744,,True,False
2025-11-06,CORD,TRAIN,0.6955304421839056,0.5617154832673167,2.0,,True,False
2025-11-06,CRCD,TRAIN,0.6230045006072105,0.387753291650785,2.0,,True,False
2025-11-06,CSIQ,TRAIN,0.1746211530223877,0.24673680519936791,-1.1209852072538868,,False,True
2025-11-06,CVCO,TRAIN,0.35504536882679,0.36785694029135413,-1.092279884526559,,False,False
2025-11-06,DNTH,TRAIN,0.47786496031817616,0.2922979863426852,2.0,,True,False
2025-11-06,ESTA,TRAIN,0.3291362049233778,0.4431756353765026,-0.1456912280701714,,False,False
2025-11-06,GDXU,TRAIN,0.303722869075736,0.29187315949505305,-1.1710500592694673,,False,False
2025-11-06,LENZ,TRAIN,0.3347867734464514,0.29732886237534,-1.0812896000000007,,False,False
2025-11-06,MBX,TRAIN,0.21123785229228717,0.34405062287476096,-1.10440929032258,,False,True
2025-11-06,MKSI,TRAIN,0.18752717829923918,0.2456148302365269,-1.1166600000000004,,False,True
2025-11-06,MRX,TRAIN,0.15591621772495692,0.29035477499296136,-1.0901620571428574,,False,True
2025-11-06,MTSI,TRAIN,0.1397760827572841,0.2668281004351628,-1.097789166222222,,False,True
2025-11-06,NKTR,TRAIN,0.2191720199656438,0.2738224715256208,-1.1418408727272715,,False,True
2025-11-06,ONC,TRAIN,0.3470514819415686,0.3936171474778566,-0.5191778387273744,,False,False
2025-11-06,ORKA,TRAIN,0.32331744028740256,0.434918542288169,-1.0827444799999997,,False,False
2025-11-06,PAHC,TRAIN,0.14314451840978196,0.33800952920174204,-1.05230225,,False,True
2025-11-06,PBF,TRAIN,0.29850301247192634,0.2156685778891055,-0.5870187499999947,,False,False
2025-11-06,PZZA,TRAIN,0.09631333190908714,0.3318534545305544,-1.110598698569571,,False,True
2025-11-06,QURE,TRAIN,0.3658465490758745,0.5236537674764775,-1.051381149185668,,False,False
2025-11-06,RVMD,TRAIN,0.3388019255622162,0.2670084763602604,-1.088161175257732,,False,False
2025-11-06,SCSC,TRAIN,0.5804416951365736,0.3045053777766912,1.2964216450216453,,True,False
2025-11-06,SGI,TRAIN,0.20879880820438093,0.2968329628802711,-1.1285356799999997,,False,True
2025-11-06,SKY,TRAIN,0.5096823727157505,0.42224437440731977,2.0,,True,False
2025-11-06,SMST,TRAIN,0.6167605626851032,0.5368907704825723,2.0,,True,False
2025-11-06,SNDK,TRAIN,0.18062482352314982,0.25274279087529217,-1.0548878909090909,,False,True
2025-11-06,TECX,TRAIN,0.2645935206441297,0.144025097551623,2.0,,False,False
2025-11-06,TPL,TRAIN,0.5707159370353863,0.4564540908120263,2.0,,True,False
2025-11-06,TSLQ,TRAIN,0.5566351902358422,0.38817089971138397,2.0,,True,False
2025-11-06,URGN,TRAIN,0.4168491100257038,0.5273771810860237,2.0,,True,False
2025-11-06,VERA,TRAIN,0.23307495251400742,0.25485420317039525,-1.140588448,,False,False
2025-11-06,VKTX,TRAIN,0.217904221209459,0.37184853511340626,-1.072647222535211,,False,True
2025-11-06,VRDN,TRAIN,0.19091872121870562,0.329427451312589,-1.0962263209876548,,False,True
2025-11-06,WW,TRAIN,0.05486818887537569,0.12471637828094087,-1.1445251888888892,,False,True
2025-11-07,ALB,TRAIN,0.5254340635990421,0.20388448527300473,2.0,,True,False
2025-11-07,AMRK,TRAIN,0.5499608686455175,0.4827229066618718,-1.083697801526717,,True,False
2025-11-07,ANIP,TRAIN,0.5032933604623792,0.2444122219748097,2.0,,True,False
2025-11-07,ASTX,TRAIN,0.6099208048744562,0.739125587581611,-1.1061291636363642,,True,False
2025-11-07,CARG,TRAIN,0.3343058466898965,0.2567815251339597,-1.0624994955414009,,False,False
2025-11-07,CCOI,TRAIN,0.3284746765034271,0.44521531735919145,-1.071418285714286,,False,False
2025-11-07,CENX,TRAIN,0.6238559386691185,0.41054994557737334,2.000000000000008,,True,False
2025-11-07,CONL,TRAIN,0.6590051092974641,0.7061920130943296,2.0,,True,False
2025-11-07,CRK,TRAIN,0.3781912200869369,0.3316324902752798,-1.1413378909090917,,False,False
2025-11-07,DAVE,TRAIN,0.6123902967998363,0.29059857176239706,0.6256079752066144,,True,False
2025-11-07,DK,TRAIN,0.6367269775438411,0.23944665521848635,2.0,,True,False
2025-11-07,DKNG,TRAIN,0.20427974549611116,0.4638206639153971,-1.0837277446808506,,False,True
2025-11-07,ESNT,TRAIN,0.5677893079509805,0.3803648102439459,1.6149335664335769,,True,False
2025-11-07,ETHT,TRAIN,0.5485458093730275,0.5632690502863734,-1.1174694126126148,,True,False
2025-11-07,ETHU,TRAIN,0.2630792531198821,0.4241719172321176,-1.106955396858639,,False,False
2025-11-07,GLXY,TRAIN,0.3842229853467183,0.5211937862744773,-1.116995666666667,,False,False
2025-11-07,HOOG,TRAIN,0.7151156787363266,0.7257918554661624,2.0,,True,False
2025-11-07,HRTG,TRAIN,0.3730204050992113,0.5059740496538111,-1.1100017837837834,,False,False
2025-11-07,KRMN,TRAIN,0.6281282613495529,0.4133862765609831,2.0,,True,False
2025-11-07,LABD,TRAIN,0.35085840777796645,0.39552115382233405,-1.14186445,,False,False
2025-11-07,LEU,TRAIN,0.7052289480693894,0.7300133364170261,2.0,,True,False
2025-11-07,MBX,TRAIN,0.3744375627516156,0.4168950620104523,-1.113279310344828,,False,False
2025-11-07,METC,TRAIN,0.16715684013880952,0.28909747865211555,-1.0625310792452831,,False,True
2025-11-07,MP,TRAIN,0.8244091306170996,0.5689596306757531,2.0,,True,False
2025-11-07,MSTR,TRAIN,0.46079121667849515,0.3174328493817516,2.0,,True,False
2025-11-07,OKLL,TRAIN,0.5492801346724923,0.3692067876511664,2.0,,True,False
2025-11-07,ONTO,TRAIN,0.39374397440617737,0.3892687129577407,-1.1280081822923822,,False,False
2025-11-07,PGNY,TRAIN,0.30072889541749825,0.36281487657392536,1.368738709677407,,False,False
2025-11-07,PGY,TRAIN,0.2783419566381689,0.5552058244180064,-1.1020974499999998,,False,False
2025-11-07,PLUS,TRAIN,0.7493098087373956,0.2960960945127976,2.0,,True,False
2025-11-07,PNTG,TRAIN,0.3524684142897605,0.2996510974430042,2.0,,False,False
2025-11-07,PRKS,TRAIN,0.4659682381760045,0.33185116483471405,-1.0720252000000003,,True,False
2025-11-07,QURE,TRAIN,0.5636650071910501,0.3750249786411059,2.0,,True,False
2025-11-07,RDDT,TRAIN,0.16812754433981583,0.42622694153638224,-1.110560193939394,,False,True
2025-11-07,RDTL,TRAIN,0.6882583147639756,0.5249624462904934,2.0,,True,False
2025-11-07,RGTZ,TRAIN,0.1841784168719884,0.1458748580067958,-1.1011272888888877,,False,True
2025-11-07,ROBN,TRAIN,0.8426941927920041,0.5775881542849115,2.0,,True,False
2025-11-07,SEDG,TRAIN,0.30816089988797757,0.3651404319737196,-1.046913025550661,,False,False
2025-11-07,TPR,TRAIN,0.2715529412145045,0.4277188172903372,-1.0879577739130435,,False,False
2025-11-07,TSLQ,TRAIN,0.31208367871541554,0.2472154757437169,-1.0494179636363636,,False,False
2025-11-07,TXRH,TRAIN,0.41229237379315903,0.31852910565671577,-1.136869443735181,,True,False
2025-11-07,W,TRAIN,0.6238961393734892,0.4385998167535067,2.0,,True,False
2025-11-10,AMDL,TRAIN,0.29101610660455773,0.2879805133086635,-1.1308627478260886,,False,False
2025-11-10,APEI,TRAIN,0.1698379406505916,0.2377215695216136,-1.2284243148936194,,False,True
2025-11-10,CONI,TRAIN,0.2771403916138539,0.18229848055283784,-1.090906126632501,,False,False
2025-11-10,CORD,TRAIN,0.45275823999059794,0.1721364981786775,2.0,,True,False
2025-11-10,DAVE,TRAIN,0.3332120940010681,0.36168472713083255,-1.0533850463516514,,False,False
2025-11-10,FROG,TRAIN,0.5141379348339407,0.47801985545372755,-0.014834810126584,,True,False
2025-11-10,GRAL,TRAIN,0.3975952394068685,0.2674725402543236,-1.1117436225716926,,False,False
2025-11-10,GSAT,TRAIN,0.21841671424295311,0.36049059146800055,-0.5972773055218218,,False,True
2025-11-10,HHH,TRAIN,0.42604808616953466,0.2699429779070633,2.0,,True,False
2025-11-10,IRE,TRAIN,0.09838561917063449,0.2525040071640055,-1.0502383505154638,,False,True
2025-11-10,JOBX,TRAIN,0.36405171583382645,0.4698240172884839,-1.0529120106666667,,False,False
2025-11-10,LNW,TRAIN,0.6392037965857554,0.5214206239432548,2.0,,True,False
2025-11-10,LQDA,TRAIN,0.2316126611781905,0.3382162315585361,-1.0508793297297296,,False,False
2025-11-10,MLYS,TRAIN,0.1416948343855949,0.40012201797681857,-1.0410113751824817,,False,True
2025-11-10,NAMS,TRAIN,0.31564885155191785,0.46747251440047216,-0.3749035714285683,,False,False
2025-11-10,NVTX,TRAIN,0.27095783574114146,0.1770277002967316,-1.0600843294117654,,False,False
2025-11-10,OPEX,TRAIN,0.34999968740915616,0.19527207354585407,-1.1079857777777795,,False,False
2025-11-10,PGNY,TRAIN,0.15378511840806605,0.23018687239490251,-1.0662082226804124,,False,True
2025-11-10,PLTU,TRAIN,0.4075009377148596,0.30510977455492494,2.0,,True,False
2025-11-10,PTIR,TRAIN,0.31997126706025086,0.2705131206471164,2.0,,False,False
2025-11-10,QBTX,TRAIN,0.26036145719450204,0.32272738020173897,-1.0687763448954484,,False,False
2025-11-10,RDNT,TRAIN,0.7049898830664493,0.24027991460851444,2.0,,True,False
2025-11-10,ROIV,TRAIN,0.35856510269073455,0.36864734675835376,-1.148924533333333,,False,False
2025-11-10,ROOT,TRAIN,0.6078306663191985,0.33772364788960146,1.3619794117647028,,True,False
2025-11-10,SEDG,TRAIN,0.44404400609580325,0.3183375993417298,2.0,,True,False
2025-11-10,SKYT,TRAIN,0.6125747708064415,0.22125945488821736,2.0,,True,False
2025-11-10,SNWV,TRAIN,0.2836149197806327,0.3747744351336201,-1.4807493333333417,,False,False
2025-11-10,SOFX,TRAIN,0.18990829191312353,0.36270298474402485,-1.0875672000000003,,False,True
2025-11-10,U,TRAIN,0.1399570128592075,0.14603738049174067,-1.135679059604455,,False,True
2025-11-10,URGN,TRAIN,0.3471345487817177,0.6356669005748783,-1.0600456999999996,,False,False
2025-11-10,W,TRAIN,0.09406892490970659,0.22978256539269126,-1.0517191476510066,,False,True
2025-11-11,APGE,TRAIN,0.2963449215019287,0.4202325295752793,2.0,,False,False
2025-11-11,BKKT,TRAIN,0.1740031080685817,0.30552492943573534,-1.0794922255033552,,False,True
2025-11-11,BOIL,TRAIN,0.3325568671808618,0.4389434075237787,-0.3370818584070868,,False,False
2025-11-11,CLDX,TRAIN,0.23659014656458952,0.31025481770939173,-1.125764800000001,,False,False
2025-11-11,COGT,TRAIN,0.5947358474289217,0.27657408792494337,0.758040740740746,,True,False
2025-11-11,EWTX,TRAIN,0.4179915648129583,0.5008239124348096,2.0,,True,False
2025-11-11,GLIBK,TRAIN,0.337167922482592,0.482232925316114,-1.129235740540541,,False,False
2025-11-11,GLTO,TRAIN,0.6283126148343191,0.19192463623950032,-1.0521170000000002,,True,False
2025-11-11,GRDN,TRAIN,0.21497288403568957,0.23653551263945077,-1.040768,,False,True
2025-11-11,LB,TRAIN,0.20262303796530806,0.30915697288617866,-1.0706348920863311,,False,True
2025-11-11,LENZ,TRAIN,0.20843464526018582,0.28997010931576783,-1.1354453303514382,,False,True
2025-11-11,MDGL,TRAIN,0.5637524292660416,0.4137571762391893,1.1412825882352906,,True,False
2025-11-11,QURE,TRAIN,0.7610206642950698,0.5921235316551108,2.0,,True,False
2025-11-11,RDTL,TRAIN,0.10657214050254016,0.4657488928476772,-1.1224708333333342,,False,True
2025-11-11,TDW,TRAIN,0.33842465945772005,0.22254435701733488,2.0,,False,False
2025-11-11,UFPT,TRAIN,0.16816089822275576,0.2905971965685356,-1.1105783947194718,,False,True
2025-11-11,VKTX,TRAIN,0.2815934452062869,0.4921655715914585,-1.1356227600000004,,False,False
2025-11-11,ZEPP,TRAIN,0.51956593041227,0.3083475606916297,0.7522268817204308,,True,False
2025-11-12,ALKS,TRAIN,0.07490970387567257,0.2721945483327294,-1.11025902621185,,False,True
2025-11-12,AMDL,TRAIN,0.05829670802846635,0.3328975232535477,-1.1235146370370372,,False,True
2025-11-12,AMUU,TRAIN,0.12265451858631814,0.3155905581059057,-1.1241356754716978,,False,True
2025-11-12,ASTX,TRAIN,0.2727596346654324,0.2692515945795255,-1.05062512,,False,False
2025-11-12,BGSI,TRAIN,0.4928303412632242,0.07747668097533655,0.5150177434030908,,True,False
2025-11-12,CENX,TRAIN,0.4130575153130143,0.5182674638568813,-1.1360146666666664,,True,False
2025-11-12,COGT,TRAIN,0.5759509586110876,0.4427563195295678,0.8478751515151582,,True,False
2025-11-12,CONI,TRAIN,0.2976629164889172,0.3535977213891604,-1.2155102702702716,,False,False
2025-11-12,CORD,TRAIN,0.4913117914091985,0.5372838065224349,-1.039416,,True,False
2025-11-12,GDXU,TRAIN,0.5513651482139348,0.589129916568825,2.0,,True,False
2025-11-12,GSAT,TRAIN,0.3203656070827254,0.3115464767232836,2.0,,False,False
2025-11-12,HROW,TRAIN,0.12083269943684881,0.26208030852976694,-1.1100254513994912,,False,True
2025-11-12,JNUG,TRAIN,0.419543479518891,0.42046838943831544,2.0,,True,False
2025-11-12,JOBX,TRAIN,0.11386927379340983,0.27596540970448713,-1.14734587650228,,False,True
2025-11-12,OKLL,TRAIN,0.120402969289216,0.2049785842023736,-1.0570510095882684,,False,True
2025-11-12,OKLO,TRAIN,0.15899779574756565,0.16300342856541783,-1.0361332387706856,,False,True
2025-11-12,ONC,TRAIN,0.4430886815023842,0.4882612952969866,2.0,,True,False
2025-11-12,OPEX,TRAIN,0.3094417913743645,0.44802991825101035,-1.094736150943396,,False,False
2025-11-12,PPTA,TRAIN,0.19093640202160653,0.23649193679569053,-1.1012679679999977,,False,True
2025-11-12,PSIX,TRAIN,0.13201387440413825,0.34215530888045664,-1.0526076065935357,,False,True
2025-11-12,SBIT,TRAIN,0.21080787281583233,0.3418161105229015,-1.1481964619718166,,False,True
2025-11-12,TSLQ,TRAIN,0.20455757941987318,0.26807822598563275,-0.0180128205128215,,False,True
2025-11-12,VERA,TRAIN,0.21545659250063762,0.39280193118994494,-1.1224527199999994,,False,True
2025-11-13,AMDG,TRAIN,0.24812770383906757,0.3632603996320226,-1.453687779796003,,False,False
2025-11-13,AMDL,TRAIN,0.2994143375196001,0.6091365309615898,-1.0524341433021809,,False,False
2025-11-13,APA,TRAIN,0.23224005219113625,0.41722975020341324,-1.0630487709090908,,False,False
2025-11-13,BEAM,TRAIN,0.21303964642751277,0.27269345260942907,-1.0504132255319147,,False,True
2025-11-13,CONI,TRAIN,0.24368805222132695,0.4762569151262915,-1.183722713043469,,False,False
2025-11-13,CORD,TRAIN,0.14704045365519144,0.3206468370422758,-1.3848468092016235,,False,True
2025-11-13,CRCD,TRAIN,0.4334163778360604,0.31195497695731267,2.0,,True,False
2025-11-13,GRAL,TRAIN,0.2087211151938512,0.2011920578223182,-1.0604743176470586,,False,True
2025-11-13,HUT,TRAIN,0.09390081979849636,0.15108055351840372,-1.0510007412844036,,False,True
2025-11-13,KYMR,TRAIN,0.37082676682285365,0.4126145266341944,-1.0915110933333323,,False,False
2025-11-13,MATW,TRAIN,0.0917845851787434,0.2554321872847074,-0.0716021739130427,,False,True
2025-11-13,QBTZ,TRAIN,0.13696515591853187,0.16814085313316868,-1.0363710666666668,,False,True
2025-11-13,SBIT,TRAIN,0.521299988755475,0.5925996555913791,1.1865624999999986,,True,False
2025-11-13,SMST,TRAIN,0.36422307922679403,0.40212948109664487,2.0,,False,False
2025-11-13,TDW,TRAIN,0.24612374938013534,0.2566829320593086,-1.1343345084745755,,False,False
2025-11-13,TSLQ,TRAIN,0.15283541378777601,0.3269111931768128,-1.104797302158273,,False,True
2025-11-14,AAOI,TRAIN,0.6088908874234037,0.5375046703242544,2.0,,True,False
2025-11-14,AEHR,TRAIN,0.1831828648194207,0.3583209817839768,-1.0595199879123214,,False,True
2025-11-14,AEIS,TRAIN,0.2564508078588558,0.4629784429548626,-1.231757253514749,,False,False
2025-11-14,ALAB,TRAIN,0.10439277362715592,0.33027514591197554,-0.7450219512195141,,False,True
2025-11-14,ALB,TRAIN,0.405658212469077,0.1639266017461989,2.0,,True,False
2025-11-14,AMAT,TRAIN,0.37599065030763484,0.360514787490193,0.0315295154185079,,False,False
2025-11-14,AMDG,TRAIN,0.08611938276140495,0.3371889901889991,-1.2994538666666662,,False,True
2025-11-14,AMDL,TRAIN,0.16043043429899775,0.3618902623649098,-0.0653543357814709,,False,True
2025-11-14,AMKR,TRAIN,0.13966878703585456,0.18846793060004488,-1.1054065060240963,,False,True
2025-11-14,AMSC,TRAIN,0.12063237692766426,0.45744108223403895,-0.1353781818181811,,False,True
2025-11-14,AMUU,TRAIN,0.26616368033369814,0.21042510219810645,2.0,,False,False
2025-11-14,APGE,TRAIN,0.5040926275263872,0.4333641897885471,2.0,,True,False
2025-11-14,APLD,TRAIN,0.5332303967861192,0.5065498128040625,2.0,,True,False
2025-11-14,APLX,TRAIN,0.10475814235385843,0.095331094921971,-1.0460318181818182,,False,True
2025-11-14,APP,TRAIN,0.0880410325064322,0.4330042115009704,-1.134034698795182,,False,True
2025-11-14,APPX,TRAIN,0.5851896425268887,0.560220824885793,2.0,,True,False
2025-11-14,ARQQ,TRAIN,0.5422222032325289,0.7455416184527214,2.0,,True,False
2025-11-14,ASMB,TRAIN,0.3981102540646427,0.30830501884941647,-1.2651083139240469,,False,False
2025-11-14,ASND,TRAIN,0.18330121833201693,0.4243044378669436,-1.1682792829373667,,False,True
2025-11-14,ASTS,TRAIN,0.07244664312505061,0.18721384410255124,-0.3268124352331581,,False,True
2025-11-14,ATEX,TRAIN,0.560064858696316,0.43488051437256525,2.0,,True,False
2025-11-14,ATRO,TRAIN,0.22930077808402755,0.27671405361879947,-1.10383497101007,,False,False
2025-11-14,AVBP,TRAIN,0.23891544870334236,0.2514182269421151,-1.075412064,,False,False
2025-11-14,AVGG,TRAIN,0.11907544508476252,0.26087587511139,-0.7461043103448289,,False,True
2025-11-14,AVGX,TRAIN,0.4852590111378083,0.24264190507676955,2.0,,True,False
2025-11-14,AVL,TRAIN,0.39333745997379044,0.30329629630445076,2.0,,False,False
2025-11-14,BABX,TRAIN,0.22082289449212475,0.3933396391555812,-1.1284429615320557,,False,True
2025-11-14,BAP,TRAIN,0.07833410376434113,0.2005762525562634,-1.1376788717948705,,False,True
2025-11-14,BE,TRAIN,0.2030987143847863,0.19495557352901544,-1.0877806222222215,,False,True
2025-11-14,BETR,TRAIN,0.11890424132432534,0.18297406517490739,-1.0585608046309694,,False,True
2025-11-14,BITQ,TRAIN,0.13672373965709717,0.32224851707788377,-1.2445616951915286,,False,True
2025-11-14,BKCH,TRAIN,0.23086719363049046,0.22954034199396456,-0.8708856462040996,,False,False
2025-11-14,BRCB,TRAIN,0.1603176734469531,0.28960859466725297,-0.2800476851851856,,False,True
2025-11-14,BULZ,TRAIN,0.32592264093518286,0.28968886763333135,2.0,,False,False
2025-11-14,CEG,TRAIN,0.1874953253259906,0.2731402773478047,-1.1041888529801331,,False,True
2025-11-14,CELC,TRAIN,0.21435282507881528,0.3644398123615899,-1.2468781414051076,,False,True
2025-11-14,CIEN,TRAIN,0.143850155539822,0.3466728490033895,-1.079978841182466,,False,True
2025-11-14,CLS,TRAIN,0.4332574194863045,0.39201145243977314,0.7671108539094631,,True,False
2025-11-14,CNTA,TRAIN,0.4838921677209034,0.5197260695261814,0.5893594202898553,,True,False
2025-11-14,COGT,TRAIN,0.14587225007508584,0.2740611504708454,-0.4658208333333348,,False,True
2025-11-14,COHR,TRAIN,0.30632812511773133,0.391539288750523,-1.0643518072289189,,False,False
2025-11-14,COIN,TRAIN,0.46302112161325665,0.18437330560554493,2.0,,True,False
2025-11-14,COIW,TRAIN,0.17119347249113814,0.20932732117481104,-1.1229313579937297,,False,True
2025-11-14,CONL,TRAIN,0.5540343008862808,0.4860031316267646,2.0,,True,False
2025-11-14,CPS,TRAIN,0.32957516996403224,0.38706431913368544,1.468772463768114,,False,False
2025-11-14,CRDO,TRAIN,0.11480495641161674,0.2434635971085638,-0.5224287576020862,,False,True
2025-11-14,CRSP,TRAIN,0.5126117802662785,0.6917248488548896,2.0,,True,False
2025-11-14,CRWV,TRAIN,0.224411208022252,0.14619201383939062,-1.100666222222221,,False,False
2025-11-14,CSIQ,TRAIN,0.2747663437169342,0.2642278008471571,1.999999999999994,,False,False
2025-11-14,DAVE,TRAIN,0.2815106767876613,0.38700303460721786,-1.1670274706172834,,False,False
2025-11-14,DK,TRAIN,0.32798863357781566,0.38871362792693026,-0.9666387499999942,,False,False
2025-11-14,DNTH,TRAIN,0.22063793318202746,0.3099375614347541,-1.18975803809524,,False,True
2025-11-14,DQ,TRAIN,0.5079987624447105,0.6355738881959323,2.0,,True,False
2025-11-14,DRUG,TRAIN,0.17718510017168368,0.23863920749239428,-1.1008378257668714,,False,True
2025-11-14,DXPE,TRAIN,0.37250594393522873,0.3742382036194739,-1.1142411742489309,,False,False
2025-11-14,ETHT,TRAIN,0.1274165583263143,0.16681555167420606,-1.0959564595545144,,False,True
2025-11-14,ETHU,TRAIN,0.11522183815422311,0.0981905655893485,-1.0870903703703705,,False,True
2025-11-14,ETOR,TRAIN,0.1218054624486656,0.2384641667163466,-1.1170671717386689,,False,True
2025-11-14,FIX,TRAIN,0.13515091040265373,0.4010811492205413,-0.504481551634669,,False,True
2025-11-14,FLY,TRAIN,0.20029693285988118,0.18601643873178772,-1.104855483870968,,False,True
2025-11-14,FNGU,TRAIN,0.17308902401762244,0.39063789505236124,-1.1361809530054643,,False,True
2025-11-14,FORM,TRAIN,0.23347194658477233,0.28087931467150495,-0.5897170403587446,,False,False
2025-11-14,FTAI,TRAIN,0.08167350525602479,0.2271088779131491,-1.0651087484835895,,False,True
2025-11-14,GDXU,TRAIN,0.06239644989478592,0.2556836725137912,-1.106502606946984,,False,True
2025-11-14,GEV,TRAIN,0.4192071448309585,0.3498373881622677,0.2546232529280157,,True,False
2025-11-14,GEVX,TRAIN,0.17634650267465132,0.34375931443853314,-1.2440166875000012,,False,True
2025-11-14,GLXY,TRAIN,0.32590856158495046,0.3954238075015916,-1.0642473562422743,,False,False
2025-11-14,GPCR,TRAIN,0.3366433308652751,0.33869234023757344,-0.0961546875000043,,False,False
2025-11-14,GRAL,TRAIN,0.1880036407573246,0.13777577988355677,-1.0590503287958115,,False,True
2025-11-14,HIMS,TRAIN,0.15696669984215672,0.28879556420480795,-1.1114077391304344,,False,True
2025-11-14,HOOD,TRAIN,0.3469255484749499,0.12702280840417357,0.4513061386768467,,False,False
2025-11-14,HOOG,TRAIN,0.5840143095182339,0.14607269878900012,2.0,,True,False
2025-11-14,HOOW,TRAIN,0.33120758819774165,0.3361327810330875,2.0,,False,False
2025-11-14,HROW,TRAIN,0.3335026853970693,0.3699462322397674,2.0,,False,False
2025-11-14,IDR,TRAIN,0.6750354175030682,0.3463850112097389,2.0,,True,False
2025-11-14,IESC,TRAIN,0.16288303020344236,0.16175512318947893,-1.0820564076730608,,False,True
2025-11-14,IMVT,TRAIN,0.09713008632708027,0.2966282080008198,-1.1301030060606114,,False,True
2025-11-14,INOD,TRAIN,0.7904671469991287,0.5079080030975048,0.5185157692307636,,True,False
2025-11-14,IONL,TRAIN,0.18841683151941563,0.0474071507613751,2.0,,False,True
2025-11-14,IONQ,TRAIN,0.404338143987576,0.2882895636780581,0.5933916264150956,,True,False
2025-11-14,IONX,TRAIN,0.09403885516375997,0.0849122551278301,-1.0596932319391636,,False,True
2025-11-14,IREN,TRAIN,0.22500032045440063,0.22813849234214087,-1.0415429963459195,,False,False
2025-11-14,IREX,TRAIN,0.17198326017561807,0.07470901172850568,-1.1816483275332632,,False,True
2025-11-14,JANX,TRAIN,0.15150551192049375,0.43668484387874945,-1.2673317704347864,,False,True
2025-11-14,JNUG,TRAIN,0.3187790509291097,0.3511448165690264,-1.098512317647058,,False,False
2025-11-14,KGC,TRAIN,0.1772673103149937,0.26436266956291554,-0.1069709090909096,,False,True
2025-11-14,KOD,TRAIN,0.269767944044313,0.2703147330210734,-1.0778939200000004,,False,False
2025-11-14,KRMN,TRAIN,0.47928504073491834,0.2335038531429884,0.0570264150943352,,True,False
2025-11-14,KTOS,TRAIN,0.16768698648542676,0.25434571636725517,-0.4185357819905201,,False,True
2025-11-14,KYMR,TRAIN,0.09759767671453459,0.33077369846347277,-1.1370415878787885,,False,True
2025-11-14,LASR,TRAIN,0.12342964067927593,0.3287164532990869,-0.8075109589041076,,False,True
2025-11-14,LB,TRAIN,0.2625399448969182,0.20067316933422902,-1.138274718539099,,False,False
2025-11-14,LEU,TRAIN,0.05785599320503896,0.23586608549201973,-1.041663404400978,,False,True
2025-11-14,LGN,TRAIN,0.5834444226317029,0.3993359211477687,2.0,,True,False
2025-11-14,LITE,TRAIN,0.5213141342407482,0.36924646083585694,-1.0592666033898306,,True,False
2025-11-14,LMND,TRAIN,0.44367568786001066,0.2471126624125722,2.0,,True,False
2025-11-14,LQDA,TRAIN,0.087248971973598,0.2575531254189931,-0.431567424242423,,False,True
2025-11-14,MIR,TRAIN,0.14265164332692495,0.3158108660497412,-1.1456480170212768,,False,True
2025-11-14,MOD,TRAIN,0.11871336707555404,0.1780457797824089,-0.1518942857142874,,False,True
2025-11-14,MRVL,TRAIN,0.21940792386926766,0.390458302093381,-1.1065428,,False,True
2025-11-14,MU,TRAIN,0.4356623733434684,0.2854254200198801,0.0578506053875899,,True,False
2025-11-14,MULL,TRAIN,0.19149503978376597,0.1995715926303056,-1.1990472666666665,,False,True
2025-11-14,MUU,TRAIN,0.13881375111011843,0.16477419483403583,-1.132138294937496,,False,True
2025-11-14,NBIS,TRAIN,0.4176649591999238,0.34049044108150694,-1.0444366198473285,,True,False
2025-11-14,NEBX,TRAIN,0.09747003107691381,0.14979464553570282,-1.04453904,,False,True
2025-11-14,NNE,TRAIN,0.1031728312198581,0.17849755734489173,-0.7785091568103801,,False,True
2025-11-14,NUGT,TRAIN,0.24129152823114663,0.42485328522007343,-1.1051967744680835,,False,False
2025-11-14,NVDL,TRAIN,0.1424159986193745,0.18678277495945467,-1.0704724681818178,,False,True
2025-11-14,NVDU,TRAIN,0.1612989321467337,0.36895396874984254,-1.1361814754490902,,False,True
2025-11-14,NVYY,TRAIN,0.58199700507907,0.45410378822632846,0.6813201538461392,,True,False
2025-11-14,NXT,TRAIN,0.07380824707582172,0.22511623514878148,-1.1342305391304346,,False,True
2025-11-14,OKLL,TRAIN,0.061003887557770656,0.022466330897687917,-1.038570003612903,,False,True
2025-11-14,OKLO,TRAIN,0.03606474888007766,0.15995562108363262,-1.0738614466321246,,False,True
2025-11-14,ONTO,TRAIN,0.0672101254373209,0.2443870624691157,-1.0692859076923131,,False,True
2025-11-14,ORCL,TRAIN,0.1082826159857106,0.27138618201529874,-1.1316186344827577,,False,True
2025-11-14,ORCX,TRAIN,0.28360664286827825,0.32764939499117907,-1.0762467654320986,,False,False
2025-11-14,OUST,TRAIN,0.08645620078968001,0.22131705658378328,-1.0769405000000003,,False,True
2025-11-14,PCVX,TRAIN,0.32893684658225836,0.2779338214794128,2.0,,False,False
2025-11-14,PGY,TRAIN,0.3846027765260385,0.46718604190147023,2.0,,False,False
2025-11-14,PLTU,TRAIN,0.40733526497233113,0.2974156913721884,0.8333746173037275,,True,False
2025-11-14,POWL,TRAIN,0.08964714591282098,0.44320378492593293,-1.2220264942528705,,False,True
2025-11-14,PSIX,TRAIN,0.11047808210530813,0.2391914429576949,-1.069064606896552,,False,True
2025-11-14,PTIR,TRAIN,0.6154673766485875,0.3411643179453227,2.0,,True,False
2025-11-14,QBTS,TRAIN,0.19376209288258398,0.22763490368541,-0.4769696233948408,,False,True
2025-11-14,QBTX,TRAIN,0.0974127231257598,0.055460340236792874,-1.180646068965513,,False,True
2025-11-14,QPUX,TRAIN,0.11648465562095789,0.043766918805743724,-1.0664579348837209,,False,True
2025-11-14,RDDT,TRAIN,0.16306120072827587,0.30134968717100885,-1.1231236618181824,,False,True
2025-11-14,RDTL,TRAIN,0.1988213513201523,0.21080743503231966,2.0,,False,True
2025-11-14,RGTI,TRAIN,0.40397308428451584,0.3852570242989413,-0.4304929812834208,,True,False
2025-11-14,RIGL,TRAIN,0.14490716087907646,0.20316483326361223,-0.0177240384615395,,False,True
2025-11-14,RKLB,TRAIN,0.09888553786389012,0.24637592543310047,-0.7970939393939392,,False,True
2025-11-14,RMBS,TRAIN,0.55007442402253,0.3279316409435506,2.0,,True,False
2025-11-14,ROBN,TRAIN,0.39469084405299026,0.17495239501834126,2.0,,False,False
2025-11-14,ROIV,TRAIN,0.19840034023035963,0.21531652446293056,-1.1195891666666675,,False,True
2025-11-14,RVMD,TRAIN,0.5711961810241939,0.2769258930788077,2.0,,True,False
2025-11-14,RYTM,TRAIN,0.11855233751576441,0.21211387315687455,-0.2493028571428548,,False,True
2025-11-14,SANM,TRAIN,0.26990016870161254,0.3068625435044417,0.6028189473684349,,False,False
2025-11-14,SEDG,TRAIN,0.056660009046662435,0.19887662340748283,-1.0854683477199525,,False,True
2025-11-14,SEI,TRAIN,0.18043528275022278,0.32832169140911527,-0.1598120634920612,,False,True
2025-11-14,SIMO,TRAIN,0.15458808729392068,0.3181971002104725,-1.1268746352247605,,False,True
2025-11-14,SITM,TRAIN,0.18744266945855403,0.3780169449391557,-1.0571635164963502,,False,True
2025-11-14,SLON,TRAIN,0.09123218921293506,0.1458830453321448,-1.1120392,,False,True
2025-11-14,SMCI,TRAIN,0.25992654091025014,0.2587366265582317,-1.1078167999999993,,False,False
2025-11-14,SMCX,TRAIN,0.20478998317243513,0.08722600063454714,-1.1245508727272713,,False,True
2025-11-14,SMR,TRAIN,0.14281290214327058,0.1571332570991223,-1.0754427277108436,,False,True
2025-11-14,SNDK,TRAIN,0.14323710751209803,0.21802298352682375,-1.0903597989949745,,False,True
2025-11-14,SOFI,TRAIN,0.3043920810475468,0.3086466010521378,-1.0531379333333335,,False,False
2025-11-14,SOFX,TRAIN,0.06649658161167797,0.1310188473694097,-1.0542105379310345,,False,True
2025-11-14,STRL,TRAIN,0.5628983131201529,0.4648863910558506,2.0,,True,False
2025-11-14,SYM,TRAIN,0.1127258569621805,0.16167269735797232,-0.8319610271903324,,False,True
2025-11-14,TECL,TRAIN,0.5331429437776608,0.337949375846431,2.000000000000007,,True,False
2025-11-14,TEM,TRAIN,0.10448324873642881,0.21711804590061198,-1.1156907865168542,,False,True
2025-11-14,TEMT,TRAIN,0.19782828634823252,0.18979319297846894,-1.4804738844444336,,False,True
2025-11-14,TER,TRAIN,0.13541157559453285,0.4343889932759411,-1.1263935787234045,,False,True
2025-11-14,TLN,TRAIN,0.13803868602422467,0.4577673653991261,-1.1012116918032788,,False,True
2025-11-14,TNA,TRAIN,0.35199895317998875,0.40076056680985017,-0.0598559633027641,,False,False
2025-11-14,TQQQ,TRAIN,0.2501024885392929,0.1460835813727319,-0.8829916317991596,,False,False
2025-11-14,TSEM,TRAIN,0.18564390087334237,0.3032671080157877,-0.5095289141414148,,False,True
2025-11-14,TSLR,TRAIN,0.44540948123974705,0.32169339777954714,2.0,,True,False
2025-11-14,TSLT,TRAIN,0.2620477646913688,0.25162666899320035,-1.101355172413793,,False,False
2025-11-14,TSMX,TRAIN,0.10851715397762138,0.19781174036707636,-1.1269183574144477,,False,True
2025-11-14,TTMI,TRAIN,0.3074411376458583,0.393291455433371,2.0,,False,False
2025-11-14,TVTX,TRAIN,0.2564377486321292,0.31754623578645863,-0.5660120481927718,,False,False
2025-11-14,UPB,TRAIN,0.21627880677617672,0.19272759266295067,-1.1296484000000009,,False,True
2025-11-14,URGN,TRAIN,0.433838483668376,0.45429328927204704,2.0,,True,False
2025-11-14,URTY,TRAIN,0.24558354422909012,0.37957382138341694,-0.1182906250000047,,False,False
2025-11-14,USD,TRAIN,0.1455226915736677,0.30828875420184937,-1.09444634248366,,False,True
2025-11-14,VKTX,TRAIN,0.10946568200456928,0.28404307961828856,-1.080791454545454,,False,True
2025-11-14,VOYG,TRAIN,0.19488207883783595,0.3029216129781098,-1.1310267636363642,,False,True
2025-11-14,VRT,TRAIN,0.13039856545422146,0.28069584390160995,-1.0470373207392198,,False,True
2025-11-14,VST,TRAIN,0.1896205929032775,0.4359133494625873,-1.1182025764705887,,False,True
2025-11-14,WDC,TRAIN,0.3203995958950897,0.38403165897751085,-1.0452312236286918,,False,False
2025-11-14,WGMI,TRAIN,0.16099422320907664,0.2910706229832074,-1.122094000000001,,False,True
2025-11-14,YPF,TRAIN,0.3717014207985542,0.4204956096891965,2.0,,False,False
2025-11-14,ZEPP,TRAIN,0.15235268259148146,0.29624542468266174,-1.0910074666666665,,False,True
2025-11-17,AAOI,TRAIN,0.2617098269647961,0.23868645371616737,-1.03834922,,False,False
2025-11-17,ASND,TRAIN,0.13710988436053967,0.24763064214370742,-0.164354477611939,,False,True
2025-11-17,AVGG,TRAIN,0.1121298478573678,0.17395514064376616,-2.45920378888889,,False,True
2025-11-17,AVGX,TRAIN,0.13204660227182272,0.3544152233107383,-1.1605693340794636,,False,True
2025-11-17,BULZ,TRAIN,0.32477388541068053,0.470329908059776,-1.1132697975914156,,False,False
2025-11-17,CLS,TRAIN,0.12598037064214837,0.29998812794727553,-1.0676144475675673,,False,True
2025-11-17,CLSX,TRAIN,0.07723821927117196,0.11728641818573236,-1.0343690033898305,,False,True
2025-11-17,CONI,TRAIN,0.14831477647488134,0.16320668101679828,-1.2905243343283674,,False,True
2025-11-17,CROX,TRAIN,0.24237931402766508,0.33187910572346385,-1.133925275949366,,False,False
2025-11-17,CRSP,TRAIN,0.5657460739658353,0.378894571589297,0.6723405325443813,,True,False
2025-11-17,CVNA,TRAIN,0.10624857916036187,0.2926306495058919,-1.0682183358547654,,False,True
2025-11-17,DNTH,TRAIN,0.15502325481400747,0.20227971258546829,-1.0759682181818178,,False,True
2025-11-17,DRUG,TRAIN,0.21486472846362858,0.11794673671667256,-1.06342504,,False,True
2025-11-17,DYN,TRAIN,0.47464951995599786,0.2784136387320067,2.0,,True,False
2025-11-17,EAT,TRAIN,0.11022247618049862,0.24416912388433817,-0.2900970481927711,,False,True
2025-11-17,GDXU,TRAIN,0.1321012461692379,0.1626427795059699,-1.2089011452380969,,False,True
2025-11-17,GEVX,TRAIN,0.15840327372556945,0.27461743387657417,-1.1329848000000011,,False,True
2025-11-17,GRAL,TRAIN,0.35951777284844383,0.2801259197813861,2.0,,False,False
2025-11-17,HTHT,TRAIN,0.705201447928679,0.5039191661436646,0.6790151351351317,,True,False
2025-11-17,HUT,TRAIN,0.08445643173982241,0.07304145647860845,-0.2806661654135329,,False,True
2025-11-17,IONL,TRAIN,0.0458070636082781,0.08652613148770075,-1.195159344262295,,False,True
2025-11-17,IONQ,TRAIN,0.1173943952485551,0.12135290575258008,-1.0648370784982937,,False,True
2025-11-17,IONX,TRAIN,0.16354805698905547,0.23678362289780505,-1.086828286271603,,False,True
2025-11-17,IREN,TRAIN,0.08981266301435799,0.2243621766222473,-1.0350460782608697,,False,True
2025-11-17,JKS,TRAIN,0.4452962387043881,0.386745135541643,2.0,,True,False
2025-11-17,KOD,TRAIN,0.5142971856142786,0.3453463766166259,2.0,,True,False
2025-11-17,LGN,TRAIN,0.22636621265711293,0.2251217280225413,-1.037527481247176,,False,False
2025-11-17,LITE,TRAIN,0.03504562787852532,0.1735218360042367,-1.1245286823529412,,False,True
2025-11-17,MAZE,TRAIN,0.2194574506511012,0.3285063439422091,-1.4446848833686683,,False,True
2025-11-17,MLYS,TRAIN,0.23878067689811167,0.1441418539106675,2.0,,False,False
2025-11-17,MNPR,TRAIN,0.6413578209966112,0.4125458021022347,-1.6028432551724066,,True,False
2025-11-17,NBIS,TRAIN,0.22535226441834147,0.2890623787607647,-1.0348003327433628,,False,False
2025-11-17,NBTX,TRAIN,0.11863028276217688,0.20850533031760535,-1.0865509703703715,,False,True
2025-11-17,PARR,TRAIN,0.12971374682951198,0.437638028292391,-1.0521049666666669,,False,True
2025-11-17,PGNY,TRAIN,0.19629417424833331,0.3051071521750484,-1.100291473972603,,False,True
2025-11-17,PPTA,TRAIN,0.10388070671415665,0.23780350395317545,-1.0765946999999996,,False,True
2025-11-17,RGTX,TRAIN,0.1133886376838677,0.1259979641961234,-1.0362431615780443,,False,True
2025-11-17,SION,TRAIN,0.29070709560456104,0.1903267070769468,2.0,,False,False
2025-11-17,SNDK,TRAIN,0.08594075170892856,0.3474458905548535,-1.0608662925363457,,False,True
2025-11-17,SOXL,TRAIN,0.36689191488818146,0.5216979735787602,-1.065463083636364,,False,False
2025-11-17,TERN,TRAIN,0.17768677114165926,0.35810729697819216,-1.1047216258064507,,False,True
2025-11-17,TSLR,TRAIN,0.6283101629083837,0.4537740440841462,2.0,,True,False
2025-11-17,TSLT,TRAIN,0.5389400381403929,0.44900524011204224,2.0,,True,False
2025-11-17,UPB,TRAIN,0.22978639680844123,0.2942550099560564,-1.1129346028168985,,False,False
2025-11-17,VRTL,TRAIN,0.14480945531344855,0.11191110786031933,-1.94255126654682,,False,True
2025-11-17,WDC,TRAIN,0.11973843076504406,0.26221386368033145,-1.0469285253731344,,False,True
2025-11-17,ZBIO,TRAIN,0.17587653694266844,0.16392516275615043,-1.2728276727272747,,False,True
2025-11-18,AII,TRAIN,0.20068543876001987,0.27275357308104786,-1.1192821381818188,,False,True
2025-11-18,ARQT,TRAIN,0.21594427358686819,0.41903751257741045,-0.2123017241379355,,False,True
2025-11-18,ASTS,TRAIN,0.24124029245591258,0.2829350622136538,-1.1203590447761191,,False,False
2025-11-18,BE,TRAIN,0.09856476640550227,0.29123872399699874,-1.0534929379310345,,False,True
2025-11-18,BIDU,TRAIN,0.12245068027345993,0.27072980239443994,-1.107685369127517,,False,True
2025-11-18,BMNR,TRAIN,0.17783569568805957,0.21718123303986905,-0.2292309655031558,,False,True
2025-11-18,CCOI,TRAIN,0.12026763760836319,0.22730813292314261,-1.1383200000000004,,False,True
2025-11-18,CELC,TRAIN,0.29114074066938594,0.3793732022008258,-1.147704210731712,,False,False
2025-11-18,CONL,TRAIN,0.15217105119241253,0.246071479903941,-1.0340007952550416,,False,True
2025-11-18,CORD,TRAIN,0.13934125366840833,0.2890168512056789,-1.314596979908352,,False,True
2025-11-18,DPST,TRAIN,0.23134511313986522,0.381649331994441,-1.1388096710352866,,False,False
2025-11-18,ETHT,TRAIN,0.1400548428064192,0.2537304610102599,-1.0748750179640725,,False,True
2025-11-18,ETHU,TRAIN,0.22473706314515224,0.36392285578594114,-0.5144816369359927,,False,False
2025-11-18,GCT,TRAIN,0.5249821720948773,0.4172827173724564,2.0,,True,False
2025-11-18,GUSH,TRAIN,0.3374083264419529,0.5016318142358465,-1.105555450000001,,False,False
2025-11-18,HTFL,TRAIN,0.36671844225340555,0.45022993897706587,-1.067751848544383,,False,False
2025-11-18,HUT,TRAIN,0.22809828184223743,0.28636667175324687,-1.1386613090909097,,False,False
2025-11-18,IIIV,TRAIN,0.3277390197327844,0.13657867254968553,0.5066584341812811,,False,False
2025-11-18,IONX,TRAIN,0.3076621003980832,0.6471516043454961,-1.0800429132075475,,False,False
2025-11-18,IREN,TRAIN,0.167379993821875,0.3643301386987414,-1.0632219212241427,,False,True
2025-11-18,IREX,TRAIN,0.18354503958100624,0.252072447231186,-1.0616237894736884,,False,True
2025-11-18,LGN,TRAIN,0.49225939931464785,0.3164349952966434,2.0,,True,False
2025-11-18,LQDA,TRAIN,0.4818784626717654,0.3143435154905175,0.8712345360824778,,True,False
2025-11-18,MCRB,TRAIN,0.6107232817104057,0.4712482303242067,2.0,,True,False
2025-11-18,MP,TRAIN,0.2435779937312097,0.39720455773505114,-1.1045557333333331,,False,False
2025-11-18,MSTR,TRAIN,0.37116400437950775,0.29077868289078124,-1.0964829369863018,,False,False
2025-11-18,NBIS,TRAIN,0.3450824182725274,0.5034358576583343,2.0,,False,False
2025-11-18,NFLU,TRAIN,0.46600757275361265,0.31352876844281113,1.040058937823826,,True,False
2025-11-18,OKLL,TRAIN,0.25950201730811934,0.17066192268019784,-1.0388482256379283,,False,False
2025-11-18,OKLO,TRAIN,0.0988651212363109,0.13248296141725852,-1.0480623696386415,,False,True
2025-11-18,OUST,TRAIN,0.22407563391153001,0.30771799852866405,-1.1342332727272737,,False,False
2025-11-18,QBTS,TRAIN,0.18771974600724053,0.18837814159277233,-1.0441844732394363,,False,True
2025-11-18,QBTX,TRAIN,0.16972161970241276,0.3713986922023704,-1.0377205442622952,,False,True
2025-11-18,RGTU,TRAIN,0.22745771349034655,0.35873300253063073,-1.4094764822695032,,False,False
2025-11-18,RGTX,TRAIN,0.24517271627895626,0.198425937146039,0.0130239130434739,,False,False
2025-11-18,RIGL,TRAIN,0.2621554393807125,0.3595937782189373,-1.1208437999999992,,False,False
2025-11-18,ROBN,TRAIN,0.09158406846519378,0.3541721984642373,-1.1336295093477626,,False,True
2025-11-18,SEDG,TRAIN,0.15609094634919063,0.3423705400883624,-1.1057117957446811,,False,True
2025-11-18,SMR,TRAIN,0.2791321287191156,0.2912241872871306,-1.0891879055915243,,False,False
2025-11-18,SRRK,TRAIN,0.33363444224995853,0.23968907628083816,2.0,,False,False
2025-11-18,TEMT,TRAIN,0.1944676327637141,0.6232168346695182,-1.08689050955414,,False,True
2025-11-18,TERN,TRAIN,0.18507573689998205,0.5209617909359879,-1.0581836387096772,,False,True
2025-11-18,TSLQ,TRAIN,0.15074067027340537,0.34045089251939814,-1.0582024625,,False,True
2025-11-18,VRTL,TRAIN,0.10837724866089934,0.46923817552334396,-1.322728610526319,,False,True
2025-11-18,WBD,TRAIN,0.17223931501708767,0.1042305395087769,-1.1132316137931024,,False,True
2025-11-18,WGMI,TRAIN,0.30580854137707153,0.3978958162828931,-0.7828670065859351,,False,False
2025-11-18,WULX,TRAIN,0.543499456259194,0.46116508415716184,2.0,,True,False
2025-11-19,APLD,TRAIN,0.1705622132753967,0.4169015886705224,-1.061722037735849,,False,True
2025-11-19,APLX,TRAIN,0.16649543256657948,0.34608745915861766,-1.2034287609631662,,False,True
2025-11-19,ASTX,TRAIN,0.1510224951587569,0.34559541334034516,-1.0482285142857144,,False,True
2025-11-19,AVGG,TRAIN,0.10850400036071632,0.5783354636469933,-1.206074283027738,,False,True
2025-11-19,AVGO,TRAIN,0.17709480312332626,0.4441632264343339,-1.1302739586206902,,False,True
2025-11-19,BE,TRAIN,0.2200328309212126,0.06931181010176685,-0.3343957926829284,,False,True
2025-11-19,BRBR,TRAIN,0.7466568664081412,0.532504292120585,2.0,,True,False
2025-11-19,BULZ,TRAIN,0.27189426845229986,0.4499773982271181,-1.1225317984574343,,False,False
2025-11-19,CAMT,TRAIN,0.25596519261414286,0.3453493945920844,-1.1203626666666666,,False,False
2025-11-19,CLS,TRAIN,0.45483838567684826,0.3694786123153067,2.0,,True,False
2025-11-19,COGT,TRAIN,0.14757893025721627,0.33733498981428645,-1.056402014117647,,False,True
2025-11-19,COHR,TRAIN,0.11760349906322963,0.34055335007597565,-1.1263766505383148,,False,True
2025-11-19,CSIQ,TRAIN,0.06465329926829472,0.2519992335431862,-1.0753082212871288,,False,True
2025-11-19,ETHT,TRAIN,0.0940363588683691,0.3059555416120183,-1.0722063333333336,,False,True
2025-11-19,ETHU,TRAIN,0.0810124112353678,0.2733839410748631,-1.0766705333333333,,False,True
2025-11-19,EXAS,TRAIN,0.6942063822337756,0.7662480279525877,2.0,,True,False
2025-11-19,GEVX,TRAIN,0.6319026760192852,0.49004449807165734,2.0,,True,False
2025-11-19,HNGE,TRAIN,0.6912721272905443,0.35211179372702944,0.8931682352941263,,True,False
2025-11-19,HOOG,TRAIN,0.2550135218572816,0.6256991852982339,-1.09427537480916,,False,False
2025-11-19,IDR,TRAIN,0.08889575638071055,0.34612714190375604,-1.0854037333333333,,False,True
2025-11-19,INBX,TRAIN,0.4223116588508139,0.39227219770814215,-1.0704567500000002,,True,False
2025-11-19,IONL,TRAIN,0.07472636827108307,0.18927035761712888,-1.0992112379785606,,False,True
2025-11-19,IONX,TRAIN,0.25159900558325454,0.35849488739925794,-1.069356044094488,,False,False
2025-11-19,IREN,TRAIN,0.2941223419817751,0.37253449416997225,-1.052262250746269,,False,False
2025-11-19,IREX,TRAIN,0.1163705719079622,0.29531312095147544,-1.0455090038176371,,False,True
2025-11-19,LASR,TRAIN,0.20864145092699637,0.3182696758719981,-1.144377462068966,,False,True
2025-11-19,LEU,TRAIN,0.3120730602469375,0.5352432891275295,-0.0638818853974058,,False,False
2025-11-19,LITE,TRAIN,0.10201000150931647,0.30947798816835326,-1.0926778668387227,,False,True
2025-11-19,MAZE,TRAIN,0.6446748344638817,0.3136422607165231,0.0729987654321009,,True,False
2025-11-19,MOD,TRAIN,0.4641831921153717,0.30147268816103473,2.0,,True,False
2025-11-19,MP,TRAIN,0.2620253377742503,0.34059101236159156,-1.0836183547169809,,False,False
2025-11-19,MULL,TRAIN,0.16759090355344217,0.32876454925193094,-1.0850779967871482,,False,True
2025-11-19,MUU,TRAIN,0.12517223671432312,0.346505201246593,-1.039551896062992,,False,True
2025-11-19,NEBX,TRAIN,0.17457759730472325,0.2965040453988454,-1.0385137815602836,,False,True
2025-11-19,NVTX,TRAIN,0.17422310704038005,0.5413525622087185,-1.3196707582089515,,False,True
2025-11-19,OKLL,TRAIN,0.11741269944254996,0.2606096028924584,-1.0341226550760634,,False,True
2025-11-19,OKLO,TRAIN,0.132674552183755,0.20048943375696573,-1.0628866371681414,,False,True
2025-11-19,ORCX,TRAIN,0.36254010754388083,0.6905650071921295,-1.0592034522522522,,False,False
2025-11-19,OUST,TRAIN,0.18643403152727814,0.3209017905071398,-1.0724032581818208,,False,True
2025-11-19,PPTA,TRAIN,0.1181767657439232,0.24871161579696507,-1.0361736869565217,,False,True
2025-11-19,PVLA,TRAIN,0.7236331073651555,0.35746080293989124,2.0,,True,False
2025-11-19,QBTX,TRAIN,0.12351015156038173,0.19552861398067392,-1.041865774647886,,False,True
2025-11-19,RDTL,TRAIN,0.13303466574079537,0.4488852176435394,-1.3619773882352917,,False,True
2025-11-19,RGTU,TRAIN,0.19920553174206748,0.2630910739849261,-1.1412814476190472,,False,True
2025-11-19,RGTX,TRAIN,0.1839082303188859,0.20922619717134328,2.0,,False,True
2025-11-19,RH,TRAIN,0.29769472631540417,0.4217510655547358,-1.09016392246696,,False,False
2025-11-19,RKLX,TRAIN,0.1068282438976263,0.25302401085078424,-1.0585458611111112,,False,True
2025-11-19,ROBN,TRAIN,0.09449883580568484,0.39670706054253313,-1.3359379962192848,,False,True
2025-11-19,SITM,TRAIN,0.2761469115658263,0.4276402563904183,-1.103990091794158,,False,False
2025-11-19,SMST,TRAIN,0.5806174254940191,0.3920485224607896,2.0,,True,False
2025-11-19,SOXL,TRAIN,0.3880271278848762,0.720445844072968,2.0,,False,False
2025-11-19,SPRB,TRAIN,0.3005739748371185,0.391037656834961,-1.0677655544715443,,False,False
2025-11-19,SUPX,TRAIN,0.19693014329741493,0.5077916083189055,-1.119498600000001,,False,True
2025-11-19,TECL,TRAIN,0.20885791888825414,0.3900524640701656,-1.136048331018782,,False,True
2025-11-19,TMDX,TRAIN,0.4018557502629507,0.3630172333198811,2.0000000000000098,,False,False
2025-11-20,AGX,TRAIN,0.41293780700508775,0.2559874538869225,-1.1079801666666662,,True,False
2025-11-20,AXGN,TRAIN,0.29584712381280615,0.3699924895156226,-1.14551264,,False,False
2025-11-20,BBNX,TRAIN,0.42644431665614424,0.5848384660992487,-1.0836412571428569,,True,False
2025-11-20,BRBR,TRAIN,0.442975450483977,0.39917014313903554,-1.1329601000000014,,True,False
2025-11-20,CORD,TRAIN,0.3806576611933601,0.5447469123576618,2.0,,False,False
2025-11-20,CRCD,TRAIN,0.22610570614739608,0.38553094620205897,-1.0633594838709677,,False,False
2025-11-20,GH,TRAIN,0.24855189132040786,0.2583226673835662,-1.1143906400000003,,False,False
2025-11-20,GRAL,TRAIN,0.18204250067695438,0.3069234791104976,-1.0921037090909087,,False,True
2025-11-20,IREN,TRAIN,0.45545665988281464,0.40009482243836486,2.0,,True,False
2025-11-20,LABD,TRAIN,0.35426655786351524,0.3371645857074367,-1.1215776992330773,,False,False
2025-11-20,LMND,TRAIN,0.4568136070669077,0.38398474828485213,-1.1107734068965522,,True,False
2025-11-20,NJR,TRAIN,0.5472396092577664,0.3202850461228451,0.0644018518518582,,True,False
2025-11-20,NVDD,TRAIN,0.7739937365206975,0.499132168158401,2.0,,True,False
2025-11-20,NVDS,TRAIN,0.5591286870701209,0.577475843040345,1.9999999999999905,,True,False
2025-11-20,QID,TRAIN,0.6909115115602033,0.575629261306962,2.0,,True,False
2025-11-20,QURE,TRAIN,0.15841724434548496,0.39917597290502255,-1.0811896484848482,,False,True
2025-11-20,RGTZ,TRAIN,0.6950400513836047,0.22684310288442677,2.0,,True,False
2025-11-20,RUN,TRAIN,0.1618303543719982,0.2342005167009222,-1.0451770492211838,,False,True
2025-11-20,SDOW,TRAIN,0.5957165790812768,0.5281351689064955,-1.1382452324324306,,True,False
2025-11-20,SEDG,TRAIN,0.3067458125132347,0.3074485268183193,-1.1129822909090896,,False,False
2025-11-20,SMST,TRAIN,0.3930481695069632,0.5250280517309066,-1.0744668589641435,,False,False
2025-11-20,SOUX,TRAIN,0.4377271765427382,0.24721922308877725,2.0,,True,False
2025-11-20,SPXS,TRAIN,0.8296357641682487,0.696303912870126,2.0,,True,False
2025-11-20,TECS,TRAIN,0.37323019211257996,0.5698665973614735,-1.0907379199999998,,False,False
2025-11-20,TNDM,TRAIN,0.42329944917698076,0.25907785100337133,-1.1192558956521736,,True,False
2025-11-20,TSLQ,TRAIN,0.729036694740221,0.7290506380387206,2.0,,True,False
2025-11-20,TSLR,TRAIN,0.20961320731627162,0.26416748996052486,-1.1319485894736885,,False,True
2025-11-20,TSLT,TRAIN,0.3038125635017043,0.2841381145079572,-1.0991720623712855,,False,False
2025-11-20,VCYT,TRAIN,0.34574929318508324,0.3445566016308057,-1.0509478666666667,,False,False
2025-11-20,VIXY,TRAIN,0.838926303173299,0.7515053267707521,2.0,,True,False
2025-11-20,VXX,TRAIN,0.7193451034486823,0.6668516286762031,2.0,,True,False
2025-11-21,AAOI,TRAIN,0.41745971471636173,0.19015570076220734,0.475598571428563,,True,False
2025-11-21,ANAB,TRAIN,0.42906100614592435,0.3416099435621873,-1.1433602580645186,,True,False
2025-11-21,ASTH,TRAIN,0.6064761304801758,0.4473025278393809,1.104741304347829,,True,False
2025-11-21,AXGN,TRAIN,0.26436798290619967,0.35191454683425616,-1.1385761481481484,,False,False
2025-11-21,BBNX,TRAIN,0.6885997031106798,0.6071666780514036,2.0,,True,False
2025-11-21,BEAM,TRAIN,0.5488412433932767,0.2492552823997233,2.0,,True,False
2025-11-21,BLDR,TRAIN,0.7564636397855456,0.463883881802257,0.2509431192660548,,True,False
2025-11-21,BLSH,TRAIN,0.5345423060050685,0.2752463867652603,2.0,,True,False
2025-11-21,BLTE,TRAIN,0.350958636558511,0.4028365189451653,-1.3382240205128229,,False,False
2025-11-21,BMNZ,TRAIN,0.2735919599470181,0.5726851400856257,2.0,,False,False
2025-11-21,CAVA,TRAIN,0.7570672517519965,0.4205957469445739,2.0,,True,False
2025-11-21,CBRL,TRAIN,0.25052321539403327,0.4267940751872023,-1.1185229500000011,,False,False
2025-11-21,CELC,TRAIN,0.48957565057329633,0.3060113717754025,-0.439095486111109,,True,False
2025-11-21,CONI,TRAIN,0.3324221017888475,0.4368012913236317,-1.051136214141417,,False,False
2025-11-21,CORD,TRAIN,0.34205250247506064,0.3120787222057341,-1.0627505828571429,,False,False
2025-11-21,CRCL,TRAIN,0.5734682783167527,0.3555820530546826,2.0,,True,False
2025-11-21,CRSP,TRAIN,0.2638181299857183,0.3737083236741371,-1.1247572780853727,,False,False
2025-11-21,DPST,TRAIN,0.789615601063081,0.6227747762089496,2.0,,True,False
2025-11-21,ETHT,TRAIN,0.164623017896043,0.33572734555652334,-1.1224055594002338,,False,True
2025-11-21,ETHU,TRAIN,0.2005288234974007,0.2298486043549296,-1.086011424390244,,False,True
2025-11-21,GDXU,TRAIN,0.5327857078271797,0.6259089018546905,-1.0697407666666665,,True,False
2025-11-21,GLIBK,TRAIN,0.6152336215582739,0.4915488763659734,0.1105751391465657,,True,False
2025-11-21,GRAL,TRAIN,0.625573505558121,0.4073577612449342,2.0,,True,False
2025-11-21,HOOZ,TRAIN,0.3232341667849176,0.6487190919428932,-1.3724567602355149,,False,False
2025-11-21,HOV,TRAIN,0.6403317597958587,0.5272529740415641,1.7432993730407549,,True,False
2025-11-21,HRI,TRAIN,0.694629537123916,0.449676664260081,2.0,,True,False
2025-11-21,ICUI,TRAIN,0.21808273764291863,0.28924791893523316,-1.536253980419573,,False,True
2025-11-21,IT,TRAIN,0.35396863133491197,0.46208870808447594,-1.1280635446640317,,False,False
2025-11-21,KAI,TRAIN,0.4514370872752965,0.38277311474273157,0.34102272,,True,False
2025-11-21,KOD,TRAIN,0.8616763641556435,0.6447012928041709,2.0,,True,False
2025-11-21,LABU,TRAIN,0.48508465986551597,0.48071879156013675,2.0,,True,False
2025-11-21,NAIL,TRAIN,0.6967193594747877,0.5458493624039952,2.0,,True,False
2025-11-21,NATR,TRAIN,0.5886256915507367,0.2848796426546753,0.3598089285714271,,True,False
2025-11-21,NEBX,TRAIN,0.20991131800571938,0.0836315988103521,-1.0419302933928904,,False,True
2025-11-21,NVDS,TRAIN,0.45115991592591,0.6246813484513783,-1.094762760784313,,True,False
2025-11-21,NVTX,TRAIN,0.3516123415385621,0.043329518338773756,-1.0381118601941748,,False,False
2025-11-21,OLED,TRAIN,0.28317328422809035,0.37941860815800016,-1.188692663095655,,False,False
2025-11-21,PAR,TRAIN,0.3303707702194818,0.3679587407132949,-1.1087195200000006,,False,False
2025-11-21,PGY,TRAIN,0.6038338998475825,0.32374376295099505,0.4532296875000049,,True,False
2025-11-21,PRAX,TRAIN,0.4217151663539596,0.13468661119476458,-1.1688136070175463,,True,False
2025-11-21,PRCT,TRAIN,0.2571318665164765,0.31803136862790404,-1.1359390819672133,,False,False
2025-11-21,QBTZ,TRAIN,0.21746336897541094,0.2675915162162268,-1.058181306644426,,False,True
2025-11-21,QDEL,TRAIN,0.5889604995720215,0.28740283374624753,2.0,,True,False
2025-11-21,RGTZ,TRAIN,0.4467317459918614,0.2302358371760544,2.0,,True,False
2025-11-21,RH,TRAIN,0.5637940656433457,0.47607710017392807,2.0,,True,False
2025-11-21,ROCK,TRAIN,0.6991677463610132,0.3728174755203408,2.0,,True,False
2025-11-21,ROOT,TRAIN,0.2468265349168959,0.3282007390406971,-1.1162209674418606,,False,False
2025-11-21,RVLV,TRAIN,0.36978450943645563,0.36826265059770136,-0.3067829787234122,,False,False
2025-11-21,SCLX,TRAIN,0.6174536751528198,0.38161032277382556,2.0,,True,False
2025-11-21,SEDG,TRAIN,0.23325687902005773,0.25122716932391154,-1.0616014812903227,,False,False
2025-11-21,SEI,TRAIN,0.45944667051486915,0.2714794491991818,-1.1369693458823538,,True,False
2025-11-21,SMST,TRAIN,0.23427992370989972,0.30899794010577586,-1.0934503414634142,,False,False
2025-11-21,SOXL,TRAIN,0.2535922029965425,0.2116151699190289,-0.8624195876288641,,False,False
2025-11-21,SPRB,TRAIN,0.3295421725814289,0.2979607481340777,2.0,,False,False
2025-11-21,SPYU,TRAIN,0.42370058476066336,0.41043587456843883,-1.101202947443623,,True,False
2025-11-21,SSG,TRAIN,0.20804412749981493,0.38346810483470384,-1.0682418736842108,,False,True
2025-11-21,TEM,TRAIN,0.5763340971354727,0.2622225336173209,2.0,,True,False
2025-11-21,TNA,TRAIN,0.8074996818642753,0.47908939054871613,2.0,,True,False
2025-11-21,TNDM,TRAIN,0.5199512591979278,0.2115469759156397,2.0,,True,False
2025-11-21,TREE,TRAIN,0.277707416167005,0.2900459576918631,-1.500079855971197,,False,False
2025-11-21,TRNS,TRAIN,0.5530773678135101,0.3842530957591882,-1.167922645045051,,True,False
2025-11-21,TSLQ,TRAIN,0.5022362322296552,0.41610552969810155,2.0,,True,False
2025-11-21,TWST,TRAIN,0.8071546527037418,0.6419458205939506,2.0,,True,False
2025-11-21,UGI,TRAIN,0.5395946754517853,0.33249447851231434,2.0,,True,False
2025-11-21,VCYT,TRAIN,0.2827595374736718,0.4420251450311973,-0.438630208333329,,False,False
2025-11-21,VIXY,TRAIN,0.5157384349794807,0.4609451740823777,-1.0987963407407408,,True,False
2025-11-21,VOYG,TRAIN,0.26644141785519265,0.42469214034133673,-0.7958124999999943,,False,False
2025-11-21,VSCO,TRAIN,0.4643001101967132,0.4523118458111646,2.0,,True,False
2025-11-21,VXX,TRAIN,0.5144257312080656,0.5532085239262914,-1.0963872,,True,False
2025-11-21,W,TRAIN,0.2978576116840676,0.3637023687626728,-1.127209467251976,,False,False
2025-11-21,WGS,TRAIN,0.22566972062505863,0.2973764373598568,-1.120903487804877,,False,False
2025-11-21,WW,TRAIN,0.3844657670764015,0.5562858243015113,-1.109506448648649,,False,False
2025-11-21,ZEPP,TRAIN,0.40841691017683396,0.445331606847519,2.0,,True,False
2025-11-24,AAOI,TRAIN,0.654316318806967,0.2553317114016864,2.0,,True,False
2025-11-24,ADPT,TRAIN,0.3662381893418924,0.2507364651881792,-1.1256197090909097,,False,False
2025-11-24,AGX,TRAIN,0.6931479827094771,0.5583505579694384,2.0,,True,False
2025-11-24,AMUU,TRAIN,0.4847596260277532,0.5008893133036809,-1.0934407920792055,,True,False
2025-11-24,ANAB,TRAIN,0.3004087513470978,0.36588069868001266,-1.0815297599999996,,False,False
2025-11-24,APLX,TRAIN,0.470010775922775,0.1593657187847689,2.0,,True,False
2025-11-24,APPX,TRAIN,0.5711628705903767,0.3747009346666703,1.996583333333336,,True,False
2025-11-24,ARWR,TRAIN,0.4160998794666781,0.29518282400341433,0.9802317757009288,,True,False
2025-11-24,AVGG,TRAIN,0.6210873255407967,0.7390043658146054,2.0,,True,False
2025-11-24,AVGO,TRAIN,0.5449238183621401,0.45476349945162126,2.0,,True,False
2025-11-24,AVL,TRAIN,0.7975537165057484,0.7730065492055875,2.0,,True,False
2025-11-24,AXGN,TRAIN,0.3629113608862767,0.33605662174796896,-1.1291908799999997,,False,False
2025-11-24,AZTA,TRAIN,0.29413154898795896,0.3688651970030455,-1.059444119601329,,False,False
2025-11-24,BE,TRAIN,0.17448131551164447,0.2752744723954111,-1.056989198778707,,False,True
2025-11-24,BEAM,TRAIN,0.38455525410153124,0.34451732713151223,-1.1074678492753598,,False,False
2025-11-24,BETR,TRAIN,0.37715955181182154,0.2900793702232781,-1.0715575466666667,,False,False
2025-11-24,BITQ,TRAIN,0.5003534220084855,0.34654054356921465,2.0,,True,False
2025-11-24,BITU,TRAIN,0.7799535040315865,0.40281672956843584,2.0,,True,False
2025-11-24,BITX,TRAIN,0.639615810578476,0.4010605355327696,1.6124259868421125,,True,False
2025-11-24,BLLN,TRAIN,0.6589902452311418,0.3402482007581824,2.0,,True,False
2025-11-24,BMNR,TRAIN,0.6995935219347976,0.6196872820167361,-1.1173205090909084,,True,False
2025-11-24,BULZ,TRAIN,0.7300226698147539,0.6030949341314855,2.0,,True,False
2025-11-24,CIEN,TRAIN,0.47916437304637566,0.44425330538920016,0.2869575980392179,,True,False
2025-11-24,CLS,TRAIN,0.6720127076225112,0.5403135906760441,2.0,,True,False
2025-11-24,CLSX,TRAIN,0.33569659332865914,0.45048877461277004,-1.123036152594466,,False,False
2025-11-24,COGT,TRAIN,0.15782897550108313,0.3528671484482387,-1.064340014723926,,False,True
2025-11-24,COHR,TRAIN,0.3887629943105017,0.411678256708448,-1.1072328574367414,,False,False
2025-11-24,CRDO,TRAIN,0.4326364267436456,0.3997324116407789,-1.0696616535211267,,True,False
2025-11-24,CSIQ,TRAIN,0.30394883009696455,0.5265050024481038,-1.1007221090909096,,False,False
2025-11-24,ETHU,TRAIN,0.46227783394852234,0.41843126518632817,-1.1267386305084754,,True,False
2025-11-24,GDS,TRAIN,0.45608965832266457,0.3091307015661044,1.0756813008129975,,True,False
2025-11-24,GDXU,TRAIN,0.7122160935846534,0.7096437245518321,2.0,,True,False
2025-11-24,GRAL,TRAIN,0.6550568419937336,0.2837395585478806,2.0,,True,False
2025-11-24,HIMS,TRAIN,0.4142477977856467,0.24508737774989606,2.0,,True,False
2025-11-24,HOOG,TRAIN,0.5240881296201955,0.32597219571572916,2.0,,True,False
2025-11-24,HUT,TRAIN,0.5604573715767958,0.38969996408026264,2.0,,True,False
2025-11-24,INOD,TRAIN,0.7619473552661747,0.3191920852272999,0.9280679141145568,,True,False
2025-11-24,IONX,TRAIN,0.5888147506292766,0.3219482816303456,2.0,,True,False
2025-11-24,IREN,TRAIN,0.2736896195905835,0.4779957717809595,-1.0497614634146342,,False,False
2025-11-24,JANX,TRAIN,0.34635569487052154,0.44399447920565444,-1.083985555401468,,False,False
2025-11-24,JNUG,TRAIN,0.7697245947262709,0.6012422093410732,2.0,,True,False
2025-11-24,KOD,TRAIN,0.26717868517843096,0.14496310863763684,-1.1862894545454623,,False,False
2025-11-24,LEU,TRAIN,0.2656609059669367,0.4407240697064938,-1.1250894783300769,,False,False
2025-11-24,LITE,TRAIN,0.11071633963186728,0.3480435257243959,-1.1377237931034494,,False,True
2025-11-24,LIVN,TRAIN,0.4086580201191213,0.388394389282018,-1.064230681081081,,True,False
2025-11-24,LMND,TRAIN,0.4740615166653078,0.33717446817506475,0.1136122842692504,,True,False
2025-11-24,MBX,TRAIN,0.8362573173734872,0.5408386252569083,2.0,,True,False
2025-11-24,MOD,TRAIN,0.36864607466122207,0.3506045071821612,-1.124792633333333,,False,False
2025-11-24,MUU,TRAIN,0.326647922605409,0.4581352933595272,-1.1106369880877731,,False,False
2025-11-24,NBIS,TRAIN,0.5684785061113676,0.3431807894972346,2.0,,True,False
2025-11-24,NKTR,TRAIN,0.44083991704149406,0.30010770910614143,0.1436606299212595,,True,False
2025-11-24,NUGT,TRAIN,0.7378439503829833,0.4827254255245614,2.0,,True,False
2025-11-24,NVTX,TRAIN,0.5341848879350821,0.33985797615865987,2.0,,True,False
2025-11-24,OKLL,TRAIN,0.5275392418579983,0.08088507250778161,2.0,,True,False
2025-11-24,OPEX,TRAIN,0.4237521111795707,0.39762400165304956,-1.0894711999999993,,True,False
2025-11-24,PACS,TRAIN,0.5351829965259396,0.222627564777732,2.0,,True,False
2025-11-24,PLTU,TRAIN,0.4114860423199325,0.3657227688060105,-1.1308082790697735,,True,False
2025-11-24,POWL,TRAIN,0.7889859614742588,0.5151266923135597,0.2421639080459705,,True,False
2025-11-24,PTIR,TRAIN,0.4068169952901422,0.29794770823105465,-1.2003058039215713,,True,False
2025-11-24,PVLA,TRAIN,0.5199621874862383,0.6076354531516132,-1.1533801375565629,,True,False
2025-11-24,QBTS,TRAIN,0.39535067473542634,0.3447954399713144,-1.1014860376681617,,False,False
2025-11-24,QBTX,TRAIN,0.4681294384272666,0.4980028570773363,-1.0721239999999996,,True,False
2025-11-24,RDTL,TRAIN,0.34425349285181356,0.6094657224302348,-1.0878938666666669,,False,False
2025-11-24,RGTU,TRAIN,0.31995469182578645,0.15898545210881154,-1.198524149732619,,False,False
2025-11-24,RGTX,TRAIN,0.6826094727738504,0.5592921790652496,2.0,,True,False
2025-11-24,RIGL,TRAIN,0.3056256004880393,0.29715306695652105,-1.112172026143791,,False,False
2025-11-24,ROBN,TRAIN,0.7823818000338655,0.49476710803090673,2.0,,True,False
2025-11-24,SEPN,TRAIN,0.5796272595348727,0.5121520252022178,2.0,,True,False
2025-11-24,SMST,TRAIN,0.3373939508561802,0.611576164705547,-1.0428341463122426,,False,False
2025-11-24,SNDK,TRAIN,0.29825868428384583,0.5437791496228634,-1.089529365550865,,False,False
2025-11-24,SOFX,TRAIN,0.6318210367292706,0.3819165499434885,2.0,,True,False
2025-11-24,SOXL,TRAIN,0.7264090703377498,0.8921364929736285,2.0,,True,False
2025-11-24,TEM,TRAIN,0.15077341382308757,0.2351378010836888,-1.0823172682926827,,False,True
2025-11-24,TEMT,TRAIN,0.5496474830363555,0.6725675355250678,2.0,,True,False
2025-11-24,TMDX,TRAIN,0.3215208425317963,0.3411353835510917,-0.2621851190476186,,False,False
2025-11-24,TSLR,TRAIN,0.6989638733125575,0.2689814139908261,2.0,,True,False
2025-11-24,TSLT,TRAIN,0.6767113160195569,0.36436012904828174,2.0,,True,False
2025-11-24,TSMX,TRAIN,0.26667364436348673,0.3019634969227332,-1.1215046274509792,,False,False
2025-11-24,TTMI,TRAIN,0.6638048738838933,0.3620980086788075,0.2960222891566163,,True,False
2025-11-24,UPB,TRAIN,0.3653917830975104,0.316183828391053,-1.1107774803149602,,False,False
2025-11-24,VRTL,TRAIN,0.41838507274242626,0.4511166010506873,-1.2646436041348337,,True,False
2025-11-24,WDC,TRAIN,0.36597727085638404,0.43066780987496805,-1.119177492821853,,False,False
2025-11-24,WGMI,TRAIN,0.7828922615780913,0.6203882631339578,2.0,,True,False
2025-11-24,WGS,TRAIN,0.4662598612527421,0.2719304557353478,2.0,,True,False
2025-11-25,ADI,TRAIN,0.7525119588848566,0.33076979138669177,1.5262708041958064,,True,False
2025-11-25,ALGT,TRAIN,0.1942685177940416,0.15297674192439795,-0.0428739051094951,,False,True
2025-11-25,ASO,TRAIN,0.4547083944530661,0.37863270255989256,-0.5826507042253506,,True,False
2025-11-25,BEAM,TRAIN,0.4377725518605387,0.27744612569868826,2.0,,True,False
2025-11-25,BMNZ,TRAIN,0.08625338681621326,0.11968668300686648,-1.0799815058823528,,False,True
2025-11-25,CONI,TRAIN,0.3459521860918745,0.2986631902465165,-1.1659610631976267,,False,False
2025-11-25,DIN,TRAIN,0.35999065674170777,0.30446844504516307,2.0,,False,False
2025-11-25,DPST,TRAIN,0.5140862283207124,0.4224395332760389,2.0,,True,False
2025-11-25,HOV,TRAIN,0.4378167409861156,0.30398062016844185,-1.3412104899224833,,True,False
2025-11-25,HSAI,TRAIN,0.31977580894428487,0.27939968031836243,0.2119369791666665,,False,False
2025-11-25,INSP,TRAIN,0.6704250073896613,0.4912781623343792,2.0,,True,False
2025-11-25,JACK,TRAIN,0.22620710688956236,0.3697425015973654,-1.1503577011494248,,False,False
2025-11-25,MBX,TRAIN,0.254095777548654,0.3499969702232598,-1.0637492470588232,,False,False
2025-11-25,NAIL,TRAIN,0.43671923757791703,0.32157791047383427,2.0,,True,False
2025-11-25,NVDQ,TRAIN,0.12204006486447062,0.24727925837668466,-1.0726370455856922,,False,True
2025-11-25,PI,TRAIN,0.516314997755794,0.35549526690591665,2.0,,True,False
2025-11-25,PRCT,TRAIN,0.19768022721798306,0.3349026299958469,-1.0837899999999996,,False,True
2025-11-25,Q,TRAIN,0.6906581187791057,0.3285430592922066,2.0,,True,False
2025-11-25,QBTZ,TRAIN,0.16994142231194256,0.06825060349729159,-1.0580531571994714,,False,True
2025-11-25,RCUS,TRAIN,0.35311752970781557,0.24441304625105834,-1.0865487999999996,,False,False
2025-11-25,RDDT,TRAIN,0.32092338878935744,0.41095424307358003,-1.1336985607476626,,False,False
2025-11-25,RDTL,TRAIN,0.6728247417900409,0.4757063186024277,2.0,,True,False
2025-11-25,SNEX,TRAIN,0.4163921530450255,0.3195253736279712,0.4077213114754172,,True,False
2025-11-25,VNO,TRAIN,0.41158795419118216,0.38968739136724617,0.6410729729729805,,True,False
2025-11-26,AAOI,TRAIN,0.567196863816055,0.5020903045851668,2.0,,True,False
2025-11-26,APPX,TRAIN,0.08908795846644196,0.3339245860577279,-1.0662322266666668,,False,True
2025-11-26,ARWR,TRAIN,0.4462983574313792,0.5523228931732255,-1.0604518539130436,,True,False
2025-11-26,ASO,TRAIN,0.3079055819676467,0.313646942104392,-1.1368803428571443,,False,False
2025-11-26,BMA,TRAIN,0.5012822155900674,0.37069987688614925,2.0,,True,False
2025-11-26,BMNR,TRAIN,0.25396552790283305,0.3420639288607592,-1.119447846575342,,False,False
2025-11-26,BRCB,TRAIN,0.18839899435554194,0.16380172913727,-1.334066975438601,,False,True
2025-11-26,BURL,TRAIN,0.4252955651174573,0.42405734632489706,-1.126291963636363,,True,False
2025-11-26,CLSX,TRAIN,0.38231172834020927,0.21206401107222894,2.0,,False,False
2025-11-26,CONL,TRAIN,0.655787280213142,0.33468038452198084,0.6916974169741757,,True,False
2025-11-26,CRCD,TRAIN,0.15900350245249295,0.20321641830687914,-1.1799961386666695,,False,True
2025-11-26,DUOL,TRAIN,0.29665450917077,0.40680229745600405,2.0,,False,False
2025-11-26,ETHT,TRAIN,0.21444562182216312,0.359380823692513,-1.134065272906405,,False,True
2025-11-26,EWTX,TRAIN,0.17504402034640212,0.22806392062601782,-0.228350000000003,,False,True
2025-11-26,GDXU,TRAIN,0.4381357278332663,0.5306571376063248,0.1611598705035901,,True,False
2025-11-26,HOOG,TRAIN,0.2690036558348822,0.20117445718456586,-1.110935549597856,,False,False
2025-11-26,HOOW,TRAIN,0.5102115846303599,0.3193596951988932,1.2768656207367008,,True,False
2025-11-26,KRUS,TRAIN,0.21976766844234133,0.2918032168379341,-0.4617011627907019,,False,True
2025-11-26,KSS,TRAIN,0.17439812114428133,0.3468014052570647,-1.1209419781818188,,False,True
2025-11-26,LITE,TRAIN,0.17224936925142695,0.29107894622533004,-1.131920511392404,,False,True
2025-11-26,MBX,TRAIN,0.6155782907151001,0.3919777800402489,0.413065384615373,,True,False
2025-11-26,MVLL,TRAIN,0.16271984366575512,0.18648974421135953,-1.1377828387096829,,False,True
2025-11-26,OLMA,TRAIN,0.4549321103686687,0.3003143689977939,2.0,,True,False
2025-11-26,QBTZ,TRAIN,0.20362413136763746,0.218408235285336,-1.1072502807775382,,False,True
2025-11-26,RAPT,TRAIN,0.6926159238919624,0.5029867153175197,2.0,,True,False
2025-11-26,RGTZ,TRAIN,0.24943987707765206,0.16378191188607938,-1.0362146909090908,,False,False
2025-11-26,ROBN,TRAIN,0.17466837373171396,0.19193402753263686,-1.112831820224719,,False,True
2025-11-26,SMTC,TRAIN,0.4333585681288387,0.40524901240972555,-1.098323217158176,,True,False
2025-11-26,SYM,TRAIN,0.7350265681742404,0.4549874914614947,2.0,,True,False
2025-11-26,TATT,TRAIN,0.3019007278141396,0.6009937812239189,-1.250899169811334,,False,False
2025-11-26,VERA,TRAIN,0.5072561928082276,0.32606304435544115,2.0,,True,False
2025-11-26,VOYG,TRAIN,0.362137644589283,0.310673403838099,-1.1501615414634132,,False,False
2025-11-26,WOLF,TRAIN,0.26194806813480753,0.4955135418122172,-1.068320777464788,,False,False
2025-11-26,ZYME,TRAIN,0.3461225842470461,0.410442543091665,-1.07552272,,False,False
2025-11-28,AAOI,TRAIN,0.2145081781952716,0.1649683124113178,-1.079473860869565,,False,True
2025-11-28,AGQ,TRAIN,0.23256031428752874,0.402209772658408,-1.128418237885462,,False,False
2025-11-28,APLD,TRAIN,0.45585578667101495,0.197912774965368,0.8336665727272692,,True,False
2025-11-28,CIFR,TRAIN,0.48670631385924557,0.19693159303773744,2.0,,True,False
2025-11-28,CLSX,TRAIN,0.2154766648279217,0.06941445743087976,-1.315803905511817,,False,True
2025-11-28,CRCL,TRAIN,0.4786039491051968,0.21010660929185718,1.280171005420259,,True,False
2025-11-28,CRDO,TRAIN,0.278800142247173,0.4803768089205206,-0.0424047223480821,,False,False
2025-11-28,CRDU,TRAIN,0.3817009353046292,0.27569446887991456,2.0,,False,False
2025-11-28,DYN,TRAIN,0.19367218923482035,0.25727512843332806,-1.10478932413793,,False,True
2025-11-28,IDR,TRAIN,0.351638569528887,0.43116500022482407,-1.7988475999999898,,False,False
2025-11-28,INTW,TRAIN,0.7139077773010137,0.45884383032934417,2.0,,True,False
2025-11-28,IONL,TRAIN,0.11786314275906813,0.18759833444301752,-2.0037834257500893,,False,True
2025-11-28,IONX,TRAIN,0.15537514737223454,0.13920105084196874,-1.3629538108527133,,False,True
2025-11-28,MFI,TRAIN,0.1579477616206316,0.0742347644064794,-1.0363804845860398,,False,True
2025-11-28,NVTX,TRAIN,0.22642172991525808,0.11707133075439706,-1.041804001748907,,False,False
2025-11-28,OKLL,TRAIN,0.3091820477321403,0.14485430725886445,2.000000000000006,,False,False
2025-11-28,PXED,TRAIN,0.3029701902526636,0.25263214422589414,0.4096916666666582,,False,False
2025-11-28,RDTL,TRAIN,0.3568489952947151,0.1451722781943516,2.0,,False,False
2025-11-28,RIOX,TRAIN,0.1497161691292765,0.12218769218380197,-1.11564834437086,,False,True
2025-11-28,SKE,TRAIN,0.1458849483597538,0.25154036969033583,-1.1439911200000006,,False,True
2025-11-28,SMLR,TRAIN,0.1650214808659298,0.20917794198996773,-1.1119224444444489,,False,True
2025-11-28,SMST,TRAIN,0.4285474494803649,0.1681747012172478,2.0,,True,False
2025-11-28,TBBB,TRAIN,0.49112787145210296,0.421403060732397,-1.1414481599999988,,True,False
2025-12-01,ALAB,TRAIN,0.69520922683119,0.4498399738431919,2.0,,True,False
2025-12-01,ANF,TRAIN,0.3659188089920045,0.3271652738691454,-1.127013427895981,,False,False
2025-12-01,APLD,TRAIN,0.2760069534122465,0.315299339824896,-1.0755961142857144,,False,False
2025-12-01,APLX,TRAIN,0.08878902661554919,0.45042158196976223,-1.2474948417416936,,False,True
2025-12-01,ARWR,TRAIN,0.631988501137225,0.6019489087195202,0.6521566854990579,,True,False
2025-12-01,BMNZ,TRAIN,0.09876032377206005,0.4246291242469333,-1.0510701770416904,,False,True
2025-12-01,CIFR,TRAIN,0.06374439169276262,0.18079160906844646,-1.0577886399999998,,False,True
2025-12-01,CRDO,TRAIN,0.16423081578010457,0.3027527760326036,-1.1199556699029125,,False,True
2025-12-01,HOOZ,TRAIN,0.170364814774654,0.27791442002133243,-1.119613574522298,,False,True
2025-12-01,IREN,TRAIN,0.04183240120838451,0.13832296649142511,-1.101189725,,False,True
2025-12-01,MULL,TRAIN,0.48572535982886783,0.29542371503711334,0.6799197183098548,,True,False
2025-12-01,NEBX,TRAIN,0.126591063139729,0.4401126393103891,-1.073912958994142,,False,True
2025-12-01,NUTX,TRAIN,0.2164194045453507,0.3580917580653529,-1.2138815919598025,,False,True
2025-12-01,NVDL,TRAIN,0.4607162362793815,0.29585210363245107,0.1988881355932201,,True,False
2025-12-01,NVDU,TRAIN,0.5311999693368714,0.3683668990887841,-0.0561535697955475,,True,False
2025-12-01,RDDT,TRAIN,0.20907076893645543,0.30541625560793717,-1.0759741183013904,,False,True
2025-12-01,RDTL,TRAIN,0.42362298851193186,0.4831706232788178,2.0,,True,False
2025-12-01,VSCO,TRAIN,0.49564265179781664,0.4138370037499311,2.0,,True,False
2025-12-02,ALAB,TRAIN,0.14688239207810574,0.2893481384686208,-1.0779833185185188,,False,True
2025-12-02,APLD,TRAIN,0.18984637762045362,0.24233476988179628,-1.0674207015221708,,False,True
2025-12-02,APP,TRAIN,0.15802935911636934,0.3773251891477289,-1.106552988617886,,False,True
2025-12-02,APPX,TRAIN,0.17950315045711898,0.40933576562166957,-1.0596539812080534,,False,True
2025-12-02,ARWR,TRAIN,0.28187152801036247,0.3174374291268519,-1.1308565534468786,,False,False
2025-12-02,ASTS,TRAIN,0.24135461780256703,0.22230929165174398,-1.098130404935099,,False,False
2025-12-02,ASTX,TRAIN,0.5514962910843423,0.41364853235734717,2.0,,True,False
2025-12-02,BE,TRAIN,0.19310939138319294,0.2323589438979514,-0.1980953012048197,,False,True
2025-12-02,BETA,TRAIN,0.355991233763248,0.48755125775352515,-0.063680612244899,,False,False
2025-12-02,BMNR,TRAIN,0.20450276640658155,0.4051474796615413,-1.0757421241379308,,False,True
2025-12-02,CRWV,TRAIN,0.41022975765070707,0.38990553055269994,-1.0615871731843578,,True,False
2025-12-02,CTRI,TRAIN,0.2304639275697599,0.2857644609432368,-1.1205433185185187,,False,False
2025-12-02,CWVX,TRAIN,0.06657605015398153,7.50371180517247e-05,-1.0408638143814382,,False,True
2025-12-02,GEVX,TRAIN,0.21631861634983282,0.3364987385144919,-1.1190389484127028,,False,True
2025-12-02,HOOG,TRAIN,0.18937545649449078,0.1800430884426399,-1.302675670516623,,False,True
2025-12-02,IDR,TRAIN,0.22032694361563984,0.18053786420641102,-1.1032195881188127,,False,True
2025-12-02,INSP,TRAIN,0.7512240240472181,0.39663079395117135,2.0,,True,False
2025-12-02,INTC,TRAIN,0.2945469042363465,0.16337374622879014,2.0,,False,False
2025-12-02,INTW,TRAIN,0.7748081164698727,0.5384481984882332,2.0,,True,False
2025-12-02,IONL,TRAIN,0.05633342097355582,0.15331278071330903,-1.1455676414482798,,False,True
2025-12-02,IONX,TRAIN,0.2511523082322352,0.35031265476955137,-1.2301167471819625,,False,False
2025-12-02,LEU,TRAIN,0.1132425402708662,0.29426402825198317,-1.053837286696562,,False,True
2025-12-02,NNE,TRAIN,0.17277178194291545,0.29328291710713233,-1.07513617694704,,False,True
2025-12-02,OKLO,TRAIN,0.2713034298819877,0.2654366371010378,-1.0447185617021275,,False,False
2025-12-02,PLTG,TRAIN,0.08132823712572541,0.27793943975633995,-1.4969251532467476,,False,True
2025-12-02,PLTU,TRAIN,0.2805980673627891,0.28235423209891586,-1.0781457531643888,,False,False
2025-12-02,PTIR,TRAIN,0.22049010275487524,0.37228999215636394,-1.129543834482759,,False,True
2025-12-02,QBTS,TRAIN,0.1242462948660888,0.13218361791647906,-1.059052,,False,True
2025-12-02,QBTX,TRAIN,0.09686675649155194,0.32008715544752475,-1.0400876581268534,,False,True
2025-12-02,RDTL,TRAIN,0.17763487026621216,0.23212601043364114,-1.1317432430769243,,False,True
2025-12-02,RGTU,TRAIN,0.019187833390474588,0.09234895932351357,-1.1120719498607234,,False,True
2025-12-02,RGTX,TRAIN,0.1016477158848407,0.21129381828089477,-1.3662839703478318,,False,True
2025-12-02,RKLB,TRAIN,0.2740672817365805,0.3345291381933502,-1.061152,,False,False
2025-12-02,SITM,TRAIN,0.33958718745447475,0.49342453437120104,-1.1360428347266875,,False,False
2025-12-02,SOFX,TRAIN,0.08933637143423444,0.21392367795542136,-1.1420262349206305,,False,True
2025-12-03,AMR,TRAIN,0.2746977061342632,0.26531502587933,2.0,,False,False
2025-12-03,APGE,TRAIN,0.23589563202173489,0.19761323365535027,2.0,,False,False
2025-12-03,ARWR,TRAIN,0.3748895049141098,0.27551795609491847,2.0,,False,False
2025-12-03,BBNX,TRAIN,0.44658865960548233,0.3993326486574319,2.0,,True,False
2025-12-03,BBW,TRAIN,0.4561284432327073,0.49579660223778416,2.0,,True,False
2025-12-03,BEAM,TRAIN,0.7929118054976719,0.5523489566974944,1.71336931216931,,True,False
2025-12-03,CONL,TRAIN,0.09679606522027048,0.23256362067563863,-1.0453102787878787,,False,True
2025-12-03,CPRI,TRAIN,0.5949039636282615,0.5298802702054103,0.6773643939393944,,True,False
2025-12-03,CRCL,TRAIN,0.32255535893846266,0.3158738131079946,2.0,,False,False
2025-12-03,DRUG,TRAIN,0.17113551273188923,0.2746458641356556,-1.127008062593145,,False,True
2025-12-03,ELF,TRAIN,0.3625651902967802,0.24512400080997745,-1.0361393773898813,,False,False
2025-12-03,FRPT,TRAIN,0.5009747007072366,0.4662438213914001,-1.13638352,,True,False
2025-12-03,HOOG,TRAIN,0.5221462950127967,0.6874704878930376,1.6443262896825293,,True,False
2025-12-03,HROW,TRAIN,0.5299716748141701,0.24832175782497157,2.0,,True,False
2025-12-03,HY,TRAIN,0.5159295811348917,0.515690995471525,2.0,,True,False
2025-12-03,IMCR,TRAIN,0.2663186614648778,0.37777350059180925,-1.4371874162162177,,False,False
2025-12-03,IREN,TRAIN,0.49689358302022235,0.29764694306530953,2.0,,True,False
2025-12-03,M,TRAIN,0.2564080402959491,0.3031654890254243,-1.09794785,,False,False
2025-12-03,NCNO,TRAIN,0.32545918530751644,0.49548534160422675,-1.0900853333333331,,False,False
2025-12-03,ON,TRAIN,0.3976099983539897,0.3455082085207623,2.0,,False,False
2025-12-03,QBTX,TRAIN,0.24797018062298865,0.3199275354137464,-1.0855716981132073,,False,False
2025-12-03,QXO,TRAIN,0.482741582744774,0.2894169364545721,-1.1355873365853646,,True,False
2025-12-03,ROBN,TRAIN,0.4717661097116804,0.46644790913308976,2.0,,True,False
2025-12-03,SION,TRAIN,0.24099676286310584,0.5456124391696585,-1.0903032000000006,,False,False
2025-12-03,SITM,TRAIN,0.26409455409899985,0.5387857534410259,-1.1363743542168678,,False,False
2025-12-03,SYM,TRAIN,0.2050034352223256,0.1458220400624774,-1.130723812541255,,False,True
2025-12-03,SYRE,TRAIN,0.47057753229427035,0.5102212105948299,-1.0953772045977015,,True,False
2025-12-03,TSLT,TRAIN,0.22876236369057829,0.2785955855033676,-1.134733925925926,,False,False
2025-12-03,VERA,TRAIN,0.18821629578408308,0.29506581022924605,-1.141996399999999,,False,True
2025-12-03,ZD,TRAIN,0.6009111458470442,0.48018663747055446,0.957498999999992,,True,False
2025-12-04,APLD,TRAIN,0.5404571562458663,0.3337460278274711,0.9617523809523716,,True,False
2025-12-04,APPX,TRAIN,0.2627078019312974,0.31468786880244004,-1.293201087999993,,False,False
2025-12-04,ARQQ,TRAIN,0.09332612589182875,0.21942378013840055,-1.1273528483985755,,False,True
2025-12-04,ASTS,TRAIN,0.4435083701372729,0.3498026470067327,2.0,,True,False
2025-12-04,ASTX,TRAIN,0.5069562632538461,0.6655259008172827,2.0,,True,False
2025-12-04,AVAV,TRAIN,0.20242413749047475,0.4843373136587334,-1.1368604855172424,,False,True
2025-12-04,AVBP,TRAIN,0.19137567767415445,0.36052335858943135,-1.1414465897897896,,False,True
2025-12-04,BE,TRAIN,0.8488490366603434,0.5633128401449896,2.0,,True,False
2025-12-04,BEAM,TRAIN,0.7558438272794694,0.48521589177190627,2.0,,True,False
2025-12-04,BETR,TRAIN,0.6280585318791799,0.5325715204547085,0.7914743589743561,,True,False
2025-12-04,BMNR,TRAIN,0.22672510519384645,0.2477310748997025,-1.1089584363636351,,False,False
2025-12-04,CIFU,TRAIN,0.723241341935008,0.523232592667033,2.0,,True,False
2025-12-04,CLSX,TRAIN,0.3278136741526452,0.3285015388584918,-1.0777973155555558,,False,False
2025-12-04,COHR,TRAIN,0.4717613076681213,0.3722120626355114,2.0,,True,False
2025-12-04,CRMT,TRAIN,0.16570369702371412,0.26548279560043453,-1.0510751761194028,,False,True
2025-12-04,CRWV,TRAIN,0.6457317082646011,0.35386403609540173,2.0,,True,False
2025-12-04,CSIQ,TRAIN,0.23963315831719703,0.2915789317695731,-1.1204865999999996,,False,False
2025-12-04,DNLI,TRAIN,0.21579079504518425,0.20306954687757808,2.0,,False,True
2025-12-04,FBYD,TRAIN,0.25326771104674917,0.028804638657665072,-1.0603604936170214,,False,False
2025-12-04,FEIM,TRAIN,0.20625127332526189,0.26998649321164003,-1.101140250602409,,False,True
2025-12-04,FIGR,TRAIN,0.7793714970368241,0.5597596779277799,2.0,,True,False
2025-12-04,FLNC,TRAIN,0.7468812494260829,0.5124381061946203,2.0,,True,False
2025-12-04,FLY,TRAIN,0.34184919528229657,0.33128137132081276,2.0,,False,False
2025-12-04,GEVX,TRAIN,0.09234470126739833,0.26650238337954296,-1.0486508571428577,,False,True
2025-12-04,GPCR,TRAIN,0.3544905213104097,0.33391570291879874,-1.0989589391304346,,False,False
2025-12-04,HUT,TRAIN,0.252386313238223,0.2520836835898288,-1.1345985333333328,,False,False
2025-12-04,IDYA,TRAIN,0.34275336702816406,0.2840616539320657,-1.235246166292134,,False,False
2025-12-04,IMNM,TRAIN,0.13772833465252576,0.1606969266168035,-1.0987258999999996,,False,True
2025-12-04,IONL,TRAIN,0.4076624966230349,0.49506421835852765,-1.0448041016442453,,True,False
2025-12-04,IONQ,TRAIN,0.45693844623815605,0.2116401768735211,2.0,,True,False
2025-12-04,IONX,TRAIN,0.4539707151896356,0.6444851591686591,-1.0836207272727272,,True,False
2025-12-04,IREN,TRAIN,0.19162402853388766,0.37634281941410824,-1.1420617776767443,,False,True
2025-12-04,KOD,TRAIN,0.1969756953096154,0.37107515394278284,-1.0882257297297304,,False,True
2025-12-04,LEU,TRAIN,0.21387689826014017,0.2720000861855737,-1.129946284175083,,False,True
2025-12-04,LGN,TRAIN,0.23775107885945093,0.2377578223198024,-1.130323786666667,,False,False
2025-12-04,NGNE,TRAIN,0.30364317813318425,0.2030537711911769,-1.070125023255814,,False,False
2025-12-04,NVTX,TRAIN,0.2459755817280067,0.19057935693605937,2.0,,False,False
2025-12-04,OKLL,TRAIN,0.37130538859345513,0.337803679303983,2.0,,False,False
2025-12-04,OKLO,TRAIN,0.8110442814466473,0.4268261594085539,2.0,,True,False
2025-12-04,OPEX,TRAIN,0.07162574876336807,0.25611735320737017,-1.776949358599704,,False,True
2025-12-04,ORCX,TRAIN,0.4796073302567446,0.28791663628155006,2.0,,True,False
2025-12-04,OUST,TRAIN,0.36168392631625834,0.26206405900668506,2.0,,False,False
2025-12-04,QBTS,TRAIN,0.7351091511714376,0.31221049601106826,2.0,,True,False
2025-12-04,QBTX,TRAIN,0.608565196150409,0.3160297358817865,2.0,,True,False
2025-12-04,QPUX,TRAIN,0.7210006975440635,0.48574824159486507,2.0,,True,False
2025-12-04,QURE,TRAIN,0.1847112432768906,0.12566102140223812,-1.0391906666666666,,False,True
2025-12-04,RAPT,TRAIN,0.10459211492152651,0.21765234516897772,-1.1383199999999989,,False,True
2025-12-04,RGTI,TRAIN,0.9018041110023264,0.5323282648847416,2.0,,True,False
2025-12-04,RGTU,TRAIN,0.5689746679899252,0.5642273382875421,2.0,,True,False
2025-12-04,RGTX,TRAIN,0.6356525316118039,0.6529749382472945,2.0,,True,False
2025-12-04,RKLB,TRAIN,0.3607671522649967,0.33497827431760663,-1.124569057088846,,False,False
2025-12-04,RKLX,TRAIN,0.6471953339120331,0.7293001514939529,2.0,,True,False
2025-12-04,SITM,TRAIN,0.13642559063635348,0.29834689095842093,-1.5307156162093505,,False,True
2025-12-04,SMR,TRAIN,0.7221775222187815,0.31067260158160825,2.0,,True,False
2025-12-04,SMTC,TRAIN,0.4768628855747293,0.353246749033731,2.0,,True,False
2025-12-04,SNDK,TRAIN,0.4784489858969951,0.40991006627182275,2.0,,True,False
2025-12-04,SOUX,TRAIN,0.7616757296772184,0.6618439012806113,2.0,,True,False
2025-12-04,SYRE,TRAIN,0.1968866856683809,0.16399969345683751,-1.1896661661538463,,False,True
2025-12-04,VKTX,TRAIN,0.7989879631196075,0.5142248058923264,2.0,,True,False
2025-12-04,WYFI,TRAIN,0.3533482404293943,0.23810220805343085,-1.1046665809217573,,False,False
2025-12-05,AGX,TRAIN,0.3856209121858864,0.2391273217472154,-1.0812049267175572,,False,False
2025-12-05,APLS,TRAIN,0.5574641756479944,0.34589457123495115,2.0,,True,False
2025-12-05,APPN,TRAIN,0.1985538615930083,0.25947884514167485,-1.0972771172413796,,False,True
2025-12-05,ASTS,TRAIN,0.44252418712916736,0.49334966694000115,-1.1267591802469132,,True,False
2025-12-05,ASTX,TRAIN,0.229417183786407,0.1372775967637273,0.2401686146058224,,False,False
2025-12-05,BOIL,TRAIN,0.19899029318974787,0.19488723572168606,-1.131890729539295,,False,True
2025-12-05,CORD,TRAIN,0.08054020918337089,0.13000942288001102,-1.17374900876712,,False,True
2025-12-05,CRCD,TRAIN,0.04960526204453684,0.15306921977075952,-1.303250432533406,,False,True
2025-12-05,CRMT,TRAIN,0.24873675035412454,0.23947339196486805,-1.4474521535353606,,False,False
2025-12-05,CRTO,TRAIN,0.14355314283917667,0.3568185753323945,-1.284061776271184,,False,True
2025-12-05,DUOL,TRAIN,0.3136159788127307,0.3603502979435092,-1.126944149532711,,False,False
2025-12-05,FLNC,TRAIN,0.19258786473285666,0.2986583602287282,-0.0746662280701764,,False,True
2025-12-05,GDXU,TRAIN,0.32745957870299347,0.3153694297817978,-1.088082307578579,,False,False
2025-12-05,HPE,TRAIN,0.29848544563946994,0.1327022862392883,2.0,,False,False
2025-12-05,KROS,TRAIN,0.19528814547520063,0.3437410038685954,-1.090902175,,False,True
2025-12-05,LMND,TRAIN,0.3020421494562444,0.28749190395330443,-1.139300496202533,,False,False
2025-12-05,LUV,TRAIN,0.6004005493044889,0.3426573042332932,2.0,,True,False
2025-12-05,MGPI,TRAIN,0.33543979604996027,0.37872971717355003,-1.1321724444444443,,False,False
2025-12-05,MRNA,TRAIN,0.44980896857797287,0.23801612568177163,2.0,,True,False
2025-12-05,MUU,TRAIN,0.11026303853895841,0.2985680181489674,-1.0482038389138544,,False,True
2025-12-05,NTSK,TRAIN,0.2212446603627493,0.33697104203118133,-1.1060453333333335,,False,True
2025-12-05,PRCT,TRAIN,0.24981177515481207,0.2862233110197294,-1.0995904000000003,,False,False
2025-12-05,RDTL,TRAIN,0.1289453591616032,0.30496540956335155,2.0,,False,True
2025-12-05,SMST,TRAIN,0.09477994490591295,0.2759342022561974,-1.1342468188572192,,False,True
2025-12-05,TERN,TRAIN,0.4114855601421606,0.3327694730440563,2.0,,True,False
2025-12-08,ACMR,TRAIN,0.15736862221737966,0.1698716737996904,-1.1293904810126596,,False,True
2025-12-08,ALAB,TRAIN,0.23883007244028473,0.35278748615278865,-1.0692567445459684,,False,False
2025-12-08,BETA,TRAIN,0.5925393913790922,0.4075012717178168,2.0,,True,False
2025-12-08,CAPR,TRAIN,0.7271276946346237,0.7018433079746722,2.0,,True,False
2025-12-08,CORD,TRAIN,0.0933348701917634,0.17088325110701952,-1.1760043227118686,,False,True
2025-12-08,GTLB,TRAIN,0.2577476098904056,0.2567535118126127,-1.097447063063063,,False,False
2025-12-08,LBRX,TRAIN,0.27470789446520977,0.2514981314345003,-1.0884852800000004,,False,False
2025-12-08,NUTX,TRAIN,0.618146409851835,0.49754085297363326,2.0,,True,False
2025-12-08,NVDL,TRAIN,0.5618989538689412,0.5275505128483732,-1.0772702048595777,,True,False
2025-12-08,RKLX,TRAIN,0.2849558225196262,0.30784627855067626,-1.0448828291408037,,False,False
2025-12-08,ROBN,TRAIN,0.16907456854540523,0.23293682923584522,-1.2910472564916096,,False,True
2025-12-08,U,TRAIN,0.27686928753733026,0.26087274815373274,-1.132842528,,False,False
2025-12-08,WRBY,TRAIN,0.3655706867812787,0.598242590281987,-1.041924656084656,,False,False
2025-12-09,AAOI,TRAIN,0.7002260579417123,0.28506940745017156,2.0,,True,False
2025-12-09,AGQ,TRAIN,0.5357527532860736,0.3203233269937507,0.705176396252452,,True,False
2025-12-09,ANF,TRAIN,0.39744587676950993,0.289079620326786,2.0,,False,False
2025-12-09,APLD,TRAIN,0.321439770298116,0.2578007308878377,-1.0814358999999996,,False,False
2025-12-09,ARWR,TRAIN,0.23994546042586953,0.2921838043836188,-1.133566467605635,,False,False
2025-12-09,ASO,TRAIN,0.22385697260787377,0.3227593881410035,-1.0645342309569683,,False,False
2025-12-09,BITU,TRAIN,0.7166500466947479,0.41567576209164203,1.999999999999994,,True,False
2025-12-09,BITX,TRAIN,0.8581483844164579,0.41060446709686294,2.0,,True,False
2025-12-09,BMNR,TRAIN,0.5892499043151466,0.4101432080946062,-1.061990713842334,,True,False
2025-12-09,CARG,TRAIN,0.4029681863159592,0.36163106253065985,-1.1642255135135091,,False,False
2025-12-09,CIFR,TRAIN,0.3755220985542692,0.18260976344212565,2.0,,False,False
2025-12-09,CLSX,TRAIN,0.6176884225017572,0.4166163492156103,2.0,,True,False
2025-12-09,COHR,TRAIN,0.43047372446217896,0.3412732870163154,1.0493178466076742,,True,False
2025-12-09,CONL,TRAIN,0.3963659936167143,0.2831674156822947,2.0,,False,False
2025-12-09,CRCL,TRAIN,0.6529127763848843,0.3710857498796623,2.0,,True,False
2025-12-09,CRMT,TRAIN,0.22756578291996732,0.33219194903287425,-1.1026789150684926,,False,False
2025-12-09,CRWV,TRAIN,0.45788684931916535,0.21527467435384748,0.916240624999992,,True,False
2025-12-09,DOCN,TRAIN,0.378173892653752,0.5023900276134934,-1.102276614492754,,False,False
2025-12-09,ETHT,TRAIN,0.6143423335263192,0.5675474609340481,2.0,,True,False
2025-12-09,ETHU,TRAIN,0.671870611858133,0.42421318464273167,2.0,,True,False
2025-12-09,ETHV,TRAIN,0.5458579160579904,0.27901954971699067,2.0,,True,False
2025-12-09,EZET,TRAIN,0.27387382322969417,0.3683884475732151,-0.1076314814814816,,False,False
2025-12-09,FEIM,TRAIN,0.5532466506063173,0.4183755734914636,2.0,,True,False
2025-12-09,GDXU,TRAIN,0.6106495809759558,0.5470808310466534,1.3972688774772206,,True,False
2025-12-09,GLXU,TRAIN,0.13164837131466997,0.2647709470252478,-1.051323944491041,,False,True
2025-12-09,GLXY,TRAIN,0.6309695480347917,0.3638018227780315,2.0,,True,False
2025-12-09,GPCR,TRAIN,0.20958441454943152,0.07518878009233909,-1.0925397210302858,,False,True
2025-12-09,ILMN,TRAIN,0.39993219812215375,0.5990344998654726,-1.100157285245901,,False,False
2025-12-09,IONX,TRAIN,0.34849328435610744,0.42434508742977883,-1.1191576195121962,,False,False
2025-12-09,JNUG,TRAIN,0.39292894422890395,0.3076593019709433,1.3508456289978783,,False,False
2025-12-09,MSTR,TRAIN,0.7562346899016653,0.4234068791654254,2.0,,True,False
2025-12-09,MULL,TRAIN,0.5349949144520988,0.4375689236118456,0.0194465648854957,,True,False
2025-12-09,MUU,TRAIN,0.5341653287228514,0.3916428165263635,2.0,,True,False
2025-12-09,NGVT,TRAIN,0.5987317713163285,0.2420633043020798,2.0,,True,False
2025-12-09,NTSK,TRAIN,0.21303231174247167,0.2652915562027674,-1.1383676965517224,,False,True
2025-12-09,NUGT,TRAIN,0.5803685389422185,0.4198035657477054,1.145468246445483,,True,False
2025-12-09,PAAS,TRAIN,0.5491447844327625,0.4128963231601422,2.0,,True,False
2025-12-09,PSIX,TRAIN,0.260904107101258,0.4039598756483589,-1.1336258330708666,,False,False
2025-12-09,RKLX,TRAIN,0.3425072562731086,0.4980292534561576,-1.09775200955816,,False,False
2025-12-09,ROBN,TRAIN,0.3183697369229379,0.4547798546332564,-1.0769047619047618,,False,False
2025-12-09,SDRL,TRAIN,0.46268041781202385,0.4489889952080483,-1.0823129745454538,,True,False
2025-12-09,SEDG,TRAIN,0.4150775271849549,0.34007451842955794,-1.099526065116279,,True,False
2025-12-09,SMLR,TRAIN,0.1984405996468145,0.3106606609153595,-0.7828480769230818,,False,True
2025-12-09,SYM,TRAIN,0.34247546193180156,0.22198716556258097,-1.1205137352112675,,False,False
2025-12-09,VIA,TRAIN,0.4640015218897431,0.34052388514555376,0.1598699074074084,,True,False
2025-12-09,VOYG,TRAIN,0.3561121393099487,0.4272825388355517,-1.0556267712,,False,False
2025-12-09,WRBY,TRAIN,0.8815093624043344,0.6556045868247787,2.0,,True,False
2025-12-09,WVE,TRAIN,0.3157316024559144,0.5602144484395899,2.0,,False,False
2025-12-09,XMTR,TRAIN,0.16179894503200432,0.31404878312050283,-1.121952900332707,,False,True
2025-12-10,AAOI,TRAIN,0.5854529108436608,0.4111477513606025,1.9999999999999925,,True,False
2025-12-10,ASTS,TRAIN,0.23782264326013444,0.2943196635040133,-1.119143818181817,,False,False
2025-12-10,ASTX,TRAIN,0.2574717448633032,0.37426733271528456,-1.0534288444444446,,False,False
2025-12-10,BWMN,TRAIN,0.3460448582747451,0.2784879060431615,2.0,,False,False
2025-12-10,CORD,TRAIN,0.136528581094968,0.13812259209357913,-1.0554393689585375,,False,True
2025-12-10,CSIQ,TRAIN,0.11166019805602877,0.24421448142050142,-1.1135177931034486,,False,True
2025-12-10,FLY,TRAIN,0.1233859682388031,0.36074735116355056,-1.0566547428571431,,False,True
2025-12-10,GPCR,TRAIN,0.08327887909979709,0.24636378544862858,-1.0450396266666664,,False,True
2025-12-10,LGN,TRAIN,0.21022457006170406,0.22706870979568103,-1.4403257537081724,,False,True
2025-12-10,MPLT,TRAIN,0.4898772721080181,0.28440907599475934,2.0,,True,False
2025-12-10,OLMA,TRAIN,0.026639575081845966,0.12628510931153847,-1.0413534020618558,,False,True
2025-12-10,RKLB,TRAIN,0.4376160336347262,0.31604215119441165,2.0,,True,False
2025-12-10,SATS,TRAIN,0.18272529649389438,0.3998917208695017,-1.1319145128953767,,False,True
2025-12-10,SRZN,TRAIN,0.11152382696947119,0.25926595266801256,-1.0907262309859154,,False,True
2025-12-10,STOK,TRAIN,0.7593312275679932,0.5809969084576047,2.0,,True,False
2025-12-10,TNDM,TRAIN,0.17894456315096,0.3154158822195878,-1.0707939029163656,,False,True
2025-12-10,VOYG,TRAIN,0.3927745431982871,0.34730085902137925,2.0,,False,False
2025-12-10,WRBY,TRAIN,0.39275364966845444,0.44678961949695295,2.0,,False,False
2025-12-11,ABVX,TRAIN,0.6373504967833985,0.530118531193357,2.0,,True,False
2025-12-11,AIG,TRAIN,0.5091350758707912,0.25104767485177654,-1.1011313333333332,,True,False
2025-12-11,ASND,TRAIN,0.22033032056283913,0.3270224820736237,-1.1275874481561834,,False,True
2025-12-11,ASTX,TRAIN,0.24597988215648037,0.2973262060590327,-1.1202540966360837,,False,False
2025-12-11,BLTE,TRAIN,0.2859354015689072,0.4475300401264557,-1.0765687802469133,,False,False
2025-12-11,CCOI,TRAIN,0.3689703392894515,0.23444988203539707,2.0,,False,False
2025-12-11,CHWY,TRAIN,0.23867993399908374,0.40218234161998917,-1.0617565752808988,,False,False
2025-12-11,CNC,TRAIN,0.5404813254551042,0.32071662762973296,2.0,,True,False
2025-12-11,DRD,TRAIN,0.6082648835726878,0.29368799519855243,0.3101418604651122,,True,False
2025-12-11,ENR,TRAIN,0.33690643847958196,0.35066833396466085,-1.1926079199999908,,False,False
2025-12-11,ENVA,TRAIN,0.2254532246195273,0.36606350408966104,-0.5244723214285625,,False,False
2025-12-11,FLNC,TRAIN,0.7133023226505113,0.5322443830071697,1.5513202200366696,,True,False
2025-12-11,FLY,TRAIN,0.3234088495473754,0.4514602679391284,-1.104385493333333,,False,False
2025-12-11,GDXU,TRAIN,0.7335569229647527,0.5760759659448754,2.0,,True,False
2025-12-11,HUM,TRAIN,0.45796947873402716,0.3618679044828725,-1.1136657407407404,,True,False
2025-12-11,IDR,TRAIN,0.7684333989458162,0.5309600610066736,2.0,,True,False
2025-12-11,IPI,TRAIN,0.3478246850861458,0.36662618791582213,-1.507577793103459,,False,False
2025-12-11,JNUG,TRAIN,0.36818266736449556,0.2808422679080394,2.0,,False,False
2025-12-11,LEU,TRAIN,0.14534520964675388,0.26073293483652255,-1.0636920375,,False,True
2025-12-11,MOS,TRAIN,0.3358495071371943,0.21330215496433566,0.1731353658536619,,False,False
2025-12-11,NEBX,TRAIN,0.5165210626241432,0.45619082525896326,2.0,,True,False
2025-12-11,NUGT,TRAIN,0.4983393919433936,0.3757764715078247,2.0,,True,False
2025-12-11,NXT,TRAIN,0.4705319028359624,0.380260347877379,0.1991974452554705,,True,False
2025-12-11,OKLL,TRAIN,0.25332082064997863,0.22703931212006662,-1.138358817227009,,False,False
2025-12-11,OLLI,TRAIN,0.4100797350606356,0.2696703914143791,-1.132930172272355,,True,False
2025-12-11,PPTA,TRAIN,0.7106777475797244,0.6623219044050148,2.0,,True,False
2025-12-11,RGTZ,TRAIN,0.16044149395580773,0.09350335107789318,-1.0426846875,,False,True
2025-12-11,RKLB,TRAIN,0.3913644831931419,0.3926262186741776,-1.0624129404580152,,False,False
2025-12-11,ROIV,TRAIN,0.45404108665879095,0.23609090330955304,2.0,,True,False
2025-12-11,SAIL,TRAIN,0.5041845178865147,0.2966357148127197,-1.1207900571428566,,True,False
2025-12-11,SKYT,TRAIN,0.6225915802581893,0.4059198145359178,2.0,,True,False
2025-12-11,SMST,TRAIN,0.2172007134815588,0.467274551368151,-1.2934763127819462,,False,True
2025-12-11,SYM,TRAIN,0.4778741205725114,0.3023056572385373,-1.1142707626666666,,True,False
2025-12-11,VST,TRAIN,0.5827139431283133,0.5894048028402219,2.0,,True,False
2025-12-11,W,TRAIN,0.4771132593454634,0.2942343940144527,2.0,,True,False
2025-12-12,CELC,TRAIN,0.41588420081084054,0.21147691318976392,2.0,,True,False
2025-12-12,CLSX,TRAIN,0.20835682245992113,0.2684615168713027,-1.053410693069307,,False,True
2025-12-12,CORD,TRAIN,0.5540012640877761,0.5041477598720362,2.0,,True,False
2025-12-12,IMVT,TRAIN,0.2740382436732354,0.4661778168707967,-1.137841199999999,,False,False
2025-12-12,NKTR,TRAIN,0.22983501817341265,0.3674434991825862,-1.093965409304039,,False,False
2025-12-12,OXM,TRAIN,0.5504005342126302,0.2779910851765794,2.0,,True,False
2025-12-12,SBIT,TRAIN,0.2505792109512351,0.26365226181458523,-1.1657802731707456,,False,False
2025-12-12,SHAK,TRAIN,0.3619485706980573,0.28904804263722944,-1.1257509217391302,,False,False
2025-12-12,TSLL,TRAIN,0.0840046588981394,0.09860989305253794,-1.1326554666666662,,False,True
2025-12-12,TSLR,TRAIN,0.11323820988728195,0.17910500816209154,-1.138588382089552,,False,True
2025-12-12,TSLT,TRAIN,0.16978311761591705,0.23236379042771865,-1.0996258666666665,,False,True
2025-12-12,UVXY,TRAIN,0.31278639753364645,0.4363591714968709,-1.051491123478261,,False,False
2025-12-12,VERA,TRAIN,0.23109802282036013,0.324417676104011,-1.1259755924528316,,False,False
2025-12-12,YOU,TRAIN,0.3503425220189573,0.3400561438084941,-1.093734853333333,,False,False
2025-12-15,CPRX,TRAIN,0.18657334271070558,0.3268292907125377,-1.062551377777778,,False,True
2025-12-15,LBRX,TRAIN,0.29295877794430536,0.30045359814982714,-1.047982731034483,,False,False
2025-12-15,LLYX,TRAIN,0.16139353036165768,0.2890662086672632,-1.1378860549019614,,False,True
2025-12-15,SBIT,TRAIN,0.26531461550732655,0.32011279682017973,2.0,,False,False
2025-12-15,SMST,TRAIN,0.47810752568994835,0.6258999825784296,2.0,,True,False
2025-12-15,STOK,TRAIN,0.18645458662910452,0.278450083061614,-1.037879669751583,,False,True
2025-12-16,ASTX,TRAIN,0.2382149480456757,0.08744341160011539,-1.0375205807407406,,False,False
2025-12-16,CORD,TRAIN,0.11402610711915913,0.09835406321486628,-1.092688544000003,,False,True
2025-12-16,CRCL,TRAIN,0.3428598659345642,0.19460284568887176,0.0300486175115256,,False,False
2025-12-16,HOOG,TRAIN,0.1360030400386078,0.23208758934816023,-1.059008275862072,,False,True
2025-12-16,IONL,TRAIN,0.2938637051738933,0.34057926404351424,-1.2252405538461617,,False,False
2025-12-16,IONX,TRAIN,0.06596361377551077,0.10975446354910026,-1.0768555548638128,,False,True
2025-12-16,KOD,TRAIN,0.15273267400159854,0.37795870331230774,-1.1445443999999985,,False,True
2025-12-16,LEU,TRAIN,0.14701152577243887,0.2079011399186015,-1.0352862615123002,,False,True
2025-12-16,LMB,TRAIN,0.4767109414528362,0.34222578078554,2.0,,True,False
2025-12-16,LMND,TRAIN,0.20222503663621194,0.1881538652909699,-1.1020465495327096,,False,True
2025-12-16,MJ,TRAIN,0.6668017949399535,0.44465457222574395,2.0,,True,False
2025-12-16,PLTU,TRAIN,0.39986972274374305,0.22939065955626894,-1.106891989873417,,False,False
2025-12-16,PTIR,TRAIN,0.35193636858416194,0.26895122639845354,-1.0936431535269713,,False,False
2025-12-16,QBTX,TRAIN,0.2225765016015373,0.35348810811589726,-1.2982939263510251,,False,True
2025-12-16,RDTL,TRAIN,0.11695044978573557,0.19329368056060933,-1.063297721554772,,False,True
2025-12-16,RGTI,TRAIN,0.1252738577749165,0.13847505943611466,-1.038564933333333,,False,True
2025-12-16,ROBN,TRAIN,0.41288830278494687,0.30624622295620324,0.0098625814863108,,True,False
2025-12-16,SEZL,TRAIN,0.5059375582299888,0.32551452205536396,0.5884460975609725,,True,False
2025-12-16,SRPT,TRAIN,0.12369107444080024,0.23486168876564922,-1.0838144432432435,,False,True
2025-12-16,TLN,TRAIN,0.4044737682312259,0.535654840664364,-1.131548671428571,,True,False
2025-12-16,TWLO,TRAIN,0.424632243804379,0.34465737177929695,-0.6208566343042036,,True,False
2025-12-16,UPB,TRAIN,0.49024643791777783,0.35776216979956726,2.0,,True,False
2025-12-16,VERX,TRAIN,0.4929222897003642,0.3480476408066186,0.9449180000000064,,True,False
2025-12-16,WW,TRAIN,0.17168893601557267,0.3178299897112377,2.0,,False,True
2025-12-16,ZBIO,TRAIN,0.6347001502750366,0.2838585827892531,2.0,,True,False
2025-12-17,BETA,TRAIN,0.21429045626264212,0.3106356151128359,-1.1143380394366196,,False,True
2025-12-17,BITU,TRAIN,0.193080561452533,0.21811303769935558,-1.106518785778246,,False,True
2025-12-17,BITX,TRAIN,0.1173207307106647,0.1957398004047622,-1.1062516000000002,,False,True
2025-12-17,BMNZ,TRAIN,0.18228511953407903,0.3643080941612866,-1.035975427787307,,False,True
2025-12-17,CLSX,TRAIN,0.19353488996079926,0.22213124671055545,-1.044928219728166,,False,True
2025-12-17,CORD,TRAIN,0.45310619797955787,0.35753365066396403,2.0,,True,False
2025-12-17,CRCD,TRAIN,0.3404908517613158,0.16202047476543144,2.0,,False,False
2025-12-17,CSIQ,TRAIN,0.15798454579456903,0.22757138259785603,-1.0515944000000002,,False,True
2025-12-17,ETHU,TRAIN,0.1666597217021125,0.20482619564899368,-1.0413346179902143,,False,True
2025-12-17,JKS,TRAIN,0.2984105858532995,0.27146450171724334,-1.1947230787948946,,False,False
2025-12-17,NVDQ,TRAIN,0.17804372446166977,0.34076056607008925,-1.1379050400000006,,False,True
2025-12-17,QURE,TRAIN,0.28136208338227675,0.40732699914163384,-1.050002910566749,,False,False
2025-12-17,RGTZ,TRAIN,0.13009496844586635,0.19080314211498614,-1.086098338983051,,False,True
2025-12-17,SMST,TRAIN,0.2349011352069274,0.3307358712786415,-1.1205614967741946,,False,False
2025-12-17,TPL,TRAIN,0.17576143706593722,0.20650495622064244,-1.1285179378990169,,False,True
2025-12-17,TWST,TRAIN,0.1301536034745989,0.240496417783628,-1.1037721674418606,,False,True
2025-12-17,WOR,TRAIN,0.5454984149459423,0.2522235134047516,0.1485004201680692,,True,False
2025-12-17,XMTR,TRAIN,0.23604842513400875,0.23055733113378254,-1.0901931958762887,,False,False
2025-12-18,APLD,TRAIN,0.10149369455125828,0.18771008591540192,-1.138031833333332,,False,True
2025-12-18,APLX,TRAIN,0.1299529398750851,0.19229888736295672,-1.1175372753138082,,False,True
2025-12-18,BMA,TRAIN,0.2607707199680201,0.35613392553481077,-1.121194666666667,,False,False
2025-12-18,BMNZ,TRAIN,0.32878754099201757,0.49236152090423163,-1.0471957379310344,,False,False
2025-12-18,CE,TRAIN,0.3168415246099127,0.33163691303422865,-1.13832,,False,False
2025-12-18,CORD,TRAIN,0.26737005964176846,0.422496180231004,-1.0743395543905632,,False,False
2025-12-18,CRCD,TRAIN,0.282111709227939,0.40556161512348116,-1.0763543562856763,,False,False
2025-12-18,FBRX,TRAIN,0.30519446197807376,0.37680759797013685,-1.075864370583854,,False,False
2025-12-18,GCT,TRAIN,0.23354503136485433,0.28311494214247485,-1.1323033901345276,,False,False
2025-12-18,GDXU,TRAIN,0.1602218646307631,0.3804639493650872,-1.1020091367277904,,False,True
2025-12-18,HTFL,TRAIN,0.15401153984785051,0.22016115788040877,-1.1347697866666664,,False,True
2025-12-18,PI,TRAIN,0.4103562499169411,0.37372258457474516,-1.07132304569733,,True,False
2025-12-18,PLTU,TRAIN,0.31436814159658744,0.31816660345506353,-1.0569169066666666,,False,False
2025-12-18,PTIR,TRAIN,0.249496545991376,0.2834188482984583,-0.443008333333333,,False,False
2025-12-18,QURE,TRAIN,0.16385337599294617,0.3686710442458875,-1.04730544,,False,True
2025-12-18,RDDT,TRAIN,0.09796835521257893,0.2894487092419273,-1.1053798314465415,,False,True
2025-12-18,RDTL,TRAIN,0.1734940157053718,0.3717412632258633,-1.1983320969002378,,False,True
2025-12-18,RKLB,TRAIN,0.18650621707541626,0.4286017615217231,-1.135404554279959,,False,True
2025-12-18,RKLX,TRAIN,0.3354156943065361,0.5231600617264647,-1.0759172721311467,,False,False
2025-12-18,RYM,TRAIN,0.6806074199437869,0.6874627803122908,2.0,,True,False
2025-12-18,SBIT,TRAIN,0.7044701202912038,0.4379163425031401,2.0,,True,False
2025-12-18,SETH,TRAIN,0.18620441935409035,0.3502540526411933,-1.1442893587301617,,False,True
2025-12-18,TTMI,TRAIN,0.2454625223043739,0.23395466988127114,-1.126870177777778,,False,False
2025-12-18,WS,TRAIN,0.3236619328090251,0.28746056496743005,-1.075294191304348,,False,False
2025-12-18,ZEPP,TRAIN,0.20392857430242436,0.545162692787988,-1.0845856869565216,,False,True
2025-12-19,ACMR,TRAIN,0.2745460633876383,0.39323457297550063,-0.5166711382113804,,False,False
2025-12-19,ALAB,TRAIN,0.4028187755738105,0.45412876321245155,2.0,,False,False
2025-12-19,AMDG,TRAIN,0.5264933016369546,0.19732549852125666,0.6090141093474367,,True,False
2025-12-19,APLD,TRAIN,0.10625780795290148,0.2757464987379819,-1.1353187169811318,,False,True
2025-12-19,APLX,TRAIN,0.6190445449079643,0.2804721216625173,2.0,,True,False
2025-12-19,APPX,TRAIN,0.5115908694650511,0.40059425465617265,2.0,,True,False
2025-12-19,ARQQ,TRAIN,0.10624555455184313,0.43409775822499774,-1.1245867999999994,,False,True
2025-12-19,ASTH,TRAIN,0.1740429157188377,0.2858396187867344,-1.1270982907729032,,False,True
2025-12-19,ASTS,TRAIN,0.6206919092915077,0.40499752476396367,2.0,,True,False
2025-12-19,ASTX,TRAIN,0.6172195897765472,0.27661015274590806,2.0,,True,False
2025-12-19,BE,TRAIN,0.6230242532298371,0.2853159332774754,2.0,,True,False
2025-12-19,CENX,TRAIN,0.466473345779772,0.32518118122150946,2.0,,True,False
2025-12-19,CLSX,TRAIN,0.26676525997320416,0.2588007578574958,-1.0787900192880584,,False,False
2025-12-19,CMCL,TRAIN,0.40780203350569894,0.408356466356531,2.0,,True,False
2025-12-19,CRWV,TRAIN,0.7052931308019348,0.46500634428144905,2.0,,True,False
2025-12-19,EWTX,TRAIN,0.6123760167798954,0.5524732375928911,2.0,,True,False
2025-12-19,FLY,TRAIN,0.44118638630480483,0.402861426261781,-1.0789171675675673,,True,False
2025-12-19,GDXU,TRAIN,0.8490204398050137,0.6987189559636652,2.0,,True,False
2025-12-19,HL,TRAIN,0.13190597422590203,0.21924433944728247,-1.1283802604651143,,False,True
2025-12-19,HUT,TRAIN,0.42372864141564615,0.20811665247992286,-1.0944657573770482,,True,False
2025-12-19,IMNM,TRAIN,0.2629133942098826,0.1926659042857074,-1.1345476363636349,,False,False
2025-12-19,INTW,TRAIN,0.19783706473580062,0.32940305432970435,-1.072942968674699,,False,True
2025-12-19,IONX,TRAIN,0.306952917393353,0.3147234931836773,-1.074165187628866,,False,False
2025-12-19,JOBX,TRAIN,0.1793825113591866,0.4167726524297725,-0.7114027027027049,,False,True
2025-12-19,KOD,TRAIN,0.14254674210592047,0.385856801363824,-1.1259173066666663,,False,True
2025-12-19,LEU,TRAIN,0.4472559343977124,0.4724445181482984,2.0,,True,False
2025-12-19,LITE,TRAIN,0.1245313648827385,0.283003271424444,-1.12722339266255,,False,True
2025-12-19,MIRM,TRAIN,0.7255615587283875,0.46747404198630577,2.0,,True,False
2025-12-19,MRNA,TRAIN,0.43587953903735777,0.3028059592354275,2.0,,True,False
2025-12-19,NBIS,TRAIN,0.3878360713416884,0.2839244647012251,2.0,,False,False
2025-12-19,NCLH,TRAIN,0.49038354975283843,0.2721548106123694,1.5786745283018844,,True,False
2025-12-19,NEBX,TRAIN,0.5784977106503644,0.6280999110318746,2.0,,True,False
2025-12-19,NNE,TRAIN,0.17850978409074844,0.3416634466407702,-1.120811139240507,,False,True
2025-12-19,OKLL,TRAIN,0.2574396504452286,0.5009807815997452,-1.069119409480813,,False,False
2025-12-19,OKLO,TRAIN,0.3691901022348998,0.2936236095923298,-1.11293828,,False,False
2025-12-19,ORKA,TRAIN,0.4276259092851308,0.3098266828530768,2.0,,True,False
2025-12-19,PLTU,TRAIN,0.37483823533196275,0.39824985766668686,-1.1703125252525208,,False,False
2025-12-19,PPTA,TRAIN,0.2320144457106295,0.27645722067795775,-1.145821199999999,,False,False
2025-12-19,PTIR,TRAIN,0.30251545924029627,0.3665897024085033,-1.1287561599999996,,False,False
2025-12-19,PVLA,TRAIN,0.16863220702561044,0.29672148988175095,-1.058100211764706,,False,True
2025-12-19,QBTX,TRAIN,0.43948953677042785,0.6364513355003243,-1.0638957068062826,,True,False
2025-12-19,QURE,TRAIN,0.22192658923904357,0.3723004101124232,-1.121524000000001,,False,True
2025-12-19,RIVN,TRAIN,0.5526210625499381,0.4213688635511141,2.0,,True,False
2025-12-19,RKLB,TRAIN,0.8230515885224687,0.5529505230171804,2.0,,True,False
2025-12-19,RKLX,TRAIN,0.6522143721463298,0.5039911241689803,2.0,,True,False
2025-12-19,SEPN,TRAIN,0.17710501985653931,0.2793103980257157,-1.093264979775281,,False,True
2025-12-19,SNDK,TRAIN,0.47879543833984134,0.36866375753463787,0.3443335851648352,,True,False
2025-12-19,SOXL,TRAIN,0.2857771773339528,0.41684715468877775,-1.1334305488372094,,False,False
2025-12-19,TYRA,TRAIN,0.2975776280446745,0.2994939084412683,2.0,,False,False
2025-12-19,VOYG,TRAIN,0.6690281090927533,0.5327043391274818,2.0,,True,False
2025-12-22,AAOI,TRAIN,0.7434061185416609,0.506163659960474,2.0,,True,False
2025-12-22,ASTS,TRAIN,0.43781441158786194,0.2766505180202321,2.0,,True,False
2025-12-22,ASTX,TRAIN,0.20531530435947062,0.20086045766433896,-1.0551273832061068,,False,True
2025-12-22,BBNX,TRAIN,0.4838041522303869,0.4354900586457901,2.0,,True,False
2025-12-22,CLDX,TRAIN,0.19872841494245091,0.3621763700367328,-0.2285737500000044,,False,True
2025-12-22,CRSP,TRAIN,0.3389777146270461,0.30806301059868707,-1.1362005234567925,,False,False
2025-12-22,CSIQ,TRAIN,0.24332983356096316,0.24359599491600922,-0.6968703389830494,,False,False
2025-12-22,FEIM,TRAIN,0.16981121040254907,0.4151607497652087,-1.518262834285711,,False,True
2025-12-22,FIGR,TRAIN,0.2858101738419977,0.467361283122231,-1.10959105840708,,False,False
2025-12-22,FLY,TRAIN,0.4742807657150875,0.21532581718599358,2.0,,True,False
2025-12-22,FSLR,TRAIN,0.1370618615029665,0.37334052883027247,-1.0654820794543904,,False,True
2025-12-22,GSAT,TRAIN,0.1839626330031729,0.25463646655660094,-1.1348619999999987,,False,True
2025-12-22,HUT,TRAIN,0.39958475622005124,0.2802681856754218,2.0,,False,False
2025-12-22,IONL,TRAIN,0.3531548427910645,0.5314559273888221,-1.096139082125604,,False,False
2025-12-22,IONQ,TRAIN,0.5436144052412959,0.28744886884070325,2.0,,True,False
2025-12-22,IONX,TRAIN,0.522556251492242,0.4858724366941144,1.999999999999994,,True,False
2025-12-22,LBRX,TRAIN,0.2717476672596957,0.4462619398266586,-1.0853236799999997,,False,False
2025-12-22,NEGG,TRAIN,0.08996124966132504,0.2515365126452024,-1.0513037385113269,,False,True
2025-12-22,NXT,TRAIN,0.2821476490396802,0.4287501076940349,-1.0617652,,False,False
2025-12-22,PRCT,TRAIN,0.2215503529433429,0.42414660294251333,-1.1728617846153742,,False,True
2025-12-22,QBTS,TRAIN,0.6994388174241942,0.39552215608062274,2.0,,True,False
2025-12-22,QBTX,TRAIN,0.416416304524265,0.2628505843314316,2.0,,True,False
2025-12-22,QPUX,TRAIN,0.40485619503625103,0.34246373253275464,-1.121768402119853,,True,False
2025-12-22,QUBX,TRAIN,0.5542192386286099,0.3201156440290059,2.0000000000000044,,True,False
2025-12-22,RAPT,TRAIN,0.4217513330587021,0.36668983380221093,2.0,,True,False
2025-12-22,RGTI,TRAIN,0.4994967959293967,0.22812587221112393,2.0,,True,False
2025-12-22,RGTU,TRAIN,0.5254476566547565,0.2611508359890814,2.0,,True,False
2025-12-22,RKLB,TRAIN,0.1067205004525847,0.28851481321504285,-0.3295470779220816,,False,True
2025-12-22,RKLX,TRAIN,0.3032794637572269,0.07791195873557914,-1.117708146575749,,False,False
2025-12-22,SEDG,TRAIN,0.22468988616891844,0.3377657858193422,-1.0868875428571432,,False,False
2025-12-22,TWST,TRAIN,0.1434126089910983,0.2921537420417391,-1.1107873942910629,,False,True
2025-12-22,UPSX,TRAIN,0.1468281979994736,0.24678789791536404,-1.1229467199999994,,False,True
2025-12-22,USAU,TRAIN,0.2610603278292307,0.22818313864765943,-1.1175754885245903,,False,False
2025-12-22,VOYG,TRAIN,0.12752908723276757,0.2054898460559379,-1.1340320799999997,,False,True
2025-12-22,XZO,TRAIN,0.22122957355537293,0.21573039740066452,-1.038113722627737,,False,True
2025-12-23,APLX,TRAIN,0.08246800216179517,0.14173343737170052,-1.1585985840708,,False,True
2025-12-23,ASTS,TRAIN,0.2202834049221122,0.15378552345213573,-1.0930921740219088,,False,True
2025-12-23,BKSY,TRAIN,0.08559074582044282,0.19591684551217428,-1.0685941454545451,,False,True
2025-12-23,BMNZ,TRAIN,0.06413119836762686,0.12749383436554101,-1.038797309090909,,False,True
2025-12-23,BOIL,TRAIN,0.508939440124739,0.41750162713181915,2.0,,True,False
2025-12-23,FLNC,TRAIN,0.15632143861118505,0.17255981705211018,-1.042172,,False,True
2025-12-23,HUT,TRAIN,0.6754245951971881,0.38077409058896755,2.0,,True,False
2025-12-23,IONL,TRAIN,0.0487771996968064,0.22738127091807395,-1.0545367868312758,,False,True
2025-12-23,IONX,TRAIN,0.06652850366764577,0.17044902676935492,-1.086200577034045,,False,True
2025-12-23,IPI,TRAIN,0.2661989347619951,0.2211661340871791,-1.0857283304347831,,False,False
2025-12-23,LEU,TRAIN,0.3246328141638732,0.2290996150665757,-1.1178358689899042,,False,False
2025-12-23,PL,TRAIN,0.4190715962736594,0.2388754280357328,0.0266143057503508,,True,False
2025-12-23,RGC,TRAIN,0.3240495952654762,0.4763139755484042,-1.1438027401981887,,False,False
2025-12-23,SNDX,TRAIN,0.36006308648669433,0.2693642763935157,-1.1350724869565214,,False,False
2025-12-23,SRPT,TRAIN,0.24797887673056518,0.2262627862524519,-1.0891350352941176,,False,False
2025-12-23,TERN,TRAIN,0.46367615909759646,0.33009224168782786,-1.0685836666666664,,True,False
2025-12-24,ABVX,TRAIN,0.3009829952570354,0.36412733395594304,-1.1074922978723407,,False,False
2025-12-24,EWTX,TRAIN,0.17790547785775684,0.20873501820903395,-1.0593437791492912,,False,True
2025-12-24,FEIM,TRAIN,0.21114296783478412,0.20094976538326662,2.0,,False,True
2025-12-24,INBX,TRAIN,0.11256077979559401,0.25859043937105697,-1.2513875352941206,,False,True
2025-12-24,KOD,TRAIN,0.5077994237230139,0.2555080878142328,2.0,,True,False
2025-12-24,MULL,TRAIN,0.23573565143941166,0.1245839139237826,-1.116432140740741,,False,False
2025-12-24,MUU,TRAIN,0.4530739668605598,0.2973566714664043,0.3746635278514596,,True,False
2025-12-24,SNDK,TRAIN,0.2893575271275419,0.1860242829707576,-1.0960325231607626,,False,False
2025-12-24,TATT,TRAIN,0.21009281602410504,0.33449254040256254,-1.1785369969788515,,False,True
2025-12-24,TVTX,TRAIN,0.5609688056979635,0.400556349341719,2.0,,True,False
2025-12-26,CORD,TRAIN,0.15008390451494905,0.16353996874300675,-1.0587535609756096,,False,True
2025-12-26,ETHD,TRAIN,0.3772357241916339,0.26590923001343497,-1.0806278739856805,,False,False
2025-12-26,GLSI,TRAIN,0.31986746769662544,0.10884559273141323,2.0,,False,False
2025-12-26,GLTO,TRAIN,0.2862571215407796,0.19455512381311071,-1.0604398260869563,,False,False
2025-12-26,RGTZ,TRAIN,0.33915943169526025,0.43405083688661483,2.0,,False,False
2025-12-26,SMST,TRAIN,0.3168701444160826,0.1714431326029907,-1.3337311586715983,,False,False
2025-12-26,XPEV,TRAIN,0.2700321373781812,0.2617557572562431,-1.110219592150828,,False,False
2025-12-29,APLD,TRAIN,0.08404615649340154,0.10954443325893774,-1.058759908755922,,False,True
2025-12-29,ASTS,TRAIN,0.21747476449861783,0.15979248979469332,-1.0740365372262772,,False,True
2025-12-29,BE,TRAIN,0.1710817903783066,0.1632804340336018,-1.0902588115942022,,False,True
2025-12-29,BLTE,TRAIN,0.5186230582534218,0.445770194196098,0.2158894570707034,,True,False
2025-12-29,BMNR,TRAIN,0.16512524564935008,0.14587657250045433,-1.0635716436259723,,False,True
2025-12-29,CRWV,TRAIN,0.18856333865020036,0.11547901301119355,-0.8000738013698625,,False,True
2025-12-29,CSIQ,TRAIN,0.16884223715217095,0.21630159878831126,-1.0572923764705884,,False,True
2025-12-29,CWVX,TRAIN,0.04721531334163394,0.1291766914648204,-1.03594864,,False,True
2025-12-29,DXYZ,TRAIN,0.19148369368592463,0.4223313866636529,-0.5547038961038946,,False,True
2025-12-29,FLNC,TRAIN,0.08787485314262697,0.13715725298109485,-1.0408549043219075,,False,True
2025-12-29,HUT,TRAIN,0.16846867796851386,0.1376739721910926,-1.0607870021341197,,False,True
2025-12-29,IREN,TRAIN,0.20599561462551522,0.12193995952585335,-1.076543297297298,,False,True
2025-12-29,MULL,TRAIN,0.4927874706486792,0.20803955519335315,2.0,,True,False
2025-12-29,MUU,TRAIN,0.6353598091002449,0.2755727191257711,2.0,,True,False
2025-12-29,RDTL,TRAIN,0.14726681320196527,0.2143339141950095,-1.2284536952738898,,False,True
2025-12-30,ANDG,TRAIN,0.19089807142949494,0.34325487826225304,-1.1326847407407392,,False,True
2025-12-30,ASTS,TRAIN,0.26111766447239004,0.22232622004707603,-1.0489131776364244,,False,False
2025-12-30,FTAI,TRAIN,0.6862742246132197,0.48597424987093885,2.0,,True,False
2025-12-30,MVLL,TRAIN,0.30089924062963935,0.21906741610091537,-1.092470988235294,,False,False
2025-12-30,QBTX,TRAIN,0.14964951343461363,0.2036437068833477,-1.0373035100775194,,False,True
2025-12-30,SKYT,TRAIN,0.10372470573163779,0.3310482051025539,-1.1369368000000009,,False,True
2025-12-31,APLX,TRAIN,0.38609264475584976,0.30453044742009094,2.0,,False,False
2025-12-31,HYMC,TRAIN,0.09084705614137982,0.19651786564196477,-1.0464635877412032,,False,True
2025-12-31,OUST,TRAIN,0.16109438166508736,0.29117829501179127,-1.057337554716981,,False,True
2025-12-31,PVLA,TRAIN,0.2373138884352166,0.38140810166382483,-1.1738788075973123,,False,False
2025-12-31,QBTX,TRAIN,0.0977550441576774,0.22364522450373422,-1.0776705162523823,,False,True
2026-01-02,AAOI,VAL,0.3777013607841004,0.2384419425628034,-1.070124,,False,False
2026-01-02,ACMR,VAL,0.3409262068908086,0.35426893693055467,2.0,,False,False
2026-01-02,ALAB,VAL,0.4174015008832833,0.42990446503490554,-1.0390072029739776,,True,False
2026-01-02,APLD,VAL,0.08707257663403518,0.2918280336380284,2.0,,False,True
2026-01-02,APLX,VAL,0.1489130411994817,0.3019493677149348,-1.0475623634052658,,False,True
2026-01-02,ASTS,VAL,0.43536069330865135,0.3016169563066065,2.0,,True,False
2026-01-02,ASTX,VAL,0.12651607712880852,0.09925045905159302,2.0,,False,True
2026-01-02,ATEX,VAL,0.26980666969167877,0.31585149510620797,-1.0707050947368424,,False,False
2026-01-02,BE,VAL,0.3075412072916824,0.18182920511530018,-1.0777497777777778,,False,False
2026-01-02,BKSY,VAL,0.34431611922438926,0.4163695026351772,1.224025220372182,,False,False
2026-01-02,BMNR,VAL,0.15804174638056925,0.22520657543696793,2.0,,False,True
2026-01-02,CCJ,VAL,0.2295055926328182,0.30699125082013623,0.4644916927522384,,False,False
2026-01-02,CLSX,VAL,0.4330279237940422,0.1293271996986272,-1.2915476634788594,,True,False
2026-01-02,CRWV,VAL,0.23481010513501163,0.22467968628279197,2.0,,False,False
2026-01-02,ENPH,VAL,0.19869399547342367,0.4151967706666864,-0.9056495999999892,,False,True
2026-01-02,FLNC,VAL,0.11831092570285963,0.24846796467797067,2.0,,False,True
2026-01-02,GLXY,VAL,0.23178734861028702,0.296211978222737,1.5185143750000036,,False,False
2026-01-02,HUT,VAL,0.22489505334443158,0.17211780509807667,2.0,,False,False
2026-01-02,ICHR,VAL,0.3201288529587075,0.3749804660217522,0.4122455882352947,,False,False
2026-01-02,INTC,VAL,0.16950214847801176,0.33575489139635134,-1.1203087589743588,,False,True
2026-01-02,INTW,VAL,0.2192008470694223,0.27668512344974056,-1.0868755555555591,,False,True
2026-01-02,IREN,VAL,0.10785245680933911,0.18372246829511998,-1.1183701853658523,,False,True
2026-01-02,JKS,VAL,0.21664504103925436,0.25617611841691784,-1.1233828740740743,,False,True
2026-01-02,LEU,VAL,0.15084791262548014,0.31086432776232586,2.0,,False,True
2026-01-02,MP,VAL,0.2165298399066499,0.3875796734098405,-1.1143808240687667,,False,True
2026-01-02,MU,VAL,0.15412958400993237,0.11487698143529423,-1.1182395561290317,,False,True
2026-01-02,MUU,VAL,0.146358484402142,0.2634497835780583,-1.0826371449101797,,False,True
2026-01-02,MVLL,VAL,0.12023658542511567,0.2406023238510091,-1.1857113215314932,,False,True
2026-01-02,NEBX,VAL,0.1895022999808033,0.37974291633911783,-1.0428391276820892,,False,True
2026-01-02,PLTZ,VAL,0.15416282299763365,0.31077789489235114,-1.1170437069306942,,False,True
2026-01-02,POWL,VAL,0.3133517780250084,0.31413958612369536,-1.1160131043227657,,False,False
2026-01-02,RDTL,VAL,0.22170734532708894,0.06551996033793708,1.037978568919071,,False,True
2026-01-02,RKLX,VAL,0.2353142079943271,0.26611605788903947,-1.073723118301779,,False,False
2026-01-02,SEDG,VAL,0.13676776075616878,0.27559039828561277,-0.4933842253521149,,False,True
2026-01-02,SKYT,VAL,0.275723491452017,0.49839174661324864,2.0,,False,False
2026-01-02,SNDK,VAL,0.2535492082870232,0.283113298426881,1.4954806704544186,,False,False
2026-01-02,SOXL,VAL,0.34876334316120183,0.17051276137053645,-1.0688456691358024,,False,False
2026-01-02,UCTT,VAL,0.15933693237843904,0.2668247381682347,-1.0935332637681163,,False,True
2026-01-02,VICR,VAL,0.32041481928423476,0.28590840552687385,-1.0839891180866963,,False,False
2026-01-02,WING,VAL,0.4432003124771671,0.4278901284981303,-1.1042066491349485,,True,False
2026-01-05,AEHR,VAL,0.41445457542582603,0.24552553944150238,-1.165024746227706,,True,False
2026-01-05,AFRM,VAL,0.2504826108419729,0.2675160442305705,2.0,,False,False
2026-01-05,ALGM,VAL,0.27464016128760155,0.33329054477627185,-1.1009072183908049,,False,False
2026-01-05,ALGT,VAL,0.3824321859124193,0.3983756544091614,-1.1076485386138624,,False,False
2026-01-05,APLX,VAL,0.2550602517709717,0.2267502430777453,2.0,,False,False
2026-01-05,APPX,VAL,0.415112018123185,0.12746752945103795,2.0,,True,False
2026-01-05,ARCB,VAL,0.40245413655908724,0.3115623127387138,-1.11743413006135,,False,False
2026-01-05,ARQQ,VAL,0.412273156918548,0.44050064194511457,2.0,,True,False
2026-01-05,ASTS,VAL,0.23237682220452027,0.22663542845494378,2.0,,False,False
2026-01-05,ASTX,VAL,0.29865978800176834,0.1591265675268258,2.0,,False,False
2026-01-05,AVAV,VAL,0.4118243957174984,0.47444979133082954,2.0,,True,False
2026-01-05,BILL,VAL,0.1599596321044387,0.1850745290883993,2.0,,False,True
2026-01-05,CECO,VAL,0.44012780638737464,0.2990340961889216,-1.1024731151515132,,True,False
2026-01-05,CORD,VAL,0.33994092481397775,0.28535721270602366,-1.2557751606557397,,False,False
2026-01-05,CVNA,VAL,0.18711030271003326,0.45201596038376984,2.0,,False,True
2026-01-05,DOCN,VAL,0.2630354716415012,0.19974148822399274,-1.1179598153846162,,False,False
2026-01-05,DPST,VAL,0.5122448989714177,0.4256726174735877,2.0,,True,False
2026-01-05,EVR,VAL,0.30872337354923846,0.29335184802123654,-1.1259157966996671,,False,False
2026-01-05,GDXU,VAL,0.193538998782777,0.40139041723462693,-1.0885657669376694,,False,True
2026-01-05,GHM,VAL,0.4048077566462037,0.3413805390217457,-1.056450956291391,,True,False
2026-01-05,GLOB,VAL,0.21618740565908093,0.24480996610987432,-0.7203580000000026,,False,True
2026-01-05,HL,VAL,0.3465603801544681,0.23205473404353824,-1.0645834378378376,,False,False
2026-01-05,HOOG,VAL,0.22308184321598604,0.29577059308205284,-1.1788798248175167,,False,True
2026-01-05,HUT,VAL,0.3244566685372116,0.21354347255193631,2.0,,False,False
2026-01-05,HYMC,VAL,0.1992987297735395,0.3000575964408115,2.0,,False,True
2026-01-05,IDR,VAL,0.17105042932859535,0.23141746180497333,0.6287251879699188,,False,True
2026-01-05,INOD,VAL,0.17290713701245852,0.1818077773690971,-1.099149867973323,,False,True
2026-01-05,IONL,VAL,0.42644121732856305,0.5550233028479131,2.0,,True,False
2026-01-05,IONQ,VAL,0.25474168688246623,0.19532783031429518,-1.0989521563587683,,False,False
2026-01-05,IONX,VAL,0.10237478015594022,0.20381045976071918,-1.068138518451025,,False,True
2026-01-05,IREN,VAL,0.24324835101966522,0.22384340903895833,-1.08696495,,False,False
2026-01-05,JNUG,VAL,0.3410937524398105,0.48794499591044727,-1.0494049251578732,,False,False
2026-01-05,JOBX,VAL,0.5250637670615793,0.29065176097722784,-1.5755889142857085,,True,False
2026-01-05,KRUS,VAL,0.19466372235083593,0.1742077804575361,2.0,,False,True
2026-01-05,LABD,VAL,0.18070964562645458,0.2758333634197519,-1.166767709090917,,False,True
2026-01-05,LINC,VAL,0.7050637847728803,0.446006940365576,2.0,,True,False
2026-01-05,LRN,VAL,0.31449373489315796,0.29983367052287896,2.0,,False,False
2026-01-05,MC,VAL,0.30119946090699085,0.3357654738963585,-1.1269352727272737,,False,False
2026-01-05,MUX,VAL,0.30801930681741113,0.4531593285258606,-1.0385865634521083,,False,False
2026-01-05,NAIL,VAL,0.2359532690013053,0.18350313643302452,-1.087711998219254,,False,False
2026-01-05,NNE,VAL,0.3348742171562436,0.2621323763498569,2.0,,False,False
2026-01-05,NUGT,VAL,0.12029773417603333,0.29288951563575305,-1.118564266666667,,False,True
2026-01-05,OKLL,VAL,0.3422713237908064,0.2564142163557795,-1.0812311111111113,,False,False
2026-01-05,OKLO,VAL,0.3529043715855698,0.29024133061895463,0.5782655910935027,,False,False
2026-01-05,OKTA,VAL,0.1821830310707592,0.19953227627324718,-1.1048358970297023,,False,True
2026-01-05,PPTA,VAL,0.12468539139851337,0.21782881401432552,-1.0828295578947371,,False,True
2026-01-05,QBTS,VAL,0.39815198481577885,0.33104517036977377,2.0,,False,False
2026-01-05,QPUX,VAL,0.6500136206690628,0.43939471930400154,0.4785400000000012,,True,False
2026-01-05,QUBX,VAL,0.3612353885016196,0.36054274915497236,2.0,,False,False
2026-01-05,QXO,VAL,0.14679249034323724,0.12380836584546154,2.0,,False,True
2026-01-05,RGTI,VAL,0.1822312404889182,0.257783013865855,-1.0812311111111113,,False,True
2026-01-05,RGTU,VAL,0.39810418998298586,0.26199099519689717,-1.4230875707586204,,False,False
2026-01-05,RH,VAL,0.23396118874928495,0.2931868079943287,-1.0436196460966545,,False,False
2026-01-05,RKLX,VAL,0.4324193613398534,0.25991698552124465,-1.0787689691195237,,True,False
2026-01-05,RKT,VAL,0.22547404700392967,0.08962339838697982,-0.3272622499999919,,False,False
2026-01-05,ROBN,VAL,0.4070840991417986,0.30383370127944387,2.0,,True,False
2026-01-05,SA,VAL,0.2518083009783296,0.23272193874318278,-1.0955775200000004,,False,False
2026-01-05,SEZL,VAL,0.5674506472462387,0.32880840483939217,-0.5080227629513326,,True,False
2026-01-05,SILJ,VAL,0.4053614341375224,0.3139853371194007,-1.0882738344722849,,True,False
2026-01-05,SMLR,VAL,0.10178088879175458,0.29913666584201676,-1.127966484210528,,False,True
2026-01-05,TNDM,VAL,0.2806857366456375,0.4420664230185671,1.6781264444444275,,False,False
2026-01-05,UPST,VAL,0.12034328369624651,0.2257662390846898,2.0,,False,True
2026-01-05,UTI,VAL,0.47145770101902085,0.3998087731004031,2.0,,True,False
2026-01-05,XMTR,VAL,0.3561105052472652,0.1678329638233136,0.5424539325842684,,False,False
2026-01-05,YETI,VAL,0.4100143192008632,0.3458767791355546,-1.0894149632,,True,False
2026-01-05,ZETA,VAL,0.3270833787186117,0.21651393162374644,0.681677222222217,,False,False
2026-01-06,AAOI,VAL,0.24037047184194854,0.28321318171283805,2.0,,False,False
2026-01-06,ACLS,VAL,0.10525210443956637,0.31188056260208996,-1.1144881632653056,,False,True
2026-01-06,AGQ,VAL,0.2125491536432647,0.3646219168310634,-1.1129301407925405,,False,True
2026-01-06,ALB,VAL,0.17085551666678528,0.2032249398264857,2.0,,False,True
2026-01-06,ALGM,VAL,0.428310182083781,0.3637692377715592,1.1646017431192668,,True,False
2026-01-06,AMZU,VAL,0.3405953569719383,0.4463405223904497,2.0,,False,False
2026-01-06,AMZZ,VAL,0.4750072076321872,0.39023085992562173,2.0,,True,False
2026-01-06,ASTS,VAL,0.23784026727156463,0.16498821515976594,0.8247637837837748,,False,False
2026-01-06,ASTX,VAL,0.07305827682367662,0.2276587781921681,1.2367643908629424,,False,True
2026-01-06,AXTI,VAL,0.5464668557932941,0.2678952466065651,-1.0877959111111113,,True,False
2026-01-06,BEAM,VAL,0.35357232300809277,0.46304564958650896,-0.3645557083906479,,False,False
2026-01-06,BKSY,VAL,0.19650869034762067,0.37640323313725566,2.0,,False,True
2026-01-06,BROS,VAL,0.2908835353813883,0.3158449339101769,-1.077409021989529,,False,False
2026-01-06,BTU,VAL,0.14906655338723454,0.2418525036924285,-1.104292570442286,,False,True
2026-01-06,CAI,VAL,0.5315384556407282,0.33984314609472277,-1.1261543384615391,,True,False
2026-01-06,CAMT,VAL,0.20593177050268852,0.2717253704880965,-0.2882227002288327,,False,True
2026-01-06,CBRL,VAL,0.1743790496244607,0.43601293752462533,-1.1268888615384625,,False,True
2026-01-06,CIEN,VAL,0.2023910869151916,0.26598691123542534,2.0,,False,True
2026-01-06,CMP,VAL,0.20663174469636034,0.22047627118967433,-1.106134912,,False,True
2026-01-06,CORD,VAL,0.3210564735059185,0.31816342195619657,-1.0407772734693876,,False,False
2026-01-06,CORT,VAL,0.10375000015287861,0.2154013027614851,-1.0903099299020629,,False,True
2026-01-06,CRCD,VAL,0.16249748185165533,0.31806654157497993,-1.282369929313924,,False,True
2026-01-06,CRSP,VAL,0.2747350160425813,0.4273989840679228,-0.4275869767441866,,False,False
2026-01-06,CVLG,VAL,0.361641671436731,0.40195112220433754,2.0,,False,False
2026-01-06,FIGR,VAL,0.23460424112498757,0.20848985535446204,-1.10289205,,False,False
2026-01-06,GDXU,VAL,0.2872638083038775,0.3794448132408422,2.0,,False,False
2026-01-06,GPCR,VAL,0.42323218038703786,0.6114129103333524,-1.0557514183875536,,True,False
2026-01-06,HL,VAL,0.22771832004271703,0.27767928172241313,2.0,,False,False
2026-01-06,LABU,VAL,0.21920836694815432,0.3707605915987555,-1.1042070692816264,,False,True
2026-01-06,LITE,VAL,0.08190498203744394,0.23900233897213832,-1.089781408565215,,False,True
2026-01-06,LRCX,VAL,0.3737914812058229,0.3447890392952403,0.0689950692732419,,False,False
2026-01-06,MCHP,VAL,0.367747388019469,0.26034818350384936,0.6964897499999844,,False,False
2026-01-06,MRNA,VAL,0.7780763484662059,0.60817676493712,2.0,,True,False
2026-01-06,MU,VAL,0.3419481391203944,0.23370828688107054,-1.1080094168937342,,False,False
2026-01-06,MUU,VAL,0.15823357080403302,0.5195194376018891,-1.0805667382663844,,False,True
2026-01-06,NCLH,VAL,0.21785048388150186,0.29352563587067015,-0.215241111111112,,False,True
2026-01-06,NSA,VAL,0.546166763366907,0.5852064146631809,0.891689331944651,,True,False
2026-01-06,RKLB,VAL,0.28726023413072527,0.41432929967937626,-1.1208523357419664,,False,False
2026-01-06,RKLX,VAL,0.38887680750142156,0.33096416015997215,2.0,,False,False
2026-01-06,SHAK,VAL,0.28441572572881685,0.27333585611857447,-1.0600417994334277,,False,False
2026-01-06,SIMO,VAL,0.18184820234349808,0.35443660987179476,2.0,,False,True
2026-01-06,SKYT,VAL,0.21646869044636624,0.55434411389975,2.0,,False,True
2026-01-06,SMST,VAL,0.5193291099869469,0.4034872182760413,2.0,,True,False
2026-01-06,SN,VAL,0.1983231946288842,0.30815263725112163,0.3133900217391261,,False,True
2026-01-06,SOXL,VAL,0.10881125629007929,0.37102599134169806,-1.1039214688524592,,False,True
2026-01-06,SRPT,VAL,0.6321336954414987,0.4062766381087542,-0.1414426744186064,,True,False
2026-01-06,STX,VAL,0.31253180393490076,0.41589442361596424,2.0,,False,False
2026-01-06,TWST,VAL,0.333641131502237,0.2957332288703902,0.6766929906542036,,False,False
2026-01-06,VSAT,VAL,0.14450082077643295,0.25982735073261054,2.0,,False,True
2026-01-06,WDC,VAL,0.2545530262347877,0.28218283174263153,2.0,,False,False
2026-01-06,WRBY,VAL,0.15686737570970816,0.4014297591582275,2.0,,False,True
2026-01-07,ALAB,VAL,0.25998187901399195,0.5282929114129601,-1.1135459025787964,,False,False
2026-01-07,ALNY,VAL,0.5436548328437922,0.3701191885738022,-1.104872508863399,,True,False
2026-01-07,AMKR,VAL,0.5161895678315933,0.3219252415246086,-1.0726410917647058,,True,False
2026-01-07,APLS,VAL,0.1748537835390396,0.4112947886356764,2.0,,False,True
2026-01-07,APPX,VAL,0.6224169867155499,0.4543377020933608,-1.10796912227049,,True,False
2026-01-07,ASTX,VAL,0.23720357177883822,0.262657624026803,-1.0353535432550367,,False,False
2026-01-07,AXTI,VAL,0.17654587393653534,0.12824961157112927,-1.0470429367595528,,False,True
2026-01-07,CDNL,VAL,0.5331123475368883,0.522423324926009,-1.2123767999999946,,True,False
2026-01-07,CRDO,VAL,0.6422923823911312,0.4009045860935411,2.0,,True,False
2026-01-07,CWVX,VAL,0.2618328082142899,0.3536338923478064,-1.0665207397849463,,False,False
2026-01-07,CYD,VAL,0.4330118396976532,0.23550747788627518,-1.218986026666659,,True,False
2026-01-07,FLY,VAL,0.48111725613646217,0.5308526474455093,2.0,,True,False
2026-01-07,FTAI,VAL,0.401176666041511,0.25813658325610794,-1.090107991143912,,False,False
2026-01-07,GOOX,VAL,0.4873808725117956,0.332000351536733,-1.4340570136599162,,True,False
2026-01-07,HUT,VAL,0.30950357275106993,0.2509345102918741,-1.0801068363636368,,False,False
2026-01-07,INTC,VAL,0.11723353802314021,0.37985301180934433,2.0,,False,True
2026-01-07,IONL,VAL,0.2124338605073101,0.38879862404320886,-1.1952546077922106,,False,True
2026-01-07,IONX,VAL,0.38994929595939537,0.3519571570562222,-1.0874951462127638,,False,False
2026-01-07,KLAR,VAL,0.46271585368004114,0.49652379227581706,-1.1147081719764924,,True,False
2026-01-07,KOD,VAL,0.5896466627626626,0.5525332127819451,-1.05347328,,True,False
2026-01-07,LEU,VAL,0.16988961553113044,0.20234795714388468,-1.0524628026238907,,False,True
2026-01-07,LGN,VAL,0.561967693442474,0.3778945994308425,-0.1586131147540938,,True,False
2026-01-07,MBX,VAL,0.33629764129025014,0.2482472828267285,2.0,,False,False
2026-01-07,MP,VAL,0.4623309914403018,0.41591711098473333,-1.0931971776397515,,True,False
2026-01-07,NUTX,VAL,0.394428712844401,0.15878993656718218,-1.044947280334728,,False,False
2026-01-07,OKLO,VAL,0.1897562843530291,0.3584546558604842,-1.0521187571428572,,False,True
2026-01-07,PL,VAL,0.47567924111410587,0.338257573129073,-1.1082277354786807,,True,False
2026-01-07,PLTG,VAL,0.7562497618463271,0.4916585512953766,-1.0720719849551716,,True,False
2026-01-07,PLTU,VAL,0.6040398996283904,0.601636862875959,-1.0932544316831678,,True,False
2026-01-07,PTIR,VAL,0.5608905391972051,0.48506920123392105,-1.0887834048249034,,True,False
2026-01-07,QBTX,VAL,0.6228054047191549,0.5350018713760516,-1.0481628070175435,,True,False
2026-01-07,RGTI,VAL,0.5599553432773215,0.35817969208617784,-1.1133051927272732,,True,False
2026-01-07,RGTU,VAL,0.43383416381184653,0.2975184648855368,2.0,,True,False
2026-01-07,RIGL,VAL,0.5766098922853629,0.4135190504032402,2.0,,True,False
2026-01-07,SMLR,VAL,0.5885905342247781,0.577077583702971,-1.0546620081632654,,True,False
2026-01-07,SMR,VAL,0.4557316042929159,0.34991369847689135,-1.098372533333334,,True,False
2026-01-07,SMU,VAL,0.3823163164655337,0.18849038631097606,-1.065150666666666,,False,False
2026-01-07,TECX,VAL,0.17202604004420857,0.17691482560656,-1.2072827749433916,,False,True
2026-01-07,TYRA,VAL,0.2842307790433108,0.2237200124163624,-1.1268171838429593,,False,False
2026-01-07,UCTT,VAL,0.5843143365955439,0.5898703961724252,-0.093251078431374,,True,False
2026-01-08,AAMI,VAL,0.6584148550528699,0.3680115082799741,0.1641505185185124,,True,False
2026-01-08,AGQ,VAL,0.3907304419987717,0.3831525257129686,-1.106180176794465,,False,False
2026-01-08,ALMU,VAL,0.23439065583639435,0.22414919624368748,-1.0756531764705883,,False,False
2026-01-08,ASTS,VAL,0.26034382574343384,0.21187704469018598,-1.041620511877395,,False,False
2026-01-08,ASTX,VAL,0.13224929011272768,0.14741245636321307,-1.032375755091128,,False,True
2026-01-08,ATRO,VAL,0.3250911771803909,0.2364371770019656,-1.0540984172661871,,False,False
2026-01-08,AXTI,VAL,0.28590987622415903,0.22033730037917854,-1.126720533333334,,False,False
2026-01-08,BAH,VAL,0.327696170763765,0.17935935023984279,-1.0299629181571817,,False,False
2026-01-08,BETR,VAL,0.29726402985324873,0.2983598348408839,-1.0623266782608698,,False,False
2026-01-08,BIRK,VAL,0.26822664754834946,0.3791121322096471,-1.108145133333334,,False,False
2026-01-08,BKSY,VAL,0.3755298589800793,0.3059150495962663,-1.0308423642820486,,False,False
2026-01-08,BMNR,VAL,0.5147892011954701,0.3221912457947658,-1.1246516266666664,,True,False
2026-01-08,BWIN,VAL,0.23617033981606222,0.27276505827305136,-1.05144416,,False,False
2026-01-08,CLSX,VAL,0.6774914682384557,0.4990974496801836,-1.1392224124513743,,True,False
2026-01-08,CWVX,VAL,0.11323009265322108,0.1893045455986869,-1.0342961066666665,,False,True
2026-01-08,CZR,VAL,0.29844961363307115,0.2714113432640287,-1.1252036666666676,,False,False
2026-01-08,FIGR,VAL,0.13762613257330192,0.1961669200059637,-1.0776653818181816,,False,True
2026-01-08,GBX,VAL,0.652186251678412,0.42594665042015517,0.5524311643835714,,True,False
2026-01-08,GLUE,VAL,0.3362807933241151,0.3845308060030591,-1.0363974320987652,,False,False
2026-01-08,HELE,VAL,0.3517986109198973,0.20574438699076086,-1.100453376,,False,False
2026-01-08,IONL,VAL,0.4474302998662356,0.4216024939294366,2.0,,True,False
2026-01-08,IONQ,VAL,0.43831402681569565,0.2657756326426945,-1.1103227428571425,,True,False
2026-01-08,IONX,VAL,0.5327669187332056,0.5695096750569498,-1.0687970723404256,,True,False
2026-01-08,IPI,VAL,0.4139538784098035,0.38747511114317956,-1.0800822325581396,,True,False
2026-01-08,IREN,VAL,0.32424016124481486,0.24674571627242747,-1.0700658701298704,,False,False
2026-01-08,ISSC,VAL,0.2570960998517585,0.42110501359416885,-1.094198912,,False,False
2026-01-08,KRMN,VAL,0.4059533388979875,0.28017574097370124,-1.0335153721995325,,True,False
2026-01-08,KRUS,VAL,0.23400159643245672,0.23974549368360554,-1.1211504000000003,,False,False
2026-01-08,LASR,VAL,0.5278008187044826,0.2824637672372658,0.2389655445544554,,True,False
2026-01-08,LB,VAL,0.37363689370742253,0.2301822986943479,2.0,,False,False
2026-01-08,LGIH,VAL,0.41541767657273615,0.4037446712361122,2.0,,True,False
2026-01-08,LNN,VAL,0.2885224440262872,0.24474730262319688,-0.749686966966962,,False,False
2026-01-08,LUNR,VAL,0.41147836985760233,0.3798904549424854,-1.0711096242424245,,True,False
2026-01-08,M,VAL,0.5162164847128373,0.26931076900461665,0.4310726923076821,,True,False
2026-01-08,MP,VAL,0.4338190165129752,0.36550188277147494,-1.0836305263157897,,True,False
2026-01-08,MUX,VAL,0.7213282862339048,0.4384287518419025,1.1078307142857164,,True,False
2026-01-08,NAIL,VAL,0.40205307765469245,0.3610141595825972,2.0,,False,False
2026-01-08,NBIS,VAL,0.3041087139901692,0.28815064059769724,-1.1071042857142852,,False,False
2026-01-08,NEBX,VAL,0.3837847616984287,0.49647996705430175,-1.05542109360519,,False,False
2026-01-08,OUST,VAL,0.5187101632568891,0.480818440947459,0.0720275497582346,,True,False
2026-01-08,PBF,VAL,0.16452954639646433,0.3193547525426502,-1.074100636734694,,False,True
2026-01-08,PFGC,VAL,0.3184383811011004,0.26133551380434766,-1.0508173758454105,,False,False
2026-01-08,PLTZ,VAL,0.2057439806588059,0.44155201184965925,-1.0959488176490868,,False,True
2026-01-08,PRAX,VAL,0.35035688863492653,0.33451501919651694,-1.0535969322111705,,False,False
2026-01-08,QPUX,VAL,0.21472011016408526,0.3142412620118124,-1.0947062949737434,,False,True
2026-01-08,QUBX,VAL,0.6692765330264154,0.44461075236688535,-1.1424048336842123,,True,False
2026-01-08,RGTI,VAL,0.23566546648886805,0.2934102629787969,-1.0991007679896745,,False,False
2026-01-08,RGTU,VAL,0.7193520226763583,0.5087919216578805,-1.2469983058823493,,True,False
2026-01-08,RH,VAL,0.32914600803316824,0.4002608350108389,2.0,,False,False
2026-01-08,RPM,VAL,0.7690244552764331,0.4534248764930959,0.3193318490566041,,True,False
2026-01-08,SEDG,VAL,0.4686938172184234,0.35772654257167086,-1.1190379174603169,,True,False
2026-01-08,SKY,VAL,0.4983595967100388,0.34328109295102704,-1.1017049023696677,,True,False
2026-01-08,SMX,VAL,0.3132181070224037,0.02318056564226908,-1.047472727272727,,False,False
2026-01-08,STZ,VAL,0.48479519647365726,0.3778514295462118,-1.0948558813207854,,True,False
2026-01-08,TDW,VAL,0.2079366092375079,0.2789862998819153,0.37777566563468,,False,True
2026-01-08,TTEK,VAL,0.2314557277703089,0.1553892072712461,-0.4236601162790763,,False,False
2026-01-08,VELO,VAL,0.25115583225987337,0.19567853050921363,2.0,,False,False
2026-01-08,VOYG,VAL,0.3260096765598834,0.3531910981547271,-1.071863728301887,,False,False
2026-01-08,XOMA,VAL,0.5195104136988122,0.28404297799804273,2.0,,True,False
2026-01-09,ANAB,VAL,0.46426962007150996,0.37433128824157413,-1.071954724324324,,True,False
2026-01-09,APLD,VAL,0.3295346007141759,0.5542627449666447,-1.0851923344668928,,False,False
2026-01-09,APLX,VAL,0.22341532311606296,0.1345193874679075,-1.0551591079646017,,False,True
2026-01-09,ASTS,VAL,0.30323235237968743,0.25770069390210243,2.0,,False,False
2026-01-09,ASTX,VAL,0.14582327756912528,0.3375473144512964,-1.033723109170306,,False,True
2026-01-09,BE,VAL,0.2280922679019335,0.29678574085365383,-1.046468826192381,,False,False
2026-01-09,BLDR,VAL,0.4534820372490659,0.34756730773236444,2.0,,True,False
2026-01-09,CMPO,VAL,0.23752115499851434,0.4725608307409113,-1.1133422666666657,,False,False
2026-01-09,COHR,VAL,0.08250546107498924,0.26739484466779545,-1.1044603785365847,,False,True
2026-01-09,CORD,VAL,0.5578175828798734,0.6116093086897917,-1.1712788292682763,,True,False
2026-01-09,CRDO,VAL,0.16355199034197446,0.3681476827427696,2.0,,False,True
2026-01-09,CWVX,VAL,0.16845413560396597,0.4264702040877704,-1.1159497142857138,,False,True
2026-01-09,ELVN,VAL,0.49532731052588,0.2825960039142846,2.0,,True,False
2026-01-09,FLY,VAL,0.13743332409531162,0.3617426238151775,-1.0564703793114594,,False,True
2026-01-09,FOA,VAL,0.23760085685930502,0.4862942397433935,-1.082528914285714,,False,False
2026-01-09,GCO,VAL,0.26802585218108593,0.26364552417738657,-1.1254567338219894,,False,False
2026-01-09,GLSI,VAL,0.25363061220173766,0.3500709205811769,2.0,,False,False
2026-01-09,IBP,VAL,0.35334968462828203,0.5875923394234672,-1.1060004403669712,,False,False
2026-01-09,INSP,VAL,0.44269499209554763,0.3626757381878517,-1.0451008444865335,,True,False
2026-01-09,INTC,VAL,0.20909015543026646,0.34263022582861513,0.7405140909090769,,False,True
2026-01-09,INTW,VAL,0.18544012436853607,0.34910099719553245,0.4224505747126527,,False,True
2026-01-09,IREN,VAL,0.45407091260806043,0.38298760398132753,-1.0549169676190475,,True,False
2026-01-09,KTOS,VAL,0.15317438893532206,0.23971283684621988,2.0,,False,True
2026-01-09,LGIH,VAL,0.2934764265720712,0.40830409919493393,0.7116011111111082,,False,False
2026-01-09,LITE,VAL,0.22093879486966447,0.5323060417471567,-1.0561863819389108,,False,True
2026-01-09,MESO,VAL,0.16448432410867345,0.3808156573687966,-1.095855261538461,,False,True
2026-01-09,MOD,VAL,0.37077279221712817,0.392203235884668,-1.097773783006536,,False,False
2026-01-09,MUU,VAL,0.2354367079630937,0.42003859173304847,-1.1067234484740576,,False,False
2026-01-09,NBIS,VAL,0.5458166532914178,0.5811349758814619,-1.0549081271048244,,True,False
2026-01-09,NEBX,VAL,0.4769157086462198,0.6073523929284412,2.0,,True,False
2026-01-09,OLMA,VAL,0.14212860911690492,0.3215148353665965,-1.0802994400000003,,False,True
2026-01-09,OLN,VAL,0.1826141842371427,0.3626321182797212,2.0,,False,True
2026-01-09,PHVS,VAL,0.2672017252446332,0.4725461748306827,2.0,,False,False
2026-01-09,QUBX,VAL,0.4215606836947781,0.6227536058226185,-1.029284734814329,,True,False
2026-01-09,RKLX,VAL,0.32391156944992094,0.4541838430746649,-1.029683213559322,,False,False
2026-01-09,SEI,VAL,0.279490476064405,0.3362734695688297,-1.0415475762549904,,False,False
2026-01-09,SKYT,VAL,0.43186814558656317,0.7634399801631903,-1.0342343482587064,,True,False
2026-01-09,SMST,VAL,0.6498467534833213,0.4581454335086198,2.0,,True,False
2026-01-09,SNDK,VAL,0.39997372471402454,0.35124932782792445,2.0,,False,False
2026-01-09,TTMI,VAL,0.5240922626481306,0.46262694277013755,2.0,,True,False
2026-01-09,TXG,VAL,0.36005219922301446,0.3991924888259879,-1.1206132800000004,,False,False
2026-01-09,WLDN,VAL,0.18109470641189032,0.2956111416337841,-1.0958209088435376,,False,True
2026-01-09,WULX,VAL,0.2265748423516154,0.31170892366546793,-1.9716592500000103,,False,False
2026-01-12,ALAB,VAL,0.3523227460731659,0.22295293358583712,-1.0328899753586498,,False,False
2026-01-12,ALMS,VAL,0.3879479130723863,0.3555595943764363,-1.101903599999999,,False,False
2026-01-12,ANAB,VAL,0.10416480206538416,0.2634066791079852,2.0,,False,True
2026-01-12,APLD,VAL,0.23998533764878482,0.36266144270332046,-1.06574383649635,,False,False
2026-01-12,APLX,VAL,0.11534212092257315,0.28349298159425146,2.0,,False,True
2026-01-12,APPX,VAL,0.5094604897768557,0.675692870392902,-1.0439985655172417,,True,False
2026-01-12,AVGG,VAL,0.3570139472103015,0.5609488532108595,0.2441381012658216,,False,False
2026-01-12,AVGX,VAL,0.7206273840597436,0.6132361189923518,0.1831362202166054,,True,False
2026-01-12,CDNA,VAL,0.34302366191471856,0.35421461149462985,1.2705286486486411,,False,False
2026-01-12,CHWY,VAL,0.3314943437275532,0.38266516665433226,-1.1220365575757585,,False,False
2026-01-12,CIFU,VAL,0.4106211431834632,0.21176290769827472,-1.191600256,,True,False
2026-01-12,CLSX,VAL,0.544279106536262,0.5820465921564195,-1.0999430971613209,,True,False
2026-01-12,CMCL,VAL,0.24775550949697567,0.4809498903430648,0.8058378185282259,,False,False
2026-01-12,COHR,VAL,0.1359409734907222,0.2753794226284446,-1.112371564766839,,False,True
2026-01-12,CRWV,VAL,0.1738479944703479,0.22014451613171873,2.0,,False,True
2026-01-12,CYD,VAL,0.21159537390801206,0.2881947894455432,0.9153362265648284,,False,True
2026-01-12,DXCM,VAL,0.2576688388858637,0.38555198993395684,-1.1028686010618596,,False,False
2026-01-12,FND,VAL,0.33093555255952667,0.4692325524870067,-1.120267136,,False,False
2026-01-12,GDXU,VAL,0.32520464502453095,0.261017860290301,-1.0805656128,,False,False
2026-01-12,GEOS,VAL,0.4641168488798811,0.4700475739334583,-1.0828286060606056,,True,False
2026-01-12,GEVX,VAL,0.4519362743556315,0.3278272210170757,-0.6418923076923082,,True,False
2026-01-12,GRAL,VAL,0.6810444690592324,0.33316427714700836,-1.0360711147445254,,True,False
2026-01-12,GSAT,VAL,0.25360216611836806,0.3849075644777778,0.3503061694290952,,False,False
2026-01-12,HOOG,VAL,0.5495617906147444,0.5380111186930695,-1.1310997806451666,,True,False
2026-01-12,HYMC,VAL,0.16426047314089148,0.38779360755321446,2.000000000000006,,False,True
2026-01-12,IONL,VAL,0.1658621973035266,0.30901930321391113,-1.1491399111111134,,False,True
2026-01-12,IONX,VAL,0.11295240048914311,0.2892615509498919,2.0,,False,True
2026-01-12,IREN,VAL,0.3974957052428725,0.3418070989108904,-1.038869137414966,,False,False
2026-01-12,JKS,VAL,0.23060395178293655,0.26961964712300346,2.0,,False,False
2026-01-12,KIDS,VAL,0.1137332633160394,0.2306692355944075,-1.072158545454545,,False,True
2026-01-12,LABD,VAL,0.1289412859466,0.3120576554189664,-1.1025003999999992,,False,True
2026-01-12,LMND,VAL,0.24547796807371353,0.1903329383595901,2.0,,False,False
2026-01-12,LQDA,VAL,0.44143808021995784,0.3013304813413555,-1.0690479515151512,,True,False
2026-01-12,MBX,VAL,0.24140280291533636,0.3592485086247006,-1.0968236952380948,,False,False
2026-01-12,MTSI,VAL,0.18475657178150906,0.323171523596339,2.0,,False,True
2026-01-12,NBIS,VAL,0.10688426979359815,0.3560258302125596,2.0,,False,True
2026-01-12,NEBX,VAL,0.3112032075736056,0.3647141077983053,-1.0482262626262626,,False,False
2026-01-12,NVTX,VAL,0.4681425773268678,0.4113276850931575,-1.0470392076190478,,True,False
2026-01-12,NXT,VAL,0.17212686373110503,0.34147181771146196,-1.1048378666666667,,False,True
2026-01-12,PL,VAL,0.3430257410702637,0.3438889945931771,2.0,,False,False
2026-01-12,PLTU,VAL,0.42396431072844093,0.36409495266687386,-1.0577702400000002,,True,False
2026-01-12,POWL,VAL,0.38539437207140625,0.2836855984857489,2.0,,False,False
2026-01-12,PTIR,VAL,0.19036423202945846,0.2848255873189767,-1.0581666857142855,,False,True
2026-01-12,RARE,VAL,0.4406818727337119,0.5028977082127408,2.0,,True,False
2026-01-12,ROBN,VAL,0.3796686404942483,0.37489614017467193,-1.1735101193076745,,False,False
2026-01-12,SEDG,VAL,0.1571203283117283,0.45752426634620813,2.0,,False,True
2026-01-12,SHAK,VAL,0.37090896574938204,0.26390282173079216,0.5192083720930191,,False,False
2026-01-12,SMLR,VAL,0.06901854632763459,0.21918914646277984,2.0,,False,True
2026-01-12,TWST,VAL,0.5019379015043518,0.41357456682533195,-1.055671861728395,,True,False
2026-01-12,U,VAL,0.3495549716525629,0.2526148679865227,-1.1161184336842105,,False,False
2026-01-12,VST,VAL,0.48000723121895555,0.322776910415025,-0.714301999999999,,True,False
2026-01-12,WDC,VAL,0.10174808622550785,0.2888949354746585,1.245852950310558,,False,True
2026-01-12,ZIM,VAL,0.3411561503524785,0.5848864902740978,2.0,,False,False
2026-01-13,AEHR,VAL,0.8316456402985617,0.5178072571779025,-1.0630312615384616,,True,False
2026-01-13,AEVA,VAL,0.43165030932104526,0.43693768041519454,-1.1052357333333342,,True,False
2026-01-13,ALMS,VAL,0.29590985293048394,0.30510676480144744,-1.1216402699408827,,False,False
2026-01-13,APPX,VAL,0.4391499250922929,0.5717723254355276,-1.1233445697329392,,True,False
2026-01-13,ASND,VAL,0.2359089972751458,0.33807295492900946,-1.099381949809885,,False,False
2026-01-13,BE,VAL,0.692835870724755,0.49397175931157145,-1.075676371428572,,True,False
2026-01-13,BEX,VAL,0.4464937485848005,0.41491092266072926,-1.112932923076924,,True,False
2026-01-13,BIOA,VAL,0.5133161496542857,0.34531718363542163,2.0,,True,False
2026-01-13,CDNL,VAL,0.2742866729705501,0.37793406370211524,-1.0926795294117648,,False,False
2026-01-13,CSIQ,VAL,0.1996051972076142,0.26569510168140337,2.0,,False,True
2026-01-13,FBRX,VAL,0.5560443843380564,0.5894841369335673,-1.0381112281407034,,True,False
2026-01-13,FLNC,VAL,0.31322559526842325,0.25148900848298406,-1.109236503703704,,False,False
2026-01-13,FN,VAL,0.22068161978106052,0.5149385915182086,-1.110718245746691,,False,True
2026-01-13,GCO,VAL,0.43815780735936805,0.33338886369623566,-1.082334528,,True,False
2026-01-13,GLSI,VAL,0.26257288880083895,0.5145181037441683,-1.1041510598953526,,False,False
2026-01-13,GPCR,VAL,0.3697943106241996,0.27794168557127724,2.0,,False,False
2026-01-13,IDR,VAL,0.30967040787976663,0.33865449829740796,-1.116693446808511,,False,False
2026-01-13,INTW,VAL,0.3926773681206019,0.4608921770696993,-1.064624914285714,,False,False
2026-01-13,LITE,VAL,0.4242003788219155,0.3369337005157378,0.9030294907033144,,True,False
2026-01-13,MRNA,VAL,0.4565501008055624,0.49265040753141576,-1.0524594567901238,,True,False
2026-01-13,PLXS,VAL,0.3314936378335148,0.37320561629880444,1.014789256360072,,False,False
2026-01-13,RBLX,VAL,0.24373152046098992,0.36973660373185097,-1.1100419883710202,,False,False
2026-01-13,RDTL,VAL,0.6946763878145829,0.6266756648765403,-1.033299772205438,,True,False
2026-01-13,RHLD,VAL,0.4063055758736024,0.29758010441589167,-1.109553897005987,,True,False
2026-01-13,STNG,VAL,0.41039533078016077,0.26455248805570464,2.0,,True,False
2026-01-13,TMDX,VAL,0.17938333465881864,0.3315249056716685,-1.1071925139393937,,False,True
2026-01-13,WRBY,VAL,0.2636619443528042,0.46605624613277497,2.0,,False,False
2026-01-14,AEVA,VAL,0.04289352285391305,0.238419157919164,-1.0314105263157891,,False,True
2026-01-14,ALGM,VAL,0.4931655235201215,0.38322490363692296,-1.0909835809523805,,True,False
2026-01-14,ALMS,VAL,0.18790813131818104,0.3795947375626514,2.0,,False,True
2026-01-14,AMBQ,VAL,0.4896918790788235,0.3733824254063146,-1.088579014492748,,True,False
2026-01-14,ANPA,VAL,0.4253201371575377,0.0038913991886247437,-1.0347931983805667,,True,False
2026-01-14,AVAV,VAL,0.3790758614803498,0.5088021972062347,0.4060704368931946,,False,False
2026-01-14,AXTI,VAL,0.4989290812782835,0.40897801143335927,-1.0495608477842004,,True,False
2026-01-14,BIOA,VAL,0.33459970235512304,0.32809351469640446,-1.0871327999999991,,False,False
2026-01-14,BKKT,VAL,0.45435645350071086,0.39292138150634776,-1.0509874782608697,,True,False
2026-01-14,BMNR,VAL,0.4405330187763726,0.25588348759257856,-1.0604214787878783,,True,False
2026-01-14,BRBR,VAL,0.6283241492649694,0.4948839529012168,-1.0864455757575753,,True,False
2026-01-14,CIFU,VAL,0.5682522961927239,0.3073287907266921,-3.902851961904799,,True,False
2026-01-14,CNXC,VAL,0.2467433287932355,0.4266126599380591,-1.0745401386018236,,False,False
2026-01-14,CVI,VAL,0.19551552607467274,0.3124338204831379,2.0,,False,True
2026-01-14,ESTA,VAL,0.19971858139974208,0.30677227157392223,-1.1493507238095253,,False,True
2026-01-14,EWTX,VAL,0.3066793426199507,0.3007176091520075,2.0,,False,False
2026-01-14,GCO,VAL,0.41283123037709485,0.23370177679863188,-1.2989942634146274,,True,False
2026-01-14,GLSI,VAL,0.3048829568121073,0.1878819220492407,-1.107585041860469,,False,False
2026-01-14,GPCR,VAL,0.4874546434957555,0.3610939390007418,2.0,,True,False
2026-01-14,ISSC,VAL,0.1543938777668302,0.4442266901470982,-1.1241446481876256,,False,True
2026-01-14,LEU,VAL,0.25496109046247944,0.3397233708218855,-1.1112586425339368,,False,False
2026-01-14,LQDA,VAL,0.3821296366979078,0.3314946885922786,-1.0718149333333338,,False,False
2026-01-14,MBX,VAL,0.34884211627035433,0.14037969380167475,2.0,,False,False
2026-01-14,MP,VAL,0.3982179123872044,0.5485046062134226,2.0,,False,False
2026-01-14,MRNA,VAL,0.549160993963296,0.34164248625539384,-1.0580885333333336,,True,False
2026-01-14,MSTY,VAL,0.25295616974561796,0.36112648281052356,-1.0947385302325583,,False,False
2026-01-14,PBF,VAL,0.34733073348575794,0.3775382852153958,-1.0722295327102809,,False,False
2026-01-14,QBTX,VAL,0.6143954520550746,0.4187823835240261,1.1957725593495976,,True,False
2026-01-14,QUBX,VAL,0.46068931720601664,0.444683702310765,-1.1067006060606066,,True,False
2026-01-14,RH,VAL,0.3188153827672788,0.2398852673500107,-1.0799817940828405,,False,False
2026-01-14,RKLX,VAL,0.36715623370604417,0.3730075693019084,-1.0629966982595211,,False,False
2026-01-14,RMBS,VAL,0.4325831821065789,0.29576829079192896,-1.0983010664370416,,True,False
2026-01-14,SKYT,VAL,0.44831310064491964,0.4327017150518257,-1.0943886315789475,,True,False
2026-01-14,SMLR,VAL,0.3384708341341965,0.29361346651275344,2.0,,False,False
2026-01-14,SRRK,VAL,0.2395988112941466,0.25570322021885816,-1.109835072,,False,False
2026-01-14,SYNA,VAL,0.367951825541119,0.3692417585625391,2.0,,False,False
2026-01-14,TERN,VAL,0.3140352898506415,0.3004817032157479,2.0,,False,False
2026-01-14,UCTT,VAL,0.2726259277799072,0.30720664271173387,2.0,,False,False
2026-01-14,UUUU,VAL,0.45506914286772837,0.21602528231550797,-1.1062252081774682,,True,False
2026-01-14,VKTX,VAL,0.225432421729263,0.32061405918484814,2.0,,False,False
2026-01-14,VOYG,VAL,0.23720936604530982,0.4523626392161881,-1.0863105422222217,,False,False
2026-01-15,AAOI,VAL,0.4906459917860987,0.2869032545847571,2.0,,True,False
2026-01-15,AGQ,VAL,0.5052624673057015,0.17926992680364856,1.999999999999994,,True,False
2026-01-15,AHMA,VAL,0.4806850760205166,0.0024431398918450154,-1.042823348616601,,True,False
2026-01-15,ALHC,VAL,0.2584617222953482,0.4562450263382331,-1.125827646511628,,False,False
2026-01-15,ALMU,VAL,0.3834424658925744,0.423004894975587,-1.038836537313433,,False,False
2026-01-15,AMUU,VAL,0.1592997452345814,0.2899016798455307,-1.4183389832651327,,False,True
2026-01-15,ASTS,VAL,0.4047769083213158,0.4977517198878346,2.0,,True,False
2026-01-15,ASTX,VAL,0.3390562156616946,0.3751954061404638,-1.0351822801762114,,False,False
2026-01-15,ATRC,VAL,0.1629450812380955,0.4218833783388723,2.0,,False,True
2026-01-15,BKSY,VAL,0.43260975402616414,0.5010745917577439,-1.1072375,,True,False
2026-01-15,CBRL,VAL,0.2873335620137737,0.23492206487292114,2.0,,False,False
2026-01-15,CHEF,VAL,0.3742962281568792,0.39983801057186336,2.0,,False,False
2026-01-15,COHR,VAL,0.128399410999187,0.34647381789232107,-1.1172626742857146,,False,True
2026-01-15,CTRA,VAL,0.5141025884658449,0.5217127100664043,2.0,,True,False
2026-01-15,CWVX,VAL,0.4054946043702667,0.5332407498516369,-1.0314178410958903,,True,False
2026-01-15,FIGR,VAL,0.10555108566407498,0.23278855399998602,2.0,,False,True
2026-01-15,FSLR,VAL,0.22634926873896194,0.37436439191524684,-1.1061621942857138,,False,False
2026-01-15,FTAI,VAL,0.27887957665004015,0.28940474305587405,-1.082513816666666,,False,False
2026-01-15,GLXU,VAL,0.17400247139768235,0.12240031951834693,2.0,,False,True
2026-01-15,GLXY,VAL,0.2774497093157242,0.26283520489241835,-1.1120350134824843,,False,False
2026-01-15,HOOZ,VAL,0.14925379229909938,0.27125286309530977,-1.113934545454546,,False,True
2026-01-15,JOBX,VAL,0.5100446932816926,0.5713594912702714,-1.056224243809524,,True,False
2026-01-15,LEU,VAL,0.2915222030503177,0.3702789471300466,-1.0573282710252598,,False,False
2026-01-15,LITE,VAL,0.5024829215695622,0.4063680248171796,-1.038971210676835,,True,False
2026-01-15,MDB,VAL,0.3879701597145441,0.6694970299704495,-1.0614688697435897,,False,False
2026-01-15,PL,VAL,0.2655599508668248,0.42616395732471213,2.0,,False,False
2026-01-15,PLAB,VAL,0.27633457717035415,0.6256847543823859,-1.0682558655462189,,False,False
2026-01-15,PXED,VAL,0.35608028322777435,0.19823736783570475,0.4791841304347854,,False,False
2026-01-15,SEI,VAL,0.19301359103407614,0.4044099420660264,-1.119828914285714,,False,True
2026-01-15,SKYT,VAL,0.26995045451748984,0.7055300502825972,-1.0328341152542373,,False,False
2026-01-15,SMST,VAL,0.4177068679268763,0.3851708961865333,-1.0890823466666677,,True,False
2026-01-15,TEM,VAL,0.35623519690155675,0.28703907503075987,-1.105036799999999,,False,False
2026-01-15,TGTX,VAL,0.2773887559668926,0.45845237845151177,-1.081987057777778,,False,False
2026-01-15,TTMI,VAL,0.4041734565541976,0.31316785333069597,-1.1006267661585618,,True,False
2026-01-15,UTI,VAL,0.31981986893576314,0.2983377567418309,-1.1149560275862072,,False,False
2026-01-15,UUUU,VAL,0.3171673330983579,0.23324238334144398,-1.1049827647534365,,False,False
2026-01-15,VELO,VAL,0.4715778151198184,0.3815358481803295,-1.0584267199999997,,True,False
2026-01-15,ZEPP,VAL,0.18866653960057514,0.42748591140742737,-1.1015686037735848,,False,True
2026-01-16,AEHR,VAL,0.5893520593667773,0.4202648277499714,-1.07659217717268,,True,False
2026-01-16,AGX,VAL,0.35862765561773985,0.20827492984431598,2.0,,False,False
2026-01-16,AMBA,VAL,0.41088550078795644,0.4355499918167996,-1.0552685189189188,,True,False
2026-01-16,APLX,VAL,0.22792414253880403,0.42894608975175336,1.2280458777120329,,False,False
2026-01-16,AVXX,VAL,0.22917558321993356,0.30677472633649494,2.0,,False,False
2026-01-16,BEX,VAL,0.7725535989078233,0.6818231694868424,-1.0650896270056265,,True,False
2026-01-16,BKKT,VAL,0.14200973094005653,0.18459254762606583,2.0,,False,True
2026-01-16,BTU,VAL,0.4701338401583809,0.3844610485324031,-1.120876194594593,,True,False
2026-01-16,CLSX,VAL,0.18277457051064955,0.342618374795815,-1.0392893333333333,,False,True
2026-01-16,CRWV,VAL,0.2570780839145437,0.29791299940368454,-1.1187397960784318,,False,False
2026-01-16,DBVT,VAL,0.24297330905485293,0.2492135272059313,-1.100596608,,False,False
2026-01-16,FIGR,VAL,0.34762662717534437,0.3359135377479638,2.0,,False,False
2026-01-16,FLNC,VAL,0.20404859341696882,0.36658385046485,0.1735246296296317,,False,True
2026-01-16,FLY,VAL,0.6255010202231761,0.4206158150476363,-1.038986994059406,,True,False
2026-01-16,GLXY,VAL,0.47779304404665957,0.2250953377118893,-1.1180453101449257,,True,False
2026-01-16,INOD,VAL,0.4637355890085262,0.2818135757286183,-0.3798012658227877,,True,False
2026-01-16,IONL,VAL,0.14628442641795825,0.19470308837634262,-1.0899478724677312,,False,True
2026-01-16,IONQ,VAL,0.4675262171431248,0.27969620569493425,2.0,,True,False
2026-01-16,IONX,VAL,0.28620154364140954,0.26455093905458227,-1.040680504109589,,False,False
2026-01-16,IREN,VAL,0.2129272399255206,0.2700076466903533,2.0,,False,True
2026-01-16,IREX,VAL,0.28277397481526534,0.3961801297588482,-1.0828460595744696,,False,False
2026-01-16,JOBX,VAL,0.18900911800615108,0.43447064652127454,-1.1585588640000006,,False,True
2026-01-16,LEU,VAL,0.16562014505858416,0.20918896452882715,-1.0508825019289283,,False,True
2026-01-16,LUNR,VAL,0.6083167673009626,0.2819510321225312,-1.0622508307692309,,True,False
2026-01-16,LYEL,VAL,0.531144932695087,0.33185100820072705,-1.037466638961039,,True,False
2026-01-16,NEBX,VAL,0.4439213096502315,0.21516513758145608,-1.0391614476190476,,True,False
2026-01-16,NNE,VAL,0.29256520361374466,0.2152393294841473,-1.1059212089253645,,False,False
2026-01-16,NVOX,VAL,0.2524079612390673,0.27363178496462703,-1.112740945454546,,False,False
2026-01-16,PL,VAL,0.794814505514412,0.672276575966698,-1.0463148210526314,,True,False
2026-01-16,Q,VAL,0.2981517613199161,0.36573602128815424,-1.1202856489795932,,False,False
2026-01-16,QBTX,VAL,0.4612513443858827,0.40898834816462376,-1.1249439000000017,,True,False
2026-01-16,QPUX,VAL,0.34676427263477,0.34973544605725165,-1.3981110500000005,,False,False
2026-01-16,RGTU,VAL,0.24854578497059757,0.45902931187949686,-2.0596260645161326,,False,False
2026-01-16,RKLB,VAL,0.7307553736313784,0.34309892431868383,-1.0423766223454063,,True,False
2026-01-16,RKLX,VAL,0.4405034856437271,0.4291117463361671,-1.0493290704320055,,True,False
2026-01-16,SMCI,VAL,0.8464754419822286,0.5147168895406538,2.0000000000000058,,True,False
2026-01-16,SMR,VAL,0.3283281792295246,0.2557029796899102,-1.085896571428571,,False,False
2026-01-16,SMU,VAL,0.5776461443968086,0.39473942360677233,-1.0315404712328766,,True,False
2026-01-16,STEM,VAL,0.3285000192388861,0.30461507998559534,-0.727359804040407,,False,False
2026-01-16,TNDM,VAL,0.3173021586031521,0.4360645035748294,-1.0756882823529412,,False,False
2026-01-16,VELO,VAL,0.29351398909636844,0.3172645166153108,2.0,,False,False
2026-01-16,VICR,VAL,0.46551168270478405,0.23371449289615426,-1.116255917460105,,True,False
2026-01-16,VKTX,VAL,0.46564872035160126,0.2628790334696954,0.7032896774193484,,True,False
2026-01-16,VOYG,VAL,0.2798479558158333,0.2665331563926412,-1.0523244400000002,,False,False
2026-01-16,WGMI,VAL,0.3639358436621482,0.3329542998353635,-0.0945251310147698,,False,False
2026-01-20,AAOI,VAL,0.1547138648001265,0.2807697605464659,2.0,,False,True
2026-01-20,ACLX,VAL,0.25478057788883923,0.39112126969373373,2.0,,False,False
2026-01-20,AEHR,VAL,0.21176574657623257,0.27250804031947845,2.0,,False,True
2026-01-20,ALAB,VAL,0.17938081189063332,0.15950955860492644,0.3026857407407435,,False,True
2026-01-20,ALMU,VAL,0.2984665107191079,0.28188357858836804,-1.0793293511111068,,False,False
2026-01-20,AMDW,VAL,0.22374992716021708,0.2835085039847864,-1.358140159999997,,False,False
2026-01-20,AMKR,VAL,0.2741368275190388,0.28933300422379843,-1.1013931789473683,,False,False
2026-01-20,AMUU,VAL,0.20643893829834523,0.1929711148709905,-1.241026810810805,,False,True
2026-01-20,APLX,VAL,0.10828774224267136,0.08228079866840157,-1.0913988283464569,,False,True
2026-01-20,APP,VAL,0.3555252011096412,0.14549901668681545,-1.1070672489975877,,False,False
2026-01-20,APPX,VAL,0.529737022350412,0.40580178807515843,-1.0607748716861083,,True,False
2026-01-20,ARQQ,VAL,0.16505638785329918,0.31587633085017947,-1.0879334841628958,,False,True
2026-01-20,ASTS,VAL,0.4787034608801616,0.33349822064227674,-1.095423042176871,,True,False
2026-01-20,ASTX,VAL,0.47557476297263535,0.33024093890291434,-1.051049153812636,,True,False
2026-01-20,AVBP,VAL,0.1448187648062901,0.357681829183744,2.0,,False,True
2026-01-20,BE,VAL,0.21253984284959235,0.2359881793429743,-1.0290932602146947,,False,True
2026-01-20,BETA,VAL,0.2861775179906581,0.3518451981101734,2.0,,False,False
2026-01-20,BIOA,VAL,0.2519734450811678,0.3350039609258469,-1.1179390476190472,,False,False
2026-01-20,BKSY,VAL,0.19157889049325724,0.24516610747551834,-1.043425433273997,,False,True
2026-01-20,BRZE,VAL,0.5239121973987826,0.30210946328996835,-0.090135384615384,,True,False
2026-01-20,CIEN,VAL,0.2440500210678056,0.29067049579873644,-1.0800617258426966,,False,False
2026-01-20,COHR,VAL,0.3392544791386399,0.3056628670587691,-1.0799340290657435,,False,False
2026-01-20,CRDO,VAL,0.19832188978500243,0.2472668463907511,2.0,,False,True
2026-01-20,CXW,VAL,0.4730185991829898,0.45852435255009083,-1.0814433066666664,,True,False
2026-01-20,ETOR,VAL,0.27692301628843563,0.38701230653141255,-1.1074239999999995,,False,False
2026-01-20,FIGR,VAL,0.06830017735158896,0.11334711997644191,-1.0299232272108845,,False,True
2026-01-20,FLEX,VAL,0.3514824688131933,0.4146327759473909,-1.0932002666666665,,False,False
2026-01-20,FLY,VAL,0.16734273360853902,0.29572158707432744,-1.0382415533980582,,False,True
2026-01-20,FORM,VAL,0.40671528741489354,0.25303910685204173,-1.08154553961214,,True,False
2026-01-20,GEVX,VAL,0.3926275194991269,0.31658156586068903,-1.1730063448275907,,False,False
2026-01-20,GFS,VAL,0.301250905650466,0.3771228699448368,2.0,,False,False
2026-01-20,GLXY,VAL,0.2228011291024495,0.30601408402364116,-1.1095459555555558,,False,True
2026-01-20,GPCR,VAL,0.15164881464903168,0.360327377950255,-1.1160541654450264,,False,True
2026-01-20,GRAL,VAL,0.2825712477954256,0.2792703288089319,2.0,,False,False
2026-01-20,HBM,VAL,0.18310791972339543,0.2758799250652393,2.0,,False,True
2026-01-20,HUT,VAL,0.24272992826022563,0.2886070981221874,-1.1159133453650525,,False,False
2026-01-20,HYMC,VAL,0.12991519341245458,0.17948926449777117,-1.049431396357329,,False,True
2026-01-20,ICHR,VAL,0.6030279830317217,0.3785542129464814,-1.060923739556593,,True,False
2026-01-20,IDCC,VAL,0.17735223714395654,0.21351733430780817,0.5533265010570816,,False,True
2026-01-20,IDR,VAL,0.16858414651432,0.21128543398486627,-1.0706213333333332,,False,True
2026-01-20,IMNM,VAL,0.3101357335393726,0.394503683504194,1.5643636923076942,,False,False
2026-01-20,INOD,VAL,0.15826968845070052,0.28626510960887797,2.0,,False,True
2026-01-20,INTC,VAL,0.20625216458480067,0.44979336864464253,-1.120115134693879,,False,True
2026-01-20,INTW,VAL,0.292838626442977,0.2348872063003707,2.0,,False,False
2026-01-20,IONQ,VAL,0.21963444420803332,0.3102891112024479,2.0,,False,True
2026-01-20,IONX,VAL,0.2281316921571027,0.44366462828413455,2.0,,False,False
2026-01-20,JOBX,VAL,0.32454901863038155,0.5803544070188102,-1.058152192,,False,False
2026-01-20,KVYO,VAL,0.16677859084810923,0.3111820773719548,-0.0338147036759151,,False,True
2026-01-20,LABU,VAL,0.09523443723797764,0.1615506831515817,-1.1324251152729536,,False,True
2026-01-20,LASR,VAL,0.1849927118189226,0.19608380000401515,-1.0664340292682928,,False,True
2026-01-20,LITE,VAL,0.13487798566036244,0.29996869007903393,2.0,,False,True
2026-01-20,LMND,VAL,0.2352777790097957,0.20744124981609574,-1.1851699834710834,,False,False
2026-01-20,LQDA,VAL,0.1989172687300615,0.1929879760077263,-1.083786457142858,,False,True
2026-01-20,LUNR,VAL,0.13993950035225425,0.19728899482262321,-1.03974315,,False,True
2026-01-20,MAZE,VAL,0.22411200292872924,0.1688509954200008,2.0,,False,False
2026-01-20,MKSI,VAL,0.3871167308164274,0.24466949794740134,-1.109527380490387,,False,False
2026-01-20,NAIL,VAL,0.37963346024650096,0.362086496210578,-1.0562537669064749,,False,False
2026-01-20,OUST,VAL,0.22690731884109058,0.248704188221989,-1.0541809142857144,,False,False
2026-01-20,PDFS,VAL,0.1796846802988088,0.33893976352081145,-1.0728962831858395,,False,True
2026-01-20,PLAY,VAL,0.25909769851872205,0.3171739931874662,2.0,,False,False
2026-01-20,PLTU,VAL,0.4067348974969122,0.20875171623776298,-1.105779835761588,,True,False
2026-01-20,PSIX,VAL,0.25728774788422404,0.344115979131276,-1.4909837204521963,,False,False
2026-01-20,PTIR,VAL,0.36541305868947677,0.20684519101332904,-1.111877046153847,,False,False
2026-01-20,PZZA,VAL,0.19940954095315416,0.3737085018693592,-1.1027822222222217,,False,True
2026-01-20,QBTX,VAL,0.15024806732825813,0.10438059752855373,-1.0487386666666667,,False,True
2026-01-20,QUBX,VAL,0.31659902348823915,0.2649213916732261,-1.1243280505263138,,False,False
2026-01-20,RDTL,VAL,0.17642082458269057,0.37794193273615057,-1.1092719496964958,,False,True
2026-01-20,RGTI,VAL,0.33584283987409186,0.28114700792884556,-1.0899719558832208,,False,False
2026-01-20,RGTU,VAL,0.3678766752964642,0.1699502430813165,-1.0565539047619046,,False,False
2026-01-20,RMBS,VAL,0.37576185975311355,0.3042296919269038,2.0,,False,False
2026-01-20,ROBN,VAL,0.1911141068092757,0.3062469747643865,-1.1220773446808514,,False,True
2026-01-20,SKYT,VAL,0.3784719223527176,0.523271965614883,-1.049052835489143,,False,False
2026-01-20,SMST,VAL,0.140290060456982,0.20663103273091424,-1.0980035440860207,,False,True
2026-01-20,SNDK,VAL,0.08104437655880992,0.13302256569175297,-1.0924010458668691,,False,True
2026-01-20,SOFX,VAL,0.48233883356198776,0.39397875285627293,-1.1676296694780035,,True,False
2026-01-20,SOXL,VAL,0.2719371375525452,0.12235963982576863,-1.118490057975815,,False,False
2026-01-20,STEM,VAL,0.14215272149908295,0.29257634608771105,-1.0790958933333332,,False,True
2026-01-20,TWST,VAL,0.2985971497613325,0.41732140509565957,-0.804535686274508,,False,False
2026-01-20,TXG,VAL,0.1454380093713384,0.23208022343548176,2.0,,False,True
2026-01-20,TYRA,VAL,0.5027862344603657,0.3162189021461578,-1.0456934564102562,,True,False
2026-01-20,U,VAL,0.26114361683660087,0.18898135498409424,-1.1013342040816323,,False,False
2026-01-20,UCTT,VAL,0.1943696643197189,0.29504531684689145,-1.0922158896551726,,False,True
2026-01-20,UUUU,VAL,0.1474032363129645,0.24921142130144647,-1.092138219354839,,False,True
2026-01-20,VICR,VAL,0.1794727566294441,0.25587517810408644,-1.078384742986653,,False,True
2026-01-20,VSCO,VAL,0.4493670718649829,0.35730395703534423,-1.0783646789189183,,True,False
2026-01-20,WOLF,VAL,0.4521481089906452,0.4020309896401485,2.0,,True,False
2026-01-20,ZETA,VAL,0.2688117118718617,0.21124778998354352,-1.1284690526315782,,False,False
2026-01-21,AAP,VAL,0.5727425038692255,0.38474039824949374,1.1179444444444533,,True,False
2026-01-21,ALLY,VAL,0.32310615140168514,0.26219612214714255,-0.1495491803278643,,False,False
2026-01-21,AMD,VAL,0.24748835523305868,0.32417916062860447,-1.099387362162162,,False,False
2026-01-21,AMDW,VAL,0.3512797046092952,0.3598502248686823,-1.3639150795698882,,False,False
2026-01-21,AMKR,VAL,0.17254194012159105,0.3092963671815369,-1.1141298618181823,,False,True
2026-01-21,AMUU,VAL,0.34358179744919476,0.427451858717358,-1.0866920213333344,,False,False
2026-01-21,BIOA,VAL,0.23993068095434156,0.3567138633349389,-1.0293222939759037,,False,False
2026-01-21,BMNZ,VAL,0.46042550704422064,0.49236958637897715,-1.071833018181818,,True,False
2026-01-21,BNTX,VAL,0.43569421550701415,0.4547041936417208,2.0,,True,False
2026-01-21,BRBR,VAL,0.3837824582037934,0.3539558829841158,-1.119859141818181,,False,False
2026-01-21,CE,VAL,0.3826454807687755,0.30467410865546685,-1.0984196491228069,,False,False
2026-01-21,CORD,VAL,0.1878308624561494,0.3176552201174218,-1.122599771428571,,False,True
2026-01-21,CRK,VAL,0.22757391502735955,0.3066128265206619,-1.0913662730561733,,False,False
2026-01-21,DCOM,VAL,0.18650107167064134,0.3521445842315243,-1.3965303612121194,,False,True
2026-01-21,ETHD,VAL,0.46426864814295377,0.4204166532279993,-1.0571406745098038,,True,False
2026-01-21,GGLL,VAL,0.31405056685700616,0.4770437248509179,-1.1112746573913037,,False,False
2026-01-21,HUT,VAL,0.2615899137704273,0.19361705721183387,-1.1033892957746478,,False,False
2026-01-21,INTC,VAL,0.37077706490782114,0.4823742886668067,2.0,,False,False
2026-01-21,KOLD,VAL,0.22739095562389502,0.3999834827759607,2.0,,False,False
2026-01-21,METC,VAL,0.16012094228659574,0.24902019907799913,-1.0906946539682536,,False,True
2026-01-21,MRNA,VAL,0.24278626840412815,0.24265077439801627,2.0,,False,False
2026-01-21,MRNY,VAL,0.26328922140150673,0.3262260027693068,-1.1817916631579015,,False,False
2026-01-21,MSBI,VAL,0.5660373198646496,0.41216228970792446,-1.079544914285714,,True,False
2026-01-21,MUU,VAL,0.3658823199455653,0.5106476961638048,2.0,,False,False
2026-01-21,PBF,VAL,0.49643933243786953,0.4889622789024749,-1.0742786461538456,,True,False
2026-01-21,PLTZ,VAL,0.5177047444721619,0.4301667770391649,2.0,,True,False
2026-01-21,ROBN,VAL,0.3909169933213226,0.34164291907024386,-1.1220779229623337,,False,False
2026-01-21,SBIT,VAL,0.49467514955573066,0.40844538254212653,-1.1129941333333344,,True,False
2026-01-21,SDRL,VAL,0.11767211825303725,0.30748546362844886,-1.047967163787448,,False,True
2026-01-21,SEI,VAL,0.41892759002268787,0.3331270189216797,-1.0530417476923075,,True,False
2026-01-21,UMAC,VAL,0.4130191535498229,0.5093471881580067,-1.0319288,,True,False
2026-01-21,WDC,VAL,0.32380845663033697,0.16777556596071552,-1.1162175857626837,,False,False
2026-01-21,WTFC,VAL,0.3491375958543031,0.432805002380303,-1.0535294494117646,,False,False
2026-01-22,AG,VAL,0.2372402493649838,0.20448217630802218,2.0,,False,False
2026-01-22,ALKT,VAL,0.09111298943100707,0.15336212919255302,-1.1295998315789464,,False,True
2026-01-22,AMBQ,VAL,0.33527881177772567,0.21435345468747258,-1.1691130801687777,,False,False
2026-01-22,APLS,VAL,0.29683709503605576,0.3917234637219468,-1.092569652235628,,False,False
2026-01-22,ASND,VAL,0.3407830279478771,0.2564842406481361,0.0416885884691862,,False,False
2026-01-22,ASTX,VAL,0.2651320781903927,0.050238428109567204,2.0,,False,False
2026-01-22,AUGO,VAL,0.46419388866858596,0.26731994744769283,0.774742407407428,,True,False
2026-01-22,AVBP,VAL,0.22200427983174012,0.15091280988423159,2.0,,False,True
2026-01-22,BEAM,VAL,0.3777559947065319,0.2464341713760616,2.0,,False,False
2026-01-22,BRZE,VAL,0.20398377687659522,0.20152028762430604,0.5113610315186353,,False,True
2026-01-22,CDE,VAL,0.278217065860038,0.21900889174982696,2.0,,False,False
2026-01-22,CMCL,VAL,0.3066441805686104,0.3882682140788114,-1.0954084266666666,,False,False
2026-01-22,CMPO,VAL,0.39341954958886444,0.441347908748331,-1.1074868210526316,,False,False
2026-01-22,CORD,VAL,0.3350648455984289,0.44651983259068656,2.0,,False,False
2026-01-22,CRMX,VAL,0.12085547715498828,0.026853398256468815,2.0,,False,True
2026-01-22,CRSP,VAL,0.522261836111511,0.3292563670399464,2.0,,True,False
2026-01-22,CRVS,VAL,0.230680116489491,0.20928220283841525,-1.0631862,,False,False
2026-01-22,CTGO,VAL,0.16102317078294232,0.25386955562127383,0.946649313725495,,False,True
2026-01-22,DCOM,VAL,0.14665557749015884,0.30079943633665834,2.0,,False,True
2026-01-22,DNTH,VAL,0.6035912974173282,0.4515751916367291,2.0,,True,False
2026-01-22,DXCM,VAL,0.43069001850549793,0.33469213904296863,-1.071346477419355,,True,False
2026-01-22,ENPH,VAL,0.24056103756703473,0.20083370281003599,2.0,,False,False
2026-01-22,GDXU,VAL,0.4810018265285728,0.5194446516903986,2.0,,True,False
2026-01-22,GRAL,VAL,0.41763035054528724,0.2427287297699572,2.0,,True,False
2026-01-22,HL,VAL,0.2330889067360808,0.2287551027789853,2.0,,False,False
2026-01-22,HYMC,VAL,0.17992811915422635,0.27052539577944373,2.0,,False,True
2026-01-22,IDR,VAL,0.49780271938805265,0.1891779764989923,2.0,,True,False
2026-01-22,JNUG,VAL,0.3081064595365852,0.41217324989912557,2.0,,False,False
2026-01-22,KOD,VAL,0.36287078743554296,0.2866110507425079,-1.1158587733333332,,False,False
2026-01-22,LABU,VAL,0.19131532902310092,0.21090757088768636,2.0,,False,True
2026-01-22,LENZ,VAL,0.1448213882209448,0.18686686167221958,2.0,,False,True
2026-01-22,MAZE,VAL,0.27978575790852644,0.24389016742732136,-1.2856604705882362,,False,False
2026-01-22,METC,VAL,0.262791562368919,0.30104296138340947,2.0,,False,False
2026-01-22,MP,VAL,0.2085640981310661,0.247878577064158,-0.8532939393939347,,False,True
2026-01-22,MRNY,VAL,0.2872326150381318,0.24686551486563438,-1.2061143801652858,,False,False
2026-01-22,MUX,VAL,0.172050189149256,0.33341578360959906,2.0,,False,True
2026-01-22,NUGT,VAL,0.40491226880435643,0.3440455740805181,2.0,,True,False
2026-01-22,NVTX,VAL,0.4580775559851585,0.35436977559943256,2.0,,True,False
2026-01-22,ONDL,VAL,0.08946170343385203,0.07304832493626001,-1.0605463390169536,,False,True
2026-01-22,ORKA,VAL,0.28699286997891277,0.25852039418956263,2.0,,False,False
2026-01-22,OUST,VAL,0.2607690545458098,0.39904147460741407,-1.1019782,,False,False
2026-01-22,PCVX,VAL,0.3275321995711412,0.30945406949188475,0.7669652818129137,,False,False
2026-01-22,PNTG,VAL,0.49044589469408745,0.385890206889103,-1.0469583392405062,,True,False
2026-01-22,PPTA,VAL,0.42473488892578554,0.5693816231826992,1.6443980904522484,,True,False
2026-01-22,QUBX,VAL,0.19866569739230075,0.22069331307200785,-1.148503472295516,,False,True
2026-01-22,QURE,VAL,0.5565505689343875,0.23230956230374736,-0.5349462890625009,,True,False
2026-01-22,RGC,VAL,0.22248534871722775,0.1965831363862032,2.0,,False,True
2026-01-22,RUN,VAL,0.2663473017064165,0.32312751513035476,-1.069158588235294,,False,False
2026-01-22,SA,VAL,0.15071961293468636,0.3053991674750133,2.0,,False,True
2026-01-22,SILJ,VAL,0.4448046147148368,0.35243170307632715,2.0,,True,False
2026-01-22,SKE,VAL,0.3191195523794635,0.3707707205216652,2.0,,False,False
2026-01-22,SMST,VAL,0.46869986921591456,0.407581811248205,-1.0666559288888893,,True,False
2026-01-22,SMU,VAL,0.3461452529717556,0.30565023372034655,-1.0430761714285717,,False,False
2026-01-22,TSLR,VAL,0.23063365745110628,0.3764319035976224,-1.103994501408451,,False,False
2026-01-22,TSLT,VAL,0.2681885173701299,0.4265312020810153,-1.0990688000000004,,False,False
2026-01-22,USAU,VAL,0.17633189473975522,0.3427291773476588,2.0,,False,True
2026-01-22,UUUG,VAL,0.2734810047537814,0.5112728876023799,2.0,,False,False
2026-01-22,UUUU,VAL,0.16839083911920122,0.17099601393483785,2.0,,False,True
2026-01-22,VITL,VAL,0.474213113746144,0.43096114898501436,-1.047651151548826,,True,False
2026-01-23,APLD,VAL,0.22518921224429544,0.21580944942950106,-1.0755591428571436,,False,False
2026-01-23,APLX,VAL,0.17923766019390097,0.43859304657139336,2.0,,False,True
2026-01-23,APPX,VAL,0.16075078045050326,0.17803747296669578,-1.0965683586840085,,False,True
2026-01-23,ASTX,VAL,0.2066857755699705,0.2766158453688788,-1.0829509064748202,,False,True
2026-01-23,BEX,VAL,0.5682642890175256,0.5543288788197368,-1.066868727272727,,True,False
2026-01-23,BKCH,VAL,0.24165030654562444,0.33262763843960286,-1.2021474711864324,,False,False
2026-01-23,CRVS,VAL,0.29423196373817606,0.4434671126358978,-1.062854976,,False,False
2026-01-23,CRWV,VAL,0.14701742088838982,0.38679157112670665,-1.0679333073170731,,False,True
2026-01-23,CWVX,VAL,0.33802055717489604,0.3968257317636044,-1.041715717171717,,False,False
2026-01-23,DQ,VAL,0.33983918589421247,0.3222862546943352,-1.1034328999999998,,False,False
2026-01-23,GCT,VAL,0.16924205597687536,0.2900917519049078,-1.0919890307328604,,False,True
2026-01-23,GLXY,VAL,0.3608565209401302,0.3248377887699158,2.0,,False,False
2026-01-23,HUT,VAL,0.2995439620365865,0.28693368032519845,2.0,,False,False
2026-01-23,HYMC,VAL,0.2337151218867216,0.3701769703201342,-1.0657673600000002,,False,False
2026-01-23,IREN,VAL,0.2056370475393486,0.2947084700782936,2.0,,False,True
2026-01-23,IREX,VAL,0.13129713998402637,0.12115215870106336,2.0,,False,True
2026-01-23,KOLD,VAL,0.22441672889270853,0.5262892456979987,-1.0589204363636362,,False,False
2026-01-23,KORU,VAL,0.3683662573137638,0.46605107803758283,0.0182298202632062,,False,False
2026-01-23,MULL,VAL,0.35629113705280413,0.5339408562520624,-1.0819304159362544,,False,False
2026-01-23,MUU,VAL,0.34002962275933507,0.399804140036845,-1.0616326348764356,,False,False
2026-01-23,NFLU,VAL,0.3349188255744101,0.2696283926176825,1.6791161403508728,,False,False
2026-01-23,PBF,VAL,0.3436150258703444,0.37371269487108894,-1.0924111644444454,,False,False
2026-01-23,PL,VAL,0.3642658794919669,0.35098162049756476,-1.1243447662835253,,False,False
2026-01-23,RKLB,VAL,0.2884773082474736,0.44017108986824305,-1.090948406557376,,False,False
2026-01-23,RKLX,VAL,0.16640609531721956,0.2001869735725431,-1.047220879012346,,False,True
2026-01-23,TECX,VAL,0.11152411739017158,0.23040644731310983,-1.0951066268283154,,False,True
2026-01-23,UUUG,VAL,0.2135897535398904,0.5012600325739552,2.0,,False,True
2026-01-23,VOYG,VAL,0.209976707271452,0.31279496174874577,2.0,,False,True
2026-01-23,WIX,VAL,0.18630924341519856,0.3258523121874895,-0.2681656750572097,,False,True
2026-01-23,WYFI,VAL,0.3724924062382976,0.5089156395019,-1.073546823529412,,False,False
2026-01-26,AGQ,VAL,0.3540838296949163,0.09361693043845795,2.0,,False,False
2026-01-26,AXGN,VAL,0.6316921092818878,0.5017255000627621,0.2238446153846113,,True,False
2026-01-26,DOCN,VAL,0.1413732267814571,0.2050152823065016,2.0,,False,True
2026-01-26,FBRX,VAL,0.24428392722073036,0.22628694743456204,-1.0939533714285727,,False,False
2026-01-26,FORM,VAL,0.46312525324067094,0.3681590519952772,-1.0863143314285717,,True,False
2026-01-26,GDS,VAL,0.1863427141136177,0.28625965075456944,2.0,,False,True
2026-01-26,GLSI,VAL,0.16047200079054186,0.245777087850752,2.0,,False,True
2026-01-26,GME,VAL,0.48672032624621203,0.3776419554256328,-1.0340763671128106,,True,False
2026-01-26,GRAL,VAL,0.2524255463588971,0.34210998768355466,-1.0401067374069304,,False,False
2026-01-26,LQDA,VAL,0.12514539401154193,0.31079654709318466,-1.1158624744186048,,False,True
2026-01-26,PSLV,VAL,0.16075708228138316,0.4075153786416969,-1.1241675555555557,,False,True
2026-01-26,RUN,VAL,0.18595510571246504,0.24569730640912307,-1.0437653333333334,,False,True
2026-01-26,RVMD,VAL,0.2477630902389345,0.30186735224153166,-1.066553489655172,,False,False
2026-01-26,SNDX,VAL,0.264583663677734,0.31544911903757406,2.0,,False,False
2026-01-26,STX,VAL,0.12823169747117977,0.3200626174071842,-1.110083159493671,,False,True
2026-01-26,TEM,VAL,0.17164528995978884,0.31187066977268646,-1.0990105756097552,,False,True
2026-01-26,WDC,VAL,0.28144624944658697,0.2685071341161928,-1.077507108653668,,False,False
2026-01-26,ZEPP,VAL,0.26528869161817,0.4624058055116802,2.0,,False,False
2026-01-27,AA,VAL,0.28989172708824906,0.28378194049214545,-0.7126272415537718,,False,False
2026-01-27,ACMR,VAL,0.3444250836593873,0.347946708867624,-1.1225543009523813,,False,False
2026-01-27,APLD,VAL,0.30930596914412517,0.3175991068712972,2.0,,False,False
2026-01-27,APLX,VAL,0.15553909759470377,0.22460323368900964,2.0,,False,True
2026-01-27,ASMG,VAL,0.2611256833010242,0.2343543581427441,-1.1587933023255723,,False,False
2026-01-27,BE,VAL,0.3277008764393648,0.28572612801217023,2.0,,False,False
2026-01-27,BETR,VAL,0.25218097360805075,0.3931760555554569,2.0,,False,False
2026-01-27,BEX,VAL,0.22577399422618064,0.2826324595274971,2.0,,False,False
2026-01-27,BKSY,VAL,0.30562805533924303,0.39401883751892236,2.0,,False,False
2026-01-27,BOIL,VAL,0.3844580972654074,0.6579826377902401,-1.0636688683760682,,False,False
2026-01-27,CIFU,VAL,0.2451195386505811,0.15048224697545443,-1.037538832391714,,False,False
2026-01-27,CLS,VAL,0.2805667984239198,0.4119587767369947,-1.1069751803814727,,False,False
2026-01-27,COHR,VAL,0.16374685536412267,0.2772203085392286,0.2575639578947383,,False,True
2026-01-27,CRWV,VAL,0.15660636588254515,0.2535712404112824,-1.1081569718300437,,False,True
2026-01-27,CSEX,VAL,0.29256508312527574,0.32517475373085863,-1.121232981455064,,False,False
2026-01-27,CWVX,VAL,0.27573874454107355,0.415064467778397,2.0,,False,False
2026-01-27,CYD,VAL,0.509769995820699,0.3263608241375901,-1.08469051076923,,True,False
2026-01-27,FLNC,VAL,0.25849248053531565,0.27604521628169204,2.0,,False,False
2026-01-27,FLY,VAL,0.22446687678348692,0.24881881285615517,-1.0440118985915492,,False,False
2026-01-27,FN,VAL,0.215241376338591,0.3632730716243268,-1.0906782102425876,,False,True
2026-01-27,GEVX,VAL,0.2539901352440665,0.30840150726941756,-1.0850249531914882,,False,False
2026-01-27,GOLD,VAL,0.19944398305190306,0.1942781311801642,-1.1030872533333331,,False,True
2026-01-27,HYMC,VAL,0.29060332544665807,0.39997212741432875,-1.0954302451612907,,False,False
2026-01-27,IONZ,VAL,0.39022973100645875,0.19579617110343636,-1.0753685836228293,,False,False
2026-01-27,IREN,VAL,0.28261003156428544,0.28408886418701385,-1.1049249,,False,False
2026-01-27,IREX,VAL,0.14528380626133092,0.2043423098196934,-1.035917529919803,,False,True
2026-01-27,LEU,VAL,0.23668898489015455,0.4081375164144644,2.0,,False,False
2026-01-27,LITE,VAL,0.21996098760378643,0.39594487820004576,0.4822138558297034,,False,True
2026-01-27,METC,VAL,0.3962936673341492,0.3363748930074572,-1.0437914198444198,,False,False
2026-01-27,MP,VAL,0.3396821546371754,0.38895251483279353,0.0994821002386645,,False,False
2026-01-27,MRNA,VAL,0.2861350462335086,0.35128025554393166,-1.0528322808822217,,False,False
2026-01-27,NEBX,VAL,0.1979874108983951,0.30452960318818384,-1.0498328,,False,True
2026-01-27,OII,VAL,0.35990359495672647,0.3039787512687849,0.0964449999999952,,False,False
2026-01-27,OKLL,VAL,0.20398162905730632,0.42613127977300924,-1.0645545580933466,,False,True
2026-01-27,ONDL,VAL,0.22804022649367747,0.12393672997655443,2.0,,False,False
2026-01-27,ONDU,VAL,0.1281824581303295,0.16879871108231345,-1.0432929614226094,,False,True
2026-01-27,PL,VAL,0.27110261628121946,0.24455276201706194,2.0,,False,False
2026-01-27,RGC,VAL,0.24017094856577736,0.4984496134329482,-1.0291529099057333,,False,False
2026-01-27,RKLX,VAL,0.12997789018039338,0.21674352240482217,-1.048467824019025,,False,True
2026-01-27,RUN,VAL,0.34826099412730405,0.3276198460400587,-1.0947534769230776,,False,False
2026-01-27,SRZN,VAL,0.21304957655679999,0.4257102274110036,-1.2386490181818226,,False,True
2026-01-27,TSAT,VAL,0.43864689964684883,0.5057770381741467,-1.1308063448275845,,True,False
2026-01-27,UPB,VAL,0.29084675888226164,0.3035632839084552,0.7263178294573648,,False,False
2026-01-27,UUUG,VAL,0.4627039813812212,0.4029659808679399,-1.4930093866666676,,True,False
2026-01-27,UUUU,VAL,0.6005811140153137,0.37420125193971693,-1.1215948255319153,,True,False
2026-01-27,WULX,VAL,0.3928908711721271,0.6043610156076584,2.0,,False,False
2026-01-28,AAOI,VAL,0.6729282022022225,0.5185533330418995,2.0,,True,False
2026-01-28,AEHR,VAL,0.5248163552456556,0.4316465610238805,-1.0586684745762711,,True,False
2026-01-28,APH,VAL,0.5703379754786935,0.31401266531320576,-0.5915279432624092,,True,False
2026-01-28,APLS,VAL,0.11609508764264355,0.2886106973255244,-1.1217990956521735,,False,True
2026-01-28,ASTS,VAL,0.18309895492960157,0.3077972106645088,-1.1191293042016808,,False,True
2026-01-28,ASTX,VAL,0.1564087707718848,0.27725944601769176,-1.0364420370994942,,False,True
2026-01-28,BE,VAL,0.15292556761763976,0.3181167149090348,-1.0431903342465754,,False,True
2026-01-28,BEX,VAL,0.32473706946802977,0.4259117132918645,-1.069763078095238,,False,False
2026-01-28,BOIL,VAL,0.2912195150163875,0.3089508206771596,2.0,,False,False
2026-01-28,CRCL,VAL,0.13752917561586614,0.2799075728699041,-1.050071186592179,,False,True
2026-01-28,FIGR,VAL,0.08598138754797177,0.31888612161485835,-1.0377680784313723,,False,True
2026-01-28,FLNC,VAL,0.5621072927026349,0.43930131586516014,-1.0511702330935253,,True,False
2026-01-28,GKOS,VAL,0.2491808420707804,0.3012296668464825,-1.055356235294116,,False,False
2026-01-28,GSAT,VAL,0.4875601513091681,0.4950515232439419,-1.0826791125718978,,True,False
2026-01-28,INTW,VAL,0.16566920453116213,0.3370364009342522,-1.0971508968177477,,False,True
2026-01-28,IREX,VAL,0.335835545569393,0.3947955016277457,-1.0448398866141733,,False,False
2026-01-28,LUNL,VAL,0.3668666566012267,0.47219478473576015,2.0,,False,False
2026-01-28,LUNR,VAL,0.25824603795613116,0.2830898634364113,2.0,,False,False
2026-01-28,OKLL,VAL,0.3720434395805946,0.4747125734385225,-1.092019100000001,,False,False
2026-01-28,OKLO,VAL,0.2722294672290934,0.40457075839960677,-1.0997982222222225,,False,False
2026-01-28,SANM,VAL,0.42425401554134745,0.3611732927143576,-0.24359383206107,,True,False
2026-01-28,SMST,VAL,0.38695440511511264,0.37983244523082266,-1.489644430258527,,False,False
2026-01-28,UUUG,VAL,0.2417581112740913,0.3818649126395008,-2.033259200000001,,False,False
2026-01-28,UUUU,VAL,0.3187204638417455,0.3228547530931889,-1.1015715096774186,,False,False
2026-01-28,VSAT,VAL,0.2761407440382569,0.288536962251442,-1.1155843265306131,,False,False
2026-01-29,CLMT,VAL,0.3504924910939546,0.3951860773588933,-1.1116513333333324,,False,False
2026-01-29,CMCSA,VAL,0.14154777961000004,0.03233710108061172,2.0,,False,True
2026-01-29,CONI,VAL,0.4355507269336399,0.34508452292476055,2.0,,True,False
2026-01-29,CTRN,VAL,0.42786166515738416,0.27098265172208785,-1.0727428251748257,,True,False
2026-01-29,ETHD,VAL,0.3668490059553585,0.23367460542903723,-1.080337237333333,,False,False
2026-01-29,EVMN,VAL,0.6348421850831903,0.7501479848507293,2.0,,True,False
2026-01-29,FEIM,VAL,0.4404752541609881,0.4586142928201843,-1.0410353927710845,,True,False
2026-01-29,HOOZ,VAL,0.10018510087573902,0.20766356656382087,0.6552114035087754,,False,True
2026-01-29,IONZ,VAL,0.5312569554851853,0.5717355228699107,-1.0592569518987345,,True,False
2026-01-29,LUV,VAL,0.22542832528655243,0.2222155565867263,-1.109190528,,False,False
2026-01-29,MBIN,VAL,0.3317934686894743,0.23423810725129307,0.8083229824561399,,False,False
2026-01-29,OLMA,VAL,0.5544415411600291,0.3926624073106112,-1.101299462295082,,True,False
2026-01-29,PLTZ,VAL,0.15420508485530965,0.4115335826509824,-1.0924346046511628,,False,True
2026-01-29,PLXS,VAL,0.34478958771883883,0.5070712776571339,0.6865817077798885,,False,False
2026-01-29,PRE,VAL,0.5838419289271557,0.5562603003576696,-0.5994700000000028,,True,False
2026-01-29,SBIT,VAL,0.3025386198453171,0.2833538069894294,2.0,,False,False
2026-01-29,SEI,VAL,0.25422548322949295,0.31800326659234057,-1.1106496793388436,,False,False
2026-01-29,SMG,VAL,0.31690020778419725,0.22500918328575925,-1.0491358977635783,,False,False
2026-01-29,SMST,VAL,0.36448761134471974,0.45008097705708056,2.0,,False,False
2026-01-29,TSLQ,VAL,0.458640082437953,0.4428949949150704,-1.0841061714285711,,True,False
2026-01-29,UVXY,VAL,0.5415460407046764,0.4043752816538085,-1.039230832657306,,True,False
2026-01-29,VIXY,VAL,0.24599531307193595,0.3603619486740175,-1.071381193442623,,False,False
2026-01-29,VXX,VAL,0.20168379468785871,0.3641941556948784,-1.067414528,,False,True
2026-01-30,ACMR,VAL,0.22470325763651428,0.3212087581462006,-1.065364372277228,,False,False
2026-01-30,AEHR,VAL,0.3453258455120111,0.4756485685108114,-1.0346271657754011,,False,False
2026-01-30,AGQ,VAL,0.3845672392050316,0.009716555490869147,-1.0307360145586897,,False,False
2026-01-30,ARCB,VAL,0.3183509092833907,0.2965487907135631,2.0,,False,False
2026-01-30,AXTI,VAL,0.45152744529534256,0.32472830044772827,-1.0511431652173913,,True,False
2026-01-30,BEPC,VAL,0.33583666615810676,0.39725636243246665,-1.0839970711864413,,False,False
2026-01-30,BEX,VAL,0.3415017493936383,0.45244072620018355,-1.0460404507343122,,False,False
2026-01-30,BOIL,VAL,0.37970202989380875,0.5854391159722827,-1.0459344408040805,,False,False
2026-01-30,CORT,VAL,0.20381057626646504,0.20058326098924598,0.0965918382352954,,False,True
2026-01-30,CVLG,VAL,0.4295114825961706,0.2940834676527279,-1.071729676190476,,True,False
2026-01-30,DXYZ,VAL,0.09682643932944089,0.2951451115771989,-1.0417036606060608,,False,True
2026-01-30,ELVN,VAL,0.4012189562522748,0.5132371866472776,-0.2026248333333333,,False,False
2026-01-30,FLNC,VAL,0.26025005580999927,0.2581480915760155,-1.0418157866666666,,False,False
2026-01-30,FN,VAL,0.3855053718841363,0.22293070306895071,-1.073567620853081,,False,False
2026-01-30,GSAT,VAL,0.4199150205399351,0.3204785879786857,-1.0342458273287043,,True,False
2026-01-30,HYMC,VAL,0.09522957676950614,0.13426727194729768,-1.0420958509274294,,False,True
2026-01-30,HZO,VAL,0.3281037259469371,0.24570712780495535,-1.1170170074074075,,False,False
2026-01-30,IONZ,VAL,0.48065983186192507,0.40359652905068016,2.0,,True,False
2026-01-30,IREZ,VAL,0.27599603643543047,0.5680137861597084,-1.0420957142857143,,False,False
2026-01-30,LBRDK,VAL,0.26703184082092574,0.40088149161305403,-1.1044826285714295,,False,False
2026-01-30,LUNR,VAL,0.09260641058362186,0.2172398456923355,-1.0492184470588235,,False,True
2026-01-30,MSTR,VAL,0.6792645455433927,0.6725345480023486,2.0,,True,False
2026-01-30,MSTY,VAL,0.5393361546189175,0.6490022185362216,0.7168691803278728,,True,False
2026-01-30,NKTR,VAL,0.38130145468369636,0.3517375289180647,-1.069958114748784,,False,False
2026-01-30,PAAS,VAL,0.3203650522357649,0.4875507699821526,-1.1129198255997426,,False,False
2026-01-30,RGTZ,VAL,0.2914166436293759,0.4076057725152342,2.0,,False,False
2026-01-30,RKLX,VAL,0.19275835852497217,0.2616032710420906,-1.0303594127472528,,False,True
2026-01-30,SEI,VAL,0.33624864699952217,0.3277072211689714,-1.0652819030268088,,False,False
2026-01-30,SITM,VAL,0.3321743651255754,0.2906105434512576,-1.0711377948717948,,False,False
2026-01-30,TSLT,VAL,0.436669795113971,0.4359648336371242,-1.1114179692307686,,True,False
2026-01-30,TTMI,VAL,0.3931760043635866,0.40788908018648173,-1.0413718841186737,,False,False
2026-01-30,USAR,VAL,0.13245568324791598,0.44454713968217163,-1.0560055843137253,,False,True
2026-01-30,UUUG,VAL,0.1994738088615264,0.14294660279189195,-1.0326819047619047,,False,True
2026-01-30,VSAT,VAL,0.13525412343650567,0.3323105434397294,-1.049128800208714,,False,True
2026-02-02,AAOI,VAL,0.4605510038309686,0.34159133541382763,-1.0362566013422818,,True,False
2026-02-02,ACMR,VAL,0.4296198962572962,0.32495911016408374,0.8956411578947305,,True,False
2026-02-02,AMD,VAL,0.3488497880693168,0.39601248384423393,-1.1153421732283455,,False,False
2026-02-02,AMDW,VAL,0.3361169206952692,0.3436698475733257,2.0,,False,False
2026-02-02,AMZU,VAL,0.40908953620931293,0.4167399381135317,-1.118398919480518,,True,False
2026-02-02,ANAB,VAL,0.3439637688186741,0.38030284984553814,2.0,,False,False
2026-02-02,APLX,VAL,0.41745149401778764,0.08175435946669822,-1.0715773942765872,,True,False
2026-02-02,ATEX,VAL,0.2376016451799923,0.45818927117932634,-1.3959360000000045,,False,False
2026-02-02,AXTI,VAL,0.5849229878766379,0.30392973507877785,2.0,,True,False
2026-02-02,BIOA,VAL,0.4109024015322416,0.39951305221127154,2.0,,True,False
2026-02-02,BRZE,VAL,0.505338262694574,0.30088083875694377,-1.1177323636363623,,True,False
2026-02-02,CABO,VAL,0.35985487746519074,0.28023974603718543,-1.2139255384615315,,False,False
2026-02-02,CCOI,VAL,0.33820891532810965,0.3048824927337398,-1.0985223894459113,,False,False
2026-02-02,CIEN,VAL,0.4090805483597583,0.28119040854768357,0.6434032683486245,,True,False
2026-02-02,CIFU,VAL,0.45596003290212717,0.33386567779056064,-1.0375016216216215,,True,False
2026-02-02,CNXC,VAL,0.30571165914929777,0.2652985845462651,-1.1551569860465,,False,False
2026-02-02,COHR,VAL,0.4077317211497533,0.5027832603163299,-1.08018557564688,,True,False
2026-02-02,CORD,VAL,0.08732693751520484,0.2733435489585725,-1.0792018672890962,,False,True
2026-02-02,CVLG,VAL,0.3936029219347045,0.3514644469540388,2.0,,False,False
2026-02-02,CVNA,VAL,0.24438814945673332,0.4728732588606866,-1.08164023394958,,False,False
2026-02-02,DAKT,VAL,0.3292105397142606,0.3266668315983578,-1.1133418487394957,,False,False
2026-02-02,DAVE,VAL,0.5828843644192624,0.2982405634883139,2.0,,True,False
2026-02-02,DNLI,VAL,0.22324146596044472,0.2973173261616308,0.2544725757575776,,False,True
2026-02-02,DOCN,VAL,0.2886527558016761,0.30685849637247503,-1.1176313379310334,,False,False
2026-02-02,ENVA,VAL,0.6112465696770473,0.4409419418650876,-0.0208404429628798,,True,False
2026-02-02,ETHT,VAL,0.3696734077728896,0.43838362386100865,-1.0705019733333334,,False,False
2026-02-02,ETHU,VAL,0.40963242814963025,0.42950608099886634,-1.059131441863297,,True,False
2026-02-02,GGLL,VAL,0.5414702858302928,0.441772184501038,-1.1294124107071437,,True,False
2026-02-02,GLL,VAL,0.5272071677386357,0.3649988599538277,-1.071702560044457,,True,False
2026-02-02,GME,VAL,0.30671893438658526,0.36435930187154625,0.3482234831460665,,False,False
2026-02-02,INBX,VAL,0.5024764622616749,0.25799744774538746,-1.6997307999999915,,True,False
2026-02-02,INTC,VAL,0.4010522203503416,0.49490584973367396,2.0,,False,False
2026-02-02,INTW,VAL,0.24523460677166128,0.456644106901093,2.0,,False,False
2026-02-02,IONZ,VAL,0.47659970570854615,0.4292803852691492,2.0,,True,False
2026-02-02,KGC,VAL,0.2597296425046625,0.18058530236423298,-1.0451349629241575,,False,False
2026-02-02,KOLD,VAL,0.453971330115224,0.16832788782811417,2.0,,True,False
2026-02-02,LABU,VAL,0.4210929293523557,0.46542567931787215,-1.1268836759371132,,True,False
2026-02-02,LASR,VAL,0.3857707727526949,0.45866629070866627,-1.0724602165114203,,False,False
2026-02-02,LITE,VAL,0.20461205479285913,0.36929978217429577,-1.0458982603636364,,False,True
2026-02-02,MAZE,VAL,0.5221200643469206,0.31499681498806364,-1.031206085549133,,True,False
2026-02-02,MOD,VAL,0.39144893424726096,0.35064711550802563,0.1016925752976881,,False,False
2026-02-02,MSTR,VAL,0.3531329308423373,0.10371334414005395,-1.0454679063829784,,False,False
2026-02-02,MTSI,VAL,0.29639265018319544,0.38235229617360056,-1.082663612785388,,False,False
2026-02-02,MU,VAL,0.5489288244523716,0.08066692567491944,0.4530431958762896,,True,False
2026-02-02,MULL,VAL,0.3101196494816755,0.3200338226159525,2.0,,False,False
2026-02-02,MUU,VAL,0.26383082385850654,0.28206525327772647,2.0,,False,False
2026-02-02,NSSC,VAL,0.4584487592643435,0.3826975096045119,-1.156991935999988,,True,False
2026-02-02,OLMA,VAL,0.13445168174346875,0.1739563199500312,2.0,,False,True
2026-02-02,PGC,VAL,0.5674232774500917,0.42571036538605683,-1.1241344,,True,False
2026-02-02,PI,VAL,0.24857297816908402,0.37675218795213394,-1.0821862461538456,,False,False
2026-02-02,PRE,VAL,0.10946810413379793,0.12907038483583672,-1.0839782857142854,,False,True
2026-02-02,RGTZ,VAL,0.33072512818627653,0.6869796934963022,-0.0649887719298272,,False,False
2026-02-02,RMBS,VAL,0.2770916833839415,0.28177389349370724,2.0,,False,False
2026-02-02,SAIA,VAL,0.391561008381227,0.43602778247241536,2.0,,False,False
2026-02-02,SLNO,VAL,0.20846542300203455,0.286776235594157,-1.0655365973333333,,False,True
2026-02-02,SMTC,VAL,0.2638118895034943,0.3418797010401408,2.0,,False,False
2026-02-02,SNDK,VAL,0.23884036525069754,0.06251381337309578,2.0,,False,False
2026-02-02,SNDX,VAL,0.2404700559755416,0.34736415293492345,-0.2042032812500044,,False,False
2026-02-02,SOXL,VAL,0.59461689929546,0.2954287883165821,0.4222859361702124,,True,False
2026-02-02,STX,VAL,0.3060071290577957,0.541894781045664,-1.0937196221402212,,False,False
2026-02-02,TECX,VAL,0.33849623775324006,0.2806501162272029,2.0,,False,False
2026-02-02,TER,VAL,0.392337102629992,0.4725464742459021,-1.1186570498023716,,False,False
2026-02-02,TTMI,VAL,0.4442422222567196,0.36554304548449534,-1.039305248,,True,False
2026-02-02,TWST,VAL,0.3769134461973958,0.39668623958918364,-1.0516300335877862,,False,False
2026-02-02,VIAV,VAL,0.22396864408976513,0.3629410356229533,-0.0327721649484522,,False,False
2026-02-02,VSAT,VAL,0.17315600484757773,0.26968732359753317,-1.0556148705690391,,False,True
2026-02-02,WDC,VAL,0.3470806384195409,0.3132883322677241,2.0,,False,False
2026-02-02,XOMA,VAL,0.23397640111030926,0.4532627583014659,-1.1321408,,False,False
2026-02-02,XPO,VAL,0.4115442439905807,0.3249105167116429,2.0,,True,False
2026-02-03,AAP,VAL,0.4813908734751806,0.2893682172815255,-1.100522610413168,,True,False
2026-02-03,ADM,VAL,0.2028269205973044,0.3771655822721367,2.0,,False,True
2026-02-03,ALK,VAL,0.352613965191447,0.2598228566008827,-1.0789357879518071,,False,False
2026-02-03,APLX,VAL,0.3728093223874905,0.3311944900996167,-1.1832666414474873,,False,False
2026-02-03,ASTS,VAL,0.5386193353733013,0.24529935650438162,-1.058005319389978,,True,False
2026-02-03,BCC,VAL,0.29881153854358816,0.2029355751365448,-1.1072229726315783,,False,False
2026-02-03,BETR,VAL,0.3018533832134167,0.16508807137392909,-1.0786018501046757,,False,False
2026-02-03,BKSY,VAL,0.5384051632954104,0.3657301725682692,-1.066151325301205,,True,False
2026-02-03,BLD,VAL,0.4264254831181554,0.5296923540227767,-1.1530984583941584,,True,False
2026-02-03,BLDR,VAL,0.13276735741017526,0.23345373070200487,-1.0567404674509804,,False,True
2026-02-03,BLTE,VAL,0.2659652898086725,0.2508032478320789,-1.0975025375565608,,False,False
2026-02-03,BMNZ,VAL,0.4834811864948007,0.48909314271370596,-1.0461817882352942,,True,False
2026-02-03,BOIL,VAL,0.20552455685551776,0.17969808318873917,-1.086103834482759,,False,True
2026-02-03,BWIN,VAL,0.34289197047517894,0.2581884115988618,-1.3805966080000012,,False,False
2026-02-03,BZH,VAL,0.5229513648393256,0.4605727451644667,-1.0585890752688172,,True,False
2026-02-03,CCS,VAL,0.45619582823402277,0.33979681527175293,-1.0528617643835614,,True,False
2026-02-03,CE,VAL,0.43084561259588383,0.39871472975129024,-1.0696614999999978,,True,False
2026-02-03,CONI,VAL,0.5300385339937934,0.27769561689433825,-1.0967143182829069,,True,False
2026-02-03,CORD,VAL,0.3566686122843853,0.5629564822087528,-1.0656479999999997,,False,False
2026-02-03,CRCD,VAL,0.45497736577226366,0.3229985461293576,2.0,,True,False
2026-02-03,CRS,VAL,0.45107396436352915,0.44258800317874514,-0.3252199181669428,,True,False
2026-02-03,CVCO,VAL,0.5115715721882725,0.6405474243673226,-1.312087238231303,,True,False
2026-02-03,DHI,VAL,0.464872404490163,0.36056457854824303,-1.0667808349090908,,True,False
2026-02-03,DOW,VAL,0.28228975980953275,0.20924829659353875,2.0,,False,False
2026-02-03,ETHD,VAL,0.3771367288553532,0.22683196760697016,2.0,,False,False
2026-02-03,ETN,VAL,0.49831531365668696,0.46306745656757925,-1.0801699493061985,,True,False
2026-02-03,EXP,VAL,0.33726202237913794,0.40781155133074387,-1.0860177263157895,,False,False
2026-02-03,FBIN,VAL,0.5603539273437482,0.2853661832589717,-1.0766668836158193,,True,False
2026-02-03,FND,VAL,0.2281040591527306,0.3221314634607745,-1.0369147927272728,,False,False
2026-02-03,HLNE,VAL,0.4347989985235264,0.29852711245037655,-1.0703496195121958,,True,False
2026-02-03,HOOZ,VAL,0.3186084001778853,0.3037480206811431,-1.2409068152098788,,False,False
2026-02-03,IBP,VAL,0.4726547634714377,0.3229743784120017,-1.036730355167095,,True,False
2026-02-03,IONZ,VAL,0.28386286904635694,0.4354990615054251,-1.0338803902166318,,False,False
2026-02-03,IPGP,VAL,0.5319533377334982,0.19337250662870545,-1.0576770809756098,,True,False
2026-02-03,ITB,VAL,0.4705838689780497,0.33896342104595867,-1.0780997530864196,,True,False
2026-02-03,KBH,VAL,0.551499113454435,0.39919361380585566,-1.0574286569105693,,True,False
2026-02-03,LEN,VAL,0.5853053636580212,0.4839527790857636,-0.7196301262916195,,True,False
2026-02-03,LGIH,VAL,0.7082593377490548,0.43236830677771626,-1.0381073276073618,,True,False
2026-02-03,LPX,VAL,0.4728495997726765,0.24192010526057384,-1.1737317241379306,,True,False
2026-02-03,LYB,VAL,0.16803116243865718,0.2769004238229744,0.508473020833332,,False,True
2026-02-03,METC,VAL,0.2905060786286497,0.22490916909224296,-1.1198407887775572,,False,False
2026-02-03,MHK,VAL,0.5056978343384382,0.2592537688284233,-1.0979979613494923,,True,False
2026-02-03,MSTZ,VAL,0.5079168471406252,0.3516413153220815,2.0,,True,False
2026-02-03,NNE,VAL,0.39236368410755157,0.23826114457488518,-1.0930065684210528,,False,False
2026-02-03,OLN,VAL,0.19625455832329905,0.31294740675424587,-1.0715845894736835,,False,True
2026-02-03,PHM,VAL,0.758980800623271,0.5086140656339238,-1.0482090389610388,,True,False
2026-02-03,PSIX,VAL,0.3825268958572721,0.4390108008654233,-1.0661314293906812,,False,False
2026-02-03,QURE,VAL,0.20042439110636465,0.228482274382672,2.0,,False,True
2026-02-03,RGTZ,VAL,0.3111840709956495,0.43272118099047957,-1.0394772148148148,,False,False
2026-02-03,RH,VAL,0.31849639210088265,0.18446399948685338,-1.0703761725367784,,False,False
2026-02-03,SBIT,VAL,0.26916048369141454,0.3063531092252238,2.0,,False,False
2026-02-03,SMST,VAL,0.5810059916723374,0.5041020089697346,-1.07105098224852,,True,False
2026-02-03,SQQQ,VAL,0.3054234807625357,0.35943951191861906,-1.0838270693465222,,False,False
2026-02-03,SRRK,VAL,0.2678675977265287,0.1854302203320934,-1.116901184,,False,False
2026-02-03,SSG,VAL,0.41804386332406385,0.3971847156710651,2.0,,True,False
2026-02-03,TECX,VAL,0.1294847695235003,0.19522452737704704,-1.0641572327897368,,False,True
2026-02-03,TERN,VAL,0.4440419973038147,0.3962963410140627,-1.1210247578947383,,True,False
2026-02-03,TMHC,VAL,0.39526548156915386,0.30751465052107263,-1.0902499683453213,,False,False
2026-02-03,TOL,VAL,0.49774983543529955,0.39425616034874494,-1.041044792555383,,True,False
2026-02-03,TPH,VAL,0.5436424664208906,0.35738408725971155,-1.056213654794521,,True,False
2026-02-03,USAR,VAL,0.31096389122214985,0.3010730949504423,-1.049896393442623,,False,False
2026-02-03,USAX,VAL,0.2405163936772863,0.05994860745839029,-1.153240598639457,,False,False
2026-02-03,UUUU,VAL,0.2330581266410426,0.09271535843122365,2.0,,False,False
2026-02-03,UVXY,VAL,0.466305061664175,0.5568801217606846,-0.4936843317972346,,True,False
2026-02-03,VSCO,VAL,0.32221781768237057,0.3763380524773757,2.0,,False,False
2026-02-03,WDC,VAL,0.2883626565676807,0.22149535815667226,-1.0445352412609537,,False,False
2026-02-03,WHR,VAL,0.41064700880341976,0.3053730592348351,0.3545328443113867,,True,False
2026-02-03,WLK,VAL,0.7977347528161596,0.35479347981046233,1.132659887955192,,True,False
2026-02-04,ACT,VAL,0.16844676070039105,0.2219548211941315,-1.0954880000000005,,False,True
2026-02-04,ADNT,VAL,0.19374686049562045,0.295983915615247,-1.0762936216216217,,False,True
2026-02-04,ALGT,VAL,0.2714348461927767,0.2884688752801887,-1.1241837983914262,,False,False
2026-02-04,APLZ,VAL,0.5788301542012022,0.5755425730458196,2.0,,True,False
2026-02-04,AXTI,VAL,0.34034893829198715,0.28226597169219797,-1.0377108405797102,,False,False
2026-02-04,BAX,VAL,0.21229260679501796,0.3162156285354542,0.7228832499999982,,False,True
2026-02-04,BMNZ,VAL,0.26089165220485355,0.33123574600201033,-1.0951819487179495,,False,False
2026-02-04,BSY,VAL,0.298664149398604,0.3363406918233145,-1.1033021013333333,,False,False
2026-02-04,CAVA,VAL,0.21219167528584756,0.2848238000159613,2.0,,False,True
2026-02-04,CBT,VAL,0.3574359611614885,0.21432920393551966,-0.7617190756302521,,False,False
2026-02-04,CDW,VAL,0.4478472904436471,0.4179220209017438,-1.0924806614525144,,True,False
2026-02-04,CE,VAL,0.2409566437625436,0.30302926817510906,2.0,,False,False
2026-02-04,CORD,VAL,0.16645780611637379,0.220874103243196,-1.117980728888888,,False,True
2026-02-04,CRCD,VAL,0.1823747690777482,0.1539205110003162,-1.0771040989690717,,False,True
2026-02-04,CSW,VAL,0.3170093208688531,0.3428659330759644,-1.117550348387096,,False,False
2026-02-04,CTSH,VAL,0.21190597079309434,0.20048401849518185,-1.1065724257309957,,False,True
2026-02-04,CZR,VAL,0.29200440166107444,0.3132982175639531,-1.0905078068965508,,False,False
2026-02-04,DAMD,VAL,0.16411493616768366,0.35399647160578995,-1.0920227096774189,,False,True
2026-02-04,ETHD,VAL,0.2075604931151543,0.25077993017637196,-1.0455988981132074,,False,True
2026-02-04,GEHC,VAL,0.24688939891652914,0.21931962419676823,-1.0899431854545458,,False,False
2026-02-04,HOOZ,VAL,0.21326289110410024,0.3128251057136966,-1.1358155932203418,,False,True
2026-02-04,HOV,VAL,0.454058182136103,0.2601166771224607,-1.1008218872286517,,True,False
2026-02-04,HPQ,VAL,0.2432627839263212,0.24396346170839064,-1.1275581473684202,,False,False
2026-02-04,HRI,VAL,0.26401410456853297,0.19209508242719292,1.3458635438596518,,False,False
2026-02-04,IP,VAL,0.22112958428959983,0.32542585792187645,-1.122007871264369,,False,True
2026-02-04,IREZ,VAL,0.21215355488423346,0.45050124373783146,-1.029816128,,False,True
2026-02-04,KD,VAL,0.2827149272994557,0.4218669244441696,0.9665515217391478,,False,False
2026-02-04,MNDY,VAL,0.26288126368360026,0.28565288001085487,2.0,,False,False
2026-02-04,MSTZ,VAL,0.24755814037577104,0.40975416520088787,-1.043772193103448,,False,False
2026-02-04,NAIL,VAL,0.15397235244411417,0.2874168063306646,2.0,,False,True
2026-02-04,NTNX,VAL,0.17893534108211429,0.3357185712479438,0.8319974390243886,,False,True
2026-02-04,ODFL,VAL,0.25691539417402026,0.3028120354366789,-1.1157675834549874,,False,False
2026-02-04,OILU,VAL,0.5312535407809018,0.600838752999857,0.4125466762500003,,True,False
2026-02-04,OLN,VAL,0.27948015738721793,0.26566141135599786,2.0,,False,False
2026-02-04,PCOR,VAL,0.23924326039367275,0.22725671040738105,-1.100454916129033,,False,False
2026-02-04,PLTZ,VAL,0.31254920007440606,0.4441391193530263,2.0,,False,False
2026-02-04,REYN,VAL,0.16893948502209905,0.28403768236188387,-1.0705662072289155,,False,True
2026-02-04,RGTZ,VAL,0.15094047968771646,0.23874552139552627,2.0,,False,True
2026-02-04,RMBS,VAL,0.4570252256914171,0.343251188495367,-1.0435221925925926,,True,False
2026-02-04,RNG,VAL,0.24390520123098244,0.39648129398588516,-1.08188096,,False,False
2026-02-04,RUN,VAL,0.08701868976410758,0.1731960901807347,-1.0335250887067646,,False,True
2026-02-04,SAIA,VAL,0.36657463942743257,0.3134799727093941,2.0,,False,False
2026-02-04,SBIT,VAL,0.45333251748792297,0.34314031803315836,-1.1127171221164702,,True,False
2026-02-04,SMST,VAL,0.42922304349353724,0.4066697853177424,2.0,,True,False
2026-02-04,SQQQ,VAL,0.2803630510123631,0.5220426564115271,-1.1110978077922085,,False,False
2026-02-04,SRTY,VAL,0.4663282131765291,0.4514260478706382,2.0,,True,False
2026-02-04,SSG,VAL,0.4653810397889997,0.4571852138785298,2.0,,True,False
2026-02-04,SYNA,VAL,0.44133209753451824,0.36102569262242845,-1.0412523256916997,,True,False
2026-02-04,TEAM,VAL,0.25859976512705835,0.25779398717220414,-1.0327030998709676,,False,False
2026-02-04,TKR,VAL,0.2866631694473152,0.2126092435977054,-1.0523203587443946,,False,False
2026-02-04,TSLQ,VAL,0.16735067443837176,0.3486565464803536,2.0,,False,True
2026-02-04,UCO,VAL,0.5896093783189721,0.691271027146142,-1.0597955096774194,,True,False
2026-02-04,URI,VAL,0.25114767520181097,0.5981134884156943,0.806353448589632,,False,False
2026-02-04,UVXY,VAL,0.483777266974925,0.4062865751370418,-1.0912995050709935,,True,False
2026-02-04,VITL,VAL,0.3384176501759865,0.42068674896995467,-1.0683584666666666,,False,False
2026-02-04,VIXY,VAL,0.696427462294639,0.8201833891348916,-1.0520563612903224,,True,False
2026-02-04,VSH,VAL,0.20591490521495678,0.3252406573082172,-1.0469823695238094,,False,True
2026-02-04,VVV,VAL,0.22313925316882094,0.2684031815073726,-1.1036394146341473,,False,True
2026-02-04,VXX,VAL,0.5582375424220744,0.7543326632463828,-1.0489974643329902,,True,False
2026-02-04,WDAY,VAL,0.27586496824646994,0.36122061329918836,1.0667489224137774,,False,False
2026-02-04,WLK,VAL,0.20605119707269057,0.24499840172780282,-1.1199104165803104,,False,True
2026-02-04,WSC,VAL,0.10041037725112761,0.16138179992714335,-1.0721157425605532,,False,True
2026-02-04,ZBRA,VAL,0.41688965278517237,0.3333650245648829,-1.0497004347975882,,True,False
2026-02-05,AGQ,VAL,0.18800172886501285,0.22552863139117454,-1.032653240592056,,False,True
2026-02-05,APLX,VAL,0.330185245961607,0.15371608715314383,-1.0340347917695474,,False,False
2026-02-05,ARM,VAL,0.4615900570923921,0.4051269521385628,-1.099309301492537,,True,False
2026-02-05,AROC,VAL,0.6807288294685131,0.4157648778863973,-1.077207073684211,,True,False
2026-02-05,ASTX,VAL,0.1983337785286852,0.09843820609916229,-1.0425367147356208,,False,True
2026-02-05,AVGX,VAL,0.48244402387096047,0.5116613212551382,-1.0642408050040797,,True,False
2026-02-05,AVL,VAL,0.48649397349059054,0.7090568375945207,-1.0529045103300367,,True,False
2026-02-05,AXTI,VAL,0.5187029209249893,0.18366519800657072,-1.080517423728813,,True,False
2026-02-05,BIOA,VAL,0.3991793541405737,0.31252247745815637,-1.04965376,,False,False
2026-02-05,BLBD,VAL,0.35823981453330045,0.4021323555438808,0.1170300220750594,,False,False
2026-02-05,BMNZ,VAL,0.4432670958576316,0.34892373865651294,-1.048659093333333,,True,False
2026-02-05,CALX,VAL,0.39951884742110816,0.43580189014974485,-1.079830776470588,,False,False
2026-02-05,CBZ,VAL,0.28725854601522716,0.25924192680789654,-1.0850290118721462,,False,False
2026-02-05,CENTA,VAL,0.18979882073278292,0.2190693131720961,-1.0599921723076924,,False,True
2026-02-05,CIEN,VAL,0.5008905261770111,0.48520841957940825,-1.0503830059800665,,True,False
2026-02-05,CLS,VAL,0.3151520220120766,0.5473615718546762,-1.050084696103896,,False,False
2026-02-05,COHR,VAL,0.3723945965031551,0.3670654453689577,-1.104696859250497,,False,False
2026-02-05,CONI,VAL,0.507838683177452,0.44357055613097557,-1.1880049887594994,,True,False
2026-02-05,CORD,VAL,0.45866945565784417,0.5039373279798975,-1.0509398378288928,,True,False
2026-02-05,CRCD,VAL,0.5581092837012777,0.4316715939670654,-1.2182423735311216,,True,False
2026-02-05,CRDO,VAL,0.4044141681822288,0.3655920889065104,-1.0709912881010837,,True,False
2026-02-05,DAMD,VAL,0.43722797897638976,0.44848650279687663,-1.5450259199999985,,True,False
2026-02-05,DK,VAL,0.47933195316873545,0.4843427065363897,-1.112065777777778,,True,False
2026-02-05,DRUG,VAL,0.6446847408075432,0.4323540441332276,-1.0425321266968326,,True,False
2026-02-05,ENR,VAL,0.08998875393291537,0.2540330895647559,-1.0684614857142851,,False,True
2026-02-05,ENSG,VAL,0.6135365219272314,0.2060496195840541,0.3246771284634736,,True,False
2026-02-05,ETHD,VAL,0.3170200070205843,0.46486780336274286,2.0,,False,False
2026-02-05,FIGR,VAL,0.24007466654914114,0.3687495169157713,-1.07559167518797,,False,False
2026-02-05,FN,VAL,0.36803220759556915,0.39049018592647633,-1.043864285775282,,False,False
2026-02-05,GEV,VAL,0.2913757501799116,0.5122064227016404,-1.0616923779483598,,False,False
2026-02-05,GFF,VAL,0.2845503959488918,0.19917208985099583,0.8683983888888855,,False,False
2026-02-05,GLW,VAL,0.38094704089805526,0.31092060198022203,-1.042736323127036,,False,False
2026-02-05,IDCC,VAL,0.34300887967449395,0.32532116275953826,2.0,,False,False
2026-02-05,INTC,VAL,0.7097329223924042,0.5470436532904918,-1.0550745056603772,,True,False
2026-02-05,IONZ,VAL,0.30752393924039934,0.4133592949273031,2.0,,False,False
2026-02-05,IREZ,VAL,0.1363482156085808,0.10295673651287773,-1.036029037037037,,False,True
2026-02-05,JKS,VAL,0.16579751714811297,0.29270569678544706,-1.3344491053665863,,False,True
2026-02-05,KLIC,VAL,0.25809998157035346,0.3271242979130934,-1.0462842859016397,,False,False
2026-02-05,KMPR,VAL,0.33365463751214436,0.17335218087536045,2.0,,False,False
2026-02-05,KORU,VAL,0.5253458574954878,0.4321971999573511,-1.0853598399999949,,True,False
2026-02-05,LASR,VAL,0.4013093088109131,0.31713736701695716,2.0,,False,False
2026-02-05,MRCY,VAL,0.5114428244651613,0.24379329460922364,-1.143898496703297,,True,False
2026-02-05,MTSI,VAL,0.18934666308844175,0.23573799203125,2.0,,False,True
2026-02-05,MU,VAL,0.6441160249207423,0.14560218316471848,-1.073360344694534,,True,False
2026-02-05,MUU,VAL,0.30695584287349525,0.30528948268381084,-1.0328842631921824,,False,False
2026-02-05,NTCT,VAL,0.2861475940195306,0.19690907248816736,-1.0753053090909095,,False,False
2026-02-05,NUGT,VAL,0.44147839479366235,0.5047390688206724,-1.0357358593406594,,True,False
2026-02-05,PLTZ,VAL,0.25405546527443756,0.41937584185661414,2.0,,False,False
2026-02-05,QGEN,VAL,0.2515520184961203,0.26457320556161973,-1.1152487111111111,,False,False
2026-02-05,RBC,VAL,0.6350811288369472,0.47362591433065937,-1.091444989910979,,True,False
2026-02-05,RGTZ,VAL,0.3026196696701267,0.24047047767600802,2.0,,False,False
2026-02-05,RKLX,VAL,0.2844432886209897,0.15922656436365148,-1.0292158954248367,,False,False
2026-02-05,RMBS,VAL,0.5375145471818535,0.5426714257944182,-1.0300701285347045,,True,False
2026-02-05,ROAD,VAL,0.4139806886919225,0.5725312527927934,2.0,,True,False
2026-02-05,SBIT,VAL,0.15786844772832095,0.30281621877709597,2.0,,False,True
2026-02-05,SKY,VAL,0.6710461334502118,0.36559228294323665,-1.0787397079365084,,True,False
2026-02-05,SNDK,VAL,0.29383554019152847,0.07826576640368409,-1.034507588850856,,False,False
2026-02-05,SOXL,VAL,0.5403926791779667,0.7474135077204408,-1.0343369686486483,,True,False
2026-02-05,TER,VAL,0.3017717558342654,0.31901730314661647,-1.065408092338309,,False,False
2026-02-05,TPG,VAL,0.3555970988727442,0.473465785382219,-1.0386682731707315,,False,False
2026-02-05,TSMG,VAL,0.2508063664605473,0.35964821575220773,-1.7294500045977037,,False,False
2026-02-05,TSMU,VAL,0.5033004525913398,0.31271177395454863,-1.4221311910739085,,True,False
2026-02-05,TSMX,VAL,0.5352590046551401,0.535853064669625,-1.1064467919408427,,True,False
2026-02-05,TTMI,VAL,0.23451614812361937,0.17707974246562047,-1.0353704745980707,,False,False
2026-02-05,TW,VAL,0.7135945537560323,0.4553165419214135,-1.1037050975206606,,True,False
2026-02-05,UI,VAL,0.6516015565508707,0.5534658397692855,0.4359142257318883,,True,False
2026-02-05,URGN,VAL,0.4894192544179975,0.5691325540835511,-1.074635105882353,,True,False
2026-02-05,UVXY,VAL,0.29171495082282684,0.26271679993127833,-1.0895417018181812,,False,False
2026-02-05,VIAV,VAL,0.4699536644679075,0.4932260341309734,-1.054694912687535,,True,False
2026-02-05,VICR,VAL,0.47209998335051784,0.310274828443107,-1.0358032256,,True,False
2026-02-05,WDC,VAL,0.4198464151118319,0.24699063073124114,-1.0531323668358712,,True,False
2026-02-05,WNTR,VAL,0.2313388787492422,0.3673605499746312,-1.1199151627906978,,False,False
2026-02-05,YOU,VAL,0.6381291477379034,0.3976780167490384,-1.0869471288888897,,True,False
2026-02-06,AAOI,VAL,0.3176958757977054,0.2897328818709434,2.0,,False,False
2026-02-06,AEHR,VAL,0.5262975689580665,0.47344498833799575,2.0,,True,False
2026-02-06,AG,VAL,0.4845911174339496,0.3954583779451012,-1.1257646829268304,,True,False
2026-02-06,AGQ,VAL,0.3322034341293208,0.2594014167227934,-1.096930571779141,,False,False
2026-02-06,ALAB,VAL,0.4933328910490549,0.3099223743605074,2.0,,True,False
2026-02-06,ALGT,VAL,0.36866228891764274,0.1912880479449834,2.0,,False,False
2026-02-06,AMDG,VAL,0.3363933761287601,0.5621492601205043,0.9953637447823516,,False,False
2026-02-06,AMDW,VAL,0.2140814815937128,0.30852958401673175,0.6973750980392059,,False,True
2026-02-06,AMKR,VAL,0.5902189841134232,0.3614727645626082,-1.0761968432432438,,True,False
2026-02-06,APLD,VAL,0.5700296668470675,0.37921872458125155,2.0,,True,False
2026-02-06,APLX,VAL,0.27115278094688666,0.09970676882595567,-1.06349952,,False,False
2026-02-06,ARM,VAL,0.5179218731945148,0.5802777656890198,2.0,,True,False
2026-02-06,ASTS,VAL,0.1446073006886598,0.2288439699950783,-1.098700045528455,,False,True
2026-02-06,ATEX,VAL,0.4174712312266272,0.3755813348871065,-1.2527561142857129,,True,False
2026-02-06,ATS,VAL,0.5890912168138965,0.4704571410578806,-1.1186669419354844,,True,False
2026-02-06,AVGG,VAL,0.3942695185034408,0.4635307401781881,-1.0518878188679244,,False,False
2026-02-06,AVGX,VAL,0.34925861919503925,0.3688094189948994,2.0,,False,False
2026-02-06,AVL,VAL,0.3448970039677483,0.3483505531084349,2.0,,False,False
2026-02-06,AXTI,VAL,0.36637554708319325,0.43777806686040405,-1.0669580487804875,,False,False
2026-02-06,BMNR,VAL,0.277192471456367,0.22483094211321925,-1.1286829837837846,,False,False
2026-02-06,BTU,VAL,0.37549945914646315,0.4875670739428872,0.2642439393939392,,False,False
2026-02-06,CDE,VAL,0.5757450854650612,0.20205280445120394,-1.0932334222222224,,True,False
2026-02-06,COHR,VAL,0.14699149147177626,0.3905503238247806,0.2199244255319193,,False,True
2026-02-06,CRCL,VAL,0.4213038569511365,0.2640328309959484,-1.0672194824961947,,True,False
2026-02-06,CRDO,VAL,0.635509936410812,0.5222419597651193,-1.0629762276454893,,True,False
2026-02-06,CRWV,VAL,0.4041797553908284,0.2727025645853793,2.0,,True,False
2026-02-06,CWVX,VAL,0.1618695025913774,0.1725159671895796,2.0,,False,True
2026-02-06,DK,VAL,0.43198239215038425,0.3793009903015488,-1.1849427287671186,,True,False
2026-02-06,EL,VAL,0.576604921852725,0.3535001961097701,-1.086918123741007,,True,False
2026-02-06,ELF,VAL,0.27145592415357234,0.2696262496435222,-1.058115219512195,,False,False
2026-02-06,ESE,VAL,0.4437348192677604,0.27978180089785626,-1.1166970060606067,,True,False
2026-02-06,ETHU,VAL,0.3634787518001714,0.15856706376805743,2.0,,False,False
2026-02-06,ETOR,VAL,0.40108879733830316,0.4435203876552184,0.9916244186046548,,False,False
2026-02-06,EXPO,VAL,0.350479671659316,0.18598242434838677,-1.094050808163265,,False,False
2026-02-06,EZPW,VAL,0.29621377920225467,0.22210226992896373,0.9810509803921692,,False,False
2026-02-06,FETH,VAL,0.4392952086071125,0.41941240537977903,-1.1253524590163937,,True,False
2026-02-06,FLS,VAL,0.2678003587421778,0.22654606836354554,2.0,,False,False
2026-02-06,FN,VAL,0.6426870468522066,0.645425804630811,1.1282118929016196,,True,False
2026-02-06,FORM,VAL,0.3457168240125271,0.3377281845038561,2.0,,False,False
2026-02-06,GDXU,VAL,0.34771535041060625,0.5902940045053652,-1.0750712927038624,,False,False
2026-02-06,GEN,VAL,0.22654619685065078,0.18806487967377333,-1.0751355897435897,,False,False
2026-02-06,GLUE,VAL,0.28378683464878224,0.3558970704968226,-1.0786690909090912,,False,False
2026-02-06,GRC,VAL,0.45572216847316666,0.34552909188416997,-1.0962164097995435,,True,False
2026-02-06,HNRG,VAL,0.5712039157983514,0.5312732673390875,-1.056851915598952,,True,False
2026-02-06,HOOD,VAL,0.3570981579545313,0.2828785052726557,-1.1127105328719735,,False,False
2026-02-06,HSAI,VAL,0.3623484609486566,0.3233280521667669,2.0,,False,False
2026-02-06,HTFL,VAL,0.7223496224185266,0.5120511951721788,0.4674730872741253,,True,False
2026-02-06,ICHR,VAL,0.49699869315795164,0.2679286703651873,2.0,,True,False
2026-02-06,INOD,VAL,0.4286381275048272,0.31973517609380314,0.4634929869758071,,True,False
2026-02-06,INTW,VAL,0.3519702268162487,0.47331214897368085,-1.0586621001438452,,False,False
2026-02-06,IONQ,VAL,0.3050520104473162,0.2025453970044695,2.0,,False,False
2026-02-06,IREN,VAL,0.4945463320240553,0.2974482481618724,-1.040737218410042,,True,False
2026-02-06,JNUG,VAL,0.48099019364770357,0.5361195635739203,-1.1076688410256403,,True,False
2026-02-06,KE,VAL,0.4690777472540753,0.3263328823607898,0.8004147676385697,,True,False
2026-02-06,KLIC,VAL,0.29020334625078487,0.4193597358987972,0.5181039712119365,,False,False
2026-02-06,KRUS,VAL,0.3057178542034684,0.2347312262888017,2.0,,False,False
2026-02-06,LEU,VAL,0.35103575245055,0.4490613388195088,-0.4509964556961941,,False,False
2026-02-06,LGN,VAL,0.27721059413725146,0.37555248972626226,-1.054780895522388,,False,False
2026-02-06,LINT,VAL,0.4497684995926644,0.43079604101489805,-1.197509084320561,,True,False
2026-02-06,MSTR,VAL,0.43017019899319964,0.5127444724506913,1.999999999999995,,True,False
2026-02-06,MSTY,VAL,0.5972053590567844,0.602035861252223,2.0,,True,False
2026-02-06,MULL,VAL,0.2842919371558762,0.4594954205874173,-1.3648215096774163,,False,False
2026-02-06,MUU,VAL,0.3550874191340199,0.4064189835548397,-1.0740327236749114,,False,False
2026-02-06,NEBX,VAL,0.3845270758545034,0.259956806957676,2.0,,False,False
2026-02-06,NUGT,VAL,0.4063707270392793,0.48515215658331856,-1.1131653670886077,,True,False
2026-02-06,NVDU,VAL,0.4062414178230769,0.416913554732048,-1.1012398362204727,,True,False
2026-02-06,NVTX,VAL,0.41619470789770274,0.35274147401718525,2.0,,True,False
2026-02-06,OKLO,VAL,0.2256583084528133,0.3061648644896104,2.0,,False,False
2026-02-06,ONDL,VAL,0.1634114897399735,0.014304666792399412,-1.0748611,,False,True
2026-02-06,PAHC,VAL,0.4845021440138236,0.4164108373932879,-1.0676331584470091,,True,False
2026-02-06,POWL,VAL,0.24014119841424492,0.3315647929103533,0.2203144962405981,,False,False
2026-02-06,PRLB,VAL,0.26028996863322607,0.24123516959909577,-1.1086872992700727,,False,False
2026-02-06,PSIX,VAL,0.3636792955998647,0.4764492183241659,2.0,,False,False
2026-02-06,QBTS,VAL,0.3025712571178613,0.2978487774732689,2.0,,False,False
2026-02-06,RKLX,VAL,0.23773424595157494,0.11137229874189689,-1.085795968,,False,False
2026-02-06,SEI,VAL,0.4979860699564159,0.46369355044964394,2.0,,True,False
2026-02-06,SHAK,VAL,0.6667168180519363,0.5195311344188512,-1.1111866819047622,,True,False
2026-02-06,SM,VAL,0.4003427284257078,0.5040941556779432,2.0,,False,False
2026-02-06,SMCI,VAL,0.2964411481004965,0.4619086450864815,2.0,,False,False
2026-02-06,SNCY,VAL,0.38930576367466635,0.437894042472069,2.0,,False,False
2026-02-06,SOXL,VAL,0.41977617554299684,0.27068622846554646,-1.03955734870317,,True,False
2026-02-06,STOK,VAL,0.21240424037985423,0.33222795004750805,-1.1216921107692297,,False,True
2026-02-06,STRL,VAL,0.48794660184461525,0.30875149107142197,-1.0434410025579384,,True,False
2026-02-06,TREE,VAL,0.22223026777594163,0.29182896729682356,-1.0725647589743588,,False,True
2026-02-06,TSEM,VAL,0.8050927380149482,0.6933204797691547,-1.0583135505703147,,True,False
2026-02-06,URGN,VAL,0.7214028114135758,0.5780433974145697,-1.0486621538461538,,True,False
2026-02-06,VICR,VAL,0.1667060334634852,0.22500832693659226,-0.6076629525862067,,False,True
2026-02-06,VRT,VAL,0.27392921215694843,0.3456760660634881,-1.1041139703703706,,False,False
2026-02-06,WULX,VAL,0.5289187801845003,0.1337752482121737,-1.0532046096977603,,True,False
2026-02-06,WW,VAL,0.3477909420940103,0.24815514387290877,2.0,,False,False
2026-02-06,XMTR,VAL,0.114168016331451,0.16972170853341145,2.0,,False,True
2026-02-06,XPO,VAL,0.37754735119407656,0.44672345313781175,2.0,,False,False
2026-02-06,Z,VAL,0.2543155606273202,0.2820851889046114,-1.0297049773755655,,False,False
2026-02-09,AAOI,VAL,0.10984597508635392,0.1355196083126793,2.0,,False,True
2026-02-09,ALAB,VAL,0.09910073616296637,0.3468930444366128,1.3764634948096803,,False,True
2026-02-09,AMUU,VAL,0.07915594218064124,0.268723512107041,2.0,,False,True
2026-02-09,APLD,VAL,0.18781607165074382,0.1699593633249023,2.0,,False,True
2026-02-09,APLX,VAL,0.11656371371030998,0.07670107558484186,2.0,,False,True
2026-02-09,APP,VAL,0.19853836694229476,0.31599502660535117,2.0,,False,True
2026-02-09,ASTS,VAL,0.11378611274200141,0.13034682237546863,-1.0408231895965323,,False,True
2026-02-09,ATEN,VAL,0.299122496724062,0.2686635455041619,-0.0010204545454403,,False,False
2026-02-09,AUGO,VAL,0.2119701803547164,0.4239901279952747,-1.0882384505263156,,False,True
2026-02-09,AVGG,VAL,0.30808665356287745,0.474679118625663,2.0,,False,False
2026-02-09,AVGU,VAL,0.15144754398859003,0.36537974672913387,-1.2243704888889066,,False,True
2026-02-09,AVGX,VAL,0.44847773571304533,0.3732434720202415,-1.065462799240025,,True,False
2026-02-09,AVL,VAL,0.6010461475059776,0.4322876608797622,2.0,,True,False
2026-02-09,BE,VAL,0.10359327362473246,0.1960217872765619,0.6614630407523487,,False,True
2026-02-09,BKSY,VAL,0.14510636365276716,0.2807498791910277,2.0,,False,True
2026-02-09,BMNR,VAL,0.22369724645317543,0.3392100728066452,2.0,,False,False
2026-02-09,CALX,VAL,0.1664078858876167,0.2849435454147184,-1.1189550285714296,,False,True
2026-02-09,CCOI,VAL,0.15733033123938048,0.4959915434675861,-1.1605536000000063,,False,True
2026-02-09,CIEN,VAL,0.12919578516525393,0.4498640580916738,2.0,,False,True
2026-02-09,COHR,VAL,0.12501797623956823,0.3846244276908946,2.0,,False,True
2026-02-09,CRCL,VAL,0.25516226798096303,0.3278885955119648,1.2515789578957834,,False,False
2026-02-09,CRDO,VAL,0.0870520056431644,0.19365957693221145,-1.0909492297734626,,False,True
2026-02-09,CRWV,VAL,0.06581780325296527,0.14567300198243882,0.7410896351048558,,False,True
2026-02-09,CWVX,VAL,0.1834474868153233,0.33133206240285623,0.7675266101694959,,False,True
2026-02-09,DQ,VAL,0.33119384523119283,0.27716998901569945,2.0,,False,False
2026-02-09,ETH,VAL,0.2839621546389371,0.3761932456696621,-0.0569080392156903,,False,False
2026-02-09,ETHU,VAL,0.2734678553358983,0.25894574731538644,2.0,,False,False
2026-02-09,FBL,VAL,0.33613828929752804,0.3997676657436244,-1.1166217411764694,,False,False
2026-02-09,FETH,VAL,0.38894493563882626,0.5147459518219438,-0.00220653846154,,False,False
2026-02-09,FLNC,VAL,0.35814954142084027,0.24078788115662125,-1.0711706268656722,,False,False
2026-02-09,FORM,VAL,0.1616598230574521,0.32796493684281786,2.0,,False,True
2026-02-09,FROG,VAL,0.2599526369147715,0.3765031007607604,-1.100263994655978,,False,False
2026-02-09,GDXU,VAL,0.11045037541006103,0.4001939172834925,2.0,,False,True
2026-02-09,GEVX,VAL,0.3051860984852088,0.3629508831069538,0.1365374193548371,,False,False
2026-02-09,GLW,VAL,0.16582115568639513,0.35722312228775294,-1.1149062686567162,,False,True
2026-02-09,GLXY,VAL,0.15563032291774434,0.23898543607603862,2.0,,False,True
2026-02-09,GOLD,VAL,0.2553715026057054,0.34177261624386357,2.0000000000000084,,False,False
2026-02-09,HUT,VAL,0.3113456557003617,0.20151706615609813,-1.0909622666666658,,False,False
2026-02-09,ICHR,VAL,0.16446751563106263,0.47636302989756957,0.3237083333333299,,False,True
2026-02-09,IESC,VAL,0.1899911480545113,0.3461563679241705,-1.1145643407877863,,False,True
2026-02-09,IREN,VAL,0.19408093841782295,0.37572580921813004,2.0,,False,True
2026-02-09,LEU,VAL,0.1015877921787333,0.33782239794557356,-1.0905727801298348,,False,True
2026-02-09,LITE,VAL,0.10552819772546078,0.2484061587869438,-1.0521269613871216,,False,True
2026-02-09,LITX,VAL,0.34143657427282786,0.5215429688865982,2.0,,False,False
2026-02-09,LUNR,VAL,0.5201982071470458,0.469962698729586,-1.0544892279069769,,True,False
2026-02-09,METU,VAL,0.4008578989128545,0.44712861595282716,-1.1222321,,False,False
2026-02-09,MSTR,VAL,0.25522796763306616,0.4275599413503821,-1.108413806945728,,False,False
2026-02-09,MULL,VAL,0.43491016176759484,0.3852215741410905,-1.175718281481483,,True,False
2026-02-09,MUU,VAL,0.1715689107897345,0.3323528968522834,-1.0916366506666666,,False,True
2026-02-09,NBIS,VAL,0.493434435302065,0.48504061709820107,1.2441497674418602,,True,False
2026-02-09,NEBX,VAL,0.1411113699073426,0.276083875159597,2.0,,False,True
2026-02-09,NVDU,VAL,0.4281155448815191,0.4077795021576496,-0.8987378705083631,,True,False
2026-02-09,OKLO,VAL,0.15030516164060068,0.1712693596387704,1.4714094666666673,,False,True
2026-02-09,OUST,VAL,0.3711537229192729,0.392547229728967,2.0,,False,False
2026-02-09,PL,VAL,0.14363369553041527,0.19331680046303892,2.0,,False,True
2026-02-09,PLTU,VAL,0.1059327697526148,0.28356940435828704,-1.0704058222222224,,False,True
2026-02-09,PRE,VAL,0.2135957802579769,0.43586822777519985,-1.1243856842105278,,False,True
2026-02-09,PSIX,VAL,0.2525369540334882,0.2561712258629439,2.0,,False,False
2026-02-09,PWP,VAL,0.19152685422333401,0.22816455118179535,-1.0626639999999998,,False,True
2026-02-09,RBLX,VAL,0.6646019803616366,0.46098863811870067,-1.0735174926406923,,True,False
2026-02-09,RKLB,VAL,0.15145702505247688,0.23884898187124753,-1.086704031067961,,False,True
2026-02-09,RKLX,VAL,0.20935519166297106,0.21148904725657522,-1.045178317757009,,False,True
2026-02-09,ROBN,VAL,0.2814996462294545,0.3525586757995133,-1.068680572661306,,False,False
2026-02-09,SEI,VAL,0.14694322614729716,0.2663648254042984,2.0,,False,True
2026-02-09,SMTC,VAL,0.2756856706112898,0.300159040348201,-0.6470016077170401,,False,False
2026-02-09,SOXL,VAL,0.1977538602689943,0.32317158195890944,0.8889123636363682,,False,True
2026-02-09,SYM,VAL,0.12200152059421035,0.1528088824523812,-1.097765263157895,,False,True
2026-02-09,TER,VAL,0.14172086365560727,0.4266672225498212,-1.1141492463701823,,False,True
2026-02-09,TSEM,VAL,0.16552084420432103,0.26010072159677605,0.7000775392670265,,False,True
2026-02-09,TSMX,VAL,0.29647692201860437,0.3252993819726622,-0.8420469230769219,,False,False
2026-02-09,U,VAL,0.14238083476600774,0.2701831397117444,2.0,,False,True
2026-02-09,UI,VAL,0.2652916862831643,0.09982157812881436,2.0,,False,False
2026-02-09,USAR,VAL,0.07375938503774356,0.23778683088540964,1.6053335593220324,,False,True
2026-02-09,USD,VAL,0.4776842714543636,0.3196461200053054,0.2353320000000022,,True,False
2026-02-09,UUUU,VAL,0.25335925382159885,0.15552597477329436,2.0,,False,False
2026-02-09,VOYG,VAL,0.2457114596637578,0.2731820830751278,2.0,,False,False
2026-02-09,VRNS,VAL,0.27028031859637097,0.23840685133939504,2.0,,False,False
2026-02-09,WBI,VAL,0.352589153575846,0.3462893140354499,-1.0951299199999998,,False,False
2026-02-09,WDCX,VAL,0.3353107535907993,0.7503396247178208,-1.130732590163945,,False,False
2026-02-09,WGMI,VAL,0.14016857121067386,0.440552874959498,2.0,,False,True
2026-02-09,WULX,VAL,0.17923951898453525,0.11987299169350336,-1.094798738028169,,False,True
2026-02-09,WW,VAL,0.2807876318852215,0.30739931682655625,-1.0515166285714286,,False,False
2026-02-09,XMTR,VAL,0.10644243758893449,0.1700653350667119,2.0,,False,True
2026-02-09,ZEPP,VAL,0.3438438503815871,0.2539843015153605,2.0,,False,False
2026-02-10,AFRM,VAL,0.3144979803537856,0.361277429941655,-1.0717820451612905,,False,False
2026-02-10,AMSC,VAL,0.8255926024173722,0.6661272869999474,2.0,,True,False
2026-02-10,APLD,VAL,0.22188550789406133,0.23546293795906495,-1.0319122222222223,,False,True
2026-02-10,CRCL,VAL,0.25295440503791733,0.3181745771149106,-1.0956607578947362,,False,False
2026-02-10,CVS,VAL,0.1961424795133029,0.34832688494209,-1.0984912516129026,,False,True
2026-02-10,ENTG,VAL,0.24553077557748348,0.20201230686936913,-1.112206688888889,,False,False
2026-02-10,FDS,VAL,0.22548254909751733,0.4094653278066691,-1.102379916317992,,False,False
2026-02-10,FIG,VAL,0.23074409137272994,0.39573836928362566,2.0,,False,False
2026-02-10,FISV,VAL,0.2591908401826307,0.21546667359708482,-1.109021317647059,,False,False
2026-02-10,FLNC,VAL,0.3373925118053169,0.3222889252927923,-1.067397523287671,,False,False
2026-02-10,H,VAL,0.3555647943755813,0.23422438787383817,-1.0474562825775655,,False,False
2026-02-10,HOOG,VAL,0.2556510424986195,0.3191625197388512,-1.0681220363636388,,False,False
2026-02-10,HSAI,VAL,0.34534390897333517,0.4374070626053667,-1.0796509658536586,,False,False
2026-02-10,INTA,VAL,0.19418702923973633,0.305290491963389,-1.100908118032787,,False,True
2026-02-10,KLAR,VAL,0.25054135743913064,0.38666345899651366,-1.109371184280223,,False,False
2026-02-10,KVYO,VAL,0.31473011136956847,0.36866950021500916,-1.1029479999999992,,False,False
2026-02-10,MMYT,VAL,0.24595431160760248,0.40849060889542527,-1.1162048248062022,,False,False
2026-02-10,NAIL,VAL,0.3377396908299601,0.316358624660223,2.0,,False,False
2026-02-10,NCLH,VAL,0.2574455525190067,0.27582926693864246,-1.1238489739130433,,False,False
2026-02-10,OMCL,VAL,0.2658605107708419,0.1576088636505881,-1.1135710400000003,,False,False
2026-02-10,ON,VAL,0.501001332944485,0.1909613092769575,-1.1193069511111116,,True,False
2026-02-10,PAR,VAL,0.27544436002156414,0.481606570227921,-1.1060949621621563,,False,False
2026-02-10,PLTZ,VAL,0.3919934337625712,0.16111754107258452,2.0,,False,False
2026-02-10,RDDT,VAL,0.1883384095227263,0.22030616076965934,-1.113151778616352,,False,True
2026-02-10,ROBN,VAL,0.3888696088920565,0.3387706633429331,-1.0628154012234616,,False,False
2026-02-10,TEAM,VAL,0.4136483664227083,0.3154158005296877,-1.075781583892617,,True,False
2026-02-10,TPL,VAL,0.2389964492822567,0.4403294131835197,0.4108212728123477,,False,False
2026-02-10,TRI,VAL,0.19862685303145453,0.30472339555572947,-0.6613455795677828,,False,True
2026-02-10,UPST,VAL,0.17130769237039958,0.25534656487276275,-1.0914567849056602,,False,True
2026-02-10,WULX,VAL,0.22753291699397496,0.1847357368765119,-1.0761468081632657,,False,False
2026-02-11,AEIS,VAL,0.20373428851545652,0.2993245135263264,-1.073884538011696,,False,True
2026-02-11,CC,VAL,0.3617173076994167,0.2953075604550188,-1.1270241684210518,,False,False
2026-02-11,CCSI,VAL,0.09843793787122085,0.2969925218139468,-1.0780372658227848,,False,True
2026-02-11,CONI,VAL,0.260984771242219,0.5218191893345383,-1.0921258247191068,,False,False
2026-02-11,CRCD,VAL,0.23603642638726746,0.2757585052550223,2.0,,False,False
2026-02-11,GFS,VAL,0.5805842950008934,0.3494068196246987,2.0,,True,False
2026-02-11,GNRC,VAL,0.10819656476670667,0.36525554441701497,-1.1058143734439836,,False,True
2026-02-11,HCSG,VAL,0.2572712443613554,0.14932344263422273,2.0,,False,False
2026-02-11,IONZ,VAL,0.2963802391605825,0.5942425875847018,2.0,,False,False
2026-02-11,LABD,VAL,0.4742719839135527,0.49838626480710224,-1.0506761043478263,,True,False
2026-02-11,LITE,VAL,0.5880111521159264,0.3293814357731613,-1.0707712956561597,,True,False
2026-02-11,LITX,VAL,0.14473706215753931,0.29088212744953384,-1.0288931442016809,,False,True
2026-02-11,MRNA,VAL,0.26630396872713763,0.4033684611327407,2.0,,False,False
2026-02-11,NUTX,VAL,0.6402908694245522,0.5040027336367647,-1.0389921463414633,,True,False
2026-02-11,PAG,VAL,0.4194558542137671,0.2315356670482709,-0.843632806804374,,True,False
2026-02-11,PLSE,VAL,0.6232824916394183,0.6303803106836383,2.0,,True,False
2026-02-11,PLTZ,VAL,0.37356731026908235,0.23798322898034618,2.0,,False,False
2026-02-11,QXO,VAL,0.07942628701770756,0.10644387140543488,-1.067902577777778,,False,True
2026-02-11,R,VAL,0.1881608006621055,0.1380145939885246,-1.1141505258235909,,False,True
2026-02-11,RGTZ,VAL,0.18050031968099453,0.397620500680343,-0.370506442307692,,False,True
2026-02-11,SBIT,VAL,0.2985376263819574,0.3144915008690314,-1.075690859306729,,False,False
2026-02-11,SMST,VAL,0.45391341356226717,0.5343441275089613,-1.0566582278481014,,True,False
2026-02-11,SN,VAL,0.30431238427147195,0.3206513662607638,2.00000000000001,,False,False
2026-02-11,SOLS,VAL,0.2750021181601401,0.3027049240001587,-1.0943430476395308,,False,False
2026-02-11,SRTY,VAL,0.7570456265608777,0.5001888401113329,-1.1090019140308187,,True,False
2026-02-11,SRZN,VAL,0.4763619307590762,0.3612113772184942,0.4250508653846176,,True,False
2026-02-11,TEX,VAL,0.13501010553214804,0.24328089401024922,-1.0652236173773904,,False,True
2026-02-11,THC,VAL,0.1430976264469579,0.21511343026555937,-1.064344442189586,,False,True
2026-02-11,TMUS,VAL,0.49564645032393806,0.27983139048984323,2.0,,True,False
2026-02-11,UVXY,VAL,0.5792352912820382,0.3765561241726044,-1.045243722105263,,True,False
2026-02-11,VAL,VAL,0.24080112958626193,0.3828509559292678,2.0,,False,False
2026-02-11,ZBIO,VAL,0.4580637705471648,0.4352214630632732,2.0,,True,False
2026-02-12,AEO,VAL,0.15200224583243382,0.1677445201812062,-1.0459627815384616,,False,True
2026-02-12,AKAM,VAL,0.19752451591066464,0.26520570062064286,-1.1126758400000003,,False,True
2026-02-12,ASND,VAL,0.6692230825028033,0.4059551248167029,-1.0693921407358284,,True,False
2026-02-12,ATEX,VAL,0.38286287909186456,0.47998244834139614,-0.4642462837837817,,False,False
2026-02-12,CHEF,VAL,0.28541706598407585,0.23000859470596047,-1.1180799072463772,,False,False
2026-02-12,CONI,VAL,0.2723910290461085,0.4482187265023334,-1.1356650589090989,,False,False
2026-02-12,CW,VAL,0.6616373904999527,0.4643360404449634,-1.0647549063529411,,True,False
2026-02-12,DFEN,VAL,0.5009616325313095,0.33795404716759464,-1.0924814792452828,,True,False
2026-02-12,FCN,VAL,0.3687078789313921,0.3736042114963674,-1.085493940547727,,False,False
2026-02-12,HOOZ,VAL,0.5914873824896686,0.7301248810672919,2.0,,True,False
2026-02-12,HWM,VAL,0.40418430645577663,0.2337273601380192,-1.0360558674907292,,True,False
2026-02-12,HYMC,VAL,0.3446054732440103,0.38204806809774683,-1.052410963209906,,False,False
2026-02-12,IFF,VAL,0.34187038302458167,0.21404740680491502,-1.0941126911512844,,False,False
2026-02-12,IPGP,VAL,0.39831047573137734,0.2610215706121687,2.0,,False,False
2026-02-12,IREZ,VAL,0.33854130194437604,0.2638338223581388,-1.0386444043010752,,False,False
2026-02-12,IRM,VAL,0.1955424059811906,0.21869125898106634,-1.062541171912833,,False,True
2026-02-12,KOLD,VAL,0.5665854332127795,0.3481727383707203,-1.0669079111111113,,True,False
2026-02-12,LABD,VAL,0.25758982220810894,0.4957018663900724,-1.098223333333334,,False,False
2026-02-12,LECO,VAL,0.437998962740867,0.250059415801064,-1.0576115993640702,,True,False
2026-02-12,LYV,VAL,0.7772832307931529,0.40772602737555824,-0.8230212922465169,,True,False
2026-02-12,NKTR,VAL,0.40273280544688966,0.272993518117627,-1.1066368798075703,,False,False
2026-02-12,PEGA,VAL,0.14047477167904424,0.18196001803772893,-1.0641874105263154,,False,True
2026-02-12,PFGC,VAL,0.42081955579822666,0.34921768355808624,1.250058932584265,,True,False
2026-02-12,RGTZ,VAL,0.43081769681664833,0.17316516086497818,1.36050702702703,,True,False
2026-02-12,SBIT,VAL,0.32649843875288453,0.38490977323542336,2.0,,False,False
2026-02-12,SMCZ,VAL,0.2784782704341212,0.29660569828395,2.0,,False,False
2026-02-12,SMST,VAL,0.4089997403141829,0.2637547830776474,2.0,,True,False
2026-02-12,STX,VAL,0.18824966583319522,0.35654497580443517,-1.0922474940357956,,False,True
2026-02-12,TSLQ,VAL,0.3263509685764385,0.3108837455996605,2.0,,False,False
2026-02-12,USFD,VAL,0.28005829676594596,0.2748894540909302,2.0,,False,False
2026-02-12,UVXY,VAL,0.4450099182377571,0.4979137164099216,2.0,,True,False
2026-02-12,VIXY,VAL,0.6944284180044226,0.4729282962036519,-1.1123630344827589,,True,False
2026-02-12,VXX,VAL,0.5875129351809595,0.4620432385820967,-1.1160261517241383,,True,False
2026-02-12,WDC,VAL,0.2978566530578688,0.23155805885270758,-1.1065437640118,,False,False
2026-02-12,WULX,VAL,0.4329452348528794,0.27596908702359374,-1.4532580406239484,,True,False
2026-02-12,ZBIO,VAL,0.3245670677895736,0.3384441934128901,2.0,,False,False
2026-02-13,AEHR,VAL,0.3715278995772265,0.15732333206464985,-1.0813712120300747,,False,False
2026-02-13,AKAM,VAL,0.36532601692516986,0.3418221226066567,2.0,,False,False
2026-02-13,AMSC,VAL,0.38170000335785387,0.43547410363310374,-1.0978169756097569,,False,False
2026-02-13,AMUU,VAL,0.1439156812735732,0.2230380537072923,-1.0527778382541682,,False,True
2026-02-13,ANAB,VAL,0.5223513323182941,0.44207835369229964,-1.0618481908256878,,True,False
2026-02-13,ASTX,VAL,0.21452004084624904,0.10421408966976861,-1.0389848123076924,,False,True
2026-02-13,ATEX,VAL,0.20467522975370867,0.3031791278641832,-1.134918592058206,,False,True
2026-02-13,BABX,VAL,0.22926589047220325,0.3154983166444461,-1.0826814180660738,,False,False
2026-02-13,BE,VAL,0.16554806399824898,0.2459440813286927,-1.0879895327102855,,False,True
2026-02-13,BEAM,VAL,0.2758584163140409,0.2997760823904785,-1.0487420287596678,,False,False
2026-02-13,BEX,VAL,0.24173162319698444,0.08098733392956853,-1.0864675147540983,,False,False
2026-02-13,BMNR,VAL,0.5584410489996751,0.35789967547122514,-1.042908537849983,,True,False
2026-02-13,CAE,VAL,0.3000637904749832,0.07527086208719075,-1.153113852631577,,False,False
2026-02-13,CCSI,VAL,0.3924617280420494,0.41260030081845867,2.0,,False,False
2026-02-13,CDE,VAL,0.40870412277764206,0.23215425827158995,0.3113186842105286,,True,False
2026-02-13,CIFU,VAL,0.4229841546057968,0.10080479545349813,-1.0431910007479432,,True,False
2026-02-13,CLMT,VAL,0.33126599970403453,0.3552642808149704,2.0,,False,False
2026-02-13,COIN,VAL,0.3538833388517478,0.17997363013183656,-1.0857694435555556,,False,False
2026-02-13,CRCL,VAL,0.3229771109350173,0.2104300924875025,-1.0636516247787609,,False,False
2026-02-13,CRSP,VAL,0.35014473031228927,0.2997173035633746,2.0,,False,False
2026-02-13,CRWL,VAL,0.28917017770335646,0.36343231594744574,-1.3507001333333342,,False,False
2026-02-13,CRWV,VAL,0.536518746371962,0.43596802575036003,-1.046584090322581,,True,False
2026-02-13,CWVX,VAL,0.13087229138171583,0.26566535319952345,-1.0414271015384615,,False,True
2026-02-13,DOCN,VAL,0.3784901703323137,0.26013173474177226,-1.099743883717397,,False,False
2026-02-13,DXCM,VAL,0.25020557549818334,0.3377820310623512,-0.8440339366515869,,False,False
2026-02-13,ETHU,VAL,0.13237832147049036,0.2204490276809299,0.5169976000000002,,False,True
2026-02-13,FIGR,VAL,0.3158982468386978,0.23627730797303503,-1.1045710048780495,,False,False
2026-02-13,GDXU,VAL,0.11416228148486295,0.49965208715361525,-1.0434261437803332,,False,True
2026-02-13,HL,VAL,0.39045053895001164,0.1903171562611246,-1.1037963921568632,,False,False
2026-02-13,HNGE,VAL,0.4090024885541504,0.27893965803326815,-1.0657972,,True,False
2026-02-13,HOOD,VAL,0.2699922998146836,0.30678139498809875,-1.108862072289157,,False,False
2026-02-13,HRB,VAL,0.4726138359799366,0.4372826543876087,0.1814590909090894,,True,False
2026-02-13,HUBS,VAL,0.7148228397981599,0.5104709674616537,-0.5895928580858081,,True,False
2026-02-13,HUT,VAL,0.4507825189016171,0.4438673738211155,-1.0584754495412845,,True,False
2026-02-13,HYMC,VAL,0.08727580016121961,0.07570677474758475,-1.033184632664051,,False,True
2026-02-13,INSP,VAL,0.5479912213849203,0.40956240129343285,-1.051383227972028,,True,False
2026-02-13,INTW,VAL,0.39988821538742436,0.46601739370417744,-0.3307000000000005,,False,False
2026-02-13,IONQ,VAL,0.2966610170624485,0.17572424222393854,2.0,,False,False
2026-02-13,IPGP,VAL,0.34017938222099164,0.1565415308793944,-1.0778627736228044,,False,False
2026-02-13,IREN,VAL,0.3149772298011328,0.19883965829616052,-1.0637593924050637,,False,False
2026-02-13,KTOS,VAL,0.401935523501598,0.25184019636965693,-1.1094704957264925,,False,False
2026-02-13,LBRT,VAL,0.5316983762361773,0.41939810478186457,2.0,,True,False
2026-02-13,LEU,VAL,0.2140980398365734,0.37754703104060117,0.4033381502890149,,False,True
2026-02-13,LINT,VAL,0.480339229178978,0.3451475842942993,-1.2175352727272777,,True,False
2026-02-13,MRNA,VAL,0.32244191151150847,0.2158668303561214,-1.0629248077154911,,False,False
2026-02-13,MSTR,VAL,0.5291749225161595,0.2836862358624496,-1.093626552380952,,True,False
2026-02-13,MUU,VAL,0.2905682457629745,0.21596050645015083,-1.0913705426356586,,False,False
2026-02-13,NBIS,VAL,0.2557964882919158,0.26903792154479333,-1.0644405209302326,,False,False
2026-02-13,NE,VAL,0.36710064802887177,0.42533081513158943,2.0,,False,False
2026-02-13,NEBX,VAL,0.17701790938295697,0.2221011770698286,2.0,,False,True
2026-02-13,NSSC,VAL,0.1682728992322676,0.45134854747985725,-1.1113280666666674,,False,True
2026-02-13,ONDL,VAL,0.1612013038968272,0.06741786993011106,-1.202948382200759,,False,True
2026-02-13,PDFS,VAL,0.30892628646077275,0.3086406788867658,-1.092151345454546,,False,False
2026-02-13,PL,VAL,0.4727329464381916,0.4767620603163181,-1.0679305036163125,,True,False
2026-02-13,PLTU,VAL,0.19823370198997844,0.26998533907371663,-1.1087340487804886,,False,True
2026-02-13,PSIX,VAL,0.18860992057792683,0.27166511871835136,2.0,,False,True
2026-02-13,RNG,VAL,0.3351004738243451,0.22965997329594195,-1.1228173241379311,,False,False
2026-02-13,ROBN,VAL,0.05072084059952918,0.22652886788951987,2.0,,False,True
2026-02-13,SNDK,VAL,0.2397448629200147,0.09979418288534028,2.0,,False,False
2026-02-13,SNXX,VAL,0.2870071987029859,0.35754557531109227,2.0,,False,False
2026-02-13,SSRM,VAL,0.44094030119254596,0.4163980065526103,-1.1262002461538454,,True,False
2026-02-13,SYRE,VAL,0.44692161780418826,0.3151441448140883,-1.0758553379310347,,True,False
2026-02-13,UCTT,VAL,0.1688839976701535,0.24268514172179628,-0.2999147297297307,,False,True
2026-02-13,UPST,VAL,0.7255625673209037,0.33609319983704805,-1.0831630741573033,,True,False
2026-02-13,URGN,VAL,0.22385215860897356,0.5519086228842288,-1.068390054054054,,False,False
2026-02-13,UTI,VAL,0.1844950508443372,0.25510573923136326,-1.1553473696310648,,False,True
2026-02-13,UTSL,VAL,0.38637745438014065,0.29251923621142273,0.7325797222222239,,False,False
2026-02-13,VAL,VAL,0.4281229958573577,0.41942211438921845,2.0,,True,False
2026-02-13,WDC,VAL,0.3716888696118548,0.15193712004441864,-1.0713182308668072,,False,False
2026-02-13,WDCX,VAL,0.347050121935969,0.19866647025402306,-1.1130715428571525,,False,False
2026-02-13,WLDN,VAL,0.36843187974767205,0.27866539868279117,-0.6325445638945254,,False,False
2026-02-13,XMTR,VAL,0.28135153874385777,0.16288796889027102,-1.1340344550264498,,False,False
2026-02-13,ZBIO,VAL,0.5117660932173086,0.49237882733838234,-1.1164736581818189,,True,False
2026-02-17,AMSC,VAL,0.3098958632958636,0.4199924772940688,1.403866659023162,,False,False
2026-02-17,ATEX,VAL,0.4136657117860368,0.41574894893323905,2.0,,True,False
2026-02-17,BEX,VAL,0.4008837585438214,0.4098393263120235,-1.27349875382858,,False,False
2026-02-17,BMNZ,VAL,0.35098248678692584,0.26732030404150814,-1.042017945945946,,False,False
2026-02-17,CEG,VAL,0.4128429277851118,0.590228492437574,-1.100119433983286,,True,False
2026-02-17,CNXC,VAL,0.39908947241588416,0.28040538974456286,-1.127192648648643,,False,False
2026-02-17,CWVX,VAL,0.25004500096687027,0.3468733985372786,-1.0350747121076234,,False,False
2026-02-17,ELF,VAL,0.3305428067448236,0.33574877637079226,-1.083059950004042,,False,False
2026-02-17,FIGR,VAL,0.36781786927187743,0.30365424240384603,-1.0630973602697549,,False,False
2026-02-17,FLR,VAL,0.3185928182861734,0.49308438635009433,-1.0953557297942942,,False,False
2026-02-17,GSHD,VAL,0.44836373465789003,0.3651862794299368,-0.7939710465116295,,True,False
2026-02-17,HTFL,VAL,0.41411109304051114,0.30892265452129686,2.0,,True,False
2026-02-17,IONZ,VAL,0.18258354361921655,0.10115911737292338,-1.035562825980877,,False,True
2026-02-17,IREZ,VAL,0.2688680078995494,0.21204319402249738,-1.0407324525714283,,False,False
2026-02-17,KNF,VAL,0.21539288120150188,0.39681073497128494,-1.1035420112149523,,False,True
2026-02-17,LITE,VAL,0.20705201639408666,0.41518415816248083,2.0,,False,True
2026-02-17,LITX,VAL,0.2021888764553352,0.2678546295363086,2.0,,False,True
2026-02-17,MRNA,VAL,0.5576105337729365,0.35154085784700523,-1.0515309232201209,,True,False
2026-02-17,MULL,VAL,0.2138343540416267,0.3683068995660355,-1.3357240871071188,,False,True
2026-02-17,NESR,VAL,0.21480827956861404,0.44912968650427904,2.0,,False,True
2026-02-17,ONDL,VAL,0.44519304058396086,0.21850717554490176,2.0,,True,False
2026-02-17,PACS,VAL,0.5478013905222378,0.42427784312485084,2.0,,True,False
2026-02-17,PI,VAL,0.3067640789609261,0.4673650894206676,-1.164504037558686,,False,False
2026-02-17,QURE,VAL,0.19600504683354827,0.4568428748763054,-1.1171355636363642,,False,True
2026-02-17,ROBN,VAL,0.19193113784002958,0.445611950107679,-1.0935270857142865,,False,True
2026-02-17,SNXX,VAL,0.31720796734759416,0.5269654308984374,-1.0413836298972723,,False,False
2026-02-17,SOLS,VAL,0.3983082209351184,0.38942121944989133,-1.2346152577319545,,False,False
2026-02-17,SON,VAL,0.3061222638984577,0.3442191075277158,0.2986139826839811,,False,False
2026-02-17,SOXL,VAL,0.12262233153073866,0.368433766184857,-1.108331808450703,,False,True
2026-02-17,TSLQ,VAL,0.21556765128741662,0.23264644144807325,-1.0690083487290425,,False,True
2026-02-17,TWST,VAL,0.48035540563763157,0.34014458850620805,-1.0923774060606055,,True,False
2026-02-17,VMC,VAL,0.4778411098615842,0.5525386749427869,-1.1038871569405106,,True,False
2026-02-17,WDCX,VAL,0.2504117265202053,0.4405067464682112,-1.1645143102438975,,False,False
2026-02-17,WING,VAL,0.49810713982286986,0.4835613818334774,2.0,,True,False
2026-02-18,APLD,VAL,0.48429532414742926,0.4479279377942874,-1.0474492839506175,,True,False
2026-02-18,APP,VAL,0.15330380131763252,0.5123269962061713,-1.1023104208242946,,False,True
2026-02-18,ASTX,VAL,0.25565476924527325,0.4139651688517188,-1.0422410062893113,,False,False
2026-02-18,BBW,VAL,0.472505079597961,0.4863426565790316,-1.0656604333333333,,True,False
2026-02-18,BE,VAL,0.14668609919698578,0.28771022463364987,2.0,,False,True
2026-02-18,BEX,VAL,0.045625007389988106,0.09978772478135353,2.0,,False,True
2026-02-18,BKSY,VAL,0.5801817346433858,0.5444936341905743,-1.1356422971470834,,True,False
2026-02-18,CBRL,VAL,0.6751281483271919,0.5149321831690886,-1.0849741617021278,,True,False
2026-02-18,CBZ,VAL,0.4032123551223443,0.2269973979165957,-0.0900395918367361,,False,False
2026-02-18,CCOI,VAL,0.48449521060332246,0.31436145797129195,2.0,,True,False
2026-02-18,CNK,VAL,0.32193901124445873,0.2180412096483906,-1.2268903111111025,,False,False
2026-02-18,CRL,VAL,0.472106025214158,0.4587197029846658,0.8816280116959003,,True,False
2026-02-18,CVNA,VAL,0.23448909270357754,0.3711669156581926,0.4011705601233287,,False,False
2026-02-18,CWVX,VAL,0.25307917323949486,0.37491918723442647,2.0,,False,False
2026-02-18,DASH,VAL,0.15677426042960385,0.2921190378574167,2.0,,False,True
2026-02-18,DFIN,VAL,0.2695800992534665,0.3492278657312269,-1.113485615686275,,False,False
2026-02-18,EQT,VAL,0.511230516122486,0.4079689722708017,-1.0843983709090914,,True,False
2026-02-18,FEIM,VAL,0.19982245968919285,0.32865143455725554,-1.050235901754386,,False,True
2026-02-18,FIG,VAL,0.26982987434825145,0.24720886609254977,2.0,,False,False
2026-02-18,GKOS,VAL,0.4377862713832719,0.29947907537891,2.0,,True,False
2026-02-18,GRAL,VAL,0.1294697200379961,0.1879232579335973,-1.099402943186477,,False,True
2026-02-18,HOOG,VAL,0.21311960927720106,0.5914140798816855,-1.2390215543606526,,False,True
2026-02-18,ICLR,VAL,0.4200977748414701,0.34189453783744694,2.0,,True,False
2026-02-18,IREN,VAL,0.6819916415024508,0.4273527537778892,-1.0570757818181815,,True,False
2026-02-18,ISSC,VAL,0.28869522501672257,0.35837802795805707,2.0,,False,False
2026-02-18,JACK,VAL,0.5306131305335117,0.45075808249334703,-1.2331705108405755,,True,False
2026-02-18,KMX,VAL,0.27561443283403925,0.25395894492886006,2.0,,False,False
2026-02-18,KNTK,VAL,0.491830543032945,0.43017604264509957,1.1215929807692326,,True,False
2026-02-18,KOD,VAL,0.4263413827938195,0.11695960779055611,-1.0435732325446496,,True,False
2026-02-18,KRMN,VAL,0.38508939900534017,0.3112131654416962,1.6322316304347777,,False,False
2026-02-18,KTOS,VAL,0.15066483691756347,0.33194367518233764,-1.064451382302377,,False,True
2026-02-18,LZB,VAL,0.4375280401338076,0.3989782852053416,0.4779083333333379,,True,False
2026-02-18,MAN,VAL,0.15408705025974118,0.3335326525414505,-0.8849567741935513,,False,True
2026-02-18,MU,VAL,0.21150045154189767,0.27724129308152,-0.101653521341462,,False,True
2026-02-18,MULL,VAL,0.23319901457173492,0.437182390581561,2.0,,False,False
2026-02-18,MUU,VAL,0.42430565100036943,0.42008788975032385,2.0,,True,False
2026-02-18,NEBX,VAL,0.7239748227919963,0.605570914184972,-1.0499646511627907,,True,False
2026-02-18,NPO,VAL,0.3203282829889755,0.37204139121666185,2.0,,False,False
2026-02-18,ONDL,VAL,0.3071376761979374,0.22538316036501307,-1.0667643654591024,,False,False
2026-02-18,PL,VAL,0.07896972981788467,0.14514082724649868,2.0,,False,True
2026-02-18,PLTU,VAL,0.4221636844777904,0.5312543915573441,-1.144170215225807,,True,False
2026-02-18,QDEL,VAL,0.24570216358645514,0.24274294818864034,-0.2270068055555517,,False,False
2026-02-18,QURE,VAL,0.24667190657496882,0.4577081315702813,-1.0795998429885694,,False,False
2026-02-18,RH,VAL,0.1023434517700895,0.25452076323205397,-1.055321778340059,,False,True
2026-02-18,RKLB,VAL,0.134705986035826,0.19874604090358158,-1.0587988187919466,,False,True
2026-02-18,SHOP,VAL,0.49666858741642345,0.5114780943690004,2.0,,True,False
2026-02-18,SNDK,VAL,0.4331030611210123,0.006471160492408153,-1.1019235003528576,,True,False
2026-02-18,SNXX,VAL,0.17113729081625367,0.18123920247052128,-0.0510976562500008,,False,True
2026-02-18,TEM,VAL,0.2749538060715182,0.2947218190422671,-1.052208251968504,,False,False
2026-02-18,TNL,VAL,0.34097907539811484,0.2125449683867974,-1.0683443338129497,,False,False
2026-02-18,TWST,VAL,0.2961196228782493,0.40130921214310755,2.0,,False,False
2026-02-18,VAC,VAL,0.4560741565285031,0.34772767351374184,-1.0929681777777778,,True,False
2026-02-18,VOYG,VAL,0.363098224631833,0.33679679499568926,-1.0985009708737865,,False,False
2026-02-18,W,VAL,0.22205980199718212,0.3288517646357993,-1.1104201795918365,,False,True
2026-02-18,WDCX,VAL,0.5179546495391483,0.262663441360517,2.0,,True,False
2026-02-18,WOLF,VAL,0.1457144166007099,0.44645726212417225,-1.051648547008545,,False,True
2026-02-19,AAOI,VAL,0.4147905564286933,0.24845433134166472,-1.072261189189189,,True,False
2026-02-19,AG,VAL,0.13683153461327838,0.2652351178825942,2.0,,False,True
2026-02-19,AGI,VAL,0.286248023617395,0.3723436978620093,-1.1109073632653057,,False,False
2026-02-19,ALMS,VAL,0.3669713565390149,0.218858496424825,2.0,,False,False
2026-02-19,ATEX,VAL,0.42360533082966845,0.3272772483900848,-1.0667946078740151,,True,False
2026-02-19,AVAV,VAL,0.2483528798562581,0.49435105533390006,-1.1098345276872967,,False,False
2026-02-19,BETA,VAL,0.5564342002040652,0.5844888285086195,-1.0427943926605503,,True,False
2026-02-19,CAPR,VAL,0.15512823696798558,0.2926428601929516,-1.1145429714285724,,False,True
2026-02-19,CDE,VAL,0.3242165939719244,0.11556493826350464,2.0,,False,False
2026-02-19,CF,VAL,0.3477751789891767,0.32629302366054624,-1.0767507320754717,,False,False
2026-02-19,CVI,VAL,0.2951208575988127,0.3581187303154695,-1.1021652821128451,,False,False
2026-02-19,FSLY,VAL,0.16166265065972038,0.2680593148386112,-1.1128210736541204,,False,True
2026-02-19,HYMC,VAL,0.14807471616683784,0.2019211883100894,2.0,,False,True
2026-02-19,INSM,VAL,0.2835071568509246,0.3877965240229585,-1.0732151474903473,,False,False
2026-02-19,JNUG,VAL,0.596513125199487,0.5064294020445755,-1.0577685409252668,,True,False
2026-02-19,KAI,VAL,0.3571508777725216,0.2781344902501179,-1.0584666858858862,,False,False
2026-02-19,KOD,VAL,0.5913302217426659,0.4245938465574646,2.0,,True,False
2026-02-19,KTOS,VAL,0.2759430146786525,0.2966665479625046,-1.0727595688622753,,False,False
2026-02-19,MAC,VAL,0.24010102017367693,0.1932414185877751,-1.0770642064516132,,False,False
2026-02-19,NBIS,VAL,0.35893752684248,0.2864980818853733,0.8696075384615357,,False,False
2026-02-19,NEBX,VAL,0.26914170952478267,0.2949189211763721,2.0,,False,False
2026-02-19,NNE,VAL,0.26731551265110554,0.2502385851889559,-1.3624633600000091,,False,False
2026-02-19,ODD,VAL,0.2149331090506164,0.3694589950631716,-1.1107553910447758,,False,True
2026-02-19,OII,VAL,0.32138971226120305,0.4218773054842806,-1.0832945568627457,,False,False
2026-02-19,OLMA,VAL,0.28897957409425784,0.2618392927196586,0.0554999999999968,,False,False
2026-02-19,OMC,VAL,0.15034094487176014,0.2588352730583156,-1.1134207614457834,,False,True
2026-02-19,ONDL,VAL,0.26223143758918266,0.3233292363601169,-1.048107651656604,,False,False
2026-02-19,PL,VAL,0.2761088247393702,0.20265316118723506,2.0,,False,False
2026-02-19,PLTU,VAL,0.16486962624548357,0.2868095276467165,-1.1165772875739646,,False,True
2026-02-19,RKLX,VAL,0.2597768627141227,0.23507512867987115,2.0,,False,False
2026-02-19,ROBN,VAL,0.11588048437988965,0.3216234033917474,-1.0644544000000002,,False,True
2026-02-19,SII,VAL,0.2604564916787216,0.3183293548520903,-1.1025461546666666,,False,False
2026-02-19,SNDK,VAL,0.21291912881162503,0.35536951391366567,-1.0604481016587308,,False,True
2026-02-19,SNXX,VAL,0.1585087502298463,0.18898053961549552,2.0,,False,True
2026-02-19,SSRM,VAL,0.29557622725248966,0.36360021527380554,2.0,,False,False
2026-02-19,TPL,VAL,0.33631875139771905,0.2961416929487785,2.0,,False,False
2026-02-19,TYRA,VAL,0.09282567518604647,0.3823438281115962,-1.1213095466666665,,False,True
2026-02-19,ULS,VAL,0.3712910351906223,0.32383911771778434,-1.1274734813299114,,False,False
2026-02-19,UPBD,VAL,0.16924944323149313,0.4946219753089525,2.0,,False,True
2026-02-20,AAOI,VAL,0.21171870252510108,0.23382342755753696,2.0,,False,True
2026-02-20,ACMR,VAL,0.17390261552975214,0.3489707121595473,-1.0433064498049345,,False,True
2026-02-20,AEHR,VAL,0.3666889647792356,0.41404341081619284,2.000000000000004,,False,False
2026-02-20,AMSC,VAL,0.375579735831852,0.4173391797683435,-1.0574104788732397,,False,False
2026-02-20,AMZU,VAL,0.23434951585704394,0.3257116551635758,-1.0692822785023135,,False,False
2026-02-20,AMZZ,VAL,0.32977482560478577,0.3861858237975584,-1.0942944,,False,False
2026-02-20,APPN,VAL,0.12855649168766717,0.18059965322948204,-1.060348416,,False,True
2026-02-20,AU,VAL,0.11759836208808115,0.3062509788493518,-1.0911391301976825,,False,True
2026-02-20,CARG,VAL,0.48599345720370923,0.4101480461696566,-1.0426100819277109,,True,False
2026-02-20,COCO,VAL,0.20744977874326181,0.31809423545526094,2.0,,False,True
2026-02-20,COHR,VAL,0.16638411669675227,0.270475369644723,0.6943747921760416,,False,True
2026-02-20,CRCL,VAL,0.2214256711464087,0.3321642209082377,-1.1152447522388056,,False,True
2026-02-20,CSIQ,VAL,0.32695364481991995,0.2950411125956973,2.0,,False,False
2026-02-20,DBX,VAL,0.1623319850739577,0.21740360135866793,-1.122697208163265,,False,True
2026-02-20,EDC,VAL,0.49278929818807204,0.3125388905010117,0.6620397790055208,,True,False
2026-02-20,ELF,VAL,0.21993407336209467,0.2581946328921679,-1.0695698285714286,,False,True
2026-02-20,ENPH,VAL,0.388231854897393,0.41724218195567025,-1.097683371428571,,False,False
2026-02-20,ETSY,VAL,0.43256359996093513,0.5583638218650684,-0.1363891899214268,,True,False
2026-02-20,FN,VAL,0.3343877110739041,0.43323290018166066,-1.0940365600701552,,False,False
2026-02-20,FND,VAL,0.43066116129947424,0.33495048277592865,-1.0517985673846153,,True,False
2026-02-20,GLOB,VAL,0.20421074625470814,0.18809795549642774,-1.0393234883634546,,False,True
2026-02-20,GLW,VAL,0.1314337658198958,0.31543059406897617,0.8374448951048915,,False,True
2026-02-20,GOOX,VAL,0.14598912597904634,0.2847662488434113,0.2476937052932898,,False,True
2026-02-20,HROW,VAL,0.3516374506573632,0.4025721739849085,-1.0823112842105258,,False,False
2026-02-20,HYMC,VAL,0.14798262943999782,0.18828209662682702,2.0,,False,True
2026-02-20,IREZ,VAL,0.3027901732502847,0.29018096970585233,-1.1070137,,False,False
2026-02-20,KNX,VAL,0.3411809200052625,0.36744869097098154,-1.0658953225225225,,False,False
2026-02-20,LASR,VAL,0.4428880425554342,0.32041703900168167,2.0,,True,False
2026-02-20,LGN,VAL,0.5758750436081874,0.5173361725273391,2.0,,True,False
2026-02-20,LITE,VAL,0.22900123184216872,0.2843712582210805,-1.0745547662123895,,False,False
2026-02-20,LITX,VAL,0.3517623531292259,0.163955565218985,-1.0802918686567162,,False,False
2026-02-20,LYB,VAL,0.09060710569685847,0.20118849662230737,-1.0486936525547446,,False,True
2026-02-20,METU,VAL,0.346121007161469,0.3590447606305522,-1.1243569355932197,,False,False
2026-02-20,MULL,VAL,0.4685484033892422,0.394103988463721,-1.0418902805996155,,True,False
2026-02-20,MUU,VAL,0.34559145153607984,0.3074928726734626,-1.0366468202764978,,False,False
2026-02-20,NAIL,VAL,0.17857382364598426,0.18149580740509477,-1.0627322057142854,,False,True
2026-02-20,OMCL,VAL,0.36728560707403407,0.4646922236621846,-1.184554855696201,,False,False
2026-02-20,ONON,VAL,0.2693812918840409,0.2950158353743952,-1.0334345988439306,,False,False
2026-02-20,PRGS,VAL,0.17961569346250555,0.21361333078326755,2.0,,False,True
2026-02-20,PSIX,VAL,0.2338019363495781,0.342854056634854,-1.0691691160837329,,False,False
2026-02-20,RGTZ,VAL,0.39300248427325607,0.4939789645744301,-1.0610358368932038,,False,False
2026-02-20,ROBN,VAL,0.17943301110517287,0.31645753783399144,-1.0640849523809526,,False,True
2026-02-20,RUN,VAL,0.28684989512317394,0.368433685307237,-1.099164288,,False,False
2026-02-20,RYI,VAL,0.5744810907727882,0.18985502889480077,-1.0921178352941177,,True,False
2026-02-20,SEDG,VAL,0.08821576474482962,0.34824740070176646,0.2978465573770483,,False,True
2026-02-20,SHOP,VAL,0.35241118729807086,0.47462982273255416,-1.1155404799999986,,False,False
2026-02-20,SNXX,VAL,0.0885539433281496,0.22926164433985335,-1.0319347284768212,,False,True
2026-02-20,SOXL,VAL,0.3528957795232967,0.34325108027632023,-1.0634782395081697,,False,False
2026-02-20,ST,VAL,0.1901677105027218,0.2057263737674862,-1.0410732261682245,,False,True
2026-02-20,SYRE,VAL,0.3350671176939849,0.31511877918503906,-1.1204865500000016,,False,False
2026-02-20,TPL,VAL,0.316704797452878,0.3932761208916135,-1.0965214364217253,,False,False
2026-02-20,TSEM,VAL,0.309526378553541,0.38397604190045526,-1.1189440484848463,,False,False
2026-02-20,TTMI,VAL,0.1026983444530031,0.31614850419489615,2.0,,False,True
2026-02-20,UCTT,VAL,0.1477527397635966,0.31813200166333544,-1.12178766101695,,False,True
2026-02-20,VAL,VAL,0.35752078036264756,0.29179528494036805,-1.0940837647058823,,False,False
2026-02-20,VICR,VAL,0.37861533404609615,0.14076278034288178,-1.0763840432995386,,False,False
2026-02-20,VSCO,VAL,0.2099783730650598,0.35301938772997205,-1.0542115217391297,,False,True
2026-02-20,W,VAL,0.2633588300145881,0.21014113325939746,2.0,,False,False
2026-02-20,WDC,VAL,0.15267904144899994,0.1990277366963634,-1.050815033333333,,False,True
2026-02-20,WDCX,VAL,0.2697294479264054,0.2735600217646537,-1.1632758932683165,,False,False
2026-02-20,WSC,VAL,0.11317364647550228,0.19917586002015625,-1.0291503644444444,,False,True
2026-02-23,AAOI,VAL,0.18284335078233932,0.2663153942569318,-1.0591222429906542,,False,True
2026-02-23,AEHR,VAL,0.27860105728039813,0.39849964644846636,-1.0405339734157653,,False,False
2026-02-23,AG,VAL,0.1777931952196737,0.1744819378886252,-1.0565733266358228,,False,True
2026-02-23,AKAM,VAL,0.1797694410392704,0.3390630945362685,-1.0727068800397963,,False,True
2026-02-23,AMN,VAL,0.18699710304417788,0.2764759195997838,-1.0771364,,False,True
2026-02-23,ASTS,VAL,0.3905200460671773,0.19206916639606444,2.0,,False,False
2026-02-23,ASTX,VAL,0.12594414068363927,0.1574054054129141,2.0,,False,True
2026-02-23,BE,VAL,0.10427012588117233,0.1982548317126979,-1.0918006499498496,,False,True
2026-02-23,BEX,VAL,0.15524114119094357,0.18068278478682512,-1.057125696,,False,True
2026-02-23,CRWV,VAL,0.21377726753902002,0.19522148703264236,-0.3103317302052814,,False,True
2026-02-23,CWVX,VAL,0.2955184875381121,0.2693815545217298,-1.0500821479452054,,False,False
2026-02-23,DNLI,VAL,0.4564228185280675,0.21428035158252542,-1.1155940292382651,,True,False
2026-02-23,FRPT,VAL,0.2534153444897218,0.2962459409135801,-1.052691888372093,,False,False
2026-02-23,GSHD,VAL,0.21988301510867259,0.22973510720714446,-1.0860049889763783,,False,True
2026-02-23,IREN,VAL,0.3188888357556964,0.28805822272234466,-1.0612749943001902,,False,False
2026-02-23,LINC,VAL,0.17658933246094158,0.23011331466942797,-1.1665741559322085,,False,True
2026-02-23,LITX,VAL,0.15331932305475504,0.13565233441713073,-1.0861352688803998,,False,True
2026-02-23,NVTX,VAL,0.3436128640808855,0.3263814699470904,-1.3759900363636366,,False,False
2026-02-23,OII,VAL,0.45555732646356534,0.3585201590588507,-1.0394062970044613,,True,False
2026-02-23,ONDL,VAL,0.18078512497892046,0.05854809092816753,-1.0307241481481482,,False,True
2026-02-23,PL,VAL,0.21933245271150412,0.2531659142944419,-1.0388447782312926,,False,True
2026-02-23,PLTZ,VAL,0.26483868432052865,0.2691624846418537,-1.0588066341463414,,False,False
2026-02-23,QURE,VAL,0.5472748193724586,0.5683450027499026,2.0,,True,False
2026-02-23,RKLX,VAL,0.2580680524218341,0.13742130214881595,-1.0317242116851455,,False,False
2026-02-23,RYI,VAL,0.3339201856213635,0.29593639112209663,-1.1239212571428567,,False,False
2026-02-23,SEDG,VAL,0.20136075412493173,0.26148519979709656,-1.0781099932203386,,False,True
2026-02-23,SFM,VAL,0.4407921251222509,0.33344207001976806,2.0,,True,False
2026-02-23,SNXX,VAL,0.17975591401288976,0.2167592959792664,-1.039728583941606,,False,True
2026-02-23,TNDM,VAL,0.14257276075201766,0.3026426598640405,2.0,,False,True
2026-02-23,VAL,VAL,0.2430903168824216,0.2689648957114216,-1.030319933159269,,False,False
2026-02-23,WDCX,VAL,0.15037058400604128,0.16808803762154725,-1.0603380869565229,,False,True
2026-02-23,WGS,VAL,0.25693951339758075,0.28721495930027885,0.8349654578741866,,False,False
2026-02-23,WULX,VAL,0.14909821537795834,0.13384681866900786,-1.0680352000000002,,False,True
2026-02-24,AAPU,VAL,0.36243495482444005,0.3532472251621166,-1.1236495,,False,False
2026-02-24,AEHR,VAL,0.29791446501870084,0.31385217850614167,2.0,,False,False
2026-02-24,APLD,VAL,0.1686837975066199,0.16073849865321083,-1.079296556521739,,False,True
2026-02-24,APLS,VAL,0.25345756731471974,0.23484295878600256,-1.122718734883721,,False,False
2026-02-24,APPN,VAL,0.15373987896665378,0.21783035393525058,-1.32820126567165,,False,True
2026-02-24,ARM,VAL,0.12944066753360406,0.2917149821032609,-1.109861991489362,,False,True
2026-02-24,AXTI,VAL,0.17450422117266548,0.1787214078975162,2.0,,False,True
2026-02-24,BCC,VAL,0.5411749219219427,0.2759572871940382,2.0,,True,False
2026-02-24,BE,VAL,0.19910608740036684,0.23938602993879787,-0.6813914945054965,,False,True
2026-02-24,BEAM,VAL,0.2480782312094032,0.26994536751248743,2.0000000000000075,,False,False
2026-02-24,BEX,VAL,0.30015546551367395,0.38097738654898966,-1.0683596737864076,,False,False
2026-02-24,BNAI,VAL,0.30817140970873874,0.14502479547090005,2.0,,False,False
2026-02-24,CIFU,VAL,0.184217114623246,0.035284067325040094,-1.0949529379310348,,False,True
2026-02-24,CRWV,VAL,0.17334623044454342,0.1950089293674701,-1.0643998354285715,,False,True
2026-02-24,CWVX,VAL,0.21802380075821962,0.25931086320717983,2.0,,False,True
2026-02-24,DOCN,VAL,0.25694400650561744,0.3187821765337267,-1.046361658697027,,False,False
2026-02-24,DQ,VAL,0.46294782998834283,0.41461533710350723,-1.1253752269887538,,True,False
2026-02-24,DRS,VAL,0.13003355540694445,0.1973138409067601,2.0,,False,True
2026-02-24,ELAN,VAL,0.3261835800552531,0.16189963123355688,0.2329441916167701,,False,False
2026-02-24,ESTC,VAL,0.11777582289847469,0.19433784097983883,-1.1536842492104489,,False,True
2026-02-24,FDS,VAL,0.35408022767233277,0.4667893013468171,-1.0362420363636362,,False,False
2026-02-24,FEIM,VAL,0.2732655791981843,0.3966784846559822,-1.1867505550082091,,False,False
2026-02-24,FET,VAL,0.44656701999771,0.40130310127223595,-1.0716983172413792,,True,False
2026-02-24,FIG,VAL,0.25789089239615426,0.45724648159973935,-1.067527285106383,,False,False
2026-02-24,GDXU,VAL,0.26176343891827303,0.4699238549472369,2.0,,False,False
2026-02-24,GEVX,VAL,0.3007936368101189,0.16856640514097274,2.0,,False,False
2026-02-24,GRAL,VAL,0.24411097680411553,0.12898602129190648,2.0,,False,False
2026-02-24,GTLB,VAL,0.21148003071014576,0.25582615695882693,-1.1271564936170215,,False,True
2026-02-24,GWRE,VAL,0.13211484357477662,0.21002182079185844,-1.1341097622168,,False,True
2026-02-24,HRTG,VAL,0.1880498890668939,0.257939718838955,2.0,,False,True
2026-02-24,HSTM,VAL,0.1038291010024763,0.19684673764794033,-1.0370016,,False,True
2026-02-24,HUBS,VAL,0.20995338155706492,0.2208896565840661,-1.091386712131148,,False,True
2026-02-24,HUT,VAL,0.15737246625318754,0.1661687497772919,2.0,,False,True
2026-02-24,HYMC,VAL,0.44025050281110695,0.33585314474598976,2.0,,True,False
2026-02-24,HZO,VAL,0.38929731110247556,0.2928469617671093,-1.1761059333333346,,False,False
2026-02-24,ICHR,VAL,0.15941742692145175,0.18689471134488733,2.0,,False,True
2026-02-24,IIPR,VAL,0.23248076211770638,0.4408919359063747,0.1342651666666587,,False,False
2026-02-24,INTW,VAL,0.40754344466015574,0.30543664022366984,-1.085878764556962,,True,False
2026-02-24,IOT,VAL,0.15191054933763554,0.23565317244255943,-0.1719840273816318,,False,True
2026-02-24,IPX,VAL,0.2289925392222982,0.47707289355882726,0.7681007029876971,,False,False
2026-02-24,IREN,VAL,0.5432354886804388,0.37012568928844614,2.0,,True,False
2026-02-24,LASR,VAL,0.15158436760349553,0.19087471637556155,-1.0940098331125834,,False,True
2026-02-24,LINC,VAL,0.4956413617043588,0.29799345876793804,2.0,,True,False
2026-02-24,MNDY,VAL,0.47895908993505115,0.4618266977491843,0.1446134334763926,,True,False
2026-02-24,MOD,VAL,0.3204573335561858,0.35569171452027964,-1.1573206523605155,,False,False
2026-02-24,NEBX,VAL,0.3055732608166177,0.438128446165132,-1.075093903448276,,False,False
2026-02-24,PDFS,VAL,0.13373808359265538,0.18437698354824528,-1.1235003,,False,True
2026-02-24,PL,VAL,0.1443598916135147,0.20487656916315203,-1.0525767263876082,,False,True
2026-02-24,PPTA,VAL,0.11491155879597734,0.23903460039401392,-1.1232988799999997,,False,True
2026-02-24,PSIX,VAL,0.3765319358684841,0.30707643443172816,1.1118721724137897,,False,False
2026-02-24,RBLX,VAL,0.23530320151021852,0.2691375771351426,1.3066513306451684,,False,False
2026-02-24,RBRK,VAL,0.3379115183802474,0.28180630100532733,-1.0956612645161283,,False,False
2026-02-24,RGEN,VAL,0.40819286496655754,0.23101502637924123,-1.0851595483870893,,True,False
2026-02-24,SEDG,VAL,0.11864624220210557,0.2023738997548165,2.0,,False,True
2026-02-24,TRI,VAL,0.192065900624788,0.35120261417480714,2.0,,False,True
2026-02-24,TWLO,VAL,0.1524064902623996,0.29844131207164937,-0.6812882288828336,,False,True
2026-02-24,USAR,VAL,0.4247106875471836,0.302398999884556,-1.04678912,,True,False
2026-02-24,USAX,VAL,0.1076018930883916,0.1515280430777861,2.0,,False,True
2026-02-24,UTI,VAL,0.433601857407318,0.5005174617220944,2.0,,True,False
2026-02-24,VSAT,VAL,0.2919727301523535,0.3480762436004405,-1.1177435785788703,,False,False
2026-02-24,ZM,VAL,0.2439348438110624,0.327867854698455,-1.097732844036697,,False,False
2026-02-25,APP,VAL,0.18797596667351704,0.4650823172499981,2.0,,False,True
2026-02-25,AXTI,VAL,0.3353986173301591,0.21166581512038626,2.0,,False,False
2026-02-25,BE,VAL,0.317824803678496,0.25779586557591827,-1.085627002211974,,False,False
2026-02-25,BKSY,VAL,0.1879022464508998,0.2191942165110047,-1.0921724444444445,,False,True
2026-02-25,BMNR,VAL,0.3875061040280888,0.18837819600122066,-0.2471991228070191,,False,False
2026-02-25,COHR,VAL,0.15314032330630026,0.19631625595365138,-1.0675074769551611,,False,True
2026-02-25,DDOG,VAL,0.18477216358325904,0.29244493195883814,-1.0698207741239896,,False,True
2026-02-25,ECG,VAL,0.3634148452224078,0.19634659989891395,2.0,,False,False
2026-02-25,ETHU,VAL,0.5646091674034597,0.2753114170258204,2.0,,True,False
2026-02-25,EVMN,VAL,0.41948874022960514,0.2501159421708481,-1.0681990274509807,,True,False
2026-02-25,FIG,VAL,0.426633824851984,0.3840121485845463,-1.0988035555555558,,True,False
2026-02-25,FIGR,VAL,0.15789321004481124,0.16141379576964301,-1.0946167525881465,,False,True
2026-02-25,FROG,VAL,0.37213218160217665,0.4764088871219121,-0.7646640659340738,,False,False
2026-02-25,GRAL,VAL,0.26714212164112133,0.16028154754400634,2.0,,False,False
2026-02-25,HYMC,VAL,0.6459685629155238,0.31518642826217697,-1.108276571428571,,True,False
2026-02-25,IMCR,VAL,0.3195821918472848,0.40685495564051655,-1.110649945945945,,False,False
2026-02-25,IONQ,VAL,0.2283968957981387,0.11595123716201237,-1.1250296,,False,False
2026-02-25,LASR,VAL,0.13676878266127604,0.29547125294556503,-1.122068168067227,,False,True
2026-02-25,LITE,VAL,0.3048907201792854,0.19528170731597802,-1.0605035979117097,,False,False
2026-02-25,LIVN,VAL,0.5691505326366649,0.32945214935804223,0.5103719337016581,,True,False
2026-02-25,MRNA,VAL,0.2851111695384005,0.19205017565234914,-1.100148723809523,,False,False
2026-02-25,NFLU,VAL,0.13888733879225817,0.17580786558034042,2.0,,False,True
2026-02-25,NFXL,VAL,0.44078235884145994,0.5868163644428936,1.1968708988764032,,True,False
2026-02-25,PLTU,VAL,0.321077132999312,0.30850629496858867,2.0,,False,False
2026-02-25,PSTG,VAL,0.18900196267170102,0.3828920625689493,0.0667212499999951,,False,True
2026-02-25,SEI,VAL,0.22721427621311097,0.3662500937490621,2.0,,False,False
2026-02-25,TRI,VAL,0.35362295769928015,0.37947687003802644,0.8961261306532735,,False,False
2026-02-25,VIAV,VAL,0.21135174171281956,0.37703978244049163,-1.120593797932644,,False,True
2026-02-25,WDAY,VAL,0.20489755086309647,0.25690722364298924,0.2491462091503207,,False,True
2026-02-25,WDC,VAL,0.13629304940109382,0.17491044702362063,-1.0435837094577554,,False,True
2026-02-25,WDCX,VAL,0.440317297191159,0.3357541721645386,-1.08100097254902,,True,False
2026-02-26,ASTX,VAL,0.2341375310019777,0.14626595756954258,-1.07860975,,False,False
2026-02-26,BMNZ,VAL,0.5534786266038637,0.32510932053060526,2.0,,True,False
2026-02-26,CRSP,VAL,0.6302060232646223,0.3423335132320266,2.0,,True,False
2026-02-26,DAVE,VAL,0.37873724883107723,0.385293113701804,-1.0884839552,,False,False
2026-02-26,EE,VAL,0.37828501673018616,0.2046154594156472,-1.0427767475982532,,False,False
2026-02-26,EFXT,VAL,0.5672576941918839,0.30200988051701044,2.0,,True,False
2026-02-26,ENOV,VAL,0.15137665018702162,0.34748403197170397,-1.0498225103448278,,False,True
2026-02-26,ETHD,VAL,0.3847102981329016,0.23492413562286638,-1.229115138197424,,False,False
2026-02-26,FIG,VAL,0.15765409098917843,0.3122232429647082,-1.0699582222222224,,False,True
2026-02-26,FROG,VAL,0.26814285070318916,0.3223414183260082,-1.115529376744186,,False,False
2026-02-26,FTAI,VAL,0.4646307600626941,0.25190007842764095,-0.2637237272727266,,True,False
2026-02-26,FTDR,VAL,0.2245889041167931,0.13792199305001582,2.0,,False,False
2026-02-26,FWONK,VAL,0.5182862160188281,0.42251324376281724,-1.072680562162163,,True,False
2026-02-26,GLOB,VAL,0.15424496960040032,0.2222631391311653,-1.2040092595744667,,False,True
2026-02-26,GTLB,VAL,0.1383430430065135,0.35608583539723215,-1.0484854787878788,,False,True
2026-02-26,HL,VAL,0.5196293575390963,0.1873559841389376,2.0,,True,False
2026-02-26,HUBS,VAL,0.2721416352166689,0.3369841319755829,-1.0896905142857145,,False,False
2026-02-26,IMAX,VAL,0.27486927505587094,0.27054937486581954,2.0,,False,False
2026-02-26,IT,VAL,0.374850227496435,0.3351232785483575,-1.098693847120419,,False,False
2026-02-26,KNTK,VAL,0.35032978937835524,0.3855428385094445,-1.0904200918032787,,False,False
2026-02-26,LMND,VAL,0.43649033316796965,0.30252749490781694,-1.07859065060241,,True,False
2026-02-26,MAN,VAL,0.5094755471995993,0.35668741495295997,-1.0716801720430107,,True,False
2026-02-26,MEG,VAL,0.22605557825308473,0.3380174283848162,-1.0791499236461657,,False,False
2026-02-26,MIDD,VAL,0.29744858664895424,0.3138446210744395,0.6669621008403374,,False,False
2026-02-26,NUTX,VAL,0.5974570810610978,0.5350745331221868,-1.051825193846154,,True,False
2026-02-26,NXST,VAL,0.29339173969052446,0.3615926336904588,-1.1015895496503492,,False,False
2026-02-26,ONDL,VAL,0.24115966500827754,0.14155927570622764,-1.0393010352941177,,False,False
2026-02-26,PLTU,VAL,0.5086863198775251,0.4232370296615501,-1.037018830691982,,True,False
2026-02-26,PPTA,VAL,0.6807914841973896,0.5743434506199896,2.0,,True,False
2026-02-26,PRVA,VAL,0.1477357152210051,0.24187267259682405,0.8713338464921968,,False,True
2026-02-26,RDDT,VAL,0.3024968579785145,0.31378292406194147,-1.0926919093199,,False,False
2026-02-26,RDTL,VAL,0.35520117114572497,0.5045363602666325,-1.0485397333333333,,False,False
2026-02-26,RHI,VAL,0.44565822244314907,0.29647269592520503,-1.0772698947368422,,True,False
2026-02-26,RKLX,VAL,0.32603050869921313,0.1345676218824679,-1.041836282828283,,False,False
2026-02-26,RNG,VAL,0.19032580349256123,0.31460041809543887,2.0,,False,True
2026-02-26,RVLV,VAL,0.29700108504814765,0.4552523642850783,0.1610770000000002,,False,False
2026-02-26,RVMD,VAL,0.5534354549178099,0.3398911226098669,0.5784544624746408,,True,False
2026-02-26,SARO,VAL,0.17418763940659873,0.2185155113525394,-1.065260335042735,,False,True
2026-02-26,SMCZ,VAL,0.314366268183468,0.48659164765096324,0.0739385436893197,,False,False
2026-02-26,TEAM,VAL,0.2954696992184936,0.4131555058163733,2.0,,False,False
2026-02-26,TFX,VAL,0.36216758110576963,0.23691506924805075,2.0,,False,False
2026-02-26,TGTX,VAL,0.2123229608045317,0.3421828815536131,-1.104695771428571,,False,True
2026-02-26,TIGO,VAL,0.5065014786851686,0.33524573680656605,-1.0301854007326008,,True,False
2026-02-26,TNET,VAL,0.458249720696891,0.33077207135367087,-1.063815571830986,,True,False
2026-02-26,TREE,VAL,0.29672564960535835,0.34886544444280587,0.7855427999999994,,False,False
2026-02-26,UCO,VAL,0.3788865536569611,0.4847967263784947,-1.1133919999999993,,False,False
2026-02-26,USAX,VAL,0.21995307982555554,0.4292363405421818,-1.1720053667526715,,False,True
2026-02-26,VIXY,VAL,0.4729841243807565,0.3807661808785729,-1.064907968,,True,False
2026-02-26,VRDN,VAL,0.31650393914448854,0.3446543649938761,2.0,,False,False
2026-02-26,VXX,VAL,0.4280788917370282,0.4022605827066647,-1.0731988173913043,,True,False
2026-02-26,WING,VAL,0.36709949718550283,0.42069450682502507,-0.1988572762987931,,False,False
2026-02-26,WIX,VAL,0.30435407311347057,0.3887924001302807,0.2240207978723365,,False,False
2026-02-26,WRBY,VAL,0.3363566130069119,0.1411937509007443,-1.1018795354838713,,False,False
2026-02-26,XMTR,VAL,0.3211870280106683,0.24448508397712126,-1.2683844042105317,,False,False
2026-02-26,YOU,VAL,0.13309561716468463,0.1488167168143204,-1.0699138840236682,,False,True
2026-02-27,AVGX,VAL,0.3038832386484729,0.3288302806679676,-1.1483928781395476,,False,False
2026-02-27,AVL,VAL,0.30755298290021627,0.407113169470861,-1.1024626506024098,,False,False
2026-02-27,BLFS,VAL,0.1736652096508166,0.38514136089124373,-1.117975424,,False,True
2026-02-27,BNAI,VAL,0.5402314353241228,0.34773655992331565,1.3237778846153825,,True,False
2026-02-27,BTSG,VAL,0.10519446983083879,0.3442922593899946,-1.1185190545454533,,False,True
2026-02-27,BWIN,VAL,0.08545154533248656,0.2675792695982942,2.0,,False,True
2026-02-27,COHR,VAL,0.15985700002119663,0.3200280677844332,-1.0374666616603463,,False,True
2026-02-27,COHX,VAL,0.1972929047672152,0.4539008010471314,-1.5790134464584056,,False,True
2026-02-27,CZR,VAL,0.24579004922604206,0.263749588125327,-1.059894848,,False,False
2026-02-27,DNTH,VAL,0.2890041348332396,0.3179441627570897,-1.0701302447761225,,False,False
2026-02-27,GSAT,VAL,0.31835968026783945,0.3116198981595467,1.109845091743118,,False,False
2026-02-27,IDR,VAL,0.3298947708012197,0.40144473303322875,-1.0732698230235789,,False,False
2026-02-27,INOD,VAL,0.2636151691161144,0.2765175162628542,-1.04580318699187,,False,False
2026-02-27,INTU,VAL,0.3204538676073281,0.39824801371027885,-1.1178687367901232,,False,False
2026-02-27,IPI,VAL,0.4286580943426256,0.3171491750005061,-1.0803027555555558,,True,False
2026-02-27,IRDM,VAL,0.3022967845958422,0.4581746283543909,-1.1046389333333335,,False,False
2026-02-27,IREZ,VAL,0.2019473750449517,0.1640883831021988,2.0,,False,True
2026-02-27,KORU,VAL,0.5981034132446594,0.5053165789526598,0.7306502217435853,,True,False
2026-02-27,LITE,VAL,0.2611342311223401,0.38701763675186235,-1.0617712224354243,,False,False
2026-02-27,LITX,VAL,0.16406840820989266,0.20367436010717835,-1.0370242181446891,,False,True
2026-02-27,MULL,VAL,0.43486559176369105,0.3096830654077692,-1.355620591780821,,True,False
2026-02-27,MUU,VAL,0.3197459169569686,0.19054920174311596,-1.040425862295082,,False,False
2026-02-27,NBIZ,VAL,0.3294359060723052,0.24610848080164444,-1.0770064516129036,,False,False
2026-02-27,PSTG,VAL,0.36620615428235576,0.2972792364908903,-1.0639260852459016,,False,False
2026-02-27,RGTZ,VAL,0.15543318088213076,0.17221436663977047,2.0,,False,True
2026-02-27,SNDK,VAL,0.2104902822657693,0.06199556447004147,-1.0541059550561798,,False,True
2026-02-27,SNDX,VAL,0.491033225166738,0.3178015887062144,2.0,,True,False
2026-02-27,SNXX,VAL,0.40033614380872273,0.4322287910891313,-1.0476866153846152,,False,False
2026-02-27,SOLV,VAL,0.28960040050252994,0.245200284871157,-1.038790699782135,,False,False
2026-02-27,TMDX,VAL,0.37845407782126295,0.3588118717290114,2.0,,False,False
2026-02-27,USAU,VAL,0.21062356970876744,0.33149620910237165,-1.1254473600000003,,False,True
2026-02-27,UUUU,VAL,0.16608701966484468,0.1836280072652458,-1.0496357433962262,,False,True
2026-02-27,WDCX,VAL,0.6728099549192654,0.5816654740462295,-1.1248581941615745,,True,False
2026-02-27,YOU,VAL,0.22515883169561585,0.2731819140129346,2.0,,False,False
2026-03-02,ALM,VAL,0.09440565018311475,0.15807272371466363,-1.128406231578949,,False,True
2026-03-02,AMBA,VAL,0.3815883802318648,0.27831266866575644,0.5006890540540523,,False,False
2026-03-02,ANRO,VAL,0.1375434631555946,0.269001261274132,2.0,,False,True
2026-03-02,APLD,VAL,0.4085360209766637,0.22284370813115842,-1.1123630344827589,,True,False
2026-03-02,APLX,VAL,0.2432349550795987,0.4214769823840286,2.0,,False,False
2026-03-02,ASTS,VAL,0.2067272661564212,0.19290220340240197,1.293595732838584,,False,True
2026-03-02,ASTX,VAL,0.1627319059225735,0.11754908516425584,-1.055610909090909,,False,True
2026-03-02,AVL,VAL,0.3336932583969878,0.3936064872714037,0.4542826153846138,,False,False
2026-03-02,BCO,VAL,0.3215888303041911,0.27972724825502626,2.0,,False,False
2026-03-02,BE,VAL,0.19878032828366535,0.3089163400281929,-1.1102868046476684,,False,True
2026-03-02,BEAM,VAL,0.23114817700652152,0.3364456095718551,-1.1176724965517244,,False,False
2026-03-02,BETA,VAL,0.33895096127440727,0.3808014753748799,-1.1407238492753573,,False,False
2026-03-02,BEX,VAL,0.4818918414399993,0.6041693816644279,2.0,,True,False
2026-03-02,BITB,VAL,0.281868162420819,0.35914372779907966,-0.0159982926829241,,False,False
2026-03-02,BKSY,VAL,0.40930994156866174,0.3466660565808468,2.0,,True,False
2026-03-02,BMNR,VAL,0.16077195410036593,0.13521387086675427,2.0,,False,True
2026-03-02,BNAI,VAL,0.23853970343537992,0.04202824303605876,-1.0490381136842108,,False,False
2026-03-02,BTC,VAL,0.3058257743477023,0.38878755054681136,0.015455259259249,,False,False
2026-03-02,CDRE,VAL,0.3434278869617046,0.3366926742768969,-1.1642670153846189,,False,False
2026-03-02,CHYM,VAL,0.27304006497014843,0.38549018634258514,0.5468208163265306,,False,False
2026-03-02,COHR,VAL,0.2952110361358267,0.21657658384476516,1.267228198818887,,False,False
2026-03-02,COIN,VAL,0.2567039571813841,0.2604438303936402,2.0,,False,False
2026-03-02,CONY,VAL,0.3724462781054747,0.29768055364665325,0.5504745454545341,,False,False
2026-03-02,CRCL,VAL,0.4222102500870776,0.2902487417413528,2.0,,True,False
2026-03-02,CRDO,VAL,0.16244701987402183,0.24664951510671385,-1.1148048660160932,,False,True
2026-03-02,CRI,VAL,0.23263567691148598,0.3412658201781583,-1.1104741710665265,,False,False
2026-03-02,DAVE,VAL,0.5910725337897907,0.25216007662857237,2.0,,True,False
2026-03-02,DBVT,VAL,0.14529958684467875,0.5861056634439604,0.9473041860465116,,False,True
2026-03-02,DCO,VAL,0.26621383446848185,0.2705426829704832,-1.0821019501326263,,False,False
2026-03-02,DIOD,VAL,0.3476295391194366,0.27989518471865915,2.0,,False,False
2026-03-02,DK,VAL,0.25346241994440494,0.40758451012840485,-1.1103248360081832,,False,False
2026-03-02,DPST,VAL,0.32755836403248145,0.34830747358505737,0.5575473295454583,,False,False
2026-03-02,ECPG,VAL,0.21067814182373315,0.2522332589515935,-1.3079197369863005,,False,True
2026-03-02,EDN,VAL,0.4030192426165079,0.2586546639721565,0.6976105978260851,,False,False
2026-03-02,ENPH,VAL,0.10913893777736543,0.23551442264445144,2.0,,False,True
2026-03-02,ESTC,VAL,0.6243777635225879,0.2966472390342329,-1.0976915692307694,,True,False
2026-03-02,ETHU,VAL,0.33610086793754435,0.3543384305937418,2.0,,False,False
2026-03-02,EZBC,VAL,0.3327429963966184,0.3481635293420629,-0.0186818923327998,,False,False
2026-03-02,FBTC,VAL,0.22253545630252414,0.3798316611306201,-0.0128902985074562,,False,True
2026-03-02,FIGR,VAL,0.34573034923709234,0.2071680442184149,2.0,,False,False
2026-03-02,FLY,VAL,0.13637524989406902,0.2599589209787118,2.0,,False,True
2026-03-02,FOUR,VAL,0.4009541582329365,0.4004580179897882,0.1084708000000028,,False,False
2026-03-02,FPS,VAL,0.35474525070860535,0.3038702178027544,-0.2377815476190484,,False,False
2026-03-02,FSLY,VAL,0.4828806849473599,0.4718524991543685,-1.0477901881873728,,True,False
2026-03-02,GBTC,VAL,0.38002435012035457,0.47230017648645134,-0.0216316521739144,,False,False
2026-03-02,GEVX,VAL,0.15513127899078363,0.2783283333434837,-1.0888169205479457,,False,True
2026-03-02,GTLB,VAL,0.2287499889225609,0.23978488324304312,-1.0690696533333337,,False,False
2026-03-02,GXRP,VAL,0.26843433741612766,0.20154886382948908,-1.119669451851852,,False,False
2026-03-02,HOOD,VAL,0.5071515798927618,0.2651192551956358,0.9863920168067246,,True,False
2026-03-02,HOOG,VAL,0.4083590844107141,0.5792325569906682,-1.0666885743589742,,True,False
2026-03-02,HOOW,VAL,0.1264328008534174,0.2758487896135667,-1.5088888354620618,,False,True
2026-03-02,HOOY,VAL,0.19148278601038166,0.25906915901574007,-0.0007897902097886,,False,True
2026-03-02,HSAI,VAL,0.18880333359108914,0.2946051627168064,0.5834767857142753,,False,True
2026-03-02,HUT,VAL,0.39015077262527625,0.2658424782325801,-1.056231939276258,,False,False
2026-03-02,HYMC,VAL,0.08213278219084419,0.2511316082131669,-1.034234021978022,,False,True
2026-03-02,IMNM,VAL,0.11168748993319744,0.35065963464045297,-1.0804414060606056,,False,True
2026-03-02,INGM,VAL,0.3042114245026543,0.6283346797889265,0.0939343902439164,,False,False
2026-03-02,INOD,VAL,0.36275817434799096,0.2521113225566883,-1.092874983783784,,False,False
2026-03-02,IONQ,VAL,0.1673975202424727,0.1553483724207321,-1.0921995102040811,,False,True
2026-03-02,IREN,VAL,0.5192252914440798,0.45233890403305543,0.6619057142857079,,True,False
2026-03-02,ISSC,VAL,0.1782965385158304,0.20570630571875384,2.0,,False,True
2026-03-02,KRMN,VAL,0.16430864813501977,0.1863123408792504,2.0,,False,True
2026-03-02,LABU,VAL,0.20697736722857374,0.4418868358559831,-1.100541500497513,,False,True
2026-03-02,LEU,VAL,0.22080171843099622,0.29943112345087375,2.0,,False,True
2026-03-02,LIF,VAL,0.24860250860951924,0.23106054517186567,-1.0997921827724602,,False,False
2026-03-02,LMND,VAL,0.30074751799512567,0.2655036889362962,0.8827266952789691,,False,False
2026-03-02,MP,VAL,0.2490822349702577,0.32868601572116185,-1.0758062978723406,,False,False
2026-03-02,MSTR,VAL,0.476543563856189,0.20110874881669988,2.0,,True,False
2026-03-02,NNE,VAL,0.25635425113750915,0.22502020386031468,2.0,,False,False
2026-03-02,NVDL,VAL,0.519317911816505,0.3176546712599094,1.1802116374871228,,True,False
2026-03-02,NVTX,VAL,0.29135316377434867,0.20267099246399142,-1.0457843582089552,,False,False
2026-03-02,OKLO,VAL,0.20331400870706068,0.24164497058921874,-1.0907718243902438,,False,True
2026-03-02,OUST,VAL,0.3317735771591633,0.4695288132591198,-1.0783399466666674,,False,False
2026-03-02,PACS,VAL,0.3779800088518275,0.2819800664086048,-1.1078606829268285,,False,False
2026-03-02,PL,VAL,0.28339381193345525,0.21554419368531447,2.0,,False,False
2026-03-02,PLTU,VAL,0.1886700115532775,0.24813406431631888,-0.1198051578947367,,False,True
2026-03-02,POWI,VAL,0.262904018655308,0.35380965756415506,0.0776327526132432,,False,False
2026-03-02,PRCT,VAL,0.3512287328004424,0.335558712723592,-1.1265758545454532,,False,False
2026-03-02,RCUS,VAL,0.2628542865836164,0.13211113691900903,2.0,,False,False
2026-03-02,RKLB,VAL,0.20698840017421086,0.19745755054831238,-1.062834190114068,,False,True
2026-03-02,RKLX,VAL,0.32817788882367616,0.35326267437752107,-1.080719889086948,,False,False
2026-03-02,ROBN,VAL,0.3634965501170888,0.544682349145424,2.0,,False,False
2026-03-02,SEDG,VAL,0.18131223999263396,0.19813332187534047,2.0,,False,True
2026-03-02,SEZL,VAL,0.31225112046966863,0.25878664558277586,2.0,,False,False
2026-03-02,SITM,VAL,0.651688778015663,0.36161408290579916,1.8425231572162544,,True,False
2026-03-02,SOXL,VAL,0.14752421601707577,0.18224144880440973,-1.1180316387096778,,False,True
2026-03-02,STCE,VAL,0.2978602102219491,0.35485308195656895,-1.121307452631579,,False,False
2026-03-02,TNA,VAL,0.1720292756284964,0.3068617252551226,0.8991054838709706,,False,True
2026-03-02,TSAT,VAL,0.5903478154104295,0.7453856421250376,-0.0657127011494238,,True,False
2026-03-02,TSEM,VAL,0.24535290951226943,0.2791705628306464,1.2849601846153853,,False,False
2026-03-02,TTMI,VAL,0.22793365802397128,0.3064108068950249,2.0,,False,False
2026-03-02,UCTT,VAL,0.23076839859309092,0.3183801432842808,1.1163094652406431,,False,False
2026-03-02,UPST,VAL,0.1295863976801353,0.15747861303584845,2.0,,False,True
2026-03-02,URAA,VAL,0.14820788766845638,0.2260870805010689,-1.2024630543362105,,False,True
2026-03-02,URTY,VAL,0.21418806127108955,0.4776141314291193,-1.1029480000000005,,False,True
2026-03-02,USAR,VAL,0.14543246317054084,0.3484297313059091,-1.0964335031096568,,False,True
2026-03-02,UUUU,VAL,0.09145892315066138,0.1555418349347566,2.0,,False,True
2026-03-02,VIAV,VAL,0.37198648749202,0.35486267954017375,1.999999999999997,,False,False
2026-03-02,VRTL,VAL,0.1317882012044146,0.21794445043949962,-1.1060351104895072,,False,True
2026-03-02,VSAT,VAL,0.2597457328740821,0.24014223111940453,-1.0675462554216868,,False,False
2026-03-02,WLK,VAL,0.26040271080292005,0.2240213721944998,-1.040966057142857,,False,False
2026-03-02,WOLF,VAL,0.45064768820101697,0.44411804740785943,2.0,,True,False
2026-03-02,WULX,VAL,0.09059426572272353,0.19693939336108893,-1.646984254606363,,False,True
2026-03-02,XYZ,VAL,0.5618204738790495,0.4798314429208827,2.0000000000000107,,True,False
2026-03-03,AEHR,VAL,0.5605243199654193,0.40231502881409853,-1.042739387840671,,True,False
2026-03-03,AGQ,VAL,0.26876849727892604,0.13560189804706665,-1.0786990736842106,,False,False
2026-03-03,ASTS,VAL,0.41923412537681154,0.27247812975925495,-1.074916921379311,,True,False
2026-03-03,ASTX,VAL,0.1736142226831633,0.08785273034027447,-1.0587441840281266,,False,True
2026-03-03,AVAV,VAL,0.2981509835579551,0.22518954139269878,-1.1042057672862728,,False,False
2026-03-03,BKSY,VAL,0.39471283284566916,0.22709384621915982,0.863865054945064,,False,False
2026-03-03,BTU,VAL,0.4712018240675534,0.3753915363868387,-1.0968481488372093,,True,False
2026-03-03,CENX,VAL,0.6197592271905611,0.39859246767997747,-0.0796915624999999,,True,False
2026-03-03,CHWY,VAL,0.46101586057998717,0.268277936485966,-1.0409175116719245,,True,False
2026-03-03,CONI,VAL,0.2731534202009642,0.2591965472917181,-1.0453964643991875,,False,False
2026-03-03,CORD,VAL,0.09302085750519391,0.24719404253653032,2.0,,False,True
2026-03-03,CRCL,VAL,0.42106603201484777,0.21844929395245857,2.0,,True,False
2026-03-03,ETHU,VAL,0.3085857517740429,0.377746710222347,-1.0622619468185197,,False,False
2026-03-03,FOUR,VAL,0.17409772320860992,0.27369199200019795,2.0,,False,True
2026-03-03,GDXD,VAL,0.34133121154266327,0.27859222035739156,0.2966137837837825,,False,False
2026-03-03,GTLB,VAL,0.6238287782889655,0.4138235599659902,-1.1230326153846164,,True,False
2026-03-03,HOOG,VAL,0.43928947057820356,0.5361752744759599,-1.2952526700804683,,True,False
2026-03-03,HWKN,VAL,0.3810253281165347,0.3413739529777011,0.3204752074088242,,False,False
2026-03-03,IBTA,VAL,0.3975142350921105,0.447562467498326,-1.1170646153846149,,False,False
2026-03-03,INTA,VAL,0.21344291259603768,0.29668644752121437,2.0,,False,True
2026-03-03,IPGP,VAL,0.5338863949926765,0.4875740069286461,-1.0994045000000003,,True,False
2026-03-03,KTUP,VAL,0.5706131705770705,0.3576557728104533,-1.218676622222223,,True,False
2026-03-03,NGNE,VAL,0.7485265854252132,0.39977198560222926,0.3914499047618986,,True,False
2026-03-03,PCRX,VAL,0.3057369533975743,0.3032933534198699,-1.0856065573770493,,False,False
2026-03-03,PLTU,VAL,0.5929946093415692,0.5705974209909603,0.5699795698924826,,True,False
2026-03-03,RGTZ,VAL,0.17478430038295378,0.2911504470599009,-1.0316807325301205,,False,True
2026-03-03,RKLB,VAL,0.7179498305492582,0.44389624531250965,-1.0802639698113206,,True,False
2026-03-03,RKLX,VAL,0.2849310116490115,0.24152293605628253,-1.296778181818191,,False,False
2026-03-03,ROBN,VAL,0.34923698586851293,0.5274676206182083,2.0,,False,False
2026-03-03,SMST,VAL,0.4228176247973881,0.3288531467002107,-1.057037028571429,,True,False
2026-03-03,TEAM,VAL,0.3996435363111991,0.3344827051692418,2.0,,False,False
2026-03-03,UVXY,VAL,0.2763998852901689,0.2810830117027134,-1.03569174025974,,False,False
2026-03-03,VXX,VAL,0.35087550953058266,0.4455444222481592,-1.058884266666667,,False,False
2026-03-03,WGS,VAL,0.4812661517520812,0.465640341924189,2.0,,True,False
2026-03-04,AEHR,VAL,0.18332311583089483,0.16230313934175772,-1.0401637492537317,,False,True
2026-03-04,AFRM,VAL,0.3190220465280644,0.37802855304919086,-1.0984671479674797,,False,False
2026-03-04,AMZU,VAL,0.23454020271534304,0.27607257461967166,-1.1007813565217384,,False,False
2026-03-04,AMZZ,VAL,0.41963801038950743,0.421129986681605,-1.1438994686131452,,True,False
2026-03-04,ANAB,VAL,0.24667445851922284,0.22363571515331954,-1.0879727407407414,,False,False
2026-03-04,APLD,VAL,0.22204880006884486,0.15225585679135964,-1.0932334222222224,,False,True
2026-03-04,APLX,VAL,0.25416228319969936,0.3134232288743506,-1.055974077643422,,False,False
2026-03-04,APP,VAL,0.0836989979875149,0.37007558808834984,-1.106355434264012,,False,True
2026-03-04,ASTH,VAL,0.164118583971573,0.34800668750497854,-1.0559916684684685,,False,True
2026-03-04,ASTS,VAL,0.17724069560163266,0.24658586549397288,1.0050894588293011,,False,True
2026-03-04,ASTX,VAL,0.1737556212834688,0.08235977310608589,2.0,,False,True
2026-03-04,AVBP,VAL,0.10455336493161474,0.34365888358599195,2.0,,False,True
2026-03-04,BATL,VAL,0.4609293010600125,0.029510973470075873,2.0,,True,False
2026-03-04,BE,VAL,0.2144457755215245,0.24537043269308176,-1.0815829823297605,,False,True
2026-03-04,BETA,VAL,0.3802233041429041,0.4797794916439183,-1.115495009523809,,False,False
2026-03-04,BEX,VAL,0.15494205987133458,0.2695891822895978,0.6618654323344177,,False,True
2026-03-04,BKSY,VAL,0.3750187410761104,0.39761088683169055,-1.114490112,,False,False
2026-03-04,BLSH,VAL,0.14765523337324468,0.20277018205540004,2.0,,False,True
2026-03-04,CCOI,VAL,0.3354366330135282,0.4120510083760898,-1.118685356521739,,False,False
2026-03-04,CRDO,VAL,0.31352493363048123,0.45826545124230067,-1.0848262486486493,,False,False
2026-03-04,CWVX,VAL,0.1533751871892049,0.23859153758502158,-1.113340104347826,,False,True
2026-03-04,DAVE,VAL,0.17807765825813315,0.15210084377568062,-1.113964383561644,,False,True
2026-03-04,DDOG,VAL,0.23951270517621823,0.34374788852946264,2.0,,False,False
2026-03-04,DK,VAL,0.4038919914032418,0.4925922133338627,-1.107411435789473,,True,False
2026-03-04,ETHU,VAL,0.27124458478477514,0.22495607258578207,0.4662942675159242,,False,False
2026-03-04,ETOR,VAL,0.1707352658626005,0.409744213406453,-0.730433454545457,,False,True
2026-03-04,EYE,VAL,0.40669402060382737,0.3734373911998318,-1.0480921333333335,,True,False
2026-03-04,FIGR,VAL,0.0903328889684534,0.19583814330960853,-1.0766611134020614,,False,True
2026-03-04,GLXY,VAL,0.11123640736285552,0.15682594330407096,2.0,,False,True
2026-03-04,GTLB,VAL,0.39902267757279053,0.3702988213634895,-1.0830908516638462,,False,False
2026-03-04,HOOG,VAL,0.13028786530347278,0.2946640134459944,-1.0763291897435905,,False,True
2026-03-04,HOOW,VAL,0.08591546838053822,0.22339999340497624,-1.1116978580645167,,False,True
2026-03-04,HUT,VAL,0.1738714552379889,0.23481732255052612,1.0739062758620663,,False,True
2026-03-04,INGM,VAL,0.31408421652974794,0.3514521406448193,-1.1064773517241382,,False,False
2026-03-04,INTW,VAL,0.6909546342020952,0.5705882306226612,0.9365405178211073,,True,False
2026-03-04,IREN,VAL,0.11517877110112108,0.21454239528371224,1.436690000000007,,False,True
2026-03-04,LIF,VAL,0.45569118201822484,0.13099890924618254,-1.1175436521739128,,True,False
2026-03-04,MEOH,VAL,0.2778383119525676,0.3260815632851558,-1.1111085913043472,,False,False
2026-03-04,MUU,VAL,0.6892118179996429,0.5091499208111061,-1.059847640449438,,True,False
2026-03-04,NBIS,VAL,0.1255349089696844,0.286553481591757,-1.1161832255933943,,False,True
2026-03-04,NEBX,VAL,0.19566492623143159,0.43838043252501024,-1.0665404112149532,,False,True
2026-03-04,NGNE,VAL,0.24962963239580038,0.4652945684073452,2.0,,False,False
2026-03-04,PBF,VAL,0.3559965368967249,0.3783883353948789,2.0,,False,False
2026-03-04,PLTU,VAL,0.26134002604814777,0.30433297745747484,-1.1152877176470577,,False,False
2026-03-04,RKLX,VAL,0.27832389573085925,0.27215583794416265,-1.0474972952550283,,False,False
2026-03-04,SKM,VAL,0.18608658408606857,0.40012268820175967,-0.0580953846153857,,False,True
2026-03-04,SNXX,VAL,0.21002793634880132,0.3124778494325643,-1.0757509714285711,,False,True
2026-03-04,STX,VAL,0.21800687431398563,0.4512762166132701,-1.113383092537314,,False,True
2026-03-04,TSAT,VAL,0.21814986992235386,0.24003461992109093,-1.1400402962962997,,False,True
2026-03-04,TSLR,VAL,0.378562922374453,0.33344454557132885,-1.1271310978723408,,False,False
2026-03-04,URGN,VAL,0.23894448390238754,0.44506433363135517,2.0,,False,False
2026-03-04,WIX,VAL,0.2817036085636404,0.3084190802770305,-1.1691839391377816,,False,False
2026-03-05,AMUU,VAL,0.21374828208806332,0.23713947941810884,-1.1526778880000006,,False,True
2026-03-05,AXTI,VAL,0.1506353867660022,0.18182204789551365,-1.0562421461077844,,False,True
2026-03-05,BATL,VAL,0.22637804544094045,0.02230007812359138,2.0,,False,False
2026-03-05,BILL,VAL,0.12081079007455957,0.1932352985839068,-1.106347419607842,,False,True
2026-03-05,BJ,VAL,0.6211820714561676,0.2420971915104957,-1.1030087641675317,,True,False
2026-03-05,BMNZ,VAL,0.3103189591607254,0.3948918986812568,0.0722983898305106,,False,False
2026-03-05,BRZE,VAL,0.15489412531506705,0.20467396397754653,1.1913646799117066,,False,True
2026-03-05,CART,VAL,0.26649973861575066,0.20115460839272278,-1.090880704,,False,False
2026-03-05,CE,VAL,0.22248947766941884,0.22913563031485693,-1.0945262503597122,,False,True
2026-03-05,CENX,VAL,0.20182321605002773,0.2374641393315732,-1.1009338,,False,True
2026-03-05,CHYM,VAL,0.39744329980071064,0.27740034811296205,-1.1160278666666656,,False,False
2026-03-05,CRWD,VAL,0.18525111914544218,0.2718502903721347,-1.0615794124143678,,False,True
2026-03-05,DAKT,VAL,0.25959811275106787,0.333035008106978,-1.0450045901639344,,False,False
2026-03-05,DDOG,VAL,0.09640575421926087,0.27900155792099607,-1.1013736827586216,,False,True
2026-03-05,FIG,VAL,0.26208321971433823,0.2099297206364895,-1.0449861167701864,,False,False
2026-03-05,FIGR,VAL,0.15731970285412267,0.1810207045149522,-1.0652158344827585,,False,True
2026-03-05,FROG,VAL,0.17302146200277335,0.35377174364171743,-1.0856460350877193,,False,True
2026-03-05,FSLY,VAL,0.08385941883984571,0.20741827990567727,-1.1186211047619063,,False,True
2026-03-05,GDXD,VAL,0.39419013428045346,0.2307035669068476,0.4588204796899,,False,False
2026-03-05,GLW,VAL,0.1778308529812356,0.25626352159347565,-1.1143678486486497,,False,True
2026-03-05,HOOZ,VAL,0.27892791364036473,0.2792970354510262,-1.0801825573770458,,False,False
2026-03-05,HUBS,VAL,0.13378575630789677,0.21903004406802232,-1.0784866094808123,,False,True
2026-03-05,INTA,VAL,0.10166707360136619,0.19135206160807383,-1.1184133517241384,,False,True
2026-03-05,INTW,VAL,0.28863466818373285,0.33254374217796756,-1.0734641548387096,,False,False
2026-03-05,IREZ,VAL,0.36167743761376414,0.1663254223292363,-1.1218211809523797,,False,False
2026-03-05,KR,VAL,0.3482715836198925,0.3462548526938732,-1.0752398126126126,,False,False
2026-03-05,KVYO,VAL,0.14545557529518713,0.2728465177948786,-1.1145300837209302,,False,True
2026-03-05,LITE,VAL,0.14421473113234082,0.294348375696171,-1.055350502364395,,False,True
2026-03-05,MDB,VAL,0.3360329682954161,0.33824128312426005,-0.2685922795002886,,False,False
2026-03-05,MMYT,VAL,0.319704856518996,0.4609451311285485,-1.122367872,,False,False
2026-03-05,MNDY,VAL,0.18780445892593436,0.3032652088425651,-1.088636196069707,,False,True
2026-03-05,MOS,VAL,0.39931363323938845,0.2688861872920028,-1.124272123076924,,False,False
2026-03-05,MYE,VAL,0.3391532878337255,0.3767594970427833,-1.0545156118811885,,False,False
2026-03-05,NOW,VAL,0.24785590131585528,0.22400971107529008,-1.1189422399999998,,False,False
2026-03-05,OLN,VAL,0.4735509220672025,0.2172738664931949,-1.0783778941961997,,True,False
2026-03-05,RBRK,VAL,0.1894162370654815,0.20355290148638483,-1.1035176727272733,,False,True
2026-03-05,RDVT,VAL,0.4512739154876748,0.2968569921133377,2.0,,True,False
2026-03-05,RGTZ,VAL,0.14611312343172067,0.3233664164099947,-1.0784024685714282,,False,True
2026-03-05,SE,VAL,0.32479861219678946,0.48815305058167446,-1.1107941647058828,,False,False
2026-03-05,SEG,VAL,0.42013713396327784,0.2285553185903727,-1.0915661714285712,,True,False
2026-03-05,SHOP,VAL,0.21886204459838338,0.3551350508564256,-1.110523572368877,,False,True
2026-03-05,SMST,VAL,0.14818978089034038,0.3035418762415418,-1.1279150987545152,,False,True
2026-03-05,SOLS,VAL,0.2080101206245472,0.34204375877024945,-1.055406839879154,,False,True
2026-03-05,STRO,VAL,0.07030144796060052,0.19827167242817686,-1.1770641777777786,,False,True
2026-03-05,TEAM,VAL,0.13578156025650776,0.18945788553836873,0.3307082706766898,,False,True
2026-03-05,U,VAL,0.1947677444644261,0.21111037751011497,-1.101169536,,False,True
2026-03-05,UVXY,VAL,0.21147574503520006,0.4212405120440006,-1.099564256603773,,False,True
2026-03-05,VIA,VAL,0.21525561931606957,0.156795200340662,-1.0549236974789942,,False,True
2026-03-05,VIXY,VAL,0.4140288058166845,0.4786237839205327,-1.0956275116883112,,True,False
2026-03-05,VXX,VAL,0.18386884767588912,0.5042654642701587,2.0,,False,True
2026-03-05,W,VAL,0.28876068228488916,0.27366240494470684,-1.0463312850241544,,False,False
2026-03-05,WDCX,VAL,0.21968748542600447,0.36155341041635036,-1.1129851639300137,,False,True
2026-03-05,Z,VAL,0.1461945940310635,0.19112251307867917,-1.075526610526316,,False,True
2026-03-06,AAOI,VAL,0.21441976310498692,0.41239262963026035,2.0,,False,True
2026-03-06,ALAB,VAL,0.44474928624306526,0.3897176840743354,-1.0704921444651074,,True,False
2026-03-06,APLD,VAL,0.3428814674352887,0.20441859327973072,-1.0614261925925927,,False,False
2026-03-06,ASMG,VAL,0.23628564323052692,0.2429778589910282,-1.070107594202895,,False,False
2026-03-06,ASTS,VAL,0.13532078588845392,0.18266955400307186,-1.055815572277227,,False,True
2026-03-06,ASTX,VAL,0.09205475126135916,0.12931762777240222,-1.0417371271854643,,False,True
2026-03-06,AVAV,VAL,0.25193018871492595,0.32799405145879246,-1.0835332327044032,,False,False
2026-03-06,AVGU,VAL,0.28615721394425075,0.29759132550149187,-1.4869219822109256,,False,False
2026-03-06,AVGX,VAL,0.3713679224992132,0.2915297420947586,-1.0955568615384623,,False,False
2026-03-06,AVL,VAL,0.49123977853099754,0.40567619656138354,-1.0573121747171663,,True,False
2026-03-06,AXTI,VAL,0.15352369963347134,0.015511256801982787,-1.0512811732724157,,False,True
2026-03-06,BA,VAL,0.389188557395342,0.5041896725466017,0.0123874719986755,,False,False
2026-03-06,BEAM,VAL,0.23939162521832472,0.2613983700277715,-1.125614464,,False,False
2026-03-06,BETR,VAL,0.33249924851272133,0.35919543203171383,-1.224199773749098,,False,False
2026-03-06,BKSY,VAL,0.1902391715905815,0.1466354748859034,-1.1030008040004635,,False,True
2026-03-06,BLLN,VAL,0.3111935775633762,0.28004584379566777,-1.0933914694300515,,False,False
2026-03-06,BNAI,VAL,0.269784532919877,0.3503463847326837,-1.03007872,,False,False
2026-03-06,BWMN,VAL,0.37047762860605943,0.13999931914035738,0.1952866216216226,,False,False
2026-03-06,CAPR,VAL,0.23023955820124942,0.265716354989667,-1.264855703703714,,False,False
2026-03-06,CIEN,VAL,0.26452272142783273,0.3025349678072933,-1.1158283037974674,,False,False
2026-03-06,COHR,VAL,0.2849050039088672,0.22245772230632888,-1.071310706507368,,False,False
2026-03-06,COHX,VAL,0.3694859329844815,0.23512881546154718,-1.654504527599756,,False,False
2026-03-06,CRDO,VAL,0.1940034741094459,0.3060605243249315,-1.0926682201342286,,False,True
2026-03-06,CWVX,VAL,0.10910981078605214,0.24314827622257765,-1.1253888203821647,,False,True
2026-03-06,DNTH,VAL,0.37743681564303705,0.34979400519898907,-1.0784132378947366,,False,False
2026-03-06,FSLY,VAL,0.18490904837703928,0.2738725176763927,-1.0534525217391308,,False,True
2026-03-06,GDS,VAL,0.25222260946929476,0.2664645449820564,2.0,,False,False
2026-03-06,HROW,VAL,0.2560831359010356,0.28985585272887304,-1.0845302466498354,,False,False
2026-03-06,HSAI,VAL,0.29073418883120006,0.29135060365842846,-1.1608277333333237,,False,False
2026-03-06,IONQ,VAL,0.45187364330097013,0.34283408328544523,-1.0600915862068965,,True,False
2026-03-06,KORU,VAL,0.15064904371887897,0.6418189634284204,-1.041924871039405,,False,True
2026-03-06,KRMN,VAL,0.2765036496922548,0.29746011462660715,-1.0782037538461535,,False,False
2026-03-06,KTOS,VAL,0.1454248347346074,0.26457744997372834,2.0,,False,True
2026-03-06,LASR,VAL,0.4165222945791586,0.2972240909739247,-1.082043604395604,,True,False
2026-03-06,LEU,VAL,0.2621731201283069,0.21350726155984884,-1.0861091187176,,False,False
2026-03-06,LITE,VAL,0.1239018508148519,0.27929930133936226,-1.1156534619847316,,False,True
2026-03-06,LITX,VAL,0.2443230470776618,0.31424518845910854,-1.0352268464419476,,False,False
2026-03-06,LMB,VAL,0.25689306189449107,0.25322933145016613,-1.081194271604939,,False,False
2026-03-06,LMND,VAL,0.3675460624429399,0.3240671783173546,-1.0574289122807017,,False,False
2026-03-06,LQDA,VAL,0.20453319393873637,0.2626782814748883,2.0,,False,True
2026-03-06,MDB,VAL,0.20503736531757327,0.45418742106676946,-1.103072889456869,,False,True
2026-03-06,MUU,VAL,0.25881748789209935,0.2668677454793056,-1.0777005625,,False,False
2026-03-06,NUGT,VAL,0.3889289266636364,0.37627548638719943,-1.0801312547788875,,False,False
2026-03-06,PLTU,VAL,0.1937421862522919,0.3935412476952271,2.0,,False,True
2026-03-06,RAPP,VAL,0.33582066863105126,0.27171975736065074,-1.0596402133333336,,False,False
2026-03-06,RKLB,VAL,0.19503686506577672,0.2541987276624621,-1.0495308686390532,,False,True
2026-03-06,RKLX,VAL,0.3516216933935079,0.3590805062583387,2.0,,False,False
2026-03-06,SEI,VAL,0.29323054140441185,0.29980145093779703,-1.0732367094044268,,False,False
2026-03-06,SKYT,VAL,0.6260767960737025,0.5340438313132254,-1.0858055683771175,,True,False
2026-03-06,SNXX,VAL,0.11647095078343055,0.19704995727578667,-1.051178473667932,,False,True
2026-03-06,SOXL,VAL,0.37005312790604505,0.203641587158922,-1.0940773818181824,,False,False
2026-03-06,STRO,VAL,0.12119068221723311,0.13064937044918362,2.0,,False,True
2026-03-06,TECX,VAL,0.3346294959118348,0.39195838513461684,2.0,,False,False
2026-03-06,TERN,VAL,0.33782231595536133,0.4907650662189245,2.0,,False,False
2026-03-06,URGN,VAL,0.21005450829365155,0.7627126433593014,-1.064046063157895,,False,True
2026-03-06,VRTL,VAL,0.40008130159484806,0.41437244497561276,-1.4483568983240167,,False,False
2026-03-06,WGS,VAL,0.15453742934098127,0.42630079486352934,-1.060321646242775,,False,True
2026-03-06,WLY,VAL,0.2729552297264515,0.1405247795155654,0.3759835211267603,,False,False
2026-03-06,YPF,VAL,0.3744156064516973,0.502857716363533,-1.1110047999999997,,False,False
2026-03-09,AAOI,VAL,0.21343002077857792,0.1672131373166804,-1.0428669247311828,,False,True
2026-03-09,AEHR,VAL,0.26932847186409575,0.2390593571849551,2.0,,False,False
2026-03-09,AMUU,VAL,0.32704543982602263,0.3399953788964733,2.0,,False,False
2026-03-09,APLD,VAL,0.527067845309226,0.20495535094682227,-1.12227903899765,,True,False
2026-03-09,APLX,VAL,0.3902188550037075,0.18408780413471199,-1.0307075288220553,,False,False
2026-03-09,AVGG,VAL,0.5104210314305396,0.21190742445066585,2.0,,True,False
2026-03-09,AVGX,VAL,0.7006129062972853,0.5157491265807729,2.0,,True,False
2026-03-09,AVL,VAL,0.6765312171421607,0.30448528634617,2.0,,True,False
2026-03-09,AXTI,VAL,0.24031696918452264,0.11140888265558795,2.0,,False,False
2026-03-09,BE,VAL,0.2853853063358752,0.2655890905767722,2.0,,False,False
2026-03-09,BEX,VAL,0.24813414893278404,0.11964884013884163,2.0,,False,False
2026-03-09,CIEN,VAL,0.5933381028963607,0.5550698957848343,1.17374041489361,,True,False
2026-03-09,CLDX,VAL,0.6427372763424403,0.4405418521102009,2.0,,True,False
2026-03-09,CRCL,VAL,0.23158131612233282,0.1577488704759027,-1.1010459847328251,,False,False
2026-03-09,FIG,VAL,0.39936228250196687,0.29346141139734966,-1.0663274857681433,,False,False
2026-03-09,FIGR,VAL,0.4404071459091338,0.23538383402106416,-1.0499513424657534,,True,False
2026-03-09,FSLY,VAL,0.11172213218977581,0.25056571124885146,2.0,,False,True
2026-03-09,GDXD,VAL,0.24160373061652593,0.5945810905157364,-1.0410471646017698,,False,False
2026-03-09,HOOG,VAL,0.3841881471825219,0.4634985687178264,-1.3195669333333249,,False,False
2026-03-09,INTW,VAL,0.43330502495630363,0.6812928654043884,2.0,,True,False
2026-03-09,ISSC,VAL,0.4075268036237511,0.47031070491599536,2.0,,True,False
2026-03-09,KORU,VAL,0.15407495785106373,0.6120960763344376,2.0,,False,True
2026-03-09,LIF,VAL,0.26261662778642947,0.46310245105426495,-1.1230705391304343,,False,False
2026-03-09,LITE,VAL,0.10689182646587553,0.3474750089456738,0.4703287494789484,,False,True
2026-03-09,LNTH,VAL,0.6788518601361049,0.308389277032152,1.1679710029263122,,True,False
2026-03-09,MRNA,VAL,0.5672873480984028,0.29525048944013094,-1.051409385826772,,True,False
2026-03-09,MULL,VAL,0.4092642177143263,0.5812016316420274,-1.113286443537415,,True,False
2026-03-09,MUU,VAL,0.24702463929775573,0.37303482037778146,2.0,,False,False
2026-03-09,MWH,VAL,0.33394239841795675,0.3985390472309933,-0.9949858695652148,,False,False
2026-03-09,NBIS,VAL,0.5113034540969017,0.3897120855555502,2.0,,True,False
2026-03-09,NUTX,VAL,0.7577207294311133,0.6705109014724806,1.6341210362694245,,True,False
2026-03-09,NVTX,VAL,0.30457530479897843,0.22523640880344695,-1.1290401651395483,,False,False
2026-03-09,POWL,VAL,0.5104231069295367,0.40793320954298357,-1.0817968990371385,,True,False
2026-03-09,RHLD,VAL,0.5758890396852293,0.38207576999005155,-1.3961429903743263,,True,False
2026-03-09,RKLX,VAL,0.5233637754512775,0.3216300014530802,-1.035573542857143,,True,False
2026-03-09,ROBN,VAL,0.4381905749064559,0.28494295425701877,-1.07781873898305,,True,False
2026-03-09,SITM,VAL,0.5031975764724528,0.5915297761076584,2.0,,True,False
2026-03-09,SNDK,VAL,0.22811513998675934,0.22583387460907242,2.0,,False,False
2026-03-09,SNDX,VAL,0.3802726589280982,0.3056776724755851,-1.1063630222222225,,False,False
2026-03-09,SNXX,VAL,0.3986210494455843,0.19225900324540246,2.0,,False,False
2026-03-09,SOXL,VAL,0.5841787883047312,0.36429782155561535,2.0,,True,False
2026-03-09,STOK,VAL,0.25815433359665835,0.31316819295166365,-1.2482081777777778,,False,False
2026-03-09,TER,VAL,0.40728720883757635,0.41066040503023893,2.0,,True,False
2026-03-09,TGS,VAL,0.3883393836144263,0.4234117329679437,-1.129288727272723,,False,False
2026-03-09,TSMG,VAL,0.5771057348725863,0.3701447336665491,-1.746844693333324,,True,False
2026-03-09,TTMI,VAL,0.4718341803992891,0.35718796383963425,2.0,,True,False
2026-03-09,URNJ,VAL,0.5468465750923039,0.4979511145986287,2.0,,True,False
2026-03-09,UVXY,VAL,0.3889420442311769,0.40810493342162346,-1.072886606451613,,False,False
2026-03-09,WDC,VAL,0.4261105224452869,0.32164130654604584,2.0,,True,False
2026-03-09,WDCX,VAL,0.377652333195685,0.6444272007591296,2.0,,False,False
2026-03-10,AAOI,VAL,0.5909516586097184,0.4883065583103618,-1.0591695632257547,,True,False
2026-03-10,ADEA,VAL,0.3122182676346458,0.4796514083144909,-1.1254365090909098,,False,False
2026-03-10,AEHR,VAL,0.35515777330111514,0.35453637997734533,2.0,,False,False
2026-03-10,ALM,VAL,0.04326385154272675,0.2224034481694594,-1.1201585793037665,,False,True
2026-03-10,ASTX,VAL,0.23307150131351245,0.23168795053673638,-1.0793246666666667,,False,False
2026-03-10,AVBP,VAL,0.527542570672191,0.26904047511617174,-1.108608539089229,,True,False
2026-03-10,AXTI,VAL,0.5983657384072457,0.33963650306815396,-1.07665938028169,,True,False
2026-03-10,BBIO,VAL,0.2621412396848414,0.35380867111468445,2.0,,False,False
2026-03-10,BETR,VAL,0.16290163956896558,0.2748003614086197,2.0,,False,True
2026-03-10,BEX,VAL,0.19159323504315676,0.18561259845743522,-1.0902616103764635,,False,True
2026-03-10,CIEN,VAL,0.34969764862852015,0.4289214984819093,-1.0717819550802137,,False,False
2026-03-10,CRCL,VAL,0.33332945849881046,0.3395218659955914,-1.1167755107438009,,False,False
2026-03-10,ELF,VAL,0.4403349240342607,0.34522254178792955,-0.8839575000000055,,True,False
2026-03-10,FPS,VAL,0.7555387024916412,0.5209132781170587,-1.0593564187404425,,True,False
2026-03-10,GGAL,VAL,0.5134329503476399,0.4074973216089157,-1.1099852666666656,,True,False
2026-03-10,GLSI,VAL,0.11604305317684001,0.21087835359537124,-1.0972964848484843,,False,True
2026-03-10,GPCR,VAL,0.46293070452640855,0.37592852957896444,-1.094501290666667,,True,False
2026-03-10,HYMC,VAL,0.16098345816028692,0.25952671474009575,2.0,,False,True
2026-03-10,INTW,VAL,0.5814177972472271,0.4609599166106465,-1.2166215999999983,,True,False
2026-03-10,LASR,VAL,0.42702557184037604,0.4348426650102616,-1.0760949544554452,,True,False
2026-03-10,MBX,VAL,0.2809214766721563,0.38833811277078417,-1.1470408000000032,,False,False
2026-03-10,MLYS,VAL,0.275812274132281,0.19114706269722817,2.0,,False,False
2026-03-10,MTN,VAL,0.6162051857618519,0.2431213601756386,-1.1418032592592608,,True,False
2026-03-10,MULL,VAL,0.5098380940185817,0.4940632289527692,2.0,,True,False
2026-03-10,MUU,VAL,0.3028393995172773,0.28686495320547456,2.0,,False,False
2026-03-10,NVTX,VAL,0.5941668328476871,0.34807942954656323,-1.1938569615734878,,True,False
2026-03-10,ONDL,VAL,0.26668052157941746,0.27462176459281606,-1.0460683692307693,,False,False
2026-03-10,OUST,VAL,0.21116947637358122,0.5075618540085169,-0.0023875555555561,,False,True
2026-03-10,PLPC,VAL,0.35998600321138347,0.34499906727495094,2.0,,False,False
2026-03-10,PLTZ,VAL,0.3066142353406981,0.40541619202491846,0.4872051943861872,,False,False
2026-03-10,RCAX,VAL,0.35920488789565275,0.10297210414067745,-1.437279159322033,,False,False
2026-03-10,RH,VAL,0.40650637483309626,0.5067324196356381,-1.092629058885942,,True,False
2026-03-10,RKLX,VAL,0.3795585387601027,0.33345008953141975,-1.1013991619047614,,False,False
2026-03-10,SEDG,VAL,0.2560009474088102,0.26258120080661235,-1.10023557752809,,False,False
2026-03-10,SEI,VAL,0.4280495031221144,0.3765424666058982,2.0,,True,False
2026-03-10,SMST,VAL,0.5073710596952818,0.41874099927560354,-1.0493485377049172,,True,False
2026-03-10,SNXX,VAL,0.36613924360009203,0.22863510455245192,2.0,,False,False
2026-03-10,TSAT,VAL,0.5273242454323185,0.39128290534935417,-1.100880786885251,,True,False
2026-03-10,USAR,VAL,0.415484632727489,0.4439197846966798,2.0,,True,False
2026-03-10,USAX,VAL,0.49042201070129765,0.30730270918059427,2.0,,True,False
2026-03-10,VICR,VAL,0.22942034834573702,0.3662048045404791,-1.3940560075829431,,False,False
2026-03-10,VOYG,VAL,0.1531349915345479,0.12386248370079514,2.0,,False,True
2026-03-10,VRTL,VAL,0.5771946434831995,0.29127434667142754,-0.6528683971291854,,True,False
2026-03-10,WDCX,VAL,0.2966697651869029,0.3088993544816223,-1.042242125015231,,False,False
2026-03-10,ZYME,VAL,0.292683276896586,0.25369397603874677,2.0,,False,False
2026-03-11,AA,VAL,0.31940564317809217,0.36809960815703435,-1.0949210399999996,,False,False
2026-03-11,AAOI,VAL,0.4048184211932554,0.24511914380094507,1.999999999999993,,True,False
2026-03-11,AEHR,VAL,0.2629591846566449,0.38360560558526297,-1.0521535993599358,,False,False
2026-03-11,ALAB,VAL,0.3549635656880214,0.3132009322522281,2.0,,False,False
2026-03-11,ALM,VAL,0.14308142341374003,0.2919177201637695,-1.11678712888889,,False,True
2026-03-11,ANAB,VAL,0.43083666117177566,0.3170519318262806,-1.0984040101265815,,True,False
2026-03-11,ANRO,VAL,0.3825884262098696,0.3317625112115662,0.4972556915383572,,False,False
2026-03-11,APLD,VAL,0.26839821264715474,0.17258811271972044,-1.0801869543908686,,False,False
2026-03-11,ASTS,VAL,0.28474927541663225,0.24680463456634058,-1.061394942528736,,False,False
2026-03-11,ASTX,VAL,0.2221802107944726,0.31262963805455785,2.0,,False,True
2026-03-11,AXTI,VAL,0.5418900817630912,0.37186613879463787,2.0,,True,False
2026-03-11,BE,VAL,0.2929305951636835,0.1587294262672532,-1.0681425381294964,,False,False
2026-03-11,BEX,VAL,0.23699856911943565,0.49817154541771097,-1.04201472,,False,False
2026-03-11,BNAI,VAL,0.3056365440518186,0.3221837230530601,-1.034033015498155,,False,False
2026-03-11,CABO,VAL,0.3687053005439689,0.21852272990490068,-1.0564346562091502,,False,False
2026-03-11,CAPR,VAL,0.16513816147698995,0.1976064158616594,-1.1216403104477608,,False,True
2026-03-11,CF,VAL,0.19567187943117942,0.38547489387513584,-1.1151193235772354,,False,True
2026-03-11,CRDO,VAL,0.3455426195022132,0.3396582794263271,-1.0598627007026165,,False,False
2026-03-11,CWVX,VAL,0.1389113332262598,0.19864894903411584,-1.1566053877551028,,False,True
2026-03-11,DCBO,VAL,0.13650813116479812,0.25570402081601107,2.0,,False,True
2026-03-11,DOCN,VAL,0.14078514830257563,0.3254167037422312,2.0,,False,True
2026-03-11,FLY,VAL,0.20214981123040568,0.2609934982415068,-1.0840274169491533,,False,True
2026-03-11,FSLY,VAL,0.1270891295432297,0.20466288819614326,-1.0980809931034474,,False,True
2026-03-11,GPC,VAL,0.2663828604317375,0.35792991003010266,-1.0660468442260442,,False,False
2026-03-11,HIMS,VAL,0.23276743094027724,0.62019783197192,2.0,,False,False
2026-03-11,HUT,VAL,0.3568239971692068,0.2867465978120657,-1.079986905263158,,False,False
2026-03-11,INDV,VAL,0.12025287244614613,0.28754971657979644,-1.051861164556962,,False,True
2026-03-11,IREN,VAL,0.12968605269172548,0.13833309641745548,0.5191461674008842,,False,True
2026-03-11,IREX,VAL,0.13223652649623038,0.2237596528833479,2.0,,False,True
2026-03-11,LASR,VAL,0.36206204459254426,0.27167772247434946,-1.1202414276923092,,False,False
2026-03-11,MULL,VAL,0.5008951596864091,0.36493238306464737,-1.1113048306010938,,True,False
2026-03-11,MUU,VAL,0.30182647818508057,0.3123795376728721,-1.1033347156950677,,False,False
2026-03-11,NRGU,VAL,0.33495681824719337,0.4371071086714736,2.0,,False,False
2026-03-11,ONDL,VAL,0.13563344048522868,0.18870803292759125,-1.0362355071633238,,False,True
2026-03-11,PI,VAL,0.20022545844545714,0.2705792940070728,-1.118154343434344,,False,True
2026-03-11,PL,VAL,0.21981586531646902,0.18363456571290598,-1.0996561269841276,,False,True
2026-03-11,PRCT,VAL,0.28852847385752284,0.5535026367860238,2.0,,False,False
2026-03-11,PRE,VAL,0.24828634591495402,0.31954798133061163,-0.2228212230215798,,False,False
2026-03-11,PSIX,VAL,0.38833699266505234,0.5475084571431902,0.0298252571428552,,False,False
2026-03-11,RCAX,VAL,0.33147682144733565,0.1276906903969852,2.0,,False,False
2026-03-11,RKLB,VAL,0.258933334137468,0.2503987544454309,-1.0768420324324324,,False,False
2026-03-11,RKLX,VAL,0.37596454196203577,0.5537110101122067,-1.051135480545229,,False,False
2026-03-11,SATS,VAL,0.31293824893476097,0.34452287289110806,-1.101465076806084,,False,False
2026-03-11,SEDG,VAL,0.1744047174262485,0.24446401326175232,-1.097002460215053,,False,True
2026-03-11,SEI,VAL,0.3020237711779189,0.3054546071619397,-1.1193386857142866,,False,False
2026-03-11,SNXX,VAL,0.4312703799639581,0.4202611006116933,-1.0599362097686376,,True,False
2026-03-11,TSAT,VAL,0.3697333783814553,0.39939354534983423,-1.0506285333333336,,False,False
2026-03-11,TSLR,VAL,0.2679775987447809,0.4015166460824088,-1.057540528301887,,False,False
2026-03-11,TSLT,VAL,0.14657396385786,0.15582383707635242,-1.1199283809523826,,False,True
2026-03-11,UNFI,VAL,0.514390616430365,0.3229659818922144,2.0,,True,False
2026-03-11,WGMI,VAL,0.23623391058304416,0.16765212598351645,-1.1526825039619752,,False,False
2026-03-11,WULX,VAL,0.29718166664986817,0.38115138338788057,2.0,,False,False
2026-03-12,AMRC,VAL,0.4867369535709101,0.48606272765955233,-1.1212422153846149,,True,False
2026-03-12,ANDE,VAL,0.5309370533275767,0.5169895600892545,0.7333600724637389,,True,False
2026-03-12,ASTX,VAL,0.3147547278505301,0.3400087732905191,-1.0937499508771928,,False,False
2026-03-12,AXTI,VAL,0.34821644268486557,0.4015282629281998,-1.0335126153846157,,False,False
2026-03-12,BATL,VAL,0.2606399273300994,0.2985781783613799,-1.042137696969697,,False,False
2026-03-12,BMNZ,VAL,0.09144776837972388,0.2507941891457489,-1.1059137306122444,,False,True
2026-03-12,CE,VAL,0.1810719467797339,0.3246443954457378,2.0,,False,True
2026-03-12,CF,VAL,0.42119234392309957,0.3763627630606805,0.2732642009132506,,True,False
2026-03-12,CWVX,VAL,0.3811672843876771,0.4546082152513703,-1.1866499929824592,,False,False
2026-03-12,GDXD,VAL,0.4258108572879084,0.35546394074791515,-1.0855424812463936,,True,False
2026-03-12,IREZ,VAL,0.4194980180480879,0.3218023252877897,-1.1098112000000002,,True,False
2026-03-12,LEU,VAL,0.2480148500668362,0.38465543162551136,2.0,,False,False
2026-03-12,MANE,VAL,0.47598618050237984,0.4409153434505379,2.0,,True,False
2026-03-12,MEOH,VAL,0.26413949916422713,0.21841766059297998,-0.1806842718446555,,False,False
2026-03-12,ONDL,VAL,0.1708184628131312,0.34438716278643805,-1.0418546412884335,,False,True
2026-03-12,RGTZ,VAL,0.39839631286139915,0.39861046510029874,-1.0430536646371569,,False,False
2026-03-12,TEAM,VAL,0.4262657005485862,0.3641352473312331,-1.063200108474576,,True,False
2026-03-12,UMAC,VAL,0.41567900179297984,0.37992154949683266,2.0,,True,False
2026-03-12,W,VAL,0.26395350179123855,0.3938740813115918,-1.1139943089230768,,False,False
2026-03-13,AXGN,VAL,0.23468429251436285,0.32039352015867595,-1.0686904279720275,,False,False
2026-03-13,AXTI,VAL,0.5356947139513752,0.2490927853366533,-1.0395838116345022,,True,False
2026-03-13,BMNZ,VAL,0.41789474123155,0.2754896513977567,-1.0470841000807103,,True,False
2026-03-13,CWVX,VAL,0.18079531089239032,0.23767077481287507,-1.0515950490566035,,False,True
2026-03-13,ETHD,VAL,0.3084896866607579,0.5855078651532972,-1.0910314224852056,,False,False
2026-03-13,FSLY,VAL,0.14198671729719473,0.29251339919245384,-1.059906829365873,,False,True
2026-03-13,HOOZ,VAL,0.26465698676401217,0.3414405042565534,-2.11414585263156,,False,False
2026-03-13,IREX,VAL,0.3692368092017617,0.43346593814078443,-1.041032634801036,,False,False
2026-03-13,LABD,VAL,0.15805772997480283,0.5563587633053173,-1.089429916981132,,False,True
2026-03-13,MULL,VAL,0.3937728888488832,0.5192790230779165,-1.057815419362898,,False,False
2026-03-13,MUU,VAL,0.4096443563070089,0.3312505994323078,-1.0525156810933942,,True,False
2026-03-13,NBIS,VAL,0.306706413717484,0.24967802432267802,-1.0686681696969695,,False,False
2026-03-13,NKTR,VAL,0.6305973537002114,0.35022615689537545,-1.0388391157894736,,True,False
2026-03-13,ONDL,VAL,0.4234688252359625,0.35541865844539866,-1.0409079272727273,,True,False
2026-03-13,PLTZ,VAL,0.47782130377108134,0.4019280841531902,-1.0664513846153847,,True,False
2026-03-13,QLYS,VAL,0.6282146059404426,0.3590266280619803,-1.0406191890410958,,True,False
2026-03-13,SBIT,VAL,0.5632460520320414,0.5187296254918308,-0.2519219503482703,,True,False
2026-03-13,SEDG,VAL,0.2118587878613615,0.33774422198034176,-0.5255048760330587,,False,True
2026-03-13,SMST,VAL,0.5254289883092693,0.734032151877445,-1.3094661670886076,,True,False
2026-03-13,SNXX,VAL,0.48446090498814354,0.49560831391263965,2.0,,True,False
2026-03-13,TSEM,VAL,0.18488567464328984,0.4784676949939082,-1.112560397066449,,False,True
2026-03-13,UVXY,VAL,0.37011594010562954,0.49081025289982383,-1.076632141772152,,False,False
2026-03-13,VOYG,VAL,0.3088309936512849,0.31088208268005596,-1.0848374153846152,,False,False
2026-03-13,WDCX,VAL,0.33298286334772237,0.6052008851422057,-1.3566557642105286,,False,False
2026-03-16,AKTS,VAL,0.20702547800849563,0.2795034558397098,-1.044207627906975,,False,True
2026-03-16,ARIS,VAL,0.1820081766819786,0.273045041519412,-1.0889795018867925,,False,True
2026-03-16,CAPR,VAL,0.5825137359475384,0.45649051128201007,-1.0447350918196996,,True,False
2026-03-16,GDXU,VAL,0.4551240464061664,0.6941321216016662,-1.0996439921377004,,True,False
2026-03-16,HTFL,VAL,0.3142545270232156,0.28530838826808114,-1.1064293333333324,,False,False
2026-03-16,LASR,VAL,0.27545009469187604,0.2784371725667153,-1.1123476,,False,False
2026-03-16,LBRX,VAL,0.37556133895728666,0.2951740381270403,-1.1311631392405144,,False,False
2026-03-16,LMND,VAL,0.273105658770036,0.28137452734365376,-1.1626010358195016,,False,False
2026-03-16,MPLT,VAL,0.6379937925035095,0.4988886119837531,-1.053919582608696,,True,False
2026-03-16,MVLL,VAL,0.6012620221123737,0.6163744560121294,-0.0493644615384637,,True,False
2026-03-16,NEBX,VAL,0.30062228282579134,0.4009365061865869,-1.109649355932204,,False,False
2026-03-16,NP,VAL,0.3593107699678254,0.3211848777520634,-1.042855923809524,,False,False
2026-03-16,PPTA,VAL,0.43627802043764985,0.5510049891416289,-1.1532351999999944,,True,False
2026-03-16,PSIX,VAL,0.44839816193342363,0.2931156937775648,-1.0605993259574469,,True,False
2026-03-16,RGTZ,VAL,0.4447845703978907,0.5694365193056217,2.0,,True,False
2026-03-16,SEDG,VAL,0.39314166041284976,0.3596075705399428,-1.0420863209982942,,False,False
2026-03-16,SNDA,VAL,0.5914474350892324,0.37212126650263216,-1.0533703358926572,,True,False
2026-03-16,SNXX,VAL,0.603689543161672,0.3652700489563958,-1.0458894809917358,,True,False
2026-03-16,SYRE,VAL,0.161164111192964,0.3974995887476881,-1.1015741782178228,,False,True
2026-03-16,USAX,VAL,0.5557090126784762,0.4784057277547082,-1.0315906133333337,,True,False
2026-03-16,VICR,VAL,0.3834622794197534,0.4085626337072929,-1.073651906354515,,False,False
2026-03-17,ASTS,VAL,0.3964916011514909,0.2438371816317886,-1.0820863294117649,,False,False
2026-03-17,ASTX,VAL,0.6325195607273967,0.3396081165638246,2.0,,True,False
2026-03-17,AXTI,VAL,0.2115457930353289,0.1662968479093528,-1.0644199028901735,,False,True
2026-03-17,BETR,VAL,0.5539764466309137,0.45423905599562425,0.7455454237288117,,True,False
2026-03-17,BEX,VAL,0.46969271188273803,0.4651102176714968,-1.058535118367347,,True,False
2026-03-17,BKSY,VAL,0.10438656935202376,0.2666798610265575,-1.0559450930276264,,False,True
2026-03-17,CC,VAL,0.2564164263191774,0.16245482810251943,-1.1074240000000006,,False,False
2026-03-17,COHR,VAL,0.23735496721664331,0.29600461213220197,-1.0812414837988824,,False,False
2026-03-17,COHX,VAL,0.3869571447157104,0.5565995477619913,-1.5641372591415028,,False,False
2026-03-17,DJCO,VAL,0.15943000965576135,0.24088303695657085,-1.1158046943689326,,False,True
2026-03-17,DUOL,VAL,0.4703760114851583,0.4542258137705744,-1.0588003880597017,,True,False
2026-03-17,ELAN,VAL,0.2715144591120925,0.25163779521882906,-1.0966424655737703,,False,False
2026-03-17,FSLY,VAL,0.08846340808217977,0.247563352076441,-1.0496103563636363,,False,True
2026-03-17,GLSI,VAL,0.5431840058023659,0.2203434521987114,-1.07892520727273,,True,False
2026-03-17,IBTA,VAL,0.20973897613051148,0.5728473473170655,-1.0383130864197532,,False,True
2026-03-17,ICHR,VAL,0.6656242004302099,0.3821212577426835,2.0,,True,False
2026-03-17,KMTS,VAL,0.3178430045789478,0.40989399286673445,-1.0789928393442625,,False,False
2026-03-17,LABX,VAL,0.23143423549324793,0.45995480082750073,-1.037774918309859,,False,False
2026-03-17,LITE,VAL,0.2747413894887222,0.5007017290667144,-1.07714671620227,,False,False
2026-03-17,LMND,VAL,0.38183347073348445,0.3085701346896371,2.0,,False,False
2026-03-17,MOS,VAL,0.2626842301652284,0.18165415221662698,-1.1074613,,False,False
2026-03-17,NSP,VAL,0.5219608886708567,0.5912519212337944,-0.0034425157232709,,True,False
2026-03-17,ONDL,VAL,0.5529704988447552,0.623246177004758,-1.0630038463287108,,True,False
2026-03-17,PI,VAL,0.5199890229236551,0.383768347002068,-1.0972926173441306,,True,False
2026-03-17,PL,VAL,0.36123504456346484,0.24204232541953208,-1.062359510204082,,False,False
2026-03-17,RHLD,VAL,0.4207838557724914,0.3952319384736765,-1.092835555555555,,True,False
2026-03-17,RKLB,VAL,0.4477750528459315,0.26048978200496725,2.0,,True,False
2026-03-17,RKLX,VAL,0.4801545531661154,0.5407533469204127,2.0,,True,False
2026-03-17,ROBN,VAL,0.389996098779428,0.357646360644882,-1.187743268571425,,False,False
2026-03-17,SEI,VAL,0.38756104327022756,0.32847791730390113,-1.0837188473118289,,False,False
2026-03-17,TTAN,VAL,0.6614206437659786,0.509048361860589,-1.047744,,True,False
2026-03-17,TTD,VAL,0.34498668268493193,0.26304243363036295,-1.116231944827585,,False,False
2026-03-17,UCTT,VAL,0.41669314089828013,0.28129493190446164,-1.072822164210527,,True,False
2026-03-17,USAX,VAL,0.4822995651674914,0.33532962856760423,-1.1606348685714287,,True,False
2026-03-17,WDCX,VAL,0.6510795341157529,0.4068334508367563,2.0,,True,False
2026-03-18,AFRM,VAL,0.20473411715181872,0.3483089450929419,-1.074538565680477,,False,True
2026-03-18,ARES,VAL,0.2298664566797434,0.3646517874810199,-1.075321711627907,,False,False
2026-03-18,AXTI,VAL,0.26800910856166016,0.21267693530053144,2.0,,False,False
2026-03-18,BNAI,VAL,0.47423137387115544,0.4327430612240208,-1.045958881415929,,True,False
2026-03-18,COHR,VAL,0.37438110570744587,0.3909116305760116,-1.0709892237442924,,False,False
2026-03-18,CVI,VAL,0.3318420972214595,0.42342592280854285,1.999999999999989,,False,False
2026-03-18,CWVX,VAL,0.20131406693714232,0.41251343597423024,2.0,,False,True
2026-03-18,DOCN,VAL,0.27286276163782136,0.3011565528960579,2.0,,False,False
2026-03-18,ETHD,VAL,0.4407234324615537,0.3494828190243396,-1.0755452021621623,,True,False
2026-03-18,FSLY,VAL,0.1525895848076207,0.3739190176865615,2.0,,False,True
2026-03-18,GRAL,VAL,0.2044389538732545,0.2724448321868243,-1.054731192694064,,False,True
2026-03-18,HTFL,VAL,0.23820015055965224,0.4748117948931809,2.0,,False,False
2026-03-18,NEBX,VAL,0.6348147526132183,0.573246595603572,2.0,,True,False
2026-03-18,NET,VAL,0.28015399768899885,0.6043541488764612,2.0,,False,False
2026-03-18,RCAX,VAL,0.6239731942851154,0.43693670581492244,2.0,,True,False
2026-03-18,SEI,VAL,0.42384822936604266,0.3576670318001462,2.0,,True,False
2026-03-18,TNK,VAL,0.35153718232823183,0.41397442893369385,-1.0929603764705889,,False,False
2026-03-18,UMAC,VAL,0.18479605382953196,0.19854166469605658,-1.1225450183897088,,False,True
2026-03-18,UVXY,VAL,0.4202558323137901,0.395126181872638,-1.0712084292682926,,True,False
2026-03-19,AAOI,VAL,0.3717261963103466,0.22825784353690326,2.0,,False,False
2026-03-19,ACN,VAL,0.528840108045901,0.3636720977348985,0.6206218799999966,,True,False
2026-03-19,AFRM,VAL,0.4962362617520874,0.40589938688087523,-1.081621294527667,,True,False
2026-03-19,AGQ,VAL,0.23648309016012292,0.1755024559823637,-1.049677202290234,,False,False
2026-03-19,AMR,VAL,0.27538326407044234,0.22418826582376486,2.0,,False,False
2026-03-19,ANDG,VAL,0.1412818191360014,0.2577544649203175,-1.114778116129031,,False,True
2026-03-19,ASTS,VAL,0.5287105896792486,0.30078620911948234,-1.1049105538461532,,True,False
2026-03-19,ASTX,VAL,0.5238194143949444,0.35420509260413285,-1.088783507017261,,True,False
2026-03-19,ATAT,VAL,0.43349382399561975,0.4823550533233892,-1.1037876837209304,,True,False
2026-03-19,AXTI,VAL,0.35119543726704205,0.3112968085626219,2.0,,False,False
2026-03-19,BE,VAL,0.33800735963839756,0.2456333857682905,-1.0801191247863249,,False,False
2026-03-19,BTU,VAL,0.2793886209549159,0.3136672918139487,2.0,,False,False
2026-03-19,CIEN,VAL,0.33717891230158425,0.4603989821365672,2.0,,False,False
2026-03-19,CNR,VAL,0.4163255065154443,0.43193521912909144,2.0,,True,False
2026-03-19,COHR,VAL,0.35909861178585045,0.248478731938706,-1.0920624175031552,,False,False
2026-03-19,COHX,VAL,0.2865622794956023,0.3564657163989268,2.0,,False,False
2026-03-19,CRK,VAL,0.3035580000886957,0.38409983656895996,-1.0609872761904764,,False,False
2026-03-19,DELL,VAL,0.25917765380191726,0.38060560418812667,-1.0922266989898994,,False,False
2026-03-19,DOCN,VAL,0.21023986086303267,0.17992096901321877,-1.0621045931103343,,False,True
2026-03-19,DRI,VAL,0.5249111933945293,0.27958627280030396,-1.061823214567838,,True,False
2026-03-19,ELVN,VAL,0.5214558043762737,0.4476818520747832,2.0,,True,False
2026-03-19,ETON,VAL,0.3931342799061203,0.421156454835498,2.0,,False,False
2026-03-19,GFI,VAL,0.3670321409658583,0.3467782822004816,-1.1346769860465071,,False,False
2026-03-19,ICHR,VAL,0.4001146240151829,0.3195139949895196,2.0,,False,False
2026-03-19,INTW,VAL,0.5948204670762818,0.40756295339473303,2.0,,True,False
2026-03-19,KORU,VAL,0.19140988558724006,0.6775345527062258,2.0,,False,True
2026-03-19,LITE,VAL,0.14098758098356712,0.3543117212209418,2.0,,False,True
2026-03-19,LITX,VAL,0.32195380138531904,0.2876899227110569,2.0,,False,False
2026-03-19,MEOH,VAL,0.2353350268170083,0.36318016851239837,2.0,,False,False
2026-03-19,MU,VAL,0.3527425332455517,0.0011563658232106725,-1.0896784779831934,,False,False
2026-03-19,MULL,VAL,0.28217439177227566,0.4373041506478004,2.0,,False,False
2026-03-19,NBIS,VAL,0.335318609276721,0.4693019240325671,-1.0852571428571425,,False,False
2026-03-19,NEBX,VAL,0.24595119671629034,0.4301379270123831,-1.123320018102054,,False,False
2026-03-19,NSP,VAL,0.26621899615149786,0.2991793106844729,-1.0406515942028984,,False,False
2026-03-19,PL,VAL,0.2708525027512127,0.30580838135902655,-1.1113584592592594,,False,False
2026-03-19,PLU,VAL,0.6015932829539089,0.2819050571614938,2.0,,True,False
2026-03-19,PRE,VAL,0.22962113803312356,0.3646440829278247,-0.3779035329341333,,False,False
2026-03-19,RGTZ,VAL,0.2744968775610474,0.44923022062778956,-1.0527096107136802,,False,False
2026-03-19,RKLX,VAL,0.5701051385411559,0.25461063617069396,2.0,,True,False
2026-03-19,SEDG,VAL,0.21801465977191364,0.35028335496287216,-1.0756170816901407,,False,True
2026-03-19,SMTC,VAL,0.6020484733524979,0.46186276297493456,2.0,,True,False
2026-03-19,SNDK,VAL,0.2478237937528626,0.06556448300340396,2.0,,False,False
2026-03-19,SNXX,VAL,0.3678350495252506,0.5367796599892691,2.0,,False,False
2026-03-19,SOXL,VAL,0.343638989449302,0.1810373264701116,2.0,,False,False
2026-03-19,SRRK,VAL,0.6884003211390858,0.7283339059635493,2.0,,True,False
2026-03-19,STX,VAL,0.25963950963739985,0.4827326175995985,2.0,,False,False
2026-03-19,WDC,VAL,0.24883108607201146,0.35412468665253444,2.0,,False,False
2026-03-20,ANRO,VAL,0.09415297886096517,0.2661299243997437,-1.107813746938775,,False,True
2026-03-20,CLDX,VAL,0.20489822975019642,0.3386119361940201,-1.1238956799999995,,False,True
2026-03-20,CWVX,VAL,0.15063422423436976,0.3421329225953354,-1.0473967709090908,,False,True
2026-03-20,DRV,VAL,0.17269317803767556,0.3866060709184132,-1.441993969372841,,False,True
2026-03-20,ENPH,VAL,0.14785216840563664,0.24943928725069028,-1.0758635696551722,,False,True
2026-03-20,GDXD,VAL,0.565479845543127,0.38020310993130413,1.999999999999997,,True,False
2026-03-20,GLL,VAL,0.2118766616643057,0.22520250699591776,-1.1013590170432033,,False,True
2026-03-20,INSP,VAL,0.21335957472256747,0.33748948196442297,-1.1863344104575106,,False,True
2026-03-20,MANE,VAL,0.19440606800166937,0.2251874098857322,0.3252266159695801,,False,True
2026-03-20,MLYS,VAL,0.2609144874048435,0.3126260358310178,-1.0506640571428574,,False,False
2026-03-20,PBF,VAL,0.3411030509093063,0.53914663783479,-1.10819762962963,,False,False
2026-03-20,PLTZ,VAL,0.33061448227367146,0.3974743644915403,-1.103047466666666,,False,False
2026-03-20,SEDG,VAL,0.11087014923417009,0.2743651148861954,-1.0737155855421685,,False,True
2026-03-20,SMST,VAL,0.41035734430561566,0.4032044269703767,-1.7883891000000105,,True,False
2026-03-20,SNDX,VAL,0.42018092855727923,0.2746823358300551,-1.075550864831804,,True,False
2026-03-20,SRRK,VAL,0.49898357038583785,0.3475221760413198,-1.052884156938524,,True,False
2026-03-20,UVXY,VAL,0.13893503792331927,0.26797531317006423,-1.0617325924686196,,False,True
2026-03-23,AAOI,VAL,0.5687797653733345,0.1898576494641855,-1.0812083620437951,,True,False
2026-03-23,AGI,VAL,0.43500059088369614,0.11099448503229907,-0.1310511718749914,,True,False
2026-03-23,AGQ,VAL,0.5979374041600589,0.2573581611945712,-1.0494812687370598,,True,False
2026-03-23,ALAB,VAL,0.4710005804415134,0.3972644717007532,-1.1187343225806443,,True,False
2026-03-23,ALB,VAL,0.23612372704789722,0.36294820016833557,-1.1070433383783786,,False,False
2026-03-23,APP,VAL,0.43786641390723646,0.33326134142480945,-1.1184457531914882,,True,False
2026-03-23,APPX,VAL,0.5353637531106749,0.7047627467486152,-1.2196799999999963,,True,False
2026-03-23,BKSY,VAL,0.6232125026024741,0.4402430653692313,-1.1172708801714892,,True,False
2026-03-23,CLS,VAL,0.5904909818630626,0.48475597344331,-1.0867992041025647,,True,False
2026-03-23,CMCL,VAL,0.4713319222988524,0.23743769009663498,-1.134795574468081,,True,False
2026-03-23,CRDU,VAL,0.5572054517256332,0.5503161860882968,-1.088636676084618,,True,False
2026-03-23,CWVX,VAL,0.5891950411572328,0.44189032083853935,-1.0706640490797543,,True,False
2026-03-23,DOCN,VAL,0.5141572745758406,0.20895931351229727,-1.0878610983050845,,True,False
2026-03-23,FIX,VAL,0.4972688103228873,0.45289405186672765,-1.0875576836899894,,True,False
2026-03-23,FLY,VAL,0.854462478583332,0.5917799920251539,2.0,,True,False
2026-03-23,FPS,VAL,0.6236139194782909,0.30723319415815115,-1.1244503529411778,,True,False
2026-03-23,FSLY,VAL,0.26119735059848376,0.40415459258312914,2.0,,False,False
2026-03-23,GFI,VAL,0.4536611603200294,0.3490384755260752,-1.0984841795918363,,True,False
2026-03-23,GOLD,VAL,0.6150278266370056,0.4070668626680584,-1.1117507999999992,,True,False
2026-03-23,HUT,VAL,0.33989356820135413,0.256476759166964,2.0,,False,False
2026-03-23,HYMC,VAL,0.4639980817625604,0.23870814294038992,-1.0833717098125686,,True,False
2026-03-23,IDR,VAL,0.5982575440951198,0.5258097322828048,-0.3250183673469413,,True,False
2026-03-23,IMVT,VAL,0.7663785030518421,0.33875079819890125,0.2011117647058803,,True,False
2026-03-23,IREN,VAL,0.5246350860338013,0.455093013733906,-1.07872251076923,,True,False
2026-03-23,ISSC,VAL,0.588986427028581,0.5486095756852188,-1.0637947621592732,,True,False
2026-03-23,JNUG,VAL,0.5930272449449704,0.61143042493701,2.0,,True,False
2026-03-23,KORU,VAL,0.3437217968101403,0.4523360775910297,-1.0633522895670686,,False,False
2026-03-23,LASR,VAL,0.3622826506058572,0.21268393574287275,-1.1146684888888891,,False,False
2026-03-23,LMND,VAL,0.4091483724772861,0.2798751064943526,-1.1254699334766165,,True,False
2026-03-23,LUNR,VAL,0.7243248141917915,0.6404392529818895,-1.095869952,,True,False
2026-03-23,MOD,VAL,0.5263878148483444,0.4322163154138076,-1.155038386277875,,True,False
2026-03-23,NAIL,VAL,0.5443235972442989,0.33823821734667364,-1.1225735384615383,,True,False
2026-03-23,NEBX,VAL,0.48629962444561103,0.5781686505222157,-1.0460222584070795,,True,False
2026-03-23,NUGT,VAL,0.47236161855664455,0.4808197714659095,-1.0952287838383843,,True,False
2026-03-23,OILU,VAL,0.439355291343423,0.42009487241423243,2.0,,True,False
2026-03-23,OLN,VAL,0.40483190687436454,0.3495859029876171,2.0,,True,False
2026-03-23,ONDL,VAL,0.5997347875463985,0.39216548279464997,-1.0522504489795916,,True,False
2026-03-23,OSIS,VAL,0.5042546507938067,0.264075426137733,-1.1006938321454545,,True,False
2026-03-23,PARR,VAL,0.48650662151679197,0.41741268536681936,-1.04355894,,True,False
2026-03-23,PAYP,VAL,0.7737142199976353,0.7081498423289655,2.0,,True,False
2026-03-23,PLAB,VAL,0.34109669280067634,0.3117840688848353,-1.096780551295338,,False,False
2026-03-23,PLTU,VAL,0.5162853344384009,0.6086863288020474,0.8887142765273283,,True,False
2026-03-23,PSIX,VAL,0.6931562413408,0.35583291826863184,-1.119381314285714,,True,False
2026-03-23,RIOX,VAL,0.408203004225552,0.4952385345321395,-1.1053949714285791,,True,False
2026-03-23,SEI,VAL,0.4760338648870425,0.31421043793035525,-1.0954728911392406,,True,False
2026-03-23,SGDJ,VAL,0.571204748866925,0.3769920448172648,-1.4800402721170034,,True,False
2026-03-23,SITM,VAL,0.6508736948678077,0.6182651038028533,-1.0403144735278442,,True,False
2026-03-23,SLVR,VAL,0.43359340239574434,0.2965926396212567,-1.1221750943396225,,True,False
2026-03-23,SMCI,VAL,0.43867540009141526,0.9029845401012263,2.0,,True,False
2026-03-23,SNXX,VAL,0.6665960133994054,0.3286490301342329,-1.051314420869565,,True,False
2026-03-23,SSRM,VAL,0.658277639858789,0.28243102492651484,-1.1003447172413785,,True,False
2026-03-23,TSEM,VAL,0.4943384913973289,0.2994991048880701,-1.0683679377633717,,True,False
2026-03-23,TSMX,VAL,0.44290012009272495,0.4012021902330132,2.0,,True,False
2026-03-23,TTMI,VAL,0.4848196881933064,0.40551156482307205,2.0,,True,False
2026-03-23,UVXY,VAL,0.5494021940053395,0.49743332460267087,-1.052997971428571,,True,False
2026-03-23,VICR,VAL,0.5165869713262181,0.3241907820075674,-1.1080083666666674,,True,False
2026-03-23,W,VAL,0.5591381354669067,0.46790843310062086,-1.108701854117646,,True,False
2026-03-23,WPM,VAL,0.4924402777049892,0.4216388387948796,-1.096074684745762,,True,False
2026-03-23,YOU,VAL,0.5381709846503886,0.2406444515652153,-1.1179598153846162,,True,False
2026-03-23,YSS,VAL,0.3554236408279159,0.22365095265996285,-1.081092460606061,,False,False
2026-03-24,AAOI,VAL,0.7638692169059519,0.6765492891537179,2.0,,True,False
2026-03-24,ACLS,VAL,0.41878752419519405,0.3870306369357895,-1.120503554410982,,True,False
2026-03-24,AEHR,VAL,0.433501295361045,0.39687934514686457,2.0,,True,False
2026-03-24,AGQ,VAL,0.5413224519818773,0.36903673566092554,-1.092684848484849,,True,False
2026-03-24,AMKR,VAL,0.44963179490167204,0.29426207740931676,2.0,,True,False
2026-03-24,AMR,VAL,0.4658230207314545,0.35115777035005563,2.0,,True,False
2026-03-24,AMSC,VAL,0.5647225244204859,0.4266465287163963,1.999999999999992,,True,False
2026-03-24,AMWD,VAL,0.5720611224953043,0.45053295908889485,-0.4061331250000089,,True,False
2026-03-24,AXTI,VAL,0.6748886680752448,0.537924660532619,-1.064849133858268,,True,False
2026-03-24,BTU,VAL,0.41526779614649484,0.47704653276672637,0.1365196268656704,,True,False
2026-03-24,CENX,VAL,0.4981681165202627,0.2846521581760741,2.0,,True,False
2026-03-24,COHR,VAL,0.628812242345044,0.4293921659039274,-1.1076631271948902,,True,False
2026-03-24,CRK,VAL,0.3330447749827312,0.4190193780096906,-1.107326563265307,,False,False
2026-03-24,DLLL,VAL,0.4945851230306944,0.42480564452538766,2.0,,True,False
2026-03-24,FN,VAL,0.5717296426951914,0.5971085952156076,2.0,,True,False
2026-03-24,FORM,VAL,0.4069970662685127,0.3594404326867291,2.0,,True,False
2026-03-24,FOUR,VAL,0.2069406035968606,0.28929995620966653,2.0,,False,True
2026-03-24,GDXU,VAL,0.6120742547411506,0.7251067524769818,-1.0616826845637586,,True,False
2026-03-24,GLW,VAL,0.5740607173868959,0.3687322870423117,2.0,,True,False
2026-03-24,IPI,VAL,0.4359027181595474,0.2540720732565883,1.2807628533641928,,True,False
2026-03-24,IREZ,VAL,0.30747282090838823,0.3749561775725638,-1.0592129391304346,,False,False
2026-03-24,KORU,VAL,0.30665517391013847,0.6330878645950856,-1.0791211322458438,,False,False
2026-03-24,KRUS,VAL,0.3553485897621643,0.29378937250519305,2.000000000000008,,False,False
2026-03-24,LABD,VAL,0.22385681597422907,0.33354871716127993,-1.0896478857142866,,False,False
2026-03-24,LITE,VAL,0.5647045808830021,0.627635462461345,2.0,,True,False
2026-03-24,LITX,VAL,0.4493633346013649,0.3776541645423928,2.0,,True,False
2026-03-24,MANE,VAL,0.5735062039895757,0.2915205400304513,-1.1141732020452886,,True,False
2026-03-24,MOD,VAL,0.4482047947932102,0.46682414495841884,-1.0738172283286118,,True,False
2026-03-24,NAIL,VAL,0.8527573413917536,0.6908435936723912,-1.0521294741573033,,True,False
2026-03-24,NRGU,VAL,0.47376360541360507,0.34846873110433774,-1.111787243423798,,True,False
2026-03-24,ONDL,VAL,0.5076471305319091,0.48446090956532384,-1.1191351235668805,,True,False
2026-03-24,PLAB,VAL,0.312238940406909,0.3726511148937064,2.0,,False,False
2026-03-24,PLTZ,VAL,0.2702753385415818,0.45332984246532354,2.0,,False,False
2026-03-24,SEDG,VAL,0.46208122732235424,0.3182125889265899,-1.0718248800000003,,True,False
2026-03-24,SKM,VAL,0.19781851082043156,0.3457586638662586,-1.125125694915255,,False,True
2026-03-24,SNEX,VAL,0.7107474609887288,0.4073860625764939,0.6255442156862847,,True,False
2026-03-24,SNX,VAL,0.6751468061321609,0.5311923018865888,-1.1456406579323664,,True,False
2026-03-24,SNXX,VAL,0.6335900089307911,0.40949118636459964,-1.0316442790697675,,True,False
2026-03-24,SOXL,VAL,0.7982369734923339,0.4993192135843296,0.2801117385473305,,True,False
2026-03-24,TER,VAL,0.43222917473449896,0.5504160975231066,-1.0880880569349418,,True,False
2026-03-24,TSLR,VAL,0.554749816867129,0.37433776254342593,-1.0864479475409836,,True,False
2026-03-24,TWST,VAL,0.5714410839919317,0.3998512480646868,-1.114709933333334,,True,False
2026-03-24,VECO,VAL,0.4905025372355269,0.3531840275244436,2.0,,True,False
2026-03-24,VIAV,VAL,0.6906068482887244,0.38863929913933315,2.0,,True,False
2026-03-24,WOR,VAL,0.6899111106511661,0.5483702073466641,-0.0507603960395931,,True,False
2026-03-24,YOU,VAL,0.3410698643466997,0.3568778645247151,-1.1049151592356687,,False,False
2026-03-25,AAOI,VAL,0.7041467701429281,0.35255224483389147,-1.077191546485261,,True,False
2026-03-25,AIR,VAL,0.731413821259934,0.5019046053759914,-1.1071499140740737,,True,False
2026-03-25,AMSC,VAL,0.7271245168131901,0.5933504680631986,-1.1086335146666666,,True,False
2026-03-25,AMUU,VAL,0.39983388048524543,0.23214067756832646,-1.1212549938144332,,False,False
2026-03-25,APGE,VAL,0.2565008349234416,0.27978865749295634,-1.0978166901960789,,False,False
2026-03-25,ARWR,VAL,0.4439940853815537,0.3462075802561472,2.0,,True,False
2026-03-25,ASTS,VAL,0.5465181855148566,0.22782277286221556,2.0,,True,False
2026-03-25,BEX,VAL,0.3783567946172808,0.6124708132290037,-1.1370905599999948,,False,False
2026-03-25,BKSY,VAL,0.6143469486754206,0.6239108921164899,2.0,,True,False
2026-03-25,CELC,VAL,0.6696139550227181,0.3340008785448718,0.4488522346368717,,True,False
2026-03-25,CWVX,VAL,0.5918556760744875,0.6253196212619789,-1.086075611428571,,True,False
2026-03-25,EWTX,VAL,0.684348369197028,0.4530089691989902,-1.0738195692307688,,True,False
2026-03-25,FEIM,VAL,0.7258254657394434,0.4090359164858331,1.300690172413792,,True,False
2026-03-25,FLY,VAL,0.08187689832225181,0.22354816024502316,2.0,,False,True
2026-03-25,FROG,VAL,0.3512472897043721,0.3637070483022155,2.0,,False,False
2026-03-25,GDXD,VAL,0.48461176202136763,0.6525799076279114,-1.0791238236434595,,True,False
2026-03-25,GSAT,VAL,0.6680659098422788,0.347950698971174,-1.0580858630872485,,True,False
2026-03-25,INTW,VAL,0.597994310110017,0.2547536957410966,0.3045549541284419,,True,False
2026-03-25,IONZ,VAL,0.6056095324209246,0.5383199541117967,-1.269045735314276,,True,False
2026-03-25,LABU,VAL,0.4482795559366631,0.3428789439382877,2.0,,True,False
2026-03-25,LUNR,VAL,0.3092261004109878,0.35095199684818706,2.0,,False,False
2026-03-25,NKTR,VAL,0.5553550101135123,0.28550260517833626,-1.0879476615384611,,True,False
2026-03-25,ORKA,VAL,0.230258253207782,0.20462710409764204,2.0,,False,False
2026-03-25,PL,VAL,0.5229023810268392,0.39413141692398307,2.0,,True,False
2026-03-25,PLU,VAL,0.3922188418038834,0.03656589733098951,-1.317744355555552,,False,False
2026-03-25,PRAX,VAL,0.4476753918691976,0.30287771042880757,-1.0928899704042871,,True,False
2026-03-25,RKLB,VAL,0.5180777614070746,0.398627744820907,-1.0907505154639177,,True,False
2026-03-25,ROBN,VAL,0.3019932591825235,0.3178289599550539,-1.211654732379443,,False,False
2026-03-25,SATS,VAL,0.4463021671174114,0.395334302996422,-1.107324273972596,,True,False
2026-03-25,SEDG,VAL,0.3960078300770513,0.3518947022174835,2.0,,False,False
2026-03-25,SION,VAL,0.5407443103471613,0.6320676865107018,-1.1313044771929843,,True,False
2026-03-25,SMCI,VAL,0.5243546996406526,0.45210365244858264,-1.126282879999999,,True,False
2026-03-25,SNDK,VAL,0.4402628059980951,0.012020723328807858,-1.0738073189471085,,True,False
2026-03-25,SNXX,VAL,0.5276846811862606,0.38771366062442014,-1.041258786274191,,True,False
2026-03-25,SRRK,VAL,0.42981611041537476,0.43045309308206925,-1.1096081671641729,,True,False
2026-03-25,STOK,VAL,0.31639339911365594,0.2157409242940985,-1.1242429090909098,,False,False
2026-03-25,TNGX,VAL,0.41747819125069546,0.21709351943762775,-1.1222019047619043,,True,False
2026-03-25,VPG,VAL,0.8170100718769917,0.7430658657515239,-0.5872153648068679,,True,False
2026-03-25,WDCX,VAL,0.47501261021004154,0.42120982388540296,-1.1559672595041377,,True,False
2026-03-25,YSS,VAL,0.43500241243089954,0.36982324517660536,-1.0826568,,True,False
2026-03-26,APLZ,VAL,0.5586758461207885,0.28306046866046664,-1.117582013793097,,True,False
2026-03-26,ARWR,VAL,0.17551449343285747,0.32706188149428844,0.8291658208955216,,False,True
2026-03-26,BBY,VAL,0.4917968599750768,0.35101218243745325,2.0,,True,False
2026-03-26,BF.A,VAL,0.5182017429996217,0.26676665446909015,-1.0427215792207791,,True,False
2026-03-26,BRZE,VAL,0.6116312219670648,0.34861480790248395,0.3611355555555561,,True,False
2026-03-26,BWET,VAL,0.6366303280067132,0.42574199180436817,1.0633776562937074,,True,False
2026-03-26,CAR,VAL,0.39909284890996777,0.2569423631654929,2.0,,False,False
2026-03-26,CELC,VAL,0.41486117177791154,0.3933531202661974,-0.3018053186274511,,True,False
2026-03-26,CNXC,VAL,0.501090570301641,0.4111397577547991,-1.079714330708667,,True,False
2026-03-26,CRUS,VAL,0.3305007642904852,0.29521600892495736,-0.4277530933333355,,False,False
2026-03-26,ELVN,VAL,0.16512145468373204,0.2781230298859529,2.0,,False,True
2026-03-26,FIG,VAL,0.10756426731477425,0.33385831389598186,-1.0963721481481483,,False,True
2026-03-26,GDXU,VAL,0.3618899564941161,0.5781494746312225,2.0,,False,False
2026-03-26,GLOB,VAL,0.3839467820531767,0.3547880445775582,-1.0918465084745756,,False,False
2026-03-26,GTLB,VAL,0.31971600382640203,0.24588264325378242,-0.4867391304347829,,False,False
2026-03-26,HYMC,VAL,0.2341893213332137,0.19365513422207856,-1.0322607825445,,False,False
2026-03-26,IREZ,VAL,0.10163073457892058,0.2625662249763454,2.0,,False,True
2026-03-26,LABU,VAL,0.40046068556534054,0.38404403378535235,-1.071215096183206,,False,False
2026-03-26,MAZE,VAL,0.638241635907511,0.2847449810416363,2.0,,True,False
2026-03-26,NUGT,VAL,0.4860650917620931,0.549748886434971,-1.0860273174035056,,True,False
2026-03-26,ORKA,VAL,0.1729691960700823,0.17433301704412174,2.0,,False,True
2026-03-26,PLTZ,VAL,0.5737780247957655,0.4456248554740032,-1.1679520126282483,,True,False
2026-03-26,PRGS,VAL,0.2806413748473811,0.22452903037319885,2.0,,False,False
2026-03-26,SAM,VAL,0.6280998314284817,0.4054744566221404,-1.212597077776474,,True,False
2026-03-26,SMCZ,VAL,0.4097083674898336,0.3319575661296425,2.0,,True,False
2026-03-27,AG,VAL,0.6591694274032303,0.4602150247236362,-0.0363955555555498,,True,False
2026-03-27,AGI,VAL,0.48395839129518015,0.43698410733996274,-1.128575577782502,,True,False
2026-03-27,AGQ,VAL,0.6754703979430301,0.5462238143590796,2.0,,True,False
2026-03-27,BMNZ,VAL,0.5264715337195458,0.407087735920835,-1.0557094530612248,,True,False
2026-03-27,CAR,VAL,0.3684785831024204,0.24794624848355676,-1.030714169904762,,False,False
2026-03-27,GDXJ,VAL,0.680411509114076,0.5532776071053456,-1.09990342255639,,True,False
2026-03-27,GSAT,VAL,0.32886822043822617,0.32895478655293053,-1.1034952882408526,,False,False
2026-03-27,HYMC,VAL,0.33721586089527805,0.320678053659823,-1.0852647296996665,,False,False
2026-03-27,IONZ,VAL,0.3132138136591802,0.704401339620402,-1.0382005199950477,,False,False
2026-03-27,IPX,VAL,0.6103221981534751,0.7601871036280676,-1.065246801581763,,True,False
2026-03-27,IREZ,VAL,0.4888157118433313,0.7071284705928138,-1.059443297120193,,True,False
2026-03-27,LABD,VAL,0.30345520653442426,0.33181909271049914,2.0,,False,False
2026-03-27,LITX,VAL,0.37165570339883885,0.19291213706470903,-1.029203249043119,,False,False
2026-03-27,MRX,VAL,0.20739765144466324,0.470878658212114,-1.1200817116279072,,False,True
2026-03-27,PLTZ,VAL,0.7075575600329906,0.5833858276710341,-1.059391225806452,,True,False
2026-03-27,REX,VAL,0.3476165130310835,0.4515296859278523,0.3278095744680919,,False,False
2026-03-27,RGTZ,VAL,0.2674962451950908,0.49758143460866217,2.0,,False,False
2026-03-27,SNDK,VAL,0.42337170178559014,0.21144063516137296,-1.0660471740051112,,True,False
2026-03-27,SNXX,VAL,0.21429342361332548,0.10695701049335124,-0.1336136923076923,,False,True
2026-03-27,SSRM,VAL,0.43147894924185576,0.32906181287937564,-0.5010043512820465,,True,False
2026-03-27,WEBS,VAL,0.4035472460536796,0.32847435555945953,-1.5210403555555525,,False,False
2026-03-27,YPF,VAL,0.48627367665214977,0.5376808584255618,-1.1122958367346931,,True,False
2026-03-30,ASTN,VAL,0.3918072770477981,0.38122521878889265,-1.2845419789473778,,False,False
2026-03-30,BEZ,VAL,0.42680638720519465,0.5176149199262864,2.0,,True,False
2026-03-30,BMNZ,VAL,0.5260421088855369,0.5623535323367551,-1.192810457043484,,True,False
2026-03-30,CORD,VAL,0.2567716199573733,0.4174746033469547,2.0,,False,False
2026-03-30,FNGD,VAL,0.5409646277121569,0.44376722060341384,2.0,,True,False
2026-03-30,GDXD,VAL,0.4216741674357381,0.6170040214041859,2.0,,True,False
2026-03-30,IONZ,VAL,0.31437521714859684,0.615361874314158,-1.0863569600000005,,False,False
2026-03-30,IREZ,VAL,0.3657471514476335,0.7841288921299794,2.0,,False,False
2026-03-30,RGTZ,VAL,0.5176635557412409,0.4684753767737419,2.0,,True,False
2026-03-30,TECS,VAL,0.3767566716291621,0.300957860288564,-1.0895199999999998,,False,False
2026-03-30,U,VAL,0.6206825503670775,0.4986658792397284,-1.0501127871586406,,True,False
2026-03-30,VIST,VAL,0.4416790238987553,0.41881330112458176,-1.0969924333333338,,True,False
2026-03-30,WGS,VAL,0.467071255191901,0.38970825534907827,-1.251099657142859,,True,False
2026-03-30,ZD,VAL,0.26957952877090585,0.2569700688274537,-1.1122243478260867,,False,False
2026-03-31,ABVX,VAL,0.6295004036352242,0.43959578783045705,2.0,,True,False
2026-03-31,AGQ,VAL,0.5502171829199989,0.39715352020504224,0.3941522592592614,,True,False
2026-03-31,ALMS,VAL,0.46045866962999493,0.19457626275635534,2.0,,True,False
2026-03-31,AMSC,VAL,0.345726036816762,0.4135321129948528,-1.1091014918918929,,False,False
2026-03-31,ANRO,VAL,0.7664543861832828,0.4515131372298959,-1.059001818181818,,True,False
2026-03-31,ARM,VAL,0.6251736332472021,0.4890322653886676,-1.1141379999999992,,True,False
2026-03-31,ARQT,VAL,0.4183528061880495,0.1988492521017667,-1.1032576603773585,,True,False
2026-03-31,ASRT,VAL,0.21572141965901018,0.47989839579345417,-1.0654822222222222,,False,True
2026-03-31,ASTS,VAL,0.4621580629481165,0.21844519734503595,2.0,,True,False
2026-03-31,ASTX,VAL,0.4055562729285286,0.2393677577940724,-1.0300265000000002,,True,False
2026-03-31,AUGO,VAL,0.7439286567288819,0.5624026748382391,-1.1113664969696966,,True,False
2026-03-31,AVBP,VAL,0.7305868927579968,0.5490441782884772,0.4743541666666663,,True,False
2026-03-31,BBIO,VAL,0.6649329668913784,0.3102444678924929,-1.0964639823204418,,True,False
2026-03-31,BE,VAL,0.42934754536537695,0.3154340742335193,-1.083044043698027,,True,False
2026-03-31,BEAM,VAL,0.6788745471695775,0.3141071418453586,0.6365390769230796,,True,False
2026-03-31,BETR,VAL,0.3032644652328585,0.3372283470391143,-1.2915907318518547,,False,False
2026-03-31,BKSY,VAL,0.4450458300782188,0.3160991359701075,-1.0867466352941175,,True,False
2026-03-31,CENX,VAL,0.29111064748819265,0.12854454749634786,0.044470633802815,,False,False
2026-03-31,CLS,VAL,0.28861332211561175,0.41062184411391117,0.8086327444795038,,False,False
2026-03-31,COGT,VAL,0.22414281973789546,0.23139360682517457,-1.1132299061728392,,False,False
2026-03-31,CRCA,VAL,0.4636719347529926,0.4085505131276591,2.0,,True,False
2026-03-31,CRS,VAL,0.7287257029170183,0.5509225328355721,-0.1073654033613439,,True,False
2026-03-31,CW,VAL,0.29323795015421905,0.5127583817571187,0.1561563197586742,,False,False
2026-03-31,DBVT,VAL,0.3102535999720296,0.3713942827152677,-1.119587352380952,,False,False
2026-03-31,DNTH,VAL,0.7273814886061083,0.5788651310244872,-1.0539130956521738,,True,False
2026-03-31,DOCS,VAL,0.2954317460055788,0.2568882957587142,-1.0490213614035089,,False,False
2026-03-31,ELVN,VAL,0.5180940464128226,0.37076138790629704,-1.0819107999999995,,True,False
2026-03-31,ETHU,VAL,0.2684223383144612,0.3941074705283575,-0.8381184466019411,,False,False
2026-03-31,ETON,VAL,0.32203256743813347,0.24154344699868838,-0.0653747257569124,,False,False
2026-03-31,FBL,VAL,0.578139741431053,0.44185490283762374,2.0,,True,False
2026-03-31,FROG,VAL,0.6470798934406676,0.45987553987582447,-1.0841579815384617,,True,False
2026-03-31,FSLR,VAL,0.5618053461358087,0.4805635294960723,0.2506128310502165,,True,False
2026-03-31,FSLY,VAL,0.5376192725889429,0.25341332803709765,-1.0671151333333333,,True,False
2026-03-31,GDXU,VAL,0.4414463580592357,0.4920797024007641,2.0,,True,False
2026-03-31,GGLL,VAL,0.424076084051246,0.44299973064847087,0.5401544863459095,,True,False
2026-03-31,GPCR,VAL,0.43721387852913574,0.4226926543204379,0.4044987704918087,,True,False
2026-03-31,GSAT,VAL,0.5491049410334673,0.4300424529938178,-1.1005796860759485,,True,False
2026-03-31,HIMS,VAL,0.44740907566921306,0.3503903325754543,-1.1073697454545444,,True,False
2026-03-31,HOOW,VAL,0.5055032324361907,0.33197945345611163,-1.2098893090909049,,True,False
2026-03-31,IDR,VAL,0.44808635885445636,0.30001736402726326,2.0,,True,False
2026-03-31,IMNM,VAL,0.7452034644741883,0.426978447320544,2.0,,True,False
2026-03-31,INOD,VAL,0.435212072012982,0.2538968249968818,2.0,,True,False
2026-03-31,INSM,VAL,0.4780689444784046,0.28992938110961886,-1.1880356837145871,,True,False
2026-03-31,IONQ,VAL,0.42456037418856085,0.22235504666083078,1.113959999999995,,True,False
2026-03-31,IONX,VAL,0.4936172537591053,0.5453356082217008,-1.0592871696202533,,True,False
2026-03-31,IREZ,VAL,0.564622056658454,0.5193979862923953,-1.0552471742899057,,True,False
2026-03-31,JNUG,VAL,0.5905908759475986,0.5388253559051652,-1.1083220970873786,,True,False
2026-03-31,KALV,VAL,0.4528191437569531,0.4117977866842399,-1.088856888888889,,True,False
2026-03-31,KOD,VAL,0.6315828372245413,0.31021178657325577,-1.0702705969672262,,True,False
2026-03-31,KORU,VAL,0.298161653047711,0.5430711009083216,-1.0481836426666666,,False,False
2026-03-31,KRMN,VAL,0.48179399010841195,0.30848812348893073,0.2149216202531715,,True,False
2026-03-31,KTOS,VAL,0.37791897390267665,0.42624280555940824,-1.1215396173913048,,False,False
2026-03-31,LABU,VAL,0.42809440676948185,0.560633220278315,-1.0866089996643846,,True,False
2026-03-31,LGN,VAL,0.7366087514765312,0.6087705548283504,-1.0606071714285712,,True,False
2026-03-31,LITX,VAL,0.40509369139599627,0.15140097959456225,-1.0793780271154745,,True,False
2026-03-31,MANE,VAL,0.7393475760090776,0.4933988617617607,-1.0658229241379311,,True,False
2026-03-31,METU,VAL,0.5477673903610052,0.43774737015223864,2.0,,True,False
2026-03-31,MULL,VAL,0.3723711249119477,0.1845006406106705,-1.0362339485244905,,False,False
2026-03-31,MUU,VAL,0.43233410787685983,0.2554814067567602,-1.0292340184615385,,True,False
2026-03-31,MVLL,VAL,0.30433282695466723,0.2266521402536322,0.3667166666666701,,False,False
2026-03-31,NEBX,VAL,0.26727271253056706,0.21917089128871706,-1.0803288319717377,,False,False
2026-03-31,NVDU,VAL,0.5323424108847086,0.6328372583813086,0.6498463659147858,,True,False
2026-03-31,OKLO,VAL,0.4571481585134459,0.380962175418743,1.1097565765765716,,True,False
2026-03-31,ON,VAL,0.6455896061619266,0.42612345026683934,2.0,,True,False
2026-03-31,PLTW,VAL,0.5927508292877114,0.3248149576323119,-1.2309747199999947,,True,False
2026-03-31,PRAX,VAL,0.6580589350511259,0.36798462940455473,-1.1177836901587288,,True,False
2026-03-31,PRM,VAL,0.5850501993526552,0.22231567256453166,-1.0894827,,True,False
2026-03-31,RBLX,VAL,0.5458520348463097,0.3796980166868685,-0.1402739325842699,,True,False
2026-03-31,RDDT,VAL,0.5214886545339963,0.4414016944340589,0.8235701005025139,,True,False
2026-03-31,RKLX,VAL,0.27929832641450203,0.12243171631669877,2.0,,False,False
2026-03-31,RYTM,VAL,0.7081105645880206,0.36036793740967815,1.6326995098039194,,True,False
2026-03-31,SNDK,VAL,0.6555894830593259,0.3172142567103521,1.4087642276422878,,True,False
2026-03-31,SNDU,VAL,0.39740394013948815,0.4372036634406186,-1.0512734623655915,,False,False
2026-03-31,SNXX,VAL,0.43519271003981946,0.24346693225492555,-1.0443666545454544,,True,False
2026-03-31,SPYU,VAL,0.38127283252510413,0.3747235020716563,0.1599872435897428,,False,False
2026-03-31,TECL,VAL,0.38258410328919906,0.4165568928716084,0.4695428571428577,,False,False
2026-03-31,TQQQ,VAL,0.3014375059614118,0.27541513680360397,0.3342809338521456,,False,False
2026-03-31,TSLR,VAL,0.41727365753562257,0.3581041746904296,-1.1109505454545443,,True,False
2026-03-31,TSMX,VAL,0.4661969056114496,0.6417438056965963,1.5931178358208895,,True,False
2026-03-31,TVTX,VAL,0.7826451966549236,0.3820974502654782,-1.147929081081081,,True,False
2026-03-31,U,VAL,0.3899481077292903,0.16129906996056895,-1.092238968774562,,False,False
2026-03-31,USD,VAL,0.6272153211526327,0.5069229608333045,1.018234384236451,,True,False
2026-03-31,VKTX,VAL,0.4222961272298974,0.3143114424475497,1.999999999999994,,True,False
2026-03-31,WDCX,VAL,0.46208608775702953,0.19101589588352133,-1.0674809912434329,,True,False
2026-03-31,YPF,VAL,0.4808693454914396,0.5116300083929111,-1.120479000000001,,True,False
2026-03-31,YSS,VAL,0.6535631452564863,0.38287785404403746,-1.1258395428571424,,True,False
2026-04-01,AAOI,VAL,0.4083939135556314,0.22430843177744,-1.086142759689922,,True,False
2026-04-01,AEHR,VAL,0.7042960597577478,0.6831926751926658,-1.104074633846147,,True,False
2026-04-01,AGIO,VAL,0.22132635834252173,0.39569622262448856,-1.0741193911504427,,False,True
2026-04-01,ALMS,VAL,0.3114293719713549,0.38522967453599505,-1.0703627199999997,,False,False
2026-04-01,APLD,VAL,0.5448085371503406,0.3294575097322281,-1.077714910967742,,True,False
2026-04-01,BKSY,VAL,0.4742554980303814,0.47639513777703035,2.0,,True,False
2026-04-01,BWET,VAL,0.6313107930804822,0.2816997395130249,-1.078705719518075,,True,False
2026-04-01,CAR,VAL,0.3661877018272003,0.44676120783645634,-1.1045500245810045,,False,False
2026-04-01,CBIO,VAL,0.37200536729693373,0.3330563565026287,-1.0486889333333334,,False,False
2026-04-01,CENX,VAL,0.3147562363255087,0.30567419094755793,0.2480254228855691,,False,False
2026-04-01,COHX,VAL,0.3195190860291896,0.3422838291250991,-1.0644688969696994,,False,False
2026-04-01,CSTM,VAL,0.44802127116829726,0.5504577498939185,2.0,,True,False
2026-04-01,DFTX,VAL,0.19765865307884312,0.2053750649317189,-1.1270869894736832,,False,True
2026-04-01,DXYZ,VAL,0.571046566335684,0.4744470527343665,-1.035077224489796,,True,False
2026-04-01,FLY,VAL,0.20558849814091346,0.19622020775413893,-1.0767205446808512,,False,True
2026-04-01,FSLY,VAL,0.3965211067753321,0.23567843963248195,2.0,,False,False
2026-04-01,GDXU,VAL,0.6210867232484731,0.6547442585254614,2.0,,True,False
2026-04-01,GRAL,VAL,0.4173946390486024,0.2243887351326518,-1.0670281,,True,False
2026-04-01,GSAT,VAL,0.6823399289490782,0.4858226224597926,-1.2066762801702091,,True,False
2026-04-01,INTC,VAL,0.4880115843347264,0.457412785450631,2.0,,True,False
2026-04-01,IONZ,VAL,0.5508365462201844,0.46703224390978093,-1.4569946810810857,,True,False
2026-04-01,KOD,VAL,0.27416890326116283,0.33945331563086767,2.0,,False,False
2026-04-01,KORU,VAL,0.3831961621886818,0.2577181934804789,-1.1082448137535814,,False,False
2026-04-01,LEU,VAL,0.4581828622944945,0.26409864379123676,-1.1129799959390865,,True,False
2026-04-01,LITE,VAL,0.38359468464919005,0.5147693298165777,-1.1013018596026485,,False,False
2026-04-01,LITX,VAL,0.42982875002556215,0.5535121485189155,-1.060013505882353,,True,False
2026-04-01,LUNR,VAL,0.4030822833101757,0.2586256587135907,2.0,,False,False
2026-04-01,MRVL,VAL,0.36082460049233944,0.4422792746811261,0.3926201910828126,,False,False
2026-04-01,MU,VAL,0.3471417275633711,0.03262180404108324,-1.1078258354114716,,False,False
2026-04-01,NKTR,VAL,0.2532235179201119,0.2266748647407044,-1.0624567777777774,,False,False
2026-04-01,PL,VAL,0.5932570829945981,0.32525582478277293,-1.0855981714285718,,True,False
2026-04-01,PSIX,VAL,0.37325244777525934,0.39654256293939255,0.4029673870770647,,False,False
2026-04-01,PVH,VAL,0.2913626102634609,0.28819332005051174,2.0,,False,False
2026-04-01,RKLX,VAL,0.4538645941211176,0.12488928926618562,-1.0357398242530755,,True,False
2026-04-01,SION,VAL,0.3006025215316138,0.18466838013721418,-1.3947656930232502,,False,False
2026-04-01,SMST,VAL,0.6790533676356584,0.38048808714266913,-1.058825294654259,,True,False
2026-04-01,SNDK,VAL,0.3701340713402729,0.09305217002026248,2.0,,False,False
2026-04-01,SNXX,VAL,0.2932670418164921,0.34995186714314386,2.0,,False,False
2026-04-01,SOXL,VAL,0.4356346397027888,0.12767123670190372,-1.1073416827586198,,True,False
2026-04-01,SSRM,VAL,0.29512465239265095,0.38495870719673236,-1.1144776093162148,,False,False
2026-04-01,STX,VAL,0.36418390655836236,0.42174782108664316,2.0,,False,False
2026-04-01,VIAV,VAL,0.2523668656054389,0.3053778119643359,-1.11708725479452,,False,False
2026-04-01,WDC,VAL,0.33828709038550747,0.31877287381472985,2.0,,False,False
2026-04-01,WDCX,VAL,0.4908589584505531,0.6416894988660842,2.0,,True,False
2026-04-01,YSS,VAL,0.27788298470372086,0.2996567691621841,-1.0613245155555555,,False,False
2026-04-02,AAOI,VAL,0.5088763446894976,0.3487621736484187,2.0,,True,False
2026-04-02,ABVX,VAL,0.7779143946606795,0.5946523730283647,-1.0823584000000004,,True,False
2026-04-02,ACMR,VAL,0.5059459669832931,0.4846011609243531,2.0,,True,False
2026-04-02,AG,VAL,0.7770916437288083,0.38647644717864865,2.0,,True,False
2026-04-02,AGQ,VAL,0.3696739760184695,0.2443132239726112,2.0,,False,False
2026-04-02,ALAB,VAL,0.6000783270737262,0.42297722655426573,2.0,,True,False
2026-04-02,AMD,VAL,0.3720310008148867,0.36211780948046657,-1.118199767190048,,False,False
2026-04-02,AMUU,VAL,0.15951233764406392,0.2858486856360984,2.0,,False,True
2026-04-02,ANRO,VAL,0.1893675821660347,0.2130471643300584,2.0,,False,True
2026-04-02,APLD,VAL,0.7913008677052296,0.5086077331697386,0.5366179844961259,,True,False
2026-04-02,ARKG,VAL,0.5357544209932117,0.4575504835574877,-0.3431971212121254,,True,False
2026-04-02,ASTS,VAL,0.532800743096368,0.2668407780502471,2.0,,True,False
2026-04-02,ASTX,VAL,0.2816335762314323,0.41264092032503835,2.0,,False,False
2026-04-02,AUGO,VAL,0.6924387014372518,0.4508441603841258,2.0,,True,False
2026-04-02,AVNW,VAL,0.5331729692824254,0.0693504900916773,-1.4005840761904684,,True,False
2026-04-02,AXTI,VAL,0.4503416842151883,0.1253124184545609,2.0,,True,False
2026-04-02,B,VAL,0.43294400286631596,0.40133440448709173,-1.0871118596491227,,True,False
2026-04-02,BE,VAL,0.5218822650970475,0.34829532074688585,2.0,,True,False
2026-04-02,BKSY,VAL,0.5188764971159339,0.5981118211057873,2.0,,True,False
2026-04-02,BLTE,VAL,0.35147257133844095,0.2849888073282691,-1.5325918213953464,,False,False
2026-04-02,BNAI,VAL,0.35953160567144704,0.3669427801605356,-1.0476329732967729,,False,False
2026-04-02,BWET,VAL,0.19443366271207085,0.16685139184810688,-2.1513642901098766,,False,True
2026-04-02,CAR,VAL,0.4624081417205374,0.20548193447616267,-1.0607209302325582,,True,False
2026-04-02,CDNL,VAL,0.36933477161297923,0.3812811542433455,-0.4834413288087179,,False,False
2026-04-02,CIEN,VAL,0.4341990032734486,0.3080912647232492,2.0,,True,False
2026-04-02,CLDX,VAL,0.1856194248842856,0.11533346462632199,-1.0868486095238092,,False,True
2026-04-02,CLS,VAL,0.369665993763655,0.3510799429364443,2.0,,False,False
2026-04-02,COHR,VAL,0.6408842770200078,0.4224642742678847,2.000000000000005,,True,False
2026-04-02,COHX,VAL,0.5262108468219704,0.38400027673765513,2.0,,True,False
2026-04-02,CRCA,VAL,0.4106611489773203,0.18964231178506635,-1.0671504922644166,,True,False
2026-04-02,CRDO,VAL,0.5411798688759422,0.3973952899397831,2.0,,True,False
2026-04-02,CRWV,VAL,0.4828051701400467,0.17820891929837124,2.0,,True,False
2026-04-02,CVNA,VAL,0.5011916056053666,0.3429129491331134,-0.2649177614321335,,True,False
2026-04-02,CWST,VAL,0.4236963474388315,0.41361751852584056,0.4178437468354425,,True,False
2026-04-02,EWY,VAL,0.5337786721280767,0.44846114190310415,-0.2751116210937528,,True,False
2026-04-02,FEIM,VAL,0.24354777568025207,0.2768285716884822,-1.1362436229565256,,False,False
2026-04-02,FLY,VAL,0.4729121132713132,0.39703305178764764,-1.0651054545454546,,True,False
2026-04-02,FN,VAL,0.5746166778678093,0.535593716425866,2.0,,True,False
2026-04-02,FSLY,VAL,0.36579381664737004,0.2983258863572745,2.0,,False,False
2026-04-02,GDX,VAL,0.47620910657403603,0.4493947128471912,-1.07704442739726,,True,False
2026-04-02,GDXJ,VAL,0.4597227394623108,0.4041759348310199,-1.1060822890510955,,True,False
2026-04-02,GFI,VAL,0.3401062996633373,0.37843749774634855,-1.066453150295858,,False,False
2026-04-02,GGLL,VAL,0.5943326234871994,0.38080498244199873,-1.0685193174825178,,True,False
2026-04-02,GLW,VAL,0.2882979055560748,0.23471239558032503,2.0,,False,False
2026-04-02,GPCR,VAL,0.6267642091912569,0.5195585924815259,2.0,,True,False
2026-04-02,HBM,VAL,0.2086470813386824,0.27502374993206863,-1.1085922042553191,,False,True
2026-04-02,HSAI,VAL,0.5058246293552244,0.3676664550757094,-1.061810349367088,,True,False
2026-04-02,HYMC,VAL,0.5925378315154465,0.44537411282402883,2.0,,True,False
2026-04-02,ICHR,VAL,0.670644205018776,0.5150904607758809,2.0,,True,False
2026-04-02,IDR,VAL,0.6682076996849406,0.5671106350931308,-1.0519916873901063,,True,False
2026-04-02,IMVT,VAL,0.39777121368546786,0.2866113454360891,-1.0979830867415794,,False,False
2026-04-02,INTC,VAL,0.7056642339821244,0.7463619349506372,2.0,,True,False
2026-04-02,INTW,VAL,0.7879896806306543,0.4247103757917915,2.0,,True,False
2026-04-02,IONQ,VAL,0.5231983591744727,0.24992995865286402,2.0,,True,False
2026-04-02,IRDM,VAL,0.3663732014062754,0.17789642385901086,-1.1090327652173917,,False,False
2026-04-02,IREN,VAL,0.46093785256545716,0.26110368111014054,2.0,,True,False
2026-04-02,JEDI,VAL,0.35430367917091576,0.2908722466869025,-1.0937828571428567,,False,False
2026-04-02,JNUG,VAL,0.41349900733156325,0.6108783532050048,1.0121740644171782,,True,False
2026-04-02,KGC,VAL,0.3896965265490473,0.21067617078007303,-1.0872438325581395,,False,False
2026-04-02,KORU,VAL,0.23192887138930018,0.40536922403550096,2.0,,False,False
2026-04-02,KRMN,VAL,0.634147790471403,0.5208858118919837,2.0,,True,False
2026-04-02,KTOS,VAL,0.49502399018709564,0.3226348653471472,-1.1007232994756553,,True,False
2026-04-02,LASR,VAL,0.7912308472669423,0.4850434747534781,2.0,,True,False
2026-04-02,LITE,VAL,0.3611461925614166,0.1615394090404673,2.0,,False,False
2026-04-02,LITX,VAL,0.3341903466815937,0.30670178750789606,2.0,,False,False
2026-04-02,LUNR,VAL,0.5487806558489586,0.3148782196481369,2.0,,True,False
2026-04-02,MANE,VAL,0.45651700023588887,0.23796996369494497,2.0,,True,False
2026-04-02,MBX,VAL,0.30086150551429386,0.3999754319786295,-1.5340000780487772,,False,False
2026-04-02,MP,VAL,0.4278363455435683,0.3752857102067229,2.0,,True,False
2026-04-02,MU,VAL,0.5903366448163875,0.10694081730754333,1.4418301663201585,,True,False
2026-04-02,MULL,VAL,0.5522182149657191,0.26477504052711776,2.0,,True,False
2026-04-02,MUU,VAL,0.33506403903897947,0.17271240626115394,2.0,,False,False
2026-04-02,MUX,VAL,0.5206403963072388,0.38678299632895846,0.282937857142861,,True,False
2026-04-02,NBIS,VAL,0.5268125125692427,0.39096730917867684,2.0,,True,False
2026-04-02,NEM,VAL,0.393591937137331,0.4562191336458123,-1.093885519723183,,False,False
2026-04-02,NNE,VAL,0.38017714437972083,0.28839877265671754,2.0,,False,False
2026-04-02,NTNX,VAL,0.5107727087366258,0.2634155991533404,1.243631441441449,,True,False
2026-04-02,NVDL,VAL,0.3853108326354851,0.33554625734221044,0.3524607692307713,,False,False
2026-04-02,NVTX,VAL,0.4379280673625868,0.4213051497378951,-1.096998269387755,,True,False
2026-04-02,OILD,VAL,0.23312922485200868,0.2128070738893301,-0.3417828431372523,,False,False
2026-04-02,OKLO,VAL,0.3429569376370694,0.2939659170274293,-1.0760531571296423,,False,False
2026-04-02,ORKA,VAL,0.4904673049274941,0.3649657177278506,2.0,,True,False
2026-04-02,PAAS,VAL,0.6347873006894258,0.3421704168779026,-1.11088443697479,,True,False
2026-04-02,PL,VAL,0.561558727246529,0.5066930990952909,2.0,,True,False
2026-04-02,PLTU,VAL,0.5647612857987708,0.4811661331244869,0.0469260493827189,,True,False
2026-04-02,PSIX,VAL,0.5402071258102701,0.4036820787827168,-1.0744047850467295,,True,False
2026-04-02,RBRK,VAL,0.34588059444255265,0.25620106322902464,-0.010775053333334,,False,False
2026-04-02,RCUS,VAL,0.5846809697662889,0.32292664350061506,-1.0566711333333332,,True,False
2026-04-02,RKLB,VAL,0.4465208273035956,0.2839712935802672,2.0,,True,False
2026-04-02,ROKU,VAL,0.6672285999052264,0.33610470701803347,2.0,,True,False
2026-04-02,SA,VAL,0.4493668807117845,0.4495555482031505,2.0,,True,False
2026-04-02,SATS,VAL,0.40474434724659647,0.261943662778343,2.0,,True,False
2026-04-02,SIL,VAL,0.6089130152216956,0.4184387456443788,-1.1624041079069742,,True,False
2026-04-02,SILJ,VAL,0.4494064577521332,0.34142989990252864,-0.1638992405063296,,True,False
2026-04-02,SLNO,VAL,0.7216201036654989,0.5518340592924217,2.0,,True,False
2026-04-02,SLVP,VAL,0.4708232382849402,0.38602604843168764,-1.0856115450980384,,True,False
2026-04-02,SLVR,VAL,0.33747716214044937,0.3798739297046298,-0.5682294060882542,,False,False
2026-04-02,SNDK,VAL,0.2905391320829672,0.09864495189966058,1.346216199622571,,False,False
2026-04-02,SNDU,VAL,0.3862301019499414,0.13011717861545943,-1.0409537616161633,,False,False
2026-04-02,SOLT,VAL,0.4319866888692832,0.3559254596491147,-1.0780709888,,True,False
2026-04-02,SOXL,VAL,0.6881889353735695,0.2642666462495451,2.0,,True,False
2026-04-02,SPYU,VAL,0.49925564086831536,0.39677108495477037,-0.2234993642720894,,True,False
2026-04-02,SSRM,VAL,0.4814421987713769,0.2140887046550982,1.0384050000000014,,True,False
2026-04-02,STX,VAL,0.3660173966590264,0.5086173566437137,-1.1116631533632293,,False,False
2026-04-02,SWMR,VAL,0.14531208676291624,0.12351627285128414,2.0,,False,True
2026-04-02,TNA,VAL,0.4812651803188828,0.39580352568357,2.0,,True,False
2026-04-02,TQQQ,VAL,0.32056614147489393,0.18010855424566713,-0.065439715302489,,False,False
2026-04-02,TSAT,VAL,0.726816437941141,0.6604221748957692,1.5201830188679302,,True,False
2026-04-02,TSEM,VAL,0.37136146149955174,0.4696126388787154,2.0,,False,False
2026-04-02,TSMX,VAL,0.7198235424204665,0.40682125342508935,2.0,,True,False
2026-04-02,UFO,VAL,0.5428538932598242,0.4372682231539099,2.0,,True,False
2026-04-02,VIAV,VAL,0.4738128954243628,0.5184493088066934,2.0,,True,False
2026-04-02,VKTX,VAL,0.2514973976310341,0.20265726264797007,2.0,,False,False
2026-04-02,VOYG,VAL,0.2836764332402245,0.13285114894432634,2.0,,False,False
2026-04-02,WDC,VAL,0.27022415026696056,0.3458328262434863,-1.1088948464555062,,False,False
2026-04-02,WDCX,VAL,0.6282154895287979,0.7213107296885077,-1.0697775763395432,,True,False
2026-04-02,WING,VAL,0.18464996717263762,0.20650686047998457,2.0,,False,True
2026-04-02,WMS,VAL,0.46917264503190026,0.35698014497813624,-1.0518779193415584,,True,False
2026-04-02,YSS,VAL,0.25382516024233365,0.27756940985631257,2.0,,False,False
2026-04-02,ZBIO,VAL,0.6304367948564583,0.3773449673343168,2.0,,True,False
2026-04-06,ANAB,VAL,0.3315113254802126,0.467284316853707,0.7758792553191499,,False,False
2026-04-06,APP,VAL,0.38566381447493614,0.4085121606741083,-1.0441032132495716,,False,False
2026-04-06,ASTS,VAL,0.5431627844957921,0.18160948893593282,-1.046580339313256,,True,False
2026-04-06,ASTX,VAL,0.2530524674537196,0.20107821892630715,-1.0442366523076925,,False,False
2026-04-06,BETR,VAL,0.41247599653448813,0.3045462833303661,-1.063328770458542,,True,False
2026-04-06,KALV,VAL,0.3347531204590765,0.46482721858128306,-1.1041416000000006,,False,False
2026-04-06,KRUS,VAL,0.3605381008369229,0.3855702452196088,2.0,,False,False
2026-04-06,MUU,VAL,0.45658460388544314,0.41010322157637014,-1.0662051601476012,,True,False
2026-04-06,NEBX,VAL,0.4468159252943506,0.37085490000020277,-1.295215513924048,,True,False
2026-04-06,PRGS,VAL,0.3060362908648669,0.28984238382733957,-1.0917025828571434,,False,False
2026-04-06,RKLX,VAL,0.28292917964905717,0.25726551016680826,-1.0399383219288174,,False,False
2026-04-06,SEZL,VAL,0.5127756998998875,0.5138325908014921,-0.3040943619764454,,True,False
2026-04-06,VOYG,VAL,0.3575748727944082,0.32222589678316305,-1.087972740740741,,False,False
2026-04-06,WDCX,VAL,0.38084003875155503,0.24150673896590405,-1.2187832718998906,,False,False
2026-04-06,WING,VAL,0.4610172738210567,0.41114006383188134,2.0,,True,False
2026-04-07,AAOI,VAL,0.5622529303904322,0.29902470030283557,-1.0647600077294688,,True,False
2026-04-07,AAOX,VAL,0.3529032012104498,0.6567920636527387,-1.079209438476192,,False,False
2026-04-07,AXTI,VAL,0.30422891491345455,0.2943981022311389,-1.0588179555555557,,False,False
2026-04-07,BKSY,VAL,0.6984788267480638,0.5840378478267144,-1.0688664571428577,,True,False
2026-04-07,BMNZ,VAL,0.6997418398030532,0.5256903848197555,-1.0460703752513536,,True,False
2026-04-07,CAR,VAL,0.23459625279077245,0.14584181720288525,2.0,,False,False
2026-04-07,COHX,VAL,0.2015934252892605,0.28751387453210747,-1.0481672544415592,,False,True
2026-04-07,CWVX,VAL,0.45713524136657624,0.39512079764691266,1.7403444594594613,,True,False
2026-04-07,ELVN,VAL,0.4763251868900209,0.3155053298331693,-1.0637288784313723,,True,False
2026-04-07,EVMN,VAL,0.43398936551759304,0.20985338893424468,-1.0530938857142855,,True,False
2026-04-07,FLY,VAL,0.36368702299749317,0.3777241548692346,-1.0461974530503388,,False,False
2026-04-07,GCO,VAL,0.48748956912291613,0.30871083017899303,-1.0693206153846155,,True,False
2026-04-07,GDXD,VAL,0.6504642021217965,0.5467571481229115,-1.0358349233082706,,True,False
2026-04-07,IONZ,VAL,0.32655229690228643,0.40761819339739513,2.0,,False,False
2026-04-07,IREZ,VAL,0.4481905351190523,0.3288901968958502,-1.036986056119646,,True,False
2026-04-07,JDST,VAL,0.7063230672267471,0.4082266954850327,-1.364786472727273,,True,False
2026-04-07,LITX,VAL,0.17124587757085447,0.23721483777056213,-1.09134693877551,,False,True
2026-04-07,NEBX,VAL,0.4442022082659544,0.498934916694515,-1.0633105333333337,,True,False
2026-04-07,POWL,VAL,0.7189286602095915,0.701654980733983,1.4987955778894362,,True,False
2026-04-07,RGTZ,VAL,0.23961028227865055,0.27539462619213906,2.0,,False,False
2026-04-07,UVXY,VAL,0.26337324516703337,0.2509371570309623,-1.0886674285714282,,False,False
2026-04-07,WDCX,VAL,0.1827817505152917,0.3191845575501924,-1.0603854795750416,,False,True
2026-04-07,ZSL,VAL,0.3721440415267795,0.47976617096732055,-1.0694458181818185,,False,False
2026-04-08,AAOI,VAL,0.3565513794399589,0.25869520469779544,-1.0939254690909088,,False,False
2026-04-08,AAOX,VAL,0.15760390332243332,0.08678616569410924,-1.0470747506569913,,False,True
2026-04-08,BWET,VAL,0.249229003955694,0.11500416208195814,-1.163491095755186,,False,False
2026-04-08,CENX,VAL,0.35703882453038366,0.2995277445789464,-0.4193263323331879,,False,False
2026-04-08,CF,VAL,0.2626269338708297,0.2462717416579172,2.0,,False,False
2026-04-08,CONI,VAL,0.17267557461685185,0.366341676961504,2.0,,False,True
2026-04-08,DUST,VAL,0.2546588384482227,0.5150285422748783,-1.0728942524822698,,False,False
2026-04-08,ETHD,VAL,0.40695020512993024,0.4136516382393374,-1.1117209599999998,,True,False
2026-04-08,FBL,VAL,0.4542189140429377,0.5318014832599557,-1.1225735384615376,,True,False
2026-04-08,FNGD,VAL,0.4303409848070484,0.4458984279654535,-1.080143608888889,,True,False
2026-04-08,GCT,VAL,0.2837520119244129,0.23604389460001682,-1.0882686451612906,,False,False
2026-04-08,GDXD,VAL,0.19758720102761484,0.4545112714527309,-1.0584140606060604,,False,True
2026-04-08,HUT,VAL,0.6186541627254388,0.2794114823610125,2.0,,True,False
2026-04-08,IREZ,VAL,0.2738815589784,0.6195430711930271,2.0,,False,False
2026-04-08,JDST,VAL,0.17262177616901295,0.3254629249729592,-1.0487358647887324,,False,True
2026-04-08,MEOH,VAL,0.4967937705097175,0.23148030209670437,2.0,,True,False
2026-04-08,METU,VAL,0.474845000044382,0.4044612537390522,2.0,,True,False
2026-04-08,MMYT,VAL,0.1908090482811492,0.32435848522267974,-1.0742921804807417,,False,True
2026-04-08,NESR,VAL,0.2453596660776958,0.3953580665219882,0.0115714778410089,,False,False
2026-04-08,NRGU,VAL,0.29418131435593703,0.4585833779007965,2.0,,False,False
2026-04-08,OILU,VAL,0.27887943158959105,0.4080227729547986,-1.1536163999999904,,False,False
2026-04-08,OKLS,VAL,0.16733494304931737,0.3297145457791797,2.0,,False,True
2026-04-08,QBTZ,VAL,0.17703000895686463,0.41523944932814094,2.0,,False,True
2026-04-08,RGTZ,VAL,0.29709020816441933,0.3795984988339757,2.0,,False,False
2026-04-08,RHLD,VAL,0.2815272881030833,0.34314740866619187,-1.315965863284548,,False,False
2026-04-08,RJET,VAL,0.24096552498289328,0.3150322112444177,-1.4966559492063458,,False,False
2026-04-08,SEI,VAL,0.3254483369753514,0.34001154020965885,-1.061343049372385,,False,False
2026-04-08,SMST,VAL,0.29629179599287625,0.461544175544859,-1.1831215483870985,,False,False
2026-04-08,SOXS,VAL,0.4253190406134076,0.3104694491380495,-1.0557078557377049,,True,False
2026-04-08,TSLQ,VAL,0.13625855413987945,0.32924671132790034,2.0,,False,True
2026-04-08,UVXY,VAL,0.3508231191841674,0.5232049940512795,-1.0360078638736356,,False,False
2026-04-08,VICR,VAL,0.4391208143726113,0.307627522359807,-1.1184193913043494,,True,False
2026-04-08,ZSL,VAL,0.47052695208632017,0.3581184781447544,2.0,,True,False
2026-04-09,AMKR,VAL,0.36371345975536234,0.29779312966060095,-1.066818007161337,,False,False
2026-04-09,AMZU,VAL,0.6252054370342566,0.3401964350919915,1.238100975609743,,True,False
2026-04-09,AVBP,VAL,0.5405745019846018,0.32833535736981856,-1.061014023529412,,True,False
2026-04-09,AXTI,VAL,0.23702338517915006,0.12308375089550766,-1.0426050874251496,,False,False
2026-04-09,BE,VAL,0.3883475172449594,0.24983149430538806,2.0,,False,False
2026-04-09,BF.A,VAL,0.19831311259435616,0.2438827328064554,-1.0892215999999997,,False,True
2026-04-09,BF.B,VAL,0.664166828972817,0.5489123197997308,0.9904074489795914,,True,False
2026-04-09,BKSY,VAL,0.6011438995231909,0.36335089924600067,-1.1030971999999986,,True,False
2026-04-09,CAR,VAL,0.15930563776079676,0.10592847713490212,-1.029591601373201,,False,True
2026-04-09,CWVX,VAL,0.29261820171718383,0.35516594735648344,2.0,,False,False
2026-04-09,FLY,VAL,0.16600033104554227,0.1977459104675848,-1.0861220036036037,,False,True
2026-04-09,GBX,VAL,0.5613053213544054,0.40343705669140156,-1.0899524637681162,,True,False
2026-04-09,GLXY,VAL,0.5105688369988658,0.32443361831351974,2.0,,True,False
2026-04-09,HOOZ,VAL,0.31106168878271523,0.3120946791734131,-1.2410110638297875,,False,False
2026-04-09,HUT,VAL,0.20315787109858047,0.23999501440875756,-0.3740942105263125,,False,True
2026-04-09,INBX,VAL,0.3883792696213024,0.1974467952494916,-1.0469191036649217,,False,False
2026-04-09,INTW,VAL,0.1788290913346464,0.36717637416258264,-1.0687667090586868,,False,True
2026-04-09,IONZ,VAL,0.23089778731756103,0.22615198077900964,-1.1262366504173629,,False,False
2026-04-09,IREX,VAL,0.3833205827874048,0.3134167353214585,-1.0562379906976744,,False,False
2026-04-09,IREZ,VAL,0.25734727022653203,0.2597024793137675,-1.091542488888889,,False,False
2026-04-09,KLIC,VAL,0.34095872504233216,0.3496394516640479,-1.0931375261538454,,False,False
2026-04-09,KORU,VAL,0.2347378536004552,0.32009327522971665,2.0,,False,False
2026-04-09,LGN,VAL,0.6645653332433177,0.3201042940186351,-1.0758414716577538,,True,False
2026-04-09,LINT,VAL,0.2302182564922124,0.307225100493442,-1.1087441939393945,,False,False
2026-04-09,LITE,VAL,0.32130399981330826,0.30697185908130825,-1.071328723010431,,False,False
2026-04-09,LITX,VAL,0.19769551170302135,0.42236622499773524,-1.0349474451643417,,False,True
2026-04-09,MPLT,VAL,0.5842814001054915,0.2541967235408228,2.0,,True,False
2026-04-09,NBIS,VAL,0.6050291650529881,0.37241672589032904,1.6055811946902678,,True,False
2026-04-09,NEBX,VAL,0.4389241213303305,0.3740823882286787,-1.0616171540983608,,True,False
2026-04-09,NVTX,VAL,0.29195636844822126,0.4892971371438947,-1.2950330729411734,,False,False
2026-04-09,PLTZ,VAL,0.3265842606917645,0.3176281487512488,-1.0850251970394071,,False,False
2026-04-09,POWL,VAL,0.6146447004129353,0.6771786328391864,2.0,,True,False
2026-04-09,PSIX,VAL,0.2399979094448897,0.3302295889381011,2.0,,False,False
2026-04-09,SEDG,VAL,0.1347175672454826,0.15987954980126595,-1.0416641,,False,True
2026-04-09,SHAZ,VAL,0.48403313335414877,0.38795018162708395,-1.0862802971428551,,True,False
2026-04-09,SNDU,VAL,0.2899659603618037,0.2407177216246128,1.1561103529411878,,False,False
2026-04-09,SNXX,VAL,0.39902457343649156,0.239249588847952,1.2848544478776958,,False,False
2026-04-09,SWMR,VAL,0.08787535027237701,0.044884045933723304,-1.0420895649726347,,False,True
2026-04-09,TPB,VAL,0.6658301973191729,0.5445981191640058,2.0,,True,False
2026-04-09,URGN,VAL,0.27199994331912897,0.3478210238523015,-1.1694793600000084,,False,False
2026-04-09,WOLF,VAL,0.29366356599303123,0.3440809093419025,2.0,,False,False
2026-04-09,WULX,VAL,0.23096906209092288,0.4791480171880678,-1.090719472052074,,False,False
2026-04-09,YSS,VAL,0.43173886275849327,0.4050452878520448,2.0,,True,False
2026-04-10,AAOI,VAL,0.43471206098359877,0.2277026699264348,2.0,,True,False
2026-04-10,AAOX,VAL,0.25174586301103724,0.042316067710037854,2.0,,False,False
2026-04-10,ALAB,VAL,0.43437167553753947,0.37075785630995095,1.3438024122807044,,True,False
2026-04-10,AMSC,VAL,0.24762357052481246,0.19799590905105466,-1.1761157999999972,,False,False
2026-04-10,APLD,VAL,0.20222835119884747,0.2502881020298479,-1.0530662819672132,,False,True
2026-04-10,APPX,VAL,0.3889857149920998,0.20707316129604142,0.5845780538302291,,False,False
2026-04-10,ASTS,VAL,0.43356193907498614,0.27094667451970483,-1.1034155972497544,,True,False
2026-04-10,ASTX,VAL,0.47452629723422357,0.43756436720638675,-1.0490871762761975,,True,False
2026-04-10,BEX,VAL,0.32877185588558955,0.35606208111296395,2.0,,False,False
2026-04-10,COHX,VAL,0.37947016677124956,0.1888390112347972,2.0,,False,False
2026-04-10,CONI,VAL,0.30381914295826706,0.39950135584636753,-1.0845118020618558,,False,False
2026-04-10,CRDO,VAL,0.5643702834793263,0.542993779706574,2.0,,True,False
2026-04-10,CRDU,VAL,0.10201713893634591,0.17214203617555834,-1.0483759058823532,,False,True
2026-04-10,CWVX,VAL,0.4158454755491737,0.26221650205254454,2.0,,True,False
2026-04-10,HYMC,VAL,0.36893359617815996,0.2688888794584197,-1.1110421343146286,,False,False
2026-04-10,IONX,VAL,0.14250909699276756,0.3272228936426447,-1.0641213537159482,,False,True
2026-04-10,IREN,VAL,0.5738759154347743,0.2550207518009338,2.0,,True,False
2026-04-10,IREX,VAL,0.3081655574069332,0.2631211953596565,2.0,,False,False
2026-04-10,LB,VAL,0.364966341209333,0.26265697180422637,0.4676945669291327,,False,False
2026-04-10,LITX,VAL,0.31277174268327806,0.21159988246781647,-1.0847751848093925,,False,False
2026-04-10,NBIL,VAL,0.3444514375916099,0.26711638862045717,-1.0482744888888889,,False,False
2026-04-10,NBIS,VAL,0.5776656463065537,0.5231895769457825,0.0612905146295434,,True,False
2026-04-10,NEBX,VAL,0.2277217794441105,0.21108333666487936,-1.064999751724138,,False,False
2026-04-10,OKLO,VAL,0.5776682581538441,0.2922272724174932,-1.0737266341463414,,True,False
2026-04-10,RKLX,VAL,0.41332569196093527,0.5365005928793662,-1.0608317192982455,,True,False
2026-04-10,SMCI,VAL,0.5059757557961556,0.1927790916690289,-1.0559385230769232,,True,False
2026-04-10,TTMI,VAL,0.46142747280395124,0.33475600452979504,2.0,,True,False
2026-04-10,VERA,VAL,0.5577185151339981,0.44090770107079247,2.0,,True,False
2026-04-10,WULX,VAL,0.24660289681326722,0.40863296783365816,2.0,,False,False
2026-04-13,AFRM,VAL,0.3425644955510769,0.3533552554245009,2.0,,False,False
2026-04-13,ALB,VAL,0.4353331482339623,0.2885544783713464,2.0,,True,False
2026-04-13,ANRO,VAL,0.25598486497141393,0.19802276192825843,-1.0697989558428884,,False,False
2026-04-13,APLD,VAL,0.23136672216530232,0.20240098440770377,0.966397799999996,,False,False
2026-04-13,APP,VAL,0.2861295082495729,0.35874680354285615,-1.1169833754108514,,False,False
2026-04-13,APPX,VAL,0.3412413869709285,0.30726132374647175,-1.0701057306122452,,False,False
2026-04-13,ASTS,VAL,0.22191442943005046,0.14765800558775952,0.3650007342657277,,False,True
2026-04-13,AVAV,VAL,0.5215779670780875,0.4425814950541468,-1.1005570110532563,,True,False
2026-04-13,AXON,VAL,0.5344043765552875,0.5686788879348167,-1.1163864985115022,,True,False
2026-04-13,BEAM,VAL,0.29764606743709443,0.3243179781960199,-1.0816763428571423,,False,False
2026-04-13,BEX,VAL,0.650479070581286,0.552155374282015,2.0,,True,False
2026-04-13,BKSY,VAL,0.4637232364519716,0.30722000248239856,-1.0794662153846148,,True,False
2026-04-13,BLSH,VAL,0.4933220070997848,0.3444123739839701,2.0,,True,False
2026-04-13,BNAI,VAL,0.24539148268445266,0.22714747307732136,2.0,,False,False
2026-04-13,COIN,VAL,0.37295933087841,0.35067548474394294,-1.0948689934883715,,False,False
2026-04-13,CRCL,VAL,0.28366034873135637,0.22490396320692652,2.0,,False,False
2026-04-13,CRDO,VAL,0.17526810567610673,0.2188714658332303,-1.093409731764705,,False,True
2026-04-13,CRWV,VAL,0.3071428904375102,0.08032892000741652,-1.1111351932773113,,False,False
2026-04-13,DAVE,VAL,0.6100711379722464,0.46418202834327554,-1.0547737162393191,,True,False
2026-04-13,DELL,VAL,0.6029141475655053,0.4442910401548662,0.0462488389513122,,True,False
2026-04-13,FIGR,VAL,0.23523228605363541,0.2699074648605463,0.8671504570728447,,False,False
2026-04-13,FORM,VAL,0.5143888734735005,0.27700363916876786,2.0,,True,False
2026-04-13,FSLY,VAL,0.4746030747186841,0.1548091407172846,-1.101282134082134,,True,False
2026-04-13,GLXY,VAL,0.41275920797981996,0.32792202263631093,-0.2250730434782499,,True,False
2026-04-13,GWRE,VAL,0.35286945529221997,0.4011410968719739,-1.1135508441064628,,False,False
2026-04-13,HIMS,VAL,0.5068560359738267,0.3444438993186234,2.0,,True,False
2026-04-13,HUBS,VAL,0.4007866417698693,0.35461482956836826,-1.0953168063745022,,False,False
2026-04-13,HUT,VAL,0.2626539262928953,0.24315498549673698,2.0,,False,False
2026-04-13,IMNM,VAL,0.26462988716125696,0.2953142930607628,-1.120923356521739,,False,False
2026-04-13,INOD,VAL,0.4698194338798809,0.2812324408358046,2.0,,True,False
2026-04-13,IONX,VAL,0.3938021731665324,0.3514828993981629,-1.0626180923076922,,False,False
2026-04-13,IREN,VAL,0.3137283267562254,0.20137524545793958,2.0,,False,False
2026-04-13,KOD,VAL,0.4044558212123071,0.30425880836883185,2.0,,True,False
2026-04-13,LABU,VAL,0.3785730875611143,0.3066316692133266,-1.0533722376237624,,False,False
2026-04-13,LASR,VAL,0.22882797989206805,0.2273589954265951,-1.086268824163969,,False,False
2026-04-13,LMND,VAL,0.5727192206133871,0.2867091203929262,1.3114349319195155,,True,False
2026-04-13,MAZE,VAL,0.173241995947759,0.3191180451102263,-1.0944933333333335,,False,True
2026-04-13,MNDY,VAL,0.2752109027130474,0.3510434856053892,1.2513618666666666,,False,False
2026-04-13,MOD,VAL,0.5187920493951109,0.5192945851925759,0.9925626033057832,,True,False
2026-04-13,MP,VAL,0.4456749470977495,0.3282625841946263,-1.0745602133333334,,True,False
2026-04-13,NBIL,VAL,0.3798558061748439,0.35673891534256025,2.0,,False,False
2026-04-13,NBIS,VAL,0.3287676253264824,0.28652181686674155,2.0,,False,False
2026-04-13,ORCL,VAL,0.43686705784769314,0.2666698446141146,2.0,,True,False
2026-04-13,PLTU,VAL,0.45272997576695245,0.2604520729909477,-1.1053570341463406,,True,False
2026-04-13,RBRK,VAL,0.4637157882681668,0.2650375803138231,2.0,,True,False
2026-04-13,RIOX,VAL,0.38904904744607305,0.36103480422326817,-1.0705934270270263,,False,False
2026-04-13,RKLB,VAL,0.4498049267803287,0.350538496404262,-1.082110225742575,,True,False
2026-04-13,SGP,VAL,0.2958339050579468,0.2240971261863909,2.0,,False,False
2026-04-13,SHOP,VAL,0.3894285705644028,0.43448497617173604,-0.2300205343511454,,False,False
2026-04-13,SNDU,VAL,0.2252669108530951,0.19391875346189438,-1.0778060651162795,,False,False
2026-04-13,SNXX,VAL,0.2818240455904878,0.24992046981613486,2.0,,False,False
2026-04-13,SPIR,VAL,0.6849638981965501,0.35262820552373314,-1.063510623255814,,True,False
2026-04-13,TEAM,VAL,0.34769470845737205,0.21537445195506955,-1.164907510077526,,False,False
2026-04-13,TEM,VAL,0.23609813750767933,0.22395345413475978,2.0,,False,False
2026-04-13,TTAN,VAL,0.36514565405993654,0.26967557121378183,-1.111909625806452,,False,False
2026-04-13,TVTX,VAL,0.40315282748530645,0.4249845705081242,-0.3170765384615394,,False,False
2026-04-13,VRNS,VAL,0.28218322222643116,0.452396882558481,-1.1267603199999985,,False,False
2026-04-13,WDAY,VAL,0.42822818362950066,0.29200468856608924,-1.1119117480314964,,True,False
2026-04-13,WOLF,VAL,0.5708909003505145,0.29630666503571823,-1.058365834343434,,True,False
2026-04-13,YSS,VAL,0.3299446826956989,0.3033855471410565,2.0,,False,False
2026-04-14,ALK,VAL,0.4465078041020816,0.40407244735297104,-1.097668615384615,,True,False
2026-04-14,APLD,VAL,0.5491009536438258,0.27465700406973864,0.3808347058823535,,True,False
2026-04-14,BABX,VAL,0.4692111353963332,0.3351111297250149,-1.1107578482758624,,True,False
2026-04-14,BE,VAL,0.3245138615052861,0.11598063692304054,2.0,,False,False
2026-04-14,BEX,VAL,0.25075168706774453,0.40104544317235064,2.0,,False,False
2026-04-14,CAR,VAL,0.6193941513123304,0.21878813017112134,2.0,,True,False
2026-04-14,CHDN,VAL,0.5607228564141581,0.3615756420684066,-1.1204642395721922,,True,False
2026-04-14,CRCA,VAL,0.3023476100673629,0.15935488699063566,-1.096551050000001,,False,False
2026-04-14,CRCL,VAL,0.35864515221176363,0.1972025793352853,-1.0640352732824427,,False,False
2026-04-14,CRCO,VAL,0.563768994572954,0.48762892528070856,-1.150921091710457,,True,False
2026-04-14,CRDO,VAL,0.5271797692011724,0.27976432645138155,-0.7840892631578993,,True,False
2026-04-14,CVNA,VAL,0.4387076130502858,0.5163215317585603,-1.056301632160804,,True,False
2026-04-14,HOOG,VAL,0.2904236695227389,0.38459212110782676,-1.1312960408684658,,False,False
2026-04-14,HOOW,VAL,0.33922174298805147,0.3008838040929045,-1.2447468075471697,,False,False
2026-04-14,HOOX,VAL,0.5686670602916504,0.5191210137181529,-1.0628975304347823,,True,False
2026-04-14,INBX,VAL,0.4007686315969169,0.219920135159649,1.3181587860877406,,False,False
2026-04-14,IRE,VAL,0.3502974712811573,0.18750881697639785,2.0,,False,False
2026-04-14,IREX,VAL,0.4078772244064784,0.2616443726436749,1.9999999999999944,,True,False
2026-04-14,KRUS,VAL,0.6580320623502383,0.5066372128038015,-1.0467133815261045,,True,False
2026-04-14,MSTX,VAL,0.20073454728819232,0.23697999977215267,-1.0417584470588237,,False,True
2026-04-14,MWH,VAL,0.23008904313823803,0.24340450818179488,-1.1119712026179434,,False,False
2026-04-14,ORKA,VAL,0.3953756498902008,0.3262809744390413,2.0,,False,False
2026-04-14,PAYP,VAL,0.3766539892281067,0.3596515385555207,2.0,,False,False
2026-04-14,PSIX,VAL,0.3401662896544279,0.3535258286671941,1.1540056179775269,,False,False
2026-04-14,RGTX,VAL,0.6009453887413345,0.5256924857586207,-1.0473763586310645,,True,False
2026-04-14,RIOX,VAL,0.19618419063783474,0.2020774493418269,-0.8869838579499612,,False,True
2026-04-14,ROBN,VAL,0.3168531232994449,0.42797901475713224,-1.2327224000000063,,False,False
2026-04-14,RVMD,VAL,0.5344691728119172,0.36549060980435416,2.0,,True,False
2026-04-14,SEZL,VAL,0.6101294058007437,0.44008042355314875,-1.0791673469387753,,True,False
2026-04-14,SHAZ,VAL,0.8841372793366957,0.7506773136317062,-1.27818633846154,,True,False
2026-04-14,SION,VAL,0.40824619778923904,0.3752327145990386,-1.052936775257732,,True,False
2026-04-14,TBRG,VAL,0.5994954331788019,0.4042220315084962,-1.164444114285712,,True,False
2026-04-14,TNGX,VAL,0.35877579221536876,0.3549031918505866,-1.1051286153846147,,False,False
2026-04-14,TWST,VAL,0.2976669672632199,0.3149961583850855,2.0,,False,False
2026-04-15,APPX,VAL,0.7884419333661898,0.5212951588454361,-1.0696449729729802,,True,False
2026-04-15,BEX,VAL,0.2811015185935173,0.18704158410560975,2.0,,False,False
2026-04-15,CCOI,VAL,0.3993889823840972,0.35922345475082557,-1.150103885714287,,False,False
2026-04-15,DAVE,VAL,0.4340437536741242,0.4245108674977077,-1.1004035500369542,,True,False
2026-04-15,DDOG,VAL,0.5244267464012936,0.32531525276268675,0.8760653333333349,,True,False
2026-04-15,DOCN,VAL,0.48907875269674606,0.5075356306847966,-1.074087700142698,,True,False
2026-04-15,FIG,VAL,0.47168589949293743,0.34532373392987986,-1.088574640327991,,True,False
2026-04-15,FSLY,VAL,0.2672556011256251,0.25524845136728047,-1.0611720000000002,,False,False
2026-04-15,GCT,VAL,0.35359062440556305,0.2960522781554539,-1.105941184984986,,False,False
2026-04-15,HOOG,VAL,0.6162695978523974,0.4557320369282978,-1.093089186986926,,True,False
2026-04-15,INTW,VAL,0.47815878931368133,0.427420478234166,-1.291132383937908,,True,False
2026-04-15,LBRX,VAL,0.4830616161566419,0.4370927515611611,-1.1135977931034486,,True,False
2026-04-15,MLYS,VAL,0.30391667845767373,0.3224045722291699,-1.0956136421052634,,False,False
2026-04-15,MVLL,VAL,0.35353722390333187,0.3885398130906658,-1.121519351691849,,False,False
2026-04-15,ORCX,VAL,0.27103279548223164,0.33929864301521734,-1.078269214814814,,False,False
2026-04-15,QPUX,VAL,0.4156603623816644,0.28271633097632903,-1.0780153036318183,,True,False
2026-04-15,RGTX,VAL,0.20094075749822646,0.1772122316053143,-1.2400520481927737,,False,True
2026-04-15,ROOT,VAL,0.35636747495199667,0.3623409440815883,-1.0870625882352942,,False,False
2026-04-15,SOXS,VAL,0.7822773051403906,0.6172261325951209,-1.069058510134246,,True,False
2026-04-15,STRO,VAL,0.26649610785590694,0.234028129223133,-1.0686319999999996,,False,False
2026-04-15,TEAM,VAL,0.4625894551460684,0.37735561099647424,0.822508888888874,,True,False
2026-04-15,TEM,VAL,0.31613040073999255,0.28642822502425047,2.0,,False,False
2026-04-15,TEMT,VAL,0.5227314188061766,0.4526092076816316,-1.082181217295511,,True,False
2026-04-15,TSLR,VAL,0.4776646206190791,0.28991575340462605,2.0,,True,False
2026-04-15,TTAN,VAL,0.3592518470024507,0.29344592336755526,0.0833586666666783,,False,False
2026-04-15,UUUU,VAL,0.4360609431023246,0.20558159116601651,-1.0884542857142854,,True,False
2026-04-15,WATT,VAL,0.4904199404392688,0.15404664613453586,-1.0719183786666666,,True,False
2026-04-15,WAY,VAL,0.31020932558958436,0.36724716764880166,2.0,,False,False
2026-04-15,WGS,VAL,0.4962150401907136,0.3832386595011337,-1.0544419206582372,,True,False
2026-04-15,WIX,VAL,0.26618610787520713,0.3442208930125254,2.0,,False,False
2026-04-15,WOLF,VAL,0.5793233589268297,0.5336749886257023,-1.056756897959184,,True,False
2026-04-16,AAOI,VAL,0.4265018462607477,0.21528883748577013,1.6469584745762744,,True,False
2026-04-16,AKAM,VAL,0.31856936702226446,0.32131623579296714,0.6168707407407465,,False,False
2026-04-16,ALB,VAL,0.4264525348104401,0.3175453797831803,2.0,,True,False
2026-04-16,ALM,VAL,0.2367060605585017,0.3662531125194481,2.0,,False,False
2026-04-16,AMDL,VAL,0.26006906617043124,0.1925721402971475,2.0,,False,False
2026-04-16,ASTX,VAL,0.2129873065568752,0.37674569928035256,-1.0535926399999995,,False,True
2026-04-16,AXTI,VAL,0.3028420637160782,0.3702782019962475,2.0,,False,False
2026-04-16,BKSY,VAL,0.7800455276461756,0.7612316082565165,-1.053038687179487,,True,False
2026-04-16,COHX,VAL,0.23027821271657736,0.5090080067156407,-1.0300327320026912,,False,False
2026-04-16,DOCN,VAL,0.38360013510296836,0.363448944677678,-1.1160776000000006,,False,False
2026-04-16,FLY,VAL,0.21316735952806581,0.2334203750437224,-1.032944449967896,,False,True
2026-04-16,FLYT,VAL,0.4523407911535855,0.07363185124469017,2.0,,True,False
2026-04-16,FSLY,VAL,0.43805108074693394,0.20425893476035312,-1.0728692800000004,,True,False
2026-04-16,FWRD,VAL,0.41418555721694283,0.34834052340858485,2.0,,True,False
2026-04-16,INTW,VAL,0.4834166207416927,0.3024600303314032,-1.0460318013793104,,True,False
2026-04-16,IRDM,VAL,0.41059924815932414,0.3298024933504979,2.0,,True,False
2026-04-16,LINT,VAL,0.17605921954219514,0.41738205955473856,-1.1021344807228943,,False,True
2026-04-16,LITE,VAL,0.5141070479423059,0.4744021922902406,2.0,,True,False
2026-04-16,LITX,VAL,0.2602831587837438,0.43997941751113934,1.2306929197080343,,False,False
2026-04-16,LUNL,VAL,0.26951942206400664,0.3726012984319765,-1.0430499945681695,,False,False
2026-04-16,LUNR,VAL,0.750253454300905,0.25025572591997597,-1.108873371428571,,True,False
2026-04-16,MAN,VAL,0.5667104237301512,0.5211114192702514,-1.0302603811650972,,True,False
2026-04-16,NVTX,VAL,0.0797398978408662,0.35886045784052223,2.0,,False,True
2026-04-16,ON,VAL,0.3481127291631163,0.4127136842100552,-1.116560197530864,,False,False
2026-04-16,PATK,VAL,0.6098027280852434,0.430192579899313,-1.0784926761290323,,True,False
2026-04-16,PL,VAL,0.4786054295354326,0.1839925316326079,2.0,,True,False
2026-04-16,PLTZ,VAL,0.48099067543473834,0.47220263680127866,-1.0892111058823557,,True,False
2026-04-16,PLU,VAL,0.09444785915130338,0.1534242707613638,-1.2755229273542557,,False,True
2026-04-16,RDNT,VAL,0.36039413201943077,0.2696358194468215,-1.114210599233717,,False,False
2026-04-16,RKLB,VAL,0.3777503634348407,0.2687645063956908,-1.119867216597925,,False,False
2026-04-16,RKLX,VAL,0.23084297545544588,0.3602395633746101,-1.0905191527216171,,False,False
2026-04-16,SANM,VAL,0.4356661466180952,0.37743264438989554,2.0,,True,False
2026-04-16,SMMT,VAL,0.5806691760623173,0.6035312046009512,2.0,,True,False
2026-04-16,SMTC,VAL,0.4748261717823923,0.37823578667789004,-1.0985271663865548,,True,False
2026-04-16,SPIR,VAL,0.34887298573638953,0.3961050689869731,-1.0330107483355526,,False,False
2026-04-16,TSAT,VAL,0.5012738071916054,0.3094864858755504,-0.5564887064676582,,True,False
2026-04-16,WATT,VAL,0.2327416821186057,0.24579452711758082,-1.0451949559322034,,False,False
2026-04-16,WOLF,VAL,0.6146276751024147,0.534629300518056,2.0,,True,False
2026-04-17,ALK,VAL,0.2441373228222684,0.24495529550131911,2.0,,False,False
2026-04-17,ALM,VAL,0.12308134863377314,0.3075140432332321,-1.118315599999999,,False,True
2026-04-17,AOSL,VAL,0.3919860585681597,0.32426824272141463,2.0,,False,False
2026-04-17,AXTI,VAL,0.4045514352075523,0.18447532849544482,-1.096977045544555,,True,False
2026-04-17,BAND,VAL,0.1985673303727469,0.22427129555972344,2.0,,False,True
2026-04-17,BETR,VAL,0.44545711354952594,0.2833689585213221,-1.1166234536585375,,True,False
2026-04-17,BWET,VAL,0.5107847114200994,0.47694313327780796,-1.070283549504524,,True,False
2026-04-17,CAR,VAL,0.18046236383430508,0.12586746371386764,2.0,,False,True
2026-04-17,CBIO,VAL,0.3459910308475232,0.17015532894951163,-1.2394740622868865,,False,False
2026-04-17,CENX,VAL,0.29917602660788634,0.23247839660311512,-1.0915977481481478,,False,False
2026-04-17,CPS,VAL,0.31247091514635444,0.3480846814075155,-1.0578895999999998,,False,False
2026-04-17,CVNA,VAL,0.3376259090937701,0.3645379846153794,2.0,,False,False
2026-04-17,DOO,VAL,0.6169201367467329,0.3685512293363749,-1.10815135,,True,False
2026-04-17,DPST,VAL,0.5505887357191424,0.2818569210665082,-1.108406654710992,,True,False
2026-04-17,ESAB,VAL,0.5129001153305736,0.4043515295289623,2.0,,True,False
2026-04-17,FND,VAL,0.4523749803524118,0.32282180329536364,-1.0808995555555554,,True,False
2026-04-17,GDXU,VAL,0.37202299145117956,0.26201327968219634,-1.0783048871287135,,False,False
2026-04-17,HYMC,VAL,0.29050100365683734,0.08458303557108944,2.0,,False,False
2026-04-17,HZO,VAL,0.31358493795708375,0.2730886849679058,-1.123497813333333,,False,False
2026-04-17,IDR,VAL,0.35300272238592995,0.2509291364148273,2.0,,False,False
2026-04-17,INOD,VAL,0.25390994208917717,0.24765162179576863,2.0,,False,False
2026-04-17,JHX,VAL,0.4435771078917454,0.28278380864976665,2.0,,True,False
2026-04-17,LIND,VAL,0.2982265413757817,0.28772902582789733,-1.2127911489361798,,False,False
2026-04-17,LOAR,VAL,0.586465378815016,0.4330451979000914,0.5926318042813453,,True,False
2026-04-17,MSTR,VAL,0.30835540930490457,0.24158744305355503,2.0,,False,False
2026-04-17,MSTX,VAL,0.20355388743113692,0.31188718819316336,2.0,,False,True
2026-04-17,MVLL,VAL,0.5843121289637357,0.4306216242250369,2.0,,True,False
2026-04-17,MXL,VAL,0.30911902760901366,0.31932466313522706,2.0,,False,False
2026-04-17,NGNE,VAL,0.17584542416107526,0.44245888410862194,-1.049044489552239,,False,True
2026-04-17,NN,VAL,0.30929419095059013,0.2045344529013617,-1.0624366476190474,,False,False
2026-04-17,NNE,VAL,0.18422692109842073,0.09732802726658163,-1.0454796705882352,,False,True
2026-04-17,OII,VAL,0.5913544587287872,0.42258260792885444,-1.0858141561904753,,True,False
2026-04-17,OKLO,VAL,0.2858013105877588,0.14928391847521474,2.0,,False,False
2026-04-17,PII,VAL,0.5690515542432792,0.5239493326309838,0.4232419642857136,,True,False
2026-04-17,PLSE,VAL,0.29940981126357613,0.3501863827975042,2.0,,False,False
2026-04-17,RH,VAL,0.35408672593381035,0.33808655007663385,2.0,,False,False
2026-04-17,RIOX,VAL,0.24438913180469793,0.28830123472202074,2.0,,False,False
2026-04-17,ROAD,VAL,0.5322514500594185,0.4076563407778513,2.0,,True,False
2026-04-17,ROBN,VAL,0.24567888459184464,0.20200497650381613,-1.0875804000000002,,False,False
2026-04-17,SENEA,VAL,0.3078979660049118,0.15122428398579152,0.3832853958944207,,False,False
2026-04-17,SEZL,VAL,0.34513100666034646,0.2535280392424887,2.0,,False,False
2026-04-17,STRO,VAL,0.2629609094493484,0.2229590731840437,-1.137734674285731,,False,False
2026-04-17,TSLR,VAL,0.33777250021819505,0.3129595604013164,-1.0939421901639346,,False,False
2026-04-17,TSLT,VAL,0.36695741756247496,0.24216448077746505,-1.085635374545455,,False,False
2026-04-17,TWST,VAL,0.3641068710738286,0.177605325100193,-1.116529748927246,,False,False
2026-04-17,USAR,VAL,0.3936235721686223,0.19480657140962693,-1.09739776,,False,False
2026-04-17,USAX,VAL,0.3273583047573544,0.2739470474916561,-1.1639526340326365,,False,False
2026-04-17,VICR,VAL,0.34892606970264506,0.31529657623123974,-0.6972198344370837,,False,False
2026-04-17,W,VAL,0.293817881784503,0.3455756409551049,2.0,,False,False
2026-04-17,WSC,VAL,0.5553414733220933,0.23730606365791726,-1.0919071999999994,,True,False
2026-04-17,WULX,VAL,0.3114829701904174,0.47113756477454116,-1.0565744052863435,,False,False
2026-04-17,YETI,VAL,0.41876548866036983,0.35517767293262414,2.0,,True,False
2026-04-20,ACLS,VAL,0.3181854844303567,0.37847876714519885,0.762556390728467,,False,False
2026-04-20,AEHR,VAL,0.5767595070315562,0.22384621833107918,-1.0655729308176098,,True,False
2026-04-20,AMPX,VAL,0.40865821981759703,0.263592646545715,-1.0812882758620692,,True,False
2026-04-20,APPX,VAL,0.31629357157034566,0.43712310445338887,-1.0341166996309965,,False,False
2026-04-20,ASTX,VAL,0.3467070332418115,0.25011918045372034,-1.1159995569230772,,False,False
2026-04-20,BAND,VAL,0.35412780065674515,0.2562975271000695,0.6491100000000006,,False,False
2026-04-20,BETR,VAL,0.2584045151277873,0.4592574237050235,-1.0357776997164003,,False,False
2026-04-20,BOH,VAL,0.3702883564570427,0.2571886292546499,-1.0636948218947926,,False,False
2026-04-20,CABO,VAL,0.37484980667212703,0.22955927416648714,1.3558902234636965,,False,False
2026-04-20,CAR,VAL,0.2696776952299459,0.2413571302030308,2.0,,False,False
2026-04-20,CBRL,VAL,0.4863617547377404,0.3874996134317754,-0.3592409160305365,,True,False
2026-04-20,CIFU,VAL,0.14725611388943563,0.3852344980657939,-1.0517093154362416,,False,True
2026-04-20,CRDU,VAL,0.3913708334175387,0.5345864345125547,2.0,,False,False
2026-04-20,CZR,VAL,0.6538336743909888,0.28014217602386177,-1.055815972881356,,True,False
2026-04-20,DLLL,VAL,0.41631845209892865,0.2569600338664448,2.0,,True,False
2026-04-20,ERAS,VAL,0.6198764305596539,0.5565576701812907,-1.0824379733333331,,True,False
2026-04-20,FLY,VAL,0.44531560626398864,0.256595024625725,-1.0533503030303029,,True,False
2026-04-20,HIMS,VAL,0.5203289660758309,0.35526289498057506,2.0,,True,False
2026-04-20,IDR,VAL,0.5052610498674205,0.40537163542827404,2.0,,True,False
2026-04-20,IONQ,VAL,0.46473759183682234,0.26610083398893286,-1.061424492307692,,True,False
2026-04-20,LEGN,VAL,0.2602712194037048,0.30461763739154624,-1.101323377777778,,False,False
2026-04-20,LUNR,VAL,0.3259576909914012,0.12844036132437692,-1.0431685333333334,,False,False
2026-04-20,MSTX,VAL,0.3326084736941583,0.22015519814143175,-1.0794165979797985,,False,False
2026-04-20,NN,VAL,0.24685121170553648,0.2295186113649651,-1.0945664558576709,,False,False
2026-04-20,NVTX,VAL,0.5051263506736317,0.2788415245966784,-1.065862235897436,,True,False
2026-04-20,ONDL,VAL,0.37460939310600444,0.32620240784470267,-1.0323089534246577,,False,False
2026-04-20,OUST,VAL,0.19974063246650184,0.2130944682906343,-1.113647771428571,,False,True
2026-04-20,QPUX,VAL,0.3489810482078948,0.4088261310049617,-1.102649714285711,,False,False
2026-04-20,RDTL,VAL,0.28215471891817784,0.4099463794378746,-1.060401711627907,,False,False
2026-04-20,RGTX,VAL,0.2728980899804691,0.41059059335546905,-1.0690129905741212,,False,False
2026-04-20,RJET,VAL,0.48922563748507836,0.2028233948294083,-1.0407339682539682,,True,False
2026-04-20,RKLB,VAL,0.39226609517425337,0.23774576851721804,-1.0884541961509375,,False,False
2026-04-20,RKLX,VAL,0.3642440185208224,0.5335258723790465,2.0,,False,False
2026-04-20,SGML,VAL,0.3631290544550057,0.3554546550555593,2.0,,False,False
2026-04-20,SKM,VAL,0.21849172408457082,0.2586609400104265,-1.0839356571428578,,False,True
2026-04-20,TEAM,VAL,0.38606213326419175,0.3372716206638155,-1.1123919567567575,,False,False
2026-04-20,TEMT,VAL,0.31771854017000134,0.48513419884311554,-1.041403968831169,,False,False
2026-04-20,TSAT,VAL,0.7070827698671854,0.3941557467524389,-1.070236728888889,,True,False
2026-04-20,TSLQ,VAL,0.6371564018397908,0.3037164897868604,-0.4499965481532619,,True,False
2026-04-20,VCX,VAL,0.35200180111742924,0.6738001008246621,2.0,,False,False
2026-04-20,VECO,VAL,0.4970631452900467,0.34994982116643997,-1.0782194417266189,,True,False
2026-04-20,WATT,VAL,0.6450862177883051,0.47218060597355527,-1.0735935769194973,,True,False
2026-04-20,WGS,VAL,0.6335230519873478,0.31932207768152326,-1.0680053600000006,,True,False
2026-04-20,WIX,VAL,0.38901319240392607,0.2643798353004251,2.0,,False,False
2026-04-20,WRBY,VAL,0.6150069722512793,0.357141954151583,-1.0956372,,True,False
2026-04-20,WSC,VAL,0.49065014782983296,0.18521268300953833,-0.703304999999995,,True,False
2026-04-20,YSS,VAL,0.5013836448090453,0.2475872740709884,-1.117726652631578,,True,False
2026-04-21,AAOI,VAL,0.1671484030119592,0.13952510286672376,-1.0482608459330145,,False,True
2026-04-21,AEHR,VAL,0.293890564391049,0.1907524674722366,2.0,,False,False
2026-04-21,AMPX,VAL,0.27730008435272113,0.22465767373839463,-1.0934986666666655,,False,False
2026-04-21,ANAB,VAL,0.22809483306443457,0.48582307082811316,-1.252676651851853,,False,False
2026-04-21,ASTX,VAL,0.2418710211536072,0.21575097301198146,-1.0467413972219135,,False,False
2026-04-21,AVAV,VAL,0.29941029668193836,0.31824487471073054,-1.0550210250549452,,False,False
2026-04-21,AXTI,VAL,0.45573397428898266,0.1812076268643391,-1.065295930935252,,True,False
2026-04-21,BAND,VAL,0.1261013546316374,0.17652900132135638,-1.1686248449287564,,False,True
2026-04-21,BEX,VAL,0.26550463763715104,0.25753271375023185,-1.0677666400000003,,False,False
2026-04-21,BKSY,VAL,0.40086649115043,0.35452642274818597,-1.047642457216342,,False,False
2026-04-21,BLLN,VAL,0.22976610483355625,0.2076169269699805,-1.034652779421222,,False,False
2026-04-21,BNTX,VAL,0.4756459409353726,0.35583108750481385,-1.0666824533333332,,True,False
2026-04-21,DAVE,VAL,0.39205370137956846,0.3028529129322621,-1.0771806074074064,,False,False
2026-04-21,DOCN,VAL,0.29871484893702205,0.22638453681064588,-1.0914805024154586,,False,False
2026-04-21,DUST,VAL,0.3639506390218601,0.36655567951427376,-1.144877437722424,,False,False
2026-04-21,ENPH,VAL,0.36433626681616565,0.4246527132111256,-1.0795433056603772,,False,False
2026-04-21,EQPT,VAL,0.2999975598040076,0.32894227006167315,-1.11267584,,False,False
2026-04-21,FIG,VAL,0.22998797477477576,0.20712384144718954,-1.0600166564102562,,False,False
2026-04-21,FSLY,VAL,0.5437288971566233,0.27549104452190454,-1.09514951641791,,True,False
2026-04-21,GTLB,VAL,0.3419828953534881,0.2770287230509986,-1.118633460869565,,False,False
2026-04-21,HPE,VAL,0.5492209083840375,0.16276378017810492,-1.1004007884057974,,True,False
2026-04-21,HPQ,VAL,0.36254057368474524,0.1183378789546595,2.0,,False,False
2026-04-21,HUBS,VAL,0.27790645513788736,0.3401302061635933,-1.0915944996805114,,False,False
2026-04-21,JDST,VAL,0.6078537376865298,0.37556493047137723,2.0,,True,False
2026-04-21,MLI,VAL,0.49776582159602845,0.2417133101006224,2.0,,True,False
2026-04-21,MVLL,VAL,0.0978555527591092,0.27829605107806266,-1.1176633123966948,,False,True
2026-04-21,NTAP,VAL,0.7208252118758316,0.4374639663525656,-1.1147811034482762,,True,False
2026-04-21,OKLS,VAL,0.13821514402054064,0.2719471062735208,2.0,,False,True
2026-04-21,ONDL,VAL,0.3147022521426444,0.36172280998903816,-1.094848571428571,,False,False
2026-04-21,ORCX,VAL,0.2485611438152821,0.21161765655985015,-1.0831750736842105,,False,False
2026-04-21,PI,VAL,0.6215382238012752,0.28472708150580006,-1.0668557757719714,,True,False
2026-04-21,PLU,VAL,0.19344306201783534,0.33195083931409064,-1.31975997692086,,False,True
2026-04-21,RGEN,VAL,0.6714883303075724,0.346505285269884,-1.0566072027681663,,True,False
2026-04-21,RNG,VAL,0.46059073741855816,0.28293730460866584,-1.101193408,,True,False
2026-04-21,SEDG,VAL,0.40085427018114606,0.2365924921011082,-1.1168617674418606,,False,False
2026-04-21,SYNA,VAL,0.4902449509464517,0.4875481026884207,-1.1132752347826085,,True,False
2026-04-21,TEAM,VAL,0.23095877194696324,0.2705548160844371,-1.08969531750503,,False,False
2026-04-21,TENB,VAL,0.2856489969984017,0.2381823227233611,-1.0904041481481483,,False,False
2026-04-21,VMI,VAL,0.22603102743738407,0.21944621598393743,-1.0758564868108866,,False,False
2026-04-21,VOYG,VAL,0.2079383266031261,0.39291937536924,-1.092323572093023,,False,True
2026-04-21,VRNS,VAL,0.1584991782353116,0.2558462152507547,-1.110592465454546,,False,True
2026-04-21,WOLF,VAL,0.2952364453684424,0.20613072108052907,2.0,,False,False
2026-04-21,ZS,VAL,0.21108617790113363,0.2787777051215291,-1.1142143491857546,,False,True
2026-04-22,ALMU,VAL,0.4491494341498832,0.45803795095281297,-1.0790958933333332,,True,False
2026-04-22,AMDL,VAL,0.43167476217435125,0.4111148043920944,2.0,,True,False
2026-04-22,AMUU,VAL,0.3087296541565516,0.20417055204127163,1.785441050832966,,False,False
2026-04-22,ANRO,VAL,0.5231431414904582,0.45299479020259037,-1.1139682206896555,,True,False
2026-04-22,ARM,VAL,0.5737225772213204,0.4187453490699443,2.0,,True,False
2026-04-22,CRCA,VAL,0.38761856799756383,0.40884693993856513,0.1370220943078115,,False,False
2026-04-22,CRWV,VAL,0.4192782467879185,0.2903718349572435,-1.091814236779597,,True,False
2026-04-22,CWVX,VAL,0.33854285885961505,0.5639237485327574,-1.4703762563809546,,False,False
2026-04-22,DQ,VAL,0.27415815479287703,0.4262577420630158,2.0,,False,False
2026-04-22,FIGR,VAL,0.41921780034977946,0.22784169563346085,-1.0734646195105595,,True,False
2026-04-22,FLY,VAL,0.5129538935954006,0.2740011182656346,-1.0486200366972476,,True,False
2026-04-22,IIPR,VAL,0.3226040708510423,0.41354580776649325,-1.0980078222222216,,False,False
2026-04-22,IONX,VAL,0.41155688841057514,0.40281255922706943,-1.0335728303523035,,True,False
2026-04-22,IREX,VAL,0.3843416791237616,0.22663538132212144,-1.1075389097384527,,False,False
2026-04-22,JBIO,VAL,0.5365427412182697,0.6488339887155149,0.980496973684208,,True,False
2026-04-22,JKS,VAL,0.535088710873654,0.3123544661472364,-1.149687466666674,,True,False
2026-04-22,LEU,VAL,0.4058246331191264,0.29077305264335684,2.0,,True,False
2026-04-22,MPLT,VAL,0.43749217383163086,0.25082373952526216,-1.0862309688888885,,True,False
2026-04-22,MULL,VAL,0.2543468795260389,0.36499434613248133,-1.0506203524584936,,False,False
2026-04-22,MUU,VAL,0.26546774973238346,0.2532995886443827,2.0,,False,False
2026-04-22,NXT,VAL,0.723608157949926,0.40847388642601884,-1.0761503463687154,,True,False
2026-04-22,OKLO,VAL,0.40833419673959037,0.24864419703611185,-1.065602144842243,,True,False
2026-04-22,RCI,VAL,0.41610630776872204,0.3620844162235896,-1.117134097297298,,True,False
2026-04-22,RVI,VAL,0.46111935244176194,0.5434253897773706,-1.1499755228736812,,True,False
2026-04-22,SNDU,VAL,0.6105701390554493,0.4578472382220496,2.0,,True,False
2026-04-22,SNXX,VAL,0.43694267076920146,0.5231748739018172,2.0,,True,False
2026-04-22,SOUX,VAL,0.5939434212403305,0.23994424967618294,-1.2583164883806748,,True,False
2026-04-22,URGN,VAL,0.3158669074091823,0.33860000295341885,2.0,,False,False
2026-04-22,WFRD,VAL,0.6022751047062154,0.2691335030875133,2.0,,True,False
2026-04-22,XNDU,VAL,0.3354453167601861,0.08524674893604027,-1.0448157999736252,,False,False
2026-04-23,AAOX,VAL,0.3426038557091564,0.30969357464122094,-1.035327816091954,,False,False
2026-04-23,ALAB,VAL,0.3889414549090518,0.46318770955915844,-1.111172518969554,,False,False
2026-04-23,APLX,VAL,0.3178185856779535,0.36067928009925737,-1.0320225828571428,,False,False
2026-04-23,ARM,VAL,0.3967896724327229,0.2774859614111193,2.0,,False,False
2026-04-23,BEX,VAL,0.2742429825473934,0.29894797045130733,-1.0527277042654029,,False,False
2026-04-23,CAMT,VAL,0.38483712274346604,0.3955602724186761,-1.0914108151338051,,False,False
2026-04-23,CHDN,VAL,0.533495722065658,0.26688991363229714,-1.0829381136089344,,True,False
2026-04-23,CIFR,VAL,0.3414159438110617,0.21532975898590015,-1.1132214857142873,,False,False
2026-04-23,CONI,VAL,0.45363368592859893,0.5618558901725247,-1.0539234508029494,,True,False
2026-04-23,CPRX,VAL,0.6894630140619379,0.5568770936294293,-1.078166243902439,,True,False
2026-04-23,CRDU,VAL,0.42908362916623555,0.38683841646978306,-1.240938906422019,,True,False
2026-04-23,DCOM,VAL,0.34959591242180277,0.27840450925194776,0.5221481553398047,,False,False
2026-04-23,EQPT,VAL,0.3459791387945546,0.28433802921445844,-1.093460774603174,,False,False
2026-04-23,ERAS,VAL,0.5441487974211408,0.38794256848333153,-1.033602106329114,,True,False
2026-04-23,FNGD,VAL,0.4193397835580005,0.4848249513015248,-1.1049925925925927,,True,False
2026-04-23,FTAI,VAL,0.65215849182103,0.573767680241442,-1.101846787188612,,True,False
2026-04-23,GFS,VAL,0.5164934578627757,0.31646019434663447,-1.1160776,,True,False
2026-04-23,HIBS,VAL,0.6164442279477417,0.4318142573842828,-1.1088563199999997,,True,False
2026-04-23,HRI,VAL,0.4112669535726883,0.38399102241606037,2.0,,True,False
2026-04-23,ICHR,VAL,0.48714802951734515,0.2994384649311476,-1.1171603657142852,,True,False
2026-04-23,INBX,VAL,0.4402092339723985,0.17640421188626804,-1.0611635348381567,,True,False
2026-04-23,IREN,VAL,0.434547223824043,0.2888728714469095,0.6997648666666628,,True,False
2026-04-23,LABX,VAL,0.16730369357478933,0.2853968454565095,-1.1024953556724262,,False,True
2026-04-23,LBRT,VAL,0.5861075386238973,0.4610068107414583,2.0,,True,False
2026-04-23,MOH,VAL,0.4570517155517548,0.2770155488945581,-1.066896388196721,,True,False
2026-04-23,MSTX,VAL,0.3258574546246949,0.2252358822746875,-1.0696695138461532,,False,False
2026-04-23,MXL,VAL,0.3782063651672982,0.20765978698915552,-1.1057469164556954,,False,False
2026-04-23,NBIL,VAL,0.41452758756229474,0.4904143935099722,-1.077332715789474,,True,False
2026-04-23,NBIS,VAL,0.2463975139341616,0.3237873582909382,-1.0536501511215397,,False,False
2026-04-23,NEBX,VAL,0.4857584340177971,0.3071861623697699,2.0,,True,False
2026-04-23,OII,VAL,0.624756302204198,0.39816991770179216,2.0,,True,False
2026-04-23,ROG,VAL,0.4700752694042966,0.3199796311685951,-1.114863807518797,,True,False
2026-04-23,SEDG,VAL,0.6792137041876227,0.3892072255855949,2.0,,True,False
2026-04-23,SHAZ,VAL,0.39696396574530185,0.17382630311262415,2.0,,False,False
2026-04-23,SIGI,VAL,0.6420355385979875,0.29009482764620964,2.0,,True,False
2026-04-23,SNXX,VAL,0.5022505670379788,0.3939723406331232,-1.0898769644859807,,True,False
2026-04-23,SOXL,VAL,0.28917741086101934,0.08607714654749672,-1.1148664470588237,,False,False
2026-04-23,UVXY,VAL,0.5962180883887179,0.4486223412859668,-1.0700703309352515,,True,False
2026-04-23,VIAV,VAL,0.4040329145598635,0.30956055045016995,-1.117404527659573,,True,False
2026-04-23,VRT,VAL,0.4691212025738688,0.4757023774763212,-1.108073810888252,,True,False
2026-04-23,WDC,VAL,0.37988716568313086,0.3735971213118354,-1.1040059636363635,,False,False
2026-04-23,WEBS,VAL,0.43385098825205565,0.2935194286497723,-1.1219177142857135,,True,False
2026-04-24,AAOI,VAL,0.5530405697624554,0.26936054790746966,2.0,,True,False
2026-04-24,AAOX,VAL,0.2691919367015556,0.32269582701687904,2.0,,False,False
2026-04-24,ALAB,VAL,0.3265889702321804,0.3739604338985488,-1.115645672527371,,False,False
2026-04-24,AMBA,VAL,0.5423375339327788,0.5104162985607216,0.152093841312644,,True,False
2026-04-24,AMDL,VAL,0.30066242559894635,0.2783707860243885,-1.066528524590164,,False,False
2026-04-24,AMUU,VAL,0.5771486621055503,0.44707556180364966,-1.2661388619718292,,True,False
2026-04-24,ARM,VAL,0.15515606401910598,0.23890206414666348,-1.1052702714177405,,False,True
2026-04-24,CRDU,VAL,0.5076318888578184,0.4921504964985155,-1.0696511671836595,,True,False
2026-04-24,CRMX,VAL,0.4795540064474325,0.17882608694606147,-1.032085697475302,,True,False
2026-04-24,CVLG,VAL,0.38463223189094886,0.2677353117214751,1.2931645918367431,,False,False
2026-04-24,DKNG,VAL,0.6477057837611142,0.4568012306114927,0.2921449056603821,,True,False
2026-04-24,FLUT,VAL,0.7033385171924482,0.5403801162431717,-1.0569027346405229,,True,False
2026-04-24,HIMS,VAL,0.46578552895289643,0.44725327375696033,-1.0989075027027024,,True,False
2026-04-24,HIMZ,VAL,0.5625627787006874,0.3256882352051001,2.0,,True,False
2026-04-24,HRTG,VAL,0.45037795253021157,0.14535203004150063,-1.1041324923076916,,True,False
2026-04-24,KALU,VAL,0.47096184315684453,0.3397111272864753,2.0,,True,False
2026-04-24,LABX,VAL,0.5347828663963438,0.5936085201571603,-1.0533338708442124,,True,False
2026-04-24,LITE,VAL,0.36245975145618115,0.5260213388553794,-0.0393621243978708,,False,False
2026-04-24,MPLT,VAL,0.5360303703460816,0.6228979075158492,-1.1039836235294118,,True,False
2026-04-24,OKLS,VAL,0.5135599100753937,0.16619151162125617,-1.0703917948717947,,True,False
2026-04-24,OUST,VAL,0.46692423754025997,0.32192015873280855,-1.0779544275862072,,True,False
2026-04-24,PLPC,VAL,0.302288824418941,0.4357087039683297,-0.0478826520270275,,False,False
2026-04-24,PLTZ,VAL,0.4998503263598092,0.3242915048091764,-1.1149177993527504,,True,False
2026-04-24,QBTZ,VAL,0.31045998066356756,0.4227122979106559,2.0,,False,False
2026-04-24,RVI,VAL,0.7902081281444425,0.6085282989479976,-0.8841678761061945,,True,False
2026-04-24,SLM,VAL,0.19635325450616098,0.35507827452215557,-1.0799712,,False,True
2026-04-24,SMCI,VAL,0.4370757219674508,0.3678108488325876,2.0,,True,False
2026-04-24,SMST,VAL,0.6336323658307724,0.5654579594670671,0.439416083229141,,True,False
2026-04-24,SMZ,VAL,0.5198524279558349,0.14010683282636524,-1.0785347450597706,,True,False
2026-04-24,SNDU,VAL,0.4163360745268311,0.558650911729732,-1.0414082002930711,,True,False
2026-04-24,SNPS,VAL,0.4984608366250482,0.3863373702355762,-1.093858610662359,,True,False
2026-04-24,SNXX,VAL,0.4851165888787438,0.6212423618050257,0.2781047468354458,,True,False
2026-04-24,SYNA,VAL,0.41840333252493256,0.3724075292724108,-1.0809135157894738,,True,False
2026-04-24,TTMI,VAL,0.2648172171696685,0.28577322411154094,2.0,,False,False
2026-04-24,WOLF,VAL,0.6901592688898855,0.4701550703771068,-1.0543258514285712,,True,False
2026-04-24,XNDU,VAL,0.5724127594145259,0.36405448103514026,-1.0560736432737,,True,False
2026-04-27,ANAB,VAL,0.6783767353864106,0.3671378800931676,2.0,,True,False
2026-04-27,CELC,VAL,0.6288251319716159,0.2562245337736089,-1.0406411016393442,,True,False
2026-04-27,CPRX,VAL,0.3860698612559034,0.38228598340976205,2.0,,False,False
2026-04-27,CRMX,VAL,0.6738595609287685,0.16021868829663122,2.0,,True,False
2026-04-27,CVI,VAL,0.5200162204256837,0.3573496178336316,-1.0701026857142857,,True,False
2026-04-27,FIGR,VAL,0.46792838654380425,0.3596129727902816,-1.084885572413802,,True,False
2026-04-27,GMTL,VAL,0.5269086281188959,0.3166900952998438,2.0,,True,False
2026-04-27,IMNM,VAL,0.4043151809353008,0.24470910734675347,-1.064030008888889,,True,False
2026-04-27,JBIO,VAL,0.35447510223893813,0.12801836692538454,-1.0685744012905278,,False,False
2026-04-27,KTOS,VAL,0.39671738011109636,0.29359237077863354,-1.0764555712841255,,False,False
2026-04-27,LABU,VAL,0.7942772623727147,0.5467750939880215,-1.0913233483234714,,True,False
2026-04-27,LEU,VAL,0.35392195436126606,0.24981000277968696,-1.0339663556142666,,False,False
2026-04-27,MP,VAL,0.5098382454313513,0.4011048386151702,1.0746330339511996,,True,False
2026-04-27,MSTX,VAL,0.46882626391180204,0.2989744799377826,-1.0495835482352944,,True,False
2026-04-27,MULL,VAL,0.7479754644284459,0.4192552457293975,-1.0419350864326884,,True,False
2026-04-27,MUU,VAL,0.5140408262641184,0.33572189196880686,-1.1037692928792564,,True,False
2026-04-27,NNE,VAL,0.34391891639036404,0.3720143911731407,-1.0344874152792536,,False,False
2026-04-27,NOW,VAL,0.686353278550478,0.36680966674245863,-1.1084420705882356,,True,False
2026-04-27,PLTU,VAL,0.5838782878712224,0.28231431031742754,-1.1167000891391046,,True,False
2026-04-27,RDDT,VAL,0.5846324224442153,0.3010129020779626,-1.0892411214953277,,True,False
2026-04-27,RDTL,VAL,0.3509045743011909,0.5074193258359675,-1.0706841391809467,,False,False
2026-04-27,RGC,VAL,0.573387787398961,0.521495554576992,-0.0266455674370443,,True,False
2026-04-27,RVI,VAL,0.3898515585051708,0.482403193563078,-1.091651210421029,,False,False
2026-04-27,SEDG,VAL,0.7393853786543326,0.4283852432367966,-1.0528394534031411,,True,False
2026-04-27,SMCZ,VAL,0.6188374404701622,0.47340099639484784,2.0,,True,False
2026-04-27,SNDU,VAL,0.3974406976267831,0.30521188377860975,2.0,,False,False
2026-04-27,SNXX,VAL,0.4401764059901425,0.3052082967406999,1.297684495266197,,True,False
2026-04-27,TXG,VAL,0.5667222539890038,0.3405708480439304,-1.0910716799999998,,True,False
2026-04-27,USAR,VAL,0.448562542980932,0.2828550244041907,0.96433734375,,True,False
2026-04-27,USAX,VAL,0.5648651498484062,0.35583346472878513,2.0,,True,False
2026-04-27,UUUU,VAL,0.6488398124498042,0.19563582442357802,-1.0813870805043646,,True,False
2026-04-27,WATT,VAL,0.8058336495406039,0.48293932768218933,0.6853242857142853,,True,False
2026-04-27,WULX,VAL,0.4310655893143723,0.39054011708920494,-0.0413925373134356,,True,False
2026-04-27,ZYME,VAL,0.35235867612696314,0.3293023362352678,-1.0774779022222225,,False,False
2026-04-28,AAOI,VAL,0.49440301956610166,0.2981108523494734,-1.0518860653435118,,True,False
2026-04-28,ABG,VAL,0.5667674940400838,0.2941323853616819,-1.0762511657398526,,True,False
2026-04-28,AMDL,VAL,0.6634781293428887,0.5760814878154742,-1.0650290962962965,,True,False
2026-04-28,BEAM,VAL,0.6983298217463008,0.6824116552444021,0.0674379999999967,,True,False
2026-04-28,CAR,VAL,0.22166407858467416,0.48113771250627113,-1.0406377183600712,,False,True
2026-04-28,CECO,VAL,0.43380583937495637,0.47329348961247314,2.0,,True,False
2026-04-28,CNC,VAL,0.4544605960026787,0.3812495542190097,2.0,,True,False
2026-04-28,CRCA,VAL,0.6708940333261263,0.48526557154341565,-0.290910199999999,,True,False
2026-04-28,CRWV,VAL,0.42965672762747914,0.20912282282949782,-1.101042469291339,,True,False
2026-04-28,CWVX,VAL,0.41370769394073614,0.7212100242702065,-1.05654063338701,,True,False
2026-04-28,FSUN,VAL,0.34191997656617357,0.273787323457327,-1.103075885714287,,False,False
2026-04-28,GDXD,VAL,0.5694270321314454,0.4126851870444398,-1.2402624000000009,,True,False
2026-04-28,INTW,VAL,0.5720878194570607,0.4035243119824684,-1.0946202823749411,,True,False
2026-04-28,IONL,VAL,0.6021880507581994,0.7721405883802939,-1.0617325924686194,,True,False
2026-04-28,IONX,VAL,0.27346013465380997,0.45727822605164814,-1.0636268333541692,,False,False
2026-04-28,MUU,VAL,0.47316386114880943,0.5782261449687612,-1.0503822868805406,,True,False
2026-04-28,NSP,VAL,0.4823985827492183,0.34775968949917124,-0.0943294117646971,,True,False
2026-04-28,ORCX,VAL,0.5158760296062672,0.6370036381768867,-0.7681718128654935,,True,False
2026-04-28,PII,VAL,0.5737340575867675,0.2795452537372594,2.0,,True,False
2026-04-28,RVI,VAL,0.5752037880809083,0.3160268024749492,-1.083303333333334,,True,False
2026-04-28,SGML,VAL,0.44176209031777985,0.5624413300349071,-1.0730202352941176,,True,False
2026-04-28,STRO,VAL,0.48160766287017737,0.3961278370913452,-0.5900503956865829,,True,False
2026-04-28,WATT,VAL,0.41534111055270434,0.3794098079197484,-1.04922108,,True,False
2026-04-28,WLDN,VAL,0.18673185126122835,0.3111794674124565,2.0,,False,True
2026-04-28,XNDU,VAL,0.40990184725155193,0.37440328504053,-1.0797259356878246,,True,False
2026-04-29,AAOX,VAL,0.24016409267856248,0.1915575449407171,-1.0368644972972971,,False,False
2026-04-29,ABBV,VAL,0.6021581583126755,0.49689161083551625,0.677547800687275,,True,False
2026-04-29,AGIO,VAL,0.520696147529054,0.34591906732564925,2.0,,True,False
2026-04-29,AMDL,VAL,0.4908787640440398,0.3931462886234938,2.0,,True,False
2026-04-29,AXTI,VAL,0.38960416118599117,0.29306340125594277,-1.0290552225718936,,False,False
2026-04-29,BIIB,VAL,0.49882074551595257,0.4333656632439934,0.040804707112969,,True,False
2026-04-29,BLKB,VAL,0.43259246817849173,0.3546598511737124,-1.09381696,,True,False
2026-04-29,COCO,VAL,0.7099765421442327,0.41344515977435725,2.0,,True,False
2026-04-29,CRWV,VAL,0.37004144127283883,0.32041944987566545,-1.0998615641791043,,False,False
2026-04-29,CWVX,VAL,0.4541822065472696,0.47087892675445897,-1.2036652001060166,,True,False
2026-04-29,DK,VAL,0.3014703803536143,0.27183155667563297,0.3793713029292894,,False,False
2026-04-29,ETSY,VAL,0.23668251310575988,0.2710111344251808,-1.0853209764102556,,False,False
2026-04-29,EXPE,VAL,0.4320031123809306,0.3843587255375532,-1.0821243607843138,,True,False
2026-04-29,EXTR,VAL,0.25952187022638873,0.22971520346014584,2.0,,False,False
2026-04-29,FFIV,VAL,0.5103833190887442,0.37923049045689317,-1.0794883955056185,,True,False
2026-04-29,HUM,VAL,0.45395636714022564,0.29217723139315604,-1.0901917748743724,,True,False
2026-04-29,INTC,VAL,0.4088255636929847,0.5144590477335657,2.0,,True,False
2026-04-29,INTW,VAL,0.2545446771094178,0.2789778994270827,2.0,,False,False
2026-04-29,LABX,VAL,0.5841639109570469,0.5834645605403129,-1.0818489064950048,,True,False
2026-04-29,LINT,VAL,0.4505460105388218,0.254510328247068,2.0,,True,False
2026-04-29,LITE,VAL,0.5795809341623167,0.7176839997931012,-1.0682238344199946,,True,False
2026-04-29,MXL,VAL,0.3958399454615576,0.49871568043149117,2.0,,False,False
2026-04-29,NBR,VAL,0.6032470144114189,0.4382014103447671,-1.0703085543964237,,True,False
2026-04-29,OKLS,VAL,0.4106647200897501,0.46728252650721414,0.7990231325301237,,True,False
2026-04-29,PLTZ,VAL,0.5259950530266878,0.3748714379945407,-1.0676847853211011,,True,False
2026-04-29,POWI,VAL,0.5835124408116003,0.5129299818813755,-1.1043442172839504,,True,False
2026-04-29,SGML,VAL,0.26277399164779763,0.5505136427524031,-1.0586720711111113,,False,False
2026-04-29,SMST,VAL,0.43088037669831175,0.3314398606978225,2.0,,True,False
2026-04-29,SMZ,VAL,0.7474997698567193,0.5702220511308723,1.999999999999994,,True,False
2026-04-29,SRZN,VAL,0.6558911484564078,0.5318692932117897,-1.1284900226415056,,True,False
2026-04-29,SYRE,VAL,0.2830918836482,0.4334863920280975,-1.0886745333333323,,False,False
2026-04-29,TRAX,VAL,0.5196585035663545,0.6225628265003521,-1.0529958400000003,,True,False
2026-04-29,TW,VAL,0.4295739746445159,0.4138598506846057,2.0,,True,False
2026-04-29,WING,VAL,0.48120641112651286,0.20831084292765123,2.0,,True,False
2026-04-30,AIP,VAL,0.4733014303177335,0.3776617012519432,2.0,,True,False
2026-04-30,AMDL,VAL,0.657855336539565,0.45742983287696554,-1.096880533333335,,True,False
2026-04-30,APLD,VAL,0.637596883803016,0.39792687243047925,-1.055395468289385,,True,False
2026-04-30,APLX,VAL,0.14070107896177567,0.2144037288689793,-1.0331300932528795,,False,True
2026-04-30,ARES,VAL,0.6202687310023126,0.5095110079176919,0.6318585975609702,,True,False
2026-04-30,ASTE,VAL,0.6596239894914279,0.3145884657526502,0.1920860919540281,,True,False
2026-04-30,BKSY,VAL,0.6983248990340759,0.6006701960970668,2.0,,True,False
2026-04-30,CRMX,VAL,0.3590352961246063,0.07564434141958938,-1.0348472975609757,,False,False
2026-04-30,CTGO,VAL,0.43775804322216877,0.4013098974720852,-1.053909001941748,,True,False
2026-04-30,CYTK,VAL,0.39277149237429854,0.3707173129385546,1.9999999999999885,,False,False
2026-04-30,DAR,VAL,0.3350205113916811,0.3046556222229922,0.5107451211072643,,False,False
2026-04-30,DTM,VAL,0.54118401118286,0.2604266091341818,0.1124117934782575,,True,False
2026-04-30,FNGD,VAL,0.38280432974618217,0.1909276795945032,-1.1146099591836731,,False,False
2026-04-30,FTDR,VAL,0.35559743230717666,0.2589620715632982,2.0,,False,False
2026-04-30,GDXD,VAL,0.16194791728092514,0.2623896813484874,-1.4785490285714231,,False,True
2026-04-30,HLNE,VAL,0.5673459598856627,0.5011765821065944,-1.0544899184079604,,True,False
2026-04-30,INOD,VAL,0.38573425650342263,0.3491062257572255,-1.1071988889841409,,False,False
2026-04-30,IONL,VAL,0.6266336156353888,0.5548525734535648,2.0,,True,False
2026-04-30,IONX,VAL,0.5602472767639608,0.5110072344103103,2.0,,True,False
2026-04-30,IPI,VAL,0.5325692355527097,0.4295821880014844,-1.1225429333333332,,True,False
2026-04-30,IPX,VAL,0.26219293426398643,0.4269772111267116,-0.8191745426829261,,False,False
2026-04-30,LMB,VAL,0.49694011152128476,0.3522232487092574,2.0,,True,False
2026-04-30,MGPI,VAL,0.3591753167088095,0.34314057713572754,-0.6076423728813529,,False,False
2026-04-30,MRVU,VAL,0.17766304012443923,0.2846540616941012,-0.0805822705314004,,False,True
2026-04-30,MSTX,VAL,0.5355863677003386,0.24029375598157923,-1.115743030303031,,True,False
2026-04-30,MUD,VAL,0.3458829491247797,0.3093907075277799,-1.1260261433962262,,False,False
2026-04-30,MUSA,VAL,0.5170295629407659,0.2944670381210943,2.0,,True,False
2026-04-30,MVLL,VAL,0.5638122512481959,0.3939853637248319,-1.0725300180180182,,True,False
2026-04-30,MXL,VAL,0.37284617338106973,0.3654826794123837,-1.071337493333333,,False,False
2026-04-30,NRGU,VAL,0.2313605549178488,0.3225436349988755,2.0,,False,False
2026-04-30,NVDS,VAL,0.305389529746,0.3289516532790773,0.3782665217391272,,False,False
2026-04-30,OKLO,VAL,0.3581025557813952,0.3442390064703136,2.0,,False,False
2026-04-30,PAYP,VAL,0.6070874012073146,0.3842265644736845,1.6309426732673162,,True,False
2026-04-30,POWL,VAL,0.5422568501852968,0.5654631499928314,0.7875880245022928,,True,False
2026-04-30,PPC,VAL,0.5316419457292086,0.5400640809227691,2.0,,True,False
2026-04-30,PRCT,VAL,0.400827230895916,0.1790969607060159,2.0,,False,False
2026-04-30,PRKS,VAL,0.6380615975512899,0.3955532631434813,0.8679887804878135,,True,False
2026-04-30,QURE,VAL,0.4500632986348726,0.43388006067243806,-1.0432569481481482,,True,False
2026-04-30,RIOX,VAL,0.6738890204453973,0.38328636492722146,-1.3638892562840197,,True,False
2026-04-30,RKLB,VAL,0.38624861512675973,0.2665305817845696,2.0,,False,False
2026-04-30,RKLX,VAL,0.2940741574996316,0.375452983654806,2.0,,False,False
2026-04-30,SEI,VAL,0.21836032895158608,0.33122885534668345,2.0,,False,True
2026-04-30,SIRI,VAL,0.32277438564451927,0.3955951312731464,-1.103727690322581,,False,False
2026-04-30,SMMT,VAL,0.1696503920310658,0.1820819227898586,-1.123736533333333,,False,True
2026-04-30,STRL,VAL,0.6250179265117463,0.45088300529617054,-0.1023165882352956,,True,False
2026-04-30,SWKS,VAL,0.41502325789906935,0.4833856672876578,-1.117797788235293,,True,False
2026-04-30,TEM,VAL,0.32116300194224173,0.3902581169042156,2.0,,False,False
2026-04-30,TEMT,VAL,0.2813515334455573,0.4471159080720138,-1.299975234344217,,False,False
2026-04-30,TER,VAL,0.326797619509025,0.5463368290931547,-1.1167236681167592,,False,False
2026-04-30,TSEM,VAL,0.6431955076413031,0.5539210477700519,2.0,,True,False
2026-04-30,TWST,VAL,0.28451929791534686,0.47987097405178153,-1.088593291925466,,False,False
2026-04-30,UCTT,VAL,0.4085719499103107,0.3633790240049138,-1.1153166800000005,,True,False
2026-04-30,USAR,VAL,0.3770289714455387,0.4441057697169631,-1.0809942857142854,,False,False
2026-04-30,WATT,VAL,0.5453861380588659,0.26474706467992354,2.0,,True,False
2026-04-30,WOLF,VAL,0.4761257482783839,0.4576962916464697,-1.0410686814814816,,True,False
2026-04-30,WULF,VAL,0.16266564489134813,0.15226514703066593,-1.0385990958630096,,False,True
2026-04-30,YSS,VAL,0.33158229523671306,0.2627844465932916,2.0,,False,False
2026-05-01,AAOI,VAL,0.37841724326076953,0.2633804577799678,2.0,,False,False
2026-05-01,AAOX,VAL,0.21541796948911704,0.16575877713960047,2.0,,False,True
2026-05-01,ACA,VAL,0.6657583648791215,0.4460036010318341,-1.1753356337349452,,True,False
2026-05-01,ACHC,VAL,0.5547895872588757,0.24621497277440638,-1.0478163393939397,,True,False
2026-05-01,AGQ,VAL,0.4592683526548414,0.28855859703651554,-1.0817922925714285,,True,False
2026-05-01,APLX,VAL,0.4553632176490085,0.4165630331097391,-1.0412794779771617,,True,False
2026-05-01,CBZ,VAL,0.34840091525095707,0.24428625424864117,-1.0886628363636297,,False,False
2026-05-01,COHR,VAL,0.3747674239577089,0.37997518973972766,-1.1071353304347824,,False,False
2026-05-01,CRCA,VAL,0.4496486847823077,0.4450693277722626,2.0,,True,False
2026-05-01,CRCL,VAL,0.5273162055401077,0.3284936221760578,1.1612997350993504,,True,False
2026-05-01,CRWV,VAL,0.39545938200864644,0.2720032940841028,-0.5412327960180813,,False,False
2026-05-01,CSEX,VAL,0.5695333039966344,0.320061920211984,-1.1637457559999975,,True,False
2026-05-01,CWVX,VAL,0.5430834554176212,0.5365463906036594,-1.0738253935851745,,True,False
2026-05-01,DCBO,VAL,0.5093419111764951,0.5558177384890908,-0.065528360655737,,True,False
2026-05-01,DXYZ,VAL,0.6128482261394435,0.5440731689110517,0.2867773754095573,,True,False
2026-05-01,EHC,VAL,0.7968579122956285,0.4109529537102459,-0.1000727827648105,,True,False
2026-05-01,ETON,VAL,0.38908434332070335,0.17253668788322737,-1.1236670239371198,,False,False
2026-05-01,FEIM,VAL,0.4190196778859115,0.3494039021140789,2.0,,True,False
2026-05-01,FSLR,VAL,0.5108265205638423,0.3033924858227675,-1.0906007505454545,,True,False
2026-05-01,FSLY,VAL,0.5985428215553082,0.44890759609679726,-1.0310690534653464,,True,False
2026-05-01,HYMC,VAL,0.28782537549899867,0.24084983870405818,-1.0595412093023258,,False,False
2026-05-01,INDV,VAL,0.5931871520012623,0.4280430229480478,-1.0308413422818792,,True,False
2026-05-01,INTC,VAL,0.36465905688876016,0.5996218451936312,1.235622781954885,,False,False
2026-05-01,INTW,VAL,0.36020298450780114,0.5723856950583152,2.0,,False,False
2026-05-01,KORU,VAL,0.4124803138524048,0.5259529954779304,-1.090296475060333,,True,False
2026-05-01,LABX,VAL,0.45602731033755123,0.6115635801310784,-1.0381930275229374,,True,False
2026-05-01,LITX,VAL,0.5047474461834335,0.39675064255924825,-1.1020401770782102,,True,False
2026-05-01,LUV,VAL,0.4920291105007547,0.4944285288039776,-1.09225825882353,,True,False
2026-05-01,MANE,VAL,0.6026859837720027,0.39922630847248497,-1.0455065709401712,,True,False
2026-05-01,MSTX,VAL,0.2517110647660398,0.23835631254231565,2.0,,False,False
2026-05-01,MU,VAL,0.35810665050754964,0.2229417656009972,-1.0764551132530114,,False,False
2026-05-01,MUU,VAL,0.4349382358920783,0.5632907180345225,2.0,,True,False
2026-05-01,MXL,VAL,0.2075324637421065,0.27507277645170064,2.0,,False,True
2026-05-01,NBIL,VAL,0.33874265627227196,0.18194240363620448,2.0,,False,False
2026-05-01,NEBX,VAL,0.5414063228222672,0.3243773856759246,-1.0779202755599806,,True,False
2026-05-01,OKLS,VAL,0.39905426868467564,0.09941196201408387,-1.034401849590856,,False,False
2026-05-01,ORCX,VAL,0.3608947528262872,0.38732967319918016,-1.0916830060606113,,False,False
2026-05-01,PHIN,VAL,0.25675764129674566,0.3311448324787883,-1.1130936774193645,,False,False
2026-05-01,PXED,VAL,0.5119278820325663,0.2718577697212689,-1.0505463652173912,,True,False
2026-05-01,RYAN,VAL,0.4720123993552351,0.30993274184229225,-1.0517955154929577,,True,False
2026-05-01,SIMO,VAL,0.605519203349398,0.5176562111668346,-1.0607034745724055,,True,False
2026-05-01,SNDK,VAL,0.622557880386326,0.0206017153851208,-1.0568504567203132,,True,False
2026-05-01,SOUX,VAL,0.5768539868472266,0.21462176259503665,2.0,,True,False
2026-05-01,STX,VAL,0.3206513523431306,0.3993427869279644,-1.0706331544991512,,False,False
2026-05-01,STXL,VAL,0.669719364179685,0.6675920200287594,-1.095247882516373,,True,False
2026-05-01,TPG,VAL,0.5213454130677059,0.4846467246320251,-1.0856929015873011,,True,False
2026-05-01,TSLR,VAL,0.44191253270500896,0.30968634201554396,-1.1225067636363624,,True,False
2026-05-01,TSMG,VAL,0.3906316884046178,0.39460184273053134,-1.5418749051139262,,False,False
2026-05-01,UAL,VAL,0.6587970064230593,0.5587686023558007,-1.079346790035587,,True,False
2026-05-01,USGG,VAL,0.5471837828594059,0.3849496517573977,-1.2213602835443012,,True,False
2026-05-01,WOLF,VAL,0.6696748136016702,0.43593105592191717,2.000000000000003,,True,False
2026-05-04,AMZU,VAL,0.7348425245370506,0.505418025982475,-1.0811469850746267,,True,False
2026-05-04,AMZZ,VAL,0.5534472001061156,0.4500185760457765,-1.157412940350888,,True,False
2026-05-04,APLD,VAL,0.5066350003076513,0.399356657772252,-0.2970431559438676,,True,False
2026-05-04,APLX,VAL,0.4111549648452575,0.5673564973002257,-1.031877482802548,,True,False
2026-05-04,APPX,VAL,0.2404940106930757,0.25217646546300715,-1.0575623225806452,,False,False
2026-05-04,AXTI,VAL,0.7469133272111709,0.43339632921869303,2.0,,True,False
2026-05-04,AXTX,VAL,0.6720543308356552,0.3927470027904967,2.0,,True,False
2026-05-04,CAPR,VAL,0.7472813604266806,0.40118790239318913,0.6874135714285738,,True,False
2026-05-04,CIFU,VAL,0.664233553053458,0.4164758622146331,-1.0538012313104663,,True,False
2026-05-04,CRCA,VAL,0.5000882106859172,0.3527441378734615,2.0,,True,False
2026-05-04,CRCL,VAL,0.40973219294734214,0.17820718049562684,2.0,,True,False
2026-05-04,CRWV,VAL,0.23430740984369264,0.2724814869620071,-1.0778793237113398,,False,False
2026-05-04,CWVX,VAL,0.3431564875604325,0.40485100264868684,-1.040073241958042,,False,False
2026-05-04,DXYZ,VAL,0.37036085421560627,0.25867896009395186,2.0,,False,False
2026-05-04,FC,VAL,0.46037342217917865,0.3374257615515908,-1.0753808963855391,,True,False
2026-05-04,FET,VAL,0.507900647685268,0.34838162671954437,-1.0668928076597313,,True,False
2026-05-04,FIG,VAL,0.6778119694106349,0.5815263560946656,-0.1551499130434771,,True,False
2026-05-04,FIVN,VAL,0.26776362026799644,0.260381273102708,-1.0798006857142854,,False,False
2026-05-04,FROG,VAL,0.5398100303742884,0.280996293937419,-1.1006474322580648,,True,False
2026-05-04,FSTR,VAL,0.43056674104349546,0.3569907830718657,2.0,,True,False
2026-05-04,HNGE,VAL,0.4671109226348067,0.21473633825011387,-1.10325725090909,,True,False
2026-05-04,HOOG,VAL,0.3087367766336295,0.2750817308337811,-1.1191212800000003,,False,False
2026-05-04,HOOX,VAL,0.5478645416650065,0.41427694484207517,-1.2078802162162197,,True,False
2026-05-04,HUBS,VAL,0.7276201134059189,0.4483372731721831,0.2430786225402493,,True,False
2026-05-04,IONL,VAL,0.5449475440818894,0.35754356091295536,-1.0291039902466903,,True,False
2026-05-04,IONQ,VAL,0.4729313809099268,0.1426838164144963,-1.094450937704918,,True,False
2026-05-04,IONX,VAL,0.33880678438021167,0.2743142661296827,-1.0298460897959183,,False,False
2026-05-04,IREN,VAL,0.7262228303189665,0.298500924484883,0.7710866187050338,,True,False
2026-05-04,KVYO,VAL,0.40003890868864,0.23959423333629315,-1.105628777837629,,False,False
2026-05-04,LABU,VAL,0.5760344188603898,0.49941621777183465,1.0611868804664684,,True,False
2026-05-04,MIR,VAL,0.6102865481385289,0.3403282173954673,-1.1283120000000015,,True,False
2026-05-04,MNDY,VAL,0.6161754864322248,0.37622750891163903,2.0,,True,False
2026-05-04,MRNA,VAL,0.525003353356191,0.29257119231325435,-1.0794209588652477,,True,False
2026-05-04,MULL,VAL,0.19250635905428962,0.3197842936950009,-1.0727286667596738,,False,True
2026-05-04,MUU,VAL,0.18672334897607104,0.38575723257035477,-1.039243623852958,,False,True
2026-05-04,MWH,VAL,0.5279677054405416,0.3096987148183574,-1.0705309090909088,,True,False
2026-05-04,MXL,VAL,0.2755425373677361,0.28798634072063556,-1.0472736157635467,,False,False
2026-05-04,NSP,VAL,0.4983368880684358,0.3268130367570524,-1.0557635,,True,False
2026-05-04,NUTX,VAL,0.56534858978643,0.31549923224889587,-1.03887867219917,,True,False
2026-05-04,OPCH,VAL,0.3607955536449507,0.2955179892057726,-0.1149807037457484,,False,False
2026-05-04,ORCX,VAL,0.4116525551189939,0.3898297463668004,-1.0469731333333332,,True,False
2026-05-04,PENG,VAL,0.6193817435384372,0.43479510611787775,-1.0974872800000004,,True,False
2026-05-04,PLU,VAL,0.688102092210734,0.5082331890393778,-1.1358264177777906,,True,False
2026-05-04,QBTS,VAL,0.5008947090684951,0.2199601665294225,-1.1101744695652171,,True,False
2026-05-04,QPUX,VAL,0.7735364407742114,0.6130015416972272,-1.1517124723809524,,True,False
2026-05-04,QURE,VAL,0.6016091122285107,0.6315436608401309,2.0,,True,False
2026-05-04,RBLX,VAL,0.5308487871304217,0.5758429432949523,0.2666079838302125,,True,False
2026-05-04,RGTX,VAL,0.6720002413102867,0.5359818046443349,-1.089832723809525,,True,False
2026-05-04,RKLX,VAL,0.6452813360357639,0.5322787829281523,-1.055882250730344,,True,False
2026-05-04,RNG,VAL,0.3934739572664954,0.23538600623449285,-1.0827796705882344,,False,False
2026-05-04,ROBN,VAL,0.6281708857128272,0.5410620136512457,-1.0363567584415572,,True,False
2026-05-04,RYTM,VAL,0.538913720489511,0.4179732224589048,-1.1124951513812154,,True,False
2026-05-04,SEZL,VAL,0.6739320054652812,0.32315567216346797,-1.085208859370747,,True,False
2026-05-04,SNDU,VAL,0.34643645946213825,0.26480726161536705,-1.0528550564102566,,False,False
2026-05-04,SNDX,VAL,0.3692100382274616,0.2605419543515886,-1.0534949818181816,,False,False
2026-05-04,SNXX,VAL,0.22726294105091202,0.08122244565184017,-1.0374979485148514,,False,False
2026-05-04,SOUX,VAL,0.5102803185728796,0.4538891822453512,-1.1726681207202605,,True,False
2026-05-04,TEAM,VAL,0.2942567518731917,0.30232410332030407,-1.062558281142857,,False,False
2026-05-04,TRUP,VAL,0.4371542709166649,0.26239955604779,0.8734967300380163,,True,False
2026-05-04,UUUU,VAL,0.33113841040991937,0.22894374185097155,-1.060439563636364,,False,False
2026-05-04,VCX,VAL,0.5776599828406284,0.32567958425993004,-1.0795832188334682,,True,False
2026-05-04,VKTX,VAL,0.556236287402583,0.45993852724611745,-1.112459444278458,,True,False
2026-05-04,VRNS,VAL,0.37839076082741535,0.27301336992916264,-1.1108058666666678,,False,False
2026-05-04,WDC,VAL,0.5461244695741314,0.29590329106077434,-1.059814717832957,,True,False
2026-05-04,ZBIO,VAL,0.5370661790392327,0.49272124536628376,2.0,,True,False
2026-05-05,AAOI,VAL,0.6033982560933716,0.35256601337411486,-1.1043286354066983,,True,False
2026-05-05,AAOX,VAL,0.3029243813664841,0.2725709077390444,-1.0532444537473076,,False,False
2026-05-05,AGCO,VAL,0.5877390240297489,0.41762002365394585,-1.1098980904214566,,True,False
2026-05-05,ALMU,VAL,0.3925790199317198,0.26623474200352215,2.0,,False,False
2026-05-05,AMKR,VAL,0.30063895923961165,0.26228207980908586,-0.5538566809403143,,False,False
2026-05-05,AMSC,VAL,0.24729844006812512,0.4214740317966876,0.5281633628318559,,False,False
2026-05-05,APLX,VAL,0.4035062751228109,0.3895996759141402,2.0,,False,False
2026-05-05,ATS,VAL,0.4819394960557166,0.4246807156579674,0.4192811428571403,,True,False
2026-05-05,CECO,VAL,0.5353152930847882,0.29022877654507423,2.0,,True,False
2026-05-05,CIFR,VAL,0.402842262396952,0.18823566845415757,2.0,,False,False
2026-05-05,COHX,VAL,0.5733729840302855,0.3345374833372872,-1.0413217194029851,,True,False
2026-05-05,CONI,VAL,0.33924512566028375,0.5060451085804357,0.446931611609101,,False,False
2026-05-05,CRBG,VAL,0.4422814248774428,0.20038067645708682,-1.0557809066666666,,True,False
2026-05-05,CRDU,VAL,0.3219727702000489,0.422111109403573,2.0,,False,False
2026-05-05,DD,VAL,0.32275354708963794,0.2971194413646635,2.0,,False,False
2026-05-05,ENPH,VAL,0.4764538920129738,0.35086098912567254,-1.1201788651162812,,True,False
2026-05-05,ETON,VAL,0.5004936065160089,0.32215487696621165,-1.1647576975609697,,True,False
2026-05-05,FSLY,VAL,0.5327242547439187,0.24778118868194296,1.1482978504672876,,True,False
2026-05-05,GILT,VAL,0.5566344575414457,0.2723706115510108,-1.1179917268292692,,True,False
2026-05-05,GME,VAL,0.5324802314762034,0.4934363827055331,-1.0765654613333333,,True,False
2026-05-05,HOG,VAL,0.5956257784271842,0.45225882298164716,2.0,,True,False
2026-05-05,ICHR,VAL,0.32422014532535903,0.41429367242365506,-1.1116144805755384,,False,False
2026-05-05,INTC,VAL,0.3473618700131756,0.12287805866734106,2.0,,False,False
2026-05-05,INTW,VAL,0.2847834363373628,0.389673292981417,-1.0529495268138804,,False,False
2026-05-05,IREG,VAL,0.6440462282300301,0.4728517139975354,-1.098018432,,True,False
2026-05-05,IREN,VAL,0.5546219859555419,0.5819371687492452,2.0,,True,False
2026-05-05,IREX,VAL,0.6387028194260211,0.4201628011088533,2.0,,True,False
2026-05-05,KORU,VAL,0.14785608316124726,0.39261016575069757,2.0,,False,True
2026-05-05,LABX,VAL,0.27780983913327856,0.47326666174789395,-1.1073345454545471,,False,False
2026-05-05,LEGN,VAL,0.19007075754673894,0.4288286199469111,2.0,,False,True
2026-05-05,LINC,VAL,0.519557855705877,0.3636100859973647,-1.093642560578661,,True,False
2026-05-05,LIND,VAL,0.5086306954429166,0.2551747868471878,-0.1995427499999975,,True,False
2026-05-05,LINT,VAL,0.506083477991799,0.4305439794244762,2.0,,True,False
2026-05-05,LITX,VAL,0.4236225974124893,0.31640196366950635,-1.0499646511627907,,True,False
2026-05-05,LTH,VAL,0.46282566349074533,0.21479353779026877,2.0,,True,False
2026-05-05,MATX,VAL,0.3021060969317151,0.2158398072785613,1.9256948701298584,,False,False
2026-05-05,MU,VAL,0.2998898814890812,0.002371898192187291,-1.111631528023599,,False,False
2026-05-05,MULL,VAL,0.23731162481455212,0.4067855372481423,-1.0522153111250787,,False,False
2026-05-05,MUU,VAL,0.16657635833214784,0.3334183199006395,2.0,,False,True
2026-05-05,MXL,VAL,0.4381223743682111,0.2610353106135372,-1.067409980952381,,True,False
2026-05-05,NBIL,VAL,0.4692697154450652,0.42737879753227026,-1.0358449331417836,,True,False
2026-05-05,NEBX,VAL,0.27222888558579356,0.2849421079663601,-1.0378196853932584,,False,False
2026-05-05,NSSC,VAL,0.44938341386747566,0.3082385567035943,-1.2077363333333435,,True,False
2026-05-05,NVTX,VAL,0.24798107714419143,0.1824914692566762,1.9999999999999964,,False,False
2026-05-05,ON,VAL,0.24259179974999945,0.28449269328918075,2.0,,False,False
2026-05-05,PENG,VAL,0.4137015395669801,0.5247437026534227,-1.1102509473684223,,True,False
2026-05-05,PLTZ,VAL,0.5585392228369672,0.5096103214315524,-1.1186669419354844,,True,False
2026-05-05,QCMU,VAL,0.20925180929292367,0.37414187267178006,2.0,,False,True
2026-05-05,QCOM,VAL,0.2900592638942265,0.4831964292265343,2.0,,False,False
2026-05-05,QURE,VAL,0.458531910337354,0.4677400458377981,-1.1163884969753373,,True,False
2026-05-05,RGEN,VAL,0.2993441307384845,0.36425782132551016,-1.1064623717314483,,False,False
2026-05-05,SIMO,VAL,0.38877339630620683,0.36454618779219944,-1.096460562962963,,False,False
2026-05-05,SMST,VAL,0.6883178596128142,0.5508319245564358,-1.0826236444444446,,True,False
2026-05-05,SNDK,VAL,0.4472128404231957,0.09812511200587692,2.0,,True,False
2026-05-05,SNXX,VAL,0.3075799303496983,0.0896144773937725,2.0,,False,False
2026-05-05,SOXL,VAL,0.5639320294705011,0.09000178354689033,2.0,,True,False
2026-05-05,TCMD,VAL,0.6024103010788162,0.38384369992592643,-1.077219288888889,,True,False
2026-05-05,THR,VAL,0.4328102662148962,0.2457633046585185,2.0,,True,False
2026-05-05,ULS,VAL,0.33121562693258766,0.173523200255016,-1.1154406307692302,,False,False
2026-05-05,USAX,VAL,0.5938947798978826,0.2315522822830743,2.0,,True,False
2026-05-05,USGG,VAL,0.536998362066143,0.3788997681257978,-1.035938805479452,,True,False
2026-05-05,VAL,VAL,0.5445781720370328,0.3371037811519956,-1.1019957147826085,,True,False
2026-05-05,WDC,VAL,0.3751207686920538,0.3755003723762373,-1.099152561403509,,False,False
2026-05-05,WDCX,VAL,0.43894283657376965,0.3702321377053597,-1.0690364249084252,,True,False
2026-05-05,WS,VAL,0.42868214890569256,0.32944959805937707,-1.108617600000001,,True,False
2026-05-06,AOSL,VAL,0.3637824580043361,0.33053796596194934,2.0,,False,False
2026-05-06,APLD,VAL,0.5820105999160827,0.2839678680502554,2.0,,True,False
2026-05-06,APLX,VAL,0.32271345316388145,0.41972873210178263,-1.0806873600000002,,False,False
2026-05-06,AROC,VAL,0.37971657407515585,0.40723128160820493,-1.1239085837837823,,False,False
2026-05-06,ASTS,VAL,0.2998870412795257,0.2232659232063686,-1.0887380126216708,,False,False
2026-05-06,ASTX,VAL,0.367839402228603,0.22142098574119853,-1.0407228235294117,,False,False
2026-05-06,AVEX,VAL,0.23472605533566504,0.24858600664739341,2.0,,False,False
2026-05-06,BKSY,VAL,0.18279922121201672,0.22560112442173944,-1.039828547368421,,False,True
2026-05-06,BLLN,VAL,0.475788997628107,0.3155907817838902,-1.156723218497118,,True,False
2026-05-06,BMA,VAL,0.4826580727367567,0.3586237752197427,2.0,,True,False
2026-05-06,CLSX,VAL,0.3435728036278774,0.48637748045177054,-1.1149019999999985,,False,False
2026-05-06,CORZ,VAL,0.37017027183252116,0.2960209988191145,-1.0974375466666664,,False,False
2026-05-06,CRCA,VAL,0.294252413065023,0.331202635810014,-1.4415266902535198,,False,False
2026-05-06,CRCL,VAL,0.55973605228062,0.24924068142507136,-1.1146906368,,True,False
2026-05-06,CXW,VAL,0.5302181236080497,0.27163362013511216,0.1876124324324333,,True,False
2026-05-06,DELL,VAL,0.45496630441237584,0.38768949080370857,2.0,,True,False
2026-05-06,DIN,VAL,0.30765230959368955,0.16765042228724783,-1.051869704347826,,False,False
2026-05-06,DXYZ,VAL,0.27815597094814476,0.2837365937633524,0.1874479801497432,,False,False
2026-05-06,ELAN,VAL,0.3690239378586876,0.3071036279365736,-1.067091423255814,,False,False
2026-05-06,EQPT,VAL,0.4733306313615487,0.3784363733742446,2.0,,True,False
2026-05-06,ESTA,VAL,0.2971765723908411,0.3124782762847811,-1.1034864919540242,,False,False
2026-05-06,FBL,VAL,0.7905676392202509,0.3832356385206521,-1.0824874378378375,,True,False
2026-05-06,FLY,VAL,0.1520735673351044,0.13594525153799955,-1.0521260507447356,,False,True
2026-05-06,FTAI,VAL,0.2065493467723074,0.29574178283775776,2.0,,False,True
2026-05-06,GEO,VAL,0.6313869154653882,0.19254120637518146,2.0,,True,False
2026-05-06,GRAL,VAL,0.2808021118354996,0.23237004415420212,-1.0904567493670887,,False,False
2026-05-06,IDR,VAL,0.5294270713998993,0.3374706229815981,-1.0773365365049332,,True,False
2026-05-06,IONL,VAL,0.5874575538824942,0.4915901704412692,-1.0458122526315792,,True,False
2026-05-06,IONQ,VAL,0.4128325549257132,0.2015951800232336,2.0,,True,False
2026-05-06,IONX,VAL,0.43440431296372367,0.4570311286389872,-1.0514265798449614,,True,False
2026-05-06,IPGP,VAL,0.5585126577039667,0.5121133313449537,-1.106762094545455,,True,False
2026-05-06,IPX,VAL,0.5355962405500473,0.24352129984683007,-1.1480926719654003,,True,False
2026-05-06,IRE,VAL,0.37789216086853245,0.26384518255894773,2.0,,False,False
2026-05-06,IREG,VAL,0.15085433780556798,0.3432524967272719,-1.0450361313432837,,False,True
2026-05-06,IREN,VAL,0.3919794316786164,0.22953014063998997,2.0,,False,False
2026-05-06,IREX,VAL,0.11844030667397981,0.15144593481142585,2.0,,False,True
2026-05-06,KMT,VAL,0.24607543884862124,0.19107819124116107,2.0,,False,False
2026-05-06,LEGN,VAL,0.4062029275156341,0.29033609322083637,-1.1000918857142865,,True,False
2026-05-06,LEU,VAL,0.35496715655147265,0.2596155268523663,-1.1180453898617515,,False,False
2026-05-06,LIFE,VAL,0.45143873867380746,0.19454169161155146,2.0,,True,False
2026-05-06,LINE,VAL,0.4733387053663649,0.44017634530882505,-1.1198056106666667,,True,False
2026-05-06,LIVN,VAL,0.4768248163010035,0.43922627166482475,-1.092522052830199,,True,False
2026-05-06,LLYVK,VAL,0.3015662841539685,0.2995196636061115,-1.077126207594934,,False,False
2026-05-06,LQDA,VAL,0.4683627191553828,0.3127598586447696,-1.1544913154639125,,True,False
2026-05-06,LRCU,VAL,0.132816657948654,0.2946483390663386,-1.1759225313432788,,False,True
2026-05-06,LUNL,VAL,0.20595851437166038,0.19419125452901295,-1.0342457882352942,,False,True
2026-05-06,LUNR,VAL,0.3319842335653633,0.29282742021439695,-1.06035871372549,,False,False
2026-05-06,METU,VAL,0.7588636282677474,0.30580533151726924,-1.0826568,,True,False
2026-05-06,MRAM,VAL,0.495088544685735,0.327817443730511,-1.1700164800000086,,True,False
2026-05-06,MSFU,VAL,0.5613243469670681,0.33939984906442233,-1.1078787047619043,,True,False
2026-05-06,MTCH,VAL,0.4946403570898974,0.18899114963514935,-1.103002254545455,,True,False
2026-05-06,MXL,VAL,0.4104953303574602,0.30145002866679943,-1.0638733052631582,,True,False
2026-05-06,NBIG,VAL,0.5520500971917416,0.4413102250942364,2.0,,True,False
2026-05-06,NBIS,VAL,0.2726779824102162,0.2385236981112276,1.2551937962963011,,False,False
2026-05-06,NEBX,VAL,0.3537636082038944,0.2902193915127078,2.0,,False,False
2026-05-06,NNE,VAL,0.31210993401932857,0.17506119919484409,2.0,,False,False
2026-05-06,NUGT,VAL,0.4507468751776178,0.4637478133629973,-1.198686700507608,,True,False
2026-05-06,NUTX,VAL,0.232963072549376,0.23817415448843535,-1.1785694382022451,,False,False
2026-05-06,NVDL,VAL,0.7312622975588416,0.303197079274721,-1.0720900328886127,,True,False
2026-05-06,OKLO,VAL,0.6470912891434664,0.2874451053841233,2.0,,True,False
2026-05-06,ORCX,VAL,0.47635125329255895,0.275147048105236,1.043552673243203,,True,False
2026-05-06,OUST,VAL,0.4121225314833133,0.30747868185355154,-1.0876441627047018,,True,False
2026-05-06,PAY,VAL,0.40068781974892,0.2214356745913879,-1.112980413793104,,False,False
2026-05-06,PLU,VAL,0.6709185540984077,0.2974251318836824,-1.1742982848570689,,True,False
2026-05-06,QBTS,VAL,0.3108867886408769,0.1681768872999596,-1.1241371139608918,,False,False
2026-05-06,QPUX,VAL,0.7104048662420166,0.4803549776139648,2.0,,True,False
2026-05-06,QURE,VAL,0.5200737059915171,0.5125943605874522,-1.073638488888889,,True,False
2026-05-06,RGTX,VAL,0.6176834370517229,0.5631710653442001,-1.0706167069767445,,True,False
2026-05-06,RMBS,VAL,0.5617954890166551,0.4627691761401185,-1.1029643303482572,,True,False
2026-05-06,RVTY,VAL,0.5327412556717634,0.44721411364288016,-1.1014973367965366,,True,False
2026-05-06,SATS,VAL,0.6343567552567211,0.5388520538500662,-0.1045925974025937,,True,False
2026-05-06,SII,VAL,0.7332998266497699,0.3725855179235551,-1.0598565183098592,,True,False
2026-05-06,SIMO,VAL,0.4981242633701488,0.42605450849918863,0.3133324291497904,,True,False
2026-05-06,SRPT,VAL,0.4949059388343602,0.38659170224393047,-1.0918276266666664,,True,False
2026-05-06,SSRM,VAL,0.21184578715251945,0.15733093105165505,-1.0728439450737566,,False,True
2026-05-06,STRL,VAL,0.36889107307913577,0.34886848645926205,-1.1084611951551753,,False,False
2026-05-06,TDC,VAL,0.2986535975939645,0.28091222572951274,2.0,,False,False
2026-05-06,TGS,VAL,0.2786495469843813,0.32422082803145835,2.000000000000011,,False,False
2026-05-06,TX,VAL,0.19409973598752422,0.11784862798658977,2.0,,False,True
2026-05-06,UUUU,VAL,0.445285928406477,0.22446447236189793,-1.069668547368421,,True,False
2026-05-06,WOLF,VAL,0.44304918904123175,0.14101882721396003,2.0,,True,False
2026-05-06,YOU,VAL,0.23314376804803583,0.2473032744402033,-1.0601021903930132,,False,False
2026-05-06,YSS,VAL,0.44649780893140645,0.3500497233487824,2.0,,True,False
2026-05-07,ALGM,VAL,0.5344560095542885,0.34698027151813693,-1.1202800666666657,,True,False
2026-05-07,APP,VAL,0.310002108812618,0.1960581350364054,2.0,,False,False
2026-05-07,AXON,VAL,0.7292134260742881,0.4699235633419311,-1.0548509014729952,,True,False
2026-05-07,AXTI,VAL,0.656233880409369,0.47108157263492817,-1.0648703515151514,,True,False
2026-05-07,AXTX,VAL,0.34653623132051703,0.16895736422142593,-1.070108295615679,,False,False
2026-05-07,BNO,VAL,0.7975878913591811,0.7074565450431748,-1.0614182524271845,,True,False
2026-05-07,BSY,VAL,0.6975121403544888,0.46381716131682715,-1.0874701217391305,,True,False
2026-05-07,CABO,VAL,0.33284750040143224,0.29214035221626405,2.0,,False,False
2026-05-07,CELH,VAL,0.6404334302671516,0.43149580164275836,-1.118541531428571,,True,False
2026-05-07,CLFD,VAL,0.38813060052848986,0.27797666393728826,-1.097930078160919,,False,False
2026-05-07,CNR,VAL,0.6595626024583807,0.4535051546666219,-1.1124873768421049,,True,False
2026-05-07,CRWL,VAL,0.3415927938727683,0.2642690154183938,-1.118284423529414,,False,False
2026-05-07,DAVE,VAL,0.25339804199394544,0.36680648263203086,-1.0703542192771498,,False,False
2026-05-07,DIN,VAL,0.640322658114718,0.5865874365137418,0.3134571794871754,,True,False
2026-05-07,DUOL,VAL,0.41765892075767325,0.31913170810481567,2.0,,True,False
2026-05-07,DUST,VAL,0.5308955349367024,0.5065943434893182,-1.0457187934426226,,True,False
2026-05-07,ENOV,VAL,0.45163000596540653,0.5534194355582862,1.0590436153846117,,True,False
2026-05-07,FNF,VAL,0.6413582029330259,0.45991852440304276,0.8463798958333353,,True,False
2026-05-07,FWONA,VAL,0.4983179023410283,0.3465960166505682,1.0204255089820289,,True,False
2026-05-07,GDXD,VAL,0.49481208542734667,0.6078003087908024,2.0,,True,False
2026-05-07,GFS,VAL,0.3350009058674173,0.5232772037157182,-1.045732107216495,,False,False
2026-05-07,GWRE,VAL,0.5617774581877554,0.4032696266362588,-1.1127831838926168,,True,False
2026-05-07,HRMY,VAL,0.5490180572192161,0.37013457282425916,-1.0605283438016528,,True,False
2026-05-07,INTW,VAL,0.29072009512017166,0.4169956501684258,-1.0635127765793544,,False,False
2026-05-07,IPX,VAL,0.44166638220105264,0.35450467400472685,-1.0497457666666663,,True,False
2026-05-07,IRE,VAL,0.30170660938426885,0.36116804710579115,-1.048378340431207,,False,False
2026-05-07,IREG,VAL,0.22848941798216485,0.30405942934912084,-1.0789441488372091,,False,False
2026-05-07,JDST,VAL,0.6640626340810298,0.7998781494165217,-0.2041990322580647,,True,False
2026-05-07,KAI,VAL,0.4334131426916682,0.456311460789439,-1.0905678468646862,,True,False
2026-05-07,KE,VAL,0.6055408874823499,0.33167569160095944,-1.0709106909090913,,True,False
2026-05-07,LNC,VAL,0.5062328177879323,0.3518079819556495,-1.056435856410257,,True,False
2026-05-07,LPX,VAL,0.6684295845448037,0.3557144792620213,0.3142190909091022,,True,False
2026-05-07,MULL,VAL,0.2951095279505611,0.3151424948470257,-1.3685209015942803,,False,False
2026-05-07,MUU,VAL,0.23045032454466913,0.3308628341652192,-1.0501964058932658,,False,False
2026-05-07,MUX,VAL,0.35317353127160855,0.3223398821116407,-1.0752863200000002,,False,False
2026-05-07,MXL,VAL,0.41838047683409174,0.3199223333559259,-1.0524496586387435,,True,False
2026-05-07,NBIG,VAL,0.312494657553723,0.3178116174320102,-1.041508776119403,,False,False
2026-05-07,NBIL,VAL,0.31492193205044233,0.12422595593662927,-1.036577732871454,,False,False
2026-05-07,NEBX,VAL,0.32132281063662843,0.235456575419934,-1.143294002912948,,False,False
2026-05-07,NVDG,VAL,0.2443829867289522,0.30424974230147483,-1.1141877333333328,,False,False
2026-05-07,NVDL,VAL,0.3908331298243839,0.2495081333671172,-1.114541866860623,,False,False
2026-05-07,NVDU,VAL,0.393550658530046,0.36876318623123666,-1.105021786163522,,False,False
2026-05-07,NVDX,VAL,0.3173425941311355,0.30100299509120326,-1.0921826461538455,,False,False
2026-05-07,PLTU,VAL,0.5410542915872307,0.24443740825373367,-1.1074239999999995,,True,False
2026-05-07,PRIM,VAL,0.5614012027929449,0.2994403316846019,-1.0576213137614676,,True,False
2026-05-07,PRMB,VAL,0.33569962930441527,0.22075784737228968,2.0,,False,False
2026-05-07,QCOM,VAL,0.7082291860223131,0.784322366914675,2.0,,True,False
2026-05-07,RXO,VAL,0.27102257525233303,0.20628139984123448,-1.0838131,,False,False
2026-05-07,SMST,VAL,0.5615466720384236,0.39128167344893977,-1.10985235862069,,True,False
2026-05-07,SRTY,VAL,0.6819393652236803,0.7250568399091244,-1.0934518588235296,,True,False
2026-05-07,TECH,VAL,0.5435101325767738,0.4613829536830935,-1.1220671340206188,,True,False
2026-05-07,TSAT,VAL,0.3519989446825231,0.33285443803319115,-1.3561159155279523,,False,False
2026-05-07,UCO,VAL,0.7719585338107211,0.6738631926707125,0.4967979761904794,,True,False
2026-05-07,UUUU,VAL,0.42222570606376025,0.18780783980294172,-1.0458241553593948,,True,False
2026-05-07,WIX,VAL,0.4745704869361261,0.34350681315553977,-1.0972875815384622,,True,False
2026-05-07,WOLF,VAL,0.32840271414644784,0.18305536145430928,2.0,,False,False
2026-05-07,Z,VAL,0.5066329825200282,0.13705649009881102,-1.0930794857142865,,True,False
2026-05-08,AMBQ,VAL,0.420710907839259,0.3875137650471229,2.0,,True,False
2026-05-08,AMD,VAL,0.41827704439066243,0.20191788704247124,-1.1155957737193762,,True,False
2026-05-08,AMDG,VAL,0.22472048925401075,0.22435579313873788,-1.3227290097087414,,False,False
2026-05-08,AMDL,VAL,0.12486027894668002,0.1847459241564688,2.0,,False,True
2026-05-08,AMN,VAL,0.4476671926765969,0.22111905718291835,2.0,,True,False
2026-05-08,AMUU,VAL,0.3134506247664408,0.3352848428347374,-1.2244163283515472,,False,False
2026-05-08,ASTS,VAL,0.710556859646154,0.410711941682174,2.0,,True,False
2026-05-08,ASTX,VAL,0.19206729622517146,0.1495080367208714,2.0,,False,True
2026-05-08,AVGX,VAL,0.5233202705438373,0.4896891400303994,-1.0902389520467832,,True,False
2026-05-08,BKSY,VAL,0.48336704648157,0.1964849570753236,2.0,,True,False
2026-05-08,CART,VAL,0.41305867363286686,0.3670472402871499,0.1781417582417532,,True,False
2026-05-08,CCSI,VAL,0.39801100074556267,0.13439536667066113,2.0,,False,False
2026-05-08,CLFD,VAL,0.34378726098992757,0.45782438298775857,-1.1029191225806445,,False,False
2026-05-08,COHX,VAL,0.23092056666137564,0.4713653278190089,-1.098519255813955,,False,False
2026-05-08,CRWL,VAL,0.2686985234761656,0.42577543008640706,1.9999999999999911,,False,False
2026-05-08,CVSA,VAL,0.4562824230068653,0.21130671339999477,2.0,,True,False
2026-05-08,CYD,VAL,0.6330796488528979,0.304004551647548,-1.1306249358490592,,True,False
2026-05-08,CYTK,VAL,0.5975294920499313,0.4318730396935954,-1.1092037076850545,,True,False
2026-05-08,DDOG,VAL,0.5108149998499414,0.3513648206521875,-1.0888333343629342,,True,False
2026-05-08,DELL,VAL,0.5821217870640811,0.3824038185353649,2.0,,True,False
2026-05-08,FEIM,VAL,0.6530025056071738,0.27198138427763946,-1.2731246336000024,,True,False
2026-05-08,FLY,VAL,0.11396694432453935,0.20996301081906696,2.0,,False,True
2026-05-08,FLYT,VAL,0.44562656061905503,0.16427997648302445,2.0,,True,False
2026-05-08,FROG,VAL,0.3141682383237613,0.2823182156306638,2.0,,False,False
2026-05-08,GDXU,VAL,0.4597436004587889,0.3434151679067087,-1.045822358441955,,True,False
2026-05-08,GEN,VAL,0.46725949593730054,0.20464020722264312,2.0,,True,False
2026-05-08,GLW,VAL,0.24214207673719215,0.2197536417090358,-1.0599032187012989,,False,False
2026-05-08,GOLD,VAL,0.6984322609281576,0.454751589268429,-1.0683422919864982,,True,False
2026-05-08,HIMZ,VAL,0.3770176441341118,0.2847797215789807,-1.073339427520403,,False,False
2026-05-08,ICUI,VAL,0.49708264551206705,0.34825358766625425,-1.0791859128987489,,True,False
2026-05-08,INTC,VAL,0.6146040623635909,0.08619813615161688,2.0,,True,False
2026-05-08,INTW,VAL,0.4893191822025438,0.43520738909436635,2.0,,True,False
2026-05-08,JKS,VAL,0.592555474704319,0.3835898788545674,-1.083893028571429,,True,False
2026-05-08,KORU,VAL,0.2306292873137535,0.40259929874600636,-1.1061943641721577,,False,False
2026-05-08,LIFE,VAL,0.4771841599683663,0.2554550491576604,-1.0889977712202734,,True,False
2026-05-08,LINT,VAL,0.5668395313054527,0.44898597302509385,2.0,,True,False
2026-05-08,LUNL,VAL,0.2623808850720198,0.04791451250641868,-1.0791637647058825,,False,False
2026-05-08,LUNR,VAL,0.14948140701342885,0.19884857052261595,2.0,,False,True
2026-05-08,MBUU,VAL,0.6385555685453889,0.34367351978876964,2.0,,True,False
2026-05-08,MBX,VAL,0.3029430935840232,0.3638633005680073,-1.0518490785296184,,False,False
2026-05-08,MRAM,VAL,0.30513449120832375,0.40129503503437136,2.0,,False,False
2026-05-08,MRNA,VAL,0.3269726284897458,0.2892172757083897,2.0,,False,False
2026-05-08,MRX,VAL,0.39546784156444476,0.47366421428805433,-1.1838713904761964,,False,False
2026-05-08,MSTX,VAL,0.29288114064909004,0.2581417610594836,-1.0575945781132077,,False,False
2026-05-08,MU,VAL,0.26501105994867163,0.012642694845228872,2.0,,False,False
2026-05-08,MULL,VAL,0.32644040495181303,0.34480671696321785,2.0,,False,False
2026-05-08,MUU,VAL,0.25749254741530914,0.25679420760809946,2.0,,False,False
2026-05-08,MXL,VAL,0.08844176018864217,0.20781434103431823,2.0,,False,True
2026-05-08,NHC,VAL,0.5812739142339981,0.3334245550789042,-1.106308860404687,,True,False
2026-05-08,NSIT,VAL,0.34484381650701923,0.27024841501557373,2.0,,False,False
2026-05-08,ORCX,VAL,0.5017876991040945,0.345932218008147,-1.12084536888889,,True,False
2026-05-08,OTEX,VAL,0.7653674290016366,0.3753481427352036,-1.125068521739132,,True,False
2026-05-08,PENG,VAL,0.1354537477571254,0.23943951382548265,2.0,,False,True
2026-05-08,PL,VAL,0.32449744041469,0.18860935576450688,-1.0993967120879125,,False,False
2026-05-08,PLNT,VAL,0.4802043617975349,0.3993726551010917,2.0,,True,False
2026-05-08,PLU,VAL,0.2114828191133778,0.1250248342449501,-1.3282417854821396,,False,True
2026-05-08,PRMB,VAL,0.650213267660154,0.45984467849521815,2.0,,True,False
2026-05-08,PTCT,VAL,0.4130676906586655,0.22919615888491615,-1.1013969758241762,,True,False
2026-05-08,QCMU,VAL,0.31428912020527483,0.3609437767329327,2.0,,False,False
2026-05-08,QCOM,VAL,0.46968737119321297,0.3073019001235532,-1.0969876512820516,,True,False
2026-05-08,RJET,VAL,0.36724572255961224,0.10474137131010984,2.0,,False,False
2026-05-08,RKLB,VAL,0.49709304460852144,0.16746707018108267,-1.1029285114879552,,True,False
2026-05-08,RKLX,VAL,0.44957969575819196,0.05579580371520242,2.0,,True,False
2026-05-08,RVI,VAL,0.4913872974190161,0.3671215660677537,2.0,,True,False
2026-05-08,SEDG,VAL,0.6064383560323795,0.3687347586259752,-1.0779882838709671,,True,False
2026-05-08,SMCI,VAL,0.35406345718239,0.24607731527767052,-1.1151484061128103,,False,False
2026-05-08,SNDK,VAL,0.4115629362497665,0.02947159739553504,2.0,,True,False
2026-05-08,SNDU,VAL,0.33130762315300555,0.22760845707461858,2.0,,False,False
2026-05-08,SNXX,VAL,0.23719011304853047,0.0876274006373895,2.0,,False,False
2026-05-08,STXL,VAL,0.3163550464121708,0.17604496994280666,-1.0488087454545454,,False,False
2026-05-08,STXX,VAL,0.28483156225968564,0.33995702688917895,-1.044052867226891,,False,False
2026-05-08,SYNA,VAL,0.3526772888154203,0.44817491100194135,2.0,,False,False
2026-05-08,TDS,VAL,0.4848270062289402,0.35058870415157584,-1.08942675,,True,False
2026-05-08,TECX,VAL,0.24105976037788338,0.3034159402980535,-1.3804853932584331,,False,False
2026-05-08,TSLR,VAL,0.4288458452854752,0.41940067965096334,-1.0764777365853655,,True,False
2026-05-08,TSLT,VAL,0.4077898140014348,0.3760724074795929,-1.0802695999999998,,True,False
2026-05-08,TXRH,VAL,0.36130778923155354,0.39140424603447777,-1.1118344599483203,,False,False
2026-05-08,VOYG,VAL,0.6014872282901709,0.31399452728343497,2.0,,True,False
2026-05-08,VPG,VAL,0.4667197716234987,0.2084273084495092,-1.2025632545130909,,True,False
2026-05-08,WRBY,VAL,0.5449464948880258,0.42185151392120374,2.0,,True,False
2026-05-11,AAOI,VAL,0.41638781495917576,0.1957438900241045,2.0,,True,False
2026-05-11,ACMR,VAL,0.48014845103674475,0.3790070415023798,-1.0919214095238092,,True,False
2026-05-11,ADEA,VAL,0.4442340490325485,0.3765303752630113,2.0,,True,False
2026-05-11,AEHR,VAL,0.2562313669226461,0.13290472071268267,-1.0616290022970138,,False,False
2026-05-11,ALMU,VAL,0.4414577555125981,0.4175358478676623,2.0,,True,False
2026-05-11,AMSC,VAL,0.4878195039642861,0.24645104370734602,-1.0804977882352946,,True,False
2026-05-11,APLD,VAL,0.25426308591470925,0.15789662047539543,2.0,,False,False
2026-05-11,ARWR,VAL,0.5068515002541912,0.36350015187058266,-1.068275701492538,,True,False
2026-05-11,ASTS,VAL,0.4650244225739986,0.20059831817798984,0.1018162874251496,,True,False
2026-05-11,ASTX,VAL,0.5603447895883669,0.2112302205259551,0.1654407872973856,,True,False
2026-05-11,AXTI,VAL,0.48415334785422554,0.2837772247795861,-1.0375922155440414,,True,False
2026-05-11,AXTX,VAL,0.41256577402877276,0.028686931533113004,2.0,,True,False
2026-05-11,BAND,VAL,0.44281680264061196,0.18437642981779698,-1.0720230658959535,,True,False
2026-05-11,BE,VAL,0.3341882356426824,0.37784886354618397,-1.076920555743321,,False,False
2026-05-11,BETR,VAL,0.14267528844144223,0.21655739687905898,-1.1470839351351318,,False,True
2026-05-11,BEX,VAL,0.24933930613578256,0.2206646838902206,-1.0445823809523809,,False,False
2026-05-11,BKCH,VAL,0.45513148246770674,0.2734141312512519,-1.2246516723809622,,True,False
2026-05-11,BKSY,VAL,0.3771387981215084,0.33688691148513883,0.6064531034482789,,False,False
2026-05-11,BLLN,VAL,0.2748980354675195,0.13774618494578747,1.8665628917910364,,False,False
2026-05-11,CAPR,VAL,0.6737594571350183,0.25752972707236566,-1.0799898141422772,,True,False
2026-05-11,CC,VAL,0.391138671526458,0.21370694670507728,0.4984771276595714,,False,False
2026-05-11,CDNL,VAL,0.5776678891611171,0.2648018620977415,2.0,,True,False
2026-05-11,CDRE,VAL,0.5569999816828461,0.4727141041344825,0.3229676616915418,,True,False
2026-05-11,CIFR,VAL,0.39077636133985993,0.27418802868451964,-1.0793551483870962,,False,False
2026-05-11,CLFD,VAL,0.2773140443582129,0.21875300449023316,2.0,,False,False
2026-05-11,CLSX,VAL,0.5163621092813713,0.48615753229460185,-1.100041362962963,,True,False
2026-05-11,COHR,VAL,0.3065453322476069,0.27312387111097935,2.0,,False,False
2026-05-11,COHX,VAL,0.41995347570609354,0.27556202320104767,2.0,,True,False
2026-05-11,COIN,VAL,0.4237181169293586,0.30784224659754267,2.0,,True,False
2026-05-11,CORZ,VAL,0.4781063143766287,0.1990872375269063,-1.0731647077326345,,True,False
2026-05-11,CRCA,VAL,0.267460667988677,0.040272050637258805,2.0,,False,False
2026-05-11,CRCL,VAL,0.4565978676626499,0.009800910107887494,-1.0737212944723615,,True,False
2026-05-11,CRDO,VAL,0.6049143666130653,0.3888261850819963,2.0,,True,False
2026-05-11,CRDU,VAL,0.36228172542857423,0.2963267762525083,2.0,,False,False
2026-05-11,CRWV,VAL,0.43263121996306275,0.34934245923518176,-1.1083597625663506,,True,False
2026-05-11,CWVX,VAL,0.29793003206484575,0.3020539045151863,-1.043505046728972,,False,False
2026-05-11,ELE,VAL,0.37902057504187314,0.3883662665806757,-1.129650767567566,,False,False
2026-05-11,ENPH,VAL,0.5127126999230336,0.20048227725877243,2.0,,True,False
2026-05-11,FLNC,VAL,0.6614036371911579,0.4957537486845357,2.0,,True,False
2026-05-11,FN,VAL,0.7555062914261791,0.6352015958930329,-0.3435779680235871,,True,False
2026-05-11,FSLR,VAL,0.49684366556060955,0.3393195471768549,-1.099557104497478,,True,False
2026-05-11,GILT,VAL,0.7948629786954104,0.6563981110800267,1.0846287234042602,,True,False
2026-05-11,GLUE,VAL,0.35778045441902057,0.26084367802084896,2.0,,False,False
2026-05-11,GLW,VAL,0.5218419078825526,0.22241034532740878,2.0,,True,False
2026-05-11,GLWG,VAL,0.29577240058505627,0.20903165921252195,-1.0640831666561412,,False,False
2026-05-11,HL,VAL,0.3269077410305909,0.16949757284347886,1.1194093940000045,,False,False
2026-05-11,HOOX,VAL,0.35901618583043127,0.3153324847483986,0.7295079999999999,,False,False
2026-05-11,HUT,VAL,0.1532082984111798,0.13469844758768873,2.0,,False,True
2026-05-11,HUTG,VAL,0.5939744111420099,0.1799656562406731,2.0,,True,False
2026-05-11,IMNM,VAL,0.5763903426005768,0.2699618544707083,-1.128149236363637,,True,False
2026-05-11,INSM,VAL,0.6152835422166285,0.37446578667044755,2.0,,True,False
2026-05-11,IPI,VAL,0.4577995970436042,0.26410398316505723,2.0,,True,False
2026-05-11,IRE,VAL,0.33911035228826764,0.0740194255700329,2.0,,False,False
2026-05-11,IREG,VAL,0.4958639796930862,0.06867176006038762,2.0,,True,False
2026-05-11,IREN,VAL,0.4014257301623016,0.22913976664808594,2.0,,False,False
2026-05-11,JEDI,VAL,0.4145073471538159,0.29461015058897416,-0.0516591323368568,,True,False
2026-05-11,JKS,VAL,0.2744401033492251,0.24191921621040344,-1.0937880242424236,,False,False
2026-05-11,LABU,VAL,0.7008901522617472,0.3765500447613298,-1.076258106024101,,True,False
2026-05-11,LABX,VAL,0.43511000287901996,0.26509518365582335,-1.1160911420952475,,True,False
2026-05-11,LASR,VAL,0.464991678829033,0.28112911488543296,1.4431606944444444,,True,False
2026-05-11,LINC,VAL,0.45536504514878484,0.1642290788743543,2.0,,True,False
2026-05-11,LITE,VAL,0.41260755822051204,0.29288323100677577,1.9999999999999936,,True,False
2026-05-11,LITX,VAL,0.3133997440400901,0.19538410726750077,2.0,,False,False
2026-05-11,LUNR,VAL,0.1632661384303938,0.10179141551452359,2.0,,False,True
2026-05-11,MDA,VAL,0.555368712009823,0.3421813956905009,-1.090147562886598,,True,False
2026-05-11,MRVL,VAL,0.5324754003262051,0.18327423777909743,-1.1133919999999993,,True,False
2026-05-11,MSTX,VAL,0.3313696317595796,0.23210034763895918,-0.0485734328358237,,False,False
2026-05-11,MUX,VAL,0.7122465550918636,0.41922605841439525,-1.1590442105263192,,True,False
2026-05-11,MVLL,VAL,0.09057496677793885,0.2640448810072626,-1.0935755272727263,,False,True
2026-05-11,NBIG,VAL,0.31515449965468145,0.24550713973094665,-1.0395194028959545,,False,False
2026-05-11,NBIL,VAL,0.20875779840423,0.21481657551160901,-1.0377873366834172,,False,True
2026-05-11,NBIS,VAL,0.4533163169848271,0.21781178130295636,-0.725172593079544,,True,False
2026-05-11,NESR,VAL,0.5202858152165251,0.41138700017599067,-1.1157332923076932,,True,False
2026-05-11,NNE,VAL,0.5610444717778058,0.4635543744780475,-1.0916088000000002,,True,False
2026-05-11,NVDG,VAL,0.47432096288656145,0.3739526374165189,-1.0597369737470166,,True,False
2026-05-11,NVDL,VAL,0.378793106297617,0.21762497936836417,-1.0641865678048776,,False,False
2026-05-11,NVDU,VAL,0.4345565987568507,0.30691742510512876,-1.090315733333334,,True,False
2026-05-11,NVDX,VAL,0.37586912239868464,0.24518128733824746,-1.0659935157894738,,False,False
2026-05-11,NVTS,VAL,0.4764561913313059,0.11633010757299797,2.0,,True,False
2026-05-11,NVTX,VAL,0.39587913637594235,0.003743930734088776,-1.1299023529411811,,False,False
2026-05-11,NXT,VAL,0.4681295387926954,0.38595149343201013,-1.0688836309050778,,True,False
2026-05-11,OKLO,VAL,0.45399294192908396,0.21521929662935815,2.0,,True,False
2026-05-11,OUST,VAL,0.3466129772412668,0.21556228391116317,2.0,,False,False
2026-05-11,PDFS,VAL,0.34470487319855586,0.1800393104884594,2.0,,False,False
2026-05-11,PL,VAL,0.25428406804294823,0.16885264492737803,2.0,,False,False
2026-05-11,PLNT,VAL,0.6103595494109162,0.2931206498594726,-1.0935545652892569,,True,False
2026-05-11,POEL,VAL,0.343387453543395,0.021558684897970047,-1.0421270588235294,,False,False
2026-05-11,PPTA,VAL,0.6066021229053066,0.42784383762375156,-1.0847184727272725,,True,False
2026-05-11,PRCT,VAL,0.5977934006910293,0.38906965641363966,-1.1558770424242404,,True,False
2026-05-11,PRIM,VAL,0.6062971715587183,0.33661652970320527,-1.0806357526570043,,True,False
2026-05-11,PS,VAL,0.5542500224452855,0.28464492837623934,-1.0378583303135889,,True,False
2026-05-11,PSIX,VAL,0.31916717983359183,0.16491955955117668,-1.095022496,,False,False
2026-05-11,PZZA,VAL,0.652750440257025,0.5080232441042887,-1.0838633739130432,,True,False
2026-05-11,QBTS,VAL,0.32279998061154147,0.20083204846787797,2.0,,False,False
2026-05-11,QPUX,VAL,0.47084636359787857,0.2568855327309077,-1.1114656640000002,,True,False
2026-05-11,RGTI,VAL,0.5279405072972263,0.32112977142341087,0.6187326786688467,,True,False
2026-05-11,RGTX,VAL,0.5391923932331795,0.4736422386729095,2.0,,True,False
2026-05-11,RIOT,VAL,0.33344971439608306,0.20829083978565843,-1.098432213333333,,False,False
2026-05-11,RKLB,VAL,0.502285034019878,0.2753261381184685,2.0,,True,False
2026-05-11,RKLX,VAL,0.2585441989773069,0.09134111176625374,2.0,,False,False
2026-05-11,RMBS,VAL,0.484737629546754,0.3387009809930032,-1.1137466202898554,,True,False
2026-05-11,SEZL,VAL,0.37442508038362804,0.33172400282734743,0.07067680190931,,False,False
2026-05-11,SIMO,VAL,0.5326855381170895,0.31380632577537654,-1.115971555555563,,True,False
2026-05-11,SITM,VAL,0.6780401357312921,0.7092191843939605,0.4217716022579273,,True,False
2026-05-11,SKYT,VAL,0.2974501033103404,0.28745859534312646,-1.121151277905266,,False,False
2026-05-11,SMST,VAL,0.24158524326430814,0.28703831522901796,-1.1104743111111095,,False,False
2026-05-11,SMTC,VAL,0.42057423377707376,0.3886670164115635,-1.043410820413793,,True,False
2026-05-11,SNDA,VAL,0.2866737804323748,0.17986874297906055,-0.0404736536928289,,False,False
2026-05-11,SOLS,VAL,0.472686401689354,0.42830934388098413,2.0,,True,False
2026-05-11,SOLT,VAL,0.7272814085835471,0.3998824627707484,0.4710029955947105,,True,False
2026-05-11,STRT,VAL,0.45067242009494535,0.12709336833300583,-0.1707359821428603,,True,False
2026-05-11,STX,VAL,0.4370441115753573,0.3315493012416806,-1.089730378812785,,True,False
2026-05-11,STXL,VAL,0.28084776035415665,0.32666413108397874,-1.1166816780487794,,False,False
2026-05-11,STXX,VAL,0.473438537739674,0.2327280560104209,-1.1028348500881835,,True,False
2026-05-11,SWMR,VAL,0.5877437998164067,0.2568086546934286,2.0,,True,False
2026-05-11,TSEM,VAL,0.4213652564475656,0.3128264264939877,2.0,,True,False
2026-05-11,TSLR,VAL,0.5808933171085042,0.2541802164812462,2.0,,True,False
2026-05-11,TSLT,VAL,0.4988495822459308,0.24838275885190375,2.0,,True,False
2026-05-11,TTMI,VAL,0.6111127438554806,0.31114091935108557,-1.0808801338912128,,True,False
2026-05-11,USAR,VAL,0.4459833735049817,0.33928483184289,-1.1254198153846164,,True,False
2026-05-11,USGG,VAL,0.36775765045883757,0.19708129631468105,2.0,,False,False
2026-05-11,VIAV,VAL,0.5416525179620019,0.3427832658102002,-1.082127054057476,,True,False
2026-05-11,VICR,VAL,0.44097446655507216,0.36075246390776244,-1.0863389433962265,,True,False
2026-05-11,VRT,VAL,0.6479826313342251,0.35252457064143106,0.9168192004129124,,True,False
2026-05-11,WDC,VAL,0.39060758044081356,0.2946074645551557,-1.089122133333334,,False,False
2026-05-11,WLDN,VAL,0.3586690870264824,0.1512872907847348,-1.0506200758226307,,False,False
2026-05-11,WOLF,VAL,0.27203886271487204,0.10819747551927743,-1.0400536912751677,,False,False
2026-05-11,WULF,VAL,0.34324516076014916,0.30023323990406786,-1.0712280800000002,,False,False
2026-05-11,XE,VAL,0.2098539291787888,0.16966520357509493,1.999999999999995,,False,True
2026-05-11,ZLAB,VAL,0.6031922518315087,0.3740026582087643,2.0,,True,False
2026-05-11,ZYME,VAL,0.451555611295476,0.3131002210426687,-1.0919072,,True,False
2026-05-12,ALAB,VAL,0.4639244586929395,0.37673992701302184,-1.1112886115555556,,True,False
2026-05-12,AVEX,VAL,0.14548690025511604,0.273729578553657,-1.046954117647059,,False,True
2026-05-12,ELVN,VAL,0.41423300985880473,0.37407120891739637,-1.0793660218449768,,True,False
2026-05-12,FIGR,VAL,0.3286575557133183,0.1810163652111513,2.0,,False,False
2026-05-12,FLY,VAL,0.0935052595539569,0.16770365745540236,-1.0482334052144304,,False,True
2026-05-12,GTLB,VAL,0.23396365528297683,0.31211261161511195,-1.12538104888889,,False,False
2026-05-12,HALO,VAL,0.4839166307893812,0.4305818038491494,-1.1074240000000015,,True,False
2026-05-12,HIBS,VAL,0.5147001468502288,0.35409167030511807,-1.1688930980179242,,True,False
2026-05-12,HIMS,VAL,0.34315509177586895,0.23848730596416765,-1.032353506878307,,False,False
2026-05-12,INTW,VAL,0.2738379799143444,0.27782230691858834,-1.0289997398709816,,False,False
2026-05-12,IONL,VAL,0.2480166512669601,0.1506563609792009,-1.032464663303356,,False,False
2026-05-12,IPI,VAL,0.6077637645849185,0.30996555480690346,0.3975469387755126,,True,False
2026-05-12,JDST,VAL,0.37600987358140014,0.22570541436939648,-1.0743762,,False,False
2026-05-12,KRMN,VAL,0.3446711633052281,0.340669331343121,-1.0657137027522934,,False,False
2026-05-12,LEGN,VAL,0.3775634800368389,0.4400032374900106,2.0,,False,False
2026-05-12,LITE,VAL,0.2579836020145469,0.23249431713771565,-1.039104538186382,,False,False
2026-05-12,LUNR,VAL,0.14488542164902624,0.1896301281836448,-1.0509579778279945,,False,True
2026-05-12,NFXL,VAL,0.7100247168638474,0.494889435302766,-0.3133904081632692,,True,False
2026-05-12,ONON,VAL,0.6940273597135491,0.47947590952291747,0.0277260227272601,,True,False
2026-05-12,OSCR,VAL,0.6576198637337818,0.38895456140796586,2.0,,True,False
2026-05-12,PLSE,VAL,0.2943298850589538,0.32047318685912524,-1.0329464205128207,,False,False
2026-05-12,PRCT,VAL,0.5244509951792662,0.5254676099305893,1.033642524271848,,True,False
2026-05-12,PS,VAL,0.14119282755417947,0.227088006545843,-1.0347454890173409,,False,True
2026-05-12,QBTS,VAL,0.264533352228088,0.17202283789348013,-1.0370983783783785,,False,False
2026-05-12,QURE,VAL,0.6857577684306501,0.6765760378976253,-1.0538913201877935,,True,False
2026-05-12,ROOT,VAL,0.6810713669744762,0.6008019547308471,0.4549278632478655,,True,False
2026-05-12,SGML,VAL,0.4026153652182303,0.5007743245249127,-1.0509020666666666,,False,False
2026-05-12,STXX,VAL,0.4061038131693444,0.3318140706976278,-1.4059678989473654,,True,False
2026-05-12,SWMR,VAL,0.44714587720156085,0.2305852462321099,-1.177688935849064,,True,False
2026-05-12,TIGO,VAL,0.40267483384802644,0.3036477646283492,-1.1000865010526313,,False,False
2026-05-12,VOYG,VAL,0.2480883323354147,0.3003944862106706,-1.0526065010645849,,False,False
2026-05-12,WGS,VAL,0.3561504737593793,0.3207289615736656,-1.0871328000000002,,False,False
2026-05-13,AAOI,VAL,0.4975152025007001,0.2744041043669829,2.0,,True,False
2026-05-13,AAOX,VAL,0.195982138494802,0.05752175687642366,-1.077455568999248,,False,True
2026-05-13,ACHC,VAL,0.3616536873360422,0.3182706868914869,-1.101344100000001,,False,False
2026-05-13,AEVA,VAL,0.54344718330181,0.36896625213564305,-1.051056563864652,,True,False
2026-05-13,AGL,VAL,0.23790739086231993,0.19220925879957804,-1.0889107666666673,,False,False
2026-05-13,ALAB,VAL,0.3557371375507607,0.39517526435841793,-1.084108480395345,,False,False
2026-05-13,ALMU,VAL,0.27213922058704937,0.2508601037135006,-1.0495173485714286,,False,False
2026-05-13,ARQT,VAL,0.3818932041135334,0.364466120782077,-1.1219206240858108,,False,False
2026-05-13,ASTS,VAL,0.714737924082876,0.3258498101121699,-1.1173103681540248,,True,False
2026-05-13,ASTX,VAL,0.1537270681417669,0.21623651719994136,2.0,,False,True
2026-05-13,BEX,VAL,0.40434726980759655,0.268562622057617,-1.0876534403700937,,True,False
2026-05-13,BIDU,VAL,0.29511304317213716,0.3774649238981413,0.8325353231939208,,False,False
2026-05-13,BILI,VAL,0.36740653223313974,0.27374116087026235,-0.8305793194874133,,False,False
2026-05-13,CIFU,VAL,0.3534297954023666,0.38292177755141826,-1.1783764292682906,,False,False
2026-05-13,CWEB,VAL,0.5532645427382702,0.5779940387010307,2.0,,True,False
2026-05-13,ELVN,VAL,0.40026903462541175,0.4754181040670002,-1.094699371428571,,False,False
2026-05-13,ENPH,VAL,0.629386743322857,0.2751381428656815,2.0,,True,False
2026-05-13,EQPT,VAL,0.27936370299780855,0.32941907834282774,-1.0850108444444446,,False,False
2026-05-13,ETOR,VAL,0.442419269689251,0.4070186348499581,2.0,,True,False
2026-05-13,FIVN,VAL,0.48353737078604186,0.23970890084781793,-1.04249216,,True,False
2026-05-13,FLNC,VAL,0.4735573392292401,0.2987797668502149,-1.0563067826086956,,True,False
2026-05-13,FN,VAL,0.3405715250031438,0.7646704626288376,-1.1035358925373124,,False,False
2026-05-13,HIMX,VAL,0.13683074440219828,0.2757332053938228,-1.0750212705882354,,False,True
2026-05-13,INBX,VAL,0.46672807373590014,0.18535185825549186,-1.035934582550336,,True,False
2026-05-13,JKS,VAL,0.21517122085889262,0.32878135737419023,-1.106877776271186,,False,True
2026-05-13,KRMN,VAL,0.41704869028525376,0.3144538445134544,2.0,,True,False
2026-05-13,LABX,VAL,0.4128146415796714,0.3446710231201764,-1.0810270769230776,,True,False
2026-05-13,LNOK,VAL,0.38255118341239464,0.3465721431125646,-1.0979602424242436,,False,False
2026-05-13,LUNL,VAL,0.18499478330081515,0.14641474619285902,0.3447714851485151,,False,True
2026-05-13,LUNR,VAL,0.36258269449702984,0.2543193718161148,-1.0909689155080229,,False,False
2026-05-13,MRVL,VAL,0.579791799945673,0.326643287726,-0.5029839773176846,,True,False
2026-05-13,NBIG,VAL,0.39991534000285545,0.16576684574963177,-1.1371006801269896,,False,False
2026-05-13,NBIL,VAL,0.2375226831773407,0.14449630111423042,-1.134174205607478,,False,False
2026-05-13,NEBX,VAL,0.1234843584391932,0.07490657247885929,-1.2269031533980572,,False,True
2026-05-13,ON,VAL,0.5160451811463692,0.3259298385750653,0.2913044715447136,,True,False
2026-05-13,OSCR,VAL,0.320002504039107,0.20568667754156758,-1.1052578370370372,,False,False
2026-05-13,PDD,VAL,0.3660949733110487,0.3520267705709984,-0.7977612499999982,,False,False
2026-05-13,PRKS,VAL,0.6227018844337557,0.3500087009766693,-1.1114332717948716,,True,False
2026-05-13,PSIX,VAL,0.4188476269932074,0.21153345578599228,0.4244510688370413,,True,False
2026-05-13,RGC,VAL,0.4986298576334322,0.5663602162249779,-1.0644754688,,True,False
2026-05-13,RIGL,VAL,0.3195052970590824,0.3874015003951534,-1.0684188571428577,,False,False
2026-05-13,RYZ,VAL,0.49515031589601444,0.4241644342651834,0.4463187719298263,,True,False
2026-05-13,SATG,VAL,0.2359387977346115,0.42356504537138506,-1.0627087600000005,,False,False
2026-05-13,SEDG,VAL,0.7192288845179424,0.46946423009326804,-1.10667076923077,,True,False
2026-05-13,SILC,VAL,0.37515120210315467,0.35372287402487135,-1.0510336780487806,,False,False
2026-05-13,SMST,VAL,0.396132403321861,0.4819816223397888,-1.0490066506024116,,False,False
2026-05-13,SOUX,VAL,0.5596433426340424,0.5313280076045173,-1.0689635555555557,,True,False
2026-05-13,ST,VAL,0.33887412076134593,0.3308423090143856,-1.107733451851852,,False,False
2026-05-13,SYNA,VAL,0.5430974537505251,0.34675437783395413,0.1169731868131891,,True,False
2026-05-13,TARS,VAL,0.5385963068451453,0.41400582364174804,2.0,,True,False
2026-05-13,TDC,VAL,0.4518025463513663,0.3784721289673407,-1.0815129333333338,,True,False
2026-05-13,TNGX,VAL,0.597616942515075,0.32957791730827357,2.0,,True,False
2026-05-13,TSLR,VAL,0.2436316255300084,0.4920064974049031,-1.0735206808510631,,False,False
2026-05-13,TSLT,VAL,0.27398971610279005,0.3063222589853953,-1.090328567741936,,False,False
2026-05-13,VOYG,VAL,0.2357365856731207,0.3447072700586815,2.0,,False,False
2026-05-13,VPG,VAL,0.41815701523606735,0.46704463646687944,2.0,,True,False
2026-05-13,WRBY,VAL,0.46005883242464873,0.4945929566501625,0.0866026363636349,,True,False
2026-05-13,XMTR,VAL,0.29501306074225536,0.4051457322375451,-1.1154726469945346,,False,False
2026-05-14,AEVA,VAL,0.21959763761014187,0.2947639894621531,-1.038966449230769,,False,True
2026-05-14,ALGT,VAL,0.32479631346513266,0.3767874447841992,-1.1416522129095423,,False,False
2026-05-14,AMRC,VAL,0.6178078629994851,0.4915759305885804,0.4909478663239144,,True,False
2026-05-14,AMUU,VAL,0.5770943518325107,0.43615041188419085,-1.5891686581560305,,True,False
2026-05-14,APLX,VAL,0.4634265766152105,0.44761375986817475,-1.0426266840630818,,True,False
2026-05-14,APP,VAL,0.6348643547571813,0.6541783163171698,1.357995461121143,,True,False
2026-05-14,APPX,VAL,0.740243012018532,0.42222750198356995,2.0,,True,False
2026-05-14,ASTS,VAL,0.6541362819711477,0.3561359295374282,2.0,,True,False
2026-05-14,ASTX,VAL,0.4803375067377419,0.3850054883831309,-1.0642248615384615,,True,False
2026-05-14,AVGG,VAL,0.32593416987554,0.3001768877453033,2.0,,False,False
2026-05-14,AVGX,VAL,0.38096363191287536,0.3541081806302643,2.0,,False,False
2026-05-14,AVL,VAL,0.30791017718941316,0.4801675606957274,-1.0794251914893611,,False,False
2026-05-14,BITX,VAL,0.4773690944729663,0.39648586990716495,-1.0851912983809846,,True,False
2026-05-14,BKCH,VAL,0.4474033822058589,0.28052121041938316,-1.455087319148945,,True,False
2026-05-14,BLSH,VAL,0.45498772995489345,0.24161575303555818,2.0,,True,False
2026-05-14,BMNR,VAL,0.4757496671872142,0.22027459232400573,-1.1254416761904755,,True,False
2026-05-14,BW,VAL,0.3497848408918274,0.15941074836700783,-1.0979969959183669,,False,False
2026-05-14,CELC,VAL,0.7510915776802862,0.2775952152940113,2.0,,True,False
2026-05-14,CELH,VAL,0.2623350313098269,0.4603249149714291,-1.1240081743479808,,False,False
2026-05-14,CHRN,VAL,0.47065101542725524,0.19681617626426445,-1.0378440952037975,,True,False
2026-05-14,CHTR,VAL,0.6381373382967565,0.3979944952495208,2.0,,True,False
2026-05-14,CIFU,VAL,0.5092970334535991,0.29706168621155055,-1.1903015652173925,,True,False
2026-05-14,CLSX,VAL,0.3103978440721534,0.37850753217681204,-1.1470907803278791,,False,False
2026-05-14,COIN,VAL,0.32698680191168994,0.3390587486758159,2.0,,False,False
2026-05-14,CRCA,VAL,0.4187987383437921,0.11415677491889209,-1.0290704736406946,,True,False
2026-05-14,CRCL,VAL,0.49196160270145406,0.25570413735563413,-1.0644898033898305,,True,False
2026-05-14,CRWV,VAL,0.5450113616709187,0.36091715435548966,-1.0874047594936709,,True,False
2026-05-14,CWVX,VAL,0.17927535541511025,0.28676027092229167,2.0,,False,True
2026-05-14,ELF,VAL,0.49524012320611516,0.3519877389633209,-1.1174692530973442,,True,False
2026-05-14,ENPH,VAL,0.43982717053659687,0.2665766520252559,-1.0769782925373133,,True,False
2026-05-14,ETHU,VAL,0.49584436050944464,0.39664956157091597,-1.0682844131868134,,True,False
2026-05-14,EXTR,VAL,0.5791527691414882,0.5239454627331285,-1.10636061090909,,True,False
2026-05-14,FCEL,VAL,0.6597242225198751,0.46552755303209464,-1.105381617777777,,True,False
2026-05-14,FIGR,VAL,0.5828250212777941,0.33833293794693237,2.0,,True,False
2026-05-14,FLY,VAL,0.40451944239234683,0.3269961574773737,-1.106154212765956,,True,False
2026-05-14,GDXD,VAL,0.5693724249824871,0.520616689470344,0.2304820547945145,,True,False
2026-05-14,GLWG,VAL,0.4445099622782292,0.4700714604435185,-1.0938545669470343,,True,False
2026-05-14,HROW,VAL,0.6951409646738927,0.44805242710166393,0.999069523809516,,True,False
2026-05-14,INOD,VAL,0.26978170528513656,0.25415414076190257,-1.070433022592333,,False,False
2026-05-14,INTW,VAL,0.33895091993417015,0.4532628252832263,-1.0383341891726252,,False,False
2026-05-14,IONL,VAL,0.49326233920198803,0.553357810873992,-1.0358399714285715,,True,False
2026-05-14,IONQ,VAL,0.5866093626839822,0.24400516310720288,-1.0998733748148142,,True,False
2026-05-14,IONX,VAL,0.366780859266589,0.42359198137006016,-1.0642522580645164,,False,False
2026-05-14,IRE,VAL,0.3280622840919507,0.5813485855718111,1.999999999999996,,False,False
2026-05-14,IREG,VAL,0.42766705753279216,0.5834895852393762,2.0,,True,False
2026-05-14,IREN,VAL,0.5443229873627218,0.487037209596353,-1.0404985553346586,,True,False
2026-05-14,IREX,VAL,0.2825734383141771,0.41821805987831334,2.0,,False,False
2026-05-14,KNX,VAL,0.7472107017290162,0.552308593959175,-1.054282852173913,,True,False
2026-05-14,KTOS,VAL,0.5561413354076907,0.4001365359253808,-1.1062284745281494,,True,False
2026-05-14,LBRDK,VAL,0.5440506297058602,0.33899462539998876,-1.0647689922480617,,True,False
2026-05-14,LINT,VAL,0.3993597622648854,0.4841223085713682,-1.0493625659442725,,False,False
2026-05-14,LUNR,VAL,0.6347560461687215,0.39713351343741243,-1.095061099584882,,True,False
2026-05-14,MRVL,VAL,0.7358534710570919,0.4440917973921957,-1.0422264271515709,,True,False
2026-05-14,MSTR,VAL,0.47295483829208823,0.4450590160575766,2.0,,True,False
2026-05-14,MSTY,VAL,0.4639923059629495,0.2926818124800565,-1.125829160351627,,True,False
2026-05-14,MULL,VAL,0.4686135538821332,0.3513245825277747,-1.1131806978470669,,True,False
2026-05-14,MUU,VAL,0.21145678554280883,0.15174947149629,-1.0643976383514262,,False,True
2026-05-14,MXL,VAL,0.25810800887241503,0.16825029124983526,-1.0299250142450145,,False,False
2026-05-14,NBIG,VAL,0.29531884246716467,0.21442505844601145,-1.1005348777059325,,False,False
2026-05-14,NBIL,VAL,0.38069325108774543,0.3131933212342932,2.0,,False,False
2026-05-14,NBIS,VAL,0.31348796651202376,0.2916648946214791,2.0,,False,False
2026-05-14,NEBX,VAL,0.306111474942813,0.30960598386474036,2.0,,False,False
2026-05-14,NVMI,VAL,0.483409807850403,0.45735497004540493,0.9870280241114552,,True,False
2026-05-14,NVTS,VAL,0.8380438375637791,0.46662284013053507,-1.0483850074074077,,True,False
2026-05-14,NVTX,VAL,0.23209517747898736,0.09257337279899258,2.0,,False,False
2026-05-14,ORCL,VAL,0.5107664073280999,0.4793372995203797,-1.1183231432698628,,True,False
2026-05-14,ORCX,VAL,0.38205712536524805,0.569032125041211,2.0,,False,False
2026-05-14,PLU,VAL,0.5415474443992805,0.5316514116279702,-1.7310104135593178,,True,False
2026-05-14,QBTS,VAL,0.4867757490713577,0.2898999228131588,-1.092290857142857,,True,False
2026-05-14,QPUX,VAL,0.7265284947287438,0.41615044826579106,-1.5305927521912466,,True,False
2026-05-14,QUBX,VAL,0.298898349940617,0.07468472230955338,-1.0744135,,False,False
2026-05-14,RBRK,VAL,0.5833106329697131,0.34552543765599447,-1.1158809798449607,,True,False
2026-05-14,RKLB,VAL,0.45812864107458634,0.2612498038820796,-1.0859998915254232,,True,False
2026-05-14,RKLX,VAL,0.5284072771561229,0.44876324982005383,2.0,,True,False
2026-05-14,ROBN,VAL,0.660482439457599,0.4450744865176676,-1.103556736,,True,False
2026-05-14,SATG,VAL,0.6525568321869154,0.5244992265942208,2.0,,True,False
2026-05-14,SEDG,VAL,0.35870858639104514,0.30642045863776046,2.0,,False,False
2026-05-14,SEPN,VAL,0.4157122260760464,0.27720208990031825,2.0,,True,False
2026-05-14,SMCI,VAL,0.48815846590329176,0.2734678276025415,-1.1136307199999995,,True,False
2026-05-14,SNDR,VAL,0.3462091881207306,0.40516603315942673,2.0000000000000107,,False,False
2026-05-14,STXL,VAL,0.43070832485711885,0.5051246790750668,-1.214269667796606,,True,False
2026-05-14,STXX,VAL,0.470686745069468,0.21540800594339993,-1.042288805925926,,True,False
2026-05-14,TGLS,VAL,0.5788431157293953,0.3465537214132167,-1.1151539809523825,,True,False
2026-05-14,TSEM,VAL,0.4164507012592883,0.38650589839028693,-1.0709262504833517,,True,False
2026-05-14,TSMG,VAL,0.3210398421168637,0.30762796379172586,2.0,,False,False
2026-05-14,TSMU,VAL,0.3461361893442956,0.3226487614170321,-1.1959516233717251,,False,False
2026-05-14,TSMX,VAL,0.423215450487506,0.3621624923107716,2.0,,True,False
2026-05-14,TXG,VAL,0.5352397954351775,0.47841761204445654,-1.0853616516129037,,True,False
2026-05-14,USPH,VAL,0.553888057631934,0.4258741141986563,-1.113035701492537,,True,False
2026-05-14,VOYG,VAL,0.44614204859954604,0.35723635305476875,2.0,,True,False
2026-05-14,VPG,VAL,0.4024317379875525,0.20154022540875985,-1.087674575886524,,False,False
2026-05-14,WDCX,VAL,0.4916488489846814,0.6790178367691913,-1.0455714385964912,,True,False
2026-05-14,WERN,VAL,0.4993677898328535,0.5126405745948002,2.0,,True,False
2026-05-14,WOLF,VAL,0.5623276472756101,0.2993603104941631,-1.0524960200000002,,True,False
2026-05-14,XRPT,VAL,0.5079734575976197,0.2660673447615487,2.0,,True,False
2026-05-15,ACMR,VAL,0.6670260206886681,0.4682143850082608,-1.06824043438914,,True,False
2026-05-15,AEVA,VAL,0.5232319552261179,0.6584749036706892,-1.0769963815384618,,True,False
2026-05-15,ALAB,VAL,0.2517415549375078,0.29268674087563734,0.3383036963705185,,False,False
2026-05-15,AMA,VAL,0.524468219351024,0.5421582854437521,-1.11601792,,True,False
2026-05-15,AMBQ,VAL,0.46004966341087483,0.23913029082234338,-1.0948452923076926,,True,False
2026-05-15,AMRC,VAL,0.6161603224629716,0.2100792430253299,-1.0641656258064511,,True,False
2026-05-15,APPX,VAL,0.39651215007652707,0.23536910383792267,-1.1997251297709892,,False,False
2026-05-15,ASTX,VAL,0.29734562139481796,0.23436447234940766,-1.0433214391513008,,False,False
2026-05-15,AXTX,VAL,0.38052796788086224,0.11689181860490719,2.000000000000006,,False,False
2026-05-15,BAND,VAL,0.5008347630994082,0.20469298067821115,2.0,,True,False
2026-05-15,BOT,VAL,0.20860688253265466,0.032845262452065455,1.9999999999999964,,False,True
2026-05-15,BW,VAL,0.4255319849556259,0.2258238685786991,2.0,,True,False
2026-05-15,CELC,VAL,0.41603679371309804,0.18186425356433547,-1.029027429622815,,True,False
2026-05-15,CONI,VAL,0.2797956890124444,0.3669814578417173,0.0064271153846181,,False,False
2026-05-15,CRWL,VAL,0.2292505948643929,0.25566559227220703,-1.0853345165298116,,False,False
2026-05-15,DRUG,VAL,0.4193908941710689,0.2143029854468193,-1.0370297952755905,,True,False
2026-05-15,DXYZ,VAL,0.10910058140646207,0.16406441535674277,-1.0799803151515128,,False,True
2026-05-15,ENPH,VAL,0.23256506541279284,0.18585100634649462,2.0,,False,False
2026-05-15,EOSU,VAL,0.3740012928998628,0.06422708176830266,-1.6004767123287669,,False,False
2026-05-15,FCEL,VAL,0.642483352516625,0.5630160508291464,2.0,,True,False
2026-05-15,FIGG,VAL,0.22285024434651673,0.19536057891662764,2.0,,False,True
2026-05-15,FUN,VAL,0.5868792650669108,0.24314787847775032,2.0,,True,False
2026-05-15,GLSI,VAL,0.38923425921025223,0.2591185718396588,-1.087801216,,False,False
2026-05-15,HIMS,VAL,0.46893683954963217,0.35247928641838067,-1.109361948339483,,True,False
2026-05-15,HUBS,VAL,0.3982828747428805,0.3461678367536039,-1.1181482233502538,,False,False
2026-05-15,INOD,VAL,0.3439542423202298,0.4106168077228871,-1.071214923661577,,False,False
2026-05-15,LIFE,VAL,0.22872653626575556,0.3123109837134211,-1.0688212292682926,,False,False
2026-05-15,LITX,VAL,0.38202164333496447,0.2725438111157677,2.0,,False,False
2026-05-15,LSTR,VAL,0.7184989408735305,0.3404945412858056,-1.0873425539748949,,True,False
2026-05-15,MRVU,VAL,0.4852244511463682,0.3306353179181154,-1.0435536114285715,,True,False
2026-05-15,MSFU,VAL,0.5824758546200836,0.3359202163606702,-1.0720086121337185,,True,False
2026-05-15,MVLL,VAL,0.40397205275453896,0.20243236581184268,-1.0374737192282104,,True,False
2026-05-15,MXL,VAL,0.2292660606205068,0.3247750623443029,-1.058135737853107,,False,False
2026-05-15,OKLS,VAL,0.48349329166588023,0.3777374651991304,-0.0044008620689662,,True,False
2026-05-15,OUST,VAL,0.6203777483566287,0.31335722289175344,-0.3110116875000053,,True,False
2026-05-15,PALU,VAL,0.3979776889625052,0.2059380447704779,-1.1604199111111173,,False,False
2026-05-15,PBT,VAL,0.378634739118783,0.24998117565937855,-1.0487807766423358,,False,False
2026-05-15,RVI,VAL,0.25544165668199104,0.21354439100970304,-1.0443787111111111,,False,False
2026-05-15,SEDG,VAL,0.23614777826372416,0.2645525329546906,2.0,,False,False
2026-05-15,SNDK,VAL,0.36542345282725053,0.01205295291716073,-1.0819693263304575,,False,False
2026-05-15,SNDU,VAL,0.24391824982185037,0.4018642277286832,-1.0453315118644069,,False,False
2026-05-15,SNOW,VAL,0.527951336679643,0.3594372604513041,-0.0863142328042286,,True,False
2026-05-15,SNXX,VAL,0.24166931624822277,0.22472947153607933,-1.052658190990991,,False,False
2026-05-15,STRZ,VAL,0.5400859481484359,0.46846668901864996,-1.056708179591837,,True,False
2026-05-15,USAR,VAL,0.38406378014367104,0.2813203155120192,-1.0698201631394533,,False,False
2026-05-15,VCX,VAL,0.1959786413515682,0.3231003875122744,-1.075662216993464,,False,True
2026-05-15,WGS,VAL,0.6743445910680559,0.3474966943600756,2.0,,True,False
2026-05-15,WING,VAL,0.5463091588373064,0.41918710901976297,2.00000000000001,,True,False
2026-05-18,APPX,VAL,0.4038772561376094,0.24025957292772537,-1.0405274644351463,,True,False
2026-05-18,AXON,VAL,0.41813787017402376,0.44884792253193906,-1.0796989069501226,,True,False
2026-05-18,BL,VAL,0.424518420631039,0.22158405712684415,-1.113949013333333,,True,False
2026-05-18,BLFS,VAL,0.27816279449849907,0.26603711666940083,-1.0490294153846154,,False,False
2026-05-18,BLLN,VAL,0.4331187522348421,0.2595208670166252,-1.1069716884210523,,True,False
2026-05-18,BRC,VAL,0.6085915491379839,0.46726259465554265,0.6218235964912209,,True,False
2026-05-18,BRZE,VAL,0.2526620422592414,0.33722303323623176,2.0,,False,False
2026-05-18,CMPR,VAL,0.3670383057124639,0.2595324854044091,1.6256450378787997,,False,False
2026-05-18,CRWL,VAL,0.2541628240466666,0.4352437369159649,-1.165712527659579,,False,False
2026-05-18,CSTL,VAL,0.20898620193236586,0.27251482350006495,-1.069263905882353,,False,True
2026-05-18,ENOV,VAL,0.5245752962598883,0.5218851601319988,-1.3659398769230846,,True,False
2026-05-18,ESTC,VAL,0.44608437943635293,0.3425214175362843,1.203203018867947,,True,False
2026-05-18,FICO,VAL,0.40698986277236854,0.48816244092396394,2.0,,True,False
2026-05-18,FIG,VAL,0.698615466374093,0.4246429580521494,1.6127312711864434,,True,False
2026-05-18,FIGG,VAL,0.26211198403573954,0.14571910697864782,-1.142767567567566,,False,False
2026-05-18,FTK,VAL,0.4244824746369654,0.24299944224985776,-1.0953794909090908,,True,False
2026-05-18,GDXD,VAL,0.4570191667384888,0.34070898626250273,-0.2312524999999927,,True,False
2026-05-18,GGLL,VAL,0.4055192168452555,0.2718225386652586,-1.1063582857142853,,True,False
2026-05-18,GTLB,VAL,0.3802364008409739,0.3242959665760887,0.913842205882356,,False,False
2026-05-18,HIBS,VAL,0.4637891262141792,0.33233332741252986,2.0,,True,False
2026-05-18,HOOD,VAL,0.4013333778107516,0.24510134642634077,-1.1150213702854357,,False,False
2026-05-18,HOOW,VAL,0.2988376785528959,0.21024267161976423,-1.1232002782608692,,False,False
2026-05-18,HP,VAL,0.5673059802573682,0.4084591611656638,0.1949291304347724,,True,False
2026-05-18,HUBS,VAL,0.31727532293207256,0.32595244730443207,0.9347345709570942,,False,False
2026-05-18,LMND,VAL,0.49665447694319903,0.2502308547340286,-1.0665903157894734,,True,False
2026-05-18,MDB,VAL,0.3111568929320653,0.287886981940222,2.0,,False,False
2026-05-18,MNDY,VAL,0.49359781919978835,0.3457414624408621,2.0,,True,False
2026-05-18,NFLU,VAL,0.7799940779910738,0.4016732818877094,2.0,,True,False
2026-05-18,NFXL,VAL,0.5461538385954758,0.49196953389604603,-1.139357247228914,,True,False
2026-05-18,NVDS,VAL,0.4418790879350447,0.47675414212130157,-1.1095005445316108,,True,False
2026-05-18,OKLS,VAL,0.558694074017794,0.5550090666963983,-1.040492956276066,,True,False
2026-05-18,OSCR,VAL,0.2211530967958537,0.1856266803069249,1.6535906451612985,,False,True
2026-05-18,RBLX,VAL,0.5053558822527237,0.31346970976607863,2.0,,True,False
2026-05-18,ROBN,VAL,0.5676543859523338,0.5669590018768699,-1.0353745849028175,,True,False
2026-05-18,SMST,VAL,0.385426787268098,0.20372080615872734,-1.0467459407546662,,False,False
2026-05-18,TEAM,VAL,0.574754355253405,0.28628003154702636,-1.0704461139072852,,True,False
2026-05-18,TMDX,VAL,0.6517406677669423,0.4754573253825698,1.2765510256410135,,True,False
2026-05-18,TRI,VAL,0.52856587736466,0.40820698387613186,-1.1201738181818168,,True,False
2026-05-18,TTD,VAL,0.2570752448440252,0.24150829337650767,-0.2468711416883544,,False,False
2026-05-18,VAL,VAL,0.6875345485660289,0.4295075188629439,2.0,,True,False
2026-05-18,VCEL,VAL,0.6885620496944821,0.3130487264133287,-1.4448904470588173,,True,False
2026-05-18,WDAY,VAL,0.2484411035708451,0.25530120392311767,-1.1181572184615374,,False,False
2026-05-18,WGS,VAL,0.23167748502598412,0.2584386061484372,-1.1171605573033707,,False,False
2026-05-18,WK,VAL,0.41671668370055115,0.2895899287685162,0.3741884878048851,,True,False
2026-05-18,YPF,VAL,0.5883498660749968,0.4132756234447772,0.7529652941176495,,True,False
2026-05-19,AAOX,VAL,0.41734320165091626,0.11325743350808197,-1.075518669662921,,True,False
2026-05-19,ACMR,VAL,0.34545098328827556,0.4601266941403171,-1.080854464,,False,False
2026-05-19,ALAB,VAL,0.40629542796310736,0.4689838486875234,2.0,,True,False
2026-05-19,AMBQ,VAL,0.35512249833465154,0.48504573222507474,-1.1084087200000003,,False,False
2026-05-19,ARM,VAL,0.3901261429893551,0.4612729788937918,2.0,,False,False
2026-05-19,ASTX,VAL,0.5909305633290719,0.2236787852360928,-1.0704140223898932,,True,False
2026-05-19,AXTX,VAL,0.4776412601656484,0.07751413099042725,-1.065734877208579,,True,False
2026-05-19,BKSY,VAL,0.739119632844298,0.5967584175557549,-1.0496950769230766,,True,False
2026-05-19,CENX,VAL,0.40983014504714343,0.3765275410687288,2.0,,True,False
2026-05-19,CLSX,VAL,0.4961930621300968,0.3068583832024738,-1.185316085506962,,True,False
2026-05-19,CRDO,VAL,0.5136373722513258,0.5393994283095445,-1.08964768744186,,True,False
2026-05-19,CRDU,VAL,0.3383125734409388,0.13737248275948707,2.0,,False,False
2026-05-19,DRAM,VAL,0.2707713728763684,0.5883646472688021,-1.12089462857143,,False,False
2026-05-19,GDXD,VAL,0.5041478390790272,0.40729546873814576,-1.1036693747572814,,True,False
2026-05-19,INTW,VAL,0.32991821522877857,0.4065435473478749,2.0,,False,False
2026-05-19,JBIO,VAL,0.2110663952060669,0.35981090993637044,-1.1197843911111105,,False,True
2026-05-19,KORU,VAL,0.30389830326654416,0.7351516949756703,-1.0717464480874317,,False,False
2026-05-19,KRUS,VAL,0.19428829528758157,0.24572074792280763,-1.073379272727273,,False,True
2026-05-19,LABX,VAL,0.46602067965726984,0.15849057488884163,1.999999999999996,,True,False
2026-05-19,LLYX,VAL,0.5732264033633807,0.4713725713142483,-1.3090433333333384,,True,False
2026-05-19,LNOK,VAL,0.42518582797950066,0.4159876634898949,-1.1201558353635084,,True,False
2026-05-19,MRVL,VAL,0.37830954561005997,0.44572021354294167,2.0,,False,False
2026-05-19,MRVU,VAL,0.45352335675151323,0.4063457557092535,2.0,,True,False
2026-05-19,MSTX,VAL,0.3468346682005201,0.3657958419842895,-1.041574831460674,,False,False
2026-05-19,MU,VAL,0.4044043729203105,0.0477744077681807,2.0,,True,False
2026-05-19,MULL,VAL,0.2767509736739869,0.38610841563929615,2.0,,False,False
2026-05-19,MUU,VAL,0.36043758348270083,0.5554070469943861,2.0,,False,False
2026-05-19,MVLL,VAL,0.5691735635219801,0.4955629753195957,2.0,,True,False
2026-05-19,NBIG,VAL,0.2257649303421112,0.1316662039250245,-1.0306621831398757,,False,False
2026-05-19,NBIL,VAL,0.661661913930697,0.24934416663706427,-1.0750391547169809,,True,False
2026-05-19,NBIS,VAL,0.4288216466300078,0.4544569395417652,-1.110848992074593,,True,False
2026-05-19,OKLS,VAL,0.513622466259886,0.402985089612563,-1.0958477298701288,,True,False
2026-05-19,PLSE,VAL,0.517674389780767,0.49650494648052523,-1.125996416,,True,False
2026-05-19,REPX,VAL,0.7124589039307198,0.5234973433751058,2.0,,True,False
2026-05-19,RKLX,VAL,0.7555833404052305,0.17371047020151886,-1.0596166764380657,,True,False
2026-05-19,RXO,VAL,0.41564694367020794,0.3917507005725243,2.0,,True,False
2026-05-19,SIMO,VAL,0.6202863662441961,0.7618550610817593,-1.1088172412811388,,True,False
2026-05-19,SNDK,VAL,0.43103919635061133,0.4437926709264794,-1.090877962969727,,True,False
2026-05-19,SNDU,VAL,0.42878416234019456,0.24377342886405562,2.0,,True,False
2026-05-19,SOXL,VAL,0.6077216001415744,0.14979780428956027,2.0,,True,False
2026-05-19,WYFI,VAL,0.6425332785966656,0.511876418481695,-1.3151030056296351,,True,False
2026-05-19,YELP,VAL,0.3699151087432503,0.35268718326101584,-1.1102377245298134,,False,False
2026-05-20,AEVA,VAL,0.46042764152085036,0.351798643735433,2.0,,True,False
2026-05-20,AGYS,VAL,0.5026328400927129,0.20220246151864338,-1.107222831460674,,True,False
2026-05-20,ALAB,VAL,0.239513728787774,0.29024501735430347,2.0,,False,False
2026-05-20,ALK,VAL,0.48769439266967846,0.4350719655411957,2.0,,True,False
2026-05-20,AMDL,VAL,0.2654831362043845,0.3061716497962789,-1.0580214251370323,,False,False
2026-05-20,AMUU,VAL,0.6227176110159252,0.4533597244859116,-1.0776493430656933,,True,False
2026-05-20,ARM,VAL,0.34687470614329013,0.5814727996451577,0.5344426123128069,,False,False
2026-05-20,ARMG,VAL,0.21580228528694845,0.3084646607660649,2.0,,False,True
2026-05-20,ASMG,VAL,0.6462054971140515,0.5894777552090995,-1.1073406843373486,,True,False
2026-05-20,ASTS,VAL,0.5412746883098007,0.21054250599314633,-1.0525652078431376,,True,False
2026-05-20,ASTX,VAL,0.36688502389667677,0.18033508706618834,0.2195787931034468,,False,False
2026-05-20,ATRO,VAL,0.36706210146193485,0.28431945643497913,-1.0799333079365077,,False,False
2026-05-20,BE,VAL,0.3536706441209211,0.366660666833591,2.0,,False,False
2026-05-20,BEX,VAL,0.4350710947788731,0.3768110682696665,2.0,,True,False
2026-05-20,BOT,VAL,0.4164235463607963,0.49476036176036053,2.0,,True,False
2026-05-20,BRUN,VAL,0.4113227069071661,0.2902254424195584,-1.035126197677894,,True,False
2026-05-20,CCL,VAL,0.573276245088976,0.17231383462959593,2.0,,True,False
2026-05-20,CIFR,VAL,0.4986961421621302,0.37271034255397784,-1.0563985941932417,,True,False
2026-05-20,CLSX,VAL,0.407371915125244,0.2908003850682562,-1.0654872915468638,,True,False
2026-05-20,COGT,VAL,0.6107816705930619,0.47200601097481354,-1.1043842986666668,,True,False
2026-05-20,CRDO,VAL,0.27754671559094607,0.3160055074412652,-1.0511746979443777,,False,False
2026-05-20,CRWL,VAL,0.3312840588150721,0.33420847506829,2.0,,False,False
2026-05-20,DAL,VAL,0.5580590596459486,0.3589375827003123,2.0,,True,False
2026-05-20,DOCN,VAL,0.37385886486302344,0.33525324243285387,-1.069743512267658,,False,False
2026-05-20,DPST,VAL,0.4094531672413123,0.3979300088035761,-1.1055957079365075,,True,False
2026-05-20,ENPH,VAL,0.6597435533800288,0.4054556794864325,2.0,,True,False
2026-05-20,FCEL,VAL,0.5413471837914746,0.35247541943018335,-1.0733317999999998,,True,False
2026-05-20,GDXU,VAL,0.6496747235904227,0.6612720711320846,-0.4934585776367503,,True,False
2026-05-20,GH,VAL,0.29207849958503523,0.29324529724808795,2.0,,False,False
2026-05-20,INTW,VAL,0.3960978062029263,0.40036907178306574,-1.0290482198457316,,False,False
2026-05-20,IONL,VAL,0.4930150533382249,0.5197045150338463,2.0,,True,False
2026-05-20,IONX,VAL,0.24617845091972315,0.24767451049296318,-1.0482066356589148,,False,False
2026-05-20,IPGP,VAL,0.38380918613153236,0.368885673490443,-1.0705767960199004,,False,False
2026-05-20,IRE,VAL,0.6207011750077049,0.33609300740652226,2.0,,True,False
2026-05-20,IREX,VAL,0.4472435349300058,0.3547696070898304,2.0,,True,False
2026-05-20,KEYS,VAL,0.5127573374847634,0.3249903087895092,-1.104344329770992,,True,False
2026-05-20,KORU,VAL,0.2822713607944722,0.6165243190334737,0.6848240909729074,,False,False
2026-05-20,LABU,VAL,0.6438002219229916,0.5612951908528311,-1.0345158520128288,,True,False
2026-05-20,LABX,VAL,0.26835176755537193,0.1672586444649524,2.0,,False,False
2026-05-20,LINT,VAL,0.40401486313278745,0.41384359869754395,-1.213398234840931,,True,False
2026-05-20,LRCU,VAL,0.3854998851970962,0.33463261239370745,0.2029575438596481,,False,False
2026-05-20,LSCC,VAL,0.3186762042724861,0.33464627711339096,-1.0910137051428572,,False,False
2026-05-20,MLYS,VAL,0.43835308712000537,0.2003187758107377,-1.1010152861538465,,True,False
2026-05-20,MRVL,VAL,0.3166150363405275,0.2468259211929513,-1.074012935725938,,False,False
2026-05-20,MVLL,VAL,0.41499874989111674,0.426370310706319,-1.0491909584905663,,True,False
2026-05-20,NAIL,VAL,0.6060266325603078,0.5700461884431713,1.923932112676081,,True,False
2026-05-20,NEGG,VAL,0.5491527344953813,0.6208753594513101,-1.0689853440000032,,True,False
2026-05-20,NNE,VAL,0.5195676579348748,0.37655461354133246,-1.1171451714400962,,True,False
2026-05-20,NVTS,VAL,0.7789451300974173,0.5156277157549993,2.0,,True,False
2026-05-20,NVTX,VAL,0.4763232161544555,0.386420201656573,2.0,,True,False
2026-05-20,OILD,VAL,0.4323644705189574,0.30719504473285286,-1.2913246983529283,,True,False
2026-05-20,OKLO,VAL,0.6018874306917292,0.36684463875173773,2.0,,True,False
2026-05-20,PALU,VAL,0.6850759680362986,0.5265414588789533,0.3707533333333346,,True,False
2026-05-20,PPTA,VAL,0.6366501456023573,0.3762059707313886,2.0,,True,False
2026-05-20,QUIK,VAL,0.39110327755775326,0.31967570264021367,-1.0770834580645166,,False,False
2026-05-20,RH,VAL,0.6376597893477094,0.37627651730627854,2.0,,True,False
2026-05-20,RJET,VAL,0.5040215838127269,0.35581843375352296,2.0,,True,False
2026-05-20,RKLX,VAL,0.4613822572682196,0.3784414915376582,1.425622232142856,,True,False
2026-05-20,ROOT,VAL,0.4205417215980287,0.31882196053420364,-1.093050366197183,,True,False
2026-05-20,RVI,VAL,0.45664042032870134,0.476475203352234,-1.0509965025899068,,True,False
2026-05-20,RXO,VAL,0.4105165723905405,0.2948094501312275,2.0,,True,False
2026-05-20,SA,VAL,0.7047180419109923,0.1606708893591058,2.0,,True,False
2026-05-20,SGI,VAL,0.7485827242382912,0.4954964717403765,0.3353679075738178,,True,False
2026-05-20,SMCI,VAL,0.32739435519179544,0.25345512060734743,0.9965497297297312,,False,False
2026-05-20,SOXL,VAL,0.4841389161282044,0.0741825872030588,0.4880895017793584,,True,False
2026-05-20,TATT,VAL,0.4155642257887833,0.2852055699672119,-1.1071256000000005,,True,False
2026-05-20,TNA,VAL,0.7060466142937608,0.35857562719410285,-0.1287679262672794,,True,False
2026-05-20,UAL,VAL,0.44795629072702836,0.4666973332727309,0.6887722039473666,,True,False
2026-05-20,URTY,VAL,0.6587782485176298,0.3484852001304939,-0.0652836065573812,,True,False
2026-05-20,USAR,VAL,0.680873373061981,0.46253091529100804,0.7815394736842064,,True,False
2026-05-20,W,VAL,0.5359585862756553,0.4824874247580417,2.0,,True,False
2026-05-20,XE,VAL,0.3016461381446223,0.32911784102473085,-0.1179595918367365,,False,False
2026-05-20,XNDX,VAL,0.39572155416568966,0.06628523261279821,-1.080757153945667,,False,False
2026-05-21,AAOI,VAL,0.23725850838931195,0.30742762214305236,-1.0534719125113918,,False,False
2026-05-21,AAOX,VAL,0.178646409563757,0.08145205081665605,2.0,,False,True
2026-05-21,AAP,VAL,0.2670424301309266,0.3237203235105767,2.0,,False,False
2026-05-21,AEHR,VAL,0.3046356019062978,0.36960756889274177,-1.0896351719298245,,False,False
2026-05-21,ALMR,VAL,0.5273524562536187,0.49122355856128264,-1.3010548537313404,,True,False
2026-05-21,ALMU,VAL,0.5752669222123287,0.4378748115786209,-1.0496326674104732,,True,False
2026-05-21,AMWD,VAL,0.35670074839120663,0.42534959967695657,1.5711847761194209,,False,False
2026-05-21,APLD,VAL,0.4034147814725739,0.2814170284329814,2.0,,False,False
2026-05-21,APLX,VAL,0.4210036038780803,0.2959338306328509,2.0,,True,False
2026-05-21,APPX,VAL,0.408726972560885,0.4574360103755093,-1.2389094641509395,,True,False
2026-05-21,ARM,VAL,0.3056906535795461,0.264417693931648,2.0,,False,False
2026-05-21,ARMG,VAL,0.20027296956571283,0.36948971259287117,2.0,,False,True
2026-05-21,ASTS,VAL,0.6356677323147935,0.16340603864017342,2.0,,True,False
2026-05-21,AXTI,VAL,0.48463660609805115,0.3092942524768377,2.0,,True,False
2026-05-21,AXTX,VAL,0.34611278548755897,0.11141572360920772,2.0,,False,False
2026-05-21,BE,VAL,0.19333042905125686,0.22502245636090312,2.0,,False,True
2026-05-21,BEX,VAL,0.2754387473141938,0.35210842442511886,2.0,,False,False
2026-05-21,BIRK,VAL,0.38822209882312014,0.31637901480620434,-1.1214016842105254,,False,False
2026-05-21,BLLN,VAL,0.2936929131299577,0.29995171357091666,-1.116758917919074,,False,False
2026-05-21,CIFR,VAL,0.3751965040842605,0.3042829253218048,-1.102351199999999,,False,False
2026-05-21,COHX,VAL,0.5976018224254648,0.5621945865156536,2.0,,True,False
2026-05-21,CRDO,VAL,0.20273404514105034,0.31513623644595146,2.0,,False,True
2026-05-21,CRDU,VAL,0.14172523485397187,0.22516543670822173,-1.0708367952522255,,False,True
2026-05-21,DFTX,VAL,0.3982640745395879,0.16673179561127394,-1.105800704,,False,False
2026-05-21,DLLL,VAL,0.5810933983418514,0.19182713210781804,-1.062025465734266,,True,False
2026-05-21,DXYZ,VAL,0.14154860512539172,0.2533623608499467,2.0,,False,True
2026-05-21,ENPH,VAL,0.37450347451759364,0.2889486560860392,-1.0491053525600835,,False,False
2026-05-21,EVMN,VAL,0.3238629077174825,0.24122777933669243,-1.126467345454544,,False,False
2026-05-21,FCEL,VAL,0.2697769323112297,0.3335472219809269,2.0,,False,False
2026-05-21,FSLR,VAL,0.5513669666084012,0.46283829065299087,-1.061823942555438,,True,False
2026-05-21,GDXU,VAL,0.3165536436609723,0.4085875376007275,-1.0858416461538467,,False,False
2026-05-21,GGAL,VAL,0.5630796331470181,0.5161896861845078,0.6009594680851139,,True,False
2026-05-21,GH,VAL,0.6088922623235449,0.36826279714007004,-1.0883432895038043,,True,False
2026-05-21,GLWG,VAL,0.4635790678943537,0.5072045033725202,1.9654585365853656,,True,False
2026-05-21,HOV,VAL,0.8271774953197674,0.45055799786481027,2.0,,True,False
2026-05-21,IDR,VAL,0.42613441782002137,0.2567658649043403,0.1995444236092488,,True,False
2026-05-21,IMNM,VAL,0.4458995345680296,0.3537677027222397,2.0,,True,False
2026-05-21,IONL,VAL,0.18213095261217724,0.3368422956211766,2.0,,False,True
2026-05-21,IONQ,VAL,0.12946632566303096,0.08199826902383055,2.0,,False,True
2026-05-21,IONX,VAL,0.15904047651148173,0.2488541087948494,2.0,,False,True
2026-05-21,IRE,VAL,0.07602860174363117,0.08130658155152974,-1.036166732240437,,False,True
2026-05-21,IREG,VAL,0.48058792970757314,0.33906133945280365,-1.1773680564845788,,True,False
2026-05-21,IREN,VAL,0.2233223138604137,0.20461664370568008,-1.062701645174693,,False,True
2026-05-21,IREX,VAL,0.174452749770154,0.241413650176354,-1.1987872658436212,,False,True
2026-05-21,KORU,VAL,0.3643343830577573,0.7168438932865617,-1.3737358352475204,,False,False
2026-05-21,LASR,VAL,0.4683766726849763,0.28049412007332186,-1.076422968655557,,True,False
2026-05-21,LITE,VAL,0.13509919060973316,0.585904534660356,2.0,,False,True
2026-05-21,LITX,VAL,0.3545112875220379,0.4540841066242856,2.0,,False,False
2026-05-21,LNOK,VAL,0.45415451434416176,0.29493892016479184,-1.0987673858585865,,True,False
2026-05-21,MDA,VAL,0.46283647777561937,0.3332094387506126,-1.0862560849557514,,True,False
2026-05-21,MP,VAL,0.42963921752726886,0.2899071198327875,0.3781737804878016,,True,False
2026-05-21,MRAM,VAL,0.6218163245781836,0.39208219774282815,-1.0424313836582892,,True,False
2026-05-21,MUU,VAL,0.26143070728627177,0.2556907077733769,-1.0424689801753202,,False,False
2026-05-21,NAIL,VAL,0.35831527354305387,0.3860012362551452,-0.013397222222219,,False,False
2026-05-21,NBIG,VAL,0.32016253977921477,0.37264205394964345,-1.1134697005988086,,False,False
2026-05-21,NBIL,VAL,0.3201135509358228,0.19726269321507217,-0.2402051282051284,,False,False
2026-05-21,NBIS,VAL,0.25566442897786423,0.15424388101407852,-1.085573732899023,,False,False
2026-05-21,NEBX,VAL,0.21906570381979243,0.36901889731306525,-0.1286376661943311,,False,True
2026-05-21,NVTS,VAL,0.27055728987257777,0.31008175500306334,-1.0490834418006432,,False,False
2026-05-21,OCS,VAL,0.32233156448311395,0.32477864591353844,0.9438609859155068,,False,False
2026-05-21,OUST,VAL,0.3832348205573427,0.379142633683629,-1.1385418690213407,,False,False
2026-05-21,QBTS,VAL,0.3553935588876734,0.11922481597086942,-1.104397371428571,,False,False
2026-05-21,QCML,VAL,0.10107346108032185,0.367759513607839,-1.0565383887604485,,False,True
2026-05-21,QCOM,VAL,0.42008008062469754,0.4396673178573038,-1.1153159305936071,,True,False
2026-05-21,RJET,VAL,0.5677597223820723,0.42114766569754497,0.649408478260869,,True,False
2026-05-21,RKLX,VAL,0.2375408235247975,0.3518977185616037,-1.0410029556008145,,False,False
2026-05-21,SEDG,VAL,0.17173749091257304,0.2018086383413503,-1.0362791578947368,,False,True
2026-05-21,SHAZ,VAL,0.522021716578386,0.35113767374209953,-1.269832505806456,,True,False
2026-05-21,SNDK,VAL,0.24673038364304542,0.2600026494643592,2.0,,False,False
2026-05-21,SNDU,VAL,0.25314431829023915,0.4937187064277704,-1.0593669068968974,,False,False
2026-05-21,SNXX,VAL,0.3024781763675848,0.3672802236111645,2.0,,False,False
2026-05-21,SPOT,VAL,0.6814650629539514,0.48730018915088275,2.0,,True,False
2026-05-21,STRO,VAL,0.6933252861048251,0.33398530239090646,-1.0662806039016115,,True,False
2026-05-21,STX,VAL,0.12994440709349428,0.4092761676093552,2.0,,False,True
2026-05-21,SWMR,VAL,0.5611708414318585,0.5612329817301883,-1.0512937974025978,,True,False
2026-05-21,TSEM,VAL,0.24953285704369962,0.31006583267684124,-1.0957394706231454,,False,False
2026-05-21,TTMI,VAL,0.3298640027063644,0.26698066838067525,-1.1679314719248943,,False,False
2026-05-21,USAR,VAL,0.1161593064564442,0.2903040604322137,0.1859296018465105,,False,True
2026-05-21,USAX,VAL,0.3492549334846733,0.2674189415632649,-1.035479334946985,,False,False
2026-05-21,VCX,VAL,0.7070520931458829,0.6027393867740729,-1.055549896193772,,True,False
2026-05-21,VELO,VAL,0.6374851740603474,0.49022612573868857,-1.055864926074499,,True,False
2026-05-21,VPG,VAL,0.3215760791165951,0.33598498226499013,-1.1755659292307716,,False,False
2026-05-21,VSCO,VAL,0.3556299384427712,0.5421018560100399,-1.114883999999999,,False,False
2026-05-21,W,VAL,0.3334581058221166,0.4482259127473119,-1.1123328901408438,,False,False
2026-05-21,WGS,VAL,0.4570178985149084,0.36529195727784924,-0.3803585607940431,,True,False
2026-05-21,WYFI,VAL,0.49853489892002895,0.6460422018895494,2.0,,True,False
2026-05-21,XE,VAL,0.13034006455674327,0.24672168220732857,-1.081986690657439,,False,True
2026-05-22,AA,VAL,0.6879979524093435,0.34567760041253787,0.0438728571428575,,True,False
2026-05-22,AEVA,VAL,0.2593318210775224,0.19312608138579584,2.0,,False,False
2026-05-22,AOSL,VAL,0.5957284764431303,0.3895668025339886,-1.1510633113409103,,True,False
2026-05-22,ARM,VAL,0.4502360052171963,0.2549264209332603,-1.1032721982708942,,True,False
2026-05-22,ARMG,VAL,0.6020315671193017,0.3660563182855692,2.0,,True,False
2026-05-22,ASTS,VAL,0.6607442704543529,0.2772468950146244,2.0,,True,False
2026-05-22,ASTX,VAL,0.36490599569250814,0.46698953500128954,2.0,,False,False
2026-05-22,ATKR,VAL,0.2818103576488451,0.37220015640712467,-1.4771962216867618,,False,False
2026-05-22,AXTI,VAL,0.6865722803511985,0.6019366649421797,2.0,,True,False
2026-05-22,AXTX,VAL,0.42786561969984843,0.14274497716180362,2.0,,True,False
2026-05-22,BIRK,VAL,0.6325787836051331,0.43581164310875764,-1.1016282721649486,,True,False
2026-05-22,BRZE,VAL,0.4786857038168606,0.4113895143411542,-1.034969940425532,,True,False
2026-05-22,CENX,VAL,0.5699996447963115,0.4008839958820715,-1.0791168336842103,,True,False
2026-05-22,CLFD,VAL,0.36344645776158896,0.35996974563757245,-1.0864696888888885,,False,False
2026-05-22,CLSX,VAL,0.4376154946268084,0.3957616228887358,-1.0596580910425846,,True,False
2026-05-22,CMPR,VAL,0.5360731666670239,0.3272941695304764,0.200721666666669,,True,False
2026-05-22,CRDO,VAL,0.5956328397156962,0.2902183907105206,-1.033797420454513,,True,False
2026-05-22,CRDU,VAL,0.516725535847182,0.63342917760866,2.0,,True,False
2026-05-22,CTRN,VAL,0.39980040732566147,0.36638489554548165,-1.0624082285714282,,False,False
2026-05-22,FCEL,VAL,0.7830546838664719,0.4782032599748374,-1.0515987409836065,,True,False
2026-05-22,FEIM,VAL,0.5935326586835126,0.35838099301059895,1.4874939183673457,,True,False
2026-05-22,FIG,VAL,0.6073888046578807,0.3236647869580254,-1.0434111854356307,,True,False
2026-05-22,FIVN,VAL,0.39365277835694784,0.39515403586641673,-1.0853051,,False,False
2026-05-22,FLY,VAL,0.5035470679314873,0.46873910810994907,2.0,,True,False
2026-05-22,FTK,VAL,0.46222194297583813,0.2512570689631404,-1.0436327111111112,,True,False
2026-05-22,GDXD,VAL,0.6191594834946946,0.42082688932787365,-1.1957044129032248,,True,False
2026-05-22,GHRS,VAL,0.3918884722398684,0.5256264329977434,-1.060687928888889,,False,False
2026-05-22,HIMX,VAL,0.3025170536876911,0.39054694994094274,-1.118450157217722,,False,False
2026-05-22,IONL,VAL,0.2911171439906204,0.31257177283710263,-1.033477254054054,,False,False
2026-05-22,IONQ,VAL,0.6692536092077322,0.4039547607246663,-1.064135420689655,,True,False
2026-05-22,IONX,VAL,0.23604725984652616,0.24265812866076067,-1.032387167010309,,False,False
2026-05-22,JOBX,VAL,0.6056454026746089,0.5588551921364837,-1.3174748097560989,,True,False
2026-05-22,LEU,VAL,0.37169347192402286,0.3133032925324611,-1.0703032322061188,,False,False
2026-05-22,LNOK,VAL,0.31183782494760504,0.37866417798430396,2.0,,False,False
2026-05-22,LUNL,VAL,0.4440578065299581,0.20081473352709125,-1.1718098957419325,,True,False
2026-05-22,LUNR,VAL,0.7098805383898987,0.5170297809772622,-1.045441906933361,,True,False
2026-05-22,NNE,VAL,0.4821001640719517,0.30331950858772466,-1.0529679508235694,,True,False
2026-05-22,NTAP,VAL,0.26066693675500757,0.35889640459029337,2.0,,False,False
2026-05-22,NVTS,VAL,0.5990593738258649,0.35259060573939205,2.0,,True,False
2026-05-22,NVTX,VAL,0.2501121263635795,0.13771092880723346,2.0,,False,False
2026-05-22,ORCX,VAL,0.31334374287971634,0.3252392584573987,-1.051915691089109,,False,False
2026-05-22,OUST,VAL,0.3628423250229312,0.22992067603304797,-1.0411962514285715,,False,False
2026-05-22,P,VAL,0.3259913875051477,0.3429919050698896,2.0,,False,False
2026-05-22,PBT,VAL,0.19644427554571128,0.40410275665232226,-1.115059395419847,,False,True
2026-05-22,PENG,VAL,0.4436418319645285,0.4437754196122376,2.0,,True,False
2026-05-22,QCMU,VAL,0.5217373224751671,0.5907750730987676,2.0,,True,False
2026-05-22,QCOM,VAL,0.3729273609653344,0.27370795385189667,2.0,,False,False
2026-05-22,QRVO,VAL,0.4783579449433423,0.36262103672922313,-1.104136542372882,,True,False
2026-05-22,QUBX,VAL,0.4239473181764061,0.22665613380486793,-1.0416878869661852,,True,False
2026-05-22,RDWU,VAL,0.4111657971244623,0.16870295122701298,-1.0714702485826428,,True,False
2026-05-22,RKLB,VAL,0.7090198706464953,0.3814988389484958,-1.078737236714976,,True,False
2026-05-22,RKLX,VAL,0.6763649231750767,0.4774938283251787,-1.032455231044776,,True,False
2026-05-22,SHAZ,VAL,0.3634898466233798,0.39643590626092823,-1.0550989295774649,,False,False
2026-05-22,SMTC,VAL,0.3268766738973429,0.22314016691424518,-1.11742853818182,,False,False
2026-05-22,SNOU,VAL,0.26103700421718384,0.26289415073557015,-1.0668416,,False,False
2026-05-22,SPIR,VAL,0.5040881267926797,0.34432972059641503,0.11529333333333,,True,False
2026-05-22,SWKS,VAL,0.25330745822485456,0.24820134307594358,-1.1119175529411771,,False,False
2026-05-22,SWMR,VAL,0.6306898578951804,0.5360499956063499,-0.6281493421052653,,True,False
2026-05-22,TEAM,VAL,0.334301638948433,0.24184307959969875,-1.0394350635658915,,False,False
2026-05-22,USAX,VAL,0.5797914066197898,0.2909214003375949,-1.0646574473649104,,True,False
2026-05-22,VELO,VAL,0.6232509120711401,0.5328303096268439,-1.0685483599578505,,True,False
2026-05-22,VOYG,VAL,0.4090688098914323,0.19765388330819195,-1.1049637224489808,,True,False
2026-05-22,VSAT,VAL,0.6200496853819356,0.2981468875235539,-1.0709059883581855,,True,False
2026-05-22,VSH,VAL,0.3270795245380674,0.2509495629034257,0.4055308000000019,,False,False
2026-05-22,WING,VAL,0.297808067092325,0.2773824925421517,-1.0398159215686271,,False,False
2026-05-22,WOLF,VAL,0.32320305574677527,0.3941399616022418,-1.0320929462214412,,False,False
2026-05-26,AEHR,VAL,0.3828958639028976,0.3173928159798618,2.0,,False,False
2026-05-26,AMKR,VAL,0.2923631147484525,0.22888874935296116,-1.0929143000000006,,False,False
2026-05-26,AMRC,VAL,0.31326450187249283,0.23648772598286127,-1.06648725,,False,False
2026-05-26,AMWD,VAL,0.45367432633881577,0.5469161579625959,2.0,,True,False
2026-05-26,AOSL,VAL,0.6313790272265535,0.367017796545498,2.0,,True,False
2026-05-26,APPX,VAL,0.3798104968712747,0.30050088200206226,-1.176414287898091,,False,False
2026-05-26,ARXS,VAL,0.6179421524246127,0.41558404753113387,2.0,,True,False
2026-05-26,ASTS,VAL,0.3361415735491183,0.22932317936639598,2.0,,False,False
2026-05-26,ASTX,VAL,0.1927312045495887,0.2671676248488619,2.0,,False,True
2026-05-26,AVEX,VAL,0.7557153083971347,0.6069060807904301,-1.029476456338028,,True,False
2026-05-26,BKSY,VAL,0.38961118471868805,0.3246937002438265,-1.0433216690647482,,False,False
2026-05-26,BRUN,VAL,0.4884615637303661,0.4472502052038308,2.0,,True,False
2026-05-26,DAVE,VAL,0.34721711788737136,0.4298973238912441,0.5435514710252617,,False,False
2026-05-26,ELA,VAL,0.34965015280792994,0.2459209594492397,-1.0502107733333332,,False,False
2026-05-26,FCEL,VAL,0.43521873899495245,0.30940580155896846,-1.0332163754875838,,True,False
2026-05-26,FIGR,VAL,0.575894560949876,0.3828312818706166,-1.059547377777778,,True,False
2026-05-26,FLY,VAL,0.2814656546176807,0.32079220375412987,-1.0460377127516778,,False,False
2026-05-26,GRAL,VAL,0.4278790576304657,0.20462707824375362,-1.1050964800000005,,True,False
2026-05-26,GRPN,VAL,0.4886699859216865,0.44769927873568555,1.0668843624161075,,True,False
2026-05-26,HAWK,VAL,0.4323677321753455,0.49127945406325846,-1.0909944470588226,,True,False
2026-05-26,JOBX,VAL,0.5365464416883722,0.3671945751636583,-1.4324224675105517,,True,False
2026-05-26,JOYY,VAL,0.35992378222473853,0.294234854012293,-1.2135576000000037,,False,False
2026-05-26,KORU,VAL,0.46001246056013495,0.7763518817369238,-1.0983630802354922,,True,False
2026-05-26,LNOK,VAL,0.30964775151545126,0.45926166259976536,-1.130518390307225,,False,False
2026-05-26,MOG.A,VAL,0.37949194404711123,0.27719050516949256,-0.9452405022457104,,False,False
2026-05-26,MSTX,VAL,0.6303208015753728,0.3633151231577637,-1.1171653161290327,,True,False
2026-05-26,MU,VAL,0.33799540598947114,9.00617190123902e-06,2.0,,False,False
2026-05-26,MULL,VAL,0.31789196379878865,0.3104851045488741,2.0,,False,False
2026-05-26,MUU,VAL,0.2102438200590661,0.45482234131085003,2.0,,False,True
2026-05-26,NVTX,VAL,0.1562055473413969,0.0975291159902708,-1.0365988289676424,,False,True
2026-05-26,OUST,VAL,0.3228068888763579,0.09484309792669081,-1.041970081300813,,False,False
2026-05-26,PL,VAL,0.45197403330605096,0.21601886048058883,-1.0367145316455697,,True,False
2026-05-26,PLU,VAL,0.24183739597785467,0.2859954604525651,-1.1488812499999994,,False,False
2026-05-26,PRIM,VAL,0.3377647906142237,0.2875972229152679,1.1886983730158822,,False,False
2026-05-26,PSIX,VAL,0.5801365717404082,0.35794324234677777,-1.0973695145038167,,True,False
2026-05-26,QCML,VAL,0.3973751550063664,0.3432284692876392,-1.0493262109074946,,False,False
2026-05-26,RKLX,VAL,0.4907695797080453,0.37749521092626837,-1.084913825503356,,True,False
2026-05-26,RMBS,VAL,0.5450132052023448,0.4096911585402176,-1.0942540858447407,,True,False
2026-05-26,SEDG,VAL,0.710274935495659,0.5191737855882272,2.0,,True,False
2026-05-26,SMCX,VAL,0.4787099712281349,0.5474013708019879,-1.1181067200000003,,True,False
2026-05-26,SNDK,VAL,0.4000403792255281,0.26993951501982605,-1.090411068466109,,False,False
2026-05-26,SNXX,VAL,0.28732860072164496,0.30921742525339146,-1.0544219374407584,,False,False
2026-05-26,SOXL,VAL,0.46184348424463034,0.019687207399866662,2.0,,True,False
2026-05-26,SRRK,VAL,0.4245489619555251,0.23929117985751497,0.8808928476821113,,True,False
2026-05-26,STRO,VAL,0.8542928182863441,0.5839214466916631,-1.0625951384615384,,True,False
2026-05-26,TERG,VAL,0.5231274163620855,0.5280633533777381,-1.0584011428571427,,True,False
2026-05-26,TWST,VAL,0.33015378867217926,0.3557266682129872,0.2763570860927182,,False,False
2026-05-26,USGG,VAL,0.5212658065898619,0.34594978450293706,-1.1237011938461536,,True,False
2026-05-26,VICR,VAL,0.7188215283836572,0.493927610050125,-1.066391021415608,,True,False
2026-05-26,WIX,VAL,0.292079992922377,0.2873418749461305,-1.0388998554216868,,False,False
2026-05-26,WRBY,VAL,0.5170173018869202,0.43434736425405873,-1.1203699692307685,,True,False
2026-05-26,WULF,VAL,0.2726566306274455,0.14666505603313051,-1.0844803555555558,,False,False
2026-05-26,WULX,VAL,0.4708034848459453,0.5282038239748553,-1.407538671999999,,True,False
2026-05-26,WYFI,VAL,0.2740877788702636,0.34610774820582857,-1.036793009708738,,False,False
2026-05-26,XNDX,VAL,0.35783948624063916,0.3148388919791699,0.224351583333334,,False,False
2026-05-26,YSS,VAL,0.3956235013877685,0.46627262744457454,0.2240119587628868,,False,False
2026-05-27,AAOI,VAL,0.07439195637239392,0.23737564208137746,-0.0541002664796645,,False,True
2026-05-27,ALNT,VAL,0.7898237341801736,0.4568485288667609,0.2334268686868699,,True,False
2026-05-27,APP,VAL,0.08225031466892314,0.2531538012972958,2.0,,False,True
2026-05-27,APPX,VAL,0.2976972745384199,0.16418218265289228,-1.0788315045161292,,False,False
2026-05-27,BEAM,VAL,0.34190675459279884,0.2872631714632519,2.0,,False,False
2026-05-27,BETR,VAL,0.2828575609710741,0.2090113736558388,-1.0477088941176471,,False,False
2026-05-27,BMA,VAL,0.4476505045377141,0.2120740656712731,-0.0500407936507858,,True,False
2026-05-27,CBIO,VAL,0.6603647780592252,0.37119809989211133,-1.0474483376146788,,True,False
2026-05-27,CBRL,VAL,0.5865823974426384,0.2689275691434045,-1.1136500756756742,,True,False
2026-05-27,CBRS,VAL,0.368472140129372,0.28758132131307035,-1.054679489981785,,False,False
2026-05-27,CELH,VAL,0.5115706606956277,0.2973587105773226,-1.0714163171062547,,True,False
2026-05-27,CIFR,VAL,0.5325215710951251,0.4566224662973928,2.0,,True,False
2026-05-27,COHU,VAL,0.5304581922390447,0.38843695009173174,-1.0879261842647256,,True,False
2026-05-27,CRSP,VAL,0.47554050915266105,0.321835301288788,-1.1071255999999998,,True,False
2026-05-27,ELA,VAL,0.3979242673184191,0.31726926172498565,-1.2765574153846106,,False,False
2026-05-27,ELF,VAL,0.33845296224694543,0.33444414270265366,-1.0610726220240747,,False,False
2026-05-27,ENPH,VAL,0.2455088885567919,0.30098306218359205,-1.0564621189189194,,False,False
2026-05-27,FCEL,VAL,0.5128515751225378,0.5017636322444855,-1.0428209630188678,,True,False
2026-05-27,FEIM,VAL,0.5530585497589884,0.4518802841928484,-1.38212425620915,,True,False
2026-05-27,FLY,VAL,0.5688635764320132,0.3169300981187856,-1.1097035067669174,,True,False
2026-05-27,FLYT,VAL,0.19733117943488437,0.06748658070660327,-1.2864751794871807,,False,True
2026-05-27,GDXU,VAL,0.3480119446436042,0.22900175905652673,-1.0297646361774744,,False,False
2026-05-27,GRPN,VAL,0.1568902188585636,0.28125199632373377,-1.0473461333333334,,False,True
2026-05-27,HIMS,VAL,0.48222927177546066,0.24905884635117348,-1.081906767567567,,True,False
2026-05-27,HIMZ,VAL,0.23564968900557692,0.3885261594922576,-1.0344798231392778,,False,False
2026-05-27,HOOX,VAL,0.4314789060606908,0.24225205553700485,-1.049462784,,True,False
2026-05-27,IAC,VAL,0.6141099857849637,0.3311580686292934,-1.1167075555555548,,True,False
2026-05-27,IONQ,VAL,0.43910913502137094,0.32003770769518647,-1.09310794730539,,True,False
2026-05-27,IRE,VAL,0.2187456739992568,0.30650504817442825,-1.033078449612403,,False,True
2026-05-27,IREG,VAL,0.5011149383287087,0.4201563928431062,-1.2317851034482714,,True,False
2026-05-27,IREN,VAL,0.46652399365109526,0.2548258205186117,2.0,,True,False
2026-05-27,IREX,VAL,0.45493529898461715,0.3875857312083614,2.0,,True,False
2026-05-27,ITRN,VAL,0.3535481740045123,0.2696905404932458,-1.066898438095238,,False,False
2026-05-27,LABU,VAL,0.5974135809048516,0.3299828351506055,-1.142260088888882,,True,False
2026-05-27,LUNL,VAL,0.2504938299118982,0.006369609762358022,-1.0704048470588234,,False,False
2026-05-27,LUNR,VAL,0.5194433517686003,0.12007475838238198,-1.0992949557894731,,True,False
2026-05-27,MOS,VAL,0.43997563372018794,0.28803099468321375,-1.1241078755555547,,True,False
2026-05-27,NOW,VAL,0.457194270926651,0.30106185979255784,-1.1070124137931037,,True,False
2026-05-27,OUST,VAL,0.24538755689179814,0.2814966924520768,-1.1232934545454552,,False,False
2026-05-27,PRG,VAL,0.39480513419023633,0.1873867569854136,2.0,,False,False
2026-05-27,QBTX,VAL,0.2285205711768792,0.2042049674974669,-1.0746000000000002,,False,False
2026-05-27,QSU,VAL,0.25983684054172257,0.25042687292880844,-1.1717575164179108,,False,False
2026-05-27,RDDT,VAL,0.43638399605555983,0.3216356510434373,0.8164960650887575,,True,False
2026-05-27,RGTX,VAL,0.3614294299201144,0.34099107066013284,-1.0609233333333334,,False,False
2026-05-27,SEDG,VAL,0.41829595003898123,0.204401070991818,-1.044750723316062,,True,False
2026-05-27,SHAK,VAL,0.38188622143586265,0.45197772295672134,-1.1156723104477633,,False,False
2026-05-27,SPIR,VAL,0.6726054566070491,0.4261408737101666,-1.0952933709626844,,True,False
2026-05-27,SQM,VAL,0.5854388993380968,0.41001924197220496,2.0,,True,False
2026-05-27,SWMR,VAL,0.46763988833308867,0.2743746455911602,2.0,,True,False
2026-05-27,TITN,VAL,0.6818884712628737,0.31349650667312023,2.0,,True,False
2026-05-27,TTD,VAL,0.3309428945510336,0.23507333726869142,-1.1278539906976746,,False,False
2026-05-27,VGNT,VAL,0.4223470150553738,0.27676279374805157,0.6471276364427075,,True,False
2026-05-27,VICR,VAL,0.32842844056041853,0.3677578325689175,-1.1156916260869565,,False,False
2026-05-27,VOYG,VAL,0.16845029572746048,0.20726674495252462,-1.0289642589201642,,False,True
2026-05-27,VSAT,VAL,0.491081261632751,0.4564278794934012,-1.109990881720431,,True,False
2026-05-27,WDAY,VAL,0.40671024943412665,0.3894655014415428,-1.1141718390593212,,True,False
2026-05-27,WING,VAL,0.31498449437336173,0.4127940774405899,-1.046404058237548,,False,False
2026-05-27,YPF,VAL,0.45505841487185794,0.5250418021686571,1.332895151515141,,True,False
2026-05-28,AGQ,VAL,0.5064497417576638,0.35978358347276734,0.2884161157024874,,True,False
2026-05-28,ALAB,VAL,0.4611690470669626,0.2536077577171088,-1.0926606235317755,,True,False
2026-05-28,AMPX,VAL,0.5054502806592082,0.30634443892002383,-1.0736675,,True,False
2026-05-28,AOSL,VAL,0.28142583886535916,0.24173667315742034,-1.118447247058824,,False,False
2026-05-28,APP,VAL,0.3713268600625946,0.3599712905714738,-0.3325827126805784,,False,False
2026-05-28,APPX,VAL,0.3682627156077792,0.28554771303672616,2.0,,False,False
2026-05-28,ARM,VAL,0.2746236076637912,0.3469320356713106,2.0,,False,False
2026-05-28,ARMG,VAL,0.2090056579296118,0.4283284008322205,2.0,,False,True
2026-05-28,ARXS,VAL,0.3510602671971583,0.18822389088637428,-1.0953577890909083,,False,False
2026-05-28,AVEX,VAL,0.2690423279229298,0.2834006283999064,2.0,,False,False
2026-05-28,AXON,VAL,0.3414714701178076,0.39759529370106944,2.0,,False,False
2026-05-28,AZTA,VAL,0.5126604270458714,0.2892799280156777,2.0,,True,False
2026-05-28,BAIG,VAL,0.44035024603276784,0.44955776498829614,2.0,,True,False
2026-05-28,BOIL,VAL,0.4656075830618224,0.0714055053994337,2.0,,True,False
2026-05-28,BOT,VAL,0.22504787113214683,0.08572215878188769,-1.032751491588785,,False,False
2026-05-28,BRKR,VAL,0.303242060580277,0.24282295550604388,2.0,,False,False
2026-05-28,BRUN,VAL,0.3776816970723943,0.3068236405517403,0.6756341129032226,,False,False
2026-05-28,BRUNW,VAL,0.1916983291231837,0.08324646523121844,2.0,,False,True
2026-05-28,CBIO,VAL,0.4065448282976107,0.28160663946640885,-1.1019609846153855,,True,False
2026-05-28,CLSX,VAL,0.22591699153556782,0.13344919941647426,-1.7957957227722556,,False,False
2026-05-28,CRDU,VAL,0.18383059467320173,0.13496074732367508,-1.0707400516129026,,False,True
2026-05-28,CSIQ,VAL,0.32764838178254085,0.4767785598252524,2.0,,False,False
2026-05-28,ELIL,VAL,0.30847878714710036,0.3004924740167823,-1.3179527619047555,,False,False
2026-05-28,FIG,VAL,0.2711281855837914,0.1663270850603446,-1.107614976,,False,False
2026-05-28,FSLR,VAL,0.43672315049921734,0.3207064069253035,2.0,,True,False
2026-05-28,GDXU,VAL,0.3432030510274083,0.31303931978269633,-1.086665480299252,,False,False
2026-05-28,GRAL,VAL,0.5661288760032716,0.24116015063308435,2.0,,True,False
2026-05-28,HOOD,VAL,0.5764092868213632,0.2750688443548888,-1.106628266666666,,True,False
2026-05-28,HOOG,VAL,0.46642125654560307,0.18685091753428146,2.0,,True,False
2026-05-28,HOOW,VAL,0.16653605767738863,0.18369244096073323,-1.1190486260869563,,False,True
2026-05-28,HTFL,VAL,0.4170346436418751,0.3769119651378628,2.0,,True,False
2026-05-28,HUT,VAL,0.2669183493502656,0.22976822580155723,-1.1089642705882354,,False,False
2026-05-28,ICLR,VAL,0.1790645483849767,0.20414666676735269,2.0,,False,True
2026-05-28,IONL,VAL,0.3689372275476975,0.33098973103709384,-1.0403410329734462,,False,False
2026-05-28,IONQ,VAL,0.363547032139111,0.09944751873364677,2.0,,False,False
2026-05-28,IONX,VAL,0.2930723569889888,0.38711443136655516,-1.0422341494949496,,False,False
2026-05-28,IOT,VAL,0.3592512814231609,0.29796604598128756,1.999999999999988,,False,False
2026-05-28,IQV,VAL,0.649065257359689,0.3158031315224975,2.0,,True,False
2026-05-28,JNUG,VAL,0.25721294978617165,0.3570911099268885,-1.2652530333333225,,False,False
2026-05-28,JOBX,VAL,0.22863072768055867,0.24384370478606393,-1.276392882758617,,False,False
2026-05-28,KORU,VAL,0.1776653848400701,0.5327376167982009,-1.1126207914855866,,False,True
2026-05-28,LABX,VAL,0.14704285428028194,0.19871927906641376,0.6670528971962592,,False,True
2026-05-28,LLYX,VAL,0.38703173945026875,0.2561149731599594,2.0,,False,False
2026-05-28,MLAB,VAL,0.3197543336047689,0.2828009357045645,-1.0686391903614454,,False,False
2026-05-28,MLYS,VAL,0.3301691961204802,0.3697178024401482,-1.0721982439024391,,False,False
2026-05-28,MRCY,VAL,0.41659077671829803,0.28454791994126716,2.0,,True,False
2026-05-28,MRVU,VAL,0.45355202664116695,0.26467151003958855,-1.048198007361963,,True,False
2026-05-28,MSFU,VAL,0.5421795833646335,0.4113190546525611,-0.2861327397260268,,True,False
2026-05-28,MSTX,VAL,0.37315515522396586,0.14205127939255846,-1.123036288,,False,False
2026-05-28,MUX,VAL,0.6732474843790927,0.3809097532785197,-0.2225426086956567,,True,False
2026-05-28,MVLL,VAL,0.24101348404591225,0.21564971950268136,-1.0576548376134765,,False,False
2026-05-28,NET,VAL,0.41206994589982177,0.3160096485506082,0.7429204669260813,,True,False
2026-05-28,NNE,VAL,0.6406801954230179,0.26394481438927303,2.0,,True,False
2026-05-28,NTNX,VAL,0.23211659903985093,0.20575760861068604,-1.0354227240506328,,False,False
2026-05-28,NUTX,VAL,0.5387371807681893,0.2623876149608389,0.0738808544303751,,True,False
2026-05-28,OKLO,VAL,0.45094830385603285,0.2683017673703362,-1.094966657471264,,True,False
2026-05-28,PLTU,VAL,0.4490479956873268,0.33070328368713553,2.0,,True,False
2026-05-28,PS,VAL,0.43004964400434,0.19997267250629072,-1.5964302854468886,,True,False
2026-05-28,QBTS,VAL,0.5085749586592296,0.14988442954622777,0.6238507766990312,,True,False
2026-05-28,QBTX,VAL,0.38178526763442727,0.4414011051717373,-1.0636134545454543,,False,False
2026-05-28,QCML,VAL,0.32294739490277224,0.2630747521784911,-1.1217863614006076,,False,False
2026-05-28,QPUX,VAL,0.11311865152376276,0.2873845552940165,-1.252735266666669,,False,True
2026-05-28,RBRK,VAL,0.23962662537450077,0.28961875776254686,2.0,,False,False
2026-05-28,RDVT,VAL,0.34731536505303073,0.24056064948284214,-1.076764724260355,,False,False
2026-05-28,RDW,VAL,0.21688078814191986,0.582598513527865,-1.031868862203024,,False,True
2026-05-28,RGEN,VAL,0.3897699833508164,0.25560328840553403,2.0,,False,False
2026-05-28,RGTI,VAL,0.514623436082336,0.22386745247307713,2.0,,True,False
2026-05-28,RGTU,VAL,0.39318111171511455,0.31914570750706917,2.0,,False,False
2026-05-28,RGTX,VAL,0.2505888058535302,0.19789327167075002,2.0,,False,False
2026-05-28,RIOT,VAL,0.5647763280036049,0.1973785873479369,-0.3570495454545421,,True,False
2026-05-28,ROBN,VAL,0.5160591261675864,0.6181213884493012,-1.0543781953488371,,True,False
2026-05-28,SEZL,VAL,0.46042994287678995,0.2950100314972495,-1.0389223878441067,,True,False
2026-05-28,SHAZ,VAL,0.3336615934520382,0.217465479789035,-1.0687750347107434,,False,False
2026-05-28,SMCI,VAL,0.4773300367816602,0.16909191863749246,2.0,,True,False
2026-05-28,SMCX,VAL,0.26793320155983635,0.3931628976328378,-1.0600963720930232,,False,False
2026-05-28,SMST,VAL,0.2961545849449433,0.16708417685409807,-1.108675824390243,,False,False
2026-05-28,SNDK,VAL,0.41019669493303956,0.25053256111189826,-1.0489857748809224,,True,False
2026-05-28,SNDU,VAL,0.16663589005428975,0.4514536635840004,-0.1683726260504214,,False,True
2026-05-28,SNXX,VAL,0.16158970561914487,0.3952072968171462,2.0,,False,True
2026-05-28,SOUX,VAL,0.1760075420649918,0.35321868538650353,2.0,,False,True
2026-05-28,TEM,VAL,0.4234414622864192,0.19435372848759241,2.0,,True,False
2026-05-28,TWST,VAL,0.33915960630216585,0.2794756699067553,0.8114810503823668,,False,False
2026-05-28,TXG,VAL,0.3649854758708755,0.33300721871217437,2.0,,False,False
2026-05-28,U,VAL,0.3003840080768745,0.18221550906807346,2.0,,False,False
2026-05-28,UAL,VAL,0.5955735868984461,0.28428704054285814,-0.2420193258426964,,True,False
2026-05-28,UHAL,VAL,0.285574935495499,0.32363425062453743,1.5477574901960809,,False,False
2026-05-28,UHAL.B,VAL,0.4204942607474913,0.25280862722341246,-1.11780832,,True,False
2026-05-28,UPST,VAL,0.60742141218927,0.41973813009015476,-1.1260043733333345,,True,False
2026-05-28,USAR,VAL,0.6056142708534668,0.3300199437681218,-1.098189681437126,,True,False
2026-05-28,VCYT,VAL,0.5846720269133839,0.34081209814141417,2.0,,True,False
2026-05-28,VOYG,VAL,0.4002879703786995,0.29794625902535804,2.0,,False,False
2026-05-28,VSTL,VAL,0.3330361771062465,0.3029015235757262,-1.3772944925619712,,False,False
2026-05-28,WOLF,VAL,0.3805895572009317,0.12782275237923119,2.0,,False,False
2026-05-28,XNDX,VAL,0.23612823338862146,0.05831180371980361,-1.3060046666666747,,False,False
2026-05-28,ZETA,VAL,0.4309261486142133,0.2326468368698588,-0.4477908954477275,,True,False
2026-05-29,AEVA,VAL,0.2868757171904781,0.3462760381010853,-1.0553136683760682,,False,False
2026-05-29,ALKS,VAL,0.2823451218656934,0.2934839490758834,0.2707645454545556,,False,False
2026-05-29,ARMG,VAL,0.1826409435123284,0.2703862825918849,-1.0626062732692545,,False,True
2026-05-29,AVBP,VAL,0.33321159231596337,0.26487249040394767,-1.0909100151898734,,False,False
2026-05-29,BHYP,VAL,0.3949500096602208,0.4325844093341141,-1.087663288888888,,False,False
2026-05-29,BRKR,VAL,0.46736329002411203,0.3565444839217351,2.0,,True,False
2026-05-29,CLS,VAL,0.2989091631265437,0.3760104246816812,-1.11878226318785,,False,False
2026-05-29,COIN,VAL,0.6610316466528904,0.34217231620955757,-0.1442830583501043,,True,False
2026-05-29,CRCA,VAL,0.08696860059469616,0.2097937502483783,-1.0361576404040405,,False,True
2026-05-29,CRCL,VAL,0.645628452677334,0.3109943100456952,-1.108723483870968,,True,False
2026-05-29,CRDU,VAL,0.2287837808516053,0.38153753897957876,-1.2091863233660214,,False,False
2026-05-29,CRM,VAL,0.29059178589174506,0.32498525409180606,2.0,,False,False
2026-05-29,CRWD,VAL,0.26528246093383445,0.25288497779175106,2.0,,False,False
2026-05-29,CSEX,VAL,0.4470246455813356,0.28622188248179414,2.0,,True,False
2026-05-29,ESTC,VAL,0.3933071751362752,0.22933510614166983,2.0,,False,False
2026-05-29,ETOR,VAL,0.49553384130460754,0.4941209198672038,-1.0971025884698435,,True,False
2026-05-29,FIG,VAL,0.4392083185257539,0.15479040563674792,2.0,,True,False
2026-05-29,FIGG,VAL,0.40636300470933856,0.42330805816355377,-1.157318173107636,,True,False
2026-05-29,GDXU,VAL,0.139576548323335,0.4776799295180173,0.2568413636363646,,False,True
2026-05-29,GHRS,VAL,0.3908557908046076,0.3275877499714697,-1.1463905230769145,,False,False
2026-05-29,HOOD,VAL,0.5252279844143409,0.2642599812626797,2.0,,True,False
2026-05-29,HOOY,VAL,0.20188034733160987,0.3647693724883256,-1.427383999999993,,False,True
2026-05-29,HUBS,VAL,0.5908013936691372,0.3078661798689618,2.0,,True,False
2026-05-29,INOD,VAL,0.25652460310506364,0.32318920924289396,-1.0698919111111111,,False,False
2026-05-29,JNUG,VAL,0.3305493780708983,0.4116951268405545,0.430940585106387,,False,False
2026-05-29,MSTR,VAL,0.7159123532310437,0.4801517469690193,0.7642109056603864,,True,False
2026-05-29,NTNX,VAL,0.17609930659109266,0.281753534802391,0.2279567142857145,,False,True
2026-05-29,NUGT,VAL,0.38323014162119284,0.5620013272905876,-1.0493921651105649,,False,False
2026-05-29,ORCU,VAL,0.23939666430937923,0.23819576004100002,2.0,,False,False
2026-05-29,ORCX,VAL,0.09007817742664335,0.278418721133134,-1.0473814992592594,,False,True
2026-05-29,OUST,VAL,0.37506491654019486,0.4020821357804937,-1.0837871030303026,,False,False
2026-05-29,P,VAL,0.48508591121315037,0.423131823290868,-1.0932093090909096,,True,False
2026-05-29,PANW,VAL,0.2650550987090392,0.2913527083551988,2.0,,False,False
2026-05-29,PLTR,VAL,0.236121655506096,0.32338412909367265,-0.2555275720164597,,False,False
2026-05-29,PLTW,VAL,0.2129914504284168,0.31521447584724954,-0.5465017073170799,,False,True
2026-05-29,PLTY,VAL,0.3111385887609274,0.359349110149741,-0.325304801459857,,False,False
2026-05-29,PRGS,VAL,0.3615706088933215,0.31578086097878777,0.3166600000000131,,False,False
2026-05-29,QCML,VAL,0.18276394519876507,0.3626291544784173,-1.057479394957986,,False,True
2026-05-29,QCMU,VAL,0.1671259900444987,0.4697239101793278,-1.039357594771242,,False,True
2026-05-29,RBRK,VAL,0.2237036792282362,0.30062499067053494,1.606665016501653,,False,False
2026-05-29,RDTL,VAL,0.19440567366620995,0.18126841382589706,2.0,,False,True
2026-05-29,RDVT,VAL,0.27822876309231825,0.19706819863679403,-1.1134311344262295,,False,False
2026-05-29,RDWU,VAL,0.4686649906380339,0.04134364152176401,-1.035557844311377,,True,False
2026-05-29,SA,VAL,0.6251627982017168,0.41033199022632594,-1.0917621216848608,,True,False
2026-05-29,SMCL,VAL,0.13341188284664116,0.16796197936382168,-1.839672271515156,,False,True
2026-05-29,SNOU,VAL,0.23833265404271015,0.3484267351871658,-1.0525691914893611,,False,False
2026-05-29,SNOW,VAL,0.3868113545799106,0.3844761609697113,-1.068973721718932,,False,False
2026-05-29,THYP,VAL,0.2924371816415026,0.30410625274143593,-1.0733966163934427,,False,False
2026-05-29,TRNS,VAL,0.337318717048847,0.30472392421292605,0.5793855399061072,,False,False
2026-05-29,WIX,VAL,0.4689672277416702,0.4621602405123084,-1.1193916884955757,,True,False
2026-05-29,ZETA,VAL,0.11923019636301618,0.12826643683268146,2.0,,False,True
